No.,Original No.,Page,Source PDF,Source Path,Question,Passage Reference,Question Image Reference,Choice A,Choice A Image Reference,Choice B,Choice B Image Reference,Choice C,Choice C Image Reference,Choice D,Choice D Image Reference,Choice E,Choice E Image Reference,Correct Answer,Explanation,LET Exam Type,Subject Area,Topic,Difficulty,Has Image,Duplicate Of,Confidence,Status,Notes
1,101,1,BSED English Part1.pdf,/Users/lyndon/All reviewers/Sept2026_LET Reviewer Files/L. BSED - English-/BSED English Part1.pdf,The poetry of Ezia Pound is best described,,,Philosophical,,Imagist,,Metaphysical,,Romantic,,,,B,Answer key: B,LET Secondary,English,Literature,3,No,,0.98,Ready for Upload,Path and PDF header indicate BSED/Secondary English major. Correct answer sourced from source PDF answer key.
2,102,1,BSED English Part1.pdf,/Users/lyndon/All reviewers/Sept2026_LET Reviewer Files/L. BSED - English-/BSED English Part1.pdf,"To punish himself for murdering his father and having sexual relations with his mother, what did Oedipus do?",,,He castrated himself,,He killed himself,,He ordered his sons to murder him,,He gouged his eyes,,,,D,Answer key: D,LET Secondary,English,English,3,No,,0.98,Ready for Upload,Path and PDF header indicate BSED/Secondary English major. Correct answer sourced from source PDF answer key.
3,103,1,BSED English Part1.pdf,/Users/lyndon/All reviewers/Sept2026_LET Reviewer Files/L. BSED - English-/BSED English Part1.pdf,What can be inferred from Iseneses “answer”?,,,She respects Creon,,She fears Creon,,She understands Creon,,She likes Creon,,,,B,Answer key: B,LET Secondary,English,Reading Comprehension,3,No,,0.98,Ready for Upload,Path and PDF header indicate BSED/Secondary English major. Correct answer sourced from source PDF answer key.
4,104,1,BSED English Part1.pdf,/Users/lyndon/All reviewers/Sept2026_LET Reviewer Files/L. BSED - English-/BSED English Part1.pdf,Who is NOT a romantic poet?,,,William Blake,,John Milton,,Robert,,John Keats,,,,B,Answer key: B,LET Secondary,English,Literature,3,No,,0.98,Ready for Upload,Path and PDF header indicate BSED/Secondary English major. Correct answer sourced from source PDF answer key.
5,105,1,BSED English Part1.pdf,/Users/lyndon/All reviewers/Sept2026_LET Reviewer Files/L. BSED - English-/BSED English Part1.pdf,The playwright who used the “alienation effect” in his plays to educate the audience and not merely to play upon their emotion is .,,,Herick Ibsen,,August Strendberg,,Bertolt Brecht,,Thomas Mann,,,,B,Answer key: B,LET Secondary,English,Literature,3,No,,0.98,Ready for Upload,Path and PDF header indicate BSED/Secondary English major. Correct answer sourced from source PDF answer key.
6,106,1,BSED English Part1.pdf,/Users/lyndon/All reviewers/Sept2026_LET Reviewer Files/L. BSED - English-/BSED English Part1.pdf,"To read the sentences below at the LITERAL LEVEL: I could be forgiven a few siddity aris. In fact, a pretension to worldiness was expected of me, and I was too happy to disappoint. I should say",,,When the women returned home she pretended to be religious,,"And, why does she need to pretend?",,I have to get a dictionary to look up an unfamiliar word siddity,,I cannot understand why she has to use unfamiliar words.,,,,C,Answer key: C,LET Secondary,English,Grammar,3,No,,0.98,Ready for Upload,Path and PDF header indicate BSED/Secondary English major. Correct answer sourced from source PDF answer key.
7,107,1,BSED English Part1.pdf,/Users/lyndon/All reviewers/Sept2026_LET Reviewer Files/L. BSED - English-/BSED English Part1.pdf,The Maranao stories about Pilandok are examples of .,,,Fantastic stories,,Creation myths,,Folk tales,,Folk epics,,,,C,Answer key: C,LET Secondary,English,English,3,No,,0.98,Ready for Upload,Path and PDF header indicate BSED/Secondary English major. Correct answer sourced from source PDF answer key.
8,108,1,BSED English Part1.pdf,/Users/lyndon/All reviewers/Sept2026_LET Reviewer Files/L. BSED - English-/BSED English Part1.pdf,Which of the following epic is about the exploits of early Muslim warriors who fought in defense of Islam?,,,Indarapatra and Sulayman,,Bantugan,,Parang Sabu,,Darangan,,,,D,Answer key: D,LET Secondary,English,English,3,No,,0.98,Ready for Upload,Path and PDF header indicate BSED/Secondary English major. Correct answer sourced from source PDF answer key.
9,109,1,BSED English Part1.pdf,/Users/lyndon/All reviewers/Sept2026_LET Reviewer Files/L. BSED - English-/BSED English Part1.pdf,Which book in the New Testament includes a vision of the end of the world and the second coming of Jesus?,,,Epistle of Hebrews,,Revelations,,Epistle of James,,Colossians,,,,B,Answer key: B,LET Secondary,English,English,3,No,,0.98,Ready for Upload,Path and PDF header indicate BSED/Secondary English major. Correct answer sourced from source PDF answer key.
10,110,1,BSED English Part1.pdf,/Users/lyndon/All reviewers/Sept2026_LET Reviewer Files/L. BSED - English-/BSED English Part1.pdf,"Which of the following terms describes the subject matter, style, tone and attitude of the literature of ancient Greek and Rome?",,,Romanticism,,Realism,,Classicism,,Naturalism,,,,C,Answer key: C,LET Secondary,English,Literature,3,No,,0.98,Ready for Upload,Path and PDF header indicate BSED/Secondary English major. Correct answer sourced from source PDF answer key.
11,111,1,BSED English Part1.pdf,/Users/lyndon/All reviewers/Sept2026_LET Reviewer Files/L. BSED - English-/BSED English Part1.pdf,The Greek alphabet is adapted from the consonantal writing developed by the,,,Phoenicians,,Assyrians,,Babylonians,,Hebrews,,,,A,Answer key: A,LET Secondary,English,Discourse and Writing,3,No,,0.98,Ready for Upload,Path and PDF header indicate BSED/Secondary English major. Correct answer sourced from source PDF answer key.
12,112,1,BSED English Part1.pdf,/Users/lyndon/All reviewers/Sept2026_LET Reviewer Files/L. BSED - English-/BSED English Part1.pdf,Which of the following is Carlos Bulosan’s celebrated autobiography?,,,Falling Leaves,,The laughter of My Father,,America is in the Heart,,Footnote to Youth,,,,C,Answer key: C,LET Secondary,English,English,3,No,,0.98,Ready for Upload,Path and PDF header indicate BSED/Secondary English major. Correct answer sourced from source PDF answer key.
13,113,1,BSED English Part1.pdf,/Users/lyndon/All reviewers/Sept2026_LET Reviewer Files/L. BSED - English-/BSED English Part1.pdf,"The type of novel which became popular, in the 18th century is .",,,Religious,,Picaresque,,Epistolary,,Gothic,,,,B,Answer key: B,LET Secondary,English,Literature,3,No,,0.98,Ready for Upload,Path and PDF header indicate BSED/Secondary English major. Correct answer sourced from source PDF answer key.
14,114,1,BSED English Part1.pdf,/Users/lyndon/All reviewers/Sept2026_LET Reviewer Files/L. BSED - English-/BSED English Part1.pdf,Who died at the end of Iliad?,,,Achilles,,Agamemnon,,Menelaus,,Ballad,,,,D,Answer key: D,LET Secondary,English,English,3,No,,0.98,Ready for Upload,Path and PDF header indicate BSED/Secondary English major. Correct answer sourced from source PDF answer key.
15,115,2,BSED English Part1.pdf,/Users/lyndon/All reviewers/Sept2026_LET Reviewer Files/L. BSED - English-/BSED English Part1.pdf,Which of the following is NOT a lyric poem?,,,Ode,,Sonnet,,Elegy,,Ballad,,,,D,Answer key: D,LET Secondary,English,Literature,3,No,,0.98,Ready for Upload,Path and PDF header indicate BSED/Secondary English major. Correct answer sourced from source PDF answer key.
16,116,2,BSED English Part1.pdf,/Users/lyndon/All reviewers/Sept2026_LET Reviewer Files/L. BSED - English-/BSED English Part1.pdf,The most authentic record of Confucian teaching form which the Tao or Way was learned the correct principles of governing both self and state is .,,,Tu Fu,,Analects,,Shih Ching,,Tao-te Ching,,,,B,Answer key: B,LET Secondary,English,English Language Teaching,3,No,,0.98,Ready for Upload,Path and PDF header indicate BSED/Secondary English major. Correct answer sourced from source PDF answer key.
17,117,2,BSED English Part1.pdf,/Users/lyndon/All reviewers/Sept2026_LET Reviewer Files/L. BSED - English-/BSED English Part1.pdf,What literacy movement in American literature examines life as it is?,,,Romanticism,,Realism,,Puritanism,,Naturalism,,,,B,Answer key: B,LET Secondary,English,Literature,3,No,,0.98,Ready for Upload,Path and PDF header indicate BSED/Secondary English major. Correct answer sourced from source PDF answer key.
18,118,2,BSED English Part1.pdf,/Users/lyndon/All reviewers/Sept2026_LET Reviewer Files/L. BSED - English-/BSED English Part1.pdf,“The Tale of Genji” was written by .,,,Akutagawa Ryunosuki,,Lady Murasoki Shokibu,,Kawabata Syaonari,,Lady Murasaka,,,,D,Answer key: D,LET Secondary,English,English,3,No,,0.98,Ready for Upload,Path and PDF header indicate BSED/Secondary English major. Correct answer sourced from source PDF answer key.
19,119,2,BSED English Part1.pdf,/Users/lyndon/All reviewers/Sept2026_LET Reviewer Files/L. BSED - English-/BSED English Part1.pdf,Madame Bovary is considered as the best example of French .,,,Realism,,Naturalism,,Existentialism,,Symbolism,,,,A,Answer key: A,LET Secondary,English,English,3,No,,0.98,Ready for Upload,Path and PDF header indicate BSED/Secondary English major. Correct answer sourced from source PDF answer key.
20,120,2,BSED English Part1.pdf,/Users/lyndon/All reviewers/Sept2026_LET Reviewer Files/L. BSED - English-/BSED English Part1.pdf,What is the English translation of Rabindranath Tagore’s “Gitanjail”,,,Patriotic Hymns,,Devotional Songs,,Song of Offerings,,Songs Caesar,,,,C,Answer key: C,LET Secondary,English,English,3,No,,0.98,Ready for Upload,Path and PDF header indicate BSED/Secondary English major. Correct answer sourced from source PDF answer key.
21,121,2,BSED English Part1.pdf,/Users/lyndon/All reviewers/Sept2026_LET Reviewer Files/L. BSED - English-/BSED English Part1.pdf,Who of the following Romans was never emperor?,,,Catullus,,Claudius,,Caligula,,Juluis Caesar,,,,D,Answer key: D,LET Secondary,English,English,3,No,,0.98,Ready for Upload,Path and PDF header indicate BSED/Secondary English major. Correct answer sourced from source PDF answer key.
22,122,2,BSED English Part1.pdf,/Users/lyndon/All reviewers/Sept2026_LET Reviewer Files/L. BSED - English-/BSED English Part1.pdf,Which is NOT a work of Leo Tolstoy?,,,Father and Sons,,The Death of Ivan Illyach,,War and Peace – Tolstoy,,Anna Karenina,,,,A,Answer key: A,LET Secondary,English,English,3,No,,0.98,Ready for Upload,Path and PDF header indicate BSED/Secondary English major. Correct answer sourced from source PDF answer key.
23,123,2,BSED English Part1.pdf,/Users/lyndon/All reviewers/Sept2026_LET Reviewer Files/L. BSED - English-/BSED English Part1.pdf,"Which of the following cities was NOT a center of government, religion and culture in the third millennium B.C.?",,,Babylon,,Baghdad,,Nineveh,,Thebes,,,,B,Answer key: B,LET Secondary,English,English,3,No,,0.98,Ready for Upload,Path and PDF header indicate BSED/Secondary English major. Correct answer sourced from source PDF answer key.
24,124,2,BSED English Part1.pdf,/Users/lyndon/All reviewers/Sept2026_LET Reviewer Files/L. BSED - English-/BSED English Part1.pdf,Who among these writers is famous for using local color in his stories?,,,Manuel Arguilla,,Carlos Bulosan,,F. Sionel Jose,,Juan,,,,A,Answer key: A,LET Secondary,English,English,3,No,,0.98,Ready for Upload,Path and PDF header indicate BSED/Secondary English major. Correct answer sourced from source PDF answer key.
25,125,2,BSED English Part1.pdf,/Users/lyndon/All reviewers/Sept2026_LET Reviewer Files/L. BSED - English-/BSED English Part1.pdf,What narrative poem tells of the heroic exploits of great heroes?,,,Romance,,Ballad,,Epic,,Lyric,,,,C,Answer key: C,LET Secondary,English,Literature,3,No,,0.98,Ready for Upload,Path and PDF header indicate BSED/Secondary English major. Correct answer sourced from source PDF answer key.
26,126,2,BSED English Part1.pdf,/Users/lyndon/All reviewers/Sept2026_LET Reviewer Files/L. BSED - English-/BSED English Part1.pdf,"If Divine Comedy is characterized by absolute faith in a single truth, what best characterizes Boccaccio’s Decameron?",,,An equally devout reference for this truth,,A complete negation of Christian doctrine,,Characteristics of the merchant class,,A sexual libertinism that seeks to revive the great pleasures of Ancient Rome,,,,B,Answer key: B,LET Secondary,English,English,3,No,,0.98,Ready for Upload,Path and PDF header indicate BSED/Secondary English major. Correct answer sourced from source PDF answer key.
27,127,2,BSED English Part1.pdf,/Users/lyndon/All reviewers/Sept2026_LET Reviewer Files/L. BSED - English-/BSED English Part1.pdf,"Time is a pair scissors And life, a bolt of brocade When the lost section is done The scraps are committed to a bonfire The key idea expressed in the stanza above is the .",,,Transitoriness of life,,Cruelty of time,,Beauty of life,,Destruction of beauty,,,,B,Answer key: B,LET Secondary,English,English,3,No,,0.98,Ready for Upload,Path and PDF header indicate BSED/Secondary English major. Correct answer sourced from source PDF answer key.
28,128,2,BSED English Part1.pdf,/Users/lyndon/All reviewers/Sept2026_LET Reviewer Files/L. BSED - English-/BSED English Part1.pdf,Which of the following literacy genre was used to express social protest during the early days of American regime?,,,Zarsuela,,Comedia,,Cenaculo,,Duplo,,,,A,Answer key: A,LET Secondary,English,English,3,No,,0.98,Ready for Upload,Path and PDF header indicate BSED/Secondary English major. Correct answer sourced from source PDF answer key.
29,129,2,BSED English Part1.pdf,/Users/lyndon/All reviewers/Sept2026_LET Reviewer Files/L. BSED - English-/BSED English Part1.pdf,"In Homer’s epic, who kept Odysseus on her Island for seven years?",,,Athena,,Calypso,,Helen,,Penelope,,,,B,Answer key: B,LET Secondary,English,English,3,No,,0.98,Ready for Upload,Path and PDF header indicate BSED/Secondary English major. Correct answer sourced from source PDF answer key.
30,130,2,BSED English Part1.pdf,/Users/lyndon/All reviewers/Sept2026_LET Reviewer Files/L. BSED - English-/BSED English Part1.pdf,Who wrote “Mga Ibong Mandaragat”?,,,Amado V. Hernandez,,Lualhati Bautista,,Virgilio Almario,,Edgardo Reyes,,,,A,Answer key: A,LET Secondary,English,English,3,No,,0.98,Ready for Upload,Path and PDF header indicate BSED/Secondary English major. Correct answer sourced from source PDF answer key.
31,131,3,BSED English Part1.pdf,/Users/lyndon/All reviewers/Sept2026_LET Reviewer Files/L. BSED - English-/BSED English Part1.pdf,A distinct of poetry during the age of modernism is .,,,Measure,,Blank verse,,Free verse,,Rhyme,,,,C,Answer key: C,LET Secondary,English,Literature,3,No,,0.98,Ready for Upload,Path and PDF header indicate BSED/Secondary English major. Correct answer sourced from source PDF answer key.
32,132,3,BSED English Part1.pdf,/Users/lyndon/All reviewers/Sept2026_LET Reviewer Files/L. BSED - English-/BSED English Part1.pdf,Her way of speaking is as entertaining as a laundry list “is an example of .,,,Simile,,Metaphor,,Hyperbole,,Onomatopoeia,,,,A,Answer key: A,LET Secondary,English,English,3,No,,0.98,Ready for Upload,Path and PDF header indicate BSED/Secondary English major. Correct answer sourced from source PDF answer key.
33,133,3,BSED English Part1.pdf,/Users/lyndon/All reviewers/Sept2026_LET Reviewer Files/L. BSED - English-/BSED English Part1.pdf,Which short narrative poem is intended to be sung?,,,Ballad,,Lyric,,Epic,,Romance,,,,A,Answer key: A,LET Secondary,English,Literature,3,No,,0.98,Ready for Upload,Path and PDF header indicate BSED/Secondary English major. Correct answer sourced from source PDF answer key.
34,134,3,BSED English Part1.pdf,/Users/lyndon/All reviewers/Sept2026_LET Reviewer Files/L. BSED - English-/BSED English Part1.pdf,What is the usual ending of a Comedia?,,,Death of the prince,,Victory of Muslims,,Death of the queen,,Victory of Christians,,,,D,Answer key: D,LET Secondary,English,English,3,No,,0.98,Ready for Upload,Path and PDF header indicate BSED/Secondary English major. Correct answer sourced from source PDF answer key.
35,135,3,BSED English Part1.pdf,/Users/lyndon/All reviewers/Sept2026_LET Reviewer Files/L. BSED - English-/BSED English Part1.pdf,The period of American Renaissance gave birth to.,,,Romanticism,,Naturalism,,Transcendentalism,,Realism,,,,C,Answer key: C,LET Secondary,English,English,3,No,,0.98,Ready for Upload,Path and PDF header indicate BSED/Secondary English major. Correct answer sourced from source PDF answer key.
36,136,3,BSED English Part1.pdf,/Users/lyndon/All reviewers/Sept2026_LET Reviewer Files/L. BSED - English-/BSED English Part1.pdf,"“Yes, thou shalt die, And lie Dump in the tomb; Nor of thy name Shall these be any fame” =To An Uncultured Lesbian Woman= =Sappho= What does the person tell the lesbian woman about her death?",,,She will not be famous in death,,She will find peace,,She will be placed in a tomb,,She will be forgotten,,,,D,Answer key: D,LET Secondary,English,English,3,No,,0.98,Ready for Upload,Path and PDF header indicate BSED/Secondary English major. Correct answer sourced from source PDF answer key.
37,137,3,BSED English Part1.pdf,/Users/lyndon/All reviewers/Sept2026_LET Reviewer Files/L. BSED - English-/BSED English Part1.pdf,The Ifugao hero who was immortalized in the epic Hudhud is _.,,,Lumawig,,Duluyan,,Banna,,Aligayon,,,,D,Answer key: D,LET Secondary,English,English,3,No,,0.98,Ready for Upload,Path and PDF header indicate BSED/Secondary English major. Correct answer sourced from source PDF answer key.
38,138,3,BSED English Part1.pdf,/Users/lyndon/All reviewers/Sept2026_LET Reviewer Files/L. BSED - English-/BSED English Part1.pdf,Who among the following is known as the Indian Shakespeare?,,,Kalidasa,,Khagyam,,Tagore,,Sadi,,,,A,Answer key: A,LET Secondary,English,Literature,3,No,,0.98,Ready for Upload,Path and PDF header indicate BSED/Secondary English major. Correct answer sourced from source PDF answer key.
39,139,3,BSED English Part1.pdf,/Users/lyndon/All reviewers/Sept2026_LET Reviewer Files/L. BSED - English-/BSED English Part1.pdf,What conventions or earlier literary and artistic cycle style do both realism and naturalism oppose?,,,Classicism,,Romanticism,,Symbolism,,Neoclassicism,,,,B,Answer key: B,LET Secondary,English,Literature,3,No,,0.98,Ready for Upload,Path and PDF header indicate BSED/Secondary English major. Correct answer sourced from source PDF answer key.
40,140,3,BSED English Part1.pdf,/Users/lyndon/All reviewers/Sept2026_LET Reviewer Files/L. BSED - English-/BSED English Part1.pdf,What work of Geoffrey Chaucer is regarded as the first collection of short stories in English literature written in poetic form?,,,Canterburry Tales,,Decaeron,,Iliad,,Beowulf,,,,A,Answer key: A,LET Secondary,English,Literature,3,No,,0.98,Ready for Upload,Path and PDF header indicate BSED/Secondary English major. Correct answer sourced from source PDF answer key.
41,141,3,BSED English Part1.pdf,/Users/lyndon/All reviewers/Sept2026_LET Reviewer Files/L. BSED - English-/BSED English Part1.pdf,The Homeric poems greatly influenced the development of Greek civilization. Which of the following best supports this statement?,,,The Greek became great warriors,,The great epic characters became models of conduct for later generations of the Greeks,,The Olympian gods were worshipped,,The Greek became good architects,,,,B,Answer key: B,LET Secondary,English,Literature,3,No,,0.98,Ready for Upload,Path and PDF header indicate BSED/Secondary English major. Correct answer sourced from source PDF answer key.
42,142,3,BSED English Part1.pdf,/Users/lyndon/All reviewers/Sept2026_LET Reviewer Files/L. BSED - English-/BSED English Part1.pdf,What is the function of the Filipino folk narratives?,,,To ward off evil spirits,,To explain natural phenomena,,To teach proper behavior,,To honor the gods,,,,B,Answer key: B,LET Secondary,English,English,3,No,,0.98,Ready for Upload,Path and PDF header indicate BSED/Secondary English major. Correct answer sourced from source PDF answer key.
43,143,3,BSED English Part1.pdf,/Users/lyndon/All reviewers/Sept2026_LET Reviewer Files/L. BSED - English-/BSED English Part1.pdf,Which of the following best describes the differences between figures that Dante encounters in the three canticles of the Divine Comedy?,,,"In Inferno, they become more corporeal as Dante descends in the lower circles",,"In Purgatorio, they have corporeal shape but not corporeal",,"In Paradiso, they have neither boodles nor images but simply lights, and In Purgatorio they have corporeal shape but not corporeal substance and Inferno, they become more corporeal as Dante descends into the lower circles",,"In Paradiso, they have neither bodies nor images but not corporeal substance",,,,C,Answer key: C,LET Secondary,English,English,3,No,,0.98,Ready for Upload,Path and PDF header indicate BSED/Secondary English major. Correct answer sourced from source PDF answer key.
44,144,4,BSED English Part1.pdf,/Users/lyndon/All reviewers/Sept2026_LET Reviewer Files/L. BSED - English-/BSED English Part1.pdf,Which two groups are at war in the Iliad?,,,Trojans and Macedonians,,Trojans and Achaens,,Trojans and Minoans,,Trojans and Phaeacians,,,,B,Answer key: B,LET Secondary,English,English,3,No,,0.98,Ready for Upload,Path and PDF header indicate BSED/Secondary English major. Correct answer sourced from source PDF answer key.
45,145,4,BSED English Part1.pdf,/Users/lyndon/All reviewers/Sept2026_LET Reviewer Files/L. BSED - English-/BSED English Part1.pdf,"AFRICA Africa, my Africa Africa or proud warriors In ancestral savanna Africa of whom my grandmother sings -David Diop These lines above describe as Africa that is .",,,Free and beautiful,,Mysterious and unexplored,,War town and undeveloped,,Primitive and uncivilized,,,,B,Answer key: B,LET Secondary,English,English,3,No,,0.98,Ready for Upload,Path and PDF header indicate BSED/Secondary English major. Correct answer sourced from source PDF answer key.
46,146,4,BSED English Part1.pdf,/Users/lyndon/All reviewers/Sept2026_LET Reviewer Files/L. BSED - English-/BSED English Part1.pdf,"Below is a sentence from DON QUIXOTE: In a village of La Mancha a name of which I have no desire to recall, there lived not so long ago one of those gentlemen who always have a lance in the rock, an ancient buckles, a skinny nag and a greyhound…. Which question should you ask if you reading it at a LITERAL LEVEL?",,,Is there a figurative language used?,,Which word will lown?,,What are the figurative language and sound techniques used?,,Which technique creates humor?,,,,C,Answer key: C,LET Secondary,English,Reading Comprehension,3,No,,0.98,Ready for Upload,Path and PDF header indicate BSED/Secondary English major. Correct answer sourced from source PDF answer key.
47,147,4,BSED English Part1.pdf,/Users/lyndon/All reviewers/Sept2026_LET Reviewer Files/L. BSED - English-/BSED English Part1.pdf,"read the poem, 25th HIGH SCHOOL REUNION by Linda Pastan and answer the questions that follows. We come to hear the endings of all the stories in our anthology of false starts: how the girl who seemed as hard as hails was the girl who seemed as hard nails was hammered into shape, how the athletes ran Out of races; How skulls rise To the surface Like rocks in the bed Of a drying stream. Look! We have all Turned into Ourselves. After reading the poem at the THIRD LEVEL, which question should be asked?",,,What were their transformations after 25 years?,,Who is speaking in the poem?,,What happened during the reunion?,,What is meant by the comparison under the skin/ our skull rise /to the surface/ like rocks in the bed/ of a drying stream”?,,,,D,Answer key: D,LET Secondary,English,Literature,3,No,,0.98,Ready for Upload,Path and PDF header indicate BSED/Secondary English major. Correct answer sourced from source PDF answer key.
48,148,4,BSED English Part1.pdf,/Users/lyndon/All reviewers/Sept2026_LET Reviewer Files/L. BSED - English-/BSED English Part1.pdf,Which question should be asked when the poem is read at the FIRST LEVEL?,,,Who attended the 25th high school reunion?,,What language is used in the poem?,,Why were their faces as sharp and pointed as the rocks?,,To what are the once-young students compared?,,,,A,Answer key: A,LET Secondary,English,Literature,3,No,,0.98,Ready for Upload,Path and PDF header indicate BSED/Secondary English major. Correct answer sourced from source PDF answer key.
49,149,4,BSED English Part1.pdf,/Users/lyndon/All reviewers/Sept2026_LET Reviewer Files/L. BSED - English-/BSED English Part1.pdf,Which is the lowest of comprehension?,,,critical comprehension,,critical evaluation,,literal comprehension,,integration,,,,C,Answer key: C,LET Secondary,English,Reading Comprehension,3,No,,0.98,Ready for Upload,Path and PDF header indicate BSED/Secondary English major. Correct answer sourced from source PDF answer key.
50,150,4,BSED English Part1.pdf,/Users/lyndon/All reviewers/Sept2026_LET Reviewer Files/L. BSED - English-/BSED English Part1.pdf,Which is the highest level of comprehension?,,,Literal comprehension,,Critical evaluation,,Critical comprehension,,Integration,,,,B,Answer key: B,LET Secondary,English,Reading Comprehension,3,No,,0.98,Ready for Upload,Path and PDF header indicate BSED/Secondary English major. Correct answer sourced from source PDF answer key.
51,1,1,BSED English Part2.pdf,/Users/lyndon/All reviewers/Sept2026_LET Reviewer Files/L. BSED - English-/BSED English Part2.pdf,Raul S. Manglapus once said: I have done this against the advice of a friend. He felt that since I would speak of Filipino movies.. I should instead begin by making you cry. Which Filipino character is demonstrated in his speech?,,,“Kanya-Kanya” syndrome,,“Hiya “,,“Palakasan at pataasan”culture,,“Utang-na-loob”,,,,D,Answer key: D,LET Secondary,English,English,3,No,,0.98,Ready for Upload,Path and PDF header indicate BSED/Secondary English major. Correct answer sourced from source PDF answer key.
52,2,1,BSED English Part2.pdf,/Users/lyndon/All reviewers/Sept2026_LET Reviewer Files/L. BSED - English-/BSED English Part2.pdf,Which BEST described the READING AND THE WRITING PROCESSES?,,,The stages occur in sequence,,The arrangement implies that the different language arts develop separately,,The different stages merge and repeat,,"Children different mental process for reading, listening, talking and writing",,,,C,Answer key: C,LET Secondary,English,Reading Comprehension,3,No,,0.98,Ready for Upload,Path and PDF header indicate BSED/Secondary English major. Correct answer sourced from source PDF answer key.
53,3,1,BSED English Part2.pdf,/Users/lyndon/All reviewers/Sept2026_LET Reviewer Files/L. BSED - English-/BSED English Part2.pdf,Identify the poem from the lines are taken: Have glimpse that would make me less forlorn; Have sight of Proteus rising from the sea; Or hear old Triton blow is wreathed horn,,,Auguries of Innocence,,God Moves in a Mysterious Way,,Elegy Written in a Country Churchyard,,The World is Too Much With Us,,,,D,Answer key: D,LET Secondary,English,Literature,3,No,,0.98,Ready for Upload,Path and PDF header indicate BSED/Secondary English major. Correct answer sourced from source PDF answer key.
54,4,1,BSED English Part2.pdf,/Users/lyndon/All reviewers/Sept2026_LET Reviewer Files/L. BSED - English-/BSED English Part2.pdf,Identify the author of the poem torn which the following lines are taken: O is she rosely loved is she lovely rosed O is she lovely sung as sea-shells?,,,Fernando M. Maramag,,Mauro Mendez,,Natividad Marquaez,,Jose Garcia Villa,,,,D,Answer key: D,LET Secondary,English,Literature,3,No,,0.98,Ready for Upload,Path and PDF header indicate BSED/Secondary English major. Correct answer sourced from source PDF answer key.
55,5,1,BSED English Part2.pdf,/Users/lyndon/All reviewers/Sept2026_LET Reviewer Files/L. BSED - English-/BSED English Part2.pdf,"Who said, “These are the times that try men’s souls?”",,,James Madison,,Thomas Paine,,Benjamin Franklin,,Thomas Jefferson,,,,B,Answer key: B,LET Secondary,English,English,3,No,,0.98,Ready for Upload,Path and PDF header indicate BSED/Secondary English major. Correct answer sourced from source PDF answer key.
56,6,1,BSED English Part2.pdf,/Users/lyndon/All reviewers/Sept2026_LET Reviewer Files/L. BSED - English-/BSED English Part2.pdf,Who wrote the novel WAR AND PEACE?,,,Spencer,,Turgenew,,Shaw,,Tolstoy,,,,D,Answer key: D,LET Secondary,English,Literature,3,No,,0.98,Ready for Upload,Path and PDF header indicate BSED/Secondary English major. Correct answer sourced from source PDF answer key.
57,7,1,BSED English Part2.pdf,/Users/lyndon/All reviewers/Sept2026_LET Reviewer Files/L. BSED - English-/BSED English Part2.pdf,Identify the play from which the lines are take: All that glitters is not gold; Often you have heard that told; Many a man his life hath sold But my outside to behold; Glided tombs do norms enfold.,,,MECHANT OF VENICE,,HAMLET,,AS YOU LIKE IT,,MACBETH,,,,A,Answer key: A,LET Secondary,English,Literature,3,No,,0.98,Ready for Upload,Path and PDF header indicate BSED/Secondary English major. Correct answer sourced from source PDF answer key.
58,8,1,BSED English Part2.pdf,/Users/lyndon/All reviewers/Sept2026_LET Reviewer Files/L. BSED - English-/BSED English Part2.pdf,"WHO SAID, “Ask not what tour country can do for you, but what you can do for you country?”",,,Richard M. Nixon,,John F. Kennedy,,Dwight,,Lyndon,,,,B,Answer key: B,LET Secondary,English,English,3,No,,0.98,Ready for Upload,Path and PDF header indicate BSED/Secondary English major. Correct answer sourced from source PDF answer key.
59,9,1,BSED English Part2.pdf,/Users/lyndon/All reviewers/Sept2026_LET Reviewer Files/L. BSED - English-/BSED English Part2.pdf,"Identify the poem from which the stanza is take: Trust no future, howe’er pleasant Let the dead Past bury its dead! Act-act in the living Present Heart within, and God o’erhead",,,HYMN TO THE NIGHT,,THE CROSS OF SHOW,,MY LOST YOUTH,,A PSALM OF LIFE,,,,D,Answer key: D,LET Secondary,English,Literature,3,No,,0.98,Ready for Upload,Path and PDF header indicate BSED/Secondary English major. Correct answer sourced from source PDF answer key.
60,13,1,BSED English Part2.pdf,/Users/lyndon/All reviewers/Sept2026_LET Reviewer Files/L. BSED - English-/BSED English Part2.pdf,"What does William Norris want you to do in his ZIP THE LIP? If your lips would keep from slips. Five things observe with care; To whom you speak; of whom you speak And how, when, and where",,,To be truthful,,To be sincere,,To show kindness,,To observe confidentiality,,,,D,Answer key: D,LET Secondary,English,English,3,No,,0.98,Ready for Upload,Path and PDF header indicate BSED/Secondary English major. Correct answer sourced from source PDF answer key.
61,14,1,BSED English Part2.pdf,/Users/lyndon/All reviewers/Sept2026_LET Reviewer Files/L. BSED - English-/BSED English Part2.pdf,"Identify the poem from which the lines are taken: Oh’ Lift me as a wave a lead, a cloud! I fall upon the thorns of life! I bleed! A heavy weight of hours has chan’d and bow’d One too like thee-tameless, and swift, and proud.",,,Ode to the West Wind,,Crossing the Bar,,Ode to Evening,,My Last Duckess,,,,A,Answer key: A,LET Secondary,English,Literature,3,No,,0.98,Ready for Upload,Path and PDF header indicate BSED/Secondary English major. Correct answer sourced from source PDF answer key.
62,15,1,BSED English Part2.pdf,/Users/lyndon/All reviewers/Sept2026_LET Reviewer Files/L. BSED - English-/BSED English Part2.pdf,"What figure of speech is used in the lines below? His bright eyes rolled, they never seemed to settle. And glittered like the flowers beneath a kettle: Geoffrey Chancer, The Canterbury Tales",,,Simile,,Hyperbole,,Metaphor,,Personification,,,,A,Answer key: A,LET Secondary,English,Literature,3,No,,0.98,Ready for Upload,Path and PDF header indicate BSED/Secondary English major. Correct answer sourced from source PDF answer key.
63,16,2,BSED English Part2.pdf,/Users/lyndon/All reviewers/Sept2026_LET Reviewer Files/L. BSED - English-/BSED English Part2.pdf,Which TYPE reading is CHORAL READING?,,,Buddy,,Shared,,Guided,,Reading aloud to students,,,,B,Answer key: B,LET Secondary,English,Reading Comprehension,3,No,,0.98,Ready for Upload,Path and PDF header indicate BSED/Secondary English major. Correct answer sourced from source PDF answer key.
64,17,2,BSED English Part2.pdf,/Users/lyndon/All reviewers/Sept2026_LET Reviewer Files/L. BSED - English-/BSED English Part2.pdf,"Of the different principles of effectives teaching of reading, which is IMPROPERLY stated?",,,Effective teachers use the four cueing system to support students,,Effective teachers used instructional approaches on how children learn,,Effective teachers go out of the structured classrooms to create community of readers,,Effective teachers select appropriate reading materials,,,,A,Answer key: A,LET Secondary,English,Reading Comprehension,3,No,,0.98,Ready for Upload,Path and PDF header indicate BSED/Secondary English major. Correct answer sourced from source PDF answer key.
65,18,2,BSED English Part2.pdf,/Users/lyndon/All reviewers/Sept2026_LET Reviewer Files/L. BSED - English-/BSED English Part2.pdf,Which languages system is focused on VOCABULARY?,,,Syntactic,,Pragmatic,,Semantics,,Phonological,,,,C,Answer key: C,LET Secondary,English,Vocabulary,3,No,,0.98,Ready for Upload,Path and PDF header indicate BSED/Secondary English major. Correct answer sourced from source PDF answer key.
66,19,2,BSED English Part2.pdf,/Users/lyndon/All reviewers/Sept2026_LET Reviewer Files/L. BSED - English-/BSED English Part2.pdf,Which theory claims that readers have difficulty in comprehension because they are focused on WORD IDENTIFICATION?,,,Submersion,,Automaticity,,Alphabetic,,Immersion,,,,B,Answer key: B,LET Secondary,English,Reading Comprehension,3,No,,0.98,Ready for Upload,Path and PDF header indicate BSED/Secondary English major. Correct answer sourced from source PDF answer key.
67,20,2,BSED English Part2.pdf,/Users/lyndon/All reviewers/Sept2026_LET Reviewer Files/L. BSED - English-/BSED English Part2.pdf,Which speech is considered of the greatest speeches for its vision of American democracy by a U.S political leader?,,,THE GETTYS BURG ADDRESS,,John F Kennedy’s INAUGURAL SPEECH,,LINCOLNMEMORIAL ADDRESS,,Patrick Henry’s speech,,,,B,Answer key: B,LET Secondary,English,English,3,No,,0.98,Ready for Upload,Path and PDF header indicate BSED/Secondary English major. Correct answer sourced from source PDF answer key.
68,21,2,BSED English Part2.pdf,/Users/lyndon/All reviewers/Sept2026_LET Reviewer Files/L. BSED - English-/BSED English Part2.pdf,Which play of Jose M. Hernandez tells of an artisan who forged cannons for the use of the Spaniards?,,,THE REAL LEADER,,PANDAY PIRA,,THE FILIPINO REBEL,,THE CRY OF THE PHILIPPINES,,,,B,Answer key: B,LET Secondary,English,Literature,3,No,,0.98,Ready for Upload,Path and PDF header indicate BSED/Secondary English major. Correct answer sourced from source PDF answer key.
69,22,2,BSED English Part2.pdf,/Users/lyndon/All reviewers/Sept2026_LET Reviewer Files/L. BSED - English-/BSED English Part2.pdf,"If Dick’s father is John’s son, what relation has Dick to John?",,,Nephew,,Brother,,Son,,Grandson,,,,D,Answer key: D,LET Secondary,English,English,3,No,,0.98,Ready for Upload,Path and PDF header indicate BSED/Secondary English major. Correct answer sourced from source PDF answer key.
70,23,2,BSED English Part2.pdf,/Users/lyndon/All reviewers/Sept2026_LET Reviewer Files/L. BSED - English-/BSED English Part2.pdf,"Consider these lines from “The Ideal wife”: FAVOR IS DECEITFULL AND BEAUTY IS VAIN BUT WOMAN THAT FEARETH THE LORD, SHE SHALL BE PRAISED Which word infers the moral of the verse?",,,Praised,,Feareth,,Favor,,Beauty,,,,B,Answer key: B,LET Secondary,English,Vocabulary,3,No,,0.98,Ready for Upload,Path and PDF header indicate BSED/Secondary English major. Correct answer sourced from source PDF answer key.
71,24,2,BSED English Part2.pdf,/Users/lyndon/All reviewers/Sept2026_LET Reviewer Files/L. BSED - English-/BSED English Part2.pdf,Which novel written by Kerima-Tuvera tells of the story of Emma Mercene who struggles for consummation of purse and clean love?,,,THE BARAGAY,,THE HAND OF THE ENEMY,,A CHILD OF SORROW,,THE FILIPINO REBEL,,,,B,Answer key: B,LET Secondary,English,Literature,3,No,,0.98,Ready for Upload,Path and PDF header indicate BSED/Secondary English major. Correct answer sourced from source PDF answer key.
72,25,2,BSED English Part2.pdf,/Users/lyndon/All reviewers/Sept2026_LET Reviewer Files/L. BSED - English-/BSED English Part2.pdf,"William Wordsworth wrote “SHE WAS PHANTOM OF DELIGHT” from which the lines are taken: SHE WAS PHANTOM OF DELIGHT WHEN FIRST SHE GLEAMED UPON SIGHT; A LOVELY APPARITON, SENT TO BE A MOMENT’S ORNAMENT; Which figure of speech is used?",,,Hyperbole,,Personification,,Metaphor,,Simile,,,,C,Answer key: C,LET Secondary,English,Literature,3,No,,0.98,Ready for Upload,Path and PDF header indicate BSED/Secondary English major. Correct answer sourced from source PDF answer key.
73,26,2,BSED English Part2.pdf,/Users/lyndon/All reviewers/Sept2026_LET Reviewer Files/L. BSED - English-/BSED English Part2.pdf,“It is only the heart that one can see nightly; what is essential is invisible to the eye.” From THE LITTLE PRINCE BY ANTOINE DE ST. EXUPERY The aspiration drawn from quote is that,,,Important things are visible to the eye,,There are things which the eye cannot see.,,It is better to see things with the heart,,Only the heart can see the beautiful things in life.,,,,C,Answer key: C,LET Secondary,English,English,3,No,,0.98,Ready for Upload,Path and PDF header indicate BSED/Secondary English major. Correct answer sourced from source PDF answer key.
74,27,2,BSED English Part2.pdf,/Users/lyndon/All reviewers/Sept2026_LET Reviewer Files/L. BSED - English-/BSED English Part2.pdf,"Robert Browning wrote” CHILDE ROLAND TO THE DARK TOWER” from which the lines are taken: NOON STRIKES- HERE SWEEPS THE PROCESSIONI OUR LADY BORNE SMILING AND SMART WITH A PINK GAUZE GOWN ALL SPANGLES, AND SEVEN SWORDS STRUCK IN HER HEART! What do the lines means?",,,The seven swords represent the attributes of the Virgin Mary.,,It talks of the gifts to the Virgin Mary,,The swords symbolize the Virgin Mary’s sorrows,,The Lady is Elizabeth Barrett Browning,,,,C,Answer key: C,LET Secondary,English,Vocabulary,3,No,,0.98,Ready for Upload,Path and PDF header indicate BSED/Secondary English major. Correct answer sourced from source PDF answer key.
75,28,3,BSED English Part2.pdf,/Users/lyndon/All reviewers/Sept2026_LET Reviewer Files/L. BSED - English-/BSED English Part2.pdf,"Consider this poem entitled WINGS written by Victor Hugo. Be like the bird, who Halting in this flight On limb too slight Feels it give way beneath him Yet sings Knowing be hain wings",,,Listen to advices,,Believe in yourself,,Be courageous,,Don’t be over confident,,,,B,Answer key: B,LET Secondary,English,Literature,3,No,,0.98,Ready for Upload,Path and PDF header indicate BSED/Secondary English major. Correct answer sourced from source PDF answer key.
76,29,3,BSED English Part2.pdf,/Users/lyndon/All reviewers/Sept2026_LET Reviewer Files/L. BSED - English-/BSED English Part2.pdf,Who wrote “HESPERIDES” which contains lyrics filled with themes about country life and beauty?,,,Lord Byron,,Robert Herrick,,John Milton,,George Herbert,,,,B,Answer key: B,LET Secondary,English,English,3,No,,0.98,Ready for Upload,Path and PDF header indicate BSED/Secondary English major. Correct answer sourced from source PDF answer key.
77,30,3,BSED English Part2.pdf,/Users/lyndon/All reviewers/Sept2026_LET Reviewer Files/L. BSED - English-/BSED English Part2.pdf,Which sonnet enumerates the reasons for loving Elizabeth Barrett Browning?,,,SONNET 44,,SONNET 15,,SONNET 14,,SONNET 43,,,,D,Answer key: D,LET Secondary,English,Literature,3,No,,0.98,Ready for Upload,Path and PDF header indicate BSED/Secondary English major. Correct answer sourced from source PDF answer key.
78,31,3,BSED English Part2.pdf,/Users/lyndon/All reviewers/Sept2026_LET Reviewer Files/L. BSED - English-/BSED English Part2.pdf,How many were going to St. Ives according to these lines? As I was going to St. Ives I met a man with seven wives: Every wife had seven sacks; Every sack had seven cats; Every cat had seven kits.,,,One,,Twenty – five,,Nine,,Twenty – three,,,,A,Answer key: A,LET Secondary,English,English,3,No,,0.98,Ready for Upload,Path and PDF header indicate BSED/Secondary English major. Correct answer sourced from source PDF answer key.
79,32,3,BSED English Part2.pdf,/Users/lyndon/All reviewers/Sept2026_LET Reviewer Files/L. BSED - English-/BSED English Part2.pdf,Which novel written by E.M. Foster satirizes the manners of the middle-class English folk with their provincial class clannishness and prejudices?,,,WHERE ANGELS FEAR TO TREAD,,A ROOM WITH A VIEW,,THE LONGEST JOURNEY,,HOWARDS END,,,,D,Answer key: D,LET Secondary,English,Literature,3,No,,0.98,Ready for Upload,Path and PDF header indicate BSED/Secondary English major. Correct answer sourced from source PDF answer key.
80,33,3,BSED English Part2.pdf,/Users/lyndon/All reviewers/Sept2026_LET Reviewer Files/L. BSED - English-/BSED English Part2.pdf,What is alluded to by these lines? The man who made it did not want it. The man who bought it did not use want it The man who used it did not use it Try to guess just to call just what to call it.,,,Poison,,Gun,,Coffin,,Bomb,,,,C,Answer key: C,LET Secondary,English,English,3,No,,0.98,Ready for Upload,Path and PDF header indicate BSED/Secondary English major. Correct answer sourced from source PDF answer key.
81,34,3,BSED English Part2.pdf,/Users/lyndon/All reviewers/Sept2026_LET Reviewer Files/L. BSED - English-/BSED English Part2.pdf,"What does John Keats in the poem, BARDS OF PASSION AND OF MIRTH wants these writers to do?",,,To recognize their souls left on earth,,To avoid living double life,,To inspire and teach them,,To remember their souls in heaven,,,,B,Answer key: B,LET Secondary,English,Literature,3,No,,0.98,Ready for Upload,Path and PDF header indicate BSED/Secondary English major. Correct answer sourced from source PDF answer key.
82,35,3,BSED English Part2.pdf,/Users/lyndon/All reviewers/Sept2026_LET Reviewer Files/L. BSED - English-/BSED English Part2.pdf,Why is THE NAKED AND THE DEAD written by Norman Mailer considered as one of the finest novels written in America since World War II?,,,"It portrayed the limitations of radicalism, honor, virtue in the modem world.",,"It has documentary style, directness, and reality.",,It was a true picture of World War II,,It was from his military experiences.,,,,C,Answer key: C,LET Secondary,English,Literature,3,No,,0.98,Ready for Upload,Path and PDF header indicate BSED/Secondary English major. Correct answer sourced from source PDF answer key.
83,36,3,BSED English Part2.pdf,/Users/lyndon/All reviewers/Sept2026_LET Reviewer Files/L. BSED - English-/BSED English Part2.pdf,Which poem by William Ernest Henley answers the question; Do humans control their own lives?,,,REMMEMBER,,INVICTUS,,PRECIOUS STONES,,THE ALDERKING,,,,B,Answer key: B,LET Secondary,English,Literature,3,No,,0.98,Ready for Upload,Path and PDF header indicate BSED/Secondary English major. Correct answer sourced from source PDF answer key.
84,37,3,BSED English Part2.pdf,/Users/lyndon/All reviewers/Sept2026_LET Reviewer Files/L. BSED - English-/BSED English Part2.pdf,Who wrote TO LUCASTA?,,,Robert Herrick,,Richard Lovelace,,Thomas Carew,,John Sucking,,,,B,Answer key: B,LET Secondary,English,English,3,No,,0.98,Ready for Upload,Path and PDF header indicate BSED/Secondary English major. Correct answer sourced from source PDF answer key.
85,38,3,BSED English Part2.pdf,/Users/lyndon/All reviewers/Sept2026_LET Reviewer Files/L. BSED - English-/BSED English Part2.pdf,Which earned for Joyce Carol Oayes the title THE DARK LADY OF AMERICAN LETTERS?,,,The beautiful insights imposed on her characters and settings,,Her writings have been experiential,,Her ability to describe and narrate realities,,The unrelieved sense of death that pervades her writings,,,,D,Answer key: D,LET Secondary,English,English,3,No,,0.98,Ready for Upload,Path and PDF header indicate BSED/Secondary English major. Correct answer sourced from source PDF answer key.
86,39,3,BSED English Part2.pdf,/Users/lyndon/All reviewers/Sept2026_LET Reviewer Files/L. BSED - English-/BSED English Part2.pdf,Which psalm is a song of joy and reverence?,,,Psalms 7,,Psalms 23,,Psalms 8,,Psalms 24,,,,C,Answer key: C,LET Secondary,English,English,3,No,,0.98,Ready for Upload,Path and PDF header indicate BSED/Secondary English major. Correct answer sourced from source PDF answer key.
87,40,4,BSED English Part2.pdf,/Users/lyndon/All reviewers/Sept2026_LET Reviewer Files/L. BSED - English-/BSED English Part2.pdf,John Milton wrote “ONHIS BLINDNESS” for which this lines is taken: THEY ALSO SERVE WHO ONLY STAND AND WAIT. Which Filipino Trait,,,Juan “Tamad” attitude,,“Pakikisama”,,“Pakikibahagi”,,"“Karangalan” 41 – 43. On August 28, 1963, Martin Luther King delivered his famous LINCOLN MEMORIAL ADDRESS from which these paragraphs are taken: I say to you today, my friends, that in spite of the difficulties and frustration of the moment; I still have a dream. It is a dream deeply rooted in the American dream. I have a dream that one day this nation will rise up and live out the true meaning of its creed. “We hold these truths to be self-evident; that all men are created equal.” I have a dream that one day on the red hills of Georgia the sons of former slaves and the sons of former slave owners will be able to sit down together at the table of brotherhood…",,,,A,Answer key: A,LET Secondary,English,Literature,3,No,,0.98,Ready for Upload,Path and PDF header indicate BSED/Secondary English major. Correct answer sourced from source PDF answer key.
88,41,4,BSED English Part2.pdf,/Users/lyndon/All reviewers/Sept2026_LET Reviewer Files/L. BSED - English-/BSED English Part2.pdf,Which is the dream of Martin Luther King?,,,Freedom for Jews and gentiles,,Freedom for all of God’s children,,"Freedom for the black men from Mississippi, Alabama, Louisiana, and slums and ghettos of Northern cities.",,Freedom for America,,,,C,Answer key: C,LET Secondary,English,English,3,No,,0.98,Ready for Upload,Path and PDF header indicate BSED/Secondary English major. Correct answer sourced from source PDF answer key.
89,42,4,BSED English Part2.pdf,/Users/lyndon/All reviewers/Sept2026_LET Reviewer Files/L. BSED - English-/BSED English Part2.pdf,Which is the dream of Martin Luther King?,,,Freedom for Jews and Gentiles,,Freedom for all of God’s children,,"Freedom for the black men from Mississippi, Alabama, Louisiana and slums and ghettos of Northern cities",,Freedom for America,,,,C,Answer key: C,LET Secondary,English,English,3,No,88,0.90,Duplicate,Path and PDF header indicate BSED/Secondary English major. Correct answer sourced from source PDF answer key. Duplicate or near-duplicate of row 88.
90,43,4,BSED English Part2.pdf,/Users/lyndon/All reviewers/Sept2026_LET Reviewer Files/L. BSED - English-/BSED English Part2.pdf,Which difficulties and frustrations are being referred to:,,,"Forced segregation, jobs, housing, education, and breath",,"Voting, public accommodation and housing",,Government indifference,,Religion with its practices,,,,A,Answer key: A,LET Secondary,English,English,3,No,,0.98,Ready for Upload,Path and PDF header indicate BSED/Secondary English major. Correct answer sourced from source PDF answer key.
91,44,4,BSED English Part2.pdf,/Users/lyndon/All reviewers/Sept2026_LET Reviewer Files/L. BSED - English-/BSED English Part2.pdf,Which refers to CREED?,,,My dream is rooted in America,,I have a dream,,The truth is evident,,"All men are created equal 45- 46 John Fitzgerald Kennedy delivered his famous INAGURAL SPEECH from which the paragraphs are taken: And, so my fellow Americans: Ask not what your country can do for you-ask what you can do for your country. My fellow citizens of the world: ask not what America will do for you but what together we can do for the freedom of man.",,,,D,Answer key: D,LET Secondary,English,English,3,No,,0.98,Ready for Upload,Path and PDF header indicate BSED/Secondary English major. Correct answer sourced from source PDF answer key.
92,45,4,BSED English Part2.pdf,/Users/lyndon/All reviewers/Sept2026_LET Reviewer Files/L. BSED - English-/BSED English Part2.pdf,What is John F. Kenedy asking the citizens of American and the citizens of the world?,,,Economic cooperation,,Cooperation and support against terrorism,,High standards of strength and sacrifice too safeguard freedom,,"Adherence to democratic ideals, principles and practices",,,,D,Answer key: D,LET Secondary,English,English,3,No,,0.98,Ready for Upload,Path and PDF header indicate BSED/Secondary English major. Correct answer sourced from source PDF answer key.
93,46,4,BSED English Part2.pdf,/Users/lyndon/All reviewers/Sept2026_LET Reviewer Files/L. BSED - English-/BSED English Part2.pdf,"What does Shakespeare want to infer in this line? The fault, dear BRUTUS, is not in our stars, but in ourselves .",,,A statue has never been set up in honor of a critic,,“Be content with things you have.”,,Dreams don’t work unless you do,,A great man is always willing to be little.,,,,C,Answer key: C,LET Secondary,English,Literature,3,No,,0.98,Ready for Upload,Path and PDF header indicate BSED/Secondary English major. Correct answer sourced from source PDF answer key.
94,47,4,BSED English Part2.pdf,/Users/lyndon/All reviewers/Sept2026_LET Reviewer Files/L. BSED - English-/BSED English Part2.pdf,Which is Chaucer’s collection stories in verse showing his skill as a story teller in giving a vivid picture of English society in the 1300’s?,,,THE DIVINE COMEDY,,THE NEW LIFE,,THE SONG OF ROLAND,,THE CANTERBURY TALES,,,,D,Answer key: D,LET Secondary,English,Literature,3,No,,0.98,Ready for Upload,Path and PDF header indicate BSED/Secondary English major. Correct answer sourced from source PDF answer key.
95,48,4,BSED English Part2.pdf,/Users/lyndon/All reviewers/Sept2026_LET Reviewer Files/L. BSED - English-/BSED English Part2.pdf,"Which work of Henry David Thoreau contains civil disobedience and passive resistance which were practiced by Mahatma Gandhi of India and Martin Luther King , Jr. in their protest against their governments?",,,ON THE DUTY OF CIVIL DISOBEDIENCE,,A WEEK ON THE CONCORD AND MERRIMACK RIVERS,,WALDEN,,THE DECLINE AND FALL OF THE ROMAN EMPIRE,,,,A,Answer key: A,LET Secondary,English,English,3,No,,0.98,Ready for Upload,Path and PDF header indicate BSED/Secondary English major. Correct answer sourced from source PDF answer key.
96,49,5,BSED English Part2.pdf,/Users/lyndon/All reviewers/Sept2026_LET Reviewer Files/L. BSED - English-/BSED English Part2.pdf,"Identify the play from which lines are taken: Will thou be gone? It is not yet near day. It was the nightingale, and not the lark The period the fearful hollow of thine ear; Nightly she sings on your pomegranate tree; Believe me, love, it was the nightingale",,,Love’s Labour’s Lost,,Othello,,Romeo and Juliet,,Cymbeline,,,,C,Answer key: C,LET Secondary,English,Literature,3,No,,0.98,Ready for Upload,Path and PDF header indicate BSED/Secondary English major. Correct answer sourced from source PDF answer key.
97,50,5,BSED English Part2.pdf,/Users/lyndon/All reviewers/Sept2026_LET Reviewer Files/L. BSED - English-/BSED English Part2.pdf,Identify the poem from which the following line are take: DRINK TO ME ONLY WITH THINE EYES. AND I WILL PLDGE WITH ME. OR LEAVE A KISS BUT IN THE CUP. AND I’LL NOT LOOK FOR WINE.,,,Song to Celia,,Crossing the Bar,,Ode to the West Wind,,She was a Phantom of Delight,,,,A,Answer key: A,LET Secondary,English,Literature,3,No,,0.98,Ready for Upload,Path and PDF header indicate BSED/Secondary English major. Correct answer sourced from source PDF answer key.
98,51,1,BSED English Part3.pdf,/Users/lyndon/All reviewers/Sept2026_LET Reviewer Files/L. BSED - English-/BSED English Part3.pdf,"Which is an INTERDISCIPLINARY UNIT that integrates reading and writing with other curricular areas like social studies, science, mathematics and values education?",,,Cluster,,Collaborative report,,Theme study,,Learning log,,,,C,Answer key: C,LET Secondary,English,Reading Comprehension,3,No,,0.98,Ready for Upload,Path and PDF header indicate BSED/Secondary English major. Correct answer sourced from source PDF answer key.
99,52,1,BSED English Part3.pdf,/Users/lyndon/All reviewers/Sept2026_LET Reviewer Files/L. BSED - English-/BSED English Part3.pdf,Which assessment tool is used to measure students’ reading comprehension?,,,Reading Logs,,Running Record,,Grand conversation,,Anecdotal Notes,,,,B,Answer key: B,LET Secondary,English,Reading Comprehension,3,No,,0.98,Ready for Upload,Path and PDF header indicate BSED/Secondary English major. Correct answer sourced from source PDF answer key.
100,53,1,BSED English Part3.pdf,/Users/lyndon/All reviewers/Sept2026_LET Reviewer Files/L. BSED - English-/BSED English Part3.pdf,"Which activity do a QUICK WRITE or QUICK DRAW, then crumple, throw, and read these pieces of paper?",,,Quaker Reading,,Snowball Toss,,Carquset,,Hot Seat,,,,B,Answer key: B,LET Secondary,English,English Language Teaching,3,No,,0.98,Ready for Upload,Path and PDF header indicate BSED/Secondary English major. Correct answer sourced from source PDF answer key.
101,54,1,BSED English Part3.pdf,/Users/lyndon/All reviewers/Sept2026_LET Reviewer Files/L. BSED - English-/BSED English Part3.pdf,Which are cards to which illustrations and text from a picture book are attached.,,,Story Boards,,Story Quilts,,Word Wall,,Story Maps,,,,A,Answer key: A,LET Secondary,English,English,3,No,,0.98,Ready for Upload,Path and PDF header indicate BSED/Secondary English major. Correct answer sourced from source PDF answer key.
102,55,1,BSED English Part3.pdf,/Users/lyndon/All reviewers/Sept2026_LET Reviewer Files/L. BSED - English-/BSED English Part3.pdf,Which reading takes place when the lead leader reads each line then the group repeats it?,,,Cumulative reading,,Small-group reading,,Echo reading,,Chorus reading,,,,C,Answer key: C,LET Secondary,English,Reading Comprehension,3,No,,0.98,Ready for Upload,Path and PDF header indicate BSED/Secondary English major. Correct answer sourced from source PDF answer key.
103,56,1,BSED English Part3.pdf,/Users/lyndon/All reviewers/Sept2026_LET Reviewer Files/L. BSED - English-/BSED English Part3.pdf,Which integrates the other LANGUAGE ARTS?,,,Listening,,Reading,,Talking,,Writing,,,,D,Answer key: D,LET Secondary,English,English,3,No,,0.98,Ready for Upload,Path and PDF header indicate BSED/Secondary English major. Correct answer sourced from source PDF answer key.
104,57,1,BSED English Part3.pdf,/Users/lyndon/All reviewers/Sept2026_LET Reviewer Files/L. BSED - English-/BSED English Part3.pdf,Which reading and writing SKILL is reading and making graphs?,,,Study,,Language,,Reference,,Decoding,,,,A,Answer key: A,LET Secondary,English,Reading Comprehension,3,No,,0.98,Ready for Upload,Path and PDF header indicate BSED/Secondary English major. Correct answer sourced from source PDF answer key.
105,58,1,BSED English Part3.pdf,/Users/lyndon/All reviewers/Sept2026_LET Reviewer Files/L. BSED - English-/BSED English Part3.pdf,What is the taxonomic stage of this behavior? MATCH FAMILIAR VOCABULARY WORDS IN SENTENCES WITH CORRECT DEFINITIONS.,,,Mechanical Skills Perception,,Communication Comprehension,,Knowledge Recognition,,Transfer Reception,,,,A,Answer key: ?,LET Secondary,English,Grammar,3,No,,0.98,Ready for Upload,Path and PDF header indicate BSED/Secondary English major. Correct answer sourced from source PDF answer key.
106,59,1,BSED English Part3.pdf,/Users/lyndon/All reviewers/Sept2026_LET Reviewer Files/L. BSED - English-/BSED English Part3.pdf,What system do students use in capitalization and punctuation rules?,,,Pragmatic,,Phonological,,Semantic,,Syntactic,,,,D,Answer key: D,LET Secondary,English,Grammar,3,No,,0.98,Ready for Upload,Path and PDF header indicate BSED/Secondary English major. Correct answer sourced from source PDF answer key.
107,60,1,BSED English Part3.pdf,/Users/lyndon/All reviewers/Sept2026_LET Reviewer Files/L. BSED - English-/BSED English Part3.pdf,Which gives the television an EDGE over print media?,,,Proximity,,Visual,,Color,,Motion,,,,D,Answer key: D,LET Secondary,English,English,3,No,,0.98,Ready for Upload,Path and PDF header indicate BSED/Secondary English major. Correct answer sourced from source PDF answer key.
108,61,1,BSED English Part3.pdf,/Users/lyndon/All reviewers/Sept2026_LET Reviewer Files/L. BSED - English-/BSED English Part3.pdf,Which question falls under the LITERAL COMPREHENSION LEVEL?,,,"In the story, who is short?",,Why is it good to be short?,,Do you agree the horse when it said that it is to be what you are?,,What are the advantages and disadvantages of being tall and short?,,,,A,Answer key: A,LET Secondary,English,Reading Comprehension,3,No,,0.98,Ready for Upload,Path and PDF header indicate BSED/Secondary English major. Correct answer sourced from source PDF answer key.
109,62,1,BSED English Part3.pdf,/Users/lyndon/All reviewers/Sept2026_LET Reviewer Files/L. BSED - English-/BSED English Part3.pdf,What method of paragraph development is used in this main idea? THE EXODUS OF FILIPINO WORKERS TO THE MIDDLE EAST IS A COMPLEX PSYCHO- ECONOMIC PHENOMENON.,,,Classification,,Process,,Analysis,,Cause-effect,,,,C,Answer key: C,LET Secondary,English,Reading Comprehension,3,No,,0.98,Ready for Upload,Path and PDF header indicate BSED/Secondary English major. Correct answer sourced from source PDF answer key.
110,63,1,BSED English Part3.pdf,/Users/lyndon/All reviewers/Sept2026_LET Reviewer Files/L. BSED - English-/BSED English Part3.pdf,Which word contains G pronounced as /g/ the hard sound?,,,Nation,,Rescue,,Gate,,Giant,,,,C,Answer key: C,LET Secondary,English,Grammar,3,No,,0.98,Ready for Upload,Path and PDF header indicate BSED/Secondary English major. Correct answer sourced from source PDF answer key.
111,64,1,BSED English Part3.pdf,/Users/lyndon/All reviewers/Sept2026_LET Reviewer Files/L. BSED - English-/BSED English Part3.pdf,Which word is accented on the second syllable?,,,Nation,,Rescue,,Himself,,Garment,,,,C,Answer key: C,LET Secondary,English,Vocabulary,3,No,,0.98,Ready for Upload,Path and PDF header indicate BSED/Secondary English major. Correct answer sourced from source PDF answer key.
112,65,2,BSED English Part3.pdf,/Users/lyndon/All reviewers/Sept2026_LET Reviewer Files/L. BSED - English-/BSED English Part3.pdf,An interior monologue is prepared when one is .,,,Reviewing events,,Making a decision,,Planning,,Arguing,,,,B,Answer key: B,LET Secondary,English,English,3,No,,0.98,Ready for Upload,Path and PDF header indicate BSED/Secondary English major. Correct answer sourced from source PDF answer key.
113,66,2,BSED English Part3.pdf,/Users/lyndon/All reviewers/Sept2026_LET Reviewer Files/L. BSED - English-/BSED English Part3.pdf,Which is the appropriate way to read REFRAIN in a poem?,,,Put force on the refrain,,Use normal ton,,Sing the refrain portion,,Read in a softer voice than the verse,,,,A,Answer key: A,LET Secondary,English,Literature,3,No,,0.98,Ready for Upload,Path and PDF header indicate BSED/Secondary English major. Correct answer sourced from source PDF answer key.
114,67,2,BSED English Part3.pdf,/Users/lyndon/All reviewers/Sept2026_LET Reviewer Files/L. BSED - English-/BSED English Part3.pdf,"If someone SHRUGS his/her shoulders, which of the following does he/she manifest?",,,Impatience,,Despair,,Puzzlement,,Indifference,,,,D,Answer key: D,LET Secondary,English,English,3,No,,0.98,Ready for Upload,Path and PDF header indicate BSED/Secondary English major. Correct answer sourced from source PDF answer key.
115,68,2,BSED English Part3.pdf,/Users/lyndon/All reviewers/Sept2026_LET Reviewer Files/L. BSED - English-/BSED English Part3.pdf,"Which of the following words does not rhyme with the rest? CENT, RANG, TEMPS , LENTE",,,Lente,,Temps,,Rang,,Cent,,,,C,Answer key: C,LET Secondary,English,Vocabulary,3,No,,0.98,Ready for Upload,Path and PDF header indicate BSED/Secondary English major. Correct answer sourced from source PDF answer key.
116,69,2,BSED English Part3.pdf,/Users/lyndon/All reviewers/Sept2026_LET Reviewer Files/L. BSED - English-/BSED English Part3.pdf,Which words should receive a mid-pitch level /2/ in this sentence?,,,Is looking,,Looking for,,For me,,Everybody is,,,,D,Answer key: D,LET Secondary,English,Grammar,3,No,,0.98,Ready for Upload,Path and PDF header indicate BSED/Secondary English major. Correct answer sourced from source PDF answer key.
117,70,2,BSED English Part3.pdf,/Users/lyndon/All reviewers/Sept2026_LET Reviewer Files/L. BSED - English-/BSED English Part3.pdf,What correction should be made to this sentence? Our office was moved about fifty blocks from the 7thstreet to 58th Street in New Manila.,,,Change fifty to 50 and 7th to Seventh,,Change 7th to Seventh,,Change 7th to seventh,,Change fifty to 50 and 7th to seventh,,,,D,Answer key: D,LET Secondary,English,Grammar,3,No,,0.98,Ready for Upload,Path and PDF header indicate BSED/Secondary English major. Correct answer sourced from source PDF answer key.
118,71,2,BSED English Part3.pdf,/Users/lyndon/All reviewers/Sept2026_LET Reviewer Files/L. BSED - English-/BSED English Part3.pdf,Which sentence is CORECTLY written?,,,"The S.E.C. has three new members: Dr. Carla Chang. Professor Marcos Ruso, and Roberto Principe. Esq.",,"The SEC has three new members: Dr. Carla Chang, Professor Marcos Ruso, and Roberto Principe, Ecs.",,"The SEC has three new members: Dr. Carla Chang, Professor Marcos Ruso and Roberto Principe Esq",,"The SEC has three new members: Dr. Carla Chang, Professor Marcos Ruso and Roberto Principe Esq.",,,,B,Answer key: B,LET Secondary,English,Grammar,3,No,,0.98,Ready for Upload,Path and PDF header indicate BSED/Secondary English major. Correct answer sourced from source PDF answer key.
119,72,2,BSED English Part3.pdf,/Users/lyndon/All reviewers/Sept2026_LET Reviewer Files/L. BSED - English-/BSED English Part3.pdf,"What kind of homonyms are these words? BARK, BAT, BILL, BOX, FAIR",,,Homophones,,Homographic homophones,,Homographs,,Homophonic Homographs,,,,,Answer key: (no answer),LET Secondary,English,Vocabulary,3,No,,0.78,Needs Answer,Path and PDF header indicate BSED/Secondary English major. Correct answer sourced from source PDF answer key.
120,73,2,BSED English Part3.pdf,/Users/lyndon/All reviewers/Sept2026_LET Reviewer Files/L. BSED - English-/BSED English Part3.pdf,"What are these line delivered by a TV host? “NEXT , OIL PRICES GOING UP.” “COMING UP: SANDRA CAM UPDATE.”",,,Bumpers,,Teasers,,Commercials,,Station identification,,,,B,Answer key: B,LET Secondary,English,English,3,No,,0.98,Ready for Upload,Path and PDF header indicate BSED/Secondary English major. Correct answer sourced from source PDF answer key.
121,74,2,BSED English Part3.pdf,/Users/lyndon/All reviewers/Sept2026_LET Reviewer Files/L. BSED - English-/BSED English Part3.pdf,What kind of word is AWOL?,,,Borrowed,,Clipped,,Acronym,,Blend,,,,C,Answer key: C,LET Secondary,English,Vocabulary,3,No,,0.98,Ready for Upload,Path and PDF header indicate BSED/Secondary English major. Correct answer sourced from source PDF answer key.
122,75,2,BSED English Part3.pdf,/Users/lyndon/All reviewers/Sept2026_LET Reviewer Files/L. BSED - English-/BSED English Part3.pdf,Who comes between the station and the listeners?,,,News reader,,Scriptwriter,,Assignment editor,,Reporter,,,,A,Answer key: A,LET Secondary,English,English,3,No,,0.98,Ready for Upload,Path and PDF header indicate BSED/Secondary English major. Correct answer sourced from source PDF answer key.
123,76,2,BSED English Part3.pdf,/Users/lyndon/All reviewers/Sept2026_LET Reviewer Files/L. BSED - English-/BSED English Part3.pdf,Which phrase should be used to provide explanations?,,,"Today, you will have to learn this, or else…",,"This is a long assignment, but you’ll just have to do it.",,"Complete this exercise, otherwise, there’ll be trouble",,"This will be difficult, but it fits in with …",,,,D,Answer key: D,LET Secondary,English,Grammar,3,No,,0.98,Ready for Upload,Path and PDF header indicate BSED/Secondary English major. Correct answer sourced from source PDF answer key.
124,77,2,BSED English Part3.pdf,/Users/lyndon/All reviewers/Sept2026_LET Reviewer Files/L. BSED - English-/BSED English Part3.pdf,Which phrase should be used to accept diversity?,,,Please used ideas that fit in with what I say in class.,,That’s not the kind of answer we can accept around here.,,"That’s not how I see it, but I can understand how others might see if differently",,"I’ve never heard that expression before, so let’s not start something new.",,,,C,Answer key: C,LET Secondary,English,Grammar,3,No,,0.98,Ready for Upload,Path and PDF header indicate BSED/Secondary English major. Correct answer sourced from source PDF answer key.
125,78,2,BSED English Part3.pdf,/Users/lyndon/All reviewers/Sept2026_LET Reviewer Files/L. BSED - English-/BSED English Part3.pdf,What comment should be avoided so as not to discourage learners?,,,Good work,,You’ve got it,,You’re being lazy again,,Good try,,,,C,Answer key: C,LET Secondary,English,English Language Teaching,3,No,,0.98,Ready for Upload,Path and PDF header indicate BSED/Secondary English major. Correct answer sourced from source PDF answer key.
126,79,2,BSED English Part3.pdf,/Users/lyndon/All reviewers/Sept2026_LET Reviewer Files/L. BSED - English-/BSED English Part3.pdf,Which behavior is NOT manifested by one who has INTERPERSONNAL INTELLIGENCE?,,,Pursues personal interest,,Has lots of friends,,Volunteers help when others need it,,Enjoys cooperatives game,,,,A,Answer key: A,LET Secondary,English,English,3,No,,0.98,Ready for Upload,Path and PDF header indicate BSED/Secondary English major. Correct answer sourced from source PDF answer key.
127,80,3,BSED English Part3.pdf,/Users/lyndon/All reviewers/Sept2026_LET Reviewer Files/L. BSED - English-/BSED English Part3.pdf,Which approach should be used for teaching reading?,,,Basal textbook,,Language process,,Psycholinguistic,,Skills monitoring,,,,A,Answer key: A,LET Secondary,English,Reading Comprehension,3,No,,0.98,Ready for Upload,Path and PDF header indicate BSED/Secondary English major. Correct answer sourced from source PDF answer key.
128,81,3,BSED English Part3.pdf,/Users/lyndon/All reviewers/Sept2026_LET Reviewer Files/L. BSED - English-/BSED English Part3.pdf,Which phrase should be used to give praise and encouragement?,,,That was quick,,"You can never pay attention, can you?",,That’s a dumb answer,,I can see you never study.,,,,A,Answer key: A,LET Secondary,English,Grammar,3,No,,0.98,Ready for Upload,Path and PDF header indicate BSED/Secondary English major. Correct answer sourced from source PDF answer key.
129,82,3,BSED English Part3.pdf,/Users/lyndon/All reviewers/Sept2026_LET Reviewer Files/L. BSED - English-/BSED English Part3.pdf,"If a student thinks in words and uses language and words in many different forms to express complex meanings, surely he likes to",,,Ask questions,,Use body language,,"Dance, act, or mine",,Tell jokes or riddles,,,,A,Answer key: A,LET Secondary,English,Vocabulary,3,No,,0.98,Ready for Upload,Path and PDF header indicate BSED/Secondary English major. Correct answer sourced from source PDF answer key.
130,83,3,BSED English Part3.pdf,/Users/lyndon/All reviewers/Sept2026_LET Reviewer Files/L. BSED - English-/BSED English Part3.pdf,Which word is an EXCEPTION to the rule when two vowels go walking; the first one does the talking?,,,Head,,Each,,Teach,,Meat,,,,A,Answer key: A,LET Secondary,English,Vocabulary,3,No,,0.98,Ready for Upload,Path and PDF header indicate BSED/Secondary English major. Correct answer sourced from source PDF answer key.
131,84,3,BSED English Part3.pdf,/Users/lyndon/All reviewers/Sept2026_LET Reviewer Files/L. BSED - English-/BSED English Part3.pdf,Which error is made when the student reads FEATHER for FATHER?,,,Graphophonic,,Pragmatic,,Semantic,,Syntactic,,,,A,Answer key: A,LET Secondary,English,English,3,No,,0.98,Ready for Upload,Path and PDF header indicate BSED/Secondary English major. Correct answer sourced from source PDF answer key.
132,85,3,BSED English Part3.pdf,/Users/lyndon/All reviewers/Sept2026_LET Reviewer Files/L. BSED - English-/BSED English Part3.pdf,Which word is an EXCEPTION to the CVC rule?,,,Cup,,Land,,Bat,,Fork,,,,B,Answer key: B,LET Secondary,English,Vocabulary,3,No,,0.98,Ready for Upload,Path and PDF header indicate BSED/Secondary English major. Correct answer sourced from source PDF answer key.
133,86,3,BSED English Part3.pdf,/Users/lyndon/All reviewers/Sept2026_LET Reviewer Files/L. BSED - English-/BSED English Part3.pdf,Which should be the cause for poor comprehension?,,,Limited knowledge,,Lack automaticity,,Limited vocabulary,,Insufficient experiences,,,,C,Answer key: C,LET Secondary,English,Reading Comprehension,3,No,,0.98,Ready for Upload,Path and PDF header indicate BSED/Secondary English major. Correct answer sourced from source PDF answer key.
134,87,3,BSED English Part3.pdf,/Users/lyndon/All reviewers/Sept2026_LET Reviewer Files/L. BSED - English-/BSED English Part3.pdf,Which stage of the READING PROCESS is inferred when students construct projects?,,,Reading,,Responding,,Exploring,,Extending,,,,D,Answer key: D,LET Secondary,English,Reading Comprehension,3,No,,0.98,Ready for Upload,Path and PDF header indicate BSED/Secondary English major. Correct answer sourced from source PDF answer key.
135,88,3,BSED English Part3.pdf,/Users/lyndon/All reviewers/Sept2026_LET Reviewer Files/L. BSED - English-/BSED English Part3.pdf,Which errors is made when the student reads STREAKED for STRETCHED?,,,Syntactic,,Pragmatic,,Semantic,,Graphophonic,,,,D,Answer key: D,LET Secondary,English,English,3,No,,0.98,Ready for Upload,Path and PDF header indicate BSED/Secondary English major. Correct answer sourced from source PDF answer key.
136,89,3,BSED English Part3.pdf,/Users/lyndon/All reviewers/Sept2026_LET Reviewer Files/L. BSED - English-/BSED English Part3.pdf,Which instructional procedure makes use of CHILDREN ‘S LANGUAGE and EXPERIENCES?,,,Directed-Reading-Thinking Activity,,Language Experience Approach,,Mastery Learning,,Individualized method,,,,B,Answer key: B,LET Secondary,English,English,3,No,,0.98,Ready for Upload,Path and PDF header indicate BSED/Secondary English major. Correct answer sourced from source PDF answer key.
137,90,3,BSED English Part3.pdf,/Users/lyndon/All reviewers/Sept2026_LET Reviewer Files/L. BSED - English-/BSED English Part3.pdf,Which is an informal tool for determining student READING LEVELS?,,,Informal Reading Inventory (IRI),,Double-Reading-Thinking Activity,,Double-Entry Journal,,Mastery Learning,,,,A,Answer key: A,LET Secondary,English,Reading Comprehension,3,No,,0.98,Ready for Upload,Path and PDF header indicate BSED/Secondary English major. Correct answer sourced from source PDF answer key.
138,91,3,BSED English Part3.pdf,/Users/lyndon/All reviewers/Sept2026_LET Reviewer Files/L. BSED - English-/BSED English Part3.pdf,Which reading takes place when TWO STUDENTS READ A TEXT TOGETHER?,,,Shared,,Independent,,Guided,,Buddy,,,,D,Answer key: D,LET Secondary,English,Reading Comprehension,3,No,,0.98,Ready for Upload,Path and PDF header indicate BSED/Secondary English major. Correct answer sourced from source PDF answer key.
139,92,3,BSED English Part3.pdf,/Users/lyndon/All reviewers/Sept2026_LET Reviewer Files/L. BSED - English-/BSED English Part3.pdf,Which is an ALTERNATIVE to traditional reading instruction that allows children to choose books themselves?,,,Reading Workshop,,In-service Training,,Writing Workshop,,Seminar Workshop,,,,A,Answer key: A,LET Secondary,English,Reading Comprehension,3,No,,0.98,Ready for Upload,Path and PDF header indicate BSED/Secondary English major. Correct answer sourced from source PDF answer key.
140,93,3,BSED English Part3.pdf,/Users/lyndon/All reviewers/Sept2026_LET Reviewer Files/L. BSED - English-/BSED English Part3.pdf,"Which instructional procedure is a BOOK DISCUSSION in which students explore, make interpretation and reflect on their feelings?",,,Directed Reading-Thinking Activity,,Double Entry journal,,Cloze Procedure,,Grand Conversation,,,,D,Answer key: D,LET Secondary,English,English,3,No,,0.98,Ready for Upload,Path and PDF header indicate BSED/Secondary English major. Correct answer sourced from source PDF answer key.
141,94,3,BSED English Part3.pdf,/Users/lyndon/All reviewers/Sept2026_LET Reviewer Files/L. BSED - English-/BSED English Part3.pdf,What is the instructional procedure used when the gather information about reader’s abilities to deal with the content and structure of texts read?,,,Cubing,,Grand Conversation,,Cloze Procedure,,K-W-L Chart,,,,C,Answer key: C,LET Secondary,English,English,3,No,,0.98,Ready for Upload,Path and PDF header indicate BSED/Secondary English major. Correct answer sourced from source PDF answer key.
142,95,3,BSED English Part3.pdf,/Users/lyndon/All reviewers/Sept2026_LET Reviewer Files/L. BSED - English-/BSED English Part3.pdf,Which activity makes use of the ELKONIN boxes?,,,Sound watching,,Segmentation,,Sound Blending,,Sound Isolation,,,,B,Answer key: B,LET Secondary,English,English,3,No,,0.98,Ready for Upload,Path and PDF header indicate BSED/Secondary English major. Correct answer sourced from source PDF answer key.
143,96,4,BSED English Part3.pdf,/Users/lyndon/All reviewers/Sept2026_LET Reviewer Files/L. BSED - English-/BSED English Part3.pdf,"Which of the theories of learning, language and literacy views children as having the ability relate new information to prior knowledge?",,,Constructivist,,Interactive,,Reader response,,Sociolinguistic,,,,A,Answer key: A,LET Secondary,English,English,3,No,,0.98,Ready for Upload,Path and PDF header indicate BSED/Secondary English major. Correct answer sourced from source PDF answer key.
144,97,4,BSED English Part3.pdf,/Users/lyndon/All reviewers/Sept2026_LET Reviewer Files/L. BSED - English-/BSED English Part3.pdf,What kind of word is TELECAST?,,,Blend,,Acronym,,Borrowed,,Clipped,,,,A,Answer key: A,LET Secondary,English,Vocabulary,3,No,,0.98,Ready for Upload,Path and PDF header indicate BSED/Secondary English major. Correct answer sourced from source PDF answer key.
145,98,4,BSED English Part3.pdf,/Users/lyndon/All reviewers/Sept2026_LET Reviewer Files/L. BSED - English-/BSED English Part3.pdf,Which word should receive a high level /3/ in this sentence? SOMEONE IS LOOKING FOR HER.,,,Look,,Someone,,Is looking,,,,,,C,Answer key: C,LET Secondary,English,Grammar,3,No,,0.98,Incomplete,Path and PDF header indicate BSED/Secondary English major. Correct answer sourced from source PDF answer key.
146,99,4,BSED English Part3.pdf,/Users/lyndon/All reviewers/Sept2026_LET Reviewer Files/L. BSED - English-/BSED English Part3.pdf,"Which of the theories of learning, language and literacy emphasizes comprehension as students read?",,,Reader Response,,Constructivist,,Interactive,,Sociolinguistic,,,,B,Answer key: B,LET Secondary,English,Reading Comprehension,3,No,,0.98,Ready for Upload,Path and PDF header indicate BSED/Secondary English major. Correct answer sourced from source PDF answer key.
147,100,4,BSED English Part3.pdf,/Users/lyndon/All reviewers/Sept2026_LET Reviewer Files/L. BSED - English-/BSED English Part3.pdf,"Which of the theories of learning, language and literacy views children as to having the ability to organize and integrate information is schemata?",,,Constructivist,,Reader Response,,Sociolinguistic,,Interactive,,,,D,Answer key: D,LET Secondary,English,English,3,No,,0.98,Ready for Upload,Path and PDF header indicate BSED/Secondary English major. Correct answer sourced from source PDF answer key.
148,1,1,BSED English Part4.pdf,/Users/lyndon/All reviewers/Sept2026_LET Reviewer Files/L. BSED - English-/BSED English Part4.pdf,The rhyme scheme in Villa’s Sonnet 1,,,quatrain,,couplet,,octave,,sestet,,,,B,Answer key: B,LET Secondary,English,Literature,3,No,,0.98,Ready for Upload,Path and PDF header indicate BSED/Secondary English major. Correct answer sourced from source PDF answer key.
149,2,1,BSED English Part4.pdf,/Users/lyndon/All reviewers/Sept2026_LET Reviewer Files/L. BSED - English-/BSED English Part4.pdf,What characteristic of poetry is referred to by the line “It must be slender as a bell” in Villa’s Sonnet 1?,,,rhyme & rhythm,,figurative language,,form & structure,,imagery,,,,C,Answer key: C,LET Secondary,English,Literature,3,No,,0.98,Ready for Upload,Path and PDF header indicate BSED/Secondary English major. Correct answer sourced from source PDF answer key.
150,3,1,BSED English Part4.pdf,/Users/lyndon/All reviewers/Sept2026_LET Reviewer Files/L. BSED - English-/BSED English Part4.pdf,"What emotion is expressed in these lines from Manalang-Gloria’s Poems? “The madcap inspirations, bent/On flinging stars about,/Contrive to break away before/I know that they are out”",,,confusion,,excitement,,awe,,fear,,,,B,Answer key: B,LET Secondary,English,Literature,3,No,,0.98,Ready for Upload,Path and PDF header indicate BSED/Secondary English major. Correct answer sourced from source PDF answer key.
151,4,1,BSED English Part4.pdf,/Users/lyndon/All reviewers/Sept2026_LET Reviewer Files/L. BSED - English-/BSED English Part4.pdf,What figure of speech is used in this line from Alvero’s poem? “Could Gods refuse/Such tempting wine?”,,,apostrophe,,rhetorical question,,allusion,,metaphor,,,,B,Answer key: B,LET Secondary,English,Literature,3,No,,0.98,Ready for Upload,Path and PDF header indicate BSED/Secondary English major. Correct answer sourced from source PDF answer key.
152,5,1,BSED English Part4.pdf,/Users/lyndon/All reviewers/Sept2026_LET Reviewer Files/L. BSED - English-/BSED English Part4.pdf,This line is an example of personification,,,And hold secret a bird’s flowering,,Seeking a truer heaven in/The loved deep,,And so while thoughts went to and fro,,to teach the trees all that I could,,,,C,Answer key: C,LET Secondary,English,English,3,No,,0.98,Ready for Upload,Path and PDF header indicate BSED/Secondary English major. Correct answer sourced from source PDF answer key.
153,6,1,BSED English Part4.pdf,/Users/lyndon/All reviewers/Sept2026_LET Reviewer Files/L. BSED - English-/BSED English Part4.pdf,What do ‘dead stars’ symbolize in Marquez- Benitez’ story?,,,the let-down feeling over the truth of a disillusionment,,the dilemma between responsibility and freedom,,the discovery of how life’s values change with time,,the doubts and uncertainty that stand in a relationship.,,,,A,Answer key: A,LET Secondary,English,English,3,No,,0.98,Ready for Upload,Path and PDF header indicate BSED/Secondary English major. Correct answer sourced from source PDF answer key.
154,7,1,BSED English Part4.pdf,/Users/lyndon/All reviewers/Sept2026_LET Reviewer Files/L. BSED - English-/BSED English Part4.pdf,“Things that are beautiful have a way of hurting. I destroy when I feel hurt.” What does Fabian’s thoughts reveal about his character?,,,bitter,,goal-oriented,,persistent,,vindictive,,,,A,Answer key: A,LET Secondary,English,English,3,No,,0.98,Ready for Upload,Path and PDF header indicate BSED/Secondary English major. Correct answer sourced from source PDF answer key.
155,8,1,BSED English Part4.pdf,/Users/lyndon/All reviewers/Sept2026_LET Reviewer Files/L. BSED - English-/BSED English Part4.pdf,"“They dressed him in purple and linen, in myth and mystery, put him astride a black stallion, at the wheel of a blue automobile.” How do the townspeople regard Mr. Reteche in Rotor’s Zita?",,,They find him difficult and confusing.,,They were at awe with his presence.,,They mocked him.,,They respected and admired him.,,,,D,Answer key: D,LET Secondary,English,English,3,No,,0.98,Ready for Upload,Path and PDF header indicate BSED/Secondary English major. Correct answer sourced from source PDF answer key.
156,9,1,BSED English Part4.pdf,/Users/lyndon/All reviewers/Sept2026_LET Reviewer Files/L. BSED - English-/BSED English Part4.pdf,“She did not have the courage to break into the wedding feast.” What did the ‘wedding feast’ stand for in the relationship of Awiyao and Lumnay in Daguio’s “Wedding Dance”?,,,village tradition,,love for each other,,desire to have a child,,patriarchal society,,,,A,Answer key: A,LET Secondary,English,English,3,No,,0.98,Ready for Upload,Path and PDF header indicate BSED/Secondary English major. Correct answer sourced from source PDF answer key.
157,10,1,BSED English Part4.pdf,/Users/lyndon/All reviewers/Sept2026_LET Reviewer Files/L. BSED - English-/BSED English Part4.pdf,“And far away in the middle of the fields a cow lowed softly in answer.” What sense image is used in this excerpt from Arguilla’s How My Brother Leon Brought Home a Wife?,,,visual,,olfactory,,tactile,,auditory,,,,D,Answer key: D,LET Secondary,English,English,3,No,,0.98,Ready for Upload,Path and PDF header indicate BSED/Secondary English major. Correct answer sourced from source PDF answer key.
158,11,1,BSED English Part4.pdf,/Users/lyndon/All reviewers/Sept2026_LET Reviewer Files/L. BSED - English-/BSED English Part4.pdf,“A little green snake slithered languidly into the tall grass a few yards from the kamansi tree.” What does the snake symbolize in Love in the Cornhusks?,,,betrayal,,temptation,,distrust,,lust,,,,B,Answer key: B,LET Secondary,English,English,3,No,,0.98,Ready for Upload,Path and PDF header indicate BSED/Secondary English major. Correct answer sourced from source PDF answer key.
159,12,1,BSED English Part4.pdf,/Users/lyndon/All reviewers/Sept2026_LET Reviewer Files/L. BSED - English-/BSED English Part4.pdf,"“She was deep in the road before she became conscious of her shoes. In horror, she saw that they were coated with thick, black clay. Gingerly she pulled off one shoe after the other with the hand still clutching the letter.” What does the underlined word in this excerpt from Love in the Cornhusks mean?",,,disgustedly,,carefully,,hurriedly,,determined,,,,B,Answer key: B,LET Secondary,English,Vocabulary,3,No,,0.98,Ready for Upload,Path and PDF header indicate BSED/Secondary English major. Correct answer sourced from source PDF answer key.
160,13,2,BSED English Part4.pdf,/Users/lyndon/All reviewers/Sept2026_LET Reviewer Files/L. BSED - English-/BSED English Part4.pdf,What historical time is Nick Joaquin’s May Day Eve set?,,,Japanese occupation,,American time,,Spanish regime,,Martial law era,,,,C,Answer key: C,LET Secondary,English,English,3,No,,0.98,Ready for Upload,Path and PDF header indicate BSED/Secondary English major. Correct answer sourced from source PDF answer key.
161,14,2,BSED English Part4.pdf,/Users/lyndon/All reviewers/Sept2026_LET Reviewer Files/L. BSED - English-/BSED English Part4.pdf,What symbol is used to link the events of the three generations in May Day Eve?,,,guardia sereno,,candle,,mirror,,midnight,,,,C,Answer key: C,LET Secondary,English,English,3,No,,0.98,Ready for Upload,Path and PDF header indicate BSED/Secondary English major. Correct answer sourced from source PDF answer key.
162,15,2,BSED English Part4.pdf,/Users/lyndon/All reviewers/Sept2026_LET Reviewer Files/L. BSED - English-/BSED English Part4.pdf,How long is the span of the story May Day Eve?,,,one month,,almost 50 years,,overnight,,3 years,,,,B,Answer key: B,LET Secondary,English,English,3,No,,0.98,Ready for Upload,Path and PDF header indicate BSED/Secondary English major. Correct answer sourced from source PDF answer key.
163,16,2,BSED English Part4.pdf,/Users/lyndon/All reviewers/Sept2026_LET Reviewer Files/L. BSED - English-/BSED English Part4.pdf,What does Magnificence refer to in Alfon’s story?,,,the girls’ innocence,,Vicente’s kindness and generosity,,the father’s protectiveness,,the mother’s comforting presence,,,,D,Answer key: D,LET Secondary,English,English,3,No,,0.98,Ready for Upload,Path and PDF header indicate BSED/Secondary English major. Correct answer sourced from source PDF answer key.
164,17,2,BSED English Part4.pdf,/Users/lyndon/All reviewers/Sept2026_LET Reviewer Files/L. BSED - English-/BSED English Part4.pdf,"“There was nothing to fear, for the man was always so gentle, so kind.” What literary device is employed in this line from Magnificence?",,,foreshadowing,,en medias res,,symbolism,,flashback,,,,A,Answer key: A,LET Secondary,English,Literature,3,No,,0.98,Ready for Upload,Path and PDF header indicate BSED/Secondary English major. Correct answer sourced from source PDF answer key.
165,18,2,BSED English Part4.pdf,/Users/lyndon/All reviewers/Sept2026_LET Reviewer Files/L. BSED - English-/BSED English Part4.pdf,What is Cordero-Fernando’s view on the educational system in The Visitation of the Gods?,,,She hates the rotten side of the system.,,She questions the role of educators.,,She is proud of the administrators.,,She upholds quality education.,,,,A,Answer key: A,LET Secondary,English,English,3,No,,0.98,Ready for Upload,Path and PDF header indicate BSED/Secondary English major. Correct answer sourced from source PDF answer key.
166,19,2,BSED English Part4.pdf,/Users/lyndon/All reviewers/Sept2026_LET Reviewer Files/L. BSED - English-/BSED English Part4.pdf,"What character of Miss Noel is revealed in this statement? “Sir, during the five years that I’ve taught I’ve done my best to live to my ideals. Yet, I please nobody. It’s the same old narrow conformism and favor-curriying.”",,,militant,,stubborn,,idealistic,,pessimistic,,,,C,Answer key: C,LET Secondary,English,English,3,No,,0.98,Ready for Upload,Path and PDF header indicate BSED/Secondary English major. Correct answer sourced from source PDF answer key.
167,20,2,BSED English Part4.pdf,/Users/lyndon/All reviewers/Sept2026_LET Reviewer Files/L. BSED - English-/BSED English Part4.pdf,"“It was not quite five, and the bread was not yet ready.” What does the bread symbolize in N.V.M. Gonzales’ Bread of Salt?",,,The boy’s unreciprocated love for Aida.,,The embarrassment of the boy in the presence of Aida.,,The boy’s dream of becoming a famous violinist.,,The differences in the social status between Aida and the boy.,,,,D,Answer key: D,LET Secondary,English,English,3,No,,0.98,Ready for Upload,Path and PDF header indicate BSED/Secondary English major. Correct answer sourced from source PDF answer key.
168,21,2,BSED English Part4.pdf,/Users/lyndon/All reviewers/Sept2026_LET Reviewer Files/L. BSED - English-/BSED English Part4.pdf,“I felt all ardor for her gone from me entirely.” What epiphany does the character experience in N.V.M. Gonzales’ Bread of Salt?,,,The boy did not like Aida’s aristocratic upbringing.,,His love for Aida was but an infatuation.,,He has found another girl to love.,,Aida did not like him.,,,,B,Answer key: B,LET Secondary,English,English,3,No,,0.98,Ready for Upload,Path and PDF header indicate BSED/Secondary English major. Correct answer sourced from source PDF answer key.
169,22,2,BSED English Part4.pdf,/Users/lyndon/All reviewers/Sept2026_LET Reviewer Files/L. BSED - English-/BSED English Part4.pdf,Which is an olfactory image?,,,The sun had sunk and down from the wooded sides of the Katayagan hills shadows were stealing into the fields.,,He swallowed and brought up to his mouth more cud and the sound of his insides was like a drum.,,"The thick unpleasant smell of dangla bushes and cooling sun-heated earth mingled with the clean, sharp scent of arrais roots exposed to the night air and of the hay inside the cart.",,The wind whistled against my cheeks and the rattling of the wheels on the pebbly road echoed in my ears.,,,,C,Answer key: C,LET Secondary,English,English,3,No,,0.98,Ready for Upload,Path and PDF header indicate BSED/Secondary English major. Correct answer sourced from source PDF answer key.
170,23,2,BSED English Part4.pdf,/Users/lyndon/All reviewers/Sept2026_LET Reviewer Files/L. BSED - English-/BSED English Part4.pdf,Which story shows the conflict of person vs. self?,,,The Visitation of the Gods,,The Virgin,,May Day Eve,,Magnificence,,,,B,Answer key: B,LET Secondary,English,English,3,No,,0.98,Ready for Upload,Path and PDF header indicate BSED/Secondary English major. Correct answer sourced from source PDF answer key.
171,24,2,BSED English Part4.pdf,/Users/lyndon/All reviewers/Sept2026_LET Reviewer Files/L. BSED - English-/BSED English Part4.pdf,Which of the following stories is in medias res?,,,Love in the Cornhusks,,Wedding Dance,,Dead Stars,,The Small Key,,,,A,Answer key: A,LET Secondary,English,English,3,No,,0.98,Ready for Upload,Path and PDF header indicate BSED/Secondary English major. Correct answer sourced from source PDF answer key.
172,25,2,BSED English Part4.pdf,/Users/lyndon/All reviewers/Sept2026_LET Reviewer Files/L. BSED - English-/BSED English Part4.pdf,Which story uses the first person narrator point of view?,,,Bread of Salt,,How My Brother Leon Brought Home a Wife,,The Visitation of the Gods,,Harvest,,,,A,Answer key: A,LET Secondary,English,English,3,No,,0.98,Ready for Upload,Path and PDF header indicate BSED/Secondary English major. Correct answer sourced from source PDF answer key.
173,26,3,BSED English Part4.pdf,/Users/lyndon/All reviewers/Sept2026_LET Reviewer Files/L. BSED - English-/BSED English Part4.pdf,Which story is a satire?,,,The Virgin,,Wedding Dance,,The Visitation of the Gods,,Harvest,,,,C,Answer key: C,LET Secondary,English,English,3,No,,0.98,Ready for Upload,Path and PDF header indicate BSED/Secondary English major. Correct answer sourced from source PDF answer key.
174,27,3,BSED English Part4.pdf,/Users/lyndon/All reviewers/Sept2026_LET Reviewer Files/L. BSED - English-/BSED English Part4.pdf,In which story does the main character experience epiphany?,,,Visitation of the Gods,,How My Brother Leon Brought Home a Wife,,Bread of Salt,,The Small Key,,,,C,Answer key: C,LET Secondary,English,English,3,No,,0.98,Ready for Upload,Path and PDF header indicate BSED/Secondary English major. Correct answer sourced from source PDF answer key.
175,28,3,BSED English Part4.pdf,/Users/lyndon/All reviewers/Sept2026_LET Reviewer Files/L. BSED - English-/BSED English Part4.pdf,Which among these objects is a phallic symbol in literature?,,,key,,cornhusks,,Waig,,pencil,,,,D,Answer key: D,LET Secondary,English,Literature,3,No,,0.98,Ready for Upload,Path and PDF header indicate BSED/Secondary English major. Correct answer sourced from source PDF answer key.
176,29,3,BSED English Part4.pdf,/Users/lyndon/All reviewers/Sept2026_LET Reviewer Files/L. BSED - English-/BSED English Part4.pdf,Which story has a circular plot?,,,Dead Stars,,May Day Eve,,Magnificence,,Harvest,,,,B,Answer key: B,LET Secondary,English,English,3,No,,0.98,Ready for Upload,Path and PDF header indicate BSED/Secondary English major. Correct answer sourced from source PDF answer key.
177,30,3,BSED English Part4.pdf,/Users/lyndon/All reviewers/Sept2026_LET Reviewer Files/L. BSED - English-/BSED English Part4.pdf,Which is not characteristic of a story of local color?,,,mores and traditions of a particular locality,,description of the local setting,,bias and prejudice of characters,,politeness and address markers,,,,C,Answer key: C,LET Secondary,English,English,3,No,,0.98,Ready for Upload,Path and PDF header indicate BSED/Secondary English major. Correct answer sourced from source PDF answer key.
178,31,3,BSED English Part4.pdf,/Users/lyndon/All reviewers/Sept2026_LET Reviewer Files/L. BSED - English-/BSED English Part4.pdf,The figure of speech implied in this line from Alfon’s Forever Witches: “MARING: Bastos! I know what you really wanted to say. Pusa ka din!!”,,,metaphor,,pun,,personification,,hyperbole,,,,B,Answer key: B,LET Secondary,English,Literature,3,No,,0.98,Ready for Upload,Path and PDF header indicate BSED/Secondary English major. Correct answer sourced from source PDF answer key.
179,32,3,BSED English Part4.pdf,/Users/lyndon/All reviewers/Sept2026_LET Reviewer Files/L. BSED - English-/BSED English Part4.pdf,"What does Gonzalo mean by “a little longer” in this excerpt from Guerrero’s Three Rats? Adrian: (Laughing): I expect to live a little longer, Gonzalo. Gonzalo: A little longer is right. (Adrian’s face slowly begins to get red. He feels a giddiness in his head – he presses his temples.)",,,He wants Adrian to apologize for his affair with Nita.,,The cyanide in Adrian’s coffee is taking effect.,,Adrian is getting drunk and incoherent.,,His wife’s infidelity makes him suffer in silence.,,,,B,Answer key: B,LET Secondary,English,English,3,No,,0.98,Ready for Upload,Path and PDF header indicate BSED/Secondary English major. Correct answer sourced from source PDF answer key.
180,33,3,BSED English Part4.pdf,/Users/lyndon/All reviewers/Sept2026_LET Reviewer Files/L. BSED - English-/BSED English Part4.pdf,“Gonzalo: I attach myself to nothing and to nobody.” What character trait does Gonzalo reveal in this excerpt from Guerrero’s Three Rats?,,,shyness,,indifference,,pride,,boldness,,,,B,Answer key: B,LET Secondary,English,English,3,No,,0.98,Ready for Upload,Path and PDF header indicate BSED/Secondary English major. Correct answer sourced from source PDF answer key.
181,34,3,BSED English Part4.pdf,/Users/lyndon/All reviewers/Sept2026_LET Reviewer Files/L. BSED - English-/BSED English Part4.pdf,Montano’s Sabina opens with this scene,,,novena prayers for the dead,,"burial of Sabina’s mother, Maria",,confrontation between Sabina & Mr. George,,Sabina lighting the lamp,,,,A,Answer key: A,LET Secondary,English,English,3,No,,0.98,Ready for Upload,Path and PDF header indicate BSED/Secondary English major. Correct answer sourced from source PDF answer key.
182,35,3,BSED English Part4.pdf,/Users/lyndon/All reviewers/Sept2026_LET Reviewer Files/L. BSED - English-/BSED English Part4.pdf,“A bamboo flute is heard far away. Once more we hear the turtle crying.” What sense imagery is used in this description of the scene?,,,visual,,auditory,,tactile,,olfactory,,,,B,Answer key: B,LET Secondary,English,English,3,No,,0.98,Ready for Upload,Path and PDF header indicate BSED/Secondary English major. Correct answer sourced from source PDF answer key.
183,36,3,BSED English Part4.pdf,/Users/lyndon/All reviewers/Sept2026_LET Reviewer Files/L. BSED - English-/BSED English Part4.pdf,"What is the tone of the father’s statement in this line from Florentino’s The Dancers? “ FATHER: (mimicking her). She’s still a baby! I’m telling you, she’s old enough to have a Baby!",,,bitter,,sarcastic,,thrilled,,hopeful,,,,B,Answer key: B,LET Secondary,English,Reading Comprehension,3,No,,0.98,Ready for Upload,Path and PDF header indicate BSED/Secondary English major. Correct answer sourced from source PDF answer key.
184,37,3,BSED English Part4.pdf,/Users/lyndon/All reviewers/Sept2026_LET Reviewer Files/L. BSED - English-/BSED English Part4.pdf,Which comic technique is used in Agana’s NewYorker in Tondo?,,,mistaken identity,,physical blunder,,reversal of fortune,,ridiculous situation,,,,D,Answer key: D,LET Secondary,English,English,3,No,,0.98,Ready for Upload,Path and PDF header indicate BSED/Secondary English major. Correct answer sourced from source PDF answer key.
185,38,3,BSED English Part4.pdf,/Users/lyndon/All reviewers/Sept2026_LET Reviewer Files/L. BSED - English-/BSED English Part4.pdf,This play is a satire,,,Forever Witches,,The Dancers,,The Husband of Mrs. Cruz,,Sabina,,,,C,Answer key: C,LET Secondary,English,Literature,3,No,,0.98,Ready for Upload,Path and PDF header indicate BSED/Secondary English major. Correct answer sourced from source PDF answer key.
186,39,3,BSED English Part4.pdf,/Users/lyndon/All reviewers/Sept2026_LET Reviewer Files/L. BSED - English-/BSED English Part4.pdf,Which of the following plays is a farce?,,,Forever Witches,,The Dancers,,The Husband of Mrs. Cruz,,Sabina,,,,A,Answer key: A,LET Secondary,English,Literature,3,No,,0.98,Ready for Upload,Path and PDF header indicate BSED/Secondary English major. Correct answer sourced from source PDF answer key.
187,40,3,BSED English Part4.pdf,/Users/lyndon/All reviewers/Sept2026_LET Reviewer Files/L. BSED - English-/BSED English Part4.pdf,This play is naturalistic in orientation,,,Sabina,,Forever Witches,,The Dancers,,Three Rats,,,,C,Answer key: C,LET Secondary,English,Literature,3,No,,0.98,Ready for Upload,Path and PDF header indicate BSED/Secondary English major. Correct answer sourced from source PDF answer key.
188,41,4,BSED English Part4.pdf,/Users/lyndon/All reviewers/Sept2026_LET Reviewer Files/L. BSED - English-/BSED English Part4.pdf,What rhythmical device is used in this line from Latorena’s The Small Key? “…even the low square nipa house that stood in unashamed relief against the gray green haze of grass and leaves.”,,,alliteration,,assonance,,consonance,,anaphora,,,,A,Answer key: A,LET Secondary,English,English,3,No,,0.98,Ready for Upload,Path and PDF header indicate BSED/Secondary English major. Correct answer sourced from source PDF answer key.
189,42,4,BSED English Part4.pdf,/Users/lyndon/All reviewers/Sept2026_LET Reviewer Files/L. BSED - English-/BSED English Part4.pdf,"What sense image is used in this line from Latorena’s The Small Key? “There were dark, newly plowed furrows where in due time timorous seedlings would rise to sturdy stalks and golden grain, to a rippling yellow sea in the wind and sun during harvest time.”",,,tactile,,olfactory,,visual,,auditory,,,,C,Answer key: C,LET Secondary,English,English,3,No,,0.98,Ready for Upload,Path and PDF header indicate BSED/Secondary English major. Correct answer sourced from source PDF answer key.
190,43,4,BSED English Part4.pdf,/Users/lyndon/All reviewers/Sept2026_LET Reviewer Files/L. BSED - English-/BSED English Part4.pdf,"“Soledad nodded. Her eyes followed her husband down the road, noting the fine set of his head and shoulders, the ease of his stride. A strange ache rose in her throat.” Which emotion best describes Soledad’s feelings in this excerpt from Latorena’s The Small Key?",,,fervent desire,,discomfort from sore throat,,instinctive suspicion,,twinge of sadness,,,,D,Answer key: D,LET Secondary,English,English,3,No,,0.98,Ready for Upload,Path and PDF header indicate BSED/Secondary English major. Correct answer sourced from source PDF answer key.
191,44,4,BSED English Part4.pdf,/Users/lyndon/All reviewers/Sept2026_LET Reviewer Files/L. BSED - English-/BSED English Part4.pdf,"What figure of speech is used in this last paragraph from Latorena’s The Small Key? “How quiet and peaceful the day was! A cow that had strayed by looked over her shoulder with a round vague inquiry and went on chewing her cud, blissfully unaware of such things as a gnawing fear in the heart of a woman and a still smoldering resentment in a man’s.”",,,irony,,simile,,personification,,metaphor,,,,A,Answer key: A,LET Secondary,English,Literature,3,No,,0.98,Ready for Upload,Path and PDF header indicate BSED/Secondary English major. Correct answer sourced from source PDF answer key.
192,45,4,BSED English Part4.pdf,/Users/lyndon/All reviewers/Sept2026_LET Reviewer Files/L. BSED - English-/BSED English Part4.pdf,Alfredo Salazar undergoes epiphany at the end of Marquez-Benitez’ story. What does epiphany mean?,,,regret,,insight,,freedom,,confusion,,,,B,Answer key: B,LET Secondary,English,English,3,No,,0.98,Ready for Upload,Path and PDF header indicate BSED/Secondary English major. Correct answer sourced from source PDF answer key.
193,1,1,BSED English Part5.pdf,/Users/lyndon/All reviewers/Sept2026_LET Reviewer Files/L. BSED - English-/BSED English Part5.pdf,"In the passage, which of the following best describes the speaker's attitude toward the very rich? Let me tell you about the very rich. They are different from you and me. They possess and enjoy early, and it does something to them, makes them soft where we are hard, and cynical where we are trustful, in a way that, unless you were born rich, it is very difficult to understand. They think, deep in their hearts, that they are better than we are because we had to discover the compensations and refuges of life for ourselves. Even when they enter deep into our world or sink below us, they still think that they are better than we are. They are different.",,,He finds their pessimism alarming and unwarranted.,,He finds them so different from the rest of society,,He believes that the rich know more than others do.,,He thinks that he understands their way of life.,,,,B,Answer key: B,LET Secondary,English,Reading Comprehension,3,No,,0.98,Ready for Upload,Path and PDF header indicate BSED/Secondary English major. Correct answer sourced from source PDF answer key.
194,2,1,BSED English Part5.pdf,/Users/lyndon/All reviewers/Sept2026_LET Reviewer Files/L. BSED - English-/BSED English Part5.pdf,What is the tone of the speaker in the previous passage?,,,Optimistic,,Laconic,,Pessimistic,,Sarcastic,,,,D,Answer key: D,LET Secondary,English,Reading Comprehension,3,No,,0.98,Ready for Upload,Path and PDF header indicate BSED/Secondary English major. Correct answer sourced from source PDF answer key.
195,3,1,BSED English Part5.pdf,/Users/lyndon/All reviewers/Sept2026_LET Reviewer Files/L. BSED - English-/BSED English Part5.pdf,"What do the novels of Bronte, Eliot, Gaskell and Dickens reveal about fiction produced during the Victorian period in English Literature?",,,They closely represent the real social life of the times.,,The novels were long and full of psychological musings.,,They concentrate on the effect of industrialization on cities.,,They were largely produced by upper middle-class women.,,,,A,Answer key: A,LET Secondary,English,Literature,3,No,,0.98,Ready for Upload,Path and PDF header indicate BSED/Secondary English major. Correct answer sourced from source PDF answer key.
196,4,1,BSED English Part5.pdf,/Users/lyndon/All reviewers/Sept2026_LET Reviewer Files/L. BSED - English-/BSED English Part5.pdf,"What do the last two lines from Freneau’s The Wild Honeysuckle reveal about life? From morning suns and evening dews At first thy little being came; If nothing once, you nothing lose, For when you die you are the same; The space between is but an hour, The frail duration of flower.",,,Life is just an hour.,,Life is frail.,,Life is short.,,It is like a flower.,,,,C,Answer key: C,LET Secondary,English,English,3,No,,0.98,Ready for Upload,Path and PDF header indicate BSED/Secondary English major. Correct answer sourced from source PDF answer key.
197,5,1,BSED English Part5.pdf,/Users/lyndon/All reviewers/Sept2026_LET Reviewer Files/L. BSED - English-/BSED English Part5.pdf,"What do the following lines from Wordsworth’s Psalm of Life reveal about heroes and heroism? Lives of great men all remind us We can make our lives sublime, And, departing, leave behind us Footprints on the sands of time;",,,Anybody can be a hero.,,Heroes are often forgotten.,,Heroes are easy to find,,It is easy to do heroic acts.,,,,A,Answer key: A,LET Secondary,English,Vocabulary,3,No,,0.98,Ready for Upload,Path and PDF header indicate BSED/Secondary English major. Correct answer sourced from source PDF answer key.
198,6,1,BSED English Part5.pdf,/Users/lyndon/All reviewers/Sept2026_LET Reviewer Files/L. BSED - English-/BSED English Part5.pdf,"According to the speaker in Sanburg’s ""Chicago,"" how would most others describe the city? They tell me you are wicked and I believe them, for I have seen your painted women under the gas lamps luring the farm boys.",,,Admirable,,Amusing,,Immoral,,Vibrant,,,,C,Answer key: C,LET Secondary,English,English,3,No,,0.98,Ready for Upload,Path and PDF header indicate BSED/Secondary English major. Correct answer sourced from source PDF answer key.
199,7,1,BSED English Part5.pdf,/Users/lyndon/All reviewers/Sept2026_LET Reviewer Files/L. BSED - English-/BSED English Part5.pdf,"What does the speaker like about Chicago as shown in the following lines? Come and show me another city with lifted head singing so proud to be alive and coarse and strong and cunning. Flinging magnetic curses amid the toil of piling job on job, here is a tall bold slugger set vivid against the little soft cities;",,,Its vitality,,Its wickedness,,Its indifference,,Its progress,,,,A,Answer key: A,LET Secondary,English,English,3,No,,0.98,Ready for Upload,Path and PDF header indicate BSED/Secondary English major. Correct answer sourced from source PDF answer key.
200,8,1,BSED English Part5.pdf,/Users/lyndon/All reviewers/Sept2026_LET Reviewer Files/L. BSED - English-/BSED English Part5.pdf,"Who are the summer soldier and the sunshine patriot Paine alluded to in The Crisis? THESE are the times that try men's souls. The summer soldier and the sunshine patriot will, in this crisis, shrink from the service of their country; but he that stands it now, deserves the love and thanks of man and woman.",,,The cowards who love their country less,,The brave men and women in the country,,The happy optimistic people,,The former heroes of the revolution,,,,A,Answer key: A,LET Secondary,English,English,3,No,,0.98,Ready for Upload,Path and PDF header indicate BSED/Secondary English major. Correct answer sourced from source PDF answer key.
201,9,2,BSED English Part5.pdf,/Users/lyndon/All reviewers/Sept2026_LET Reviewer Files/L. BSED - English-/BSED English Part5.pdf,"What does that the speaker lament over in the following lines? ""What's in a name? That which we call a rose by any other name would smell as sweet"". - (Romeo and Juliet Act II, Scene II)",,,Roses will always be roses despite their variety.,,Their names keep Romeo and Juliet apart.,,Romeo and Juliet will always love one another.,,Changing names will help Romeo and Juliet.,,,,B,Answer key: B,LET Secondary,English,English,3,No,,0.98,Ready for Upload,Path and PDF header indicate BSED/Secondary English major. Correct answer sourced from source PDF answer key.
202,10,2,BSED English Part5.pdf,/Users/lyndon/All reviewers/Sept2026_LET Reviewer Files/L. BSED - English-/BSED English Part5.pdf,Which of the following is an example of novel of the soil?,,,The Good Earth,,Bread and Wine,,Catcher in the Rye,,Sound and the Fury,,,,A,Answer key: A,LET Secondary,English,Literature,3,No,,0.98,Ready for Upload,Path and PDF header indicate BSED/Secondary English major. Correct answer sourced from source PDF answer key.
203,11,2,BSED English Part5.pdf,/Users/lyndon/All reviewers/Sept2026_LET Reviewer Files/L. BSED - English-/BSED English Part5.pdf,"What does the speaker celebrate in “The Soul Selects her own Society”? The soul selects her own society, Then shuts the door; On her divine majority Obtrude no more.",,,conformity,,community,,life and freedom,,self-imposed isolation,,,,D,Answer key: D,LET Secondary,English,English,3,No,,0.98,Ready for Upload,Path and PDF header indicate BSED/Secondary English major. Correct answer sourced from source PDF answer key.
204,12,2,BSED English Part5.pdf,/Users/lyndon/All reviewers/Sept2026_LET Reviewer Files/L. BSED - English-/BSED English Part5.pdf,"What do the following lines reveal about the world? ""All the world’s a stage, and all the men and women merely players. They have their exits and their entrances; And one man in his time plays many parts"" - (As You Like It, Act II, Scene VII)",,,Life is just like going to the theater.,,People have different roles to play in life.,,"Life is but an empty, senseless dream.",,People live and die at different times.,,,,B,Answer key: B,LET Secondary,English,Literature,3,No,,0.98,Ready for Upload,Path and PDF header indicate BSED/Secondary English major. Correct answer sourced from source PDF answer key.
205,13,2,BSED English Part5.pdf,/Users/lyndon/All reviewers/Sept2026_LET Reviewer Files/L. BSED - English-/BSED English Part5.pdf,"What truth about humans do the following lines from A Noiseless Patient Spider reveal? And you, O my Soul, where you stand, Surrounded, surrounded, in measureless oceans of space, Ceaselessly musing, venturing, throwing,-- seeking the spheres, to connect them; Till the bridge you will need, be form'd--till the ductile anchor hold; Till the gossamer thread you fling, catch somewhere, O my Soul.",,,People need food and shelter,,People search for their meaning,,People need friends and families,,People endlessly seek to create,,,,B,Answer key: B,LET Secondary,English,English,3,No,,0.98,Ready for Upload,Path and PDF header indicate BSED/Secondary English major. Correct answer sourced from source PDF answer key.
206,14,2,BSED English Part5.pdf,/Users/lyndon/All reviewers/Sept2026_LET Reviewer Files/L. BSED - English-/BSED English Part5.pdf,Which of the following is the resounding theme of contemporary stories like Hemingway’s A Clean and Well Lighted Place and Anderson’s Hands?,,,alienation from the society,,melancholia in solitude,,respect for the old,,contentment in life,,,,A,Answer key: A,LET Secondary,English,English,3,No,,0.98,Ready for Upload,Path and PDF header indicate BSED/Secondary English major. Correct answer sourced from source PDF answer key.
207,15,2,BSED English Part5.pdf,/Users/lyndon/All reviewers/Sept2026_LET Reviewer Files/L. BSED - English-/BSED English Part5.pdf,"Who is alluded to as the Captain in the following lines from Whitman’s poem? O captain! My Captain! Our fearful trip is done, The ship has weather’d every rack, the prize we sought is won.",,,Abraham Lincoln,,George Washington,,John F. Kennedy,,Thomas Jefferson,,,,A,Answer key: A,LET Secondary,English,Literature,3,No,,0.98,Ready for Upload,Path and PDF header indicate BSED/Secondary English major. Correct answer sourced from source PDF answer key.
208,16,2,BSED English Part5.pdf,/Users/lyndon/All reviewers/Sept2026_LET Reviewer Files/L. BSED - English-/BSED English Part5.pdf,"How does Shelley regard the west wind in the following ode? From Ode to the West Wind Her clarion o'er the dreaming earth, and fill (Driving sweet buds like flocks to feed in air฀) With living hues and odours plain and hill: Wild Spirit, which art moving everywhere; Destroyer and Preserver; hear, oh, hear!",,,It is responsible for preserving life.,,It can both wipe out and maintain life.,,It is a wild spirit in nature that is very strong.,,It is strong but weak since it is everywhere.,,,,B,Answer key: B,LET Secondary,English,English,3,No,,0.98,Ready for Upload,Path and PDF header indicate BSED/Secondary English major. Correct answer sourced from source PDF answer key.
209,17,2,BSED English Part5.pdf,/Users/lyndon/All reviewers/Sept2026_LET Reviewer Files/L. BSED - English-/BSED English Part5.pdf,"How does the speaker picture God in the following sermon? The God that holds you over the pit of hell, much as one holds a spider; or some loathsome insect, over the fire, abhors you, and is dreadfully provoked: his wrath towards you burns like fire; he looks upon you as worthy of nothing else, but to be cast into the fire; he is of purer eyes than to bear to have you in his sight; you are ten thousand times more abominable in his eyes, than the most hateful venomous serpent is in ours.",,,incensed,,abominable,,assertive,,vengeful,,,,A,Answer key: A,LET Secondary,English,English,3,No,,0.98,Ready for Upload,Path and PDF header indicate BSED/Secondary English major. Correct answer sourced from source PDF answer key.
210,18,3,BSED English Part5.pdf,/Users/lyndon/All reviewers/Sept2026_LET Reviewer Files/L. BSED - English-/BSED English Part5.pdf,Paradise Lost is considered among the greatest epics in English. Which of the following was the basis for this epic poem?,,,treachery of Judas Iscariot,,the passion of Christ,,fall from God’s grace,,sinning of Adam and Eve,,,,D,Answer key: D,LET Secondary,English,Literature,3,No,,0.98,Ready for Upload,Path and PDF header indicate BSED/Secondary English major. Correct answer sourced from source PDF answer key.
211,19,3,BSED English Part5.pdf,/Users/lyndon/All reviewers/Sept2026_LET Reviewer Files/L. BSED - English-/BSED English Part5.pdf,"What does the speaker mean in the following lines? “Let’s so persevere That when we live no more, we may live ever” From To My Dear and Loving Husband",,,Let’s continue writing poetry to immortalize us.,,Let’s have faith in God and He will keep us alive.,,"Let’s be true to our love, and we will be joined in eternity.",,Let’s have lots of children to remember us when we die.,,,,C,Answer key: C,LET Secondary,English,English,3,No,,0.98,Ready for Upload,Path and PDF header indicate BSED/Secondary English major. Correct answer sourced from source PDF answer key.
212,20,3,BSED English Part5.pdf,/Users/lyndon/All reviewers/Sept2026_LET Reviewer Files/L. BSED - English-/BSED English Part5.pdf,Which of the following is NOT an example of Gothic literature?,,,Dracula,,Lord of the Rings,,Frankenstein,,Tell Tale Heart,,,,B,Answer key: B,LET Secondary,English,Literature,3,No,,0.98,Ready for Upload,Path and PDF header indicate BSED/Secondary English major. Correct answer sourced from source PDF answer key.
213,1,1,BSED English Part6.pdf,/Users/lyndon/All reviewers/Sept2026_LET Reviewer Files/L. BSED - English-/BSED English Part6.pdf,"What is the tone of the following lines from Shakespeare’s Hamlet? What a piece of work is a man! How noble in reason! How infinite in faculties! In form and moving, how express and admirable!",,,amazement,,mockery,,veneration,,sadness,,,,C,Answer key: C,LET Secondary,English,Literature,3,No,,0.98,Ready for Upload,Path and PDF header indicate BSED/Secondary English major. Correct answer sourced from source PDF answer key.
214,2,1,BSED English Part6.pdf,/Users/lyndon/All reviewers/Sept2026_LET Reviewer Files/L. BSED - English-/BSED English Part6.pdf,"The following lines from Robert Browning’s My Last Duchess exemplify what poetic strategy? That's my last Duchess painted on the wall, Looking as if she were alive. I call That piece a wonder, now: Frà Pandolf's hands Worked busily a day, and there she stands. Will't please you sit and look at her?",,,Aside,,Dialogue,,Monologue,,Soliloquy,,,,C,Answer key: C,LET Secondary,English,Literature,3,No,,0.98,Ready for Upload,Path and PDF header indicate BSED/Secondary English major. Correct answer sourced from source PDF answer key.
215,3,1,BSED English Part6.pdf,/Users/lyndon/All reviewers/Sept2026_LET Reviewer Files/L. BSED - English-/BSED English Part6.pdf,"From what perspective is the following story told? ""I could picture it. I have a rotten habit of picturing the bedroom scenes of my friends. We went out to the Cafe Napolitain to have an aperitif and watch the evening crowd on the Boulevard."" from The Sun Also Rises by Ernest Hemingway.",,,First person,,Second person,,Third person omniscient,,Third person limited,,,,A,Answer key: A,LET Secondary,English,English,3,No,,0.98,Ready for Upload,Path and PDF header indicate BSED/Secondary English major. Correct answer sourced from source PDF answer key.
216,4,1,BSED English Part6.pdf,/Users/lyndon/All reviewers/Sept2026_LET Reviewer Files/L. BSED - English-/BSED English Part6.pdf,"What type of irony does Shakespeare use in Anthony’s speech? When that the poor have cried, Caesar hath wept: Ambition should be made of sterner stuff: Yet Brutus says he was ambitious; And Brutus is an honourable man.",,,dramatic irony,,irony of situation,,causal irony,,verbal irony,,,,D,Answer key: D,LET Secondary,English,Literature,3,No,,0.98,Ready for Upload,Path and PDF header indicate BSED/Secondary English major. Correct answer sourced from source PDF answer key.
217,5,1,BSED English Part6.pdf,/Users/lyndon/All reviewers/Sept2026_LET Reviewer Files/L. BSED - English-/BSED English Part6.pdf,"What do the following lines from William Blake exhort? To see a World in a Grain of Sand And a Heaven in a Wild Flower, Hold Infinity in the palm of your hand And Eternity in an hour.",,,to appreciate even the smallest of things,,to be extremely imaginative and creative,,to believe in fantasy like a child,,to be strong and faithful to God,,,,A,Answer key: A,LET Secondary,English,English,3,No,,0.98,Ready for Upload,Path and PDF header indicate BSED/Secondary English major. Correct answer sourced from source PDF answer key.
218,6,1,BSED English Part6.pdf,/Users/lyndon/All reviewers/Sept2026_LET Reviewer Files/L. BSED - English-/BSED English Part6.pdf,"What poetic device is exemplified in the following lines from Edward Taylor’s “Huswifery”? Make me, O Lord, thy Spinning Wheel complete, Thy Holy Word my Distaff make for me. Make mine Affections thy Swift Flyers neat And make my Soul thy holy Spool to be. My Conversation make to be thy Reel And reel the yarn thereon spun of thy Wheel.",,,irony of statement,,pathetic fallacy,,a literary conceit,,a paradoxical line,,,,C,Answer key: C,LET Secondary,English,Literature,3,No,,0.98,Ready for Upload,Path and PDF header indicate BSED/Secondary English major. Correct answer sourced from source PDF answer key.
219,7,1,BSED English Part6.pdf,/Users/lyndon/All reviewers/Sept2026_LET Reviewer Files/L. BSED - English-/BSED English Part6.pdf,What does the persona in “Huswifery” ask God to do?,,,Complete him as a human being,,Bless him with food and clothing,,Mold him into what God wants him to be,,Clothe him with the finest silk from God,,,,C,Answer key: C,LET Secondary,English,English,3,No,,0.98,Ready for Upload,Path and PDF header indicate BSED/Secondary English major. Correct answer sourced from source PDF answer key.
220,8,1,BSED English Part6.pdf,/Users/lyndon/All reviewers/Sept2026_LET Reviewer Files/L. BSED - English-/BSED English Part6.pdf,"Which two sound devices did Alexander Pope use in the following lines? Soft is the strain when Zephyr gently blows, And the smooth stream in smoother numbers flows; but when loud surges lash the sounding shore, The hoarse, rough verse should like the torrent roar:",,,Assonance and consonance,,Alliteration and onomatopoeia,,Consonance and cacophony,,Onomatopoeia and assonance,,,,B,Answer key: B,LET Secondary,English,English,3,No,,0.98,Ready for Upload,Path and PDF header indicate BSED/Secondary English major. Correct answer sourced from source PDF answer key.
221,9,1,BSED English Part6.pdf,/Users/lyndon/All reviewers/Sept2026_LET Reviewer Files/L. BSED - English-/BSED English Part6.pdf,What figure of speech is exemplified below? “The wind stood up and gave a shout. He whistled on his two fingers.”,,,Allusion,,Metaphor,,Onomatopoeia,,Personification,,,,D,Answer key: D,LET Secondary,English,Literature,3,No,,0.98,Ready for Upload,Path and PDF header indicate BSED/Secondary English major. Correct answer sourced from source PDF answer key.
222,10,1,BSED English Part6.pdf,/Users/lyndon/All reviewers/Sept2026_LET Reviewer Files/L. BSED - English-/BSED English Part6.pdf,"What type of sonnet is exemplified in the following lines? When I consider how my light is spent Ere half my days, in this dark world and wide, And that one talent which is death to hide Lodged with me useless, though my soul more bent",,,Elizabethan,,English,,Petrarchan,,Spenserian,,,,C,Answer key: C,LET Secondary,English,Literature,3,No,,0.98,Ready for Upload,Path and PDF header indicate BSED/Secondary English major. Correct answer sourced from source PDF answer key.
223,11,2,BSED English Part6.pdf,/Users/lyndon/All reviewers/Sept2026_LET Reviewer Files/L. BSED - English-/BSED English Part6.pdf,"Which statement best summarizes the Holy Sonnet X by John Donne? And poppy or charms can make us sleep as well And better than thy stroke; why swell'st thou then? One short sleep past, we wake eternally, And death shall be no more; death, thou shalt die.",,,Death shall cease in the after life.,,Death comes through poppy or charms.,,Death takes so many forms and ways.,,Death should not be proud since it is not mighty.,,,,D,Answer key: D,LET Secondary,English,Literature,3,No,,0.98,Ready for Upload,Path and PDF header indicate BSED/Secondary English major. Correct answer sourced from source PDF answer key.
224,12,2,BSED English Part6.pdf,/Users/lyndon/All reviewers/Sept2026_LET Reviewer Files/L. BSED - English-/BSED English Part6.pdf,What does the word “swell’st” in the Holy Sonnet X mean?,,,boast,,shrink,,grow,,swear,,,,C,Answer key: C,LET Secondary,English,Literature,3,No,,0.98,Ready for Upload,Path and PDF header indicate BSED/Secondary English major. Correct answer sourced from source PDF answer key.
225,13,2,BSED English Part6.pdf,/Users/lyndon/All reviewers/Sept2026_LET Reviewer Files/L. BSED - English-/BSED English Part6.pdf,"Which statement about love is true based on Shakespeare’s Sonnet 116? Love's not Time's fool, though rosy lips and cheeks Within his bending sickle's compass come: Love alters not with his brief hours and weeks, But bears it out even to the edge of doom.",,,Love dissipates when lovers live apart.,,Love adapts to changing circumstances.,,Love never wanes even in old age.,,Love grows even to the edge of doom.,,,,C,Answer key: C,LET Secondary,English,Literature,3,No,,0.98,Ready for Upload,Path and PDF header indicate BSED/Secondary English major. Correct answer sourced from source PDF answer key.
226,14,2,BSED English Part6.pdf,/Users/lyndon/All reviewers/Sept2026_LET Reviewer Files/L. BSED - English-/BSED English Part6.pdf,"In “To the Virgins to Make Much of Time,” what is the persona’s main message?",,,Be wise in marriage to make life more worthwhile.,,"Marry now, or you may never have another chance.",,"Gather the rosebuds now, before the roses bloom.",,"Choose only lovers who, like roses, are of the highest order.",,,,C,Answer key: C,LET Secondary,English,English,3,No,,0.98,Ready for Upload,Path and PDF header indicate BSED/Secondary English major. Correct answer sourced from source PDF answer key.
227,15,2,BSED English Part6.pdf,/Users/lyndon/All reviewers/Sept2026_LET Reviewer Files/L. BSED - English-/BSED English Part6.pdf,"Which word best describes the speaker in “To Lucasta, on Going to the Wars”? Tell me not, Sweet, I am unkind, That from the nunnery Of thy chaste breast and quiet mind To war and arms I fly.",,,cold-hearted,,sweet-tongued,,honorable,,modest,,,,B,Answer key: B,LET Secondary,English,Vocabulary,3,No,,0.98,Ready for Upload,Path and PDF header indicate BSED/Secondary English major. Correct answer sourced from source PDF answer key.
228,16,2,BSED English Part6.pdf,/Users/lyndon/All reviewers/Sept2026_LET Reviewer Files/L. BSED - English-/BSED English Part6.pdf,"To what sensory perception do the following lines from James Joyce’s Araby appeal? “…we ran…to the dark dripping gardens to the back doors of the dark dripping gardens where odors arose from the ashpits, to the dark odorous stables where a coachman smoothed and combed the horse or shook music from the buckled harness.”",,,auditory,,olfactory,,gustatory,,tactile,,,,B,Answer key: B,LET Secondary,English,English,3,No,,0.98,Ready for Upload,Path and PDF header indicate BSED/Secondary English major. Correct answer sourced from source PDF answer key.
229,17,2,BSED English Part6.pdf,/Users/lyndon/All reviewers/Sept2026_LET Reviewer Files/L. BSED - English-/BSED English Part6.pdf,"What does the lamb in “The Lamb” symbolize? Little Lamb, who made thee? Dost thou know who made thee? Gave thee life, and bid thee feed, By the stream and o'er the mead;",,,Faith and loyalty,,Weakness and hopelessness,,Innocence and purity,,Helplessness and dependence,,,,C,Answer key: C,LET Secondary,English,English,3,No,,0.98,Ready for Upload,Path and PDF header indicate BSED/Secondary English major. Correct answer sourced from source PDF answer key.
230,18,2,BSED English Part6.pdf,/Users/lyndon/All reviewers/Sept2026_LET Reviewer Files/L. BSED - English-/BSED English Part6.pdf,"Which of the following best states the theme of Ozymandias? ""My name is Ozymandias, king of kings: Look on my works, ye Mighty, and despair!"" Nothing beside remains. Round the decay Of that colossal wreck, boundless and bare The lone and level sands stretch far away.",,,Power and arrogance are both destructive.,,Temples and statues are witnesses to history.,,Powerful rulers and great civilizations perish.,,Life is short and time is fleeting.,,,,C,Answer key: C,LET Secondary,English,English,3,No,,0.98,Ready for Upload,Path and PDF header indicate BSED/Secondary English major. Correct answer sourced from source PDF answer key.
231,19,2,BSED English Part6.pdf,/Users/lyndon/All reviewers/Sept2026_LET Reviewer Files/L. BSED - English-/BSED English Part6.pdf,"What 17th Century philosophy does Browning assert in the following lines from Rabbi Ben Ezra? Ay, note that Potter’s wheel, That metaphor! and feel Why time spins fast, why passive lies our clay,— Thou, to whom fools propound, When the wine makes its round, “Since life fleets, all is change; the Past gone, seize to-day!”",,,anagnorisis,,carpe diem,,peripeteia,,romanticism,,,,B,Answer key: B,LET Secondary,English,Literature,3,No,,0.98,Ready for Upload,Path and PDF header indicate BSED/Secondary English major. Correct answer sourced from source PDF answer key.
232,20,3,BSED English Part6.pdf,/Users/lyndon/All reviewers/Sept2026_LET Reviewer Files/L. BSED - English-/BSED English Part6.pdf,"What lesson does the speaker learn in A.E. Housman’s When I Was One-and-Twenty? 'The heart out of the bosom Was never given in vain; 'Tis paid with sighs a plenty And sold for endless rue.' And I am two-and-twenty, And oh, 'tis true, 'tis true.",,,The speaker realizes the value of listening to pieces of advice.,,The speaker learns the foolishness of disobeying his elders.,,The speaker realizes the folly and pain of youthful love.,,"The speaker learns the stupidity of wasting his youth. Read the poem below then answer questions 1–3 My Heart Leaps Up -William Wordsworth My heart leaps up when I behold A rainbow in the sky. So was it when my life began; So is it now I am a man; So be it when I grow old, 5 Or let me die! The Child is father of the Man; And I could wish my days to be Bound each to each by natural piety",,,,C,Answer key: C,LET Secondary,English,English Language Teaching,3,No,,0.98,Ready for Upload,Path and PDF header indicate BSED/Secondary English major. Correct answer sourced from source PDF answer key.
233,21,3,BSED English Part6.pdf,/Users/lyndon/All reviewers/Sept2026_LET Reviewer Files/L. BSED - English-/BSED English Part6.pdf,What does the poem celebrate as shown in line 1-2?,,,sadness in death,,reverence for nature,,familial bonding,,sense of foreboding,,,,B,Answer key: B,LET Secondary,English,Literature,3,No,,0.98,Ready for Upload,Path and PDF header indicate BSED/Secondary English major. Correct answer sourced from source PDF answer key.
234,22,3,BSED English Part6.pdf,/Users/lyndon/All reviewers/Sept2026_LET Reviewer Files/L. BSED - English-/BSED English Part6.pdf,What does the persona wish in the last two lines?,,,that he continues to be pious,,that he be a child once again,,that he continues to be connected to nature,,that he fulfills his duties and responsibilities,,,,C,Answer key: C,LET Secondary,English,English,3,No,,0.98,Ready for Upload,Path and PDF header indicate BSED/Secondary English major. Correct answer sourced from source PDF answer key.
235,23,3,BSED English Part6.pdf,/Users/lyndon/All reviewers/Sept2026_LET Reviewer Files/L. BSED - English-/BSED English Part6.pdf,What figure of speech does Wordsworth use in line 7?,,,paradox,,metonymy,,oxymoron,,allusion,,,,C,Answer key: C,LET Secondary,English,Literature,3,No,,0.98,Ready for Upload,Path and PDF header indicate BSED/Secondary English major. Correct answer sourced from source PDF answer key.
236,1,1,BSED English Part7.pdf,/Users/lyndon/All reviewers/Sept2026_LET Reviewer Files/L. BSED - English-/BSED English Part7.pdf,"What is the tone of the following lines from Shakespeare’s Hamlet? “What a piece of work is a man! How noble in reason! How infinite in faculties! In form and moving, how express and admirable!”",,,amazement,,mockery,,veneration,,sadness,,,,A,Answer key: A,LET Secondary,English,Literature,3,No,213,0.90,Duplicate,Path and PDF header indicate BSED/Secondary English major. Correct answer sourced from source PDF answer key. Duplicate or near-duplicate of row 213.
237,2,1,BSED English Part7.pdf,/Users/lyndon/All reviewers/Sept2026_LET Reviewer Files/L. BSED - English-/BSED English Part7.pdf,The following lines from Robert Browning’s My Last Duchess exemplify what poetic strategy?,,,Aside,,Dialogue,,Monologue,,Soliloquy,,,,C,Answer key: C,LET Secondary,English,Literature,3,No,,0.98,Ready for Upload,Path and PDF header indicate BSED/Secondary English major. Correct answer sourced from source PDF answer key.
238,3,1,BSED English Part7.pdf,/Users/lyndon/All reviewers/Sept2026_LET Reviewer Files/L. BSED - English-/BSED English Part7.pdf,"From what perspective is the following story told? ""I could picture it. I have a rotten habit of picturing the bedroom scenes of my friends. We went out to the Cafe Napolitain to have an aperitif and watch the evening crowd on the Boulevard."" from The Sun Also Rises by Ernest Hemingway.",,,First person,,Second person,,Third person omniscient,,Third person limited,,,,A,Answer key: A,LET Secondary,English,English,3,No,215,0.90,Duplicate,Path and PDF header indicate BSED/Secondary English major. Correct answer sourced from source PDF answer key. Duplicate or near-duplicate of row 215.
239,4,1,BSED English Part7.pdf,/Users/lyndon/All reviewers/Sept2026_LET Reviewer Files/L. BSED - English-/BSED English Part7.pdf,What type of irony does Shakespeare use in Anthony’s speech?,,,dramatic irony,,irony of situation,,causal irony,,verbal irony,,,,D,Answer key: D,LET Secondary,English,Literature,3,No,,0.98,Ready for Upload,Path and PDF header indicate BSED/Secondary English major. Correct answer sourced from source PDF answer key.
240,5,1,BSED English Part7.pdf,/Users/lyndon/All reviewers/Sept2026_LET Reviewer Files/L. BSED - English-/BSED English Part7.pdf,What do the following lines from William Blake exhort?,,,to appreciate even the smallest of things,,to be extremely imaginative and creative,,to believe in fantasy like a child,,to be strong and faithful to God,,,,A,Answer key: A,LET Secondary,English,English,3,No,,0.98,Ready for Upload,Path and PDF header indicate BSED/Secondary English major. Correct answer sourced from source PDF answer key.
241,6,1,BSED English Part7.pdf,/Users/lyndon/All reviewers/Sept2026_LET Reviewer Files/L. BSED - English-/BSED English Part7.pdf,What poetic device is exemplified in the following lines from Edward Taylor’s “Huswifery”?,,,irony of statement,,pathetic fallacy,,a literary conceit,,a paradoxical line,,,,C,Answer key: C,LET Secondary,English,Literature,3,No,,0.98,Ready for Upload,Path and PDF header indicate BSED/Secondary English major. Correct answer sourced from source PDF answer key.
242,7,1,BSED English Part7.pdf,/Users/lyndon/All reviewers/Sept2026_LET Reviewer Files/L. BSED - English-/BSED English Part7.pdf,What does the persona in “Huswifery” ask God to do?,,,Bless him with food and clothing,,Mold him into what God wants him to be,,Clothe him with the finest silk from God,,,,,,B,Answer key: B,LET Secondary,English,English,3,No,219,0.90,Duplicate,Path and PDF header indicate BSED/Secondary English major. Correct answer sourced from source PDF answer key. Duplicate or near-duplicate of row 219.
243,8,1,BSED English Part7.pdf,/Users/lyndon/All reviewers/Sept2026_LET Reviewer Files/L. BSED - English-/BSED English Part7.pdf,Which two sound devices did Alexander Pope use in the following lines?,,,Assonance and consonance,,Alliteration and onomatopoeia,,Consonance and cacophony,,Onomatopoeia and assonance,,,,A,Answer key: A,LET Secondary,English,English,3,No,,0.98,Ready for Upload,Path and PDF header indicate BSED/Secondary English major. Correct answer sourced from source PDF answer key.
244,9,1,BSED English Part7.pdf,/Users/lyndon/All reviewers/Sept2026_LET Reviewer Files/L. BSED - English-/BSED English Part7.pdf,What figure of speech is exemplified below? “The wind stood up and gave a shout. He whistled on his two fingers.”,,,Allusion,,Metaphor,,Onomatopoeia,,Personification,,,,D,Answer key: D,LET Secondary,English,Literature,3,No,221,0.90,Duplicate,Path and PDF header indicate BSED/Secondary English major. Correct answer sourced from source PDF answer key. Duplicate or near-duplicate of row 221.
245,10,1,BSED English Part7.pdf,/Users/lyndon/All reviewers/Sept2026_LET Reviewer Files/L. BSED - English-/BSED English Part7.pdf,What type of sonnet is exemplified in the following lines?,,,Elizabethan,,English,,Petrarchan,,Spenserian,,,,C,Answer key: C,LET Secondary,English,Literature,3,No,,0.98,Ready for Upload,Path and PDF header indicate BSED/Secondary English major. Correct answer sourced from source PDF answer key.
246,11,2,BSED English Part7.pdf,/Users/lyndon/All reviewers/Sept2026_LET Reviewer Files/L. BSED - English-/BSED English Part7.pdf,Which statement best summarizes the Holy Sonnet X by John Donne?,,,Death shall cease in the after life.,,Death comes through poppy or charms.,,Death takes so many forms and ways.,,Death should not be proud since it is not mighty.,,,,D,Answer key: D,LET Secondary,English,Literature,3,No,,0.98,Ready for Upload,Path and PDF header indicate BSED/Secondary English major. Correct answer sourced from source PDF answer key.
247,12,2,BSED English Part7.pdf,/Users/lyndon/All reviewers/Sept2026_LET Reviewer Files/L. BSED - English-/BSED English Part7.pdf,What does the word “swell’st” in the Holy Sonnet X mean?,,,boast,,shrink,,grow,,swear,,,,C,Answer key: C,LET Secondary,English,Literature,3,No,224,0.90,Duplicate,Path and PDF header indicate BSED/Secondary English major. Correct answer sourced from source PDF answer key. Duplicate or near-duplicate of row 224.
248,13,2,BSED English Part7.pdf,/Users/lyndon/All reviewers/Sept2026_LET Reviewer Files/L. BSED - English-/BSED English Part7.pdf,Which statement about love is true based on Shakespeare’s Sonnet 116?,,,Love dissipates when lovers live apart.,,Love adapts to changing circumstances.,,Love never wanes even in old age.,,Love grows even to the edge of doom.,,,,C,Answer key: C,LET Secondary,English,Literature,3,No,,0.98,Ready for Upload,Path and PDF header indicate BSED/Secondary English major. Correct answer sourced from source PDF answer key.
249,14,2,BSED English Part7.pdf,/Users/lyndon/All reviewers/Sept2026_LET Reviewer Files/L. BSED - English-/BSED English Part7.pdf,"In “To the Virgins to Make Much of Time,” what is the persona’s main message?",,,Be wise in marriage to make life more worthwhile.,,"Marry now, or you may never have another chance.",,"Gather the rosebuds now, before the roses bloom.",,"Choose only lovers who, like roses, are of the highest order.",,,,B,Answer key: B,LET Secondary,English,English,3,No,226,0.90,Duplicate,Path and PDF header indicate BSED/Secondary English major. Correct answer sourced from source PDF answer key. Duplicate or near-duplicate of row 226.
250,15,2,BSED English Part7.pdf,/Users/lyndon/All reviewers/Sept2026_LET Reviewer Files/L. BSED - English-/BSED English Part7.pdf,"Which word best describes the speaker in “To Lucasta, on Going to the Wars”?",,,cold-hearted,,sweet-tongued,,honorable,,modest,,,,B,Answer key: B,LET Secondary,English,Vocabulary,3,No,,0.98,Ready for Upload,Path and PDF header indicate BSED/Secondary English major. Correct answer sourced from source PDF answer key.
251,16,2,BSED English Part7.pdf,/Users/lyndon/All reviewers/Sept2026_LET Reviewer Files/L. BSED - English-/BSED English Part7.pdf,"To what sensory perception do the following lines from James Joyce’s Araby appeal? “…we ran…to the dark dripping gardens to the back doors of the dark dripping gardens where odors arose from the ashpits, to the dark odorous stables where a coachman smoothed and combed the horse or shook music from the buckled harness.”",,,auditory,,olfactory,,gustatory,,tactile,,,,B,Answer key: B,LET Secondary,English,English,3,No,228,0.90,Duplicate,Path and PDF header indicate BSED/Secondary English major. Correct answer sourced from source PDF answer key. Duplicate or near-duplicate of row 228.
252,17,2,BSED English Part7.pdf,/Users/lyndon/All reviewers/Sept2026_LET Reviewer Files/L. BSED - English-/BSED English Part7.pdf,What does the lamb in “The Lamb” symbolize?,,,Faith and loyalty,,Innocence and purity,,Weakness and hopelessness,,Helplessness and dependence,,,,B,Answer key: B,LET Secondary,English,English,3,No,,0.98,Ready for Upload,Path and PDF header indicate BSED/Secondary English major. Correct answer sourced from source PDF answer key.
253,18,2,BSED English Part7.pdf,/Users/lyndon/All reviewers/Sept2026_LET Reviewer Files/L. BSED - English-/BSED English Part7.pdf,Which of the following best states the theme of Ozymandias?,,,Power and arrogance are both destructive.,,Temples and statues are witnesses to history.,,Powerful rulers and great civilizations perish.,,Life is short and time is fleeting.,,,,C,Answer key: C,LET Secondary,English,English,3,No,,0.98,Ready for Upload,Path and PDF header indicate BSED/Secondary English major. Correct answer sourced from source PDF answer key.
254,19,2,BSED English Part7.pdf,/Users/lyndon/All reviewers/Sept2026_LET Reviewer Files/L. BSED - English-/BSED English Part7.pdf,"What 17th Century philosophy does Browning assert in the following lines from Rabbi Ben Ezra? Ay, note that Potter’s wheel, That metaphor! and feel Why time spins fast, why passive lies our clay, — Thou, to whom fools propound, When the wine makes its round, “Since life fleets, all is change; the Past gone, seize to-day!”",,,anagnorisis,,carpe diem,,peripeteia,,romanticism,,,,B,Answer key: B,LET Secondary,English,Literature,3,No,231,0.90,Duplicate,Path and PDF header indicate BSED/Secondary English major. Correct answer sourced from source PDF answer key. Duplicate or near-duplicate of row 231.
255,20,3,BSED English Part7.pdf,/Users/lyndon/All reviewers/Sept2026_LET Reviewer Files/L. BSED - English-/BSED English Part7.pdf,What lesson does the speaker learn in A.E. Housman’s When I Was One-and-Twenty?,,,The speaker realizes the value of listening to pieces of advice.,,The speaker learns the foolishness of disobeying his elders.,,The speaker realizes the folly and pain of youthful love.,,The speaker learns the stupidity of wasting his youth.,,,,C,Answer key: C,LET Secondary,English,English Language Teaching,3,No,,0.98,Ready for Upload,Path and PDF header indicate BSED/Secondary English major. Correct answer sourced from source PDF answer key.
256,21,3,BSED English Part7.pdf,/Users/lyndon/All reviewers/Sept2026_LET Reviewer Files/L. BSED - English-/BSED English Part7.pdf,What does the poem celebrate as shown in line 1-2?,,,sadness in death,,reverence for nature,,familial bonding,,sense of foreboding,,,,B,"The best answer is B. “My heart leaps up…” connotes a strong love of or reverence for nature as represented by the rainbow. It shows the persona’s extreme happiness, if not awe, with nature so he hopes to maintain natural piety until his death. Options A, C, and D all focus on different subjects.",LET Secondary,English,Literature,3,No,233,0.90,Duplicate,Path and PDF header indicate BSED/Secondary English major. Correct answer sourced from source PDF answer key. Duplicate or near-duplicate of row 233.
257,22,3,BSED English Part7.pdf,/Users/lyndon/All reviewers/Sept2026_LET Reviewer Files/L. BSED - English-/BSED English Part7.pdf,What does the persona wish in the last two lines?,,,that he continues to be pious,,that he be a child once again,,that he continues to be connected to nature,,that he fulfills his duties and responsibilities,,,,C,"The best answer is C. The last two lines provide an apt conclusion to the strong reverence for nature presented in lines1-2. In lines 3-6, the persona explains that he has been bound to nature since birth and he hopes to be until his death. Options A and B both pick on key words piety and child to provide distracters, while option D proves a broad option that does not appear in the text.",LET Secondary,English,English,3,No,234,0.90,Duplicate,Path and PDF header indicate BSED/Secondary English major. Correct answer sourced from source PDF answer key. Duplicate or near-duplicate of row 234.
258,23,3,BSED English Part7.pdf,/Users/lyndon/All reviewers/Sept2026_LET Reviewer Files/L. BSED - English-/BSED English Part7.pdf,What figure of speech does Wordsworth use in line 7?,,,paradox,,metonymy,,oxymoron,,allusion,,,,A,"The correct answer is A. Line 7 is among the most famous paradoxes in literature. A paradox presents a seemingly contradictory idea, but turns out to be true upon closer analysis. “The child is father of the man” connotes that much wisdom can be learned from the innocence of the young; thus, the persona wishes to keep that youthful innocence that connects the child to nature. Wordsworth himself reiterates this in Ode: Intimations of Immortality and in Tintern Abbey.",LET Secondary,English,Literature,3,No,235,0.90,Duplicate,Path and PDF header indicate BSED/Secondary English major. Correct answer sourced from source PDF answer key. Duplicate or near-duplicate of row 235.
259,1,1,BSED English Part8.pdf,/Users/lyndon/All reviewers/Sept2026_LET Reviewer Files/L. BSED - English-/BSED English Part8.pdf,"In the passage, which of the following best describes the speaker's attitude toward the very rich? Let me tell you about the very rich. They are different from you and me. They possess and enjoy early, and it does something to them, makes them soft where we are hard, and cynical where we are trustful, in a way that, unless you were born rich, it is very difficult to understand. They think, deep in their hearts, that they are better than we are because we had to discover the compensations and refuges of life for ourselves. Even when they enter deep into our world or sink below us, they still think that they are better than we are. They are different.",,,He finds their pessimism alarming and unwarranted.,,He finds them so different from the rest of society,,He believes that the rich know more than others do.,,He thinks that he understands their way of life.,,,,B,Answer key: B,LET Secondary,English,Reading Comprehension,3,No,193,0.90,Duplicate,Path and PDF header indicate BSED/Secondary English major. Correct answer sourced from source PDF answer key. Duplicate or near-duplicate of row 193.
260,2,1,BSED English Part8.pdf,/Users/lyndon/All reviewers/Sept2026_LET Reviewer Files/L. BSED - English-/BSED English Part8.pdf,What is the tone of the speaker in the previous passage?,,,Optimistic,,Laconic,,Pessimistic,,Sarcastic,,,,A,Answer key: A,LET Secondary,English,Reading Comprehension,3,No,194,0.90,Duplicate,Path and PDF header indicate BSED/Secondary English major. Correct answer sourced from source PDF answer key. Duplicate or near-duplicate of row 194.
261,3,1,BSED English Part8.pdf,/Users/lyndon/All reviewers/Sept2026_LET Reviewer Files/L. BSED - English-/BSED English Part8.pdf,"What do the novels of Bronte, Eliot, Gaskell and Dickens reveal about fiction produced during the Victorian period in English Literature?",,,They closely represent the real social life of the times.,,The novels were long and full of psychological musings.,,They concentrate on the effect of industrialization on cities.,,They were largely produced by upper middle-class women.,,,,D,Answer key: D,LET Secondary,English,Literature,3,No,195,0.90,Duplicate,Path and PDF header indicate BSED/Secondary English major. Correct answer sourced from source PDF answer key. Duplicate or near-duplicate of row 195.
262,4,1,BSED English Part8.pdf,/Users/lyndon/All reviewers/Sept2026_LET Reviewer Files/L. BSED - English-/BSED English Part8.pdf,"What do the last two lines from Freneau’s The Wild Honeysuckle reveal about life? From morning suns and evening dews At first thy little being came; If nothing once, you nothing lose, For when you die you are the same; The space between is but an hour, The frail duration of flower.",,,Life is just an hour.,,Life is frail.,,Life is short.,,It is like a flower.,,,,C,Answer key: C,LET Secondary,English,English,3,No,196,0.90,Duplicate,Path and PDF header indicate BSED/Secondary English major. Correct answer sourced from source PDF answer key. Duplicate or near-duplicate of row 196.
263,5,1,BSED English Part8.pdf,/Users/lyndon/All reviewers/Sept2026_LET Reviewer Files/L. BSED - English-/BSED English Part8.pdf,"What do the following lines from Wordsworth’s Psalm of Life reveal about heroes and heroism? Lives of great men all remind us We can make our lives sublime, And, departing, leave behind us Footprints on the sands of time;",,,Anybody can be a hero.,,Heroes are often forgotten.,,Heroes are easy to find,,It is easy to do heroic acts.,,,,B,Answer key: B,LET Secondary,English,Vocabulary,3,No,197,0.90,Duplicate,Path and PDF header indicate BSED/Secondary English major. Correct answer sourced from source PDF answer key. Duplicate or near-duplicate of row 197.
264,6,1,BSED English Part8.pdf,/Users/lyndon/All reviewers/Sept2026_LET Reviewer Files/L. BSED - English-/BSED English Part8.pdf,"According to the speaker in Sanburg’s ""Chicago,"" how would most others describe the city? They tell me you are wicked and I believe them, for I have seen your painted women under the gas lamps luring the farm boys.",,,Admirable,,Amusing,,Immoral,,Vibrant,,,,C,Answer key: C,LET Secondary,English,English,3,No,198,0.90,Duplicate,Path and PDF header indicate BSED/Secondary English major. Correct answer sourced from source PDF answer key. Duplicate or near-duplicate of row 198.
265,7,1,BSED English Part8.pdf,/Users/lyndon/All reviewers/Sept2026_LET Reviewer Files/L. BSED - English-/BSED English Part8.pdf,"What does the speaker like about Chicago as shown in the following lines? Come and show me another city with lifted head singing so proud to be alive and coarse and strong and cunning. Flinging magnetic curses amid the toil of piling job on job, here is a tall bold slugger set vivid against the little soft cities;",,,Its vitality,,Its wickedness,,Its indifference,,Its progress,,,,A,Answer key: A,LET Secondary,English,English,3,No,199,0.90,Duplicate,Path and PDF header indicate BSED/Secondary English major. Correct answer sourced from source PDF answer key. Duplicate or near-duplicate of row 199.
266,8,1,BSED English Part8.pdf,/Users/lyndon/All reviewers/Sept2026_LET Reviewer Files/L. BSED - English-/BSED English Part8.pdf,"Who are the summer soldier and the sunshine patriot Paine alluded to in The Crisis? THESE are the times that try men's souls. The summer soldier and the sunshine patriot will, in this crisis, shrink from the service of their country; but he that stands it now, deserves the love and thanks of man and woman.",,,The cowards who love their country less,,The brave men and women in the country,,The happy optimistic people,,The former heroes of the revolution,,,,A,Answer key: A,LET Secondary,English,English,3,No,200,0.90,Duplicate,Path and PDF header indicate BSED/Secondary English major. Correct answer sourced from source PDF answer key. Duplicate or near-duplicate of row 200.
267,9,2,BSED English Part8.pdf,/Users/lyndon/All reviewers/Sept2026_LET Reviewer Files/L. BSED - English-/BSED English Part8.pdf,"What does that the speaker lament over in the following lines? ""What's in a name? That which we call a rose by any other name would smell as sweet"". - (Romeo and Juliet Act II, Scene II)",,,Roses will always be roses despite their variety.,,Their names keep Romeo and Juliet apart.,,Romeo and Juliet will always love one another.,,Changing names will help Romeo and Juliet.,,,,B,Answer key: B,LET Secondary,English,English,3,No,201,0.90,Duplicate,Path and PDF header indicate BSED/Secondary English major. Correct answer sourced from source PDF answer key. Duplicate or near-duplicate of row 201.
268,10,2,BSED English Part8.pdf,/Users/lyndon/All reviewers/Sept2026_LET Reviewer Files/L. BSED - English-/BSED English Part8.pdf,Which of the following is an example of novel of the soil?,,,The Good Earth,,Bread and Wine,,Catcher in the Rye,,Sound and the Fury,,,,A,Answer key: A,LET Secondary,English,Literature,3,No,202,0.90,Duplicate,Path and PDF header indicate BSED/Secondary English major. Correct answer sourced from source PDF answer key. Duplicate or near-duplicate of row 202.
269,11,2,BSED English Part8.pdf,/Users/lyndon/All reviewers/Sept2026_LET Reviewer Files/L. BSED - English-/BSED English Part8.pdf,"What does the speaker celebrate in “The Soul Selects her own Society”? The soul selects her own society, Then shuts the door; On her divine majority Obtrude no more.",,,conformity,,community,,life and freedom,,self-imposed isolation,,,,C,Answer key: C,LET Secondary,English,English,3,No,203,0.90,Duplicate,Path and PDF header indicate BSED/Secondary English major. Correct answer sourced from source PDF answer key. Duplicate or near-duplicate of row 203.
270,12,2,BSED English Part8.pdf,/Users/lyndon/All reviewers/Sept2026_LET Reviewer Files/L. BSED - English-/BSED English Part8.pdf,"What do the following lines reveal about the world? ""All the world’s a stage, and all the men and women merely players. They have their exits and their entrances; And one man in his time plays many parts"" - (As You Like It, Act II, Scene VII)",,,Life is just like going to the theater.,,People have different roles to play in life.,,"Life is but an empty, senseless dream.",,People live and die at different times.,,,,B,Answer key: B,LET Secondary,English,Literature,3,No,204,0.90,Duplicate,Path and PDF header indicate BSED/Secondary English major. Correct answer sourced from source PDF answer key. Duplicate or near-duplicate of row 204.
271,13,2,BSED English Part8.pdf,/Users/lyndon/All reviewers/Sept2026_LET Reviewer Files/L. BSED - English-/BSED English Part8.pdf,"What truth about humans do the following lines from A Noiseless Patient Spider reveal? And you, O my Soul, where you stand, Surrounded, surrounded, in measureless oceans of space, Ceaselessly musing, venturing, throwing,-- seeking the spheres, to connect them; Till the bridge you will need, be form'd--till the ductile anchor hold; Till the gossamer thread you fling, catch somewhere, O my Soul.",,,People need food and shelter,,People search for their meaning,,People need friends and families,,People endlessly seek to create,,,,B,Answer key: B,LET Secondary,English,English,3,No,205,0.90,Duplicate,Path and PDF header indicate BSED/Secondary English major. Correct answer sourced from source PDF answer key. Duplicate or near-duplicate of row 205.
272,14,2,BSED English Part8.pdf,/Users/lyndon/All reviewers/Sept2026_LET Reviewer Files/L. BSED - English-/BSED English Part8.pdf,Which of the following is the resounding theme of contemporary stories like Hemingway’s A Clean and Well Lighted Place and Anderson’s Hands?,,,alienation from the society,,melancholia in solitude,,respect for the old,,contentment in life,,,,A,Answer key: A,LET Secondary,English,English,3,No,206,0.90,Duplicate,Path and PDF header indicate BSED/Secondary English major. Correct answer sourced from source PDF answer key. Duplicate or near-duplicate of row 206.
273,15,2,BSED English Part8.pdf,/Users/lyndon/All reviewers/Sept2026_LET Reviewer Files/L. BSED - English-/BSED English Part8.pdf,"Who is alluded to as the Captain in the following lines from Whitman’s poem? O captain! My Captain! Our fearful trip is done, The ship has weather’d every rack, the prize we sought is won.",,,Abraham Lincoln,,George Washington,,John F. Kennedy,,Thomas Jefferson,,,,A,Answer key: A,LET Secondary,English,Literature,3,No,207,0.90,Duplicate,Path and PDF header indicate BSED/Secondary English major. Correct answer sourced from source PDF answer key. Duplicate or near-duplicate of row 207.
274,16,2,BSED English Part8.pdf,/Users/lyndon/All reviewers/Sept2026_LET Reviewer Files/L. BSED - English-/BSED English Part8.pdf,"How does Shelley regard the west wind in the following ode? From Ode to the West Wind Her clarion o'er the dreaming earth, and fill (Driving sweet buds like flocks to feed in air) With living hues and odours plain and hill: Wild Spirit, which art moving everywhere; Destroyer and Preserver; hear, oh, hear!",,,It is responsible for preserving life.,,It can both wipe out and maintain life.,,It is a wild spirit in nature that is very strong.,,It is strong but weak since it is everywhere.,,,,B,Answer key: B,LET Secondary,English,English,3,No,208,0.90,Duplicate,Path and PDF header indicate BSED/Secondary English major. Correct answer sourced from source PDF answer key. Duplicate or near-duplicate of row 208.
275,17,2,BSED English Part8.pdf,/Users/lyndon/All reviewers/Sept2026_LET Reviewer Files/L. BSED - English-/BSED English Part8.pdf,"How does the speaker picture God in the following sermon? The God that holds you over the pit of hell, much as one holds a spider; or some loathsome insect, over the fire, abhors you, and is dreadfully provoked: his wrath towards you burns like fire; he looks upon you as worthy of nothing else, but to be cast into the fire; he is of purer eyes than to bear to have you in his sight; you are ten thousand times more abominable in his eyes, than the most hateful venomous serpent is in ours.",,,incensed,,abominable,,assertive,,vengeful,,,,D,Answer key: D,LET Secondary,English,English,3,No,209,0.90,Duplicate,Path and PDF header indicate BSED/Secondary English major. Correct answer sourced from source PDF answer key. Duplicate or near-duplicate of row 209.
276,18,3,BSED English Part8.pdf,/Users/lyndon/All reviewers/Sept2026_LET Reviewer Files/L. BSED - English-/BSED English Part8.pdf,Paradise Lost is considered among the greatest epics in English. Which of the following was the basis for this epic poem?,,,treachery of Judas Iscariot,,the passion of Christ,,fall from God’s grace,,sinning of Adam and Eve,,,,A,Answer key: A,LET Secondary,English,Literature,3,No,210,0.90,Duplicate,Path and PDF header indicate BSED/Secondary English major. Correct answer sourced from source PDF answer key. Duplicate or near-duplicate of row 210.
277,19,3,BSED English Part8.pdf,/Users/lyndon/All reviewers/Sept2026_LET Reviewer Files/L. BSED - English-/BSED English Part8.pdf,"What does the speaker mean in the following lines? “Let’s so persevere That when we live no more, we may live ever” From To My Dear and Loving Husband",,,Let’s continue writing poetry to immortalize us.,,Let’s have faith in God and He will keep us alive.,,"Let’s be true to our love, and we will be joined in eternity.",,Let’s have lots of children to remember us when we die.,,,,C,Answer key: C,LET Secondary,English,English,3,No,211,0.90,Duplicate,Path and PDF header indicate BSED/Secondary English major. Correct answer sourced from source PDF answer key. Duplicate or near-duplicate of row 211.
278,20,3,BSED English Part8.pdf,/Users/lyndon/All reviewers/Sept2026_LET Reviewer Files/L. BSED - English-/BSED English Part8.pdf,Which of the following is NOT an example of Gothic literature?,,,Dracula,,Lord of the Rings,,Frankenstein,,Tell Tale Heart,,,,A,Answer key: A,LET Secondary,English,Literature,3,No,212,0.90,Duplicate,Path and PDF header indicate BSED/Secondary English major. Correct answer sourced from source PDF answer key. Duplicate or near-duplicate of row 212.
279,1,1,SET3 Drill&Booster English.pdf,/Users/lyndon/All reviewers/Sept2026_LET Reviewer Files/L. BSED - English-/SET3 Drill&Booster English.pdf,Suffrage is a privilege in a democracy. Those who are deprived of their voting right s are normally:,,,penalized,,criminally- liable,,disenfranchised,,imprisoned,,,,C,Answer key: C,LET Secondary,English,English,3,No,,0.98,Ready for Upload,Path and PDF header indicate BSED/Secondary English major. Correct answer sourced from source PDF answer key.
280,2,1,SET3 Drill&Booster English.pdf,/Users/lyndon/All reviewers/Sept2026_LET Reviewer Files/L. BSED - English-/SET3 Drill&Booster English.pdf,“Join the street rallies and demonstrations!” shouted the rallyists. What was asked of the crowd?,,,Sympathy for a cause,,Apathy for a cause,,Empathy for a cause,,Avoidance of the action,,,,A,Answer key: A,LET Secondary,English,English,3,No,,0.98,Ready for Upload,Path and PDF header indicate BSED/Secondary English major. Correct answer sourced from source PDF answer key.
281,3,1,SET3 Drill&Booster English.pdf,/Users/lyndon/All reviewers/Sept2026_LET Reviewer Files/L. BSED - English-/SET3 Drill&Booster English.pdf,The witness testified _________ the defendant’s early life.,,,as to,,as on,,about,,with,,,,C,Answer key: C,LET Secondary,English,English,3,No,,0.98,Ready for Upload,Path and PDF header indicate BSED/Secondary English major. Correct answer sourced from source PDF answer key.
282,4,1,SET3 Drill&Booster English.pdf,/Users/lyndon/All reviewers/Sept2026_LET Reviewer Files/L. BSED - English-/SET3 Drill&Booster English.pdf,is essential that harmony prevail _______ the departments.,,,between,,among,,with,,with all,,,,B,Answer key: B,LET Secondary,English,English,3,No,,0.98,Ready for Upload,Path and PDF header indicate BSED/Secondary English major. Correct answer sourced from source PDF answer key.
283,5,1,SET3 Drill&Booster English.pdf,/Users/lyndon/All reviewers/Sept2026_LET Reviewer Files/L. BSED - English-/SET3 Drill&Booster English.pdf,Please _______ the book with you the next time you come to my office.,,,take,,bring,,carry,,bring along,,,,B,Answer key: B,LET Secondary,English,English,3,No,,0.98,Ready for Upload,Path and PDF header indicate BSED/Secondary English major. Correct answer sourced from source PDF answer key.
284,6,1,SET3 Drill&Booster English.pdf,/Users/lyndon/All reviewers/Sept2026_LET Reviewer Files/L. BSED - English-/SET3 Drill&Booster English.pdf,The friendliness ________ the Philippine Foreign Minister and American Secretary of State promoted harmony.,,,between,,with both,,with,,of both,,,,A,Answer key: A,LET Secondary,English,English,3,No,,0.98,Ready for Upload,Path and PDF header indicate BSED/Secondary English major. Correct answer sourced from source PDF answer key.
285,7,1,SET3 Drill&Booster English.pdf,/Users/lyndon/All reviewers/Sept2026_LET Reviewer Files/L. BSED - English-/SET3 Drill&Booster English.pdf,"Since Mr. Dela Cruz was elected President of the organization, the member’s _________ better socials.",,,enjoyed,,are enjoying,,have enjoyed,,had enjoy.,,,,C,Answer key: C,LET Secondary,English,English,3,No,,0.98,Ready for Upload,Path and PDF header indicate BSED/Secondary English major. Correct answer sourced from source PDF answer key.
286,8,1,SET3 Drill&Booster English.pdf,/Users/lyndon/All reviewers/Sept2026_LET Reviewer Files/L. BSED - English-/SET3 Drill&Booster English.pdf,I was filing when I returned but I ________ the report that time.,,,was typing,,was still typing,,am typing,,had been typing,,,,D,Answer key: D,LET Secondary,English,English,3,No,,0.98,Ready for Upload,Path and PDF header indicate BSED/Secondary English major. Correct answer sourced from source PDF answer key.
287,9,1,SET3 Drill&Booster English.pdf,/Users/lyndon/All reviewers/Sept2026_LET Reviewer Files/L. BSED - English-/SET3 Drill&Booster English.pdf,The Congolese refugees painted a ________ picture of their suffering in the hands of the Chadian rebels.,,,ubiquitous,,exciting,,poignant,,blatant,,,,C,Answer key: C,LET Secondary,English,English,3,No,,0.98,Ready for Upload,Path and PDF header indicate BSED/Secondary English major. Correct answer sourced from source PDF answer key.
288,10,1,SET3 Drill&Booster English.pdf,/Users/lyndon/All reviewers/Sept2026_LET Reviewer Files/L. BSED - English-/SET3 Drill&Booster English.pdf,"It’s plain to see, said she, “there are too many and’s in that sentence.”",,,"Its plain to see, said she, “there are too many and’s in that sentence.",,"“ It’s plain to see,” said she, “there are too many and’s in that sentence.”",,"“Its plain to see,” said she, “there are too many and in that sentence.”",,"Its plain to see, said she, there are too many ands in that sentence.",,,,B,Answer key: B,LET Secondary,English,Grammar,3,No,,0.98,Ready for Upload,Path and PDF header indicate BSED/Secondary English major. Correct answer sourced from source PDF answer key.
289,11,2,SET3 Drill&Booster English.pdf,/Users/lyndon/All reviewers/Sept2026_LET Reviewer Files/L. BSED - English-/SET3 Drill&Booster English.pdf,The union members cannot ______ the kind of compensation plan they want.,,,agree on,,agree to,,agree with,,get agree with,,,,A,Answer key: A,LET Secondary,English,English,3,No,,0.98,Ready for Upload,Path and PDF header indicate BSED/Secondary English major. Correct answer sourced from source PDF answer key.
290,12,2,SET3 Drill&Booster English.pdf,/Users/lyndon/All reviewers/Sept2026_LET Reviewer Files/L. BSED - English-/SET3 Drill&Booster English.pdf,She has no conception _______ the performance of her duties.,,,as to,,as with,,with,,as on,,,,A,Answer key: A,LET Secondary,English,English,3,No,,0.98,Ready for Upload,Path and PDF header indicate BSED/Secondary English major. Correct answer sourced from source PDF answer key.
291,13,2,SET3 Drill&Booster English.pdf,/Users/lyndon/All reviewers/Sept2026_LET Reviewer Files/L. BSED - English-/SET3 Drill&Booster English.pdf,"The statement “I am used to the same tales” means,",,,there was redundancy,,there is nothing new,,there is great news,,this is original,,,,C,Answer key: C,LET Secondary,English,English,3,No,,0.98,Ready for Upload,Path and PDF header indicate BSED/Secondary English major. Correct answer sourced from source PDF answer key.
292,14,2,SET3 Drill&Booster English.pdf,/Users/lyndon/All reviewers/Sept2026_LET Reviewer Files/L. BSED - English-/SET3 Drill&Booster English.pdf,The Personnel Manager told the Labor Representative: “We have to reduce our workforce.” What does this mean?,,,Workers have to be more efficient.,,Workers are required to take their forced leaves.,,Workers are warned of possible layoffs.,,,,,,C,Answer key: C,LET Secondary,English,English,3,No,,0.98,Incomplete,Path and PDF header indicate BSED/Secondary English major. Correct answer sourced from source PDF answer key.
293,15,2,SET3 Drill&Booster English.pdf,/Users/lyndon/All reviewers/Sept2026_LET Reviewer Files/L. BSED - English-/SET3 Drill&Booster English.pdf,Some media people are charged of corruption. They are branded as:,,,Commissioners,,Corruptors,,Media Grafters,,“Envelope mentalists”,,,,D,Answer key: D,LET Secondary,English,English,3,No,,0.98,Ready for Upload,Path and PDF header indicate BSED/Secondary English major. Correct answer sourced from source PDF answer key.
294,16,2,SET3 Drill&Booster English.pdf,/Users/lyndon/All reviewers/Sept2026_LET Reviewer Files/L. BSED - English-/SET3 Drill&Booster English.pdf,She ignored the doctor’s recommendation that she ____________ smoking.,,,should stop,,stop,,will stop,,stops,,,,B,Answer key: B,LET Secondary,English,English,3,No,,0.98,Ready for Upload,Path and PDF header indicate BSED/Secondary English major. Correct answer sourced from source PDF answer key.
295,17,2,SET3 Drill&Booster English.pdf,/Users/lyndon/All reviewers/Sept2026_LET Reviewer Files/L. BSED - English-/SET3 Drill&Booster English.pdf,"When I came home, the children still ___________ dinner.",,,didn’t finish,,haven’t finished,,hadn’t finished,,hasn’t finished,,,,C,Answer key: C,LET Secondary,English,English,3,No,,0.98,Ready for Upload,Path and PDF header indicate BSED/Secondary English major. Correct answer sourced from source PDF answer key.
296,18,2,SET3 Drill&Booster English.pdf,/Users/lyndon/All reviewers/Sept2026_LET Reviewer Files/L. BSED - English-/SET3 Drill&Booster English.pdf,She claimed she _________ there.,,,has never been,,have never been,,had never been,,had not been,,,,C,Answer key: C,LET Secondary,English,English,3,No,,0.98,Ready for Upload,Path and PDF header indicate BSED/Secondary English major. Correct answer sourced from source PDF answer key.
297,19,2,SET3 Drill&Booster English.pdf,/Users/lyndon/All reviewers/Sept2026_LET Reviewer Files/L. BSED - English-/SET3 Drill&Booster English.pdf,Neither of them ________ expert on the subject.,,,are,,is an,,is an,,is,,,,C,Answer key: C,LET Secondary,English,English,3,No,,0.98,Ready for Upload,Path and PDF header indicate BSED/Secondary English major. Correct answer sourced from source PDF answer key.
298,20,2,SET3 Drill&Booster English.pdf,/Users/lyndon/All reviewers/Sept2026_LET Reviewer Files/L. BSED - English-/SET3 Drill&Booster English.pdf,It cost twice _________ I thought it would.,,,as much as,,as much,,more than,,most,,,,A,Answer key: A,LET Secondary,English,English,3,No,,0.98,Ready for Upload,Path and PDF header indicate BSED/Secondary English major. Correct answer sourced from source PDF answer key.
299,21,3,SET3 Drill&Booster English.pdf,/Users/lyndon/All reviewers/Sept2026_LET Reviewer Files/L. BSED - English-/SET3 Drill&Booster English.pdf,"The _________ you become, the less time you have for reading.",,,more busy,,busier,,busiest,,more busier,,,,B,Answer key: B,LET Secondary,English,Reading Comprehension,3,No,,0.98,Ready for Upload,Path and PDF header indicate BSED/Secondary English major. Correct answer sourced from source PDF answer key.
300,22,3,SET3 Drill&Booster English.pdf,/Users/lyndon/All reviewers/Sept2026_LET Reviewer Files/L. BSED - English-/SET3 Drill&Booster English.pdf,She was much different __________ I expected.,,,than,,from what,,from,,than what,,,,B,Answer key: B,LET Secondary,English,English,3,No,,0.98,Ready for Upload,Path and PDF header indicate BSED/Secondary English major. Correct answer sourced from source PDF answer key.
301,23,3,SET3 Drill&Booster English.pdf,/Users/lyndon/All reviewers/Sept2026_LET Reviewer Files/L. BSED - English-/SET3 Drill&Booster English.pdf,We have described that _________ is more important from than being bright.,,,to be diligent,,one to be diligent,,diligence,,being diligent,,,,D,Answer key: D,LET Secondary,English,English,3,No,,0.98,Ready for Upload,Path and PDF header indicate BSED/Secondary English major. Correct answer sourced from source PDF answer key.
302,24,3,SET3 Drill&Booster English.pdf,/Users/lyndon/All reviewers/Sept2026_LET Reviewer Files/L. BSED - English-/SET3 Drill&Booster English.pdf,Weightlifter: Strength::,,,marathoner: endurance,,hiker: agility,,goalie: skill,,dancer: speed,,,,A,Answer key: A,LET Secondary,English,English,3,No,,0.98,Ready for Upload,Path and PDF header indicate BSED/Secondary English major. Correct answer sourced from source PDF answer key.
303,25,3,SET3 Drill&Booster English.pdf,/Users/lyndon/All reviewers/Sept2026_LET Reviewer Files/L. BSED - English-/SET3 Drill&Booster English.pdf,Lubricant: friction::,,,speed: drag,,motor: electricity,,muffler: noise,,insulator: heat,,,,C,Answer key: C,LET Secondary,English,English,3,No,,0.98,Ready for Upload,Path and PDF header indicate BSED/Secondary English major. Correct answer sourced from source PDF answer key.
304,29,3,SET3 Drill&Booster English.pdf,/Users/lyndon/All reviewers/Sept2026_LET Reviewer Files/L. BSED - English-/SET3 Drill&Booster English.pdf,Elevator: shaft::,,,electricity: outlet,,water: conduit,,railroad: train,,skyscraper: foundation,,,,B,Answer key: B,LET Secondary,English,English,3,No,,0.98,Ready for Upload,Path and PDF header indicate BSED/Secondary English major. Correct answer sourced from source PDF answer key.
305,30,3,SET3 Drill&Booster English.pdf,/Users/lyndon/All reviewers/Sept2026_LET Reviewer Files/L. BSED - English-/SET3 Drill&Booster English.pdf,Hydrology: science::,,,astronomy: galaxy,,fir: tree,,fashion: style,,theory: practice,,,,B,Answer key: B,LET Secondary,English,English,3,No,,0.98,Ready for Upload,Path and PDF header indicate BSED/Secondary English major. Correct answer sourced from source PDF answer key.
306,31,3,SET3 Drill&Booster English.pdf,/Users/lyndon/All reviewers/Sept2026_LET Reviewer Files/L. BSED - English-/SET3 Drill&Booster English.pdf,In his address the Regional Director exhorted the teachers to discover and __________ each student’s _______ talents.,,,develop: intrinsic,,justify: gratuitous,,redirect: specialty,,uplift: unrecognized,,,,A,Answer key: A,LET Secondary,English,English,3,No,,0.98,Ready for Upload,Path and PDF header indicate BSED/Secondary English major. Correct answer sourced from source PDF answer key.
307,32,3,SET3 Drill&Booster English.pdf,/Users/lyndon/All reviewers/Sept2026_LET Reviewer Files/L. BSED - English-/SET3 Drill&Booster English.pdf,The enforcers feel that the ________ shown by the judges to first offenders unfortunately _________ many youngster to embark on a life crimes.,,,harshness: predisposes,,clemency: encourages,,indifference: directs,,understanding: condemns,,,,C,Answer key: C,LET Secondary,English,English,3,No,,0.98,Ready for Upload,Path and PDF header indicate BSED/Secondary English major. Correct answer sourced from source PDF answer key.
308,33,3,SET3 Drill&Booster English.pdf,/Users/lyndon/All reviewers/Sept2026_LET Reviewer Files/L. BSED - English-/SET3 Drill&Booster English.pdf,"As long as our political leaders would emulate the virtues of the great leaders of our country, we shall have economic and social progress.",,,set free,,embolden,,encourage,,imitate,,,,D,Answer key: D,LET Secondary,English,English,3,No,,0.98,Ready for Upload,Path and PDF header indicate BSED/Secondary English major. Correct answer sourced from source PDF answer key.
309,34,4,SET3 Drill&Booster English.pdf,/Users/lyndon/All reviewers/Sept2026_LET Reviewer Files/L. BSED - English-/SET3 Drill&Booster English.pdf,I can safely vouchsafe you a fair return for your investments.,,,borrow,,grant,,punish,,qualify,,,,B,Answer key: B,LET Secondary,English,English,3,No,,0.98,Ready for Upload,Path and PDF header indicate BSED/Secondary English major. Correct answer sourced from source PDF answer key.
310,35,4,SET3 Drill&Booster English.pdf,/Users/lyndon/All reviewers/Sept2026_LET Reviewer Files/L. BSED - English-/SET3 Drill&Booster English.pdf,The deal was held in abeyance until her arrival from a sales convention.,,,obedience,,absence,,familiar,,suspended,,,,D,Answer key: D,LET Secondary,English,English,3,No,,0.98,Ready for Upload,Path and PDF header indicate BSED/Secondary English major. Correct answer sourced from source PDF answer key.
311,36,4,SET3 Drill&Booster English.pdf,/Users/lyndon/All reviewers/Sept2026_LET Reviewer Files/L. BSED - English-/SET3 Drill&Booster English.pdf,The boy gave a furtive look at his classmate’s test paper.,,,coy,,sneaky,,abortive,,underhanded,,,,B,Answer key: B,LET Secondary,English,English,3,No,,0.98,Ready for Upload,Path and PDF header indicate BSED/Secondary English major. Correct answer sourced from source PDF answer key.
312,37,4,SET3 Drill&Booster English.pdf,/Users/lyndon/All reviewers/Sept2026_LET Reviewer Files/L. BSED - English-/SET3 Drill&Booster English.pdf,"All attempts to denigrate the character of our President, have failed.",,,deceive,,venerate,,malign,,build- up,,,,C,Answer key: C,LET Secondary,English,English,3,No,,0.98,Ready for Upload,Path and PDF header indicate BSED/Secondary English major. Correct answer sourced from source PDF answer key.
313,38,4,SET3 Drill&Booster English.pdf,/Users/lyndon/All reviewers/Sept2026_LET Reviewer Files/L. BSED - English-/SET3 Drill&Booster English.pdf,I must remonstrate about the lack of police protection in our area.,,,protest,,resign,,restate,,reject,,,,A,Answer key: A,LET Secondary,English,English,3,No,,0.98,Ready for Upload,Path and PDF header indicate BSED/Secondary English major. Correct answer sourced from source PDF answer key.
314,39,4,SET3 Drill&Booster English.pdf,/Users/lyndon/All reviewers/Sept2026_LET Reviewer Files/L. BSED - English-/SET3 Drill&Booster English.pdf,"Unless we find a witness to corroborate your evidence, it will not stand courts.",,,collaborate,,negate,,interpret,,confirm,,,,D,Answer key: D,LET Secondary,English,English,3,No,,0.98,Ready for Upload,Path and PDF header indicate BSED/Secondary English major. Correct answer sourced from source PDF answer key.
315,40,4,SET3 Drill&Booster English.pdf,/Users/lyndon/All reviewers/Sept2026_LET Reviewer Files/L. BSED - English-/SET3 Drill&Booster English.pdf,"He preyed upon gullible people, who easily believe his stories.",,,incredulous,,easily deceived,,fickle,,indifferent,,,,B,Answer key: B,LET Secondary,English,English,3,No,,0.98,Ready for Upload,Path and PDF header indicate BSED/Secondary English major. Correct answer sourced from source PDF answer key.
316,41,4,SET3 Drill&Booster English.pdf,/Users/lyndon/All reviewers/Sept2026_LET Reviewer Files/L. BSED - English-/SET3 Drill&Booster English.pdf,The lawyer objected that the testimony being offered was not germane to the case on hand.,,,original,,relevant,,connected,,assisting,,,,B,Answer key: B,LET Secondary,English,English,3,No,,0.98,Ready for Upload,Path and PDF header indicate BSED/Secondary English major. Correct answer sourced from source PDF answer key.
317,42,4,SET3 Drill&Booster English.pdf,/Users/lyndon/All reviewers/Sept2026_LET Reviewer Files/L. BSED - English-/SET3 Drill&Booster English.pdf,His speeches were aimed at the plebeian minds and emotions.,,,sophisticated,,pragmatic,,persuade,,common,,,,D,Answer key: D,LET Secondary,English,English,3,No,,0.98,Ready for Upload,Path and PDF header indicate BSED/Secondary English major. Correct answer sourced from source PDF answer key.
318,43,4,SET3 Drill&Booster English.pdf,/Users/lyndon/All reviewers/Sept2026_LET Reviewer Files/L. BSED - English-/SET3 Drill&Booster English.pdf,People dislike his sly ways but granted him a certain vulpine intelligence.,,,surprise,,careful,,wily,,cunning,,,,D,Answer key: D,LET Secondary,English,English,3,No,,0.98,Ready for Upload,Path and PDF header indicate BSED/Secondary English major. Correct answer sourced from source PDF answer key.
319,44,5,SET3 Drill&Booster English.pdf,/Users/lyndon/All reviewers/Sept2026_LET Reviewer Files/L. BSED - English-/SET3 Drill&Booster English.pdf,Easy access to credit encourages people to become spendthrift.,,,stingy,,sophisticated,,spender,,moneyed,,,,C,Answer key: C,LET Secondary,English,English,3,No,,0.98,Ready for Upload,Path and PDF header indicate BSED/Secondary English major. Correct answer sourced from source PDF answer key.
320,45,5,SET3 Drill&Booster English.pdf,/Users/lyndon/All reviewers/Sept2026_LET Reviewer Files/L. BSED - English-/SET3 Drill&Booster English.pdf,I think it is impolitic to raise the issue at this point in time because the public is too emotional about it.,,,advisable,,explosive,,unwise,,apolitical,,,,C,Answer key: C,LET Secondary,English,English,3,No,,0.98,Ready for Upload,Path and PDF header indicate BSED/Secondary English major. Correct answer sourced from source PDF answer key.
321,1,1,SET4 Drill&Booster English.pdf,/Users/lyndon/All reviewers/Sept2026_LET Reviewer Files/L. BSED - English-/SET4 Drill&Booster English.pdf,He is more concerned with MUNDANE matters like the movement of stock market. The capitalized word means:,,,Simple,,Financial,,Worldly,,Investments,,,,A,Answer key: A,LET Secondary,English,Vocabulary,3,No,,0.98,Ready for Upload,Path and PDF header indicate BSED/Secondary English major. Correct answer sourced from source PDF answer key.
322,2,1,SET4 Drill&Booster English.pdf,/Users/lyndon/All reviewers/Sept2026_LET Reviewer Files/L. BSED - English-/SET4 Drill&Booster English.pdf,The DEPRAVITY of the criminal’s behavior shocked us all. The capitalized word means:,,,Harshness,,Gravity,,Deprivations,,Viciousness,,,,D,Answer key: D,LET Secondary,English,Vocabulary,3,No,,0.98,Ready for Upload,Path and PDF header indicate BSED/Secondary English major. Correct answer sourced from source PDF answer key.
323,3,1,SET4 Drill&Booster English.pdf,/Users/lyndon/All reviewers/Sept2026_LET Reviewer Files/L. BSED - English-/SET4 Drill&Booster English.pdf,INDULGENT parents spoil their children by giving in to their every demands and whims.,,,Loving,,Beneficial,,Generous,,Yielding,,,,C,Answer key: C,LET Secondary,English,English,3,No,,0.98,Ready for Upload,Path and PDF header indicate BSED/Secondary English major. Correct answer sourced from source PDF answer key.
324,4,1,SET4 Drill&Booster English.pdf,/Users/lyndon/All reviewers/Sept2026_LET Reviewer Files/L. BSED - English-/SET4 Drill&Booster English.pdf,Open:Secretive::Forthright: __________,,,Spiteful,,Mask,,Outspoken,,Honest,,,,A,Answer key: A,LET Secondary,English,English,3,No,,0.98,Ready for Upload,Path and PDF header indicate BSED/Secondary English major. Correct answer sourced from source PDF answer key.
325,5,1,SET4 Drill&Booster English.pdf,/Users/lyndon/All reviewers/Sept2026_LET Reviewer Files/L. BSED - English-/SET4 Drill&Booster English.pdf,Negligent; Requirement:: Remiss :__________,,,Task,,Duty,,Injury,,Problem,,,,B,Answer key: B,LET Secondary,English,English,3,No,,0.98,Ready for Upload,Path and PDF header indicate BSED/Secondary English major. Correct answer sourced from source PDF answer key.
326,6,1,SET4 Drill&Booster English.pdf,/Users/lyndon/All reviewers/Sept2026_LET Reviewer Files/L. BSED - English-/SET4 Drill&Booster English.pdf,"It is _________ to try to destroy pest completely with pesticides, for as each new chemical pesticide is introduced, the pests gradually become _________ to it.",,,"useless, drawn",,"futile, resistant",,"worthwhile, immune",,"pointless, vulnerable",,,,C,Answer key: C,LET Secondary,English,English,3,No,,0.98,Ready for Upload,Path and PDF header indicate BSED/Secondary English major. Correct answer sourced from source PDF answer key.
327,7,1,SET4 Drill&Booster English.pdf,/Users/lyndon/All reviewers/Sept2026_LET Reviewer Files/L. BSED - English-/SET4 Drill&Booster English.pdf,The famous Dr. C. Drew’s technique for preserving and storing blood plasma for emergency use proved so _________ that it became the _______ for the present blood bank system by the Red Cross.,,,"irrelevant, inspiration",,"effective, model",,"complex, blueprint",,"urgent, pattern",,,,C,Answer key: C,LET Secondary,English,English,3,No,,0.98,Ready for Upload,Path and PDF header indicate BSED/Secondary English major. Correct answer sourced from source PDF answer key.
328,8,1,SET4 Drill&Booster English.pdf,/Users/lyndon/All reviewers/Sept2026_LET Reviewer Files/L. BSED - English-/SET4 Drill&Booster English.pdf,An A-rating represents the ULTIMATE honor a film will ever have. Which of the following is the opposite of the capitalized word?,,,Greatest,,Pinnacle,,Least,,Supreme,,,,C,Answer key: C,LET Secondary,English,Vocabulary,3,No,,0.98,Ready for Upload,Path and PDF header indicate BSED/Secondary English major. Correct answer sourced from source PDF answer key.
329,9,1,SET4 Drill&Booster English.pdf,/Users/lyndon/All reviewers/Sept2026_LET Reviewer Files/L. BSED - English-/SET4 Drill&Booster English.pdf,The VINDICTIVE politician spread rumors about his opponent. Which of the following is an antonym of the capitalized word?,,,Revengeful,,Forgiving,,Spiteful,,Malicious,,,,B,Answer key: B,LET Secondary,English,Vocabulary,3,No,,0.98,Ready for Upload,Path and PDF header indicate BSED/Secondary English major. Correct answer sourced from source PDF answer key.
330,10,2,SET4 Drill&Booster English.pdf,/Users/lyndon/All reviewers/Sept2026_LET Reviewer Files/L. BSED - English-/SET4 Drill&Booster English.pdf,Vegetarians have a variety of reasons for their beliefs. Some refuse to eat meat because they believe that the killing of animals is unnecessary or barbaric. They feel that processes such as butchering are degrading to the people who practice them and cruel to the animals slaughtered. Others believe that meat is harmful to the human body and that a purely vegetable diet is more nutritious. Still others choose vegetarianism because they believe that raising animals for meat is an inefficient use of land. They say that farmland could be put to better use growing crops for human consumption. Which of the following statements is best supported by the above passage?,,,Some vegetarians choose not to eat meat mainly for health reasons.,,A purely vegetable diet is more nutritious than a diet that includes meat.,,Vegetarians are opposed to any use of animals for the benefit of humans.,,Vegetarians favor laws to reduce the consumption of meat.,,,,A,Answer key: A,LET Secondary,English,Reading Comprehension,3,No,,0.98,Ready for Upload,Path and PDF header indicate BSED/Secondary English major. Correct answer sourced from source PDF answer key.
331,11,2,SET4 Drill&Booster English.pdf,/Users/lyndon/All reviewers/Sept2026_LET Reviewer Files/L. BSED - English-/SET4 Drill&Booster English.pdf,"The amount of your retirement benefits from Social Security depends, in part, on when you retire. The earliest that you can begin to receive benefits is age 62. The longer you wait to begin receiving benefits (up to age 70), the higher your benefits will be. If you were born between 1938 and 1960, you cannot receive “full retirement” benefits until age 66. If you were born in 1960 or later, your full retirement age will be 67. If you wait to receive benefits past your full retirement age, the amount you receive will continue to increase until you reach age 70. There is no advantage to waiting past age 70 to begin receiving benefits. You can continue to work while you receive retirement benefits. If you do, the amount of your benefits will be reduced by one dollar for every two dollars you earn above a certain limit, until you reach your full retirement age. Once you reach your full retirement age, this limit no longer applies. The amount you earn will have no effect on your benefits. According to this passage, which of the following statements is true?",,,You cannot receive retirement benefits from Social Security while you are still working.,,"If you were born in 1950, your full retirement age is 66.",,"If you continue to work past your full retirement age, your benefits will be reduced by one dollar for every two dollars you earn.",,There is no advantage to waiting past your full retirement age to begin receiving benefits.,,,,B,Answer key: B,LET Secondary,English,Reading Comprehension,3,No,,0.98,Ready for Upload,Path and PDF header indicate BSED/Secondary English major. Correct answer sourced from source PDF answer key.
332,12,2,SET4 Drill&Booster English.pdf,/Users/lyndon/All reviewers/Sept2026_LET Reviewer Files/L. BSED - English-/SET4 Drill&Booster English.pdf,The volunteers from the fire department ________ quickly and extinguished a fire on North Country Road.,,,will respond,,responded,,will have responded,,have responded,,,,B,Answer key: B,LET Secondary,English,English,3,No,,0.98,Ready for Upload,Path and PDF header indicate BSED/Secondary English major. Correct answer sourced from source PDF answer key.
333,13,2,SET4 Drill&Booster English.pdf,/Users/lyndon/All reviewers/Sept2026_LET Reviewer Files/L. BSED - English-/SET4 Drill&Booster English.pdf,"In Tuesday’s paper, the owner of the supermarket was recognized for helping a customer who ________ on the icy sidewalk.",,,falls,,had fallen,,would fall,,has fallen,,,,B,Answer key: B,LET Secondary,English,English,3,No,,0.98,Ready for Upload,Path and PDF header indicate BSED/Secondary English major. Correct answer sourced from source PDF answer key.
334,14,2,SET4 Drill&Booster English.pdf,/Users/lyndon/All reviewers/Sept2026_LET Reviewer Files/L. BSED - English-/SET4 Drill&Booster English.pdf,We arranged the flowers and placed ________ in the center of the table.,,,them,,it,,this,,that,,,,A,Answer key: A,LET Secondary,English,English,3,No,,0.98,Ready for Upload,Path and PDF header indicate BSED/Secondary English major. Correct answer sourced from source PDF answer key.
335,15,2,SET4 Drill&Booster English.pdf,/Users/lyndon/All reviewers/Sept2026_LET Reviewer Files/L. BSED - English-/SET4 Drill&Booster English.pdf,The person ________ made this delicious cheesecake has my vote.,,,that,,who,,which,,whose,,,,B,Answer key: B,LET Secondary,English,English,3,No,,0.98,Ready for Upload,Path and PDF header indicate BSED/Secondary English major. Correct answer sourced from source PDF answer key.
336,16,2,SET4 Drill&Booster English.pdf,/Users/lyndon/All reviewers/Sept2026_LET Reviewer Files/L. BSED - English-/SET4 Drill&Booster English.pdf,Being too _______ will undoubtedly make other men hate you.,,,vane,,vein,,vain,,vanity,,,,C,Answer key: C,LET Secondary,English,English,3,No,,0.98,Ready for Upload,Path and PDF header indicate BSED/Secondary English major. Correct answer sourced from source PDF answer key.
337,17,3,SET4 Drill&Booster English.pdf,/Users/lyndon/All reviewers/Sept2026_LET Reviewer Files/L. BSED - English-/SET4 Drill&Booster English.pdf,Because they did not accept his basic _______ they were ______ by his argument.,,,"assumption, convinced",,"bias, impressed",,"supposition, justified",,"motivation, confused",,,,D,Answer key: D,LET Secondary,English,English,3,No,,0.98,Ready for Upload,Path and PDF header indicate BSED/Secondary English major. Correct answer sourced from source PDF answer key.
338,18,3,SET4 Drill&Booster English.pdf,/Users/lyndon/All reviewers/Sept2026_LET Reviewer Files/L. BSED - English-/SET4 Drill&Booster English.pdf,"The failed July 27, 2003 mutiny was believed by many as a plan by the Magdalo group as an attempt to stage a takeover of government. It was viewed as a desperate attempt by the mutineers who were supported by influential and politically motivated men who financed the mutiny, according to the Feliciano Commission. The action was found to be unconstitutional as it violates both the Articles of War and the Revised Penal Code. Such act can lead to either Court Martial or Civilian proceedings or even both. The best title for the above article is:",,,Failed Mutiny,,Illegal Soldiers Uprising,,Coup d’etat,,Articles of War and Punishment,,,,B,Answer key: B,LET Secondary,English,English,3,No,,0.98,Ready for Upload,Path and PDF header indicate BSED/Secondary English major. Correct answer sourced from source PDF answer key.
339,19,3,SET4 Drill&Booster English.pdf,/Users/lyndon/All reviewers/Sept2026_LET Reviewer Files/L. BSED - English-/SET4 Drill&Booster English.pdf,Determine which may be the best order in which the sentences should be arranged to result in a well- organized paragraph.,,,Now we shall do everything we can to enforce this law.,,"In the struggle against crime, government and people should join hands",,"Republic Act 7659, the death penalty law is government’s response in law against cruelty and heartlessness.",,The law’s main objective is not retribution but reform and rehabilitation of offenders and would be offenders.,,All countries in the world are presently siege by violent crime.,,B,Answer key: B,LET Secondary,English,Reading Comprehension,3,No,,0.78,Needs Review,"Path and PDF header indicate BSED/Secondary English major. Correct answer sourced from source PDF answer key. Duplicate choice labels in source/OCR: A, B, C, D."
340,20,3,SET4 Drill&Booster English.pdf,/Users/lyndon/All reviewers/Sept2026_LET Reviewer Files/L. BSED - English-/SET4 Drill&Booster English.pdf,Determine which may be the best order in which the sentences should be arranged to result in a well- organized paragraph.,,,Tagaytay is the destination for us who love nature.,,It provides an ideal picnic ground for outdoor lovers.,,"Unfortunately, the place ends up abused by outdoor lovers who litter the place.",,It is a place which can be easily reached by a two-hour drive from Makati City.,,,,B,Answer key: B,LET Secondary,English,Reading Comprehension,3,No,339,0.90,Duplicate,"Path and PDF header indicate BSED/Secondary English major. Correct answer sourced from source PDF answer key. Duplicate choice labels in source/OCR: A, B, C, D. Duplicate or near-duplicate of row 339."
341,1,1,SET5 Drill&Booster English.pdf,/Users/lyndon/All reviewers/Sept2026_LET Reviewer Files/L. BSED - English-/SET5 Drill&Booster English.pdf,"What is meant by AT SIXES AND SEVENS in this sentence? We moved into the house last week, but I'm afraid everything, is still at sixes and sevens.",,,The things have not been shipped.,,In a state of confusion,,In an orderly manner,,The boxes are still intact,,,,B,Answer key: B,LET Secondary,English,Grammar,3,No,,0.98,Ready for Upload,Path and PDF header indicate BSED/Secondary English major. Correct answer sourced from source PDF answer key.
342,2,1,SET5 Drill&Booster English.pdf,/Users/lyndon/All reviewers/Sept2026_LET Reviewer Files/L. BSED - English-/SET5 Drill&Booster English.pdf,"What is the mood of these lines? Daylight, I must wait for the sunrise I must think of a new life And I mustn't give in. When the dawn comes tonight will be a memory, too And a new day will begin.",,,Afraid,,Sarcastic,,Depressed,,Hopeful,,,,D,Answer key: D,LET Secondary,English,English,3,No,,0.98,Ready for Upload,Path and PDF header indicate BSED/Secondary English major. Correct answer sourced from source PDF answer key.
343,3,1,SET5 Drill&Booster English.pdf,/Users/lyndon/All reviewers/Sept2026_LET Reviewer Files/L. BSED - English-/SET5 Drill&Booster English.pdf,The wounded soldiers were visited by the president who honoured them with ____ for their _____.,,,medals – valor,,gun salute – bravery,,appointments – dedication,,money – sacrifice,,,,A,Answer key: A,LET Secondary,English,English,3,No,,0.98,Ready for Upload,Path and PDF header indicate BSED/Secondary English major. Correct answer sourced from source PDF answer key.
344,4,1,SET5 Drill&Booster English.pdf,/Users/lyndon/All reviewers/Sept2026_LET Reviewer Files/L. BSED - English-/SET5 Drill&Booster English.pdf,"Every June, Manila has its festival of outstanding Filipino films. This was a project initiated by",,,Arsenio Lacson,,German Moreno,,Antonio Villegas,,Ramon Bagatsing,,,,C,Answer key: C,LET Secondary,English,English,3,No,,0.98,Ready for Upload,Path and PDF header indicate BSED/Secondary English major. Correct answer sourced from source PDF answer key.
345,5,1,SET5 Drill&Booster English.pdf,/Users/lyndon/All reviewers/Sept2026_LET Reviewer Files/L. BSED - English-/SET5 Drill&Booster English.pdf,Which among the sounds below is voiceless?,,,/b/,,/z/,,/g/,,/p/,,,,D,Answer key: D,LET Secondary,English,English,3,No,,0.98,Ready for Upload,Path and PDF header indicate BSED/Secondary English major. Correct answer sourced from source PDF answer key.
346,6,1,SET5 Drill&Booster English.pdf,/Users/lyndon/All reviewers/Sept2026_LET Reviewer Files/L. BSED - English-/SET5 Drill&Booster English.pdf,“Only the heart can see rightly.” This statement is lifted from what particular novel?,,,The Prince and the Pauper,,The Little Prince,,The Right One,,The Pearl,,,,B,Answer key: B,LET Secondary,English,Literature,3,No,,0.98,Ready for Upload,Path and PDF header indicate BSED/Secondary English major. Correct answer sourced from source PDF answer key.
347,7,1,SET5 Drill&Booster English.pdf,/Users/lyndon/All reviewers/Sept2026_LET Reviewer Files/L. BSED - English-/SET5 Drill&Booster English.pdf,"He was the American President who said, “Ask not what America will do for you, but what together we can do for the freedom of man.”",,,Gerald Ford,,Franklin Roosevelt,,Henry Truman,,John F. Kennedy,,,,D,Answer key: D,LET Secondary,English,English,3,No,,0.98,Ready for Upload,Path and PDF header indicate BSED/Secondary English major. Correct answer sourced from source PDF answer key.
348,8,1,SET5 Drill&Booster English.pdf,/Users/lyndon/All reviewers/Sept2026_LET Reviewer Files/L. BSED - English-/SET5 Drill&Booster English.pdf,History is the witness that ______ passing of time.,,,testifies,,will testify,,testifies for,,testifies for the,,,,D,Answer key: D,LET Secondary,English,English,3,No,,0.98,Ready for Upload,Path and PDF header indicate BSED/Secondary English major. Correct answer sourced from source PDF answer key.
349,9,1,SET5 Drill&Booster English.pdf,/Users/lyndon/All reviewers/Sept2026_LET Reviewer Files/L. BSED - English-/SET5 Drill&Booster English.pdf,"When I met Liza yesterday, it was the first time I _____ her since Christmas.",,,saw,,had seen,,have seen,,have been seen,,,,C,Answer key: C,LET Secondary,English,English,3,No,,0.98,Ready for Upload,Path and PDF header indicate BSED/Secondary English major. Correct answer sourced from source PDF answer key.
350,10,1,SET5 Drill&Booster English.pdf,/Users/lyndon/All reviewers/Sept2026_LET Reviewer Files/L. BSED - English-/SET5 Drill&Booster English.pdf,The commander ordered his men to hold on the fort. What was the message?,,,Surrender in arms,,Keep on with the fight,,Disregard the peace negotiation,,Rescue the hostage victims fast and early,,,,B,Answer key: B,LET Secondary,English,English,3,No,,0.98,Ready for Upload,Path and PDF header indicate BSED/Secondary English major. Correct answer sourced from source PDF answer key.
351,11,1,SET5 Drill&Booster English.pdf,/Users/lyndon/All reviewers/Sept2026_LET Reviewer Files/L. BSED - English-/SET5 Drill&Booster English.pdf,“She is a vision of feminine pulchritude.” This stands for the following EXCEPT,,,Loveliness,,Comeliness,,Homeliness,,Physical beauty,,,,C,Answer key: C,LET Secondary,English,English,3,No,,0.98,Ready for Upload,Path and PDF header indicate BSED/Secondary English major. Correct answer sourced from source PDF answer key.
352,12,1,SET5 Drill&Booster English.pdf,/Users/lyndon/All reviewers/Sept2026_LET Reviewer Files/L. BSED - English-/SET5 Drill&Booster English.pdf,The Nibelungenlied is a,,,Latin Myth,,Chinese legend,,Russian folk song,,Medieval German epic,,,,D,Answer key: D,LET Secondary,English,English,3,No,,0.98,Ready for Upload,Path and PDF header indicate BSED/Secondary English major. Correct answer sourced from source PDF answer key.
353,13,1,SET5 Drill&Booster English.pdf,/Users/lyndon/All reviewers/Sept2026_LET Reviewer Files/L. BSED - English-/SET5 Drill&Booster English.pdf,An association wherein the name of something is substituted by something that represents it.,,,Metonymy,,Comparison,,Euphemism,,Personification,,,,A,Answer key: A,LET Secondary,English,English,3,No,,0.98,Ready for Upload,Path and PDF header indicate BSED/Secondary English major. Correct answer sourced from source PDF answer key.
354,14,1,SET5 Drill&Booster English.pdf,/Users/lyndon/All reviewers/Sept2026_LET Reviewer Files/L. BSED - English-/SET5 Drill&Booster English.pdf,"Because the moon rotates on its axis at the same time as it ______ around the earth, we see the same side",,,Revolve,,Revolves,,Is revolving,,Has been revolving,,,,B,Answer key: B,LET Secondary,English,English,3,No,,0.98,Ready for Upload,Path and PDF header indicate BSED/Secondary English major. Correct answer sourced from source PDF answer key.
355,15,1,SET5 Drill&Booster English.pdf,/Users/lyndon/All reviewers/Sept2026_LET Reviewer Files/L. BSED - English-/SET5 Drill&Booster English.pdf,"In English verse, a poetic foot having 1 stressed syllable followed by 1 unstressed syllable is ______.",,,Trochaic,,Iambic,,Dactylic,,Anapaestic,,,,A,Answer key: A,LET Secondary,English,Literature,3,No,,0.98,Ready for Upload,Path and PDF header indicate BSED/Secondary English major. Correct answer sourced from source PDF answer key.
356,16,2,SET5 Drill&Booster English.pdf,/Users/lyndon/All reviewers/Sept2026_LET Reviewer Files/L. BSED - English-/SET5 Drill&Booster English.pdf,Senators were accused by activists of washing their hands with the perfumes of Arabia. This state is commonly known as,,,Guilt,,Triumph,,Indecision,,Aggression,,,,A,Answer key: A,LET Secondary,English,English,3,No,,0.98,Ready for Upload,Path and PDF header indicate BSED/Secondary English major. Correct answer sourced from source PDF answer key.
357,17,2,SET5 Drill&Booster English.pdf,/Users/lyndon/All reviewers/Sept2026_LET Reviewer Files/L. BSED - English-/SET5 Drill&Booster English.pdf,It is a collection of religious poetry written by Rabindranath Tagore.,,,Mahabharata,,Gitanjali,,The Ramayana,,Bhagavad Gita,,,,B,Answer key: B,LET Secondary,English,Literature,3,No,,0.98,Ready for Upload,Path and PDF header indicate BSED/Secondary English major. Correct answer sourced from source PDF answer key.
358,18,2,SET5 Drill&Booster English.pdf,/Users/lyndon/All reviewers/Sept2026_LET Reviewer Files/L. BSED - English-/SET5 Drill&Booster English.pdf,I suggest that he _____ in the room for one week.,,,Stay,,Stayed,,Staying,,Stays,,,,A,Answer key: A,LET Secondary,English,English,3,No,,0.98,Ready for Upload,Path and PDF header indicate BSED/Secondary English major. Correct answer sourced from source PDF answer key.
359,19,2,SET5 Drill&Booster English.pdf,/Users/lyndon/All reviewers/Sept2026_LET Reviewer Files/L. BSED - English-/SET5 Drill&Booster English.pdf,"The manager told his workers, “We have to reduce our workforce.” What did he mean? Workers are free to leave Workers are warned of possible lay off Workers have to double time on their jobs Workers should submit themselves to a reducing gym",,,,,,,,,,,,,B,Answer key: B,LET Secondary,English,English,3,No,,0.98,Incomplete,Path and PDF header indicate BSED/Secondary English major. Correct answer sourced from source PDF answer key.
360,20,2,SET5 Drill&Booster English.pdf,/Users/lyndon/All reviewers/Sept2026_LET Reviewer Files/L. BSED - English-/SET5 Drill&Booster English.pdf,"The parent remarked, “__________ I come late, just lock the door.”",,,In the absence,,In the process,,In the event,,In the case,,,,C,Answer key: C,LET Secondary,English,English,3,No,,0.98,Ready for Upload,Path and PDF header indicate BSED/Secondary English major. Correct answer sourced from source PDF answer key.
361,21,2,SET5 Drill&Booster English.pdf,/Users/lyndon/All reviewers/Sept2026_LET Reviewer Files/L. BSED - English-/SET5 Drill&Booster English.pdf,The copyreader found the news story boring. He found it full of _____.,,,Adjectives,,Verbs,,Pronouns,,Adverbs,,,,C,Answer key: C,LET Secondary,English,English,3,No,,0.98,Ready for Upload,Path and PDF header indicate BSED/Secondary English major. Correct answer sourced from source PDF answer key.
362,22,2,SET5 Drill&Booster English.pdf,/Users/lyndon/All reviewers/Sept2026_LET Reviewer Files/L. BSED - English-/SET5 Drill&Booster English.pdf,"There were three guests on the stage. They were made up of a parent, the governor and the principal. Who should be acknowledged first by the valedictorian?",,,The classmates,,The principal,,The governor,,The parent,,,,C,Answer key: C,LET Secondary,English,English,3,No,,0.98,Ready for Upload,Path and PDF header indicate BSED/Secondary English major. Correct answer sourced from source PDF answer key.
363,23,2,SET5 Drill&Booster English.pdf,/Users/lyndon/All reviewers/Sept2026_LET Reviewer Files/L. BSED - English-/SET5 Drill&Booster English.pdf,"What is suggested in the opening line? June 13, 1986 - they came from all over America - 200,000 heroes strong, with their families.",,,The writer holds great admiration for the veterans,,The writer is opposed to the Vietnam War,,The writer was a veteran of the war,,The writer is a flag-waving patriot,,,,A,Answer key: A,LET Secondary,English,English,3,No,,0.98,Ready for Upload,Path and PDF header indicate BSED/Secondary English major. Correct answer sourced from source PDF answer key.
364,24,2,SET5 Drill&Booster English.pdf,/Users/lyndon/All reviewers/Sept2026_LET Reviewer Files/L. BSED - English-/SET5 Drill&Booster English.pdf,"A readability mismatch happens when the reading levels of books exceed the reading levels of the students. In this situation, the students experience frustration and they fall short of the expected or desired output. A student who finds himself/ herself in such a mismatch will likely do which of the following?",,,Give an intelligent critique of the selection or story read,,Write a comprehensive reaction paper regarding the selection or story read,,Present an argument that the selection or story read was not properly written,,Manifest an expected and commensurate emotional reaction to the selection or story read,,,,C,Answer key: C,LET Secondary,English,Reading Comprehension,3,No,,0.98,Ready for Upload,Path and PDF header indicate BSED/Secondary English major. Correct answer sourced from source PDF answer key.
365,25,2,SET5 Drill&Booster English.pdf,/Users/lyndon/All reviewers/Sept2026_LET Reviewer Files/L. BSED - English-/SET5 Drill&Booster English.pdf,What does this mean: Excuses are for losers… those who take responsibility for their actions are real winners in life. This tells of?,,,losers often fail because they find reasons for losing,,a winner can also be a quitter,,accountability of one’s action tells of bravery,,excuses are needed to justify any failure,,,,C,Answer key: C,LET Secondary,English,English,3,No,,0.98,Ready for Upload,Path and PDF header indicate BSED/Secondary English major. Correct answer sourced from source PDF answer key.
366,26,2,SET5 Drill&Booster English.pdf,/Users/lyndon/All reviewers/Sept2026_LET Reviewer Files/L. BSED - English-/SET5 Drill&Booster English.pdf,A couple accepted a wedding invitation. They showed pleasure in these remarks,,,All guests congratulated the organizers and the couple,,Guests came in and out of the ceremonies,,The ceremonies were very impressive,,The couple felt uneasy with the priest,,,,C,Answer key: C,LET Secondary,English,English,3,No,,0.98,Ready for Upload,Path and PDF header indicate BSED/Secondary English major. Correct answer sourced from source PDF answer key.
367,27,2,SET5 Drill&Booster English.pdf,/Users/lyndon/All reviewers/Sept2026_LET Reviewer Files/L. BSED - English-/SET5 Drill&Booster English.pdf,What correction should be made to this sentence? One of the theories is that the first child receives more of the parents' attention than other children so first-borns tend to be more intellectual.,,,Change is to are,,Insert a comma after children,,Change parents' to parent's,,Change theories to theory's,,,,B,Answer key: B,LET Secondary,English,Grammar,3,No,,0.98,Ready for Upload,Path and PDF header indicate BSED/Secondary English major. Correct answer sourced from source PDF answer key.
368,28,2,SET5 Drill&Booster English.pdf,/Users/lyndon/All reviewers/Sept2026_LET Reviewer Files/L. BSED - English-/SET5 Drill&Booster English.pdf,"Carl Sundburg wrote ""Jazz Fantasia"" which has for its first stanza: Drum on your drums, batter on your banjos, sob on the long cool winding saxophones. Go to it, O jazzmen. Which words illustrate alliteration?",,,Batter and banjos,,Sob and winding,,Long and cool,,To and it,,,,A,Answer key: A,LET Secondary,English,Vocabulary,3,No,,0.98,Ready for Upload,Path and PDF header indicate BSED/Secondary English major. Correct answer sourced from source PDF answer key.
369,29,3,SET5 Drill&Booster English.pdf,/Users/lyndon/All reviewers/Sept2026_LET Reviewer Files/L. BSED - English-/SET5 Drill&Booster English.pdf,Robert Frost wrote the poem Acquainted with the Night from which the stanza is taken: I have been one acquainted with the night. I have walked out in rain-back in rain. I have out walked the farthest city light The poet in the stanza talks of?,,,isolation and loneliness,,joy getting out of the house,,youthful delight playing in the rain,,happiness in having been acquainted with the night,,,,A,Answer key: A,LET Secondary,English,Literature,3,No,,0.98,Ready for Upload,Path and PDF header indicate BSED/Secondary English major. Correct answer sourced from source PDF answer key.
370,30,3,SET5 Drill&Booster English.pdf,/Users/lyndon/All reviewers/Sept2026_LET Reviewer Files/L. BSED - English-/SET5 Drill&Booster English.pdf,Which is the BEST WAY to write the underlined portion of this sentence? Researchers also speculate that some teachers might have given boys more computer time because parents and teachers expected boys to need computers for future careers.,,,expected,,expecting,,will expect,,will have expected,,,,D,Answer key: D,LET Secondary,English,Grammar,3,No,,0.98,Ready for Upload,Path and PDF header indicate BSED/Secondary English major. Correct answer sourced from source PDF answer key.
371,1,1,SET6 Drill&Booster English.pdf,/Users/lyndon/All reviewers/Sept2026_LET Reviewer Files/L. BSED - English-/SET6 Drill&Booster English.pdf,Determine which may be the best order in which the sentences should be arranged to result in a well- organized paragraph.,,,Now we shall do everything we can to enforce this law.,,"In the struggle against crime, government and people should join hands",,"Republic Act 7659, the death penalty law is government’s response in law against cruelty and heartlessness.",,The law’s main objective is not retribution but reform and rehabilitation of offenders and would be offenders.,,All countries in the world are presently siege by violent crime.,,B,Answer key: B,LET Secondary,English,Reading Comprehension,3,No,339,0.90,Duplicate,"Path and PDF header indicate BSED/Secondary English major. Correct answer sourced from source PDF answer key. Duplicate choice labels in source/OCR: A, B, C, D. Duplicate or near-duplicate of row 339."
372,2,1,SET6 Drill&Booster English.pdf,/Users/lyndon/All reviewers/Sept2026_LET Reviewer Files/L. BSED - English-/SET6 Drill&Booster English.pdf,Determine which may be the best order in which the sentences should be arranged to result in a well- organized paragraph.,,,Tagaytay is the destination for us who love nature.,,It provides an ideal picnic ground for outdoor lovers.,,"Unfortunately, the place ends up abused by outdoor lovers who litter the place.",,It is a place which can be easily reached by a two-hour drive from Makati City.,,,,B,Answer key: B,LET Secondary,English,Reading Comprehension,3,No,339,0.90,Duplicate,"Path and PDF header indicate BSED/Secondary English major. Correct answer sourced from source PDF answer key. Duplicate choice labels in source/OCR: A, B, C, D. Duplicate or near-duplicate of row 339."
373,3,1,SET6 Drill&Booster English.pdf,/Users/lyndon/All reviewers/Sept2026_LET Reviewer Files/L. BSED - English-/SET6 Drill&Booster English.pdf,INDULGENT parents spoil their children by giving in to their every demands and whims.,,,Loving,,Beneficial,,Generous,,Yielding,,,,C,Answer key: C,LET Secondary,English,English,3,No,323,0.90,Duplicate,Path and PDF header indicate BSED/Secondary English major. Correct answer sourced from source PDF answer key. Duplicate or near-duplicate of row 323.
374,4,1,SET6 Drill&Booster English.pdf,/Users/lyndon/All reviewers/Sept2026_LET Reviewer Files/L. BSED - English-/SET6 Drill&Booster English.pdf,Open:Secretive::Forthright: __________,,,Spiteful,,Mask,,Outspoken,,Honest,,,,A,Answer key: A,LET Secondary,English,English,3,No,324,0.90,Duplicate,Path and PDF header indicate BSED/Secondary English major. Correct answer sourced from source PDF answer key. Duplicate or near-duplicate of row 324.
375,5,1,SET6 Drill&Booster English.pdf,/Users/lyndon/All reviewers/Sept2026_LET Reviewer Files/L. BSED - English-/SET6 Drill&Booster English.pdf,Negligent; Requirement:: Remiss :__________,,,Task,,Duty,,Injury,,Problem,,,,B,Answer key: B,LET Secondary,English,English,3,No,325,0.90,Duplicate,Path and PDF header indicate BSED/Secondary English major. Correct answer sourced from source PDF answer key. Duplicate or near-duplicate of row 325.
376,6,1,SET6 Drill&Booster English.pdf,/Users/lyndon/All reviewers/Sept2026_LET Reviewer Files/L. BSED - English-/SET6 Drill&Booster English.pdf,"It is _________ to try to destroy pest completely with pesticides, for as each new chemical pesticide is introduced, the pests gradually become _________ to it.",,,"useless, drawn",,"futile, resistant",,"worthwhile, immune",,"pointless, vulnerable",,,,C,Answer key: C,LET Secondary,English,English,3,No,326,0.90,Duplicate,Path and PDF header indicate BSED/Secondary English major. Correct answer sourced from source PDF answer key. Duplicate or near-duplicate of row 326.
377,7,1,SET6 Drill&Booster English.pdf,/Users/lyndon/All reviewers/Sept2026_LET Reviewer Files/L. BSED - English-/SET6 Drill&Booster English.pdf,The famous Dr. C. Drew’s technique for preserving and storing blood plasma for emergency use proved so _________ that it became the _______ for the present blood bank system by the Red Cross.,,,"irrelevant, inspiration",,"effective, model",,"complex, blueprint",,"urgent, pattern",,,,C,Answer key: C,LET Secondary,English,English,3,No,327,0.90,Duplicate,Path and PDF header indicate BSED/Secondary English major. Correct answer sourced from source PDF answer key. Duplicate or near-duplicate of row 327.
378,8,1,SET6 Drill&Booster English.pdf,/Users/lyndon/All reviewers/Sept2026_LET Reviewer Files/L. BSED - English-/SET6 Drill&Booster English.pdf,An A-rating represents the ULTIMATE honor a film will ever have. Which of the following is the opposite of the capitalized word?,,,Greatest,,Pinnacle,,Least,,Supreme,,,,C,Answer key: C,LET Secondary,English,Vocabulary,3,No,328,0.90,Duplicate,Path and PDF header indicate BSED/Secondary English major. Correct answer sourced from source PDF answer key. Duplicate or near-duplicate of row 328.
379,9,1,SET6 Drill&Booster English.pdf,/Users/lyndon/All reviewers/Sept2026_LET Reviewer Files/L. BSED - English-/SET6 Drill&Booster English.pdf,The VINDICTIVE politician spread rumors about his opponent. Which of the following is an antonym of the capitalized word?,,,Revengeful,,Forgiving,,Spiteful,,Malicious,,,,B,Answer key: B,LET Secondary,English,Vocabulary,3,No,329,0.90,Duplicate,Path and PDF header indicate BSED/Secondary English major. Correct answer sourced from source PDF answer key. Duplicate or near-duplicate of row 329.
380,10,1,SET6 Drill&Booster English.pdf,/Users/lyndon/All reviewers/Sept2026_LET Reviewer Files/L. BSED - English-/SET6 Drill&Booster English.pdf,Vegetarians have a variety of reasons for their beliefs. Some refuse to eat meat because they believe that the killing of animals is unnecessary or barbaric. They feel that processes such as butchering are degrading to the people who practice them and cruel to the animals slaughtered. Others believe that meat is harmful to the human body and that a purely vegetable diet is more nutritious. Still others choose vegetarianism because they believe that raising animals for meat is an inefficient use of land. They say that farmland could be put to better use growing crops for human consumption. Which of the following statements is best supported by the above passage?,,,Some vegetarians choose not to eat meat mainly for health reasons.,,A purely vegetable diet is more nutritious than a diet that includes meat.,,Vegetarians are opposed to any use of animals for the benefit of humans.,,Vegetarians favor laws to reduce the consumption of meat.,,,,A,Answer key: A,LET Secondary,English,Reading Comprehension,3,No,330,0.90,Duplicate,Path and PDF header indicate BSED/Secondary English major. Correct answer sourced from source PDF answer key. Duplicate or near-duplicate of row 330.
381,11,2,SET6 Drill&Booster English.pdf,/Users/lyndon/All reviewers/Sept2026_LET Reviewer Files/L. BSED - English-/SET6 Drill&Booster English.pdf,"The amount of your retirement benefits from Social Security depends, in part, on when you retire. The earliest that you can begin to receive benefits is age 62. The longer you wait to begin receiving benefits (up to age 70), the higher your benefits will be. If you were born between 1938 and 1960, you cannot receive “full retirement” benefits until age 66. If you were born in 1960 or later, your full retirement age will be 67. If you wait to receive benefits past your full retirement age, the amount you receive will continue to increase until you reach age 70. There is no advantage to waiting past age 70 to begin receiving benefits. You can continue to work while you receive retirement benefits. If you do, the amount of your benefits will be reduced by one dollar for every two dollars you earn above a certain limit, until you reach your full retirement age. Once you reach your full retirement age, this limit no longer applies. The amount you earn will have no effect on your benefits. According to this passage, which of the following statements is true?",,,You cannot receive retirement benefits from Social Security while you are still working.,,"If you were born in 1950, your full retirement age is 66.",,"If you continue to work past your full retirement age, your benefits will be reduced by one dollar for every two dollars you earn.",,There is no advantage to waiting past your full retirement age to begin receiving benefits.,,,,B,Answer key: B,LET Secondary,English,Reading Comprehension,3,No,331,0.90,Duplicate,Path and PDF header indicate BSED/Secondary English major. Correct answer sourced from source PDF answer key. Duplicate or near-duplicate of row 331.
382,12,2,SET6 Drill&Booster English.pdf,/Users/lyndon/All reviewers/Sept2026_LET Reviewer Files/L. BSED - English-/SET6 Drill&Booster English.pdf,The volunteers from the fire department ________ quickly and extinguished a fire on North Country Road.,,,will respond,,responded,,will have responded,,have responded,,,,B,Answer key: B,LET Secondary,English,English,3,No,332,0.90,Duplicate,Path and PDF header indicate BSED/Secondary English major. Correct answer sourced from source PDF answer key. Duplicate or near-duplicate of row 332.
383,13,2,SET6 Drill&Booster English.pdf,/Users/lyndon/All reviewers/Sept2026_LET Reviewer Files/L. BSED - English-/SET6 Drill&Booster English.pdf,"In Tuesday’s paper, the owner of the supermarket was recognized for helping a customer who ________ on the icy sidewalk.",,,falls,,had fallen,,would fall,,has fallen,,,,B,Answer key: B,LET Secondary,English,English,3,No,333,0.90,Duplicate,Path and PDF header indicate BSED/Secondary English major. Correct answer sourced from source PDF answer key. Duplicate or near-duplicate of row 333.
384,14,2,SET6 Drill&Booster English.pdf,/Users/lyndon/All reviewers/Sept2026_LET Reviewer Files/L. BSED - English-/SET6 Drill&Booster English.pdf,We arranged the flowers and placed ________ in the center of the table.,,,them,,it,,this,,that,,,,A,Answer key: A,LET Secondary,English,English,3,No,334,0.90,Duplicate,Path and PDF header indicate BSED/Secondary English major. Correct answer sourced from source PDF answer key. Duplicate or near-duplicate of row 334.
385,15,2,SET6 Drill&Booster English.pdf,/Users/lyndon/All reviewers/Sept2026_LET Reviewer Files/L. BSED - English-/SET6 Drill&Booster English.pdf,The person ________ made this delicious cheesecake has my vote.,,,that,,who,,which,,whose,,,,B,Answer key: B,LET Secondary,English,English,3,No,335,0.90,Duplicate,Path and PDF header indicate BSED/Secondary English major. Correct answer sourced from source PDF answer key. Duplicate or near-duplicate of row 335.
386,16,2,SET6 Drill&Booster English.pdf,/Users/lyndon/All reviewers/Sept2026_LET Reviewer Files/L. BSED - English-/SET6 Drill&Booster English.pdf,Being too _______ will undoubtedly make other men hate you.,,,vane,,vein,,vain,,vanity,,,,C,Answer key: C,LET Secondary,English,English,3,No,336,0.90,Duplicate,Path and PDF header indicate BSED/Secondary English major. Correct answer sourced from source PDF answer key. Duplicate or near-duplicate of row 336.
387,17,2,SET6 Drill&Booster English.pdf,/Users/lyndon/All reviewers/Sept2026_LET Reviewer Files/L. BSED - English-/SET6 Drill&Booster English.pdf,Because they did not accept his basic _______ they were ______ by his argument.,,,"assumption, convinced",,"bias, impressed",,"supposition, justified",,"motivation, confused",,,,D,Answer key: D,LET Secondary,English,English,3,No,337,0.90,Duplicate,Path and PDF header indicate BSED/Secondary English major. Correct answer sourced from source PDF answer key. Duplicate or near-duplicate of row 337.
388,18,2,SET6 Drill&Booster English.pdf,/Users/lyndon/All reviewers/Sept2026_LET Reviewer Files/L. BSED - English-/SET6 Drill&Booster English.pdf,"The failed July 27, 2003 mutiny was believed by many as a plan by the Magdalo group as an attempt to stage a takeover of government. It was viewed as a desperate attempt by the mutineers who were supported by influential and politically motivated men who financed the mutiny, according to the Feliciano Commission. The action was found to be unconstitutional as it violates both the Articles of War and the Revised Penal Code. Such act can lead to either Court Martial or Civilian proceedings or even both. The best title for the above article is:",,,Failed Mutiny,,Illegal Soldiers Uprising,,Coup d’etat,,Articles of War and Punishment,,,,B,Answer key: B,LET Secondary,English,English,3,No,338,0.90,Duplicate,Path and PDF header indicate BSED/Secondary English major. Correct answer sourced from source PDF answer key. Duplicate or near-duplicate of row 338.
389,19,2,SET6 Drill&Booster English.pdf,/Users/lyndon/All reviewers/Sept2026_LET Reviewer Files/L. BSED - English-/SET6 Drill&Booster English.pdf,He is more concerned with MUNDANE matters like the movement of stock market. The capitalized word means:,,,Simple,,Financial,,Worldly,,Investments,,,,A,Answer key: A,LET Secondary,English,Vocabulary,3,No,321,0.90,Duplicate,Path and PDF header indicate BSED/Secondary English major. Correct answer sourced from source PDF answer key. Duplicate or near-duplicate of row 321.
390,20,2,SET6 Drill&Booster English.pdf,/Users/lyndon/All reviewers/Sept2026_LET Reviewer Files/L. BSED - English-/SET6 Drill&Booster English.pdf,The DEPRAVITY of the criminal’s behavior shocked us all. The capitalized word means:,,,Harshness,,Gravity,,Deprivations,,Viciousness,,,,D,Answer key: D,LET Secondary,English,Vocabulary,3,No,322,0.90,Duplicate,Path and PDF header indicate BSED/Secondary English major. Correct answer sourced from source PDF answer key. Duplicate or near-duplicate of row 322.
