No.,Original No.,Page,Source PDF,Source Path,Question,Passage Reference,Question Image Reference,Choice A,Choice A Image Reference,Choice B,Choice B Image Reference,Choice C,Choice C Image Reference,Choice D,Choice D Image Reference,Choice E,Choice E Image Reference,Correct Answer,Explanation,LET Exam Type,Subject Area,Topic,Difficulty,Has Image,Duplicate Of,Confidence,Status,Notes
1,1,1,BSED Biological Science P1.pdf,/Users/lyndon/All reviewers/Sept2026_LET Reviewer Files/L. BSED - Biological Science-/BSED Biological Science P1.pdf,Which organelle is responsible for energy production in a cell?,,,Ribosome,,Nucleus,,Mitochondrion,,Golgi apparatus,,,,C,Site of ATP production.,LET Secondary,Biological Science,Cell Biology and Biochemistry,3,No,,0.98,Ready for Upload,Path and PDF header indicate BSED/Secondary Biological Science major. Correct answer sourced from source PDF answer key.
2,2,1,BSED Biological Science P1.pdf,/Users/lyndon/All reviewers/Sept2026_LET Reviewer Files/L. BSED - Biological Science-/BSED Biological Science P1.pdf,The plasma membrane is described as a “fluid mosaic model” because:,,,It is made of fixed proteins and rigid lipids,,Molecules can move freely within the layer,,It is static and uniform,,It has no protein components,,,,B,Lipids and proteins move within the bilayer.,LET Secondary,Biological Science,Cell Biology and Biochemistry,3,No,,0.98,Ready for Upload,Path and PDF header indicate BSED/Secondary Biological Science major. Correct answer sourced from source PDF answer key.
3,3,1,BSED Biological Science P1.pdf,/Users/lyndon/All reviewers/Sept2026_LET Reviewer Files/L. BSED - Biological Science-/BSED Biological Science P1.pdf,The process by which water moves across a selectively permeable membrane is called:,,,Diffusion,,Osmosis,,Active transport,,Endocytosis,,,,B,Movement of water through membranes.,LET Secondary,Biological Science,Cell Biology and Biochemistry,3,No,,0.98,Ready for Upload,Path and PDF header indicate BSED/Secondary Biological Science major. Correct answer sourced from source PDF answer key.
4,4,1,BSED Biological Science P1.pdf,/Users/lyndon/All reviewers/Sept2026_LET Reviewer Files/L. BSED - Biological Science-/BSED Biological Science P1.pdf,Which macromolecule stores genetic information?,,,Lipid,,Protein,,Carbohydrate,,Nucleic acid,,,,D,DNA and RNA store genetic info.,LET Secondary,Biological Science,Genetics and Heredity,3,No,,0.98,Ready for Upload,Path and PDF header indicate BSED/Secondary Biological Science major. Correct answer sourced from source PDF answer key.
5,5,1,BSED Biological Science P1.pdf,/Users/lyndon/All reviewers/Sept2026_LET Reviewer Files/L. BSED - Biological Science-/BSED Biological Science P1.pdf,Which of the following describes an enzyme?,,,A catalyst that speeds up chemical reactions,,A molecule that stores energy,,A product of cell respiration,,A structural protein,,,,A,Enzymes speed up reactions.,LET Secondary,Biological Science,Biological Science,3,No,,0.98,Ready for Upload,Path and PDF header indicate BSED/Secondary Biological Science major. Correct answer sourced from source PDF answer key.
6,6,1,BSED Biological Science P1.pdf,/Users/lyndon/All reviewers/Sept2026_LET Reviewer Files/L. BSED - Biological Science-/BSED Biological Science P1.pdf,The observable characteristics of an organism are called its:,,,Genotype,,Phenotype,,Chromosome,,Allele,,,,B,Observable traits.,LET Secondary,Biological Science,Biological Science,3,No,,0.98,Ready for Upload,Path and PDF header indicate BSED/Secondary Biological Science major. Correct answer sourced from source PDF answer key.
7,7,1,BSED Biological Science P1.pdf,/Users/lyndon/All reviewers/Sept2026_LET Reviewer Files/L. BSED - Biological Science-/BSED Biological Science P1.pdf,A heterozygous condition means:,,,Two identical alleles,,Two different alleles,,One allele only,,No alleles,,,,B,Heterozygous condition.,LET Secondary,Biological Science,Biological Science,3,No,,0.98,Ready for Upload,Path and PDF header indicate BSED/Secondary Biological Science major. Correct answer sourced from source PDF answer key.
8,8,1,BSED Biological Science P1.pdf,/Users/lyndon/All reviewers/Sept2026_LET Reviewer Files/L. BSED - Biological Science-/BSED Biological Science P1.pdf,Incomplete dominance occurs when:,,,Both alleles express fully,,One allele masks the other,,Traits blend to produce an intermediate form,,Genes segregate independently,,,,C,Intermediate expression.,LET Secondary,Biological Science,Biological Science,3,No,,0.98,Ready for Upload,Path and PDF header indicate BSED/Secondary Biological Science major. Correct answer sourced from source PDF answer key.
9,9,1,BSED Biological Science P1.pdf,/Users/lyndon/All reviewers/Sept2026_LET Reviewer Files/L. BSED - Biological Science-/BSED Biological Science P1.pdf,A trait controlled by several genes is said to be:,,,Polygenic,,Dominant,,Recessive,,Monogenic,,,,A,Controlled by many genes.,LET Secondary,Biological Science,Genetics and Heredity,3,No,,0.98,Ready for Upload,Path and PDF header indicate BSED/Secondary Biological Science major. Correct answer sourced from source PDF answer key.
10,10,2,BSED Biological Science P1.pdf,/Users/lyndon/All reviewers/Sept2026_LET Reviewer Files/L. BSED - Biological Science-/BSED Biological Science P1.pdf,What is the expected phenotypic ratio in a monohybrid cross between two heterozygotes?,,,1:1,,3:1,,9:3:3:1,,2:1,,,,B,Classic Mendelian ratio.,LET Secondary,Biological Science,Biological Science,3,No,,0.98,Ready for Upload,Path and PDF header indicate BSED/Secondary Biological Science major. Correct answer sourced from source PDF answer key.
11,11,2,BSED Biological Science P1.pdf,/Users/lyndon/All reviewers/Sept2026_LET Reviewer Files/L. BSED - Biological Science-/BSED Biological Science P1.pdf,The theory of natural selection was proposed by:,,,Mendel,,Darwin,,Lamarck,,Linnaeus,,,,B,Proposed natural selection.,LET Secondary,Biological Science,Evolution and Classification,3,No,,0.98,Ready for Upload,Path and PDF header indicate BSED/Secondary Biological Science major. Correct answer sourced from source PDF answer key.
12,12,2,BSED Biological Science P1.pdf,/Users/lyndon/All reviewers/Sept2026_LET Reviewer Files/L. BSED - Biological Science-/BSED Biological Science P1.pdf,The process in which unrelated species develop similar traits due to similar environments is:,,,Divergent evolution,,Convergent evolution,,Adaptive radiation,,Mutation,,,,B,"Similar traits, different origins.",LET Secondary,Biological Science,Evolution and Classification,3,No,,0.98,Ready for Upload,Path and PDF header indicate BSED/Secondary Biological Science major. Correct answer sourced from source PDF answer key.
13,13,2,BSED Biological Science P1.pdf,/Users/lyndon/All reviewers/Sept2026_LET Reviewer Files/L. BSED - Biological Science-/BSED Biological Science P1.pdf,"The kingdom that includes multicellular, eukaryotic organisms that perform photosynthesis is:",,,Fungi,,Plantae,,Protista,,Animalia,,,,B,Multicellular autotrophs.,LET Secondary,Biological Science,Cell Biology and Biochemistry,3,No,,0.98,Ready for Upload,Path and PDF header indicate BSED/Secondary Biological Science major. Correct answer sourced from source PDF answer key.
14,14,2,BSED Biological Science P1.pdf,/Users/lyndon/All reviewers/Sept2026_LET Reviewer Files/L. BSED - Biological Science-/BSED Biological Science P1.pdf,A species name consists of:,,,Genus only,,Species only,,Genus and species,,Family and genus,,,,C,Binomial nomenclature.,LET Secondary,Biological Science,Evolution and Classification,3,No,,0.98,Ready for Upload,Path and PDF header indicate BSED/Secondary Biological Science major. Correct answer sourced from source PDF answer key.
15,15,2,BSED Biological Science P1.pdf,/Users/lyndon/All reviewers/Sept2026_LET Reviewer Files/L. BSED - Biological Science-/BSED Biological Science P1.pdf,Which evidence supports evolution most directly?,,,Fossil records,,Mythology,,Folklore,,Astrology,,,,A,Show evolutionary changes.,LET Secondary,Biological Science,Evolution and Classification,3,No,,0.98,Ready for Upload,Path and PDF header indicate BSED/Secondary Biological Science major. Correct answer sourced from source PDF answer key.
16,16,2,BSED Biological Science P1.pdf,/Users/lyndon/All reviewers/Sept2026_LET Reviewer Files/L. BSED - Biological Science-/BSED Biological Science P1.pdf,The ultimate source of energy for most ecosystems is:,,,Water,,Sunlight,,Soil,,Wind,,,,B,Ultimate energy source.,LET Secondary,Biological Science,Ecology and Environment,3,No,,0.98,Ready for Upload,Path and PDF header indicate BSED/Secondary Biological Science major. Correct answer sourced from source PDF answer key.
17,17,2,BSED Biological Science P1.pdf,/Users/lyndon/All reviewers/Sept2026_LET Reviewer Files/L. BSED - Biological Science-/BSED Biological Science P1.pdf,The relationship between a clownfish and sea anemone is:,,,Mutualism,,Parasitism,,Competition,,Commensalism,,,,A,Both organisms benefit.,LET Secondary,Biological Science,Zoology,3,No,,0.98,Ready for Upload,Path and PDF header indicate BSED/Secondary Biological Science major. Correct answer sourced from source PDF answer key.
18,18,2,BSED Biological Science P1.pdf,/Users/lyndon/All reviewers/Sept2026_LET Reviewer Files/L. BSED - Biological Science-/BSED Biological Science P1.pdf,Which biome has permafrost and very low temperatures?,,,Desert,,Tundra,,Taiga,,Savanna,,,,B,Cold biome with permafrost.,LET Secondary,Biological Science,Ecology and Environment,3,No,,0.98,Ready for Upload,Path and PDF header indicate BSED/Secondary Biological Science major. Correct answer sourced from source PDF answer key.
19,19,3,BSED Biological Science P1.pdf,/Users/lyndon/All reviewers/Sept2026_LET Reviewer Files/L. BSED - Biological Science-/BSED Biological Science P1.pdf,The process by which green plants convert light energy into chemical energy is:,,,Respiration,,Photosynthesis,,Transpiration,,Chemosynthesis,,,,B,Converts light to glucose.,LET Secondary,Biological Science,Botany,3,No,,0.98,Ready for Upload,Path and PDF header indicate BSED/Secondary Biological Science major. Correct answer sourced from source PDF answer key.
20,20,3,BSED Biological Science P1.pdf,/Users/lyndon/All reviewers/Sept2026_LET Reviewer Files/L. BSED - Biological Science-/BSED Biological Science P1.pdf,The accumulation of toxic substances in higher trophic levels is known as:,,,Biomagnification,,Decomposition,,Nitrogen fixation,,Eutrophication V. Anatomy and Physiology,,,,A,Toxins increase at higher levels.,LET Secondary,Biological Science,Ecology and Environment,3,No,,0.98,Ready for Upload,Path and PDF header indicate BSED/Secondary Biological Science major. Correct answer sourced from source PDF answer key.
21,21,3,BSED Biological Science P1.pdf,/Users/lyndon/All reviewers/Sept2026_LET Reviewer Files/L. BSED - Biological Science-/BSED Biological Science P1.pdf,The functional unit of the kidney is the:,,,Nephron,,Alveolus,,Axon,,Capillary,,,,A,Filters blood in kidneys.,LET Secondary,Biological Science,Anatomy and Physiology,3,No,,0.98,Ready for Upload,Path and PDF header indicate BSED/Secondary Biological Science major. Correct answer sourced from source PDF answer key.
22,22,3,BSED Biological Science P1.pdf,/Users/lyndon/All reviewers/Sept2026_LET Reviewer Files/L. BSED - Biological Science-/BSED Biological Science P1.pdf,The pulmonary vein carries:,,,Oxygenated blood from lungs to heart,,Deoxygenated blood from heart to lungs,,Oxygen to tissues,,Waste to kidney,,,,A,Pulmonary vein function.,LET Secondary,Biological Science,Biological Science,3,No,,0.98,Ready for Upload,Path and PDF header indicate BSED/Secondary Biological Science major. Correct answer sourced from source PDF answer key.
23,23,3,BSED Biological Science P1.pdf,/Users/lyndon/All reviewers/Sept2026_LET Reviewer Files/L. BSED - Biological Science-/BSED Biological Science P1.pdf,The main function of red blood cells is to:,,,Fight infection,,Carry oxygen,,Produce hormones,,Store nutrients,,,,B,Function of RBCs.,LET Secondary,Biological Science,Cell Biology and Biochemistry,3,No,,0.98,Ready for Upload,Path and PDF header indicate BSED/Secondary Biological Science major. Correct answer sourced from source PDF answer key.
24,24,3,BSED Biological Science P1.pdf,/Users/lyndon/All reviewers/Sept2026_LET Reviewer Files/L. BSED - Biological Science-/BSED Biological Science P1.pdf,Which part of the brain controls balance and coordination?,,,Cerebrum,,Cerebellum,,Medulla oblongata,,Hypothalamus,,,,B,Controls coordination.,LET Secondary,Biological Science,Anatomy and Physiology,3,No,,0.98,Ready for Upload,Path and PDF header indicate BSED/Secondary Biological Science major. Correct answer sourced from source PDF answer key.
25,25,3,BSED Biological Science P1.pdf,/Users/lyndon/All reviewers/Sept2026_LET Reviewer Files/L. BSED - Biological Science-/BSED Biological Science P1.pdf,Which part of the digestive system absorbs most nutrients?,,,Stomach,,Small intestine,,Large intestine,,Esophagus,,,,B,Main nutrient absorption.,LET Secondary,Biological Science,Anatomy and Physiology,3,No,,0.98,Ready for Upload,Path and PDF header indicate BSED/Secondary Biological Science major. Correct answer sourced from source PDF answer key.
26,26,3,BSED Biological Science P1.pdf,/Users/lyndon/All reviewers/Sept2026_LET Reviewer Files/L. BSED - Biological Science-/BSED Biological Science P1.pdf,The scientist known as the father of microbiology is:,,,Robert Koch,,Louis Pasteur,,Anton van Leeuwenhoek,,Alexander Fleming,,,,C,First to observe microorganisms.,LET Secondary,Biological Science,Biological Science,3,No,,0.98,Ready for Upload,Path and PDF header indicate BSED/Secondary Biological Science major. Correct answer sourced from source PDF answer key.
27,27,3,BSED Biological Science P1.pdf,/Users/lyndon/All reviewers/Sept2026_LET Reviewer Files/L. BSED - Biological Science-/BSED Biological Science P1.pdf,The process of converting milk to yogurt involves:,,,Fermentation by bacteria,,Photosynthesis,,Respiration,,Decomposition,,,,A,Yogurt production.,LET Secondary,Biological Science,Biological Science,3,No,,0.98,Ready for Upload,Path and PDF header indicate BSED/Secondary Biological Science major. Correct answer sourced from source PDF answer key.
28,28,4,BSED Biological Science P1.pdf,/Users/lyndon/All reviewers/Sept2026_LET Reviewer Files/L. BSED - Biological Science-/BSED Biological Science P1.pdf,Which organism causes malaria?,,,Bacterium,,Virus,,Protozoan,,Fungus,,,,C,Plasmodium causes malaria.,LET Secondary,Biological Science,Microbiology and Immunology,3,No,,0.98,Ready for Upload,Path and PDF header indicate BSED/Secondary Biological Science major. Correct answer sourced from source PDF answer key.
29,29,4,BSED Biological Science P1.pdf,/Users/lyndon/All reviewers/Sept2026_LET Reviewer Files/L. BSED - Biological Science-/BSED Biological Science P1.pdf,Which of the following is NOT a characteristic of viruses?,,,Noncellular,,Can reproduce independently,,Needs a host cell,,Contains genetic material,,,,B,Not true for viruses.,LET Secondary,Biological Science,Microbiology and Immunology,3,No,,0.98,Ready for Upload,Path and PDF header indicate BSED/Secondary Biological Science major. Correct answer sourced from source PDF answer key.
30,30,4,BSED Biological Science P1.pdf,/Users/lyndon/All reviewers/Sept2026_LET Reviewer Files/L. BSED - Biological Science-/BSED Biological Science P1.pdf,The process of inserting foreign DNA into an organism is known as:,,,Genetic engineering,,Mutation,,Recombination,,Hybridization,,,,A,Insertion of foreign DNA.,LET Secondary,Biological Science,Genetics and Heredity,3,No,,0.98,Ready for Upload,Path and PDF header indicate BSED/Secondary Biological Science major. Correct answer sourced from source PDF answer key.
31,31,4,BSED Biological Science P1.pdf,/Users/lyndon/All reviewers/Sept2026_LET Reviewer Files/L. BSED - Biological Science-/BSED Biological Science P1.pdf,The main function of xylem is to:,,,Transport water,,Transport food,,Support leaves,,Produce flowers,,,,A,Function of xylem.,LET Secondary,Biological Science,Botany,3,No,,0.98,Ready for Upload,Path and PDF header indicate BSED/Secondary Biological Science major. Correct answer sourced from source PDF answer key.
32,32,4,BSED Biological Science P1.pdf,/Users/lyndon/All reviewers/Sept2026_LET Reviewer Files/L. BSED - Biological Science-/BSED Biological Science P1.pdf,The process of water loss through leaves is called:,,,Transpiration,,Respiration,,Photosynthesis,,Evaporation,,,,A,Water loss through leaves.,LET Secondary,Biological Science,Biological Science,3,No,,0.98,Ready for Upload,Path and PDF header indicate BSED/Secondary Biological Science major. Correct answer sourced from source PDF answer key.
33,33,4,BSED Biological Science P1.pdf,/Users/lyndon/All reviewers/Sept2026_LET Reviewer Files/L. BSED - Biological Science-/BSED Biological Science P1.pdf,The male reproductive part of a flower is the:,,,Pistil,,Stamen,,Ovary,,Petal,,,,B,Male reproductive organ.,LET Secondary,Biological Science,Anatomy and Physiology,3,No,,0.98,Ready for Upload,Path and PDF header indicate BSED/Secondary Biological Science major. Correct answer sourced from source PDF answer key.
34,34,4,BSED Biological Science P1.pdf,/Users/lyndon/All reviewers/Sept2026_LET Reviewer Files/L. BSED - Biological Science-/BSED Biological Science P1.pdf,The plant hormone responsible for growth in response to light is:,,,Auxin,,Gibberellin,,Cytokinin,,Ethylene,,,,A,Growth hormone responding to light.,LET Secondary,Biological Science,Anatomy and Physiology,3,No,,0.98,Ready for Upload,Path and PDF header indicate BSED/Secondary Biological Science major. Correct answer sourced from source PDF answer key.
35,35,4,BSED Biological Science P1.pdf,/Users/lyndon/All reviewers/Sept2026_LET Reviewer Files/L. BSED - Biological Science-/BSED Biological Science P1.pdf,Photosynthesis occurs in the:,,,Chloroplast,,Mitochondria,,Ribosome,,Nucleus,,,,A,Site of photosynthesis.,LET Secondary,Biological Science,Botany,3,No,,0.98,Ready for Upload,Path and PDF header indicate BSED/Secondary Biological Science major. Correct answer sourced from source PDF answer key.
36,36,4,BSED Biological Science P1.pdf,/Users/lyndon/All reviewers/Sept2026_LET Reviewer Files/L. BSED - Biological Science-/BSED Biological Science P1.pdf,The main goal of science education is to:,,,Promote inquiry and critical thinking,,Encourage memorization,,Prepare for competitions,,Teach only facts,,,,A,Core of science learning.,LET Secondary,Biological Science,Biological Science,3,No,,0.98,Ready for Upload,Path and PDF header indicate BSED/Secondary Biological Science major. Correct answer sourced from source PDF answer key.
37,37,5,BSED Biological Science P1.pdf,/Users/lyndon/All reviewers/Sept2026_LET Reviewer Files/L. BSED - Biological Science-/BSED Biological Science P1.pdf,Inquiry-based learning emphasizes:,,,Student investigation and discovery,,Lecture-based instruction,,Passive note-taking,,Repetition drills,,,,A,Basis of inquiry approach.,LET Secondary,Biological Science,Biology Pedagogy and Research,3,No,,0.98,Ready for Upload,Path and PDF header indicate BSED/Secondary Biological Science major. Correct answer sourced from source PDF answer key.
38,38,5,BSED Biological Science P1.pdf,/Users/lyndon/All reviewers/Sept2026_LET Reviewer Files/L. BSED - Biological Science-/BSED Biological Science P1.pdf,A laboratory apron is worn to:,,,Protect clothing and skin,,Identify the student,,Keep warm,,Hold instruments,,,,A,Lab safety rule.,LET Secondary,Biological Science,Biology Pedagogy and Research,3,No,,0.98,Ready for Upload,Path and PDF header indicate BSED/Secondary Biological Science major. Correct answer sourced from source PDF answer key.
39,39,5,BSED Biological Science P1.pdf,/Users/lyndon/All reviewers/Sept2026_LET Reviewer Files/L. BSED - Biological Science-/BSED Biological Science P1.pdf,A material safety data sheet (MSDS) provides information about:,,,Chemical hazards and handling procedures,,Exam schedules,,Laboratory attendance,,Student grades,,,,A,MSDS information.,LET Secondary,Biological Science,Biology Pedagogy and Research,3,No,,0.98,Ready for Upload,Path and PDF header indicate BSED/Secondary Biological Science major. Correct answer sourced from source PDF answer key.
40,40,5,BSED Biological Science P1.pdf,/Users/lyndon/All reviewers/Sept2026_LET Reviewer Files/L. BSED - Biological Science-/BSED Biological Science P1.pdf,The correct sequence in the scientific method is:,,,Observation → Hypothesis → Experiment → Conclusion,,Experiment → Hypothesis → Observation,,Hypothesis → Conclusion → Observation,,Conclusion → Experiment → Observation,,,,A,Scientific method.,LET Secondary,Biological Science,Biological Science,3,No,,0.98,Ready for Upload,Path and PDF header indicate BSED/Secondary Biological Science major. Correct answer sourced from source PDF answer key.
41,41,5,BSED Biological Science P1.pdf,/Users/lyndon/All reviewers/Sept2026_LET Reviewer Files/L. BSED - Biological Science-/BSED Biological Science P1.pdf,The site of protein synthesis is the:,,,Ribosome,,Lysosome,,Nucleus,,Vacuole,,,,A,Site of protein synthesis.,LET Secondary,Biological Science,Cell Biology and Biochemistry,3,No,,0.98,Ready for Upload,Path and PDF header indicate BSED/Secondary Biological Science major. Correct answer sourced from source PDF answer key.
42,42,5,BSED Biological Science P1.pdf,/Users/lyndon/All reviewers/Sept2026_LET Reviewer Files/L. BSED - Biological Science-/BSED Biological Science P1.pdf,The process by which plants release oxygen is part of:,,,Photosynthesis,,Respiration,,Combustion,,Fermentation,,,,A,Produces oxygen.,LET Secondary,Biological Science,Botany,3,No,,0.98,Ready for Upload,Path and PDF header indicate BSED/Secondary Biological Science major. Correct answer sourced from source PDF answer key.
43,43,5,BSED Biological Science P1.pdf,/Users/lyndon/All reviewers/Sept2026_LET Reviewer Files/L. BSED - Biological Science-/BSED Biological Science P1.pdf,The main energy currency of the cell is:,,,ATP,,DNA,,Glucose,,Lipid,,,,A,Cellular energy currency.,LET Secondary,Biological Science,Cell Biology and Biochemistry,3,No,,0.98,Ready for Upload,Path and PDF header indicate BSED/Secondary Biological Science major. Correct answer sourced from source PDF answer key.
44,44,5,BSED Biological Science P1.pdf,/Users/lyndon/All reviewers/Sept2026_LET Reviewer Files/L. BSED - Biological Science-/BSED Biological Science P1.pdf,The structure that regulates what enters and exits the cell is the:,,,Cell membrane,,Nucleus,,Cytoplasm,,Ribosome,,,,A,Regulates entry/exit.,LET Secondary,Biological Science,Cell Biology and Biochemistry,3,No,,0.98,Ready for Upload,Path and PDF header indicate BSED/Secondary Biological Science major. Correct answer sourced from source PDF answer key.
45,45,5,BSED Biological Science P1.pdf,/Users/lyndon/All reviewers/Sept2026_LET Reviewer Files/L. BSED - Biological Science-/BSED Biological Science P1.pdf,"In meiosis, crossing over occurs during:",,,Prophase I,,Metaphase I,,Anaphase II,,Telophase II,,,,A,Where crossing over occurs.,LET Secondary,Biological Science,Genetics and Heredity,3,No,,0.98,Ready for Upload,Path and PDF header indicate BSED/Secondary Biological Science major. Correct answer sourced from source PDF answer key.
46,46,6,BSED Biological Science P1.pdf,/Users/lyndon/All reviewers/Sept2026_LET Reviewer Files/L. BSED - Biological Science-/BSED Biological Science P1.pdf,Deforestation directly causes:,,,Soil erosion,,More rainfall,,Urbanization,,Photosynthesis,,,,A,Direct result of deforestation.,LET Secondary,Biological Science,Ecology and Environment,3,No,,0.98,Ready for Upload,Path and PDF header indicate BSED/Secondary Biological Science major. Correct answer sourced from source PDF answer key.
47,47,6,BSED Biological Science P1.pdf,/Users/lyndon/All reviewers/Sept2026_LET Reviewer Files/L. BSED - Biological Science-/BSED Biological Science P1.pdf,Greenhouse gases primarily trap:,,,Heat energy,,Light energy,,Sound energy,,Water vapor,,,,A,Trapped by greenhouse gases.,LET Secondary,Biological Science,Ecology and Environment,3,No,,0.98,Ready for Upload,Path and PDF header indicate BSED/Secondary Biological Science major. Correct answer sourced from source PDF answer key.
48,48,6,BSED Biological Science P1.pdf,/Users/lyndon/All reviewers/Sept2026_LET Reviewer Files/L. BSED - Biological Science-/BSED Biological Science P1.pdf,The ozone layer protects living organisms from:,,,UV radiation,,Infrared rays,,Visible light,,Oxygen depletion,,,,A,Blocked by ozone layer.,LET Secondary,Biological Science,Ecology and Environment,3,No,,0.98,Ready for Upload,Path and PDF header indicate BSED/Secondary Biological Science major. Correct answer sourced from source PDF answer key.
49,49,6,BSED Biological Science P1.pdf,/Users/lyndon/All reviewers/Sept2026_LET Reviewer Files/L. BSED - Biological Science-/BSED Biological Science P1.pdf,Which of the following best describes sustainable development?,,,Meeting needs without harming future generations,,Using all resources rapidly,,Industrial expansion,,Limiting renewable energy,,,,A,Core of sustainable development.,LET Secondary,Biological Science,Ecology and Environment,3,No,,0.98,Ready for Upload,Path and PDF header indicate BSED/Secondary Biological Science major. Correct answer sourced from source PDF answer key.
50,50,6,BSED Biological Science P1.pdf,/Users/lyndon/All reviewers/Sept2026_LET Reviewer Files/L. BSED - Biological Science-/BSED Biological Science P1.pdf,The term “biodiversity” refers to:,,,Variety of life in an ecosystem,,Number of humans in a region,,Pollution level,,Land area,,,,A,Definition of biodiversity.,LET Secondary,Biological Science,Ecology and Environment,3,No,,0.98,Ready for Upload,Path and PDF header indicate BSED/Secondary Biological Science major. Correct answer sourced from source PDF answer key.
51,1,1,BSED Biological Science P2.pdf,/Users/lyndon/All reviewers/Sept2026_LET Reviewer Files/L. BSED - Biological Science-/BSED Biological Science P2.pdf,What is the longest bone in the body?,,,Humerus,,Ferum,,Tibia-fibula,,Clavicle,,,,B,Answer key: B,LET Secondary,Biological Science,Anatomy and Physiology,3,No,,0.98,Ready for Upload,Path and PDF header indicate BSED/Secondary Biological Science major. Correct answer sourced from source PDF answer key.
52,2,1,BSED Biological Science P2.pdf,/Users/lyndon/All reviewers/Sept2026_LET Reviewer Files/L. BSED - Biological Science-/BSED Biological Science P2.pdf,Which cause our bones to turn brittle and easily break?,,,Turning into muscle tissues,,Increase in flexibility,,Turbidity decrease,,Removal of collagen,,,,D,Answer key: D,LET Secondary,Biological Science,Anatomy and Physiology,3,No,,0.98,Ready for Upload,Path and PDF header indicate BSED/Secondary Biological Science major. Correct answer sourced from source PDF answer key.
53,3,1,BSED Biological Science P2.pdf,/Users/lyndon/All reviewers/Sept2026_LET Reviewer Files/L. BSED - Biological Science-/BSED Biological Science P2.pdf,How many bones does an adult human body has?,,,201,,200,,217,,206,,,,D,Answer key: D,LET Secondary,Biological Science,Anatomy and Physiology,3,No,,0.98,Ready for Upload,Path and PDF header indicate BSED/Secondary Biological Science major. Correct answer sourced from source PDF answer key.
54,4,1,BSED Biological Science P2.pdf,/Users/lyndon/All reviewers/Sept2026_LET Reviewer Files/L. BSED - Biological Science-/BSED Biological Science P2.pdf,What do you call automatic responses to an external stimulus?,,,Reflex,,Instinct,,Impulse,,All of these,,,,A,Answer key: A,LET Secondary,Biological Science,Genetics and Heredity,3,No,,0.98,Ready for Upload,Path and PDF header indicate BSED/Secondary Biological Science major. Correct answer sourced from source PDF answer key.
55,5,1,BSED Biological Science P2.pdf,/Users/lyndon/All reviewers/Sept2026_LET Reviewer Files/L. BSED - Biological Science-/BSED Biological Science P2.pdf,What structure provides flexible support and protection to the spinal cord?,,,Skull,,Ribs,,Vertebral column,,Sternum,,,,C,Answer key: C,LET Secondary,Biological Science,Biological Science,3,No,,0.98,Ready for Upload,Path and PDF header indicate BSED/Secondary Biological Science major. Correct answer sourced from source PDF answer key.
56,6,1,BSED Biological Science P2.pdf,/Users/lyndon/All reviewers/Sept2026_LET Reviewer Files/L. BSED - Biological Science-/BSED Biological Science P2.pdf,Which region of a vertebrate forebrain is considered with the neutral-endocrine control of visceral activities?,,,Cerebellum,,Thalamus,,Hypothalamus,,Pituitary,,,,C,Answer key: C,LET Secondary,Biological Science,Anatomy and Physiology,3,No,,0.98,Ready for Upload,Path and PDF header indicate BSED/Secondary Biological Science major. Correct answer sourced from source PDF answer key.
57,7,1,BSED Biological Science P2.pdf,/Users/lyndon/All reviewers/Sept2026_LET Reviewer Files/L. BSED - Biological Science-/BSED Biological Science P2.pdf,Which of the following is the building block carbohydrate?,,,Amino acid,,Nucleotide,,Fatty acid,,Monosaccharide,,,,D,Answer key: D,LET Secondary,Biological Science,Biological Science,3,No,,0.98,Ready for Upload,Path and PDF header indicate BSED/Secondary Biological Science major. Correct answer sourced from source PDF answer key.
58,8,2,BSED Biological Science P2.pdf,/Users/lyndon/All reviewers/Sept2026_LET Reviewer Files/L. BSED - Biological Science-/BSED Biological Science P2.pdf,Why it is necessary men have more red blood cells per cubic millimeter of blood than women?,,,Man does strenuous activities and need more energy,,They have bigger physique and need more blood,,Man waste more blood cells and need extra,,They are more prone to anemia disorders,,,,A,Answer key: A,LET Secondary,Biological Science,Cell Biology and Biochemistry,3,No,,0.98,Ready for Upload,Path and PDF header indicate BSED/Secondary Biological Science major. Correct answer sourced from source PDF answer key.
59,9,2,BSED Biological Science P2.pdf,/Users/lyndon/All reviewers/Sept2026_LET Reviewer Files/L. BSED - Biological Science-/BSED Biological Science P2.pdf,Which of the following is the building block of protein?,,,Amino acid,,Nucleotide,,Fatty acid,,Monosaccharide,,,,A,Answer key: A,LET Secondary,Biological Science,Biological Science,3,No,,0.98,Ready for Upload,Path and PDF header indicate BSED/Secondary Biological Science major. Correct answer sourced from source PDF answer key.
60,10,2,BSED Biological Science P2.pdf,/Users/lyndon/All reviewers/Sept2026_LET Reviewer Files/L. BSED - Biological Science-/BSED Biological Science P2.pdf,Where does protein synthesis take place?,,,Ribosomes,,Lysosomes,,Endoplasmic reticulum,,Golgi bodies,,,,A,Answer key: A,LET Secondary,Biological Science,Cell Biology and Biochemistry,3,No,,0.98,Ready for Upload,Path and PDF header indicate BSED/Secondary Biological Science major. Correct answer sourced from source PDF answer key.
61,11,2,BSED Biological Science P2.pdf,/Users/lyndon/All reviewers/Sept2026_LET Reviewer Files/L. BSED - Biological Science-/BSED Biological Science P2.pdf,Why are our lips “redder” than our palm?,,,There is increased blood flow in the lips,,Lips are heavily keratinized,,Lip epidermis is thinner,,Many blood vessels are located around the lips,,,,C,Answer key: C,LET Secondary,Biological Science,Biological Science,3,No,,0.98,Ready for Upload,Path and PDF header indicate BSED/Secondary Biological Science major. Correct answer sourced from source PDF answer key.
62,12,2,BSED Biological Science P2.pdf,/Users/lyndon/All reviewers/Sept2026_LET Reviewer Files/L. BSED - Biological Science-/BSED Biological Science P2.pdf,Which of the following cannot be found in prokaryotes?,,,Cytoplasm,,Plasma membrane,,Membrane-bound nucleus,,DNA,,,,C,Answer key: C,LET Secondary,Biological Science,Biological Science,3,No,,0.98,Ready for Upload,Path and PDF header indicate BSED/Secondary Biological Science major. Correct answer sourced from source PDF answer key.
63,13,2,BSED Biological Science P2.pdf,/Users/lyndon/All reviewers/Sept2026_LET Reviewer Files/L. BSED - Biological Science-/BSED Biological Science P2.pdf,What do we call mutation that is brought about by the earth natural radioactivity?,,,Continuous,,Induced,,Lysosomes,,Chloroplast,,,,C,Answer key: C,LET Secondary,Biological Science,Genetics and Heredity,3,No,,0.98,Ready for Upload,Path and PDF header indicate BSED/Secondary Biological Science major. Correct answer sourced from source PDF answer key.
64,14,2,BSED Biological Science P2.pdf,/Users/lyndon/All reviewers/Sept2026_LET Reviewer Files/L. BSED - Biological Science-/BSED Biological Science P2.pdf,Which of the following organelles produces turbo pressure against cell wall and mainly acts as water reservoir,,,Plastids,,Vacuole,,Lysosomes,,Chloroplast,,,,B,Answer key: B,LET Secondary,Biological Science,Cell Biology and Biochemistry,3,No,,0.98,Ready for Upload,Path and PDF header indicate BSED/Secondary Biological Science major. Correct answer sourced from source PDF answer key.
65,15,3,BSED Biological Science P2.pdf,/Users/lyndon/All reviewers/Sept2026_LET Reviewer Files/L. BSED - Biological Science-/BSED Biological Science P2.pdf,What is the branch crobial organisms is used in the creation of genetically modified organisms?,,,Pseudomonas vulgaris,,Bacillus thuringensis,,Agro bacterium tumafaciens,,Escherichia coli,,,,D,Answer key: D,LET Secondary,Biological Science,Genetics and Heredity,3,No,,0.98,Ready for Upload,Path and PDF header indicate BSED/Secondary Biological Science major. Correct answer sourced from source PDF answer key.
66,16,3,BSED Biological Science P2.pdf,/Users/lyndon/All reviewers/Sept2026_LET Reviewer Files/L. BSED - Biological Science-/BSED Biological Science P2.pdf,What is the branch of zoology that is devoted to the study of fish?,,,Helmintology,,Ichthyology,,Chondrichthyes,,Ornithology,,,,B,Answer key: B,LET Secondary,Biological Science,Zoology,3,No,,0.98,Ready for Upload,Path and PDF header indicate BSED/Secondary Biological Science major. Correct answer sourced from source PDF answer key.
67,17,3,BSED Biological Science P2.pdf,/Users/lyndon/All reviewers/Sept2026_LET Reviewer Files/L. BSED - Biological Science-/BSED Biological Science P2.pdf,The process involved in the production of mRNA using DNA as template is termed _______?,,,Transcription,,Replication,,Gene manipulation,,Reverse transcription,,,,A,Answer key: A,LET Secondary,Biological Science,Genetics and Heredity,3,No,,0.98,Ready for Upload,Path and PDF header indicate BSED/Secondary Biological Science major. Correct answer sourced from source PDF answer key.
68,18,3,BSED Biological Science P2.pdf,/Users/lyndon/All reviewers/Sept2026_LET Reviewer Files/L. BSED - Biological Science-/BSED Biological Science P2.pdf,What is the most abundant inorganic compound in the protoplasm?,,,Fluid,,Blood,,Plasma,,Water,,,,D,Answer key: D,LET Secondary,Biological Science,Biological Science,3,No,,0.98,Ready for Upload,Path and PDF header indicate BSED/Secondary Biological Science major. Correct answer sourced from source PDF answer key.
69,19,3,BSED Biological Science P2.pdf,/Users/lyndon/All reviewers/Sept2026_LET Reviewer Files/L. BSED - Biological Science-/BSED Biological Science P2.pdf,Which is the riches type of tropical rain forest in the Philippines?,,,Molave forest,,Dipterocarp forest,,Mangrove forest,,Pine forest,,,,B,Answer key: B,LET Secondary,Biological Science,Biological Science,3,No,,0.98,Ready for Upload,Path and PDF header indicate BSED/Secondary Biological Science major. Correct answer sourced from source PDF answer key.
70,20,3,BSED Biological Science P2.pdf,/Users/lyndon/All reviewers/Sept2026_LET Reviewer Files/L. BSED - Biological Science-/BSED Biological Science P2.pdf,"What muscle is described as involuntary, not striated, and have a single nucleus?",,,Smooth,,Skeletal,,Cardiac,,Connective,,,,A,Answer key: A,LET Secondary,Biological Science,Cell Biology and Biochemistry,3,No,,0.98,Ready for Upload,Path and PDF header indicate BSED/Secondary Biological Science major. Correct answer sourced from source PDF answer key.
71,21,4,BSED Biological Science P2.pdf,/Users/lyndon/All reviewers/Sept2026_LET Reviewer Files/L. BSED - Biological Science-/BSED Biological Science P2.pdf,We feel warmer just before it rains because __________.,,,Heat is released by the evaporation of water,,The clouds prevent heat from escaping the earth,,There is an increased relative humidity,,Heat is released by the condensation of water vapor,,,,D,Answer key: D,LET Secondary,Biological Science,Biological Science,3,No,,0.98,Ready for Upload,Path and PDF header indicate BSED/Secondary Biological Science major. Correct answer sourced from source PDF answer key.
72,22,4,BSED Biological Science P2.pdf,/Users/lyndon/All reviewers/Sept2026_LET Reviewer Files/L. BSED - Biological Science-/BSED Biological Science P2.pdf,Which of the following is not considered as a reproductive cell?,,,Gamete,,Somatic cell,,Egg cell,,Sperm cell,,,,B,Answer key: B,LET Secondary,Biological Science,Cell Biology and Biochemistry,3,No,,0.98,Ready for Upload,Path and PDF header indicate BSED/Secondary Biological Science major. Correct answer sourced from source PDF answer key.
73,23,4,BSED Biological Science P2.pdf,/Users/lyndon/All reviewers/Sept2026_LET Reviewer Files/L. BSED - Biological Science-/BSED Biological Science P2.pdf,The cell wall of plant is made of _______.,,,Lipids,,Cellulose,,Protein,,Cell membrane,,,,B,Answer key: B,LET Secondary,Biological Science,Cell Biology and Biochemistry,3,No,,0.98,Ready for Upload,Path and PDF header indicate BSED/Secondary Biological Science major. Correct answer sourced from source PDF answer key.
74,24,4,BSED Biological Science P2.pdf,/Users/lyndon/All reviewers/Sept2026_LET Reviewer Files/L. BSED - Biological Science-/BSED Biological Science P2.pdf,Which of the following is the correct sequence of the level of organization from lowest to highest?,,,Cells-system-organs-tissues,,System-organs-tissues-cells,,Cells-tissues-organs-system,,Tissues-systems-cells-organs,,,,C,Answer key: C,LET Secondary,Biological Science,Biological Science,3,No,,0.98,Ready for Upload,Path and PDF header indicate BSED/Secondary Biological Science major. Correct answer sourced from source PDF answer key.
75,25,4,BSED Biological Science P2.pdf,/Users/lyndon/All reviewers/Sept2026_LET Reviewer Files/L. BSED - Biological Science-/BSED Biological Science P2.pdf,"At metaphase of the meiotic division, the chromosomes are attached to the spindle fibers as ________.",,,Double chromatids,,Non-homologous pairs,,Single chromatid strands,,A tetrad of four chromatids,,,,A,Answer key: A,LET Secondary,Biological Science,Genetics and Heredity,3,No,,0.98,Ready for Upload,Path and PDF header indicate BSED/Secondary Biological Science major. Correct answer sourced from source PDF answer key.
76,26,4,BSED Biological Science P2.pdf,/Users/lyndon/All reviewers/Sept2026_LET Reviewer Files/L. BSED - Biological Science-/BSED Biological Science P2.pdf,Which of the following is an example of behavioral adaption?,,,Thick green stems of the cactus plant,,Thick fur of the bear,,Shedding leaves during summer,,Presence of cuticle on the upper surface of the leaves,,,,C,Answer key: C,LET Secondary,Biological Science,Biological Science,3,No,,0.98,Ready for Upload,Path and PDF header indicate BSED/Secondary Biological Science major. Correct answer sourced from source PDF answer key.
77,27,4,BSED Biological Science P2.pdf,/Users/lyndon/All reviewers/Sept2026_LET Reviewer Files/L. BSED - Biological Science-/BSED Biological Science P2.pdf,The bipolar nature of the cell membrane is due to _______.,,,Presence of carries,,Presence of oxygen,,Phospholipids bilayer,,Integral proteins,,,,C,Answer key: C,LET Secondary,Biological Science,Cell Biology and Biochemistry,3,No,,0.98,Ready for Upload,Path and PDF header indicate BSED/Secondary Biological Science major. Correct answer sourced from source PDF answer key.
78,28,5,BSED Biological Science P2.pdf,/Users/lyndon/All reviewers/Sept2026_LET Reviewer Files/L. BSED - Biological Science-/BSED Biological Science P2.pdf,Which of the following is made up of diploid number of cells?,,,Zygote,,Sperm cell,,Egg cell,,Both B and C,,,,A,Answer key: A,LET Secondary,Biological Science,Cell Biology and Biochemistry,3,No,,0.98,Ready for Upload,Path and PDF header indicate BSED/Secondary Biological Science major. Correct answer sourced from source PDF answer key.
79,29,5,BSED Biological Science P2.pdf,/Users/lyndon/All reviewers/Sept2026_LET Reviewer Files/L. BSED - Biological Science-/BSED Biological Science P2.pdf,Which plant has underground stem modified for reproduction?,,,Ginger,,Camote,,Tubers,,Strawberry,,,,C,Answer key: C,LET Secondary,Biological Science,Botany,3,No,,0.98,Ready for Upload,Path and PDF header indicate BSED/Secondary Biological Science major. Correct answer sourced from source PDF answer key.
80,30,5,BSED Biological Science P2.pdf,/Users/lyndon/All reviewers/Sept2026_LET Reviewer Files/L. BSED - Biological Science-/BSED Biological Science P2.pdf,Which of the following structures serve as a passageway of food and air?,,,Epiglottis,,Trachea,,Pharynx,,Larynx,,,,C,Answer key: C,LET Secondary,Biological Science,Biological Science,3,No,,0.98,Ready for Upload,Path and PDF header indicate BSED/Secondary Biological Science major. Correct answer sourced from source PDF answer key.
81,31,5,BSED Biological Science P2.pdf,/Users/lyndon/All reviewers/Sept2026_LET Reviewer Files/L. BSED - Biological Science-/BSED Biological Science P2.pdf,Which kind of relationship is exhibited by algae and fungi in lichen?,,,Commensalism,,Parasitism,,Symbiosis,,Competition,,,,C,Answer key: C,LET Secondary,Biological Science,Microbiology and Immunology,3,No,,0.98,Ready for Upload,Path and PDF header indicate BSED/Secondary Biological Science major. Correct answer sourced from source PDF answer key.
82,32,5,BSED Biological Science P2.pdf,/Users/lyndon/All reviewers/Sept2026_LET Reviewer Files/L. BSED - Biological Science-/BSED Biological Science P2.pdf,What do you call the finger-like folds on the inner linings of the small intestine?,,,Villi,,Appendix,,Rugae,,Cecum,,,,A,Answer key: A,LET Secondary,Biological Science,Biological Science,3,No,,0.98,Ready for Upload,Path and PDF header indicate BSED/Secondary Biological Science major. Correct answer sourced from source PDF answer key.
83,33,5,BSED Biological Science P2.pdf,/Users/lyndon/All reviewers/Sept2026_LET Reviewer Files/L. BSED - Biological Science-/BSED Biological Science P2.pdf,"Aside from ADP, what else is the end production of the dark-reaction phase of photosynthesis?",,,Carbon dioxide,,Sugar,,Carbon,,Starch,,,,B,Answer key: B,LET Secondary,Biological Science,Botany,3,No,,0.98,Ready for Upload,Path and PDF header indicate BSED/Secondary Biological Science major. Correct answer sourced from source PDF answer key.
84,34,6,BSED Biological Science P2.pdf,/Users/lyndon/All reviewers/Sept2026_LET Reviewer Files/L. BSED - Biological Science-/BSED Biological Science P2.pdf,What is that flap-like structure that prevents the food from going the wrong way during swallowing?,,,Epiglottis,,Larynx,,Esophagus,,Pharynx,,,,A,Answer key: A,LET Secondary,Biological Science,Biological Science,3,No,,0.98,Ready for Upload,Path and PDF header indicate BSED/Secondary Biological Science major. Correct answer sourced from source PDF answer key.
85,35,6,BSED Biological Science P2.pdf,/Users/lyndon/All reviewers/Sept2026_LET Reviewer Files/L. BSED - Biological Science-/BSED Biological Science P2.pdf,Which pigment is dominant in red algae?,,,Phycocyanin,,Fucoxanthin,,Chlorophyll,,Pharynx,,,,D,Answer key: D,LET Secondary,Biological Science,Biological Science,3,No,,0.98,Ready for Upload,Path and PDF header indicate BSED/Secondary Biological Science major. Correct answer sourced from source PDF answer key.
86,36,6,BSED Biological Science P2.pdf,/Users/lyndon/All reviewers/Sept2026_LET Reviewer Files/L. BSED - Biological Science-/BSED Biological Science P2.pdf,What is the membrane that surrounds the lungs?,,,Pleura,,Meninges,,Peritoneum,,Pericardium,,,,D,Answer key: D,LET Secondary,Biological Science,Cell Biology and Biochemistry,3,No,,0.98,Ready for Upload,Path and PDF header indicate BSED/Secondary Biological Science major. Correct answer sourced from source PDF answer key.
87,37,6,BSED Biological Science P2.pdf,/Users/lyndon/All reviewers/Sept2026_LET Reviewer Files/L. BSED - Biological Science-/BSED Biological Science P2.pdf,What is that 3-carbon sugar formed during the dark reaction phase of the photosynthesis?,,,ADP,,NADPH,,ATP,,PGAL,,,,D,Answer key: D,LET Secondary,Biological Science,Botany,3,No,,0.98,Ready for Upload,Path and PDF header indicate BSED/Secondary Biological Science major. Correct answer sourced from source PDF answer key.
88,38,6,BSED Biological Science P2.pdf,/Users/lyndon/All reviewers/Sept2026_LET Reviewer Files/L. BSED - Biological Science-/BSED Biological Science P2.pdf,What is the product of carbohydrate digestion?,,,Fatty acid,,Glucose,,Amino acid,,Nucleic acid,,,,B,Answer key: B,LET Secondary,Biological Science,Anatomy and Physiology,3,No,,0.98,Ready for Upload,Path and PDF header indicate BSED/Secondary Biological Science major. Correct answer sourced from source PDF answer key.
89,39,6,BSED Biological Science P2.pdf,/Users/lyndon/All reviewers/Sept2026_LET Reviewer Files/L. BSED - Biological Science-/BSED Biological Science P2.pdf,What process is responsible for the upward movement of the water in very tall trees?,,,Osmosis,,Capillary action,,Turgor pressure,,Transpiration,,,,B,Answer key: B,LET Secondary,Biological Science,Biological Science,3,No,,0.98,Ready for Upload,Path and PDF header indicate BSED/Secondary Biological Science major. Correct answer sourced from source PDF answer key.
90,40,6,BSED Biological Science P2.pdf,/Users/lyndon/All reviewers/Sept2026_LET Reviewer Files/L. BSED - Biological Science-/BSED Biological Science P2.pdf,What is the enzyme in the mouth that breaks starch to maltose?,,,Peptidase,,Ptyalin,,Pepsin,,Maltase,,,,B,Answer key: B,LET Secondary,Biological Science,Biological Science,3,No,,0.98,Ready for Upload,Path and PDF header indicate BSED/Secondary Biological Science major. Correct answer sourced from source PDF answer key.
91,41,7,BSED Biological Science P2.pdf,/Users/lyndon/All reviewers/Sept2026_LET Reviewer Files/L. BSED - Biological Science-/BSED Biological Science P2.pdf,What do you call the types of symmetry where the body parts are paired on either side of the body?,,,Dorsal,,Bilateral,,Radial,,Ventral,,,,B,Answer key: B,LET Secondary,Biological Science,Biological Science,3,No,,0.98,Ready for Upload,Path and PDF header indicate BSED/Secondary Biological Science major. Correct answer sourced from source PDF answer key.
92,42,7,BSED Biological Science P2.pdf,/Users/lyndon/All reviewers/Sept2026_LET Reviewer Files/L. BSED - Biological Science-/BSED Biological Science P2.pdf,Which is considered as the respiratory center of the brain?,,,Cerebellum,,Medulla oblongata,,Cerebrum,,Thalamus,,,,B,Answer key: B,LET Secondary,Biological Science,Anatomy and Physiology,3,No,,0.98,Ready for Upload,Path and PDF header indicate BSED/Secondary Biological Science major. Correct answer sourced from source PDF answer key.
93,43,7,BSED Biological Science P2.pdf,/Users/lyndon/All reviewers/Sept2026_LET Reviewer Files/L. BSED - Biological Science-/BSED Biological Science P2.pdf,Which stage of incomplete metamorphism is undergone by grasshopper?,,,"Nymph, pupa, adult",,"Egg, larva, pupa, adult",,"Egg, nymph, adult",,Sternum,,,,C,Answer key: C,LET Secondary,Biological Science,Biological Science,3,No,,0.78,Needs Review,Path and PDF header indicate BSED/Secondary Biological Science major. Correct answer sourced from source PDF answer key. Duplicate choice labels in source/OCR: D.
94,44,7,BSED Biological Science P2.pdf,/Users/lyndon/All reviewers/Sept2026_LET Reviewer Files/L. BSED - Biological Science-/BSED Biological Science P2.pdf,Which of the following is NOT part of the thoracic cage?,,,Clavicle,,Ribs,,Costal cartilages,,Sternum,,,,A,Answer key: A,LET Secondary,Biological Science,Biological Science,3,No,,0.98,Ready for Upload,Path and PDF header indicate BSED/Secondary Biological Science major. Correct answer sourced from source PDF answer key.
95,45,7,BSED Biological Science P2.pdf,/Users/lyndon/All reviewers/Sept2026_LET Reviewer Files/L. BSED - Biological Science-/BSED Biological Science P2.pdf,Where does the toxin substance secreted by bees and ants through their sting originate?,,,Silk glands,,Intestines,,Rectal glands,,Salivary glands,,,,C,Answer key: C,LET Secondary,Biological Science,Biological Science,3,No,,0.98,Ready for Upload,Path and PDF header indicate BSED/Secondary Biological Science major. Correct answer sourced from source PDF answer key.
96,46,7,BSED Biological Science P2.pdf,/Users/lyndon/All reviewers/Sept2026_LET Reviewer Files/L. BSED - Biological Science-/BSED Biological Science P2.pdf,Where do producers obtain their energy?,,,From other producers,,From the consumers,,From the decomposers,,From the sun,,,,D,Answer key: D,LET Secondary,Biological Science,Biological Science,3,No,,0.98,Ready for Upload,Path and PDF header indicate BSED/Secondary Biological Science major. Correct answer sourced from source PDF answer key.
97,47,7,BSED Biological Science P2.pdf,/Users/lyndon/All reviewers/Sept2026_LET Reviewer Files/L. BSED - Biological Science-/BSED Biological Science P2.pdf,"Why do you experience not seeing things clearly for some seconds when you enter suddenly a well-lighted room after coming from a dark room, you?",,,The pupils are not adapted to the dark,,The eyes are adapted to the light only,,The pupils are not dilated yet,,Light had caused temporary blindness,,,,C,Answer key: C,LET Secondary,Biological Science,Biological Science,3,No,,0.98,Ready for Upload,Path and PDF header indicate BSED/Secondary Biological Science major. Correct answer sourced from source PDF answer key.
98,48,8,BSED Biological Science P2.pdf,/Users/lyndon/All reviewers/Sept2026_LET Reviewer Files/L. BSED - Biological Science-/BSED Biological Science P2.pdf,What term is used to describe the ability to maintain a constant internal environment?,,,Metabolism,,Growth and development,,Homeostasis,,Thermoregulation,,,,C,Answer key: C,LET Secondary,Biological Science,Genetics and Heredity,3,No,,0.98,Ready for Upload,Path and PDF header indicate BSED/Secondary Biological Science major. Correct answer sourced from source PDF answer key.
99,49,8,BSED Biological Science P2.pdf,/Users/lyndon/All reviewers/Sept2026_LET Reviewer Files/L. BSED - Biological Science-/BSED Biological Science P2.pdf,What is the most common cause of cardiovascular disease?,,,Fatty deposits in the arteries,,Inadequate supply of red blood cells,,Lack of sodium in the diet,,Increased heartbeat,,,,A,Answer key: A,LET Secondary,Biological Science,Biological Science,3,No,,0.98,Ready for Upload,Path and PDF header indicate BSED/Secondary Biological Science major. Correct answer sourced from source PDF answer key.
100,50,8,BSED Biological Science P2.pdf,/Users/lyndon/All reviewers/Sept2026_LET Reviewer Files/L. BSED - Biological Science-/BSED Biological Science P2.pdf,Which is the smallest unit of life that can survive and reproduce on its own?,,,Cell,,Organ,,Tissues,,Population BIOSCI-,,,,A,Answer key: A,LET Secondary,Biological Science,Biological Science,3,No,,0.98,Ready for Upload,Path and PDF header indicate BSED/Secondary Biological Science major. Correct answer sourced from source PDF answer key.
101,51,1,BSED Biological Science P3.pdf,/Users/lyndon/All reviewers/Sept2026_LET Reviewer Files/L. BSED - Biological Science-/BSED Biological Science P3.pdf,Which of the following is an exocrine gland?,,,Plastids and pigments,,Asters and centrioles,,Chloroplasts and vacuoles,,Cell wall and cell membrane,,,,B,Answer key: B,LET Secondary,Biological Science,Anatomy and Physiology,3,No,,0.98,Ready for Upload,Path and PDF header indicate BSED/Secondary Biological Science major. Correct answer sourced from source PDF answer key.
102,52,1,BSED Biological Science P3.pdf,/Users/lyndon/All reviewers/Sept2026_LET Reviewer Files/L. BSED - Biological Science-/BSED Biological Science P3.pdf,Which of the following is an exocrine gland?,,,Thyroid gland,,Salivary gland,,Pituitary gland,,Adrenal gland,,,,B,Answer key: B,LET Secondary,Biological Science,Anatomy and Physiology,3,No,101,0.90,Duplicate,Path and PDF header indicate BSED/Secondary Biological Science major. Correct answer sourced from source PDF answer key. Duplicate or near-duplicate of row 101.
103,53,1,BSED Biological Science P3.pdf,/Users/lyndon/All reviewers/Sept2026_LET Reviewer Files/L. BSED - Biological Science-/BSED Biological Science P3.pdf,Which of the following is not an accessory organ of digestion?,,,Liver,,Pancreas,,Salivary gland,,Adrenal gland,,,,D,Answer key: D,LET Secondary,Biological Science,Anatomy and Physiology,3,No,,0.98,Ready for Upload,Path and PDF header indicate BSED/Secondary Biological Science major. Correct answer sourced from source PDF answer key.
104,54,1,BSED Biological Science P3.pdf,/Users/lyndon/All reviewers/Sept2026_LET Reviewer Files/L. BSED - Biological Science-/BSED Biological Science P3.pdf,What hormone stimulates the development of male secondary sex characteristics?,,,Estrogen,,Prolactin,,Testosterone,,Progesteron,,,,C,Answer key: C,LET Secondary,Biological Science,Anatomy and Physiology,3,No,,0.98,Ready for Upload,Path and PDF header indicate BSED/Secondary Biological Science major. Correct answer sourced from source PDF answer key.
105,55,1,BSED Biological Science P3.pdf,/Users/lyndon/All reviewers/Sept2026_LET Reviewer Files/L. BSED - Biological Science-/BSED Biological Science P3.pdf,Which of the following parts performs both as reproductive and urinary functions in males?,,,Ureter,,Testes,,Urethra,,Scrotum,,,,C,Answer key: C,LET Secondary,Biological Science,Anatomy and Physiology,3,No,,0.98,Ready for Upload,Path and PDF header indicate BSED/Secondary Biological Science major. Correct answer sourced from source PDF answer key.
106,56,1,BSED Biological Science P3.pdf,/Users/lyndon/All reviewers/Sept2026_LET Reviewer Files/L. BSED - Biological Science-/BSED Biological Science P3.pdf,"Which part of the brain is responsible for intelligence, memory and learned behavior?",,,Cerebellum,,Cerebrum,,Medulla,,Thalamus,,,,B,Answer key: B,LET Secondary,Biological Science,Anatomy and Physiology,3,No,,0.98,Ready for Upload,Path and PDF header indicate BSED/Secondary Biological Science major. Correct answer sourced from source PDF answer key.
107,57,2,BSED Biological Science P3.pdf,/Users/lyndon/All reviewers/Sept2026_LET Reviewer Files/L. BSED - Biological Science-/BSED Biological Science P3.pdf,Which of these materials is not a major component of the plasma membrane?,,,Phospholipids,,Glycoprotein,,Proteins,,DNA,,,,D,Answer key: D,LET Secondary,Biological Science,Cell Biology and Biochemistry,3,No,,0.98,Ready for Upload,Path and PDF header indicate BSED/Secondary Biological Science major. Correct answer sourced from source PDF answer key.
108,58,2,BSED Biological Science P3.pdf,/Users/lyndon/All reviewers/Sept2026_LET Reviewer Files/L. BSED - Biological Science-/BSED Biological Science P3.pdf,Which form of RNA delivers information from DNA to be used in making protein?,,,Messenger RNA,,Ribosomal RNA,,Transfer RNA,,All of the above,,,,A,Answer key: A,LET Secondary,Biological Science,Genetics and Heredity,3,No,,0.98,Ready for Upload,Path and PDF header indicate BSED/Secondary Biological Science major. Correct answer sourced from source PDF answer key.
109,59,2,BSED Biological Science P3.pdf,/Users/lyndon/All reviewers/Sept2026_LET Reviewer Files/L. BSED - Biological Science-/BSED Biological Science P3.pdf,Which of the following is not a type of cell?,,,Bacterium,,Amoeba,,Sperm,,Virus,,,,D,Answer key: D,LET Secondary,Biological Science,Cell Biology and Biochemistry,3,No,,0.98,Ready for Upload,Path and PDF header indicate BSED/Secondary Biological Science major. Correct answer sourced from source PDF answer key.
110,60,2,BSED Biological Science P3.pdf,/Users/lyndon/All reviewers/Sept2026_LET Reviewer Files/L. BSED - Biological Science-/BSED Biological Science P3.pdf,Which property of water is probably MOST important for the functioning of organisms at the molecular level?,,,Cohesion and high surface tension,,High specific heat,,High heat of vaporization,,Versatility as a solvent,,,,D,Answer key: D,LET Secondary,Biological Science,Biological Science,3,No,,0.98,Ready for Upload,Path and PDF header indicate BSED/Secondary Biological Science major. Correct answer sourced from source PDF answer key.
111,61,2,BSED Biological Science P3.pdf,/Users/lyndon/All reviewers/Sept2026_LET Reviewer Files/L. BSED - Biological Science-/BSED Biological Science P3.pdf,Which of the following statements is true of diffusion?,,,It requires an expenditure of energy by the cell,,It is a passive process,,It occurs when molecules move from a region of lower concentration to one of higher concentration,,It requires a membrane,,,,B,Answer key: B,LET Secondary,Biological Science,Biological Science,3,No,,0.98,Ready for Upload,Path and PDF header indicate BSED/Secondary Biological Science major. Correct answer sourced from source PDF answer key.
112,62,3,BSED Biological Science P3.pdf,/Users/lyndon/All reviewers/Sept2026_LET Reviewer Files/L. BSED - Biological Science-/BSED Biological Science P3.pdf,Which of the following is FALSE in comparing prophase I of meiosis and prophase of mitosis?,,,The chromosomes condense in both,,Tetrads form in both,,The nuclear envelope disassembles in both,,A spindle forms in both,,,,B,Answer key: B,LET Secondary,Biological Science,Genetics and Heredity,3,No,,0.98,Ready for Upload,Path and PDF header indicate BSED/Secondary Biological Science major. Correct answer sourced from source PDF answer key.
113,63,3,BSED Biological Science P3.pdf,/Users/lyndon/All reviewers/Sept2026_LET Reviewer Files/L. BSED - Biological Science-/BSED Biological Science P3.pdf,"Which are small, irregularly-shaped cells without nuclei but are rich in ATP?",,,Leukocytes,,Thrombocytes,,Lymphocytes,,Erythrocytes,,,,D,Answer key: D,LET Secondary,Biological Science,Cell Biology and Biochemistry,3,No,,0.98,Ready for Upload,Path and PDF header indicate BSED/Secondary Biological Science major. Correct answer sourced from source PDF answer key.
114,64,3,BSED Biological Science P3.pdf,/Users/lyndon/All reviewers/Sept2026_LET Reviewer Files/L. BSED - Biological Science-/BSED Biological Science P3.pdf,What branch of Biology is involved when one is studying the characteristic structure and functions of all kinds of cells?,,,Cytology,,Morphology,,Physiology,,Histology,,,,A,Answer key: A,LET Secondary,Biological Science,Cell Biology and Biochemistry,3,No,,0.98,Ready for Upload,Path and PDF header indicate BSED/Secondary Biological Science major. Correct answer sourced from source PDF answer key.
115,65,3,BSED Biological Science P3.pdf,/Users/lyndon/All reviewers/Sept2026_LET Reviewer Files/L. BSED - Biological Science-/BSED Biological Science P3.pdf,Which part of seed appears as a scar which marks the entry of the pollen tube during fertilization?,,,Seed leaf,,Cotyledon,,Testa,,Hilum,,,,D,Answer key: D,LET Secondary,Biological Science,Botany,3,No,,0.98,Ready for Upload,Path and PDF header indicate BSED/Secondary Biological Science major. Correct answer sourced from source PDF answer key.
116,66,3,BSED Biological Science P3.pdf,/Users/lyndon/All reviewers/Sept2026_LET Reviewer Files/L. BSED - Biological Science-/BSED Biological Science P3.pdf,Which type of tissue is responsible for the secondary growth in stems and roots of vascular plants?,,,Meristematic cells,,Cambium,,Palisade layer,,Epidermis,,,,B,Answer key: B,LET Secondary,Biological Science,Anatomy and Physiology,3,No,,0.98,Ready for Upload,Path and PDF header indicate BSED/Secondary Biological Science major. Correct answer sourced from source PDF answer key.
117,67,4,BSED Biological Science P3.pdf,/Users/lyndon/All reviewers/Sept2026_LET Reviewer Files/L. BSED - Biological Science-/BSED Biological Science P3.pdf,Which biome grows tropical grassland with scattered individual trees and larger herbivores?,,,Tundra,,Rain forest,,Grassland,,Savanna,,,,D,Answer key: D,LET Secondary,Biological Science,Ecology and Environment,3,No,,0.98,Ready for Upload,Path and PDF header indicate BSED/Secondary Biological Science major. Correct answer sourced from source PDF answer key.
118,68,4,BSED Biological Science P3.pdf,/Users/lyndon/All reviewers/Sept2026_LET Reviewer Files/L. BSED - Biological Science-/BSED Biological Science P3.pdf,What do you call that process in birds wherein they shed off features at least once a year?,,,Skinning,,Molting,,Furrowing,,Migrating,,,,B,Answer key: B,LET Secondary,Biological Science,Biological Science,3,No,,0.98,Ready for Upload,Path and PDF header indicate BSED/Secondary Biological Science major. Correct answer sourced from source PDF answer key.
119,69,4,BSED Biological Science P3.pdf,/Users/lyndon/All reviewers/Sept2026_LET Reviewer Files/L. BSED - Biological Science-/BSED Biological Science P3.pdf,What chemical controls metamorphosis among insects?,,,Enzymes,,Estradol,,Pheromones,,Ethylene,,,,A,Answer key: A,LET Secondary,Biological Science,Zoology,3,No,,0.98,Ready for Upload,Path and PDF header indicate BSED/Secondary Biological Science major. Correct answer sourced from source PDF answer key.
120,70,4,BSED Biological Science P3.pdf,/Users/lyndon/All reviewers/Sept2026_LET Reviewer Files/L. BSED - Biological Science-/BSED Biological Science P3.pdf,Which of the following makes up the plant cell wall?,,,Nucleic acid,,Cellulose,,Protein,,Lipids,,,,B,Answer key: B,LET Secondary,Biological Science,Cell Biology and Biochemistry,3,No,,0.98,Ready for Upload,Path and PDF header indicate BSED/Secondary Biological Science major. Correct answer sourced from source PDF answer key.
121,71,4,BSED Biological Science P3.pdf,/Users/lyndon/All reviewers/Sept2026_LET Reviewer Files/L. BSED - Biological Science-/BSED Biological Science P3.pdf,Which of the following is not true of fungi?,,,Some are pathogenic,,Some are photosynthetic,,Some are edible,,Form symbiotic relation with algae,,,,B,Answer key: B,LET Secondary,Biological Science,Microbiology and Immunology,3,No,,0.98,Ready for Upload,Path and PDF header indicate BSED/Secondary Biological Science major. Correct answer sourced from source PDF answer key.
122,72,4,BSED Biological Science P3.pdf,/Users/lyndon/All reviewers/Sept2026_LET Reviewer Files/L. BSED - Biological Science-/BSED Biological Science P3.pdf,Which of the following is not true of plants?,,,Some are pathogenic,,Some are photosynthetic,,Some are edible,,Form symbiotic relation with algae,,,,D,Answer key: D,LET Secondary,Biological Science,Botany,3,No,,0.98,Ready for Upload,Path and PDF header indicate BSED/Secondary Biological Science major. Correct answer sourced from source PDF answer key.
123,73,5,BSED Biological Science P3.pdf,/Users/lyndon/All reviewers/Sept2026_LET Reviewer Files/L. BSED - Biological Science-/BSED Biological Science P3.pdf,Which of the following is considered multi cellular?,,,Embryo,,Fertilized egg,,Egg cell,,Sperm cell,,,,A,Answer key: A,LET Secondary,Biological Science,Cell Biology and Biochemistry,3,No,,0.98,Ready for Upload,Path and PDF header indicate BSED/Secondary Biological Science major. Correct answer sourced from source PDF answer key.
124,74,5,BSED Biological Science P3.pdf,/Users/lyndon/All reviewers/Sept2026_LET Reviewer Files/L. BSED - Biological Science-/BSED Biological Science P3.pdf,What hormone promotes the growth of the uterine lining for the implantation of the embryo?,,,Lactogenic hormone,,Progesterone,,Testosterone,,Oxytocen,,,,B,Answer key: B,LET Secondary,Biological Science,Anatomy and Physiology,3,No,,0.98,Ready for Upload,Path and PDF header indicate BSED/Secondary Biological Science major. Correct answer sourced from source PDF answer key.
125,75,5,BSED Biological Science P3.pdf,/Users/lyndon/All reviewers/Sept2026_LET Reviewer Files/L. BSED - Biological Science-/BSED Biological Science P3.pdf,Which of the following pair of organisms are closely related?,,,Spider and mosquito,,Frog and crocodile,,Man and monkey,,Ants and aphids,,,,C,Answer key: C,LET Secondary,Biological Science,Biological Science,3,No,,0.98,Ready for Upload,Path and PDF header indicate BSED/Secondary Biological Science major. Correct answer sourced from source PDF answer key.
126,76,5,BSED Biological Science P3.pdf,/Users/lyndon/All reviewers/Sept2026_LET Reviewer Files/L. BSED - Biological Science-/BSED Biological Science P3.pdf,What does it mean if the blood pressure of human is 110/70?,,,The systolic pressure is 70,,The diastolic pressure is 70,,The pulse rate is 110 beats per minute,,Both B and C,,,,B,Answer key: B,LET Secondary,Biological Science,Anatomy and Physiology,3,No,,0.98,Ready for Upload,Path and PDF header indicate BSED/Secondary Biological Science major. Correct answer sourced from source PDF answer key.
127,77,5,BSED Biological Science P3.pdf,/Users/lyndon/All reviewers/Sept2026_LET Reviewer Files/L. BSED - Biological Science-/BSED Biological Science P3.pdf,Which of the following happens when man exhale?,,,The residual volume of the lungs decreases,,The diaphragm contracts,,The volume of the thoracic cavity decreases,,The lung contracts,,,,C,Answer key: C,LET Secondary,Biological Science,Biological Science,3,No,,0.98,Ready for Upload,Path and PDF header indicate BSED/Secondary Biological Science major. Correct answer sourced from source PDF answer key.
128,78,6,BSED Biological Science P3.pdf,/Users/lyndon/All reviewers/Sept2026_LET Reviewer Files/L. BSED - Biological Science-/BSED Biological Science P3.pdf,Which of the following regulate breathing?,,,RBC concentration,,Number of haemoglobin,,Hormone level in blood,,CO2 and O2 concentration and pH level sensors,,,,D,Answer key: D,LET Secondary,Biological Science,Biological Science,3,No,,0.98,Ready for Upload,Path and PDF header indicate BSED/Secondary Biological Science major. Correct answer sourced from source PDF answer key.
129,79,6,BSED Biological Science P3.pdf,/Users/lyndon/All reviewers/Sept2026_LET Reviewer Files/L. BSED - Biological Science-/BSED Biological Science P3.pdf,Which of the following has the lowest velocity of blood flow.,,,Veins,,Arteries,,Capillaries,,Arterioles,,,,A,Answer key: A,LET Secondary,Biological Science,Anatomy and Physiology,3,No,,0.98,Ready for Upload,Path and PDF header indicate BSED/Secondary Biological Science major. Correct answer sourced from source PDF answer key.
130,80,6,BSED Biological Science P3.pdf,/Users/lyndon/All reviewers/Sept2026_LET Reviewer Files/L. BSED - Biological Science-/BSED Biological Science P3.pdf,How many carbon atoms can each pyruvic acid supply into the Kirb’s cycle?,,,8,,6,,4,,2,,,,D,Answer key: D,LET Secondary,Biological Science,Biological Science,3,No,,0.98,Ready for Upload,Path and PDF header indicate BSED/Secondary Biological Science major. Correct answer sourced from source PDF answer key.
131,81,6,BSED Biological Science P3.pdf,/Users/lyndon/All reviewers/Sept2026_LET Reviewer Files/L. BSED - Biological Science-/BSED Biological Science P3.pdf,How many oxygen is required each time to a molecule of glucose is completely oxidized through aerobic respiration?,,,3,,6,,12,,24,,,,B,Answer key: B,LET Secondary,Biological Science,Anatomy and Physiology,3,No,,0.98,Ready for Upload,Path and PDF header indicate BSED/Secondary Biological Science major. Correct answer sourced from source PDF answer key.
132,82,6,BSED Biological Science P3.pdf,/Users/lyndon/All reviewers/Sept2026_LET Reviewer Files/L. BSED - Biological Science-/BSED Biological Science P3.pdf,Which of the following will not be accepted by glycolysis for catabolism?,,,Starch,,Glycerol,,Fatty acid,,Sucrose,,,,C,Answer key: C,LET Secondary,Biological Science,Biological Science,3,No,,0.98,Ready for Upload,Path and PDF header indicate BSED/Secondary Biological Science major. Correct answer sourced from source PDF answer key.
133,83,7,BSED Biological Science P3.pdf,/Users/lyndon/All reviewers/Sept2026_LET Reviewer Files/L. BSED - Biological Science-/BSED Biological Science P3.pdf,Which of the following characteristic is common between echinoderms and cnidarians?,,,They are both radically symmetrical,,They have segmented bodies,,Both have stinging cells,,They have three embryonic tissue layers,,,,A,Answer key: A,LET Secondary,Biological Science,Biological Science,3,No,,0.98,Ready for Upload,Path and PDF header indicate BSED/Secondary Biological Science major. Correct answer sourced from source PDF answer key.
134,84,7,BSED Biological Science P3.pdf,/Users/lyndon/All reviewers/Sept2026_LET Reviewer Files/L. BSED - Biological Science-/BSED Biological Science P3.pdf,Which of the following is true of Phylum Chordata? I.Presence of notochord that provides skeletal support for gas exchange into the central nervous system,,,II and III,,I and II,,I and III,,"I, II and III",,,,D,Answer key: D,LET Secondary,Biological Science,Anatomy and Physiology,3,No,,0.98,Ready for Upload,Path and PDF header indicate BSED/Secondary Biological Science major. Correct answer sourced from source PDF answer key.
135,85,7,BSED Biological Science P3.pdf,/Users/lyndon/All reviewers/Sept2026_LET Reviewer Files/L. BSED - Biological Science-/BSED Biological Science P3.pdf,Which of the following cannot be associated with fungi?,,,Absorptive nutrition,,Decomposers,,Autotrophs,,Spore production,,,,C,Answer key: C,LET Secondary,Biological Science,Microbiology and Immunology,3,No,,0.98,Ready for Upload,Path and PDF header indicate BSED/Secondary Biological Science major. Correct answer sourced from source PDF answer key.
136,86,7,BSED Biological Science P3.pdf,/Users/lyndon/All reviewers/Sept2026_LET Reviewer Files/L. BSED - Biological Science-/BSED Biological Science P3.pdf,Which of the following does not involve mitosis?,,,Development of embryo,,Growth,,Production of gametes,,Repairing of damaged tissues,,,,C,Answer key: C,LET Secondary,Biological Science,Genetics and Heredity,3,No,,0.98,Ready for Upload,Path and PDF header indicate BSED/Secondary Biological Science major. Correct answer sourced from source PDF answer key.
137,87,7,BSED Biological Science P3.pdf,/Users/lyndon/All reviewers/Sept2026_LET Reviewer Files/L. BSED - Biological Science-/BSED Biological Science P3.pdf,Which of the followings is true of mammals?,,,I and II,,II and III,,I and III,,"I, II and III",,,,D,Answer key: D,LET Secondary,Biological Science,Zoology,3,No,,0.98,Ready for Upload,Path and PDF header indicate BSED/Secondary Biological Science major. Correct answer sourced from source PDF answer key.
138,88,8,BSED Biological Science P3.pdf,/Users/lyndon/All reviewers/Sept2026_LET Reviewer Files/L. BSED - Biological Science-/BSED Biological Science P3.pdf,What term describes an egg develop into a new organism without itself being fertilized be a sperm?,,,Regeneration,,Conjugation,,Parthenogenesis,,Fusion,,,,C,Answer key: C,LET Secondary,Biological Science,Biological Science,3,No,,0.98,Ready for Upload,Path and PDF header indicate BSED/Secondary Biological Science major. Correct answer sourced from source PDF answer key.
139,89,8,BSED Biological Science P3.pdf,/Users/lyndon/All reviewers/Sept2026_LET Reviewer Files/L. BSED - Biological Science-/BSED Biological Science P3.pdf,Which of the following is responsible for formation of blood cell?,,,Cartilage,,Bone narrow,,Joints,,Tendons,,,,B,Answer key: B,LET Secondary,Biological Science,Cell Biology and Biochemistry,3,No,,0.98,Ready for Upload,Path and PDF header indicate BSED/Secondary Biological Science major. Correct answer sourced from source PDF answer key.
140,90,8,BSED Biological Science P3.pdf,/Users/lyndon/All reviewers/Sept2026_LET Reviewer Files/L. BSED - Biological Science-/BSED Biological Science P3.pdf,What is most likely happen when a species cannot adapt to the changes in the environment?,,,It will be transform to another form,,It will become extinct,,It will be isolated,,It will grow old,,,,B,Answer key: B,LET Secondary,Biological Science,Evolution and Classification,3,No,,0.98,Ready for Upload,Path and PDF header indicate BSED/Secondary Biological Science major. Correct answer sourced from source PDF answer key.
141,91,8,BSED Biological Science P3.pdf,/Users/lyndon/All reviewers/Sept2026_LET Reviewer Files/L. BSED - Biological Science-/BSED Biological Science P3.pdf,What term is used to describe the released of matured egg cell from the ovary?,,,Fertilization,,Copulation,,Ovulation,,Germination,,,,C,Answer key: C,LET Secondary,Biological Science,Cell Biology and Biochemistry,3,No,,0.98,Ready for Upload,Path and PDF header indicate BSED/Secondary Biological Science major. Correct answer sourced from source PDF answer key.
142,92,8,BSED Biological Science P3.pdf,/Users/lyndon/All reviewers/Sept2026_LET Reviewer Files/L. BSED - Biological Science-/BSED Biological Science P3.pdf,Which of the following blood cells is responsible for blood clotting?,,,Erythrocytes,,Leukocytes,,Thrombocytes,,Neutrophils,,,,C,Answer key: C,LET Secondary,Biological Science,Cell Biology and Biochemistry,3,No,,0.98,Ready for Upload,Path and PDF header indicate BSED/Secondary Biological Science major. Correct answer sourced from source PDF answer key.
143,93,9,BSED Biological Science P3.pdf,/Users/lyndon/All reviewers/Sept2026_LET Reviewer Files/L. BSED - Biological Science-/BSED Biological Science P3.pdf,Where does ectopic pregnancy occur?,,,Uterus,,Ovary,,Cervix,,Fallopian tube,,,,D,Answer key: D,LET Secondary,Biological Science,Biological Science,3,No,,0.98,Ready for Upload,Path and PDF header indicate BSED/Secondary Biological Science major. Correct answer sourced from source PDF answer key.
144,94,9,BSED Biological Science P3.pdf,/Users/lyndon/All reviewers/Sept2026_LET Reviewer Files/L. BSED - Biological Science-/BSED Biological Science P3.pdf,Why is cell membrane semi permeability important?,,,It is important in determining the size of the cell,,It controls the kind of substances that enters and leaves the cell,,It controls the pressure and energy gradient,,It allows the molecules to diffuse freely in and out of the cell,,,,B,Answer key: B,LET Secondary,Biological Science,Cell Biology and Biochemistry,3,No,,0.98,Ready for Upload,Path and PDF header indicate BSED/Secondary Biological Science major. Correct answer sourced from source PDF answer key.
145,95,9,BSED Biological Science P3.pdf,/Users/lyndon/All reviewers/Sept2026_LET Reviewer Files/L. BSED - Biological Science-/BSED Biological Science P3.pdf,What theory of evolution accounts for snake’s disappearance of legs and development of giraffe’s long neck?,,,Theory of use and disuse,,Theory of natural selection,,Theory of chromosomal change,,Theory of action and interaction,,,,A,Answer key: A,LET Secondary,Biological Science,Evolution and Classification,3,No,,0.98,Ready for Upload,Path and PDF header indicate BSED/Secondary Biological Science major. Correct answer sourced from source PDF answer key.
146,96,9,BSED Biological Science P3.pdf,/Users/lyndon/All reviewers/Sept2026_LET Reviewer Files/L. BSED - Biological Science-/BSED Biological Science P3.pdf,Which hormone is insufficient in cretinism?,,,Glucagon,,Adrenalin,,Insulin,,Thyroxine,,,,D,Answer key: D,LET Secondary,Biological Science,Anatomy and Physiology,3,No,,0.98,Ready for Upload,Path and PDF header indicate BSED/Secondary Biological Science major. Correct answer sourced from source PDF answer key.
147,97,9,BSED Biological Science P3.pdf,/Users/lyndon/All reviewers/Sept2026_LET Reviewer Files/L. BSED - Biological Science-/BSED Biological Science P3.pdf,Which of the following is both endocrine and an exocrine gland?,,,Gastric glands,,Thyroid glands,,Pituitary glands,,Pancreas,,,,D,Answer key: D,LET Secondary,Biological Science,Anatomy and Physiology,3,No,,0.98,Ready for Upload,Path and PDF header indicate BSED/Secondary Biological Science major. Correct answer sourced from source PDF answer key.
148,98,10,BSED Biological Science P3.pdf,/Users/lyndon/All reviewers/Sept2026_LET Reviewer Files/L. BSED - Biological Science-/BSED Biological Science P3.pdf,What organ is controlled by the automatic nervous system?,,,Skeletal,,Muscles,,Heart,,Both A and B,,,,C,Answer key: C,LET Secondary,Biological Science,Anatomy and Physiology,3,No,,0.98,Ready for Upload,Path and PDF header indicate BSED/Secondary Biological Science major. Correct answer sourced from source PDF answer key.
149,99,10,BSED Biological Science P3.pdf,/Users/lyndon/All reviewers/Sept2026_LET Reviewer Files/L. BSED - Biological Science-/BSED Biological Science P3.pdf,"What do you call food in a semi-liquid form, partially digested and mixed with hydrochloric acid?",,,Gastric secretion,,Gastric fluid,,Mucosa,,Chime,,,,D,Answer key: D,LET Secondary,Biological Science,Anatomy and Physiology,3,No,,0.98,Ready for Upload,Path and PDF header indicate BSED/Secondary Biological Science major. Correct answer sourced from source PDF answer key.
150,100,10,BSED Biological Science P3.pdf,/Users/lyndon/All reviewers/Sept2026_LET Reviewer Files/L. BSED - Biological Science-/BSED Biological Science P3.pdf,Which is considered the master gland due to its influence on the activity of all the other glands?,,,Thyroid,,Adrenal,,Pituitary,,Parathyroid BIOSCI-,,,,C,Answer key: C,LET Secondary,Biological Science,Anatomy and Physiology,3,No,,0.98,Ready for Upload,Path and PDF header indicate BSED/Secondary Biological Science major. Correct answer sourced from source PDF answer key.
151,1,1,BSED Biological Science P4.pdf,/Users/lyndon/All reviewers/Sept2026_LET Reviewer Files/L. BSED - Biological Science-/BSED Biological Science P4.pdf,Which of the following best describes the structure of DNA?,,,Single helix of amino acids,,Double helix of nucleotides,,Triple strand of sugars,,Chain of fatty acids,,,,B,DNA’s structure discovered by Watson and Crick.,LET Secondary,Biological Science,Genetics and Heredity,3,No,,0.98,Ready for Upload,Path and PDF header indicate BSED/Secondary Biological Science major. Correct answer sourced from source PDF answer key.
152,2,1,BSED Biological Science P4.pdf,/Users/lyndon/All reviewers/Sept2026_LET Reviewer Files/L. BSED - Biological Science-/BSED Biological Science P4.pdf,What are the building blocks of proteins?,,,Sugars,,Amino acids,,Nucleotides,,Lipids,,,,B,Basic units of proteins.,LET Secondary,Biological Science,Biological Science,3,No,,0.98,Ready for Upload,Path and PDF header indicate BSED/Secondary Biological Science major. Correct answer sourced from source PDF answer key.
153,3,1,BSED Biological Science P4.pdf,/Users/lyndon/All reviewers/Sept2026_LET Reviewer Files/L. BSED - Biological Science-/BSED Biological Science P4.pdf,"In the cell cycle, DNA replication occurs during:",,,G1 phase,,S phase,,G2 phase,,M phase,,,,B,Stage of DNA replication.,LET Secondary,Biological Science,Genetics and Heredity,3,No,,0.98,Ready for Upload,Path and PDF header indicate BSED/Secondary Biological Science major. Correct answer sourced from source PDF answer key.
154,4,1,BSED Biological Science P4.pdf,/Users/lyndon/All reviewers/Sept2026_LET Reviewer Files/L. BSED - Biological Science-/BSED Biological Science P4.pdf,Which process produces identical daughter cells?,,,Meiosis,,Mitosis,,Fertilization,,Crossing over,,,,B,Produces identical cells.,LET Secondary,Biological Science,Cell Biology and Biochemistry,3,No,,0.98,Ready for Upload,Path and PDF header indicate BSED/Secondary Biological Science major. Correct answer sourced from source PDF answer key.
155,5,1,BSED Biological Science P4.pdf,/Users/lyndon/All reviewers/Sept2026_LET Reviewer Files/L. BSED - Biological Science-/BSED Biological Science P4.pdf,The function of ribosomes is to:,,,Store energy,,Produce proteins,,Regulate osmosis,,Control cell division,,,,B,Function of ribosomes.,LET Secondary,Biological Science,Cell Biology and Biochemistry,3,No,,0.98,Ready for Upload,Path and PDF header indicate BSED/Secondary Biological Science major. Correct answer sourced from source PDF answer key.
156,6,1,BSED Biological Science P4.pdf,/Users/lyndon/All reviewers/Sept2026_LET Reviewer Files/L. BSED - Biological Science-/BSED Biological Science P4.pdf,Who is known as the “Father of Genetics”?,,,Charles Darwin,,Gregor Mendel,,Carl Linnaeus,,Louis Pasteur,,,,B,Studied inheritance using pea plants.,LET Secondary,Biological Science,Genetics and Heredity,3,No,,0.98,Ready for Upload,Path and PDF header indicate BSED/Secondary Biological Science major. Correct answer sourced from source PDF answer key.
157,7,1,BSED Biological Science P4.pdf,/Users/lyndon/All reviewers/Sept2026_LET Reviewer Files/L. BSED - Biological Science-/BSED Biological Science P4.pdf,The physical expression of genes is called:,,,Genotype,,Phenotype,,Chromosome,,Allele,,,,B,Observable traits.,LET Secondary,Biological Science,Genetics and Heredity,3,No,,0.98,Ready for Upload,Path and PDF header indicate BSED/Secondary Biological Science major. Correct answer sourced from source PDF answer key.
158,8,1,BSED Biological Science P4.pdf,/Users/lyndon/All reviewers/Sept2026_LET Reviewer Files/L. BSED - Biological Science-/BSED Biological Science P4.pdf,"When both alleles are expressed equally, it is called:",,,Codominance,,Incomplete dominance,,Recessive inheritance,,Mutation,,,,A,Both alleles expressed equally.,LET Secondary,Biological Science,Genetics and Heredity,3,No,,0.98,Ready for Upload,Path and PDF header indicate BSED/Secondary Biological Science major. Correct answer sourced from source PDF answer key.
159,9,1,BSED Biological Science P4.pdf,/Users/lyndon/All reviewers/Sept2026_LET Reviewer Files/L. BSED - Biological Science-/BSED Biological Science P4.pdf,The 23rd pair of human chromosomes determines:,,,Eye color,,Blood type,,Sex,,Height,,,,C,Determined by the 23rd pair (XX or XY).,LET Secondary,Biological Science,Genetics and Heredity,3,No,,0.98,Ready for Upload,Path and PDF header indicate BSED/Secondary Biological Science major. Correct answer sourced from source PDF answer key.
160,10,2,BSED Biological Science P4.pdf,/Users/lyndon/All reviewers/Sept2026_LET Reviewer Files/L. BSED - Biological Science-/BSED Biological Science P4.pdf,Which genetic disorder is caused by an extra chromosome 21?,,,Down syndrome,,Turner syndrome,,Hemophilia,,Cystic fibrosis,,,,A,Caused by trisomy 21.,LET Secondary,Biological Science,Genetics and Heredity,3,No,,0.98,Ready for Upload,Path and PDF header indicate BSED/Secondary Biological Science major. Correct answer sourced from source PDF answer key.
161,11,2,BSED Biological Science P4.pdf,/Users/lyndon/All reviewers/Sept2026_LET Reviewer Files/L. BSED - Biological Science-/BSED Biological Science P4.pdf,The idea that only organisms best adapted to their environment survive and reproduce is:,,,Mutation theory,,Natural selection,,Gene flow,,Genetic drift,,,,B,Best-adapted organisms survive.,LET Secondary,Biological Science,Biological Science,3,No,,0.98,Ready for Upload,Path and PDF header indicate BSED/Secondary Biological Science major. Correct answer sourced from source PDF answer key.
162,12,2,BSED Biological Science P4.pdf,/Users/lyndon/All reviewers/Sept2026_LET Reviewer Files/L. BSED - Biological Science-/BSED Biological Science P4.pdf,Which evidence best supports the theory of evolution?,,,Fossils and homologous structures,,Myths and traditions,,Folklore,,Horoscope,,,,A,Evidence of evolution.,LET Secondary,Biological Science,Evolution and Classification,3,No,,0.98,Ready for Upload,Path and PDF header indicate BSED/Secondary Biological Science major. Correct answer sourced from source PDF answer key.
163,13,2,BSED Biological Science P4.pdf,/Users/lyndon/All reviewers/Sept2026_LET Reviewer Files/L. BSED - Biological Science-/BSED Biological Science P4.pdf,The process by which species evolve into many new forms to occupy different niches is:,,,Adaptive radiation,,Genetic recombination,,Speciation,,Artificial selection,,,,A,Diversification from a common ancestor.,LET Secondary,Biological Science,Evolution and Classification,3,No,,0.98,Ready for Upload,Path and PDF header indicate BSED/Secondary Biological Science major. Correct answer sourced from source PDF answer key.
164,14,2,BSED Biological Science P4.pdf,/Users/lyndon/All reviewers/Sept2026_LET Reviewer Files/L. BSED - Biological Science-/BSED Biological Science P4.pdf,The scientist who proposed the binomial naming system was:,,,Gregor Mendel,,Carl Linnaeus,,Charles Darwin,,Jean Lamarck,,,,B,Created binomial nomenclature.,LET Secondary,Biological Science,Botany,3,No,,0.98,Ready for Upload,Path and PDF header indicate BSED/Secondary Biological Science major. Correct answer sourced from source PDF answer key.
165,15,2,BSED Biological Science P4.pdf,/Users/lyndon/All reviewers/Sept2026_LET Reviewer Files/L. BSED - Biological Science-/BSED Biological Science P4.pdf,Which of the following is an example of homologous structures?,,,Bat wing and whale flipper,,Bird wing and butterfly wing,,Fish fin and insect leg,,Plant leaf and root,,,,A,Show common ancestry.,LET Secondary,Biological Science,Evolution and Classification,3,No,,0.98,Ready for Upload,Path and PDF header indicate BSED/Secondary Biological Science major. Correct answer sourced from source PDF answer key.
166,16,2,BSED Biological Science P4.pdf,/Users/lyndon/All reviewers/Sept2026_LET Reviewer Files/L. BSED - Biological Science-/BSED Biological Science P4.pdf,The non-living components of an ecosystem are called:,,,Producers,,Abiotic factors,,Consumers,,Decomposers,,,,B,Non-living environmental components.,LET Secondary,Biological Science,Ecology and Environment,3,No,,0.98,Ready for Upload,Path and PDF header indicate BSED/Secondary Biological Science major. Correct answer sourced from source PDF answer key.
167,17,2,BSED Biological Science P4.pdf,/Users/lyndon/All reviewers/Sept2026_LET Reviewer Files/L. BSED - Biological Science-/BSED Biological Science P4.pdf,"In a food chain, which organisms are primary producers?",,,Fungi,,Plants,,Animals,,Bacteria,,,,B,Producers that convert sunlight to energy.,LET Secondary,Biological Science,Biological Science,3,No,,0.98,Ready for Upload,Path and PDF header indicate BSED/Secondary Biological Science major. Correct answer sourced from source PDF answer key.
168,18,2,BSED Biological Science P4.pdf,/Users/lyndon/All reviewers/Sept2026_LET Reviewer Files/L. BSED - Biological Science-/BSED Biological Science P4.pdf,Which of the following represents a correct energy flow?,,,Consumers → Sun → Producers,,Sun → Producers → Consumers,,Producers → Consumers → Sun,,Sun → Decomposers → Producers,,,,B,Energy flow direction.,LET Secondary,Biological Science,Biological Science,3,No,,0.98,Ready for Upload,Path and PDF header indicate BSED/Secondary Biological Science major. Correct answer sourced from source PDF answer key.
169,19,3,BSED Biological Science P4.pdf,/Users/lyndon/All reviewers/Sept2026_LET Reviewer Files/L. BSED - Biological Science-/BSED Biological Science P4.pdf,The role of an organism in its ecosystem is called its:,,,Habitat,,Niche,,Trophic level,,Population,,,,B,Functional role of an organism.,LET Secondary,Biological Science,Ecology and Environment,3,No,,0.98,Ready for Upload,Path and PDF header indicate BSED/Secondary Biological Science major. Correct answer sourced from source PDF answer key.
170,20,3,BSED Biological Science P4.pdf,/Users/lyndon/All reviewers/Sept2026_LET Reviewer Files/L. BSED - Biological Science-/BSED Biological Science P4.pdf,Eutrophication in lakes is primarily caused by:,,,Excess nutrients from fertilizers,,Lack of sunlight,,Acid rain,,Overfishing V. Anatomy and Physiology,,,,A,Cause algal bloom and oxygen depletion.,LET Secondary,Biological Science,Ecology and Environment,3,No,,0.98,Ready for Upload,Path and PDF header indicate BSED/Secondary Biological Science major. Correct answer sourced from source PDF answer key.
171,21,3,BSED Biological Science P4.pdf,/Users/lyndon/All reviewers/Sept2026_LET Reviewer Files/L. BSED - Biological Science-/BSED Biological Science P4.pdf,Which blood component helps in clotting?,,,Red blood cells,,White blood cells,,Platelets,,Plasma,,,,C,Responsible for clotting.,LET Secondary,Biological Science,Anatomy and Physiology,3,No,,0.98,Ready for Upload,Path and PDF header indicate BSED/Secondary Biological Science major. Correct answer sourced from source PDF answer key.
172,22,3,BSED Biological Science P4.pdf,/Users/lyndon/All reviewers/Sept2026_LET Reviewer Files/L. BSED - Biological Science-/BSED Biological Science P4.pdf,The main organ of gas exchange in humans is the:,,,Trachea,,Lung,,Heart,,Liver,,,,B,Main organ of respiration.,LET Secondary,Biological Science,Biological Science,3,No,,0.98,Ready for Upload,Path and PDF header indicate BSED/Secondary Biological Science major. Correct answer sourced from source PDF answer key.
173,23,3,BSED Biological Science P4.pdf,/Users/lyndon/All reviewers/Sept2026_LET Reviewer Files/L. BSED - Biological Science-/BSED Biological Science P4.pdf,What is the function of the cerebrum?,,,Breathing,,Coordination,,Thinking and reasoning,,Digestion,,,,C,Cerebrum’s main function.,LET Secondary,Biological Science,Biological Science,3,No,,0.98,Ready for Upload,Path and PDF header indicate BSED/Secondary Biological Science major. Correct answer sourced from source PDF answer key.
174,24,3,BSED Biological Science P4.pdf,/Users/lyndon/All reviewers/Sept2026_LET Reviewer Files/L. BSED - Biological Science-/BSED Biological Science P4.pdf,Which part of the heart pumps oxygenated blood to the body?,,,Right atrium,,Left ventricle,,Right ventricle,,Left atrium,,,,B,Pumps oxygenated blood to the body.,LET Secondary,Biological Science,Anatomy and Physiology,3,No,,0.98,Ready for Upload,Path and PDF header indicate BSED/Secondary Biological Science major. Correct answer sourced from source PDF answer key.
175,25,3,BSED Biological Science P4.pdf,/Users/lyndon/All reviewers/Sept2026_LET Reviewer Files/L. BSED - Biological Science-/BSED Biological Science P4.pdf,The part of the eye that controls the amount of light entering is the:,,,Lens,,Pupil,,Iris,,Retina,,,,C,Controls pupil size and light entry.,LET Secondary,Biological Science,Biological Science,3,No,,0.98,Ready for Upload,Path and PDF header indicate BSED/Secondary Biological Science major. Correct answer sourced from source PDF answer key.
176,26,3,BSED Biological Science P4.pdf,/Users/lyndon/All reviewers/Sept2026_LET Reviewer Files/L. BSED - Biological Science-/BSED Biological Science P4.pdf,Vaccines help protect the body by:,,,Killing pathogens directly,,Stimulating antibody production,,Blocking nerve signals,,Reducing body temperature,,,,B,How vaccines work.,LET Secondary,Biological Science,Microbiology and Immunology,3,No,,0.98,Ready for Upload,Path and PDF header indicate BSED/Secondary Biological Science major. Correct answer sourced from source PDF answer key.
177,27,3,BSED Biological Science P4.pdf,/Users/lyndon/All reviewers/Sept2026_LET Reviewer Files/L. BSED - Biological Science-/BSED Biological Science P4.pdf,Which of the following diseases is caused by bacteria?,,,Influenza,,Tuberculosis,,Malaria,,Dengue,,,,B,Caused by Mycobacterium tuberculosis.,LET Secondary,Biological Science,Microbiology and Immunology,3,No,,0.98,Ready for Upload,Path and PDF header indicate BSED/Secondary Biological Science major. Correct answer sourced from source PDF answer key.
178,28,3,BSED Biological Science P4.pdf,/Users/lyndon/All reviewers/Sept2026_LET Reviewer Files/L. BSED - Biological Science-/BSED Biological Science P4.pdf,The organism that decomposes dead matter is called a:,,,Producer,,Consumer,,Decomposer,,Predator,,,,C,Breaks down organic material.,LET Secondary,Biological Science,Biological Science,3,No,,0.98,Ready for Upload,Path and PDF header indicate BSED/Secondary Biological Science major. Correct answer sourced from source PDF answer key.
179,29,4,BSED Biological Science P4.pdf,/Users/lyndon/All reviewers/Sept2026_LET Reviewer Files/L. BSED - Biological Science-/BSED Biological Science P4.pdf,Pasteurization was developed by:,,,Robert Koch,,Louis Pasteur,,Alexander Fleming,,Edward Jenner,,,,B,Developed pasteurization.,LET Secondary,Biological Science,Microbiology and Immunology,3,No,,0.98,Ready for Upload,Path and PDF header indicate BSED/Secondary Biological Science major. Correct answer sourced from source PDF answer key.
180,30,4,BSED Biological Science P4.pdf,/Users/lyndon/All reviewers/Sept2026_LET Reviewer Files/L. BSED - Biological Science-/BSED Biological Science P4.pdf,The first antibiotic discovered was:,,,Streptomycin,,Penicillin,,Erythromycin,,Ampicillin,,,,B,First antibiotic by Alexander Fleming.,LET Secondary,Biological Science,Microbiology and Immunology,3,No,,0.98,Ready for Upload,Path and PDF header indicate BSED/Secondary Biological Science major. Correct answer sourced from source PDF answer key.
181,31,4,BSED Biological Science P4.pdf,/Users/lyndon/All reviewers/Sept2026_LET Reviewer Files/L. BSED - Biological Science-/BSED Biological Science P4.pdf,The green pigment in plants is:,,,Carotene,,Chlorophyll,,Melanin,,Anthocyanin,,,,B,Absorbs sunlight for photosynthesis.,LET Secondary,Biological Science,Botany,3,No,,0.98,Ready for Upload,Path and PDF header indicate BSED/Secondary Biological Science major. Correct answer sourced from source PDF answer key.
182,32,4,BSED Biological Science P4.pdf,/Users/lyndon/All reviewers/Sept2026_LET Reviewer Files/L. BSED - Biological Science-/BSED Biological Science P4.pdf,The process of pollen transfer from anther to stigma is called:,,,Fertilization,,Germination,,Pollination,,Transpiration,,,,C,Transfer of pollen to stigma.,LET Secondary,Biological Science,Biological Science,3,No,,0.98,Ready for Upload,Path and PDF header indicate BSED/Secondary Biological Science major. Correct answer sourced from source PDF answer key.
183,33,4,BSED Biological Science P4.pdf,/Users/lyndon/All reviewers/Sept2026_LET Reviewer Files/L. BSED - Biological Science-/BSED Biological Science P4.pdf,Which part of the plant anchors it in the soil?,,,Stem,,Root,,Leaf,,Flower,,,,B,Anchors and absorbs water.,LET Secondary,Biological Science,Botany,3,No,,0.98,Ready for Upload,Path and PDF header indicate BSED/Secondary Biological Science major. Correct answer sourced from source PDF answer key.
184,34,4,BSED Biological Science P4.pdf,/Users/lyndon/All reviewers/Sept2026_LET Reviewer Files/L. BSED - Biological Science-/BSED Biological Science P4.pdf,Which part of the flower becomes the fruit after fertilization?,,,Ovary,,Stigma,,Petal,,Filament,,,,A,Develops into fruit.,LET Secondary,Biological Science,Botany,3,No,,0.98,Ready for Upload,Path and PDF header indicate BSED/Secondary Biological Science major. Correct answer sourced from source PDF answer key.
185,35,4,BSED Biological Science P4.pdf,/Users/lyndon/All reviewers/Sept2026_LET Reviewer Files/L. BSED - Biological Science-/BSED Biological Science P4.pdf,Guard cells are responsible for:,,,Photosynthesis,,Opening and closing stomata,,Seed germination,,Growth of roots,,,,B,Function of guard cells.,LET Secondary,Biological Science,Cell Biology and Biochemistry,3,No,,0.98,Ready for Upload,Path and PDF header indicate BSED/Secondary Biological Science major. Correct answer sourced from source PDF answer key.
186,36,4,BSED Biological Science P4.pdf,/Users/lyndon/All reviewers/Sept2026_LET Reviewer Files/L. BSED - Biological Science-/BSED Biological Science P4.pdf,Which teaching method focuses on student investigation and discovery?,,,Lecture,,Demonstration,,Inquiry-based learning,,Memorization,,,,C,Focuses on student discovery.,LET Secondary,Biological Science,Biology Pedagogy and Research,3,No,,0.98,Ready for Upload,Path and PDF header indicate BSED/Secondary Biological Science major. Correct answer sourced from source PDF answer key.
187,37,4,BSED Biological Science P4.pdf,/Users/lyndon/All reviewers/Sept2026_LET Reviewer Files/L. BSED - Biological Science-/BSED Biological Science P4.pdf,The 5E model of science instruction includes:,,,"Engage, Explore, Explain, Elaborate, Evaluate",,"Examine, Experiment, Elaborate, Explain, Engage",,"Explore, Estimate, Examine, Evaluate, End",,"Explore, Exclude, Execute, Explain, Evaluate",,,,A,5E Model.,LET Secondary,Biological Science,Biology Pedagogy and Research,3,No,,0.98,Ready for Upload,Path and PDF header indicate BSED/Secondary Biological Science major. Correct answer sourced from source PDF answer key.
188,38,5,BSED Biological Science P4.pdf,/Users/lyndon/All reviewers/Sept2026_LET Reviewer Files/L. BSED - Biological Science-/BSED Biological Science P4.pdf,"In science teaching, safety goggles are used to:",,,Improve vision,,Protect eyes from chemicals,,Help read small text,,Identify students,,,,B,Safety use of goggles.,LET Secondary,Biological Science,Biology Pedagogy and Research,3,No,,0.98,Ready for Upload,Path and PDF header indicate BSED/Secondary Biological Science major. Correct answer sourced from source PDF answer key.
189,39,5,BSED Biological Science P4.pdf,/Users/lyndon/All reviewers/Sept2026_LET Reviewer Files/L. BSED - Biological Science-/BSED Biological Science P4.pdf,The purpose of a control variable in an experiment is to:,,,Test multiple hypotheses,,Maintain consistency,,Measure changes,,Produce more data,,,,B,Purpose of control variable.,LET Secondary,Biological Science,Biology Pedagogy and Research,3,No,,0.98,Ready for Upload,Path and PDF header indicate BSED/Secondary Biological Science major. Correct answer sourced from source PDF answer key.
190,40,5,BSED Biological Science P4.pdf,/Users/lyndon/All reviewers/Sept2026_LET Reviewer Files/L. BSED - Biological Science-/BSED Biological Science P4.pdf,Which of the following is a qualitative observation?,,,The liquid is blue,,It weighs 10 grams,,The length is 5 cm,,The temperature is 20°C,,,,A,"Descriptive, qualitative observation.",LET Secondary,Biological Science,Biology Pedagogy and Research,3,No,,0.98,Ready for Upload,Path and PDF header indicate BSED/Secondary Biological Science major. Correct answer sourced from source PDF answer key.
191,41,5,BSED Biological Science P4.pdf,/Users/lyndon/All reviewers/Sept2026_LET Reviewer Files/L. BSED - Biological Science-/BSED Biological Science P4.pdf,Which organelle modifies and packages proteins?,,,Ribosome,,Golgi apparatus,,Lysosome,,Chloroplast,,,,B,Packages and modifies proteins.,LET Secondary,Biological Science,Cell Biology and Biochemistry,3,No,,0.98,Ready for Upload,Path and PDF header indicate BSED/Secondary Biological Science major. Correct answer sourced from source PDF answer key.
192,42,5,BSED Biological Science P4.pdf,/Users/lyndon/All reviewers/Sept2026_LET Reviewer Files/L. BSED - Biological Science-/BSED Biological Science P4.pdf,"In photosynthesis, the light-dependent reaction occurs in the:",,,Stroma,,Thylakoid membrane,,Cytoplasm,,Mitochondria,,,,B,Site of light reaction.,LET Secondary,Biological Science,Botany,3,No,,0.98,Ready for Upload,Path and PDF header indicate BSED/Secondary Biological Science major. Correct answer sourced from source PDF answer key.
193,43,5,BSED Biological Science P4.pdf,/Users/lyndon/All reviewers/Sept2026_LET Reviewer Files/L. BSED - Biological Science-/BSED Biological Science P4.pdf,The waste product of aerobic respiration is:,,,Carbon dioxide,,Oxygen,,Hydrogen,,Glucose,,,,A,Waste of respiration.,LET Secondary,Biological Science,Anatomy and Physiology,3,No,,0.98,Ready for Upload,Path and PDF header indicate BSED/Secondary Biological Science major. Correct answer sourced from source PDF answer key.
194,44,5,BSED Biological Science P4.pdf,/Users/lyndon/All reviewers/Sept2026_LET Reviewer Files/L. BSED - Biological Science-/BSED Biological Science P4.pdf,"During transcription, mRNA is produced from:",,,tRNA,,DNA,,rRNA,,Protein,,,,B,Template for mRNA.,LET Secondary,Biological Science,Genetics and Heredity,3,No,,0.98,Ready for Upload,Path and PDF header indicate BSED/Secondary Biological Science major. Correct answer sourced from source PDF answer key.
195,45,5,BSED Biological Science P4.pdf,/Users/lyndon/All reviewers/Sept2026_LET Reviewer Files/L. BSED - Biological Science-/BSED Biological Science P4.pdf,Which molecule carries amino acids to the ribosome?,,,tRNA,,mRNA,,DNA,,Enzyme,,,,A,Carries amino acids to ribosome.,LET Secondary,Biological Science,Cell Biology and Biochemistry,3,No,,0.98,Ready for Upload,Path and PDF header indicate BSED/Secondary Biological Science major. Correct answer sourced from source PDF answer key.
196,46,5,BSED Biological Science P4.pdf,/Users/lyndon/All reviewers/Sept2026_LET Reviewer Files/L. BSED - Biological Science-/BSED Biological Science P4.pdf,Which gas contributes most to global warming?,,,Carbon dioxide,,Oxygen,,Nitrogen,,Ozone,,,,A,Main greenhouse gas.,LET Secondary,Biological Science,Biological Science,3,No,,0.98,Ready for Upload,Path and PDF header indicate BSED/Secondary Biological Science major. Correct answer sourced from source PDF answer key.
197,47,6,BSED Biological Science P4.pdf,/Users/lyndon/All reviewers/Sept2026_LET Reviewer Files/L. BSED - Biological Science-/BSED Biological Science P4.pdf,Acid rain is mainly caused by:,,,Sulfur dioxide and nitrogen oxides,,Carbon dioxide and oxygen,,Hydrogen and nitrogen,,Helium and methane,,,,A,Cause acid rain.,LET Secondary,Biological Science,Ecology and Environment,3,No,,0.98,Ready for Upload,Path and PDF header indicate BSED/Secondary Biological Science major. Correct answer sourced from source PDF answer key.
198,48,6,BSED Biological Science P4.pdf,/Users/lyndon/All reviewers/Sept2026_LET Reviewer Files/L. BSED - Biological Science-/BSED Biological Science P4.pdf,Deforestation leads to:,,,Increase in biodiversity,,Soil erosion and loss of habitat,,Cooler temperatures,,Better air quality,,,,B,Effects of deforestation.,LET Secondary,Biological Science,Ecology and Environment,3,No,,0.98,Ready for Upload,Path and PDF header indicate BSED/Secondary Biological Science major. Correct answer sourced from source PDF answer key.
199,49,6,BSED Biological Science P4.pdf,/Users/lyndon/All reviewers/Sept2026_LET Reviewer Files/L. BSED - Biological Science-/BSED Biological Science P4.pdf,The main cause of ozone layer depletion is:,,,Chlorofluorocarbons (CFCs),,Carbon monoxide,,Methane,,Sulfur dioxide,,,,A,Destroy ozone layer.,LET Secondary,Biological Science,Ecology and Environment,3,No,,0.98,Ready for Upload,Path and PDF header indicate BSED/Secondary Biological Science major. Correct answer sourced from source PDF answer key.
200,50,6,BSED Biological Science P4.pdf,/Users/lyndon/All reviewers/Sept2026_LET Reviewer Files/L. BSED - Biological Science-/BSED Biological Science P4.pdf,The conservation of natural resources means:,,,Using them wisely and sustainably,,Exploiting them for economy,,Restricting all human use,,Stopping recycling,,,,A,Core of conservation.,LET Secondary,Biological Science,Biological Science,3,No,,0.98,Ready for Upload,Path and PDF header indicate BSED/Secondary Biological Science major. Correct answer sourced from source PDF answer key.
201,1,1,BSED Biological Science P5.pdf,/Users/lyndon/All reviewers/Sept2026_LET Reviewer Files/L. BSED - Biological Science-/BSED Biological Science P5.pdf,What is a distinguishing characteristic of Homo sapiens over the lower mammals?,,,Blood vessels,,Sensitive skin,,Large brain,,Endoskeleton,,,,C,Answer key: C,LET Secondary,Biological Science,Zoology,3,No,,0.98,Ready for Upload,Path and PDF header indicate BSED/Secondary Biological Science major. Correct answer sourced from source PDF answer key.
202,2,1,BSED Biological Science P5.pdf,/Users/lyndon/All reviewers/Sept2026_LET Reviewer Files/L. BSED - Biological Science-/BSED Biological Science P5.pdf,What kind of adaptation enables the walking stick to elude its enemies?,,,Aggressive mimicry,,Aggressive adaptation,,Protective mimicry,,Protective coloration,,,,D,Answer key: D,LET Secondary,Biological Science,Biological Science,3,No,,0.98,Ready for Upload,Path and PDF header indicate BSED/Secondary Biological Science major. Correct answer sourced from source PDF answer key.
203,3,1,BSED Biological Science P5.pdf,/Users/lyndon/All reviewers/Sept2026_LET Reviewer Files/L. BSED - Biological Science-/BSED Biological Science P5.pdf,Which stages of incomplete metamorphosis is undergone by grasshopper?,,,"Nymph, pupa, adult",,"Egg, larva, pupa, adult",,"Egg, nymph, adult",,"Egg, pupa, adult",,,,C,Answer key: C,LET Secondary,Biological Science,Zoology,3,No,,0.98,Ready for Upload,Path and PDF header indicate BSED/Secondary Biological Science major. Correct answer sourced from source PDF answer key.
204,4,1,BSED Biological Science P5.pdf,/Users/lyndon/All reviewers/Sept2026_LET Reviewer Files/L. BSED - Biological Science-/BSED Biological Science P5.pdf,Which are the hosts of Ascaris lumbricoides and Ascaris suum?,,,Cow and man,,Man and dog,,Cow and pig,,Man and pig,,,,D,Answer key: D,LET Secondary,Biological Science,Zoology,3,No,,0.98,Ready for Upload,Path and PDF header indicate BSED/Secondary Biological Science major. Correct answer sourced from source PDF answer key.
205,5,1,BSED Biological Science P5.pdf,/Users/lyndon/All reviewers/Sept2026_LET Reviewer Files/L. BSED - Biological Science-/BSED Biological Science P5.pdf,Two organisms can be identified as belonging to the same species if they can,,,eat the same kind of food,,breed in a natural setting,,tolerate one another in nature,,survive together in nature,,,,B,Answer key: B,LET Secondary,Biological Science,Evolution and Classification,3,No,,0.98,Ready for Upload,Path and PDF header indicate BSED/Secondary Biological Science major. Correct answer sourced from source PDF answer key.
206,6,1,BSED Biological Science P5.pdf,/Users/lyndon/All reviewers/Sept2026_LET Reviewer Files/L. BSED - Biological Science-/BSED Biological Science P5.pdf,Which results from drinking saltwater?,,,Poisoning of the cells,,Dehydration of the cells,,Increase in cell pressure,,Bursting of the cells,,,,B,Answer key: B,LET Secondary,Biological Science,Biological Science,3,No,,0.98,Ready for Upload,Path and PDF header indicate BSED/Secondary Biological Science major. Correct answer sourced from source PDF answer key.
207,7,1,BSED Biological Science P5.pdf,/Users/lyndon/All reviewers/Sept2026_LET Reviewer Files/L. BSED - Biological Science-/BSED Biological Science P5.pdf,What kind of tissue lines our skin and what is its important function?,,,Nerve tissue; responsible for reflexes,,Epithelial; protection from ultraviolet radiation,,Nerve tissue; receive stimuli on the skin,,Epithelial; produce new cells when peeled off,,,,D,Answer key: D,LET Secondary,Biological Science,Anatomy and Physiology,3,No,,0.98,Ready for Upload,Path and PDF header indicate BSED/Secondary Biological Science major. Correct answer sourced from source PDF answer key.
208,8,2,BSED Biological Science P5.pdf,/Users/lyndon/All reviewers/Sept2026_LET Reviewer Files/L. BSED - Biological Science-/BSED Biological Science P5.pdf,"At metaphase of the first meiotic division, the chromosomes are attached to the spindle fibers as _.",,,double chromatids,,non-homologous pairs,,single chromatid strand,,a tetrad of chromatids,,,,D,Answer key: D,LET Secondary,Biological Science,Genetics and Heredity,3,No,,0.98,Ready for Upload,Path and PDF header indicate BSED/Secondary Biological Science major. Correct answer sourced from source PDF answer key.
209,9,2,BSED Biological Science P5.pdf,/Users/lyndon/All reviewers/Sept2026_LET Reviewer Files/L. BSED - Biological Science-/BSED Biological Science P5.pdf,Which type of cell would probably provide the best opportunity to study lysosomes?,,,Leaf,,Nerve,,Muscle,,White blood,,,,D,Answer key: D,LET Secondary,Biological Science,Cell Biology and Biochemistry,3,No,,0.98,Ready for Upload,Path and PDF header indicate BSED/Secondary Biological Science major. Correct answer sourced from source PDF answer key.
210,10,2,BSED Biological Science P5.pdf,/Users/lyndon/All reviewers/Sept2026_LET Reviewer Files/L. BSED - Biological Science-/BSED Biological Science P5.pdf,Which best describes meiosis as another form of cell division with accompanying nuclear changes?,,,The nuclear changes follow one another indefinitely.,,Each new cell has double the amount from both parents.,,The nucleoli break up into two parts and disappear.,,Each new cell has half the number of chromosomes.,,,,D,Answer key: D,LET Secondary,Biological Science,Genetics and Heredity,3,No,,0.98,Ready for Upload,Path and PDF header indicate BSED/Secondary Biological Science major. Correct answer sourced from source PDF answer key.
211,11,2,BSED Biological Science P5.pdf,/Users/lyndon/All reviewers/Sept2026_LET Reviewer Files/L. BSED - Biological Science-/BSED Biological Science P5.pdf,How are mitochondria and chloroplasts similar to bacteria? They,,,are larger than normal cells.,,are bounded by a single membrane.,,lack ribosomes.,,have a limited amount of genetic material.,,,,D,Answer key: D,LET Secondary,Biological Science,Cell Biology and Biochemistry,3,No,,0.98,Ready for Upload,Path and PDF header indicate BSED/Secondary Biological Science major. Correct answer sourced from source PDF answer key.
212,12,2,BSED Biological Science P5.pdf,/Users/lyndon/All reviewers/Sept2026_LET Reviewer Files/L. BSED - Biological Science-/BSED Biological Science P5.pdf,Which is the energy storage compound used to do all forms of work of the cell?,,,Electron,,Adenine,,Nicotinamide,,Adenosine triphosphate,,,,D,Answer key: D,LET Secondary,Biological Science,Cell Biology and Biochemistry,3,No,,0.98,Ready for Upload,Path and PDF header indicate BSED/Secondary Biological Science major. Correct answer sourced from source PDF answer key.
213,13,2,BSED Biological Science P5.pdf,/Users/lyndon/All reviewers/Sept2026_LET Reviewer Files/L. BSED - Biological Science-/BSED Biological Science P5.pdf,Meiosis reduces genetic make-up by half. What process brings it back to diploid state?,,,Menstruation,,Fertilization,,Ejaculation,,Mitosis,,,,B,Answer key: B,LET Secondary,Biological Science,Genetics and Heredity,3,No,,0.98,Ready for Upload,Path and PDF header indicate BSED/Secondary Biological Science major. Correct answer sourced from source PDF answer key.
214,14,3,BSED Biological Science P5.pdf,/Users/lyndon/All reviewers/Sept2026_LET Reviewer Files/L. BSED - Biological Science-/BSED Biological Science P5.pdf,The bipolar nature of the cell membrane is due to .,,,presence of carriers,,presence of glycolipids,,phospholipid bilayer,,integral protein,,,,C,Answer key: C,LET Secondary,Biological Science,Cell Biology and Biochemistry,3,No,77,0.90,Duplicate,Path and PDF header indicate BSED/Secondary Biological Science major. Correct answer sourced from source PDF answer key. Duplicate or near-duplicate of row 77.
215,15,3,BSED Biological Science P5.pdf,/Users/lyndon/All reviewers/Sept2026_LET Reviewer Files/L. BSED - Biological Science-/BSED Biological Science P5.pdf,"When a red blood cell is placed in distilled water, it .",,,plasmolyses,,remains the same,,shrinks,,swells,,,,D,Answer key: D,LET Secondary,Biological Science,Cell Biology and Biochemistry,3,No,,0.98,Ready for Upload,Path and PDF header indicate BSED/Secondary Biological Science major. Correct answer sourced from source PDF answer key.
216,16,3,BSED Biological Science P5.pdf,/Users/lyndon/All reviewers/Sept2026_LET Reviewer Files/L. BSED - Biological Science-/BSED Biological Science P5.pdf,The “eyes” of potato are actually .,,,internodes,,nodes,,leaf scars and buds,,stems,,,,C,Answer key: C,LET Secondary,Biological Science,Biological Science,3,No,,0.98,Ready for Upload,Path and PDF header indicate BSED/Secondary Biological Science major. Correct answer sourced from source PDF answer key.
217,17,3,BSED Biological Science P5.pdf,/Users/lyndon/All reviewers/Sept2026_LET Reviewer Files/L. BSED - Biological Science-/BSED Biological Science P5.pdf,Which of these is NOT a fruit?,,,Cucumber,,Ampalaya,,Squash,,Carrot,,,,D,Answer key: D,LET Secondary,Biological Science,Botany,3,No,,0.98,Ready for Upload,Path and PDF header indicate BSED/Secondary Biological Science major. Correct answer sourced from source PDF answer key.
218,18,3,BSED Biological Science P5.pdf,/Users/lyndon/All reviewers/Sept2026_LET Reviewer Files/L. BSED - Biological Science-/BSED Biological Science P5.pdf,Which plant has underground stem modified for reproduction?,,,Banana,,Bermuda,,Tubers,,Strawberry,,,,C,Answer key: C,LET Secondary,Biological Science,Botany,3,No,79,0.90,Duplicate,Path and PDF header indicate BSED/Secondary Biological Science major. Correct answer sourced from source PDF answer key. Duplicate or near-duplicate of row 79.
219,19,3,BSED Biological Science P5.pdf,/Users/lyndon/All reviewers/Sept2026_LET Reviewer Files/L. BSED - Biological Science-/BSED Biological Science P5.pdf,Which plants formed the vast coal beds during the carboniferous period?,,,Lycopods,,Conifers,,Angiosperms,,Gymnosperms,,,,A,Answer key: A,LET Secondary,Biological Science,Botany,3,No,,0.98,Ready for Upload,Path and PDF header indicate BSED/Secondary Biological Science major. Correct answer sourced from source PDF answer key.
220,20,3,BSED Biological Science P5.pdf,/Users/lyndon/All reviewers/Sept2026_LET Reviewer Files/L. BSED - Biological Science-/BSED Biological Science P5.pdf,What kind of relationship is exhibited by an alga and a fungus in lichen?,,,Commensalism,,Parasitism,,Mutualism,,Competition,,,,C,Answer key: C,LET Secondary,Biological Science,Biological Science,3,No,,0.98,Ready for Upload,Path and PDF header indicate BSED/Secondary Biological Science major. Correct answer sourced from source PDF answer key.
221,21,4,BSED Biological Science P5.pdf,/Users/lyndon/All reviewers/Sept2026_LET Reviewer Files/L. BSED - Biological Science-/BSED Biological Science P5.pdf,Chlorophyll appears green because the green portion of light is .,,,dispersed,,absorbed,,refracted,,reflected,,,,D,Answer key: D,LET Secondary,Biological Science,Botany,3,No,,0.98,Ready for Upload,Path and PDF header indicate BSED/Secondary Biological Science major. Correct answer sourced from source PDF answer key.
222,22,4,BSED Biological Science P5.pdf,/Users/lyndon/All reviewers/Sept2026_LET Reviewer Files/L. BSED - Biological Science-/BSED Biological Science P5.pdf,The end products of dark reaction phase of photosynthesis are ADP and .,,,carbon dioxide,,sugar,,carbon,,nitrogen,,,,B,Answer key: B,LET Secondary,Biological Science,Botany,3,No,,0.98,Ready for Upload,Path and PDF header indicate BSED/Secondary Biological Science major. Correct answer sourced from source PDF answer key.
223,23,4,BSED Biological Science P5.pdf,/Users/lyndon/All reviewers/Sept2026_LET Reviewer Files/L. BSED - Biological Science-/BSED Biological Science P5.pdf,Which gas is needed by the seed during germination?,,,Nitrogen,,Carbon dioxide,,Hydrogen,,Oxygen,,,,D,Answer key: D,LET Secondary,Biological Science,Botany,3,No,,0.98,Ready for Upload,Path and PDF header indicate BSED/Secondary Biological Science major. Correct answer sourced from source PDF answer key.
224,24,4,BSED Biological Science P5.pdf,/Users/lyndon/All reviewers/Sept2026_LET Reviewer Files/L. BSED - Biological Science-/BSED Biological Science P5.pdf,Which is the universal energy source of the cell of all living things?,,,Carbon,,ATP,,H2O,,PGAL,,,,B,Answer key: B,LET Secondary,Biological Science,Cell Biology and Biochemistry,3,No,,0.98,Ready for Upload,Path and PDF header indicate BSED/Secondary Biological Science major. Correct answer sourced from source PDF answer key.
225,25,4,BSED Biological Science P5.pdf,/Users/lyndon/All reviewers/Sept2026_LET Reviewer Files/L. BSED - Biological Science-/BSED Biological Science P5.pdf,"When the staminate flower is found in one plant and the pistillate flower on another, the plants is described as .",,,complete,,monoecious,,robust,,dioecious,,,,B,Answer key: B,LET Secondary,Biological Science,Botany,3,No,,0.98,Ready for Upload,Path and PDF header indicate BSED/Secondary Biological Science major. Correct answer sourced from source PDF answer key.
226,26,4,BSED Biological Science P5.pdf,/Users/lyndon/All reviewers/Sept2026_LET Reviewer Files/L. BSED - Biological Science-/BSED Biological Science P5.pdf,Which pigment is dominant in red algae?,,,Phycocyanin,,Fucoxanthin,,Chlorophyll,,Phycoerythrin,,,,D,Answer key: D,LET Secondary,Biological Science,Biological Science,3,No,85,0.90,Duplicate,Path and PDF header indicate BSED/Secondary Biological Science major. Correct answer sourced from source PDF answer key. Duplicate or near-duplicate of row 85.
227,27,4,BSED Biological Science P5.pdf,/Users/lyndon/All reviewers/Sept2026_LET Reviewer Files/L. BSED - Biological Science-/BSED Biological Science P5.pdf,Which process during photosynthesis involves the addition of hydrogen?,,,Oxidation,,Hydration,,Carbonation,,Reduction,,,,D,Answer key: D,LET Secondary,Biological Science,Botany,3,No,,0.98,Ready for Upload,Path and PDF header indicate BSED/Secondary Biological Science major. Correct answer sourced from source PDF answer key.
228,28,5,BSED Biological Science P5.pdf,/Users/lyndon/All reviewers/Sept2026_LET Reviewer Files/L. BSED - Biological Science-/BSED Biological Science P5.pdf,The dark reaction phase of photosynthesis consists of a series of chemical reactions which end up with the formation of a 3-carbon sugar called,,,ADP,,NADPH,,ATP,,PGAL,,,,D,Answer key: D,LET Secondary,Biological Science,Botany,3,No,,0.98,Ready for Upload,Path and PDF header indicate BSED/Secondary Biological Science major. Correct answer sourced from source PDF answer key.
229,29,5,BSED Biological Science P5.pdf,/Users/lyndon/All reviewers/Sept2026_LET Reviewer Files/L. BSED - Biological Science-/BSED Biological Science P5.pdf,Which cell structure regulates the opening and closing of the stomata?,,,Phloem,,Xylem,,Companion,,d. Guard,,,,D,Answer key: D,LET Secondary,Biological Science,Cell Biology and Biochemistry,3,No,,0.98,Ready for Upload,Path and PDF header indicate BSED/Secondary Biological Science major. Correct answer sourced from source PDF answer key.
230,30,5,BSED Biological Science P5.pdf,/Users/lyndon/All reviewers/Sept2026_LET Reviewer Files/L. BSED - Biological Science-/BSED Biological Science P5.pdf,Spraying some plants with combination of auxins and gibberellins will .,,,promote ripening of fruits,,result to seed dormancy,,allow division of cells,,enlarge fruit growth,,,,D,Answer key: D,LET Secondary,Biological Science,Botany,3,No,,0.98,Ready for Upload,Path and PDF header indicate BSED/Secondary Biological Science major. Correct answer sourced from source PDF answer key.
231,31,5,BSED Biological Science P5.pdf,/Users/lyndon/All reviewers/Sept2026_LET Reviewer Files/L. BSED - Biological Science-/BSED Biological Science P5.pdf,All flowering plants belong to _.,,,conifers,,angiospermae,,filicinae,,gymnospermae,,,,B,Answer key: B,LET Secondary,Biological Science,Botany,3,No,,0.98,Ready for Upload,Path and PDF header indicate BSED/Secondary Biological Science major. Correct answer sourced from source PDF answer key.
232,32,5,BSED Biological Science P5.pdf,/Users/lyndon/All reviewers/Sept2026_LET Reviewer Files/L. BSED - Biological Science-/BSED Biological Science P5.pdf,Fruit growers often propagate their plants by a sexual means because the resulting off spring will .,,,be an improved variety than the parent,,show little variation from the parent,,bear larger fruit than the parent,,show no environmental variation,,,,A,Answer key: A,LET Secondary,Biological Science,Botany,3,No,,0.98,Ready for Upload,Path and PDF header indicate BSED/Secondary Biological Science major. Correct answer sourced from source PDF answer key.
233,33,5,BSED Biological Science P5.pdf,/Users/lyndon/All reviewers/Sept2026_LET Reviewer Files/L. BSED - Biological Science-/BSED Biological Science P5.pdf,Which of the following is incorrectly paired?,,,Cnidaria- corals,,Porifera- sponge,,Annelida- earthworm,,Platyhelminthes-Ascaris,,,,D,Answer key: D,LET Secondary,Biological Science,Biological Science,3,No,,0.98,Ready for Upload,Path and PDF header indicate BSED/Secondary Biological Science major. Correct answer sourced from source PDF answer key.
234,34,5,BSED Biological Science P5.pdf,/Users/lyndon/All reviewers/Sept2026_LET Reviewer Files/L. BSED - Biological Science-/BSED Biological Science P5.pdf,What process is cause for the upward movement of water in very tall trees?,,,Transpiration,,Osmosis,,Turgor pressure,,Air pressure,,,,A,Answer key: A,LET Secondary,Biological Science,Biological Science,3,No,,0.98,Ready for Upload,Path and PDF header indicate BSED/Secondary Biological Science major. Correct answer sourced from source PDF answer key.
235,35,6,BSED Biological Science P5.pdf,/Users/lyndon/All reviewers/Sept2026_LET Reviewer Files/L. BSED - Biological Science-/BSED Biological Science P5.pdf,Which popular plant is described as carnivorous?,,,Water hyacinth,,Cactus,,Pitcher plant,,Kataka-taka,,,,C,Answer key: C,LET Secondary,Biological Science,Botany,3,No,,0.98,Ready for Upload,Path and PDF header indicate BSED/Secondary Biological Science major. Correct answer sourced from source PDF answer key.
236,36,6,BSED Biological Science P5.pdf,/Users/lyndon/All reviewers/Sept2026_LET Reviewer Files/L. BSED - Biological Science-/BSED Biological Science P5.pdf,What is the purpose of RA 8749?,,,Prevent rather than control air pollution,,Formulate air pollution management,,Utilize sustainable development,,All of the above,,,,D,Answer key: D,LET Secondary,Biological Science,Biological Science,3,No,,0.98,Ready for Upload,Path and PDF header indicate BSED/Secondary Biological Science major. Correct answer sourced from source PDF answer key.
237,37,6,BSED Biological Science P5.pdf,/Users/lyndon/All reviewers/Sept2026_LET Reviewer Files/L. BSED - Biological Science-/BSED Biological Science P5.pdf,What do you call the male gametophyte of an angiosperm?,,,Pollen,,Ovule,,Seed,,Petal,,,,A,Answer key: A,LET Secondary,Biological Science,Biological Science,3,No,,0.98,Ready for Upload,Path and PDF header indicate BSED/Secondary Biological Science major. Correct answer sourced from source PDF answer key.
238,38,6,BSED Biological Science P5.pdf,/Users/lyndon/All reviewers/Sept2026_LET Reviewer Files/L. BSED - Biological Science-/BSED Biological Science P5.pdf,Which root system is the best adapted for anchorage?,,,Secondary,,Tertiary,,Taproot,,Fibrous,,,,C,Answer key: C,LET Secondary,Biological Science,Botany,3,No,,0.98,Ready for Upload,Path and PDF header indicate BSED/Secondary Biological Science major. Correct answer sourced from source PDF answer key.
239,39,6,BSED Biological Science P5.pdf,/Users/lyndon/All reviewers/Sept2026_LET Reviewer Files/L. BSED - Biological Science-/BSED Biological Science P5.pdf,Egg-laying mammals are called .,,,viviparous,,primates,,oviparous,,marsupials,,,,C,Answer key: C,LET Secondary,Biological Science,Zoology,3,No,,0.98,Ready for Upload,Path and PDF header indicate BSED/Secondary Biological Science major. Correct answer sourced from source PDF answer key.
240,40,6,BSED Biological Science P5.pdf,/Users/lyndon/All reviewers/Sept2026_LET Reviewer Files/L. BSED - Biological Science-/BSED Biological Science P5.pdf,To what order do pouch bearing mammals?,,,Marsupials,,Craniata,,Monotremata,,Placental mammals,,,,A,Answer key: A,LET Secondary,Biological Science,Zoology,3,No,,0.98,Ready for Upload,Path and PDF header indicate BSED/Secondary Biological Science major. Correct answer sourced from source PDF answer key.
241,41,6,BSED Biological Science P5.pdf,/Users/lyndon/All reviewers/Sept2026_LET Reviewer Files/L. BSED - Biological Science-/BSED Biological Science P5.pdf,Large colonies belonging to class Anthozoa secrete hard skeletons of lime which later form reefs.,,,Sea anemone,,Obelia,,Coral,,Jellyfish,,,,C,Answer key: C,LET Secondary,Biological Science,Biological Science,3,No,,0.98,Ready for Upload,Path and PDF header indicate BSED/Secondary Biological Science major. Correct answer sourced from source PDF answer key.
242,42,7,BSED Biological Science P5.pdf,/Users/lyndon/All reviewers/Sept2026_LET Reviewer Files/L. BSED - Biological Science-/BSED Biological Science P5.pdf,When body parts are paired on either side of the body; this type of symmetry is called .,,,Dorso-ventral,,Bilateral,,Radial,,Dorsal,,,,B,Answer key: B,LET Secondary,Biological Science,Biological Science,3,No,,0.98,Ready for Upload,Path and PDF header indicate BSED/Secondary Biological Science major. Correct answer sourced from source PDF answer key.
243,43,7,BSED Biological Science P5.pdf,/Users/lyndon/All reviewers/Sept2026_LET Reviewer Files/L. BSED - Biological Science-/BSED Biological Science P5.pdf,What substance do leeches secrete which keeps the blood they feed on liquid state?,,,Hemoglobin,,Ecdysone,,Anticoagulin,,Fibrinogen,,,,C,Answer key: C,LET Secondary,Biological Science,Anatomy and Physiology,3,No,,0.98,Ready for Upload,Path and PDF header indicate BSED/Secondary Biological Science major. Correct answer sourced from source PDF answer key.
244,44,7,BSED Biological Science P5.pdf,/Users/lyndon/All reviewers/Sept2026_LET Reviewer Files/L. BSED - Biological Science-/BSED Biological Science P5.pdf,One who specializes in all kinds of fishes and their characteristics has expertise on,,,Taxonomy,,histology,,entomology,,ichthyology,,,,D,Answer key: D,LET Secondary,Biological Science,Zoology,3,No,,0.98,Ready for Upload,Path and PDF header indicate BSED/Secondary Biological Science major. Correct answer sourced from source PDF answer key.
245,45,7,BSED Biological Science P5.pdf,/Users/lyndon/All reviewers/Sept2026_LET Reviewer Files/L. BSED - Biological Science-/BSED Biological Science P5.pdf,"In protozoans, digestion occurs in the .",,,stomach,,contractile vacuole,,ribosome,,food vacuole,,,,D,Answer key: D,LET Secondary,Biological Science,Anatomy and Physiology,3,No,,0.98,Ready for Upload,Path and PDF header indicate BSED/Secondary Biological Science major. Correct answer sourced from source PDF answer key.
246,46,7,BSED Biological Science P5.pdf,/Users/lyndon/All reviewers/Sept2026_LET Reviewer Files/L. BSED - Biological Science-/BSED Biological Science P5.pdf,Which of the following is a part of the process of chemiosmosis?,,,Protons move along the electron transport chain.,,Water molecules are split.,,Hydrogen ions pass through membranes.,,Light is absorbed by chlorophyll.,,,,C,Answer key: C,LET Secondary,Biological Science,Biological Science,3,No,,0.98,Ready for Upload,Path and PDF header indicate BSED/Secondary Biological Science major. Correct answer sourced from source PDF answer key.
247,47,7,BSED Biological Science P5.pdf,/Users/lyndon/All reviewers/Sept2026_LET Reviewer Files/L. BSED - Biological Science-/BSED Biological Science P5.pdf,"During mitosis, a double-stranded chromosome is attached to a spindle fiber at the.",,,cell plate,,centromere,,centrosome,,centriole,,,,B,Answer key: B,LET Secondary,Biological Science,Genetics and Heredity,3,No,,0.98,Ready for Upload,Path and PDF header indicate BSED/Secondary Biological Science major. Correct answer sourced from source PDF answer key.
248,48,7,BSED Biological Science P5.pdf,/Users/lyndon/All reviewers/Sept2026_LET Reviewer Files/L. BSED - Biological Science-/BSED Biological Science P5.pdf,Which is an effect of drugs on cells?,,,Produce toxic substance,,Discontinuous cell activity,,Cause damage to their structure,,Poison the cell liquid,,,,C,Answer key: C,LET Secondary,Biological Science,Cell Biology and Biochemistry,3,No,,0.98,Ready for Upload,Path and PDF header indicate BSED/Secondary Biological Science major. Correct answer sourced from source PDF answer key.
249,49,8,BSED Biological Science P5.pdf,/Users/lyndon/All reviewers/Sept2026_LET Reviewer Files/L. BSED - Biological Science-/BSED Biological Science P5.pdf,The cell wall of plant is made of .,,,Lipids,,Cellulose,,Protein,,Cell membrane,,,,B,Answer key: B,LET Secondary,Biological Science,Cell Biology and Biochemistry,3,No,73,0.90,Duplicate,Path and PDF header indicate BSED/Secondary Biological Science major. Correct answer sourced from source PDF answer key. Duplicate or near-duplicate of row 73.
250,50,8,BSED Biological Science P5.pdf,/Users/lyndon/All reviewers/Sept2026_LET Reviewer Files/L. BSED - Biological Science-/BSED Biological Science P5.pdf,Which is the storage cell of plants?,,,Microtubule,,Collenchyma,,Meristem,,Parenchyma,,,,D,Answer key: D,LET Secondary,Biological Science,Cell Biology and Biochemistry,3,No,,0.98,Ready for Upload,Path and PDF header indicate BSED/Secondary Biological Science major. Correct answer sourced from source PDF answer key.
251,1,1,BSED Biological Science P6.pdf,/Users/lyndon/All reviewers/Sept2026_LET Reviewer Files/L. BSED - Biological Science-/BSED Biological Science P6.pdf,"Which part of the brain is responsible for intelligence, memory and learned behavior?",,,Cerebellum,,Cerebrum,,Thalamus,,Medulla,,,,B,Answer key: B,LET Secondary,Biological Science,Anatomy and Physiology,3,No,106,0.90,Duplicate,Path and PDF header indicate BSED/Secondary Biological Science major. Correct answer sourced from source PDF answer key. Duplicate or near-duplicate of row 106.
252,2,1,BSED Biological Science P6.pdf,/Users/lyndon/All reviewers/Sept2026_LET Reviewer Files/L. BSED - Biological Science-/BSED Biological Science P6.pdf,What is the major problem involved in organ transplants?,,,Phagocytes,,Sex of donor,,Race of recipient,,Antigen-antibody reaction,,,,D,Answer key: D,LET Secondary,Biological Science,Botany,3,No,,0.98,Ready for Upload,Path and PDF header indicate BSED/Secondary Biological Science major. Correct answer sourced from source PDF answer key.
253,3,1,BSED Biological Science P6.pdf,/Users/lyndon/All reviewers/Sept2026_LET Reviewer Files/L. BSED - Biological Science-/BSED Biological Science P6.pdf,What special equipment is placed inside the heart to generate electrical impulse?,,,Endoscope,,Pacemaker,,Heart pump,,Artificial valve,,,,B,Answer key: B,LET Secondary,Biological Science,Genetics and Heredity,3,No,,0.98,Ready for Upload,Path and PDF header indicate BSED/Secondary Biological Science major. Correct answer sourced from source PDF answer key.
254,4,1,BSED Biological Science P6.pdf,/Users/lyndon/All reviewers/Sept2026_LET Reviewer Files/L. BSED - Biological Science-/BSED Biological Science P6.pdf,The modern horse has fewer toes than its ancestors’. Such change is governed by a use and disuse.,,,,,natural selection,,reduction division,,chromosomal deletions,,,,B,Answer key: B,LET Secondary,Biological Science,Biological Science,3,No,,0.98,Incomplete,Path and PDF header indicate BSED/Secondary Biological Science major. Correct answer sourced from source PDF answer key.
255,5,1,BSED Biological Science P6.pdf,/Users/lyndon/All reviewers/Sept2026_LET Reviewer Files/L. BSED - Biological Science-/BSED Biological Science P6.pdf,Which theory on how life began do chemists and geologists agree on today?,,,Spontaneous generation,,Special creation,,Cosmozoic,,Naturalistic,,,,A,Answer key: A,LET Secondary,Biological Science,Biological Science,3,No,,0.98,Ready for Upload,Path and PDF header indicate BSED/Secondary Biological Science major. Correct answer sourced from source PDF answer key.
256,6,1,BSED Biological Science P6.pdf,/Users/lyndon/All reviewers/Sept2026_LET Reviewer Files/L. BSED - Biological Science-/BSED Biological Science P6.pdf,What causes our bones to turn brittle?,,,Turning into muscle tissue,,Increase in flexibility,,Turbidity decreased,,Removal of collagen,,,,D,Answer key: D,LET Secondary,Biological Science,Anatomy and Physiology,3,No,,0.98,Ready for Upload,Path and PDF header indicate BSED/Secondary Biological Science major. Correct answer sourced from source PDF answer key.
257,7,1,BSED Biological Science P6.pdf,/Users/lyndon/All reviewers/Sept2026_LET Reviewer Files/L. BSED - Biological Science-/BSED Biological Science P6.pdf,Which part of the neuron conducts impulse from other neurons toward the cell body?,,,Axon,,Ganglia,,Synapse,,Dendrite,,,,D,Answer key: D,LET Secondary,Biological Science,Cell Biology and Biochemistry,3,No,,0.98,Ready for Upload,Path and PDF header indicate BSED/Secondary Biological Science major. Correct answer sourced from source PDF answer key.
258,8,2,BSED Biological Science P6.pdf,/Users/lyndon/All reviewers/Sept2026_LET Reviewer Files/L. BSED - Biological Science-/BSED Biological Science P6.pdf,The tendency to react automatically to an external stimulus is called a/an _.,,,Habituation,,Aggression,,Imprinting,,Reflex,,,,D,Answer key: D,LET Secondary,Biological Science,Genetics and Heredity,3,No,,0.98,Ready for Upload,Path and PDF header indicate BSED/Secondary Biological Science major. Correct answer sourced from source PDF answer key.
259,9,2,BSED Biological Science P6.pdf,/Users/lyndon/All reviewers/Sept2026_LET Reviewer Files/L. BSED - Biological Science-/BSED Biological Science P6.pdf,Which hormone promotes the development of secondary female sexual characteristics such as broad pelvis and enlarged breasts?,,,Testosterone,,Estrogen,,Melatonin,,Growth,,,,B,Answer key: B,LET Secondary,Biological Science,Anatomy and Physiology,3,No,,0.98,Ready for Upload,Path and PDF header indicate BSED/Secondary Biological Science major. Correct answer sourced from source PDF answer key.
260,10,2,BSED Biological Science P6.pdf,/Users/lyndon/All reviewers/Sept2026_LET Reviewer Files/L. BSED - Biological Science-/BSED Biological Science P6.pdf,Which part of the ear is dangerously affected when sound is of hundred decibels?,,,Pinna,,Eustachian tube,,Semi-circular canal,,Tympanic membrane,,,,D,Answer key: D,LET Secondary,Biological Science,Biological Science,3,No,,0.98,Ready for Upload,Path and PDF header indicate BSED/Secondary Biological Science major. Correct answer sourced from source PDF answer key.
261,11,2,BSED Biological Science P6.pdf,/Users/lyndon/All reviewers/Sept2026_LET Reviewer Files/L. BSED - Biological Science-/BSED Biological Science P6.pdf,What organs cause high concentration of calcium in the blood?,,,Liver and Pancreas,,Pituitary and Testis,,Thyroid and Parathyroid,,Pineal body and Thymus,,,,C,Answer key: C,LET Secondary,Biological Science,Anatomy and Physiology,3,No,,0.98,Ready for Upload,Path and PDF header indicate BSED/Secondary Biological Science major. Correct answer sourced from source PDF answer key.
262,12,2,BSED Biological Science P6.pdf,/Users/lyndon/All reviewers/Sept2026_LET Reviewer Files/L. BSED - Biological Science-/BSED Biological Science P6.pdf,People who live in high altitude have blood that is described to have blood cells.,,,High number of white,,Low number of red,,Same number of red,,High number of red,,,,D,Answer key: D,LET Secondary,Biological Science,Cell Biology and Biochemistry,3,No,,0.98,Ready for Upload,Path and PDF header indicate BSED/Secondary Biological Science major. Correct answer sourced from source PDF answer key.
263,13,2,BSED Biological Science P6.pdf,/Users/lyndon/All reviewers/Sept2026_LET Reviewer Files/L. BSED - Biological Science-/BSED Biological Science P6.pdf,Creativity is a desirable trait that should be developed among our students. Describe a creative person.,,,Creates beautiful set-ups.,,Imitates scientists at work,,Originates own procedures.,,Announces same solutions.,,,,C,Answer key: C,LET Secondary,Biological Science,Biological Science,3,No,,0.98,Ready for Upload,Path and PDF header indicate BSED/Secondary Biological Science major. Correct answer sourced from source PDF answer key.
264,14,2,BSED Biological Science P6.pdf,/Users/lyndon/All reviewers/Sept2026_LET Reviewer Files/L. BSED - Biological Science-/BSED Biological Science P6.pdf,If the flow of blood in a vessel is toward the heart then the vessel is identified as a .,,,Ventricle,,Artery,,Vein,,Atrium,,,,C,Answer key: C,LET Secondary,Biological Science,Anatomy and Physiology,3,No,,0.98,Ready for Upload,Path and PDF header indicate BSED/Secondary Biological Science major. Correct answer sourced from source PDF answer key.
265,15,3,BSED Biological Science P6.pdf,/Users/lyndon/All reviewers/Sept2026_LET Reviewer Files/L. BSED - Biological Science-/BSED Biological Science P6.pdf,The funnel shaped opening through which the egg cell is released to is the,,,Umbilical cord,,Uterus,,Fallopian tube,,Proximal tubules,,,,C,Answer key: C,LET Secondary,Biological Science,Cell Biology and Biochemistry,3,No,,0.98,Ready for Upload,Path and PDF header indicate BSED/Secondary Biological Science major. Correct answer sourced from source PDF answer key.
266,16,3,BSED Biological Science P6.pdf,/Users/lyndon/All reviewers/Sept2026_LET Reviewer Files/L. BSED - Biological Science-/BSED Biological Science P6.pdf,Which one is insufficient in cretinism?,,,Insulin,,Adrenalin,,Parathormone,,Thyroxin,,,,D,Answer key: D,LET Secondary,Biological Science,Biological Science,3,No,,0.98,Ready for Upload,Path and PDF header indicate BSED/Secondary Biological Science major. Correct answer sourced from source PDF answer key.
267,17,3,BSED Biological Science P6.pdf,/Users/lyndon/All reviewers/Sept2026_LET Reviewer Files/L. BSED - Biological Science-/BSED Biological Science P6.pdf,"When there is no food available for days, what could serve as the fuel source of the cells in your body?",,,Fats in adipose tissue,,Albumin in the blood,,Cholesterol in blood vessels,,Bone marrow inside the bone,,,,A,Answer key: A,LET Secondary,Biological Science,Cell Biology and Biochemistry,3,No,,0.98,Ready for Upload,Path and PDF header indicate BSED/Secondary Biological Science major. Correct answer sourced from source PDF answer key.
268,18,3,BSED Biological Science P6.pdf,/Users/lyndon/All reviewers/Sept2026_LET Reviewer Files/L. BSED - Biological Science-/BSED Biological Science P6.pdf,What instrument has a flexible scope that is used to examine the esophagus and stomach?,,,ultrasound,,laser,,endoscope,,scanner,,,,C,Answer key: C,LET Secondary,Biological Science,Biological Science,3,No,,0.98,Ready for Upload,Path and PDF header indicate BSED/Secondary Biological Science major. Correct answer sourced from source PDF answer key.
269,19,3,BSED Biological Science P6.pdf,/Users/lyndon/All reviewers/Sept2026_LET Reviewer Files/L. BSED - Biological Science-/BSED Biological Science P6.pdf,Where does exchange of materials between the blood and other body tissues take place?,,,Platelets,,Veins,,Arteries,,Capillaries,,,,D,Answer key: D,LET Secondary,Biological Science,Anatomy and Physiology,3,No,,0.98,Ready for Upload,Path and PDF header indicate BSED/Secondary Biological Science major. Correct answer sourced from source PDF answer key.
270,20,3,BSED Biological Science P6.pdf,/Users/lyndon/All reviewers/Sept2026_LET Reviewer Files/L. BSED - Biological Science-/BSED Biological Science P6.pdf,What explains why our lips are “redder” than out palm?,,,Many blood vessels are located around the lips,,Lips epidermis is thinner,,Lips are heavily keratinized,,There is increased blood flow in the lips,,,,B,Answer key: B,LET Secondary,Biological Science,Biological Science,3,No,,0.98,Ready for Upload,Path and PDF header indicate BSED/Secondary Biological Science major. Correct answer sourced from source PDF answer key.
271,21,3,BSED Biological Science P6.pdf,/Users/lyndon/All reviewers/Sept2026_LET Reviewer Files/L. BSED - Biological Science-/BSED Biological Science P6.pdf,"Which part of breathing occurs when the diaphragm muscles are pulled downwards, thus increasing the chest cavity?",,,Expiration,,Release of energy,,Release of gases,,Inspiration,,,,D,Answer key: D,LET Secondary,Biological Science,Anatomy and Physiology,3,No,,0.98,Ready for Upload,Path and PDF header indicate BSED/Secondary Biological Science major. Correct answer sourced from source PDF answer key.
272,22,4,BSED Biological Science P6.pdf,/Users/lyndon/All reviewers/Sept2026_LET Reviewer Files/L. BSED - Biological Science-/BSED Biological Science P6.pdf,"In an experiment, which is the condition being introduced and whose effect is being observed?",,,Conclusion formulated,,Constant variable,,Manipulated variable,,Tentative variable,,,,C,Answer key: C,LET Secondary,Biological Science,Biology Pedagogy and Research,3,No,,0.98,Ready for Upload,Path and PDF header indicate BSED/Secondary Biological Science major. Correct answer sourced from source PDF answer key.
273,23,4,BSED Biological Science P6.pdf,/Users/lyndon/All reviewers/Sept2026_LET Reviewer Files/L. BSED - Biological Science-/BSED Biological Science P6.pdf,Which of the following pancreatic fluids is responsible for the breakdown of fat?,,,Chymotrypsin,,Amylase,,Trypsin,,Lipase,,,,D,Answer key: D,LET Secondary,Biological Science,Biological Science,3,No,,0.98,Ready for Upload,Path and PDF header indicate BSED/Secondary Biological Science major. Correct answer sourced from source PDF answer key.
274,24,4,BSED Biological Science P6.pdf,/Users/lyndon/All reviewers/Sept2026_LET Reviewer Files/L. BSED - Biological Science-/BSED Biological Science P6.pdf,Which part of the brain controls our rate of breathing?,,,Cerebellum,,Cerebrum,,Spinal cord,,Medulla,,,,D,Answer key: D,LET Secondary,Biological Science,Anatomy and Physiology,3,No,,0.98,Ready for Upload,Path and PDF header indicate BSED/Secondary Biological Science major. Correct answer sourced from source PDF answer key.
275,25,4,BSED Biological Science P6.pdf,/Users/lyndon/All reviewers/Sept2026_LET Reviewer Files/L. BSED - Biological Science-/BSED Biological Science P6.pdf,Through what part does the embryo obtain its nourishment from the mother?,,,oviduct,,food tubules,,fallopian tube,,umbilical cord,,,,D,Answer key: D,LET Secondary,Biological Science,Biological Science,3,No,,0.98,Ready for Upload,Path and PDF header indicate BSED/Secondary Biological Science major. Correct answer sourced from source PDF answer key.
276,26,4,BSED Biological Science P6.pdf,/Users/lyndon/All reviewers/Sept2026_LET Reviewer Files/L. BSED - Biological Science-/BSED Biological Science P6.pdf,What organ is controlled by the autonomic nervous system?,,,Brain,,Heart,,Spinal cord,,Skeletal muscles,,,,B,Answer key: B,LET Secondary,Biological Science,Anatomy and Physiology,3,No,,0.98,Ready for Upload,Path and PDF header indicate BSED/Secondary Biological Science major. Correct answer sourced from source PDF answer key.
277,27,4,BSED Biological Science P6.pdf,/Users/lyndon/All reviewers/Sept2026_LET Reviewer Files/L. BSED - Biological Science-/BSED Biological Science P6.pdf,What is one of the main functions of the large intestine?,,,Excrete undigested food,,Digest food into liquid form,,Excrete bile pigments from ducts,,Complete the digestion of proteins,,,,A,Answer key: A,LET Secondary,Biological Science,Biological Science,3,No,,0.98,Ready for Upload,Path and PDF header indicate BSED/Secondary Biological Science major. Correct answer sourced from source PDF answer key.
278,28,5,BSED Biological Science P6.pdf,/Users/lyndon/All reviewers/Sept2026_LET Reviewer Files/L. BSED - Biological Science-/BSED Biological Science P6.pdf,"What do you call food in a semi-liquid form, partially digested and mixed with hydrochloric acid?",,,Mucosa,,Chyme,,Saliva,,Bolus,,,,B,Answer key: B,LET Secondary,Biological Science,Anatomy and Physiology,3,No,149,0.90,Duplicate,Path and PDF header indicate BSED/Secondary Biological Science major. Correct answer sourced from source PDF answer key. Duplicate or near-duplicate of row 149.
279,29,5,BSED Biological Science P6.pdf,/Users/lyndon/All reviewers/Sept2026_LET Reviewer Files/L. BSED - Biological Science-/BSED Biological Science P6.pdf,Which would you advise children to prevent osteoporosis?,,,More intake of all vitamins,,Consistent bone density test,,Less bone exercise and fatigue,,Adequate calcium and Vitamin D,,,,D,Answer key: D,LET Secondary,Biological Science,Biological Science,3,No,,0.98,Ready for Upload,Path and PDF header indicate BSED/Secondary Biological Science major. Correct answer sourced from source PDF answer key.
280,30,5,BSED Biological Science P6.pdf,/Users/lyndon/All reviewers/Sept2026_LET Reviewer Files/L. BSED - Biological Science-/BSED Biological Science P6.pdf,Which is considered the endocrine master gland due to its influence on the activity of all the other glands?,,,Thyroid,,Adrenal,,Pituitary,,Parathyroid,,,,C,Answer key: C,LET Secondary,Biological Science,Anatomy and Physiology,3,No,,0.98,Ready for Upload,Path and PDF header indicate BSED/Secondary Biological Science major. Correct answer sourced from source PDF answer key.
281,31,5,BSED Biological Science P6.pdf,/Users/lyndon/All reviewers/Sept2026_LET Reviewer Files/L. BSED - Biological Science-/BSED Biological Science P6.pdf,What enzyme is secreted by the pancreas which splits sugar?,,,Lipase,,Pepsin,,Trypsin,,Amylase,,,,D,Answer key: D,LET Secondary,Biological Science,Biological Science,3,No,,0.98,Ready for Upload,Path and PDF header indicate BSED/Secondary Biological Science major. Correct answer sourced from source PDF answer key.
282,32,5,BSED Biological Science P6.pdf,/Users/lyndon/All reviewers/Sept2026_LET Reviewer Files/L. BSED - Biological Science-/BSED Biological Science P6.pdf,What do we get from carbohydrates and fats?,,,Cell builders,,Tissue builders,,Heat and energy,,Growth regulators,,,,C,Answer key: C,LET Secondary,Biological Science,Biological Science,3,No,,0.98,Ready for Upload,Path and PDF header indicate BSED/Secondary Biological Science major. Correct answer sourced from source PDF answer key.
283,33,5,BSED Biological Science P6.pdf,/Users/lyndon/All reviewers/Sept2026_LET Reviewer Files/L. BSED - Biological Science-/BSED Biological Science P6.pdf,What secretes substance which enables the sugar to be stored in the liver?,,,Islets of Langerhans,,Adrenal medulla,,Adrenal cortex,,Thyroid,,,,A,Answer key: A,LET Secondary,Biological Science,Biological Science,3,No,,0.98,Ready for Upload,Path and PDF header indicate BSED/Secondary Biological Science major. Correct answer sourced from source PDF answer key.
284,34,5,BSED Biological Science P6.pdf,/Users/lyndon/All reviewers/Sept2026_LET Reviewer Files/L. BSED - Biological Science-/BSED Biological Science P6.pdf,What sac protects the heart?,,,Pericardium,,Septum,,Atrium,,Valve,,,,A,Answer key: A,LET Secondary,Biological Science,Anatomy and Physiology,3,No,,0.98,Ready for Upload,Path and PDF header indicate BSED/Secondary Biological Science major. Correct answer sourced from source PDF answer key.
285,35,6,BSED Biological Science P6.pdf,/Users/lyndon/All reviewers/Sept2026_LET Reviewer Files/L. BSED - Biological Science-/BSED Biological Science P6.pdf,What BEST describes respiration?,,,Taking in carbon dioxide and releasing oxygen.,,Taking in oxygen and releasing carbon dioxide.,,Breathing in a mixture of different gases.,,Breathing in of pure gas,,,,B,Answer key: B,LET Secondary,Biological Science,Anatomy and Physiology,3,No,,0.98,Ready for Upload,Path and PDF header indicate BSED/Secondary Biological Science major. Correct answer sourced from source PDF answer key.
286,36,6,BSED Biological Science P6.pdf,/Users/lyndon/All reviewers/Sept2026_LET Reviewer Files/L. BSED - Biological Science-/BSED Biological Science P6.pdf,Which type of muscle tissue found in the walls of our stomach is responsible for the process of peristalsis?,,,Striated,,Cardiac,,Smooth,,Voluntary,,,,C,Answer key: C,LET Secondary,Biological Science,Anatomy and Physiology,3,No,,0.98,Ready for Upload,Path and PDF header indicate BSED/Secondary Biological Science major. Correct answer sourced from source PDF answer key.
287,37,6,BSED Biological Science P6.pdf,/Users/lyndon/All reviewers/Sept2026_LET Reviewer Files/L. BSED - Biological Science-/BSED Biological Science P6.pdf,Which of the hormone triggers ovulation?,,,Follicle-stimulating,,Testosterone,,Luteinizing,,Prolactin,,,,C,Answer key: C,LET Secondary,Biological Science,Anatomy and Physiology,3,No,,0.98,Ready for Upload,Path and PDF header indicate BSED/Secondary Biological Science major. Correct answer sourced from source PDF answer key.
288,38,6,BSED Biological Science P6.pdf,/Users/lyndon/All reviewers/Sept2026_LET Reviewer Files/L. BSED - Biological Science-/BSED Biological Science P6.pdf,What do we call a prediction that is made based on educated guess?,,,Inference,,Hypothesis,,Interpolation,,Extrapolation,,,,B,Answer key: B,LET Secondary,Biological Science,Biological Science,3,No,,0.98,Ready for Upload,Path and PDF header indicate BSED/Secondary Biological Science major. Correct answer sourced from source PDF answer key.
289,39,6,BSED Biological Science P6.pdf,/Users/lyndon/All reviewers/Sept2026_LET Reviewer Files/L. BSED - Biological Science-/BSED Biological Science P6.pdf,How does the liver assist the digestive system?,,,Stores starch,,It secretes bile,,Acts on protein food,,Mixes with the pancreatic juice,,,,B,Answer key: B,LET Secondary,Biological Science,Anatomy and Physiology,3,No,,0.98,Ready for Upload,Path and PDF header indicate BSED/Secondary Biological Science major. Correct answer sourced from source PDF answer key.
290,40,6,BSED Biological Science P6.pdf,/Users/lyndon/All reviewers/Sept2026_LET Reviewer Files/L. BSED - Biological Science-/BSED Biological Science P6.pdf,What structures in the tongue make it distinguished food quality?,,,Nerves,,Tasters,,Taste buds,,Taste epithelium,,,,C,Answer key: C,LET Secondary,Biological Science,Biological Science,3,No,,0.98,Ready for Upload,Path and PDF header indicate BSED/Secondary Biological Science major. Correct answer sourced from source PDF answer key.
291,41,7,BSED Biological Science P6.pdf,/Users/lyndon/All reviewers/Sept2026_LET Reviewer Files/L. BSED - Biological Science-/BSED Biological Science P6.pdf,Which protein found in the plasma is responsible for blood clothing?,,,Fibrinogen,,Albumin,,Globulin,,Serum,,,,A,Answer key: A,LET Secondary,Biological Science,Anatomy and Physiology,3,No,,0.98,Ready for Upload,Path and PDF header indicate BSED/Secondary Biological Science major. Correct answer sourced from source PDF answer key.
292,42,7,BSED Biological Science P6.pdf,/Users/lyndon/All reviewers/Sept2026_LET Reviewer Files/L. BSED - Biological Science-/BSED Biological Science P6.pdf,White blood cells are the “soldiers” of the body. They fight the disease-causing organisms. They are the _.,,,Antigens,,Antibodies,,Phagocytes,,Erythrocytes,,,,C,Answer key: C,LET Secondary,Biological Science,Cell Biology and Biochemistry,3,No,,0.98,Ready for Upload,Path and PDF header indicate BSED/Secondary Biological Science major. Correct answer sourced from source PDF answer key.
293,43,7,BSED Biological Science P6.pdf,/Users/lyndon/All reviewers/Sept2026_LET Reviewer Files/L. BSED - Biological Science-/BSED Biological Science P6.pdf,What blood test is used to provide information about agglutination reactions between donor and recipient blood?,,,Clotting test,,Blood count,,Blood chemistry,,Type and cross-match,,,,D,Answer key: D,LET Secondary,Biological Science,Anatomy and Physiology,3,No,,0.98,Ready for Upload,Path and PDF header indicate BSED/Secondary Biological Science major. Correct answer sourced from source PDF answer key.
294,44,7,BSED Biological Science P6.pdf,/Users/lyndon/All reviewers/Sept2026_LET Reviewer Files/L. BSED - Biological Science-/BSED Biological Science P6.pdf,Which produce the hormone MOST closely associated with the control of calcium metabolism?,,,Ovaries,,Pancreas,,Adrenal glands,,Parathyroid glands,,,,D,Answer key: D,LET Secondary,Biological Science,Anatomy and Physiology,3,No,,0.98,Ready for Upload,Path and PDF header indicate BSED/Secondary Biological Science major. Correct answer sourced from source PDF answer key.
295,45,7,BSED Biological Science P6.pdf,/Users/lyndon/All reviewers/Sept2026_LET Reviewer Files/L. BSED - Biological Science-/BSED Biological Science P6.pdf,What is the function of the lymph?,,,Transport oxygen,,Contains fibrinogen,,Enables the blood to clot,,Protects the body from infection,,,,D,Answer key: D,LET Secondary,Biological Science,Biological Science,3,No,,0.98,Ready for Upload,Path and PDF header indicate BSED/Secondary Biological Science major. Correct answer sourced from source PDF answer key.
296,46,7,BSED Biological Science P6.pdf,/Users/lyndon/All reviewers/Sept2026_LET Reviewer Files/L. BSED - Biological Science-/BSED Biological Science P6.pdf,Arthropods exhibit fast and coordinated movement because they possess .,,,an endoskeleton,,jointed appendages,,exoskeleton,,bilateral symmetry,,,,B,Answer key: B,LET Secondary,Biological Science,Zoology,3,No,,0.98,Ready for Upload,Path and PDF header indicate BSED/Secondary Biological Science major. Correct answer sourced from source PDF answer key.
297,47,7,BSED Biological Science P6.pdf,/Users/lyndon/All reviewers/Sept2026_LET Reviewer Files/L. BSED - Biological Science-/BSED Biological Science P6.pdf,The following statements are true of spiders EXCEPT,,,Have rectal glands for potassium and water reabsorption,,Tagmata include cephalothorax and abdomen,,Contain silk glands for web making,,Possess 3 pairs of legs,,,,D,Answer key: D,LET Secondary,Biological Science,Biological Science,3,No,,0.98,Ready for Upload,Path and PDF header indicate BSED/Secondary Biological Science major. Correct answer sourced from source PDF answer key.
298,48,8,BSED Biological Science P6.pdf,/Users/lyndon/All reviewers/Sept2026_LET Reviewer Files/L. BSED - Biological Science-/BSED Biological Science P6.pdf,The relationship that exists between insects and flowering plants is called .,,,parasitism,,predation,,mutualism,,commensalism,,,,C,Answer key: C,LET Secondary,Biological Science,Botany,3,No,,0.98,Ready for Upload,Path and PDF header indicate BSED/Secondary Biological Science major. Correct answer sourced from source PDF answer key.
299,49,8,BSED Biological Science P6.pdf,/Users/lyndon/All reviewers/Sept2026_LET Reviewer Files/L. BSED - Biological Science-/BSED Biological Science P6.pdf,Which of the following causes our nose to “run” when we cry?,,,The lungs release water vapor.,,Mucous glands are activated.,,Tears enter the duct to the nasal cavity.,,The sinuses release water.,,,,C,Answer key: C,LET Secondary,Biological Science,Biological Science,3,No,,0.98,Ready for Upload,Path and PDF header indicate BSED/Secondary Biological Science major. Correct answer sourced from source PDF answer key.
300,50,8,BSED Biological Science P6.pdf,/Users/lyndon/All reviewers/Sept2026_LET Reviewer Files/L. BSED - Biological Science-/BSED Biological Science P6.pdf,What is the main function of the peripheral nervous system?,,,Communicates with the endocrine glands,,Regulates our heartbeat and breathing,,Controls our emotions and intelligence,,Connects central nervous system to all organs,,,,D,Answer key: D,LET Secondary,Biological Science,Anatomy and Physiology,3,No,,0.98,Ready for Upload,Path and PDF header indicate BSED/Secondary Biological Science major. Correct answer sourced from source PDF answer key.
301,1,1,BSED Biological Science P7.pdf,/Users/lyndon/All reviewers/Sept2026_LET Reviewer Files/L. BSED - Biological Science-/BSED Biological Science P7.pdf,What is the longest bone in the body?,,,Humerus,,Ferum,,Tibia-fibula,,Clavicle,,,,B,Answer key: B,LET Secondary,Biological Science,Anatomy and Physiology,3,No,51,0.90,Duplicate,Path and PDF header indicate BSED/Secondary Biological Science major. Correct answer sourced from source PDF answer key. Duplicate or near-duplicate of row 51.
302,2,1,BSED Biological Science P7.pdf,/Users/lyndon/All reviewers/Sept2026_LET Reviewer Files/L. BSED - Biological Science-/BSED Biological Science P7.pdf,Which cause our bones to turn brittle and easily break?,,,Turning into muscle tissues,,Increase in flexibility,,Turbidity decrease,,Removal of collagen,,,,D,Answer key: D,LET Secondary,Biological Science,Anatomy and Physiology,3,No,52,0.90,Duplicate,Path and PDF header indicate BSED/Secondary Biological Science major. Correct answer sourced from source PDF answer key. Duplicate or near-duplicate of row 52.
303,3,1,BSED Biological Science P7.pdf,/Users/lyndon/All reviewers/Sept2026_LET Reviewer Files/L. BSED - Biological Science-/BSED Biological Science P7.pdf,.How many bones does an adult human body has?,,,201,,200,,217,,206,,,,D,Answer key: D,LET Secondary,Biological Science,Anatomy and Physiology,3,No,53,0.90,Duplicate,Path and PDF header indicate BSED/Secondary Biological Science major. Correct answer sourced from source PDF answer key. Duplicate or near-duplicate of row 53.
304,4,1,BSED Biological Science P7.pdf,/Users/lyndon/All reviewers/Sept2026_LET Reviewer Files/L. BSED - Biological Science-/BSED Biological Science P7.pdf,What do you call automatic responses to an external stimulus?,,,Reflex,,Instinct,,Impulse,,All of these,,,,A,Answer key: A,LET Secondary,Biological Science,Genetics and Heredity,3,No,54,0.90,Duplicate,Path and PDF header indicate BSED/Secondary Biological Science major. Correct answer sourced from source PDF answer key. Duplicate or near-duplicate of row 54.
305,5,1,BSED Biological Science P7.pdf,/Users/lyndon/All reviewers/Sept2026_LET Reviewer Files/L. BSED - Biological Science-/BSED Biological Science P7.pdf,What structure provides flexible support and protection to the spinal cord?,,,Skull,,Ribs,,Vertebral column,,Sternum,,,,C,Answer key: C,LET Secondary,Biological Science,Biological Science,3,No,55,0.90,Duplicate,Path and PDF header indicate BSED/Secondary Biological Science major. Correct answer sourced from source PDF answer key. Duplicate or near-duplicate of row 55.
306,6,1,BSED Biological Science P7.pdf,/Users/lyndon/All reviewers/Sept2026_LET Reviewer Files/L. BSED - Biological Science-/BSED Biological Science P7.pdf,Which region of a vertebrate forebrain is considered with the neutral-endocrine control of visceral activities?,,,Cerebellum,,Thalamus,,Hypothalamus,,Pituitary,,,,C,Answer key: C,LET Secondary,Biological Science,Anatomy and Physiology,3,No,56,0.90,Duplicate,Path and PDF header indicate BSED/Secondary Biological Science major. Correct answer sourced from source PDF answer key. Duplicate or near-duplicate of row 56.
307,7,1,BSED Biological Science P7.pdf,/Users/lyndon/All reviewers/Sept2026_LET Reviewer Files/L. BSED - Biological Science-/BSED Biological Science P7.pdf,Which of the following is the building block carbohydrate?,,,Amino acid,,Nucleotide,,Fatty acid,,Monosaccharide,,,,D,Answer key: D,LET Secondary,Biological Science,Biological Science,3,No,57,0.90,Duplicate,Path and PDF header indicate BSED/Secondary Biological Science major. Correct answer sourced from source PDF answer key. Duplicate or near-duplicate of row 57.
308,8,2,BSED Biological Science P7.pdf,/Users/lyndon/All reviewers/Sept2026_LET Reviewer Files/L. BSED - Biological Science-/BSED Biological Science P7.pdf,Why it is necessary men have more red blood cells per cubic millimeter of blood than women?,,,Man does strenuous activities and need more energy,,They have bigger physique and need more blood,,Man waste more blood cells and need extra,,They are more prone to anemia disorders,,,,A,Answer key: A,LET Secondary,Biological Science,Cell Biology and Biochemistry,3,No,58,0.90,Duplicate,Path and PDF header indicate BSED/Secondary Biological Science major. Correct answer sourced from source PDF answer key. Duplicate or near-duplicate of row 58.
309,9,2,BSED Biological Science P7.pdf,/Users/lyndon/All reviewers/Sept2026_LET Reviewer Files/L. BSED - Biological Science-/BSED Biological Science P7.pdf,Which of the following is the building block of protein?,,,Amino acid,,Nucleotide,,Fatty acid,,Monosaccharide,,,,A,Answer key: A,LET Secondary,Biological Science,Biological Science,3,No,59,0.90,Duplicate,Path and PDF header indicate BSED/Secondary Biological Science major. Correct answer sourced from source PDF answer key. Duplicate or near-duplicate of row 59.
310,10,2,BSED Biological Science P7.pdf,/Users/lyndon/All reviewers/Sept2026_LET Reviewer Files/L. BSED - Biological Science-/BSED Biological Science P7.pdf,Where does protein synthesis take place?,,,Ribosomes,,Lysosomes,,Endoplasmic reticulum,,Golgi bodies,,,,A,Answer key: A,LET Secondary,Biological Science,Cell Biology and Biochemistry,3,No,60,0.90,Duplicate,Path and PDF header indicate BSED/Secondary Biological Science major. Correct answer sourced from source PDF answer key. Duplicate or near-duplicate of row 60.
311,11,2,BSED Biological Science P7.pdf,/Users/lyndon/All reviewers/Sept2026_LET Reviewer Files/L. BSED - Biological Science-/BSED Biological Science P7.pdf,Why are our lips “redder” than our palm?,,,There is increased blood flow in the lips,,Lips are heavily keratinized,,Lip epidermis is thinner,,Many blood vessels are located around the lips,,,,C,Answer key: C,LET Secondary,Biological Science,Biological Science,3,No,61,0.90,Duplicate,Path and PDF header indicate BSED/Secondary Biological Science major. Correct answer sourced from source PDF answer key. Duplicate or near-duplicate of row 61.
312,12,2,BSED Biological Science P7.pdf,/Users/lyndon/All reviewers/Sept2026_LET Reviewer Files/L. BSED - Biological Science-/BSED Biological Science P7.pdf,Which of the following cannot be found in prokaryotes?,,,Cytoplasm,,Plasma membrane,,Membrane-bound nucleus,,DNA,,,,C,Answer key: C,LET Secondary,Biological Science,Biological Science,3,No,62,0.90,Duplicate,Path and PDF header indicate BSED/Secondary Biological Science major. Correct answer sourced from source PDF answer key. Duplicate or near-duplicate of row 62.
313,13,2,BSED Biological Science P7.pdf,/Users/lyndon/All reviewers/Sept2026_LET Reviewer Files/L. BSED - Biological Science-/BSED Biological Science P7.pdf,What do we call mutation that is brought about by the earth natural radioactivity?,,,Continuous,,Induced,,Lysosomes,,Chloroplast,,,,C,Answer key: C,LET Secondary,Biological Science,Genetics and Heredity,3,No,63,0.90,Duplicate,Path and PDF header indicate BSED/Secondary Biological Science major. Correct answer sourced from source PDF answer key. Duplicate or near-duplicate of row 63.
314,14,2,BSED Biological Science P7.pdf,/Users/lyndon/All reviewers/Sept2026_LET Reviewer Files/L. BSED - Biological Science-/BSED Biological Science P7.pdf,Which of the following organelles produces turbo pressure against cell wall and mainly acts as water reservoir,,,Plastids,,Vacuole,,Lysosomes,,Chloroplast,,,,B,Answer key: B,LET Secondary,Biological Science,Cell Biology and Biochemistry,3,No,64,0.90,Duplicate,Path and PDF header indicate BSED/Secondary Biological Science major. Correct answer sourced from source PDF answer key. Duplicate or near-duplicate of row 64.
315,15,3,BSED Biological Science P7.pdf,/Users/lyndon/All reviewers/Sept2026_LET Reviewer Files/L. BSED - Biological Science-/BSED Biological Science P7.pdf,What is the branch crobial organisms is used in the creation of genetically modified organisms?,,,Pseudomonas vulgaris,,Bacillus thuringensis,,Agro bacterium tumafaciens,,Escherichia coli,,,,D,Answer key: D,LET Secondary,Biological Science,Genetics and Heredity,3,No,65,0.90,Duplicate,Path and PDF header indicate BSED/Secondary Biological Science major. Correct answer sourced from source PDF answer key. Duplicate or near-duplicate of row 65.
316,16,3,BSED Biological Science P7.pdf,/Users/lyndon/All reviewers/Sept2026_LET Reviewer Files/L. BSED - Biological Science-/BSED Biological Science P7.pdf,What is the branch of zoology that is devoted to the study of fish?,,,Helmintology,,Ichthyology,,Chondrichthyes,,Ornithology,,,,B,Answer key: B,LET Secondary,Biological Science,Zoology,3,No,66,0.90,Duplicate,Path and PDF header indicate BSED/Secondary Biological Science major. Correct answer sourced from source PDF answer key. Duplicate or near-duplicate of row 66.
317,17,3,BSED Biological Science P7.pdf,/Users/lyndon/All reviewers/Sept2026_LET Reviewer Files/L. BSED - Biological Science-/BSED Biological Science P7.pdf,The process involved in the production of mRNA using DNA as template is termed ?,,,Transcription,,Replication,,Gene manipulation,,Reverse transcription,,,,A,Answer key: A,LET Secondary,Biological Science,Genetics and Heredity,3,No,67,0.90,Duplicate,Path and PDF header indicate BSED/Secondary Biological Science major. Correct answer sourced from source PDF answer key. Duplicate or near-duplicate of row 67.
318,18,3,BSED Biological Science P7.pdf,/Users/lyndon/All reviewers/Sept2026_LET Reviewer Files/L. BSED - Biological Science-/BSED Biological Science P7.pdf,What is the most abundant inorganic compound in the protoplasm?,,,Fluid,,Blood,,Plasma,,Water,,,,D,Answer key: D,LET Secondary,Biological Science,Biological Science,3,No,68,0.90,Duplicate,Path and PDF header indicate BSED/Secondary Biological Science major. Correct answer sourced from source PDF answer key. Duplicate or near-duplicate of row 68.
319,19,3,BSED Biological Science P7.pdf,/Users/lyndon/All reviewers/Sept2026_LET Reviewer Files/L. BSED - Biological Science-/BSED Biological Science P7.pdf,Which is the riches type of tropical rain forest in the Philippines?,,,Molave forest,,Dipterocarp forest,,Mangrove forest,,Pine forest,,,,B,Answer key: B,LET Secondary,Biological Science,Biological Science,3,No,69,0.90,Duplicate,Path and PDF header indicate BSED/Secondary Biological Science major. Correct answer sourced from source PDF answer key. Duplicate or near-duplicate of row 69.
320,20,3,BSED Biological Science P7.pdf,/Users/lyndon/All reviewers/Sept2026_LET Reviewer Files/L. BSED - Biological Science-/BSED Biological Science P7.pdf,"What muscle is described as involuntary, not striated, and have a single nucleus?",,,Smooth,,Skeletal,,Cardiac,,Connective,,,,A,Answer key: A,LET Secondary,Biological Science,Cell Biology and Biochemistry,3,No,70,0.90,Duplicate,Path and PDF header indicate BSED/Secondary Biological Science major. Correct answer sourced from source PDF answer key. Duplicate or near-duplicate of row 70.
321,21,4,BSED Biological Science P7.pdf,/Users/lyndon/All reviewers/Sept2026_LET Reviewer Files/L. BSED - Biological Science-/BSED Biological Science P7.pdf,We feel warmer just before it rains because,,,Heat is released by the evaporation of water,,The clouds prevent heat from escaping the earth,,There is an increased relative humidity,,Heat is released by the condensation of water vapor,,,,D,Answer key: D,LET Secondary,Biological Science,Biological Science,3,No,71,0.90,Duplicate,Path and PDF header indicate BSED/Secondary Biological Science major. Correct answer sourced from source PDF answer key. Duplicate or near-duplicate of row 71.
322,22,4,BSED Biological Science P7.pdf,/Users/lyndon/All reviewers/Sept2026_LET Reviewer Files/L. BSED - Biological Science-/BSED Biological Science P7.pdf,Which of the following is not considered as a reproductive cell?,,,Gamete,,Somatic cell,,Egg cell,,Sperm cell,,,,B,Answer key: B,LET Secondary,Biological Science,Cell Biology and Biochemistry,3,No,72,0.90,Duplicate,Path and PDF header indicate BSED/Secondary Biological Science major. Correct answer sourced from source PDF answer key. Duplicate or near-duplicate of row 72.
323,23,4,BSED Biological Science P7.pdf,/Users/lyndon/All reviewers/Sept2026_LET Reviewer Files/L. BSED - Biological Science-/BSED Biological Science P7.pdf,The cell wall of plant is made of .,,,Lipids,,Cellulose,,Protein,,Cell membrane,,,,B,Answer key: B,LET Secondary,Biological Science,Cell Biology and Biochemistry,3,No,73,0.90,Duplicate,Path and PDF header indicate BSED/Secondary Biological Science major. Correct answer sourced from source PDF answer key. Duplicate or near-duplicate of row 73.
324,24,4,BSED Biological Science P7.pdf,/Users/lyndon/All reviewers/Sept2026_LET Reviewer Files/L. BSED - Biological Science-/BSED Biological Science P7.pdf,Which of the following is the correct sequence of the level of organization from lowest to highest?,,,Cells-system-organs-tissues,,System-organs-tissues-cells,,Cells-tissues-organs-system,,Tissues-systems-cells-organs,,,,C,Answer key: C,LET Secondary,Biological Science,Biological Science,3,No,74,0.90,Duplicate,Path and PDF header indicate BSED/Secondary Biological Science major. Correct answer sourced from source PDF answer key. Duplicate or near-duplicate of row 74.
325,25,4,BSED Biological Science P7.pdf,/Users/lyndon/All reviewers/Sept2026_LET Reviewer Files/L. BSED - Biological Science-/BSED Biological Science P7.pdf,"At metaphase of the first meiotic division, the chromosomes are attached to the spindle fibers as",,,double chromatids,,non-homologous pairs,,single chromatid strand,,a tetrad of chromatids,,,,D,Answer key: D,LET Secondary,Biological Science,Genetics and Heredity,3,No,208,0.90,Duplicate,Path and PDF header indicate BSED/Secondary Biological Science major. Correct answer sourced from source PDF answer key. Duplicate or near-duplicate of row 208.
326,26,4,BSED Biological Science P7.pdf,/Users/lyndon/All reviewers/Sept2026_LET Reviewer Files/L. BSED - Biological Science-/BSED Biological Science P7.pdf,Which of the following is an example of behavioral adaption?,,,Thick green stems of the cactus plant,,Thick fur of the bear,,Shedding leaves during summer,,Presence of cuticle on the upper surface of the leaves,,,,C,Answer key: C,LET Secondary,Biological Science,Biological Science,3,No,76,0.90,Duplicate,Path and PDF header indicate BSED/Secondary Biological Science major. Correct answer sourced from source PDF answer key. Duplicate or near-duplicate of row 76.
327,27,5,BSED Biological Science P7.pdf,/Users/lyndon/All reviewers/Sept2026_LET Reviewer Files/L. BSED - Biological Science-/BSED Biological Science P7.pdf,The bipolar nature of the cell membrane is due to .,,,Presence of carries,,Presence of,,Phospholipids bilayer,,Integral proteins,,,,C,Answer key: C,LET Secondary,Biological Science,Cell Biology and Biochemistry,3,No,77,0.90,Duplicate,Path and PDF header indicate BSED/Secondary Biological Science major. Correct answer sourced from source PDF answer key. Duplicate or near-duplicate of row 77.
328,28,5,BSED Biological Science P7.pdf,/Users/lyndon/All reviewers/Sept2026_LET Reviewer Files/L. BSED - Biological Science-/BSED Biological Science P7.pdf,Which of the following is made up of diploid number of cells?,,,Zygote,,Sperm cell,,Egg cell,,Both B and C,,,,A,Answer key: A,LET Secondary,Biological Science,Cell Biology and Biochemistry,3,No,78,0.90,Duplicate,Path and PDF header indicate BSED/Secondary Biological Science major. Correct answer sourced from source PDF answer key. Duplicate or near-duplicate of row 78.
329,29,5,BSED Biological Science P7.pdf,/Users/lyndon/All reviewers/Sept2026_LET Reviewer Files/L. BSED - Biological Science-/BSED Biological Science P7.pdf,Which plant has underground stem modified for reproduction?,,,Ginger,,Camote,,Tubers,,Strawberry,,,,C,Answer key: C,LET Secondary,Biological Science,Botany,3,No,79,0.90,Duplicate,Path and PDF header indicate BSED/Secondary Biological Science major. Correct answer sourced from source PDF answer key. Duplicate or near-duplicate of row 79.
330,30,5,BSED Biological Science P7.pdf,/Users/lyndon/All reviewers/Sept2026_LET Reviewer Files/L. BSED - Biological Science-/BSED Biological Science P7.pdf,Which of the following structures serve as a passageway of food and air?,,,Epiglottis,,Trachea,,Pharynx,,Larynx,,,,C,Answer key: C,LET Secondary,Biological Science,Biological Science,3,No,80,0.90,Duplicate,Path and PDF header indicate BSED/Secondary Biological Science major. Correct answer sourced from source PDF answer key. Duplicate or near-duplicate of row 80.
331,31,5,BSED Biological Science P7.pdf,/Users/lyndon/All reviewers/Sept2026_LET Reviewer Files/L. BSED - Biological Science-/BSED Biological Science P7.pdf,Which kind of relationship is exhibited by algae and fungi in lichen?,,,Commensalism,,Parasitism,,Symbiosis,,Competition,,,,C,Answer key: C,LET Secondary,Biological Science,Microbiology and Immunology,3,No,81,0.90,Duplicate,Path and PDF header indicate BSED/Secondary Biological Science major. Correct answer sourced from source PDF answer key. Duplicate or near-duplicate of row 81.
332,32,5,BSED Biological Science P7.pdf,/Users/lyndon/All reviewers/Sept2026_LET Reviewer Files/L. BSED - Biological Science-/BSED Biological Science P7.pdf,What do you call the finger-like folds on the inner linings of the small intestine?,,,Villi,,Appendix,,Rugae,,Cecum,,,,A,Answer key: A,LET Secondary,Biological Science,Biological Science,3,No,82,0.90,Duplicate,Path and PDF header indicate BSED/Secondary Biological Science major. Correct answer sourced from source PDF answer key. Duplicate or near-duplicate of row 82.
333,33,5,BSED Biological Science P7.pdf,/Users/lyndon/All reviewers/Sept2026_LET Reviewer Files/L. BSED - Biological Science-/BSED Biological Science P7.pdf,".Aside from ADP, what else is the end production of the dark-reaction phase of ohotosynthesis?",,,Carbon dioxide,,Surag,,Carbon,,Starch,,,,B,Answer key: B,LET Secondary,Biological Science,Biological Science,3,No,,0.98,Ready for Upload,Path and PDF header indicate BSED/Secondary Biological Science major. Correct answer sourced from source PDF answer key.
334,34,6,BSED Biological Science P7.pdf,/Users/lyndon/All reviewers/Sept2026_LET Reviewer Files/L. BSED - Biological Science-/BSED Biological Science P7.pdf,What is that flap-like structure that prevents the food from going the wrong way during swallowing?,,,Epiglottis,,Larynx,,Esophagus,,Pharynx,,,,A,Answer key: A,LET Secondary,Biological Science,Biological Science,3,No,84,0.90,Duplicate,Path and PDF header indicate BSED/Secondary Biological Science major. Correct answer sourced from source PDF answer key. Duplicate or near-duplicate of row 84.
335,35,6,BSED Biological Science P7.pdf,/Users/lyndon/All reviewers/Sept2026_LET Reviewer Files/L. BSED - Biological Science-/BSED Biological Science P7.pdf,Which pigment is dominant in red algae?,,,Phycocyanin,,Fucoxanthin,,Chlorophyll,,Pharynx,,,,D,Answer key: D,LET Secondary,Biological Science,Biological Science,3,No,85,0.90,Duplicate,Path and PDF header indicate BSED/Secondary Biological Science major. Correct answer sourced from source PDF answer key. Duplicate or near-duplicate of row 85.
336,36,6,BSED Biological Science P7.pdf,/Users/lyndon/All reviewers/Sept2026_LET Reviewer Files/L. BSED - Biological Science-/BSED Biological Science P7.pdf,What is the membrane that surrounds the lungs?,,,Pleura,,Meninges,,Peritoneum,,Pericardium,,,,D,Answer key: D,LET Secondary,Biological Science,Cell Biology and Biochemistry,3,No,86,0.90,Duplicate,Path and PDF header indicate BSED/Secondary Biological Science major. Correct answer sourced from source PDF answer key. Duplicate or near-duplicate of row 86.
337,37,6,BSED Biological Science P7.pdf,/Users/lyndon/All reviewers/Sept2026_LET Reviewer Files/L. BSED - Biological Science-/BSED Biological Science P7.pdf,What is that 3-carbon sugar formed during the dark reaction phase of the photosynthesis?,,,ADP,,NADPH,,ATP,,PGAL,,,,D,Answer key: D,LET Secondary,Biological Science,Botany,3,No,87,0.90,Duplicate,Path and PDF header indicate BSED/Secondary Biological Science major. Correct answer sourced from source PDF answer key. Duplicate or near-duplicate of row 87.
338,38,6,BSED Biological Science P7.pdf,/Users/lyndon/All reviewers/Sept2026_LET Reviewer Files/L. BSED - Biological Science-/BSED Biological Science P7.pdf,What is the product of carbohydrate digestion?,,,Fatty acid,,Glucose,,Amino acid,,Nucleic acid,,,,B,Answer key: B,LET Secondary,Biological Science,Anatomy and Physiology,3,No,88,0.90,Duplicate,Path and PDF header indicate BSED/Secondary Biological Science major. Correct answer sourced from source PDF answer key. Duplicate or near-duplicate of row 88.
339,39,6,BSED Biological Science P7.pdf,/Users/lyndon/All reviewers/Sept2026_LET Reviewer Files/L. BSED - Biological Science-/BSED Biological Science P7.pdf,What process is responsible for the upward movement of the water in very tall trees?,,,Osmosis,,Capillary action,,Turgor pressure,,Transpiration,,,,B,Answer key: B,LET Secondary,Biological Science,Biological Science,3,No,89,0.90,Duplicate,Path and PDF header indicate BSED/Secondary Biological Science major. Correct answer sourced from source PDF answer key. Duplicate or near-duplicate of row 89.
340,40,6,BSED Biological Science P7.pdf,/Users/lyndon/All reviewers/Sept2026_LET Reviewer Files/L. BSED - Biological Science-/BSED Biological Science P7.pdf,What is the enzyme in the mouth that breaks starch to maltose?,,,Peptidase,,Ptyalin,,Pepsin,,Maltase,,,,B,Answer key: B,LET Secondary,Biological Science,Biological Science,3,No,90,0.90,Duplicate,Path and PDF header indicate BSED/Secondary Biological Science major. Correct answer sourced from source PDF answer key. Duplicate or near-duplicate of row 90.
341,41,7,BSED Biological Science P7.pdf,/Users/lyndon/All reviewers/Sept2026_LET Reviewer Files/L. BSED - Biological Science-/BSED Biological Science P7.pdf,What do you call the types of symmetry where the body parts are paired on either side of the body?,,,Dorsal,,Bilateral,,Radial,,Ventral,,,,B,Answer key: B,LET Secondary,Biological Science,Biological Science,3,No,91,0.90,Duplicate,Path and PDF header indicate BSED/Secondary Biological Science major. Correct answer sourced from source PDF answer key. Duplicate or near-duplicate of row 91.
342,42,7,BSED Biological Science P7.pdf,/Users/lyndon/All reviewers/Sept2026_LET Reviewer Files/L. BSED - Biological Science-/BSED Biological Science P7.pdf,Which is considered as the respiratory center of the brain?,,,Cerebellum,,Medulla oblongata,,Cerebrum,,Thalamus,,,,B,Answer key: B,LET Secondary,Biological Science,Anatomy and Physiology,3,No,92,0.90,Duplicate,Path and PDF header indicate BSED/Secondary Biological Science major. Correct answer sourced from source PDF answer key. Duplicate or near-duplicate of row 92.
343,43,7,BSED Biological Science P7.pdf,/Users/lyndon/All reviewers/Sept2026_LET Reviewer Files/L. BSED - Biological Science-/BSED Biological Science P7.pdf,Which stage of incomplete metamorphism is undergone by grasshopper?,,,"Nymph, pupa, adult",,"Egg, larva, pupa, adult",,"Egg, nymph, adult",,"Egg, pupa, adult",,,,C,Answer key: C,LET Secondary,Biological Science,Biological Science,3,No,93,0.90,Duplicate,Path and PDF header indicate BSED/Secondary Biological Science major. Correct answer sourced from source PDF answer key. Duplicate or near-duplicate of row 93.
344,44,7,BSED Biological Science P7.pdf,/Users/lyndon/All reviewers/Sept2026_LET Reviewer Files/L. BSED - Biological Science-/BSED Biological Science P7.pdf,Which of the following is NOT part of the thoracic cage?,,,Clavicle,,Ribs,,Costal cartilages,,Sternum,,,,A,Answer key: A,LET Secondary,Biological Science,Biological Science,3,No,94,0.90,Duplicate,Path and PDF header indicate BSED/Secondary Biological Science major. Correct answer sourced from source PDF answer key. Duplicate or near-duplicate of row 94.
345,45,7,BSED Biological Science P7.pdf,/Users/lyndon/All reviewers/Sept2026_LET Reviewer Files/L. BSED - Biological Science-/BSED Biological Science P7.pdf,Where does the toxin substance secreted by bees and ants through their sting originate?,,,Silk glands,,Intestines,,Rectal glands,,Salivary glands,,,,C,Answer key: C,LET Secondary,Biological Science,Biological Science,3,No,95,0.90,Duplicate,Path and PDF header indicate BSED/Secondary Biological Science major. Correct answer sourced from source PDF answer key. Duplicate or near-duplicate of row 95.
346,46,7,BSED Biological Science P7.pdf,/Users/lyndon/All reviewers/Sept2026_LET Reviewer Files/L. BSED - Biological Science-/BSED Biological Science P7.pdf,Where do producers obtain their energy?,,,From other producers,,From the consumers,,From the decomposers,,From the sun,,,,D,Answer key: D,LET Secondary,Biological Science,Biological Science,3,No,96,0.90,Duplicate,Path and PDF header indicate BSED/Secondary Biological Science major. Correct answer sourced from source PDF answer key. Duplicate or near-duplicate of row 96.
347,47,7,BSED Biological Science P7.pdf,/Users/lyndon/All reviewers/Sept2026_LET Reviewer Files/L. BSED - Biological Science-/BSED Biological Science P7.pdf,"Why do you experience not seeing things clearly for some seconds when you enter suddenly a well-lighted room after coming from a dark room, you?",,,The pupils are not adapted to the dark,,The eyes are adapted to the light only,,The pupils are not dilated yet,,Light had caused temporary blindness,,,,C,Answer key: C,LET Secondary,Biological Science,Biological Science,3,No,97,0.90,Duplicate,Path and PDF header indicate BSED/Secondary Biological Science major. Correct answer sourced from source PDF answer key. Duplicate or near-duplicate of row 97.
348,48,8,BSED Biological Science P7.pdf,/Users/lyndon/All reviewers/Sept2026_LET Reviewer Files/L. BSED - Biological Science-/BSED Biological Science P7.pdf,What term is used to describe the ability to maintain a constant internal environment?,,,Metabolism,,Growth and development,,Homeostasis,,Thermoregulation,,,,C,Answer key: C,LET Secondary,Biological Science,Genetics and Heredity,3,No,98,0.90,Duplicate,Path and PDF header indicate BSED/Secondary Biological Science major. Correct answer sourced from source PDF answer key. Duplicate or near-duplicate of row 98.
349,49,8,BSED Biological Science P7.pdf,/Users/lyndon/All reviewers/Sept2026_LET Reviewer Files/L. BSED - Biological Science-/BSED Biological Science P7.pdf,What is the most common cause of cardiovascular disease?,,,Fatty deposits in the arteries,,Inadequate supply of red blood cells,,Lack of sodium in the diet,,Increased heartbeat,,,,A,Answer key: A,LET Secondary,Biological Science,Biological Science,3,No,99,0.90,Duplicate,Path and PDF header indicate BSED/Secondary Biological Science major. Correct answer sourced from source PDF answer key. Duplicate or near-duplicate of row 99.
350,50,8,BSED Biological Science P7.pdf,/Users/lyndon/All reviewers/Sept2026_LET Reviewer Files/L. BSED - Biological Science-/BSED Biological Science P7.pdf,Which is the smallest unit of life that can survive and reproduce on its own?,,,Cell,,Organ,,Tissues,,Population,,,,A,Answer key: A,LET Secondary,Biological Science,Biological Science,3,No,100,0.90,Duplicate,Path and PDF header indicate BSED/Secondary Biological Science major. Correct answer sourced from source PDF answer key. Duplicate or near-duplicate of row 100.
351,51,1,BSED Biological Science P8.pdf,/Users/lyndon/All reviewers/Sept2026_LET Reviewer Files/L. BSED - Biological Science-/BSED Biological Science P8.pdf,A certain plant with needle – like leaves and cone – bearing usually grow and reproduce in cold places. What is the classification of this plant?,,,angiosperms,,gymnosperms,,bryophytes,,monocots,,,,B,Answer key: B,LET Secondary,Biological Science,Evolution and Classification,3,No,,0.98,Ready for Upload,Path and PDF header indicate BSED/Secondary Biological Science major. Correct answer sourced from source PDF answer key.
352,53,1,BSED Biological Science P8.pdf,/Users/lyndon/All reviewers/Sept2026_LET Reviewer Files/L. BSED - Biological Science-/BSED Biological Science P8.pdf,"This is an offshoot of water pollution resulting from an accumulation of phosphates and nitrates from waste materials, detergents, and fertilizers. What is this phenomenon that kills aquatic life?",,,acid rain,,eutrophication,,dynamite fishing,,cyanide fishing,,,,B,Answer key: B,LET Secondary,Biological Science,Ecology and Environment,3,No,,0.98,Ready for Upload,Path and PDF header indicate BSED/Secondary Biological Science major. Correct answer sourced from source PDF answer key.
353,54,1,BSED Biological Science P8.pdf,/Users/lyndon/All reviewers/Sept2026_LET Reviewer Files/L. BSED - Biological Science-/BSED Biological Science P8.pdf,Animals are grouped based on their structural similarities. Identify which pair of animals is closely related.,,,snake and toad,,whale and shark,,bat and monkey,,salamander and turtle,,,,C,Answer key: C,LET Secondary,Biological Science,Zoology,3,No,,0.98,Ready for Upload,Path and PDF header indicate BSED/Secondary Biological Science major. Correct answer sourced from source PDF answer key.
354,55,1,BSED Biological Science P8.pdf,/Users/lyndon/All reviewers/Sept2026_LET Reviewer Files/L. BSED - Biological Science-/BSED Biological Science P8.pdf,The following practices promote sustainable development except,,,reforestation,,recycling,,selective hunting,,cyanide fishing,,,,D,Answer key: D,LET Secondary,Biological Science,Ecology and Environment,3,No,,0.98,Ready for Upload,Path and PDF header indicate BSED/Secondary Biological Science major. Correct answer sourced from source PDF answer key.
355,56,1,BSED Biological Science P8.pdf,/Users/lyndon/All reviewers/Sept2026_LET Reviewer Files/L. BSED - Biological Science-/BSED Biological Science P8.pdf,Ant returning from a new food source marks a trail for other ants to follow. This chemical signal is called,,,hormones,,enzymes,,catalyst,,pheromones,,,,D,Answer key: D,LET Secondary,Biological Science,Biological Science,3,No,,0.98,Ready for Upload,Path and PDF header indicate BSED/Secondary Biological Science major. Correct answer sourced from source PDF answer key.
356,57,1,BSED Biological Science P8.pdf,/Users/lyndon/All reviewers/Sept2026_LET Reviewer Files/L. BSED - Biological Science-/BSED Biological Science P8.pdf,"A hydra, which has two layers of body cells, is",,,a coelenterate,,a flagellate,,an echinoderm,,a porifera,,,,A,Answer key: A,LET Secondary,Biological Science,Cell Biology and Biochemistry,3,No,,0.98,Ready for Upload,Path and PDF header indicate BSED/Secondary Biological Science major. Correct answer sourced from source PDF answer key.
357,58,1,BSED Biological Science P8.pdf,/Users/lyndon/All reviewers/Sept2026_LET Reviewer Files/L. BSED - Biological Science-/BSED Biological Science P8.pdf,"Unlike amphibians, reptiles",,,are covered with scales,,have a circulatory system,,are cold – blooded,,lays eggs,,,,A,Answer key: A,LET Secondary,Biological Science,Zoology,3,No,,0.98,Ready for Upload,Path and PDF header indicate BSED/Secondary Biological Science major. Correct answer sourced from source PDF answer key.
358,59,1,BSED Biological Science P8.pdf,/Users/lyndon/All reviewers/Sept2026_LET Reviewer Files/L. BSED - Biological Science-/BSED Biological Science P8.pdf,Both an octopus and a clam are,,,arachnids,,crustaceans,,tunicates,,molluscs,,,,D,Answer key: D,LET Secondary,Biological Science,Biological Science,3,No,,0.98,Ready for Upload,Path and PDF header indicate BSED/Secondary Biological Science major. Correct answer sourced from source PDF answer key.
359,60,1,BSED Biological Science P8.pdf,/Users/lyndon/All reviewers/Sept2026_LET Reviewer Files/L. BSED - Biological Science-/BSED Biological Science P8.pdf,A fruit is a .,,,ripened ovule,,ripened ovary,,ripened bud,,ripened stigma,,,,B,Answer key: B,LET Secondary,Biological Science,Botany,3,No,,0.98,Ready for Upload,Path and PDF header indicate BSED/Secondary Biological Science major. Correct answer sourced from source PDF answer key.
360,61,1,BSED Biological Science P8.pdf,/Users/lyndon/All reviewers/Sept2026_LET Reviewer Files/L. BSED - Biological Science-/BSED Biological Science P8.pdf,An imperfect flower is one that lacks either,,,sepals or petals,,stamens or pistils,,petals or stamens,,pistils or sepals,,,,B,Answer key: B,LET Secondary,Biological Science,Botany,3,No,,0.98,Ready for Upload,Path and PDF header indicate BSED/Secondary Biological Science major. Correct answer sourced from source PDF answer key.
361,62,1,BSED Biological Science P8.pdf,/Users/lyndon/All reviewers/Sept2026_LET Reviewer Files/L. BSED - Biological Science-/BSED Biological Science P8.pdf,Pollination is the _.,,,union of a person nucleus with an egg nucleus,,growth of a pollen tube in a style,,penetration of an embryo sac by a pollen tube,,transfer of pollen grains from an anther to a stigma,,,,D,Answer key: D,LET Secondary,Biological Science,Botany,3,No,,0.98,Ready for Upload,Path and PDF header indicate BSED/Secondary Biological Science major. Correct answer sourced from source PDF answer key.
362,63,1,BSED Biological Science P8.pdf,/Users/lyndon/All reviewers/Sept2026_LET Reviewer Files/L. BSED - Biological Science-/BSED Biological Science P8.pdf,The protist which can cause malaria when transmitted by the bite of the female anopheles mosquito is .,,,Plasmodium falcifarum,,Plasmodium ovale,,Plasmodium vivax,,Plasmodium,,,,C,Answer key: C,LET Secondary,Biological Science,Microbiology and Immunology,3,No,,0.98,Ready for Upload,Path and PDF header indicate BSED/Secondary Biological Science major. Correct answer sourced from source PDF answer key.
363,64,1,BSED Biological Science P8.pdf,/Users/lyndon/All reviewers/Sept2026_LET Reviewer Files/L. BSED - Biological Science-/BSED Biological Science P8.pdf,The arthropod which is an arachnid is the _.,,,butterfly,,spider,,beetle,,cockroach,,,,B,Answer key: B,LET Secondary,Biological Science,Zoology,3,No,,0.98,Ready for Upload,Path and PDF header indicate BSED/Secondary Biological Science major. Correct answer sourced from source PDF answer key.
364,65,2,BSED Biological Science P8.pdf,/Users/lyndon/All reviewers/Sept2026_LET Reviewer Files/L. BSED - Biological Science-/BSED Biological Science P8.pdf,The squid belongs to phylum _.,,,Chordata,,Mollusca,,Echinodermata,,Nemathelminthes,,,,B,Answer key: B,LET Secondary,Biological Science,Biological Science,3,No,,0.98,Ready for Upload,Path and PDF header indicate BSED/Secondary Biological Science major. Correct answer sourced from source PDF answer key.
365,66,2,BSED Biological Science P8.pdf,/Users/lyndon/All reviewers/Sept2026_LET Reviewer Files/L. BSED - Biological Science-/BSED Biological Science P8.pdf,"A dinner in a seafood restaurant includes clams, squid, and tuna. What phyla are represented?",,,porifera and mollusc,,cnidaria and chordate,,mollusca and chordate,,mollusca and arthropoda,,,,C,Answer key: C,LET Secondary,Biological Science,Biological Science,3,No,,0.98,Ready for Upload,Path and PDF header indicate BSED/Secondary Biological Science major. Correct answer sourced from source PDF answer key.
366,67,2,BSED Biological Science P8.pdf,/Users/lyndon/All reviewers/Sept2026_LET Reviewer Files/L. BSED - Biological Science-/BSED Biological Science P8.pdf,The body temperature of cold – blooded animals,,,is 10 deg. C,,is 100 deg. C,,changes with the environment,,remains constant,,,,C,Answer key: C,LET Secondary,Biological Science,Anatomy and Physiology,3,No,,0.98,Ready for Upload,Path and PDF header indicate BSED/Secondary Biological Science major. Correct answer sourced from source PDF answer key.
367,68,2,BSED Biological Science P8.pdf,/Users/lyndon/All reviewers/Sept2026_LET Reviewer Files/L. BSED - Biological Science-/BSED Biological Science P8.pdf,Each of the following is a primate except a,,,tarsier,,gorilla,,kangaroo,,human,,,,C,Answer key: C,LET Secondary,Biological Science,Zoology,3,No,,0.98,Ready for Upload,Path and PDF header indicate BSED/Secondary Biological Science major. Correct answer sourced from source PDF answer key.
368,69,2,BSED Biological Science P8.pdf,/Users/lyndon/All reviewers/Sept2026_LET Reviewer Files/L. BSED - Biological Science-/BSED Biological Science P8.pdf,"Development from a fertilized egg to adult may occur in either two ways. What do you call animals that are born resembling adults of the species, just like man?",,,viviparous,,oviparous,,ovoviviparous,,none of them,,,,A,Answer key: A,LET Secondary,Biological Science,Evolution and Classification,3,No,,0.98,Ready for Upload,Path and PDF header indicate BSED/Secondary Biological Science major. Correct answer sourced from source PDF answer key.
369,70,2,BSED Biological Science P8.pdf,/Users/lyndon/All reviewers/Sept2026_LET Reviewer Files/L. BSED - Biological Science-/BSED Biological Science P8.pdf,"Vivian and Carlo are two amateur fossils hunters, who were unable to unearth a complete fossil of mammals. How could they determine whether it was a herbivore, carnivore, or omnivore?",,,based on the skull,,based on the type of teeth,,based on the phalanges,,based on the vertebral column,,,,B,Answer key: B,LET Secondary,Biological Science,Evolution and Classification,3,No,,0.98,Ready for Upload,Path and PDF header indicate BSED/Secondary Biological Science major. Correct answer sourced from source PDF answer key.
370,71,2,BSED Biological Science P8.pdf,/Users/lyndon/All reviewers/Sept2026_LET Reviewer Files/L. BSED - Biological Science-/BSED Biological Science P8.pdf,Amphibians have adaptations that protect them from very cold and very warm temperatures. During the cold winter months they become inactive. They bury themselves in mud until the temperature warms up. What do you call the period of inactivity during winter?,,,hibernation,,aestivation,,incubation,,adaptation,,,,C,Answer key: C,LET Secondary,Biological Science,Zoology,3,No,,0.98,Ready for Upload,Path and PDF header indicate BSED/Secondary Biological Science major. Correct answer sourced from source PDF answer key.
371,72,2,BSED Biological Science P8.pdf,/Users/lyndon/All reviewers/Sept2026_LET Reviewer Files/L. BSED - Biological Science-/BSED Biological Science P8.pdf,Amoeba proteus is a very common amoeba that you use in the laboratory for experiments. You have probably observed their mode of motility. What do they use for locomotion?,,,cilia,,flagella,,pseudopodia,,feet,,,,C,Answer key: C,LET Secondary,Biological Science,Biology Pedagogy and Research,3,No,,0.98,Ready for Upload,Path and PDF header indicate BSED/Secondary Biological Science major. Correct answer sourced from source PDF answer key.
372,73,2,BSED Biological Science P8.pdf,/Users/lyndon/All reviewers/Sept2026_LET Reviewer Files/L. BSED - Biological Science-/BSED Biological Science P8.pdf,What is the relationship between the cattle and the bacteria and protozoa living within their stomachs?,,,parasitism,,commensalism,,mutualism,,predation,,,,C,Answer key: C,LET Secondary,Biological Science,Microbiology and Immunology,3,No,,0.98,Ready for Upload,Path and PDF header indicate BSED/Secondary Biological Science major. Correct answer sourced from source PDF answer key.
373,74,2,BSED Biological Science P8.pdf,/Users/lyndon/All reviewers/Sept2026_LET Reviewer Files/L. BSED - Biological Science-/BSED Biological Science P8.pdf,What is formed when two or more groups of different organisms live together and interact with each other in the same area?,,,community,,population,,niche,,ecosystem,,,,A,Answer key: A,LET Secondary,Biological Science,Biological Science,3,No,,0.98,Ready for Upload,Path and PDF header indicate BSED/Secondary Biological Science major. Correct answer sourced from source PDF answer key.
374,75,2,BSED Biological Science P8.pdf,/Users/lyndon/All reviewers/Sept2026_LET Reviewer Files/L. BSED - Biological Science-/BSED Biological Science P8.pdf,A green alga provides a fungus with nutrients and water. The fungus protects the alga from the sun and high temperatures. What relationship is illustrated in the given example?,,,parasitism,,commensalism,,mutualism,,predation,,,,C,Answer key: C,LET Secondary,Biological Science,Biological Science,3,No,,0.98,Ready for Upload,Path and PDF header indicate BSED/Secondary Biological Science major. Correct answer sourced from source PDF answer key.
375,76,3,BSED Biological Science P8.pdf,/Users/lyndon/All reviewers/Sept2026_LET Reviewer Files/L. BSED - Biological Science-/BSED Biological Science P8.pdf,Which is an example of a renewable energy source?,,,oil,,natural gas,,solar power,,coal,,,,C,Answer key: C,LET Secondary,Biological Science,Biological Science,3,No,,0.98,Ready for Upload,Path and PDF header indicate BSED/Secondary Biological Science major. Correct answer sourced from source PDF answer key.
376,77,3,BSED Biological Science P8.pdf,/Users/lyndon/All reviewers/Sept2026_LET Reviewer Files/L. BSED - Biological Science-/BSED Biological Science P8.pdf,Which is a source of biomass energy?,,,water,,wind,,geysers,,plants,,,,D,Answer key: D,LET Secondary,Biological Science,Biological Science,3,No,,0.98,Ready for Upload,Path and PDF header indicate BSED/Secondary Biological Science major. Correct answer sourced from source PDF answer key.
377,78,3,BSED Biological Science P8.pdf,/Users/lyndon/All reviewers/Sept2026_LET Reviewer Files/L. BSED - Biological Science-/BSED Biological Science P8.pdf,Which of the following refers to commensalism?,,,both organisms benefit,,both organisms are harmed,,one organism benefits and the other is harmed,,one organism benefits and the other is unaffected,,,,D,Answer key: D,LET Secondary,Biological Science,Ecology and Environment,3,No,,0.98,Ready for Upload,Path and PDF header indicate BSED/Secondary Biological Science major. Correct answer sourced from source PDF answer key.
378,79,3,BSED Biological Science P8.pdf,/Users/lyndon/All reviewers/Sept2026_LET Reviewer Files/L. BSED - Biological Science-/BSED Biological Science P8.pdf,What ecological structure is formed by a group of individuals of the same species living together in the same area?,,,niche,,community,,population,,ecosystem,,,,C,Answer key: C,LET Secondary,Biological Science,Evolution and Classification,3,No,,0.98,Ready for Upload,Path and PDF header indicate BSED/Secondary Biological Science major. Correct answer sourced from source PDF answer key.
379,80,3,BSED Biological Science P8.pdf,/Users/lyndon/All reviewers/Sept2026_LET Reviewer Files/L. BSED - Biological Science-/BSED Biological Science P8.pdf,All members of a group stem from a common ancestor and are capable of interbreeding. The taxonomy category referred to here is .,,,class,,order,,species,,family,,,,C,Answer key: C,LET Secondary,Biological Science,Evolution and Classification,3,No,,0.98,Ready for Upload,Path and PDF header indicate BSED/Secondary Biological Science major. Correct answer sourced from source PDF answer key.
380,81,3,BSED Biological Science P8.pdf,/Users/lyndon/All reviewers/Sept2026_LET Reviewer Files/L. BSED - Biological Science-/BSED Biological Science P8.pdf,Which of the following is an abiotic factor that may affect the types and numbers of animals that live in an area?,,,the range of temperatures experienced in the area,,the types of plants available for food sources,,the number and types of predators in the area,,the number of plants available for food sources,,,,A,Answer key: A,LET Secondary,Biological Science,Zoology,3,No,,0.98,Ready for Upload,Path and PDF header indicate BSED/Secondary Biological Science major. Correct answer sourced from source PDF answer key.
381,82,3,BSED Biological Science P8.pdf,/Users/lyndon/All reviewers/Sept2026_LET Reviewer Files/L. BSED - Biological Science-/BSED Biological Science P8.pdf,What do you call animals that feed on both plant and meat?,,,herbivores,,carnivores,,omnivores,,insectivores,,,,C,Answer key: C,LET Secondary,Biological Science,Botany,3,No,,0.98,Ready for Upload,Path and PDF header indicate BSED/Secondary Biological Science major. Correct answer sourced from source PDF answer key.
382,83,3,BSED Biological Science P8.pdf,/Users/lyndon/All reviewers/Sept2026_LET Reviewer Files/L. BSED - Biological Science-/BSED Biological Science P8.pdf,"After drinking dirty water, a student developed bloody diarrhea and liver problems in a few weeks later. Which of the following is the most likely cause of the disease?",,,paramecium,,dinoflagellates,,amoeba,,euglena,,,,C,Answer key: C,LET Secondary,Biological Science,Anatomy and Physiology,3,No,,0.98,Ready for Upload,Path and PDF header indicate BSED/Secondary Biological Science major. Correct answer sourced from source PDF answer key.
383,84,3,BSED Biological Science P8.pdf,/Users/lyndon/All reviewers/Sept2026_LET Reviewer Files/L. BSED - Biological Science-/BSED Biological Science P8.pdf,Chemical produced by some bacteria that can kill or weaken other bacteria,,,antitoxins,,antibodies,,antibiotics,,antiseptic,,,,C,Answer key: C,LET Secondary,Biological Science,Microbiology and Immunology,3,No,,0.98,Ready for Upload,Path and PDF header indicate BSED/Secondary Biological Science major. Correct answer sourced from source PDF answer key.
384,85,3,BSED Biological Science P8.pdf,/Users/lyndon/All reviewers/Sept2026_LET Reviewer Files/L. BSED - Biological Science-/BSED Biological Science P8.pdf,At what stages in its life cycle is a butterfly most active?,,,egg and larva,,larva and adult,,pupa and adult,,"adult and egg 85. Insecticides are used to control insect populations so that they do not destroy crops. However, over time, a new insecticide has to be developed as they become less effective in killing the insects. Why?",,,,B,Answer key: B,LET Secondary,Biological Science,Biological Science,3,No,,0.78,Needs Review,"Path and PDF header indicate BSED/Secondary Biological Science major. Correct answer sourced from source PDF answer key. Duplicate choice labels in source/OCR: A, B, C, D."
385,86,4,BSED Biological Science P8.pdf,/Users/lyndon/All reviewers/Sept2026_LET Reviewer Files/L. BSED - Biological Science-/BSED Biological Science P8.pdf,Not all organisms are harmful. Which of these is done by yeast?,,,encourage disease food,,cause milk to become cheese,,cause Yakult to be milky,,Promotes the rising of bread for baking,,,,D,Answer key: D,LET Secondary,Biological Science,Biological Science,3,No,,0.98,Ready for Upload,Path and PDF header indicate BSED/Secondary Biological Science major. Correct answer sourced from source PDF answer key.
386,87,4,BSED Biological Science P8.pdf,/Users/lyndon/All reviewers/Sept2026_LET Reviewer Files/L. BSED - Biological Science-/BSED Biological Science P8.pdf,Which of the following organisms is used to convert milk to cheese?,,,bacteria,,protozoa,,virus,,algae,,,,A,Answer key: A,LET Secondary,Biological Science,Biological Science,3,No,,0.98,Ready for Upload,Path and PDF header indicate BSED/Secondary Biological Science major. Correct answer sourced from source PDF answer key.
387,88,4,BSED Biological Science P8.pdf,/Users/lyndon/All reviewers/Sept2026_LET Reviewer Files/L. BSED - Biological Science-/BSED Biological Science P8.pdf,Why is it not quite possible for viruses to live and multiply in the outer layers of our skin?,,,The outer layer of the skin has dead cells only,,The outer layer of the skin has oil which is harmful to viruses.,,The outer layer of the skin has a lower temperature unsuitable for viruses.,,The outer layer of the skin has salt from perspiration which is harmful to viruses,,,,A,Answer key: A,LET Secondary,Biological Science,Microbiology and Immunology,3,No,,0.98,Ready for Upload,Path and PDF header indicate BSED/Secondary Biological Science major. Correct answer sourced from source PDF answer key.
388,89,4,BSED Biological Science P8.pdf,/Users/lyndon/All reviewers/Sept2026_LET Reviewer Files/L. BSED - Biological Science-/BSED Biological Science P8.pdf,Young people stand straight. Very old ones usually stoop. Why?,,,,,,,,,,,Sedentary lives of the old. f. Habit of stooping developed in the old. g. Greater gravitational pull on the old than on the young. h. Bones of the old have become weak and soft and their joints become loose.,,,Answer key: H,LET Secondary,Biological Science,Biological Science,3,No,,0.78,Incomplete,Path and PDF header indicate BSED/Secondary Biological Science major. Correct answer sourced from source PDF answer key.
389,90,4,BSED Biological Science P8.pdf,/Users/lyndon/All reviewers/Sept2026_LET Reviewer Files/L. BSED - Biological Science-/BSED Biological Science P8.pdf,Which of the following factors contribute to “greenhouse effect”?,,,destruction of the forests,,use of carbon dioxide by land plants,,depletion of minerals in the soil by overfarming,,use of solar glass panels to capture radiant energy,,,,A,Answer key: A,LET Secondary,Biological Science,Ecology and Environment,3,No,,0.98,Ready for Upload,Path and PDF header indicate BSED/Secondary Biological Science major. Correct answer sourced from source PDF answer key.
390,91,4,BSED Biological Science P8.pdf,/Users/lyndon/All reviewers/Sept2026_LET Reviewer Files/L. BSED - Biological Science-/BSED Biological Science P8.pdf,Angiosperms are also known as,,,cone bearing,,seed bearing,,flower bearing,,spore bearing,,,,C,Answer key: C,LET Secondary,Biological Science,Biological Science,3,No,,0.98,Ready for Upload,Path and PDF header indicate BSED/Secondary Biological Science major. Correct answer sourced from source PDF answer key.
391,92,4,BSED Biological Science P8.pdf,/Users/lyndon/All reviewers/Sept2026_LET Reviewer Files/L. BSED - Biological Science-/BSED Biological Science P8.pdf,"Some animals have the ability to produce a lost body part such as lizard, starfish, and brittle star. This method is known as",,,regeneration,,fragmentation,,budding,,fission,,,,A,Answer key: A,LET Secondary,Biological Science,Zoology,3,No,,0.98,Ready for Upload,Path and PDF header indicate BSED/Secondary Biological Science major. Correct answer sourced from source PDF answer key.
392,93,4,BSED Biological Science P8.pdf,/Users/lyndon/All reviewers/Sept2026_LET Reviewer Files/L. BSED - Biological Science-/BSED Biological Science P8.pdf,Metamorphosis is the change in structure from a larva to an adult. The following animals follow definite stages in their life cycle except,,,fly,,frog,,butterfly,,turtle,,,,D,Answer key: D,LET Secondary,Biological Science,Zoology,3,No,,0.98,Ready for Upload,Path and PDF header indicate BSED/Secondary Biological Science major. Correct answer sourced from source PDF answer key.
393,94,4,BSED Biological Science P8.pdf,/Users/lyndon/All reviewers/Sept2026_LET Reviewer Files/L. BSED - Biological Science-/BSED Biological Science P8.pdf,One of the principal causes of acid rain is,,,Waste and acid from chemical factories being pumped into rivers.,,Acid from chemical laboratories evaporating into the air.,,Gases from burning coal and oil dissolving in water in the atmosphere.,,Gases from air conditioner and refrigerators escaping into the atmosphere.,,,,C,Answer key: C,LET Secondary,Biological Science,Ecology and Environment,3,No,,0.98,Ready for Upload,Path and PDF header indicate BSED/Secondary Biological Science major. Correct answer sourced from source PDF answer key.
394,95,4,BSED Biological Science P8.pdf,/Users/lyndon/All reviewers/Sept2026_LET Reviewer Files/L. BSED - Biological Science-/BSED Biological Science P8.pdf,"While observing some plants, a student notices some very small plants found attached on rocks. The plants most likely belong to",,,angiosperms,,gymnosperms,,tracheophytes,,bryophytes,,,,D,Answer key: D,LET Secondary,Biological Science,Botany,3,No,,0.98,Ready for Upload,Path and PDF header indicate BSED/Secondary Biological Science major. Correct answer sourced from source PDF answer key.
395,96,4,BSED Biological Science P8.pdf,/Users/lyndon/All reviewers/Sept2026_LET Reviewer Files/L. BSED - Biological Science-/BSED Biological Science P8.pdf,"The sea urchin’s body is organized around the organism’s center, like the spokes of a wheel. What kind of symmetry does the sea urchin have?",,,bilateral,,radial,,asymmetrical,,unilateral,,,,B,Answer key: B,LET Secondary,Biological Science,Biological Science,3,No,,0.98,Ready for Upload,Path and PDF header indicate BSED/Secondary Biological Science major. Correct answer sourced from source PDF answer key.
396,97,5,BSED Biological Science P8.pdf,/Users/lyndon/All reviewers/Sept2026_LET Reviewer Files/L. BSED - Biological Science-/BSED Biological Science P8.pdf,Most vertebrates reproduce sexually. When does fertilization occur in sexual reproduction?,,,when a male animal releases sperm and a female animal releases eggs,,when part of an organism breaks off and begins to grow independently,,when the cells of an embryo begin to differentiate and become specialized,,when the nucleus of a sperm cell fuses with the nucleus of an egg cell,,,,D,Answer key: D,LET Secondary,Biological Science,Biological Science,3,No,,0.98,Ready for Upload,Path and PDF header indicate BSED/Secondary Biological Science major. Correct answer sourced from source PDF answer key.
397,98,5,BSED Biological Science P8.pdf,/Users/lyndon/All reviewers/Sept2026_LET Reviewer Files/L. BSED - Biological Science-/BSED Biological Science P8.pdf,Which of the following is a difference between invertebrates and vertebrates?,,,"Vertebrates have exoskeletons, and invertebrates have endoskeletons.",,"Invertebrates reproduce only asexually, vertebrates only reproduce sexually.",,"Vertebrates have a backbone, while invertebrates do not.",,"Invertebrates have bilateral symmetry, while vertebrates have radial symmetry.",,,,C,Answer key: C,LET Secondary,Biological Science,Biological Science,3,No,,0.98,Ready for Upload,Path and PDF header indicate BSED/Secondary Biological Science major. Correct answer sourced from source PDF answer key.
398,99,5,BSED Biological Science P8.pdf,/Users/lyndon/All reviewers/Sept2026_LET Reviewer Files/L. BSED - Biological Science-/BSED Biological Science P8.pdf,Which of the following is a function of the reproductive system?,,,to produce all the body’s hormones,,to regulate the body temperature,,to make the hormones that fight disease,,to regulate the development of male and female characteristics,,,,D,Answer key: D,LET Secondary,Biological Science,Anatomy and Physiology,3,No,,0.98,Ready for Upload,Path and PDF header indicate BSED/Secondary Biological Science major. Correct answer sourced from source PDF answer key.
399,100,5,BSED Biological Science P8.pdf,/Users/lyndon/All reviewers/Sept2026_LET Reviewer Files/L. BSED - Biological Science-/BSED Biological Science P8.pdf,The animal phylum that contains the largest number of different species is the,,,echinoderms,,chordates,,arthropods,,roundworms,,,,C,Answer key: C,LET Secondary,Biological Science,Evolution and Classification,3,No,,0.98,Ready for Upload,Path and PDF header indicate BSED/Secondary Biological Science major. Correct answer sourced from source PDF answer key.
400,1,1,BSED Biological Science P9.pdf,/Users/lyndon/All reviewers/Sept2026_LET Reviewer Files/L. BSED - Biological Science-/BSED Biological Science P9.pdf,Which of these describes a reproduction method of sexual organism?,,,forming a tuber,,fusing of sex cells from two parents,,producing runners,,division through binary fission,,,,B,Answer key: B,LET Secondary,Biological Science,Biological Science,3,No,,0.98,Ready for Upload,Path and PDF header indicate BSED/Secondary Biological Science major. Correct answer sourced from source PDF answer key.
401,2,1,BSED Biological Science P9.pdf,/Users/lyndon/All reviewers/Sept2026_LET Reviewer Files/L. BSED - Biological Science-/BSED Biological Science P9.pdf,The diaphragm is used in breathing by each of the following animals except the,,,kangaroo,,baboon,,frog,,human,,,,C,Answer key: C,LET Secondary,Biological Science,Zoology,3,No,,0.98,Ready for Upload,Path and PDF header indicate BSED/Secondary Biological Science major. Correct answer sourced from source PDF answer key.
402,3,1,BSED Biological Science P9.pdf,/Users/lyndon/All reviewers/Sept2026_LET Reviewer Files/L. BSED - Biological Science-/BSED Biological Science P9.pdf,Each of the following vertebrates is cold – blooded except,,,fish,,amphibians,,birds,,reptiles,,,,C,Answer key: C,LET Secondary,Biological Science,Anatomy and Physiology,3,No,,0.98,Ready for Upload,Path and PDF header indicate BSED/Secondary Biological Science major. Correct answer sourced from source PDF answer key.
403,4,1,BSED Biological Science P9.pdf,/Users/lyndon/All reviewers/Sept2026_LET Reviewer Files/L. BSED - Biological Science-/BSED Biological Science P9.pdf,The embryo develops within the mother in most,,,mammals,,reptiles,,amphibians,,fish,,,,A,Answer key: A,LET Secondary,Biological Science,Biological Science,3,No,,0.98,Ready for Upload,Path and PDF header indicate BSED/Secondary Biological Science major. Correct answer sourced from source PDF answer key.
404,5,1,BSED Biological Science P9.pdf,/Users/lyndon/All reviewers/Sept2026_LET Reviewer Files/L. BSED - Biological Science-/BSED Biological Science P9.pdf,A feature that relates the platypus to the reptiles is,,,egg – laying,,cold – bloodedness,,scales,,a diaphragm,,,,A,Answer key: A,LET Secondary,Biological Science,Zoology,3,No,,0.98,Ready for Upload,Path and PDF header indicate BSED/Secondary Biological Science major. Correct answer sourced from source PDF answer key.
405,6,1,BSED Biological Science P9.pdf,/Users/lyndon/All reviewers/Sept2026_LET Reviewer Files/L. BSED - Biological Science-/BSED Biological Science P9.pdf,The consumers in a food chain in a pond are the,,,algae,,plants,,bacteria,,animals,,,,D,Answer key: D,LET Secondary,Biological Science,Biological Science,3,No,,0.98,Ready for Upload,Path and PDF header indicate BSED/Secondary Biological Science major. Correct answer sourced from source PDF answer key.
406,7,1,BSED Biological Science P9.pdf,/Users/lyndon/All reviewers/Sept2026_LET Reviewer Files/L. BSED - Biological Science-/BSED Biological Science P9.pdf,"If you study how a fish is fitted for life in a quiet water, you are studying its",,,food pyramid,,adaptation,,interdependence,,population,,,,B,Answer key: B,LET Secondary,Biological Science,Zoology,3,No,,0.98,Ready for Upload,Path and PDF header indicate BSED/Secondary Biological Science major. Correct answer sourced from source PDF answer key.
407,8,2,BSED Biological Science P9.pdf,/Users/lyndon/All reviewers/Sept2026_LET Reviewer Files/L. BSED - Biological Science-/BSED Biological Science P9.pdf,All the plants and animals in a pond form,,,an environment,,a community,,a population,,an ecosystem,,,,B,Answer key: B,LET Secondary,Biological Science,Botany,3,No,,0.98,Ready for Upload,Path and PDF header indicate BSED/Secondary Biological Science major. Correct answer sourced from source PDF answer key.
408,9,2,BSED Biological Science P9.pdf,/Users/lyndon/All reviewers/Sept2026_LET Reviewer Files/L. BSED - Biological Science-/BSED Biological Science P9.pdf,Many interdependent food chains in a forest make up a,,,food pyramid,,pyramid of biomass,,food web,,habitat,,,,C,Answer key: C,LET Secondary,Biological Science,Biological Science,3,No,,0.98,Ready for Upload,Path and PDF header indicate BSED/Secondary Biological Science major. Correct answer sourced from source PDF answer key.
409,10,2,BSED Biological Science P9.pdf,/Users/lyndon/All reviewers/Sept2026_LET Reviewer Files/L. BSED - Biological Science-/BSED Biological Science P9.pdf,The second – order consumers in a food pyramid get their food directly from,,,carnivores,,decomposers,,producers,,herbivores,,,,D,Answer key: D,LET Secondary,Biological Science,Biological Science,3,No,,0.98,Ready for Upload,Path and PDF header indicate BSED/Secondary Biological Science major. Correct answer sourced from source PDF answer key.
410,11,2,BSED Biological Science P9.pdf,/Users/lyndon/All reviewers/Sept2026_LET Reviewer Files/L. BSED - Biological Science-/BSED Biological Science P9.pdf,All the plants and animals on earth,,,create new matter,,recycle the same matter,,create new energy,,recycle the same energy,,,,B,Answer key: B,LET Secondary,Biological Science,Botany,3,No,,0.98,Ready for Upload,Path and PDF header indicate BSED/Secondary Biological Science major. Correct answer sourced from source PDF answer key.
411,12,2,BSED Biological Science P9.pdf,/Users/lyndon/All reviewers/Sept2026_LET Reviewer Files/L. BSED - Biological Science-/BSED Biological Science P9.pdf,An animal’s heartbeat and breathing are slowed down when it,,,enters a habitat,,hunts for food,,occupies a niche,,hibernates,,,,D,Answer key: D,LET Secondary,Biological Science,Anatomy and Physiology,3,No,,0.98,Ready for Upload,Path and PDF header indicate BSED/Secondary Biological Science major. Correct answer sourced from source PDF answer key.
412,13,2,BSED Biological Science P9.pdf,/Users/lyndon/All reviewers/Sept2026_LET Reviewer Files/L. BSED - Biological Science-/BSED Biological Science P9.pdf,"If you catch a fish and eat it, you may be",,,a first – order consumer,,a second – order consumer,,a decomposer,,a scavenger,,,,B,Answer key: B,LET Secondary,Biological Science,Zoology,3,No,,0.98,Ready for Upload,Path and PDF header indicate BSED/Secondary Biological Science major. Correct answer sourced from source PDF answer key.
413,14,2,BSED Biological Science P9.pdf,/Users/lyndon/All reviewers/Sept2026_LET Reviewer Files/L. BSED - Biological Science-/BSED Biological Science P9.pdf,The part of sunlight absorbed most rapidly by water is,,,red light,,blue light,,violet light,,green light,,,,A,Answer key: A,LET Secondary,Biological Science,Biological Science,3,No,,0.98,Ready for Upload,Path and PDF header indicate BSED/Secondary Biological Science major. Correct answer sourced from source PDF answer key.
414,15,3,BSED Biological Science P9.pdf,/Users/lyndon/All reviewers/Sept2026_LET Reviewer Files/L. BSED - Biological Science-/BSED Biological Science P9.pdf,The increased effect of a pesticide on organisms that feed on each other in a lake is called,,,biological conservation,,biological magnification,,eutrophication,,nitrification,,,,B,Answer key: B,LET Secondary,Biological Science,Biological Science,3,No,,0.98,Ready for Upload,Path and PDF header indicate BSED/Secondary Biological Science major. Correct answer sourced from source PDF answer key.
415,16,3,BSED Biological Science P9.pdf,/Users/lyndon/All reviewers/Sept2026_LET Reviewer Files/L. BSED - Biological Science-/BSED Biological Science P9.pdf,Plants and animals in the same ecosystem usually have similar,,,shapes,,sizes,,ways of obtaining food,,environmental needs,,,,D,Answer key: D,LET Secondary,Biological Science,Ecology and Environment,3,No,,0.98,Ready for Upload,Path and PDF header indicate BSED/Secondary Biological Science major. Correct answer sourced from source PDF answer key.
416,17,3,BSED Biological Science P9.pdf,/Users/lyndon/All reviewers/Sept2026_LET Reviewer Files/L. BSED - Biological Science-/BSED Biological Science P9.pdf,Which of the following refers to a secondary carnivore?,,,eats only plants,,gets energy directly from the sun,,,,,,,,B,Answer key: B,LET Secondary,Biological Science,Biological Science,3,No,,0.78,Needs Review,"Path and PDF header indicate BSED/Secondary Biological Science major. Correct answer sourced from source PDF answer key. Duplicate choice labels in source/OCR: A, B."
417,18,3,BSED Biological Science P9.pdf,/Users/lyndon/All reviewers/Sept2026_LET Reviewer Files/L. BSED - Biological Science-/BSED Biological Science P9.pdf,Which of the following statements is true regarding a food chain?,,,there are more herbivores than carnivores,,each higher trophic level has more energy available to it,,the number of organism at each trophic level is not related to energy,,the biomass of third – order consumers is greater than the biomass of second – order consumers,,,,A,Answer key: A,LET Secondary,Biological Science,Biological Science,3,No,,0.98,Ready for Upload,Path and PDF header indicate BSED/Secondary Biological Science major. Correct answer sourced from source PDF answer key.
418,19,3,BSED Biological Science P9.pdf,/Users/lyndon/All reviewers/Sept2026_LET Reviewer Files/L. BSED - Biological Science-/BSED Biological Science P9.pdf,Which of the following is the result of biological magnification?,,,energy is lost at each trophic level of the food chain,,the greenhouse effect will be most significant at the poles,,top – level predators may be most harmed by toxic environmental chemicals,,DDT has spread throughout the ecosystem and is found in almost every organism,,,,C,Answer key: C,LET Secondary,Biological Science,Biological Science,3,No,,0.98,Ready for Upload,Path and PDF header indicate BSED/Secondary Biological Science major. Correct answer sourced from source PDF answer key.
419,20,3,BSED Biological Science P9.pdf,/Users/lyndon/All reviewers/Sept2026_LET Reviewer Files/L. BSED - Biological Science-/BSED Biological Science P9.pdf,Why are green plants considered autotrophs?,,,They have many pigments that capture light.,,They can build simple inorganic substances into complex organic substance.,,They can build any kind of substances.,,They depend on other sources for their food.,,,,B,Answer key: B,LET Secondary,Biological Science,Botany,3,No,,0.98,Ready for Upload,Path and PDF header indicate BSED/Secondary Biological Science major. Correct answer sourced from source PDF answer key.
420,21,4,BSED Biological Science P9.pdf,/Users/lyndon/All reviewers/Sept2026_LET Reviewer Files/L. BSED - Biological Science-/BSED Biological Science P9.pdf,In what trophic level of the food pyramid are consumers greatest in number?,,,first trophic,,second trophic,,third trophic,,fourth trophic,,,,D,Answer key: D,LET Secondary,Biological Science,Ecology and Environment,3,No,,0.98,Ready for Upload,Path and PDF header indicate BSED/Secondary Biological Science major. Correct answer sourced from source PDF answer key.
421,22,4,BSED Biological Science P9.pdf,/Users/lyndon/All reviewers/Sept2026_LET Reviewer Files/L. BSED - Biological Science-/BSED Biological Science P9.pdf,"In a pond or desert, light, warmth, water, minerals, carbon dioxide, and oxygen make up the",,,ecosystem,,community,,population,,physical environment,,,,D,Answer key: D,LET Secondary,Biological Science,Biological Science,3,No,,0.98,Ready for Upload,Path and PDF header indicate BSED/Secondary Biological Science major. Correct answer sourced from source PDF answer key.
422,23,4,BSED Biological Science P9.pdf,/Users/lyndon/All reviewers/Sept2026_LET Reviewer Files/L. BSED - Biological Science-/BSED Biological Science P9.pdf,Why do most plants look green?,,,The chlorophyll in plants captures green light for photosynthesis.,,The chlorophyll in plants reflects wavelengths of green light.,,The chloroplasts in plants are surrounded by two green membranes.,,The chloroplasts in plants make green sugar during photosynthesis.,,,,B,Answer key: B,LET Secondary,Biological Science,Botany,3,No,,0.98,Ready for Upload,Path and PDF header indicate BSED/Secondary Biological Science major. Correct answer sourced from source PDF answer key.
423,24,4,BSED Biological Science P9.pdf,/Users/lyndon/All reviewers/Sept2026_LET Reviewer Files/L. BSED - Biological Science-/BSED Biological Science P9.pdf,Green plants make glucose from,,,water and carbon dioxide,,chlorophyll and sunlight,,water and oxygen,,oxygen and carbon dioxide,,,,C,Answer key: C,LET Secondary,Biological Science,Botany,3,No,,0.98,Ready for Upload,Path and PDF header indicate BSED/Secondary Biological Science major. Correct answer sourced from source PDF answer key.
424,25,4,BSED Biological Science P9.pdf,/Users/lyndon/All reviewers/Sept2026_LET Reviewer Files/L. BSED - Biological Science-/BSED Biological Science P9.pdf,A male structure in the flowering plant is the,,,ovary,,ovule,,pistil,,stamen,,,,D,Answer key: D,LET Secondary,Biological Science,Botany,3,No,,0.98,Ready for Upload,Path and PDF header indicate BSED/Secondary Biological Science major. Correct answer sourced from source PDF answer key.
425,26,4,BSED Biological Science P9.pdf,/Users/lyndon/All reviewers/Sept2026_LET Reviewer Files/L. BSED - Biological Science-/BSED Biological Science P9.pdf,Transfer of pollen from the stamen of one flower to the pistil of another is,,,fertilization,,cross – pollination,,self – pollination,,reproduction,,,,B,Answer key: B,LET Secondary,Biological Science,Botany,3,No,,0.98,Ready for Upload,Path and PDF header indicate BSED/Secondary Biological Science major. Correct answer sourced from source PDF answer key.
426,27,5,BSED Biological Science P9.pdf,/Users/lyndon/All reviewers/Sept2026_LET Reviewer Files/L. BSED - Biological Science-/BSED Biological Science P9.pdf,Cuttings and graftings are examples of,,,adaptation,,fertilization,,vegetative propagation,,seed dispersal,,,,C,Answer key: C,LET Secondary,Biological Science,Biological Science,3,No,,0.98,Ready for Upload,Path and PDF header indicate BSED/Secondary Biological Science major. Correct answer sourced from source PDF answer key.
427,28,5,BSED Biological Science P9.pdf,/Users/lyndon/All reviewers/Sept2026_LET Reviewer Files/L. BSED - Biological Science-/BSED Biological Science P9.pdf,Both gymnosperms and angiosperms,,,produce flowers,,produce seeds,,have needle – like leaves,,lose all their leaves in the fall,,,,D,Answer key: D,LET Secondary,Biological Science,Biological Science,3,No,,0.98,Ready for Upload,Path and PDF header indicate BSED/Secondary Biological Science major. Correct answer sourced from source PDF answer key.
428,29,5,BSED Biological Science P9.pdf,/Users/lyndon/All reviewers/Sept2026_LET Reviewer Files/L. BSED - Biological Science-/BSED Biological Science P9.pdf,Water and minerals are carried upward in plant stems in the,,,phloem,,xylem,,guard cells,,stomata,,,,B,Answer key: B,LET Secondary,Biological Science,Botany,3,No,,0.98,Ready for Upload,Path and PDF header indicate BSED/Secondary Biological Science major. Correct answer sourced from source PDF answer key.
429,30,5,BSED Biological Science P9.pdf,/Users/lyndon/All reviewers/Sept2026_LET Reviewer Files/L. BSED - Biological Science-/BSED Biological Science P9.pdf,Vegetative reproduction is a form of,,,pollination,,seed dispersal,,sexual reproduction,,asexual reproduction,,,,D,Answer key: D,LET Secondary,Biological Science,Biological Science,3,No,,0.98,Ready for Upload,Path and PDF header indicate BSED/Secondary Biological Science major. Correct answer sourced from source PDF answer key.
430,31,5,BSED Biological Science P9.pdf,/Users/lyndon/All reviewers/Sept2026_LET Reviewer Files/L. BSED - Biological Science-/BSED Biological Science P9.pdf,Corn and other monocots have each of the following structures except,,,parallel veins,,seeds,,a layer of cambium,,xylem and phloem,,,,C,Answer key: C,LET Secondary,Biological Science,Biological Science,3,No,,0.98,Ready for Upload,Path and PDF header indicate BSED/Secondary Biological Science major. Correct answer sourced from source PDF answer key.
431,32,5,BSED Biological Science P9.pdf,/Users/lyndon/All reviewers/Sept2026_LET Reviewer Files/L. BSED - Biological Science-/BSED Biological Science P9.pdf,Green plants store the energy of sunlight by the process of,,,cellular respiration,,photosynthesis,,oxidation,,reproduction,,,,B,Answer key: B,LET Secondary,Biological Science,Botany,3,No,,0.98,Ready for Upload,Path and PDF header indicate BSED/Secondary Biological Science major. Correct answer sourced from source PDF answer key.
432,33,5,BSED Biological Science P9.pdf,/Users/lyndon/All reviewers/Sept2026_LET Reviewer Files/L. BSED - Biological Science-/BSED Biological Science P9.pdf,"In plants, food is usually made in the",,,roots,,stems,,leaves,,rootlets,,,,C,Answer key: C,LET Secondary,Biological Science,Botany,3,No,,0.98,Ready for Upload,Path and PDF header indicate BSED/Secondary Biological Science major. Correct answer sourced from source PDF answer key.
433,34,6,BSED Biological Science P9.pdf,/Users/lyndon/All reviewers/Sept2026_LET Reviewer Files/L. BSED - Biological Science-/BSED Biological Science P9.pdf,One function of roots is to,,,take in carbon dioxide,,give off oxygen,,anchor plant to the soil,,produce food,,,,C,Answer key: C,LET Secondary,Biological Science,Botany,3,No,,0.98,Ready for Upload,Path and PDF header indicate BSED/Secondary Biological Science major. Correct answer sourced from source PDF answer key.
434,35,6,BSED Biological Science P9.pdf,/Users/lyndon/All reviewers/Sept2026_LET Reviewer Files/L. BSED - Biological Science-/BSED Biological Science P9.pdf,Multicellular plants have many specialized structures. What function does xylem perform in multicellular vascular plants?,,,The xylem transports water and minerals from the roots to the leaves.,,The xylem is the place where photosynthesis takes place in a plant.,,The xylem breaks down sugar into a form that plant cells can use.,,The xylem is a woody tissue that fills the stem of a plant.,,,,A,Answer key: A,LET Secondary,Biological Science,Cell Biology and Biochemistry,3,No,,0.98,Ready for Upload,Path and PDF header indicate BSED/Secondary Biological Science major. Correct answer sourced from source PDF answer key.
435,36,6,BSED Biological Science P9.pdf,/Users/lyndon/All reviewers/Sept2026_LET Reviewer Files/L. BSED - Biological Science-/BSED Biological Science P9.pdf,Which is not a primary function of the stem?,,,absorption,,conduction,,support,,storage,,,,A,Answer key: A,LET Secondary,Biological Science,Botany,3,No,,0.98,Ready for Upload,Path and PDF header indicate BSED/Secondary Biological Science major. Correct answer sourced from source PDF answer key.
436,37,6,BSED Biological Science P9.pdf,/Users/lyndon/All reviewers/Sept2026_LET Reviewer Files/L. BSED - Biological Science-/BSED Biological Science P9.pdf,Ginger is a .,,,bulb,,corm,,rhizome,,tuber,,,,C,Answer key: C,LET Secondary,Biological Science,Biological Science,3,No,,0.98,Ready for Upload,Path and PDF header indicate BSED/Secondary Biological Science major. Correct answer sourced from source PDF answer key.
437,38,6,BSED Biological Science P9.pdf,/Users/lyndon/All reviewers/Sept2026_LET Reviewer Files/L. BSED - Biological Science-/BSED Biological Science P9.pdf,The primary functions of the root are _.,,,conduction and storage,,storage and anchorage,,anchorage and absorption,,absorption and conduction,,,,C,Answer key: C,LET Secondary,Biological Science,Botany,3,No,,0.98,Ready for Upload,Path and PDF header indicate BSED/Secondary Biological Science major. Correct answer sourced from source PDF answer key.
438,39,6,BSED Biological Science P9.pdf,/Users/lyndon/All reviewers/Sept2026_LET Reviewer Files/L. BSED - Biological Science-/BSED Biological Science P9.pdf,Carbon dioxide used in photosynthesis enters the leaves through the,,,root system,,stomata,,phloem,,fibrovascular bundles,,,,B,Answer key: B,LET Secondary,Biological Science,Botany,3,No,,0.98,Ready for Upload,Path and PDF header indicate BSED/Secondary Biological Science major. Correct answer sourced from source PDF answer key.
439,40,6,BSED Biological Science P9.pdf,/Users/lyndon/All reviewers/Sept2026_LET Reviewer Files/L. BSED - Biological Science-/BSED Biological Science P9.pdf,All of the following reduce loss of water from plants except,,,bark,,waxy layers on leaves,,closing of stomata,,opening of stomata,,,,D,Answer key: D,LET Secondary,Biological Science,Botany,3,No,,0.98,Ready for Upload,Path and PDF header indicate BSED/Secondary Biological Science major. Correct answer sourced from source PDF answer key.
440,41,7,BSED Biological Science P9.pdf,/Users/lyndon/All reviewers/Sept2026_LET Reviewer Files/L. BSED - Biological Science-/BSED Biological Science P9.pdf,The primary functions of leaves are .,,,photosynthesis and transpiration,,transpiration and respiration,,respiration and digestion,,respiration and photosynthesis,,,,A,Answer key: A,LET Secondary,Biological Science,Biological Science,3,No,,0.98,Ready for Upload,Path and PDF header indicate BSED/Secondary Biological Science major. Correct answer sourced from source PDF answer key.
441,42,7,BSED Biological Science P9.pdf,/Users/lyndon/All reviewers/Sept2026_LET Reviewer Files/L. BSED - Biological Science-/BSED Biological Science P9.pdf,Which of the following is not a correctly stated difference between monocots and dicots?,,,"parallel veins in monocots; branching, netlike venation in dicot leaves",,vascular bundles scattered in monocot stems; central vascular stele in dicot stems,,flower parts in threes in monocots; flower parts in multiples of four or five in dicots,,usually only primary growth in monocots; secondary growth in many dicots,,,,B,Answer key: B,LET Secondary,Biological Science,Biological Science,3,No,,0.98,Ready for Upload,Path and PDF header indicate BSED/Secondary Biological Science major. Correct answer sourced from source PDF answer key.
442,43,7,BSED Biological Science P9.pdf,/Users/lyndon/All reviewers/Sept2026_LET Reviewer Files/L. BSED - Biological Science-/BSED Biological Science P9.pdf,How are the processes of photosynthesis and cellular respiration connected?,,,both processes begin with oxygen,,both processes require sunlight,,each processes takes place only in plant cells,,each process makes the material needed in the other process,,,,D,Answer key: D,LET Secondary,Biological Science,Cell Biology and Biochemistry,3,No,,0.98,Ready for Upload,Path and PDF header indicate BSED/Secondary Biological Science major. Correct answer sourced from source PDF answer key.
443,44,7,BSED Biological Science P9.pdf,/Users/lyndon/All reviewers/Sept2026_LET Reviewer Files/L. BSED - Biological Science-/BSED Biological Science P9.pdf,Why do cells need oxygen?,,,Oxygen is used during the process of fermentation.,,Oxygen is used during the process of cell division.,,Oxygen is used during the process of cellular respiration.,,Oxygen is used during the process of meiosis.,,,,C,Answer key: C,LET Secondary,Biological Science,Cell Biology and Biochemistry,3,No,,0.98,Ready for Upload,Path and PDF header indicate BSED/Secondary Biological Science major. Correct answer sourced from source PDF answer key.
444,45,7,BSED Biological Science P9.pdf,/Users/lyndon/All reviewers/Sept2026_LET Reviewer Files/L. BSED - Biological Science-/BSED Biological Science P9.pdf,What is the result of cellular respiration?,,,Energy is produced from radiant sunlight and carbon dioxide.,,Energy is produced from sugar molecules and oxygen.,,Sunlight is converted into sugar molecules and oxygen.,,Sunlight is converted into water molecules.,,,,B,Answer key: B,LET Secondary,Biological Science,Cell Biology and Biochemistry,3,No,,0.98,Ready for Upload,Path and PDF header indicate BSED/Secondary Biological Science major. Correct answer sourced from source PDF answer key.
445,46,8,BSED Biological Science P9.pdf,/Users/lyndon/All reviewers/Sept2026_LET Reviewer Files/L. BSED - Biological Science-/BSED Biological Science P9.pdf,"As green plants make food, they are",,,first – order consumers,,second – order consumers,,decomposers,,producers,,,,D,Answer key: D,LET Secondary,Biological Science,Botany,3,No,,0.98,Ready for Upload,Path and PDF header indicate BSED/Secondary Biological Science major. Correct answer sourced from source PDF answer key.
446,47,8,BSED Biological Science P9.pdf,/Users/lyndon/All reviewers/Sept2026_LET Reviewer Files/L. BSED - Biological Science-/BSED Biological Science P9.pdf,The producers in a pond are usually,,,tadpoles,,algae,,bacteria,,small fish,,,,B,Answer key: B,LET Secondary,Biological Science,Biological Science,3,No,,0.98,Ready for Upload,Path and PDF header indicate BSED/Secondary Biological Science major. Correct answer sourced from source PDF answer key.
447,48,8,BSED Biological Science P9.pdf,/Users/lyndon/All reviewers/Sept2026_LET Reviewer Files/L. BSED - Biological Science-/BSED Biological Science P9.pdf,A series in which each organism serves as food for the next organism is a,,,food chain,,population,,community,,niche,,,,A,Answer key: A,LET Secondary,Biological Science,Biological Science,3,No,,0.98,Ready for Upload,Path and PDF header indicate BSED/Secondary Biological Science major. Correct answer sourced from source PDF answer key.
448,49,8,BSED Biological Science P9.pdf,/Users/lyndon/All reviewers/Sept2026_LET Reviewer Files/L. BSED - Biological Science-/BSED Biological Science P9.pdf,Substances from dead plants and animals are returned to the water by,,,producers,,consumers,,decomposers,,top consumers,,,,C,Answer key: C,LET Secondary,Biological Science,Botany,3,No,,0.98,Ready for Upload,Path and PDF header indicate BSED/Secondary Biological Science major. Correct answer sourced from source PDF answer key.
449,50,8,BSED Biological Science P9.pdf,/Users/lyndon/All reviewers/Sept2026_LET Reviewer Files/L. BSED - Biological Science-/BSED Biological Science P9.pdf,The special role of each organism in a food pyramid is its,,,system,,niche,,physical environment,,community,,,,B,Answer key: B,LET Secondary,Biological Science,Biological Science,3,No,,0.98,Ready for Upload,Path and PDF header indicate BSED/Secondary Biological Science major. Correct answer sourced from source PDF answer key.
450,51,1,BSED Biological Science P10.pdf,/Users/lyndon/All reviewers/Sept2026_LET Reviewer Files/L. BSED - Biological Science-/BSED Biological Science P10.pdf,Which of the following is an exocrine gland?,,,Plastids and pigments,,Asters and centrioles,,Chloroplasts and vacuoles,,Cell wall and cell membrane,,,,B,Answer key: B,LET Secondary,Biological Science,Anatomy and Physiology,3,No,101,0.90,Duplicate,Path and PDF header indicate BSED/Secondary Biological Science major. Correct answer sourced from source PDF answer key. Duplicate or near-duplicate of row 101.
451,52,1,BSED Biological Science P10.pdf,/Users/lyndon/All reviewers/Sept2026_LET Reviewer Files/L. BSED - Biological Science-/BSED Biological Science P10.pdf,Which of the following is an exocrine gland?,,,Thyroid gland,,Salivary gland,,Pituitary gland,,Adrenal gland,,,,B,Answer key: B,LET Secondary,Biological Science,Anatomy and Physiology,3,No,101,0.90,Duplicate,Path and PDF header indicate BSED/Secondary Biological Science major. Correct answer sourced from source PDF answer key. Duplicate or near-duplicate of row 101.
452,53,1,BSED Biological Science P10.pdf,/Users/lyndon/All reviewers/Sept2026_LET Reviewer Files/L. BSED - Biological Science-/BSED Biological Science P10.pdf,Which of the following is not an accessory organ of digestion?,,,Liver,,Pancreas,,Salivary gland,,Adrenal gland,,,,D,Answer key: D,LET Secondary,Biological Science,Anatomy and Physiology,3,No,103,0.90,Duplicate,Path and PDF header indicate BSED/Secondary Biological Science major. Correct answer sourced from source PDF answer key. Duplicate or near-duplicate of row 103.
453,54,1,BSED Biological Science P10.pdf,/Users/lyndon/All reviewers/Sept2026_LET Reviewer Files/L. BSED - Biological Science-/BSED Biological Science P10.pdf,What hormone stimulates the development of male secondary sex characteristics?,,,Estrogen,,Prolactin,,Testosterone,,Progesteron,,,,C,Answer key: C,LET Secondary,Biological Science,Anatomy and Physiology,3,No,104,0.90,Duplicate,Path and PDF header indicate BSED/Secondary Biological Science major. Correct answer sourced from source PDF answer key. Duplicate or near-duplicate of row 104.
454,55,1,BSED Biological Science P10.pdf,/Users/lyndon/All reviewers/Sept2026_LET Reviewer Files/L. BSED - Biological Science-/BSED Biological Science P10.pdf,Which of the following parts performs both as reproductive and urinary functions in males?,,,Ureter,,Testes,,Urethra,,Scrotum,,,,C,Answer key: C,LET Secondary,Biological Science,Anatomy and Physiology,3,No,105,0.90,Duplicate,Path and PDF header indicate BSED/Secondary Biological Science major. Correct answer sourced from source PDF answer key. Duplicate or near-duplicate of row 105.
455,56,1,BSED Biological Science P10.pdf,/Users/lyndon/All reviewers/Sept2026_LET Reviewer Files/L. BSED - Biological Science-/BSED Biological Science P10.pdf,"Which part of the brain is responsible for intelligence, memory and learned behavior?",,,Cerebellum,,Cerebrum,,Medulla,,Thalamus,,,,B,Answer key: B,LET Secondary,Biological Science,Anatomy and Physiology,3,No,106,0.90,Duplicate,Path and PDF header indicate BSED/Secondary Biological Science major. Correct answer sourced from source PDF answer key. Duplicate or near-duplicate of row 106.
456,57,1,BSED Biological Science P10.pdf,/Users/lyndon/All reviewers/Sept2026_LET Reviewer Files/L. BSED - Biological Science-/BSED Biological Science P10.pdf,Which of these materials is not a major component of the plasma membrane?,,,Phospholipids,,Glycoprotein,,Proteins,,DNA,,,,D,Answer key: D,LET Secondary,Biological Science,Cell Biology and Biochemistry,3,No,107,0.90,Duplicate,Path and PDF header indicate BSED/Secondary Biological Science major. Correct answer sourced from source PDF answer key. Duplicate or near-duplicate of row 107.
457,58,2,BSED Biological Science P10.pdf,/Users/lyndon/All reviewers/Sept2026_LET Reviewer Files/L. BSED - Biological Science-/BSED Biological Science P10.pdf,Which form of RNA delivers information from DNA to be used in making protein?,,,Messenger RNA,,Ribosomal RNA,,Transfer RNA,,All of the above,,,,A,Answer key: A,LET Secondary,Biological Science,Genetics and Heredity,3,No,108,0.90,Duplicate,Path and PDF header indicate BSED/Secondary Biological Science major. Correct answer sourced from source PDF answer key. Duplicate or near-duplicate of row 108.
458,59,2,BSED Biological Science P10.pdf,/Users/lyndon/All reviewers/Sept2026_LET Reviewer Files/L. BSED - Biological Science-/BSED Biological Science P10.pdf,Which of the following is not a type of cell?,,,Bacterium,,Amoeba,,Sperm,,Virus,,,,D,Answer key: D,LET Secondary,Biological Science,Cell Biology and Biochemistry,3,No,109,0.90,Duplicate,Path and PDF header indicate BSED/Secondary Biological Science major. Correct answer sourced from source PDF answer key. Duplicate or near-duplicate of row 109.
459,60,2,BSED Biological Science P10.pdf,/Users/lyndon/All reviewers/Sept2026_LET Reviewer Files/L. BSED - Biological Science-/BSED Biological Science P10.pdf,Which property of water is probably MOST important for the functioning of organisms at the molecular level?,,,Cohesion and high surface tension,,High specific heat,,High heat of vaporization,,Versatility as a solvent,,,,D,Answer key: D,LET Secondary,Biological Science,Biological Science,3,No,110,0.90,Duplicate,Path and PDF header indicate BSED/Secondary Biological Science major. Correct answer sourced from source PDF answer key. Duplicate or near-duplicate of row 110.
460,61,2,BSED Biological Science P10.pdf,/Users/lyndon/All reviewers/Sept2026_LET Reviewer Files/L. BSED - Biological Science-/BSED Biological Science P10.pdf,Which of the following statements is true of diffusion?,,,It requires an expenditure of energy by the cell,,It is a passive process,,It occurs when molecules move from a region of lower concentration to one of higher concentration,,It requires a membrane,,,,B,Answer key: B,LET Secondary,Biological Science,Biological Science,3,No,111,0.90,Duplicate,Path and PDF header indicate BSED/Secondary Biological Science major. Correct answer sourced from source PDF answer key. Duplicate or near-duplicate of row 111.
461,62,2,BSED Biological Science P10.pdf,/Users/lyndon/All reviewers/Sept2026_LET Reviewer Files/L. BSED - Biological Science-/BSED Biological Science P10.pdf,Which of the following is FALSE in comparing prophase I of meiosis and prophase of mitosis?,,,The chromosomes condense in both,,Tetrads form in both,,The nuclear envelope disassembles in both,,A spindle forms in both,,,,B,Answer key: B,LET Secondary,Biological Science,Genetics and Heredity,3,No,112,0.90,Duplicate,Path and PDF header indicate BSED/Secondary Biological Science major. Correct answer sourced from source PDF answer key. Duplicate or near-duplicate of row 112.
462,63,2,BSED Biological Science P10.pdf,/Users/lyndon/All reviewers/Sept2026_LET Reviewer Files/L. BSED - Biological Science-/BSED Biological Science P10.pdf,"Which are small, irregularly-shaped cells without nuclei but are rich in ATP?",,,Leukocytes,,Thrombocytes,,Lymphocytes,,Erythrocytes,,,,D,Answer key: D,LET Secondary,Biological Science,Cell Biology and Biochemistry,3,No,113,0.90,Duplicate,Path and PDF header indicate BSED/Secondary Biological Science major. Correct answer sourced from source PDF answer key. Duplicate or near-duplicate of row 113.
463,64,2,BSED Biological Science P10.pdf,/Users/lyndon/All reviewers/Sept2026_LET Reviewer Files/L. BSED - Biological Science-/BSED Biological Science P10.pdf,What branch of Biology is involved when one is studying the characteristic structure and functions of all kinds of cells?,,,Cytology,,Morphology,,Physiology,,Histology,,,,A,Answer key: A,LET Secondary,Biological Science,Cell Biology and Biochemistry,3,No,114,0.90,Duplicate,Path and PDF header indicate BSED/Secondary Biological Science major. Correct answer sourced from source PDF answer key. Duplicate or near-duplicate of row 114.
464,65,3,BSED Biological Science P10.pdf,/Users/lyndon/All reviewers/Sept2026_LET Reviewer Files/L. BSED - Biological Science-/BSED Biological Science P10.pdf,Which part of seed appears as a scar which marks the entry of the pollen tube during fertilization?,,,Seed leaf,,Cotyledon,,Testa,,Hilum,,,,D,Answer key: D,LET Secondary,Biological Science,Botany,3,No,115,0.90,Duplicate,Path and PDF header indicate BSED/Secondary Biological Science major. Correct answer sourced from source PDF answer key. Duplicate or near-duplicate of row 115.
465,66,3,BSED Biological Science P10.pdf,/Users/lyndon/All reviewers/Sept2026_LET Reviewer Files/L. BSED - Biological Science-/BSED Biological Science P10.pdf,Which type of tissue is responsible for the secondary growth in stems and roots of vascular plants?,,,Meristematic cells,,Cambium,,Palisade layer,,Epidermis,,,,B,Answer key: B,LET Secondary,Biological Science,Anatomy and Physiology,3,No,116,0.90,Duplicate,Path and PDF header indicate BSED/Secondary Biological Science major. Correct answer sourced from source PDF answer key. Duplicate or near-duplicate of row 116.
466,67,3,BSED Biological Science P10.pdf,/Users/lyndon/All reviewers/Sept2026_LET Reviewer Files/L. BSED - Biological Science-/BSED Biological Science P10.pdf,Which biome grows tropical grassland with scattered individual trees and larger herbivores?,,,Tundra,,Rain forest,,Grassland,,Savanna,,,,D,Answer key: D,LET Secondary,Biological Science,Ecology and Environment,3,No,117,0.90,Duplicate,Path and PDF header indicate BSED/Secondary Biological Science major. Correct answer sourced from source PDF answer key. Duplicate or near-duplicate of row 117.
467,68,3,BSED Biological Science P10.pdf,/Users/lyndon/All reviewers/Sept2026_LET Reviewer Files/L. BSED - Biological Science-/BSED Biological Science P10.pdf,What do you call that process in birds wherein they shed off features at least once a year?,,,Skinning,,Molting,,Furrowing,,Migrating,,,,B,Answer key: B,LET Secondary,Biological Science,Biological Science,3,No,118,0.90,Duplicate,Path and PDF header indicate BSED/Secondary Biological Science major. Correct answer sourced from source PDF answer key. Duplicate or near-duplicate of row 118.
468,69,3,BSED Biological Science P10.pdf,/Users/lyndon/All reviewers/Sept2026_LET Reviewer Files/L. BSED - Biological Science-/BSED Biological Science P10.pdf,What chemical controls metamorphosis among insects?,,,Enzymes,,Estradol,,Pheromones,,Ethylene,,,,A,Answer key: A,LET Secondary,Biological Science,Zoology,3,No,119,0.90,Duplicate,Path and PDF header indicate BSED/Secondary Biological Science major. Correct answer sourced from source PDF answer key. Duplicate or near-duplicate of row 119.
469,70,3,BSED Biological Science P10.pdf,/Users/lyndon/All reviewers/Sept2026_LET Reviewer Files/L. BSED - Biological Science-/BSED Biological Science P10.pdf,Which of the following makes up the plant cell wall?,,,Nucleic acid,,Cellulose,,Protein,,Lipids,,,,B,Answer key: B,LET Secondary,Biological Science,Cell Biology and Biochemistry,3,No,120,0.90,Duplicate,Path and PDF header indicate BSED/Secondary Biological Science major. Correct answer sourced from source PDF answer key. Duplicate or near-duplicate of row 120.
470,71,4,BSED Biological Science P10.pdf,/Users/lyndon/All reviewers/Sept2026_LET Reviewer Files/L. BSED - Biological Science-/BSED Biological Science P10.pdf,Which of the following is not true of fungi?,,,Some are pathogenic,,Some are photosynthetic,,Some are edible,,Form symbiotic relation with algae,,,,B,Answer key: B,LET Secondary,Biological Science,Microbiology and Immunology,3,No,121,0.90,Duplicate,Path and PDF header indicate BSED/Secondary Biological Science major. Correct answer sourced from source PDF answer key. Duplicate or near-duplicate of row 121.
471,72,4,BSED Biological Science P10.pdf,/Users/lyndon/All reviewers/Sept2026_LET Reviewer Files/L. BSED - Biological Science-/BSED Biological Science P10.pdf,Which of the following is not true of plants?,,,Some are pathogenic,,Some are photosynthetic,,Some are edible,,Form symbiotic relation with algae,,,,D,Answer key: D,LET Secondary,Biological Science,Botany,3,No,122,0.90,Duplicate,Path and PDF header indicate BSED/Secondary Biological Science major. Correct answer sourced from source PDF answer key. Duplicate or near-duplicate of row 122.
472,73,4,BSED Biological Science P10.pdf,/Users/lyndon/All reviewers/Sept2026_LET Reviewer Files/L. BSED - Biological Science-/BSED Biological Science P10.pdf,Which of the following is considered multi cellular?,,,Embryo,,Fertilized egg,,Egg cell,,Sperm cell,,,,A,Answer key: A,LET Secondary,Biological Science,Cell Biology and Biochemistry,3,No,123,0.90,Duplicate,Path and PDF header indicate BSED/Secondary Biological Science major. Correct answer sourced from source PDF answer key. Duplicate or near-duplicate of row 123.
473,74,4,BSED Biological Science P10.pdf,/Users/lyndon/All reviewers/Sept2026_LET Reviewer Files/L. BSED - Biological Science-/BSED Biological Science P10.pdf,What hormone promotes the growth of the uterine lining for the implantation of the embryo?,,,Lactogenic hormone,,Progesterone,,Testosterone,,Oxytocen,,,,B,Answer key: B,LET Secondary,Biological Science,Anatomy and Physiology,3,No,124,0.90,Duplicate,Path and PDF header indicate BSED/Secondary Biological Science major. Correct answer sourced from source PDF answer key. Duplicate or near-duplicate of row 124.
474,75,4,BSED Biological Science P10.pdf,/Users/lyndon/All reviewers/Sept2026_LET Reviewer Files/L. BSED - Biological Science-/BSED Biological Science P10.pdf,Which of the following pair of organisms are closely related?,,,Spider and mosquito,,Frog and crocodile,,Man and monkey,,Ants and aphids,,,,C,Answer key: C,LET Secondary,Biological Science,Biological Science,3,No,125,0.90,Duplicate,Path and PDF header indicate BSED/Secondary Biological Science major. Correct answer sourced from source PDF answer key. Duplicate or near-duplicate of row 125.
475,76,4,BSED Biological Science P10.pdf,/Users/lyndon/All reviewers/Sept2026_LET Reviewer Files/L. BSED - Biological Science-/BSED Biological Science P10.pdf,What does it mean if the blood pressure of human is 110/70?,,,The systolic pressure is 70,,The diastolic pressure is 70,,The pulse rate is 110 beats per minute,,Both B and C,,,,B,Answer key: B,LET Secondary,Biological Science,Anatomy and Physiology,3,No,126,0.90,Duplicate,Path and PDF header indicate BSED/Secondary Biological Science major. Correct answer sourced from source PDF answer key. Duplicate or near-duplicate of row 126.
476,77,4,BSED Biological Science P10.pdf,/Users/lyndon/All reviewers/Sept2026_LET Reviewer Files/L. BSED - Biological Science-/BSED Biological Science P10.pdf,Which of the following happens when man exhale?,,,The residual volume of the lungs decreases,,The diaphragm contracts,,The volume of the thoracic cavity decreases,,The lung contracts,,,,C,Answer key: C,LET Secondary,Biological Science,Biological Science,3,No,127,0.90,Duplicate,Path and PDF header indicate BSED/Secondary Biological Science major. Correct answer sourced from source PDF answer key. Duplicate or near-duplicate of row 127.
477,78,5,BSED Biological Science P10.pdf,/Users/lyndon/All reviewers/Sept2026_LET Reviewer Files/L. BSED - Biological Science-/BSED Biological Science P10.pdf,Which of the following regulate breathing?,,,RBC concentration,,Number of haemoglobin,,Hormone level in blood,,CO2 and O2 concentration and pH level sensors,,,,D,Answer key: D,LET Secondary,Biological Science,Biological Science,3,No,128,0.90,Duplicate,Path and PDF header indicate BSED/Secondary Biological Science major. Correct answer sourced from source PDF answer key. Duplicate or near-duplicate of row 128.
478,79,5,BSED Biological Science P10.pdf,/Users/lyndon/All reviewers/Sept2026_LET Reviewer Files/L. BSED - Biological Science-/BSED Biological Science P10.pdf,Which of the following has the lowest velocity of blood flow,,,Veins,,Arteries,,Capillaries,,Arterioles,,,,A,Answer key: A,LET Secondary,Biological Science,Anatomy and Physiology,3,No,129,0.90,Duplicate,Path and PDF header indicate BSED/Secondary Biological Science major. Correct answer sourced from source PDF answer key. Duplicate or near-duplicate of row 129.
479,80,5,BSED Biological Science P10.pdf,/Users/lyndon/All reviewers/Sept2026_LET Reviewer Files/L. BSED - Biological Science-/BSED Biological Science P10.pdf,How many carbon atoms can each pyruvic acid supply into the Kirb’s cycle?,,,8,,6,,4,,2,,,,D,Answer key: D,LET Secondary,Biological Science,Biological Science,3,No,130,0.90,Duplicate,Path and PDF header indicate BSED/Secondary Biological Science major. Correct answer sourced from source PDF answer key. Duplicate or near-duplicate of row 130.
480,81,5,BSED Biological Science P10.pdf,/Users/lyndon/All reviewers/Sept2026_LET Reviewer Files/L. BSED - Biological Science-/BSED Biological Science P10.pdf,.How many oxygen is required each time to a molecule of glucose is completely oxidized through aerobic respiration?,,,3,,6,,12,,24,,,,B,Answer key: B,LET Secondary,Biological Science,Anatomy and Physiology,3,No,131,0.90,Duplicate,Path and PDF header indicate BSED/Secondary Biological Science major. Correct answer sourced from source PDF answer key. Duplicate or near-duplicate of row 131.
481,82,5,BSED Biological Science P10.pdf,/Users/lyndon/All reviewers/Sept2026_LET Reviewer Files/L. BSED - Biological Science-/BSED Biological Science P10.pdf,Which of the following will not be accepted by glycolysis for catabolism?,,,Starch,,Glycerol,,Fatty acid,,Sucrose,,,,C,Answer key: C,LET Secondary,Biological Science,Biological Science,3,No,132,0.90,Duplicate,Path and PDF header indicate BSED/Secondary Biological Science major. Correct answer sourced from source PDF answer key. Duplicate or near-duplicate of row 132.
482,83,5,BSED Biological Science P10.pdf,/Users/lyndon/All reviewers/Sept2026_LET Reviewer Files/L. BSED - Biological Science-/BSED Biological Science P10.pdf,Which of the following characteristic is common between echinoderms and cnidarians?,,,They are both radically symmetrical,,They have segmented bodies,,Both have stinging cells,,They have three embryonic tissue layers,,,,A,Answer key: A,LET Secondary,Biological Science,Biological Science,3,No,133,0.90,Duplicate,Path and PDF header indicate BSED/Secondary Biological Science major. Correct answer sourced from source PDF answer key. Duplicate or near-duplicate of row 133.
483,84,5,BSED Biological Science P10.pdf,/Users/lyndon/All reviewers/Sept2026_LET Reviewer Files/L. BSED - Biological Science-/BSED Biological Science P10.pdf,Which of the following is true of Phylum Chordata? 1-Presence of notochord that provides skeletal support 2-Pharyngeal slits that have become modified for gas exchange 3-Dorsal hallow nerve cord that develops into the central nervous system,,,2 and 3,,1 and 2,,1 and 3,,"1, 2 and 3",,,,D,Answer key: D,LET Secondary,Biological Science,Anatomy and Physiology,3,No,,0.98,Ready for Upload,Path and PDF header indicate BSED/Secondary Biological Science major. Correct answer sourced from source PDF answer key.
484,85,6,BSED Biological Science P10.pdf,/Users/lyndon/All reviewers/Sept2026_LET Reviewer Files/L. BSED - Biological Science-/BSED Biological Science P10.pdf,Which of the following cannot be associated with fungi?,,,Absorptive nutrition,,Decomposers,,Autotrophs,,Spore production,,,,C,Answer key: C,LET Secondary,Biological Science,Microbiology and Immunology,3,No,135,0.90,Duplicate,Path and PDF header indicate BSED/Secondary Biological Science major. Correct answer sourced from source PDF answer key. Duplicate or near-duplicate of row 135.
485,90,6,BSED Biological Science P10.pdf,/Users/lyndon/All reviewers/Sept2026_LET Reviewer Files/L. BSED - Biological Science-/BSED Biological Science P10.pdf,What is most likely happen when a species cannot adapt to the changes in the environment?,,,It will be transform to another form,,It will become extinct,,It will be isolated,,It will grow old,,,,B,Answer key: B,LET Secondary,Biological Science,Evolution and Classification,3,No,140,0.90,Duplicate,Path and PDF header indicate BSED/Secondary Biological Science major. Correct answer sourced from source PDF answer key. Duplicate or near-duplicate of row 140.
486,91,6,BSED Biological Science P10.pdf,/Users/lyndon/All reviewers/Sept2026_LET Reviewer Files/L. BSED - Biological Science-/BSED Biological Science P10.pdf,What term is used to describe the released of matured egg cell from the ovary?,,,Fertilization,,Copulation,,Ovulation,,Germination,,,,C,Answer key: C,LET Secondary,Biological Science,Cell Biology and Biochemistry,3,No,141,0.90,Duplicate,Path and PDF header indicate BSED/Secondary Biological Science major. Correct answer sourced from source PDF answer key. Duplicate or near-duplicate of row 141.
487,92,6,BSED Biological Science P10.pdf,/Users/lyndon/All reviewers/Sept2026_LET Reviewer Files/L. BSED - Biological Science-/BSED Biological Science P10.pdf,Which of the following blood cells is responsible for blood clotting?,,,Erythrocytes,,Leukocytes,,Thrombocytes,,Neutrophils,,,,C,Answer key: C,LET Secondary,Biological Science,Cell Biology and Biochemistry,3,No,142,0.90,Duplicate,Path and PDF header indicate BSED/Secondary Biological Science major. Correct answer sourced from source PDF answer key. Duplicate or near-duplicate of row 142.
488,93,6,BSED Biological Science P10.pdf,/Users/lyndon/All reviewers/Sept2026_LET Reviewer Files/L. BSED - Biological Science-/BSED Biological Science P10.pdf,Where does ectopic pregnancy occur?,,,Uterus,,Ovary,,Cervix,,Fallopian tube,,,,D,Answer key: D,LET Secondary,Biological Science,Biological Science,3,No,143,0.90,Duplicate,Path and PDF header indicate BSED/Secondary Biological Science major. Correct answer sourced from source PDF answer key. Duplicate or near-duplicate of row 143.
489,94,7,BSED Biological Science P10.pdf,/Users/lyndon/All reviewers/Sept2026_LET Reviewer Files/L. BSED - Biological Science-/BSED Biological Science P10.pdf,Why is cell membrane semi permeability important?,,,It is important in determining the size of the cell,,It controls the kind of substances that enters and leaves the cell,,It controls the pressure and energy gradient,,It allows the molecules to diffuse freely in and out of the cell,,,,B,Answer key: B,LET Secondary,Biological Science,Cell Biology and Biochemistry,3,No,144,0.90,Duplicate,Path and PDF header indicate BSED/Secondary Biological Science major. Correct answer sourced from source PDF answer key. Duplicate or near-duplicate of row 144.
490,95,7,BSED Biological Science P10.pdf,/Users/lyndon/All reviewers/Sept2026_LET Reviewer Files/L. BSED - Biological Science-/BSED Biological Science P10.pdf,What theory of evolution accounts for snake’s disappearance of legs and development of giraffe’s long neck?,,,Theory of use and disuse,,Theory of natural selection,,Theory of chromosomal change,,Theory of action and interaction,,,,A,Answer key: A,LET Secondary,Biological Science,Evolution and Classification,3,No,145,0.90,Duplicate,Path and PDF header indicate BSED/Secondary Biological Science major. Correct answer sourced from source PDF answer key. Duplicate or near-duplicate of row 145.
491,96,7,BSED Biological Science P10.pdf,/Users/lyndon/All reviewers/Sept2026_LET Reviewer Files/L. BSED - Biological Science-/BSED Biological Science P10.pdf,Which hormone is insufficient in cretinism?,,,Glucagon,,Adrenalin,,Insulin,,Thyroxine,,,,D,Answer key: D,LET Secondary,Biological Science,Anatomy and Physiology,3,No,146,0.90,Duplicate,Path and PDF header indicate BSED/Secondary Biological Science major. Correct answer sourced from source PDF answer key. Duplicate or near-duplicate of row 146.
492,97,7,BSED Biological Science P10.pdf,/Users/lyndon/All reviewers/Sept2026_LET Reviewer Files/L. BSED - Biological Science-/BSED Biological Science P10.pdf,Which of the following is both endocrine and an exocrine gland?,,,Gastric glands,,Thyroid glands,,Pituitary glands,,Pancreas,,,,D,Answer key: D,LET Secondary,Biological Science,Anatomy and Physiology,3,No,147,0.90,Duplicate,Path and PDF header indicate BSED/Secondary Biological Science major. Correct answer sourced from source PDF answer key. Duplicate or near-duplicate of row 147.
493,98,7,BSED Biological Science P10.pdf,/Users/lyndon/All reviewers/Sept2026_LET Reviewer Files/L. BSED - Biological Science-/BSED Biological Science P10.pdf,What organ is controlled by the automatic nervous system?,,,Skeletal,,Muscles,,Heart,,Both A and B,,,,C,Answer key: C,LET Secondary,Biological Science,Anatomy and Physiology,3,No,148,0.90,Duplicate,Path and PDF header indicate BSED/Secondary Biological Science major. Correct answer sourced from source PDF answer key. Duplicate or near-duplicate of row 148.
494,99,7,BSED Biological Science P10.pdf,/Users/lyndon/All reviewers/Sept2026_LET Reviewer Files/L. BSED - Biological Science-/BSED Biological Science P10.pdf,"What do you call food in a semi-liquid form, partially digested and mixed with hydrochloric acid?",,,Gastric secretion,,Gastric fluid,,Mucosa,,Chime,,,,D,Answer key: D,LET Secondary,Biological Science,Anatomy and Physiology,3,No,149,0.90,Duplicate,Path and PDF header indicate BSED/Secondary Biological Science major. Correct answer sourced from source PDF answer key. Duplicate or near-duplicate of row 149.
495,100,7,BSED Biological Science P10.pdf,/Users/lyndon/All reviewers/Sept2026_LET Reviewer Files/L. BSED - Biological Science-/BSED Biological Science P10.pdf,Which is considered the master gland due to its influence on the activity of all the other glands?,,,Thyroid,,Adrenal,,Pituitary,,Parathyroid,,,,C,Answer key: C,LET Secondary,Biological Science,Anatomy and Physiology,3,No,150,0.90,Duplicate,Path and PDF header indicate BSED/Secondary Biological Science major. Correct answer sourced from source PDF answer key. Duplicate or near-duplicate of row 150.
