No.,Original No.,Page,Source PDF,Source Path,Question,Passage Reference,Question Image Reference,Choice A,Choice A Image Reference,Choice B,Choice B Image Reference,Choice C,Choice C Image Reference,Choice D,Choice D Image Reference,Choice E,Choice E Image Reference,Correct Answer,Explanation,LET Exam Type,Subject Area,Topic,Difficulty,Has Image,Duplicate Of,Confidence,Status,Notes
1,1,1,BSED Physical Science A.pdf,/Users/lyndon/All reviewers/Sept2026_LET Reviewer Files/L. BSED - Physical Science-/BSED Physical Science A.pdf,What is the momentum of a 2 kg object moving at 5 m/s?,,,2.5 kg·m/s,,5 kg·m/s,,10 kg·m/s,,25 kg·m/s,,,,C,p = m × v,LET Secondary,Physical Science,Mechanics,3,No,,0.98,Ready for Upload,Path and PDF header indicate BSED/Secondary Physical Science major. Correct answer sourced from source PDF answer key.
2,2,1,BSED Physical Science A.pdf,/Users/lyndon/All reviewers/Sept2026_LET Reviewer Files/L. BSED - Physical Science-/BSED Physical Science A.pdf,A car accelerates from rest to 20 m/s in 5 seconds. What is its acceleration?,,,2 m/s²,,4 m/s²,,5 m/s²,,10 m/s²,,,,B,a = Δv / t,LET Secondary,Physical Science,Mechanics,3,No,,0.98,Ready for Upload,Path and PDF header indicate BSED/Secondary Physical Science major. Correct answer sourced from source PDF answer key.
3,3,1,BSED Physical Science A.pdf,/Users/lyndon/All reviewers/Sept2026_LET Reviewer Files/L. BSED - Physical Science-/BSED Physical Science A.pdf,"If the net force on an object is zero, the object is said to be in:",,,Free fall,,Uniform acceleration,,Equilibrium,,Motion,,,,C,Net force = 0,LET Secondary,Physical Science,Mechanics,3,No,,0.98,Ready for Upload,Path and PDF header indicate BSED/Secondary Physical Science major. Correct answer sourced from source PDF answer key.
4,4,1,BSED Physical Science A.pdf,/Users/lyndon/All reviewers/Sept2026_LET Reviewer Files/L. BSED - Physical Science-/BSED Physical Science A.pdf,Which of the following describes projectile motion?,,,One-dimensional motion,,Constant speed and direction,,Two-dimensional motion under gravity,,Rotational motion,,,,C,Combination of horizontal and vertical movement,LET Secondary,Physical Science,Mechanics,3,No,,0.98,Ready for Upload,Path and PDF header indicate BSED/Secondary Physical Science major. Correct answer sourced from source PDF answer key.
5,5,1,BSED Physical Science A.pdf,/Users/lyndon/All reviewers/Sept2026_LET Reviewer Files/L. BSED - Physical Science-/BSED Physical Science A.pdf,The tendency of an object to resist a change in motion is called:,,,Momentum,,Inertia,,Energy,,Friction,,,,B,Resistance to change in motion,LET Secondary,Physical Science,Mechanics,3,No,,0.98,Ready for Upload,Path and PDF header indicate BSED/Secondary Physical Science major. Correct answer sourced from source PDF answer key.
6,6,1,BSED Physical Science A.pdf,/Users/lyndon/All reviewers/Sept2026_LET Reviewer Files/L. BSED - Physical Science-/BSED Physical Science A.pdf,The mechanical advantage (MA) of a lever is defined as:,,,Effort arm / Load arm,,Load / Effort,,Effort / Load,,Force × Distance,,,,A,Formula for lever advantage,LET Secondary,Physical Science,Mechanics,3,No,,0.98,Ready for Upload,Path and PDF header indicate BSED/Secondary Physical Science major. Correct answer sourced from source PDF answer key.
7,7,1,BSED Physical Science A.pdf,/Users/lyndon/All reviewers/Sept2026_LET Reviewer Files/L. BSED - Physical Science-/BSED Physical Science A.pdf,Which type of energy transformation occurs in an electric fan?,,,Mechanical to electrical,,Electrical to mechanical,,Thermal to kinetic,,Potential to electrical,,,,B,Motor principle,LET Secondary,Physical Science,Electricity and Magnetism,3,No,,0.98,Ready for Upload,Path and PDF header indicate BSED/Secondary Physical Science major. Correct answer sourced from source PDF answer key.
8,8,1,BSED Physical Science A.pdf,/Users/lyndon/All reviewers/Sept2026_LET Reviewer Files/L. BSED - Physical Science-/BSED Physical Science A.pdf,A 10-kg object is lifted 2 meters high. What is its potential energy? (g = 9.8 m/s²),,,19.6 J,,98 J,,196 J,,980 J,,,,A,PE = mgh,LET Secondary,Physical Science,Mechanics,3,No,,0.98,Ready for Upload,Path and PDF header indicate BSED/Secondary Physical Science major. Correct answer sourced from source PDF answer key.
9,9,1,BSED Physical Science A.pdf,/Users/lyndon/All reviewers/Sept2026_LET Reviewer Files/L. BSED - Physical Science-/BSED Physical Science A.pdf,The efficiency of a machine is always less than 100% due to:,,,Perfect design,,Friction,,High speed,,Elasticity,,,,B,Causes energy loss,LET Secondary,Physical Science,Physical Science,3,No,,0.98,Ready for Upload,Path and PDF header indicate BSED/Secondary Physical Science major. Correct answer sourced from source PDF answer key.
10,10,1,BSED Physical Science A.pdf,/Users/lyndon/All reviewers/Sept2026_LET Reviewer Files/L. BSED - Physical Science-/BSED Physical Science A.pdf,A force of 50 N moves an object 4 meters. Work done is:,,,12.5 J,,100 J,,200 J,,400 J,,,,C,W = F × d,LET Secondary,Physical Science,Mechanics,3,No,,0.98,Ready for Upload,Path and PDF header indicate BSED/Secondary Physical Science major. Correct answer sourced from source PDF answer key.
11,11,2,BSED Physical Science A.pdf,/Users/lyndon/All reviewers/Sept2026_LET Reviewer Files/L. BSED - Physical Science-/BSED Physical Science A.pdf,Which law of thermodynamics introduces the concept of entropy?,,,Zeroth Law,,First Law,,Second Law,,Third Law,,,,C,Introduces entropy,LET Secondary,Physical Science,Thermodynamics,3,No,,0.98,Ready for Upload,Path and PDF header indicate BSED/Secondary Physical Science major. Correct answer sourced from source PDF answer key.
12,12,2,BSED Physical Science A.pdf,/Users/lyndon/All reviewers/Sept2026_LET Reviewer Files/L. BSED - Physical Science-/BSED Physical Science A.pdf,"When ice melts into water, the process is called:",,,Condensation,,Fusion,,Vaporization,,Sublimation,,,,B,Melting process,LET Secondary,Physical Science,Physical Science,3,No,,0.98,Ready for Upload,Path and PDF header indicate BSED/Secondary Physical Science major. Correct answer sourced from source PDF answer key.
13,13,2,BSED Physical Science A.pdf,/Users/lyndon/All reviewers/Sept2026_LET Reviewer Files/L. BSED - Physical Science-/BSED Physical Science A.pdf,Heat transfer through electromagnetic waves is called:,,,Conduction,,Convection,,Radiation,,Reflection,,,,C,Transfer via electromagnetic waves,LET Secondary,Physical Science,Electricity and Magnetism,3,No,,0.98,Ready for Upload,Path and PDF header indicate BSED/Secondary Physical Science major. Correct answer sourced from source PDF answer key.
14,14,2,BSED Physical Science A.pdf,/Users/lyndon/All reviewers/Sept2026_LET Reviewer Files/L. BSED - Physical Science-/BSED Physical Science A.pdf,What happens to gas pressure when volume decreases at constant temperature?,,,Increases,,Decreases,,Constant,,Zero,,,,A,Boyle’s Law,LET Secondary,Physical Science,Thermodynamics,3,No,,0.98,Ready for Upload,Path and PDF header indicate BSED/Secondary Physical Science major. Correct answer sourced from source PDF answer key.
15,15,2,BSED Physical Science A.pdf,/Users/lyndon/All reviewers/Sept2026_LET Reviewer Files/L. BSED - Physical Science-/BSED Physical Science A.pdf,Which of the following is an endothermic process?,,,Freezing,,Condensation,,Melting,,Deposition,,,,C,Absorbs heat,LET Secondary,Physical Science,Thermodynamics,3,No,,0.98,Ready for Upload,Path and PDF header indicate BSED/Secondary Physical Science major. Correct answer sourced from source PDF answer key.
16,16,2,BSED Physical Science A.pdf,/Users/lyndon/All reviewers/Sept2026_LET Reviewer Files/L. BSED - Physical Science-/BSED Physical Science A.pdf,The SI unit of resistance is:,,,Ampere,,Volt,,Ohm,,Coulomb,,,,C,Unit of resistance,LET Secondary,Physical Science,Electricity and Magnetism,3,No,,0.98,Ready for Upload,Path and PDF header indicate BSED/Secondary Physical Science major. Correct answer sourced from source PDF answer key.
17,17,2,BSED Physical Science A.pdf,/Users/lyndon/All reviewers/Sept2026_LET Reviewer Files/L. BSED - Physical Science-/BSED Physical Science A.pdf,What happens to the current in a circuit if resistance is doubled and voltage remains constant?,,,Doubled,,Halved,,Tripled,,Unchanged,,,,B,I = V / R,LET Secondary,Physical Science,Electricity and Magnetism,3,No,,0.98,Ready for Upload,Path and PDF header indicate BSED/Secondary Physical Science major. Correct answer sourced from source PDF answer key.
18,18,2,BSED Physical Science A.pdf,/Users/lyndon/All reviewers/Sept2026_LET Reviewer Files/L. BSED - Physical Science-/BSED Physical Science A.pdf,The magnetic field around a straight current-carrying conductor is:,,,Parallel to the wire,,Circular around the wire,,Perpendicular to the current,,Randomly oriented,,,,B,Magnetic field pattern,LET Secondary,Physical Science,Electricity and Magnetism,3,No,,0.98,Ready for Upload,Path and PDF header indicate BSED/Secondary Physical Science major. Correct answer sourced from source PDF answer key.
19,19,2,BSED Physical Science A.pdf,/Users/lyndon/All reviewers/Sept2026_LET Reviewer Files/L. BSED - Physical Science-/BSED Physical Science A.pdf,The energy used by a 60-W light bulb in 2 hours is:,,,120 J,,1200 J,,"432,000 J",,"720,000 J",,,,C,P × t (60 × 7200),LET Secondary,Physical Science,Waves and Optics,3,No,,0.98,Ready for Upload,Path and PDF header indicate BSED/Secondary Physical Science major. Correct answer sourced from source PDF answer key.
20,20,2,BSED Physical Science A.pdf,/Users/lyndon/All reviewers/Sept2026_LET Reviewer Files/L. BSED - Physical Science-/BSED Physical Science A.pdf,An electric motor converts:,,,Electrical energy to mechanical energy,,Mechanical energy to electrical energy,,Heat energy to light energy,,"Chemical energy to potential energy V. Waves, Light, and Optics",,,,A,Motor principle,LET Secondary,Physical Science,Electricity and Magnetism,3,No,,0.98,Ready for Upload,Path and PDF header indicate BSED/Secondary Physical Science major. Correct answer sourced from source PDF answer key.
21,21,3,BSED Physical Science A.pdf,/Users/lyndon/All reviewers/Sept2026_LET Reviewer Files/L. BSED - Physical Science-/BSED Physical Science A.pdf,The frequency of a wave is inversely proportional to its:,,,Wavelength,,Amplitude,,Velocity,,Intensity,,,,A,Frequency inversely related to wavelength,LET Secondary,Physical Science,Waves and Optics,3,No,,0.98,Ready for Upload,Path and PDF header indicate BSED/Secondary Physical Science major. Correct answer sourced from source PDF answer key.
22,22,3,BSED Physical Science A.pdf,/Users/lyndon/All reviewers/Sept2026_LET Reviewer Files/L. BSED - Physical Science-/BSED Physical Science A.pdf,A sound wave is a type of:,,,Transverse wave,,Longitudinal wave,,Surface wave,,Polarized wave,,,,B,Sound travels parallel to direction,LET Secondary,Physical Science,Waves and Optics,3,No,,0.98,Ready for Upload,Path and PDF header indicate BSED/Secondary Physical Science major. Correct answer sourced from source PDF answer key.
23,23,3,BSED Physical Science A.pdf,/Users/lyndon/All reviewers/Sept2026_LET Reviewer Files/L. BSED - Physical Science-/BSED Physical Science A.pdf,The color of visible light with the shortest wavelength is:,,,Red,,Yellow,,Green,,Violet,,,,D,Shortest wavelength in visible spectrum,LET Secondary,Physical Science,Waves and Optics,3,No,,0.98,Ready for Upload,Path and PDF header indicate BSED/Secondary Physical Science major. Correct answer sourced from source PDF answer key.
24,24,3,BSED Physical Science A.pdf,/Users/lyndon/All reviewers/Sept2026_LET Reviewer Files/L. BSED - Physical Science-/BSED Physical Science A.pdf,The instrument that splits light into its spectrum is called a:,,,Telescope,,Microscope,,Prism,,Lens,,,,C,Disperses white light,LET Secondary,Physical Science,Waves and Optics,3,No,,0.98,Ready for Upload,Path and PDF header indicate BSED/Secondary Physical Science major. Correct answer sourced from source PDF answer key.
25,25,3,BSED Physical Science A.pdf,/Users/lyndon/All reviewers/Sept2026_LET Reviewer Files/L. BSED - Physical Science-/BSED Physical Science A.pdf,The human eye acts like a:,,,Plane mirror,,Convex lens,,Concave mirror,,Convex mirror,,,,B,Forms images in eye,LET Secondary,Physical Science,Physical Science,3,No,,0.98,Ready for Upload,Path and PDF header indicate BSED/Secondary Physical Science major. Correct answer sourced from source PDF answer key.
26,26,3,BSED Physical Science A.pdf,/Users/lyndon/All reviewers/Sept2026_LET Reviewer Files/L. BSED - Physical Science-/BSED Physical Science A.pdf,What type of bond involves the sharing of electrons?,,,Ionic,,Covalent,,Metallic,,Hydrogen,,,,B,Sharing of electrons,LET Secondary,Physical Science,Atomic and Nuclear Physics,3,No,,0.98,Ready for Upload,Path and PDF header indicate BSED/Secondary Physical Science major. Correct answer sourced from source PDF answer key.
27,27,3,BSED Physical Science A.pdf,/Users/lyndon/All reviewers/Sept2026_LET Reviewer Files/L. BSED - Physical Science-/BSED Physical Science A.pdf,The mass of one mole of a substance is called:,,,Atomic mass,,Molar mass,,Molecular weight,,Formula weight,,,,B,Mass of one mole,LET Secondary,Physical Science,Chemistry,3,No,,0.98,Ready for Upload,Path and PDF header indicate BSED/Secondary Physical Science major. Correct answer sourced from source PDF answer key.
28,28,3,BSED Physical Science A.pdf,/Users/lyndon/All reviewers/Sept2026_LET Reviewer Files/L. BSED - Physical Science-/BSED Physical Science A.pdf,The chemical symbol Na represents:,,,Nitrogen,,Sodium,,Nickel,,Neon,,,,B,Element with symbol Na,LET Secondary,Physical Science,Chemistry,3,No,,0.98,Ready for Upload,Path and PDF header indicate BSED/Secondary Physical Science major. Correct answer sourced from source PDF answer key.
29,29,3,BSED Physical Science A.pdf,/Users/lyndon/All reviewers/Sept2026_LET Reviewer Files/L. BSED - Physical Science-/BSED Physical Science A.pdf,The pH of a strong acid is approximately:,,,0–2,,4–6,,7,,8–10,,,,A,Strong acids have low pH,LET Secondary,Physical Science,Chemistry,3,No,,0.98,Ready for Upload,Path and PDF header indicate BSED/Secondary Physical Science major. Correct answer sourced from source PDF answer key.
30,30,4,BSED Physical Science A.pdf,/Users/lyndon/All reviewers/Sept2026_LET Reviewer Files/L. BSED - Physical Science-/BSED Physical Science A.pdf,The process of separating a solid from a liquid using a filter is:,,,Distillation,,Filtration,,Evaporation,,Chromatography,,,,B,Separation method,LET Secondary,Physical Science,Physical Science,3,No,,0.98,Ready for Upload,Path and PDF header indicate BSED/Secondary Physical Science major. Correct answer sourced from source PDF answer key.
31,31,4,BSED Physical Science A.pdf,/Users/lyndon/All reviewers/Sept2026_LET Reviewer Files/L. BSED - Physical Science-/BSED Physical Science A.pdf,The Earth’s outermost solid layer is called the:,,,Mantle,,Crust,,Core,,Lithosphere,,,,B,Outermost layer,LET Secondary,Physical Science,Earth and Space Science,3,No,,0.98,Ready for Upload,Path and PDF header indicate BSED/Secondary Physical Science major. Correct answer sourced from source PDF answer key.
32,32,4,BSED Physical Science A.pdf,/Users/lyndon/All reviewers/Sept2026_LET Reviewer Files/L. BSED - Physical Science-/BSED Physical Science A.pdf,Earthquakes are primarily caused by:,,,Volcanic eruptions,,Plate movements,,Weathering,,Erosion,,,,B,Cause earthquakes,LET Secondary,Physical Science,Earth and Space Science,3,No,,0.98,Ready for Upload,Path and PDF header indicate BSED/Secondary Physical Science major. Correct answer sourced from source PDF answer key.
33,33,4,BSED Physical Science A.pdf,/Users/lyndon/All reviewers/Sept2026_LET Reviewer Files/L. BSED - Physical Science-/BSED Physical Science A.pdf,The most abundant gas in Earth’s atmosphere is:,,,Oxygen,,Carbon dioxide,,Nitrogen,,Argon,,,,C,78% of atmosphere,LET Secondary,Physical Science,Earth and Space Science,3,No,,0.98,Ready for Upload,Path and PDF header indicate BSED/Secondary Physical Science major. Correct answer sourced from source PDF answer key.
34,34,4,BSED Physical Science A.pdf,/Users/lyndon/All reviewers/Sept2026_LET Reviewer Files/L. BSED - Physical Science-/BSED Physical Science A.pdf,The Earth’s revolution around the Sun causes:,,,Day and night,,Seasons,,Tides,,Wind,,,,B,Caused by Earth’s revolution,LET Secondary,Physical Science,Earth and Space Science,3,No,,0.98,Ready for Upload,Path and PDF header indicate BSED/Secondary Physical Science major. Correct answer sourced from source PDF answer key.
35,35,4,BSED Physical Science A.pdf,/Users/lyndon/All reviewers/Sept2026_LET Reviewer Files/L. BSED - Physical Science-/BSED Physical Science A.pdf,Which celestial body is a natural satellite?,,,Earth,,Moon,,Mars,,Sun,,,,B,Earth’s natural satellite,LET Secondary,Physical Science,Physical Science,3,No,,0.98,Ready for Upload,Path and PDF header indicate BSED/Secondary Physical Science major. Correct answer sourced from source PDF answer key.
36,36,4,BSED Physical Science A.pdf,/Users/lyndon/All reviewers/Sept2026_LET Reviewer Files/L. BSED - Physical Science-/BSED Physical Science A.pdf,Which of the following contributes to the greenhouse effect?,,,Nitrogen,,Carbon dioxide,,Argon,,Oxygen,,,,B,Main greenhouse gas,LET Secondary,Physical Science,Environmental Science,3,No,,0.98,Ready for Upload,Path and PDF header indicate BSED/Secondary Physical Science major. Correct answer sourced from source PDF answer key.
37,37,4,BSED Physical Science A.pdf,/Users/lyndon/All reviewers/Sept2026_LET Reviewer Files/L. BSED - Physical Science-/BSED Physical Science A.pdf,Ozone depletion is primarily caused by:,,,Carbon monoxide,,Chlorofluorocarbons,,Methane,,Sulfur dioxide,,,,B,Destroy ozone layer,LET Secondary,Physical Science,Environmental Science,3,No,,0.98,Ready for Upload,Path and PDF header indicate BSED/Secondary Physical Science major. Correct answer sourced from source PDF answer key.
38,38,4,BSED Physical Science A.pdf,/Users/lyndon/All reviewers/Sept2026_LET Reviewer Files/L. BSED - Physical Science-/BSED Physical Science A.pdf,Renewable energy includes:,,,Coal,,Natural gas,,Solar energy,,Uranium,,,,C,Renewable source,LET Secondary,Physical Science,Environmental Science,3,No,,0.98,Ready for Upload,Path and PDF header indicate BSED/Secondary Physical Science major. Correct answer sourced from source PDF answer key.
39,39,4,BSED Physical Science A.pdf,/Users/lyndon/All reviewers/Sept2026_LET Reviewer Files/L. BSED - Physical Science-/BSED Physical Science A.pdf,The process of water entering the soil is called:,,,Evaporation,,Infiltration,,Transpiration,,Condensation,,,,B,Water seeps into ground,LET Secondary,Physical Science,Physical Science,3,No,,0.98,Ready for Upload,Path and PDF header indicate BSED/Secondary Physical Science major. Correct answer sourced from source PDF answer key.
40,40,5,BSED Physical Science A.pdf,/Users/lyndon/All reviewers/Sept2026_LET Reviewer Files/L. BSED - Physical Science-/BSED Physical Science A.pdf,The natural warming of Earth’s surface is called:,,,Global cooling,,Greenhouse effect,,Climate variability,,Solar radiation,,,,B,Natural warming,LET Secondary,Physical Science,Earth and Space Science,3,No,,0.98,Ready for Upload,Path and PDF header indicate BSED/Secondary Physical Science major. Correct answer sourced from source PDF answer key.
41,41,5,BSED Physical Science A.pdf,/Users/lyndon/All reviewers/Sept2026_LET Reviewer Files/L. BSED - Physical Science-/BSED Physical Science A.pdf,Inquiry-based learning promotes:,,,Passive learning,,Memorization,,Discovery and investigation,,Listening and note-taking,,,,C,Core of inquiry learning,LET Secondary,Physical Science,Science Pedagogy and Research,3,No,,0.98,Ready for Upload,Path and PDF header indicate BSED/Secondary Physical Science major. Correct answer sourced from source PDF answer key.
42,42,5,BSED Physical Science A.pdf,/Users/lyndon/All reviewers/Sept2026_LET Reviewer Files/L. BSED - Physical Science-/BSED Physical Science A.pdf,The term “science process skills” refers to:,,,Scientific attitudes only,,Steps in experimentation,,Skills used to acquire scientific knowledge,,Skills in drawing conclusions,,,,C,"Observation, classification, etc.",LET Secondary,Physical Science,Science Pedagogy and Research,3,No,,0.98,Ready for Upload,Path and PDF header indicate BSED/Secondary Physical Science major. Correct answer sourced from source PDF answer key.
43,43,5,BSED Physical Science A.pdf,/Users/lyndon/All reviewers/Sept2026_LET Reviewer Files/L. BSED - Physical Science-/BSED Physical Science A.pdf,Which of the following is a dependent variable?,,,Time taken,,Amount of fertilizer used,,Growth of plant,,Type of soil,,,,C,Measured variable,LET Secondary,Physical Science,Science Pedagogy and Research,3,No,,0.98,Ready for Upload,Path and PDF header indicate BSED/Secondary Physical Science major. Correct answer sourced from source PDF answer key.
44,44,5,BSED Physical Science A.pdf,/Users/lyndon/All reviewers/Sept2026_LET Reviewer Files/L. BSED - Physical Science-/BSED Physical Science A.pdf,The best tool to assess laboratory skills is:,,,Essay test,,Performance checklist,,Multiple-choice test,,True or false test,,,,B,Measures lab skills,LET Secondary,Physical Science,Science Pedagogy and Research,3,No,,0.98,Ready for Upload,Path and PDF header indicate BSED/Secondary Physical Science major. Correct answer sourced from source PDF answer key.
45,45,5,BSED Physical Science A.pdf,/Users/lyndon/All reviewers/Sept2026_LET Reviewer Files/L. BSED - Physical Science-/BSED Physical Science A.pdf,The 5E model of science teaching includes:,,,"Engage, Explore, Explain, Elaborate, Evaluate",,"Explain, Elaborate, Enact, End, Evaluate",,"Examine, Explore, Enrich, Evaluate, End",,"Engage, Experience, Examine, Execute, Evaluate",,,,A,5E Model,LET Secondary,Physical Science,Science Pedagogy and Research,3,No,,0.98,Ready for Upload,Path and PDF header indicate BSED/Secondary Physical Science major. Correct answer sourced from source PDF answer key.
46,46,5,BSED Physical Science A.pdf,/Users/lyndon/All reviewers/Sept2026_LET Reviewer Files/L. BSED - Physical Science-/BSED Physical Science A.pdf,Which is the independent variable in an experiment?,,,The one manipulated by the experimenter,,The one measured for results,,The one kept constant,,The control setup,,,,A,Independent variable,LET Secondary,Physical Science,Science Pedagogy and Research,3,No,,0.98,Ready for Upload,Path and PDF header indicate BSED/Secondary Physical Science major. Correct answer sourced from source PDF answer key.
47,47,5,BSED Physical Science A.pdf,/Users/lyndon/All reviewers/Sept2026_LET Reviewer Files/L. BSED - Physical Science-/BSED Physical Science A.pdf,The variable held constant throughout an experiment is called:,,,Independent,,Dependent,,Controlled,,Random,,,,C,Constant variable,LET Secondary,Physical Science,Science Pedagogy and Research,3,No,,0.98,Ready for Upload,Path and PDF header indicate BSED/Secondary Physical Science major. Correct answer sourced from source PDF answer key.
48,48,5,BSED Physical Science A.pdf,/Users/lyndon/All reviewers/Sept2026_LET Reviewer Files/L. BSED - Physical Science-/BSED Physical Science A.pdf,The scientific method starts with:,,,Formulating a hypothesis,,Making an observation,,Testing an experiment,,Analyzing results,,,,B,First step of inquiry,LET Secondary,Physical Science,Science Pedagogy and Research,3,No,,0.98,Ready for Upload,Path and PDF header indicate BSED/Secondary Physical Science major. Correct answer sourced from source PDF answer key.
49,49,5,BSED Physical Science A.pdf,/Users/lyndon/All reviewers/Sept2026_LET Reviewer Files/L. BSED - Physical Science-/BSED Physical Science A.pdf,The final step of the scientific method is:,,,Data analysis,,Conclusion,,Experimentation,,Hypothesis,,,,B,Last step of scientific method,LET Secondary,Physical Science,Science Pedagogy and Research,3,No,,0.98,Ready for Upload,Path and PDF header indicate BSED/Secondary Physical Science major. Correct answer sourced from source PDF answer key.
50,50,6,BSED Physical Science A.pdf,/Users/lyndon/All reviewers/Sept2026_LET Reviewer Files/L. BSED - Physical Science-/BSED Physical Science A.pdf,"The teacher encourages learners to identify problems, gather data, and test solutions. This is:",,,Constructivist approach,,Teacher-centered method,,Lecture method,,Discussion method,,,,A,Learners construct knowledge actively,LET Secondary,Physical Science,Chemistry,3,No,,0.98,Ready for Upload,Path and PDF header indicate BSED/Secondary Physical Science major. Correct answer sourced from source PDF answer key.
51,1,1,BSED Physical Science B.pdf,/Users/lyndon/All reviewers/Sept2026_LET Reviewer Files/L. BSED - Physical Science-/BSED Physical Science B.pdf,The SI unit of force is:,,,Joule,,Watt,,Newton,,Pascal,,,,C,SI unit for force.,LET Secondary,Physical Science,Mechanics,3,No,,0.98,Ready for Upload,Path and PDF header indicate BSED/Secondary Physical Science major. Correct answer sourced from source PDF answer key.
52,2,1,BSED Physical Science B.pdf,/Users/lyndon/All reviewers/Sept2026_LET Reviewer Files/L. BSED - Physical Science-/BSED Physical Science B.pdf,Which of the following is a scalar quantity?,,,Force,,Acceleration,,Distance,,Velocity,,,,C,Scalar has magnitude only.,LET Secondary,Physical Science,Mechanics,3,No,,0.98,Ready for Upload,Path and PDF header indicate BSED/Secondary Physical Science major. Correct answer sourced from source PDF answer key.
53,3,1,BSED Physical Science B.pdf,/Users/lyndon/All reviewers/Sept2026_LET Reviewer Files/L. BSED - Physical Science-/BSED Physical Science B.pdf,The acceleration due to gravity on Earth is approximately:,,,8.9 m/s²,,9.8 m/s²,,10.5 m/s²,,12 m/s²,,,,B,Standard gravity on Earth.,LET Secondary,Physical Science,Earth and Space Science,3,No,,0.98,Ready for Upload,Path and PDF header indicate BSED/Secondary Physical Science major. Correct answer sourced from source PDF answer key.
54,4,1,BSED Physical Science B.pdf,/Users/lyndon/All reviewers/Sept2026_LET Reviewer Files/L. BSED - Physical Science-/BSED Physical Science B.pdf,The first law of motion states that:,,,"For every action, there is an equal and opposite reaction.",,An object at rest remains at rest unless acted upon by an external force.,,Force equals mass times acceleration.,,Acceleration is directly proportional to force.,,,,B,Newton’s 1st Law.,LET Secondary,Physical Science,Mechanics,3,No,,0.98,Ready for Upload,Path and PDF header indicate BSED/Secondary Physical Science major. Correct answer sourced from source PDF answer key.
55,5,1,BSED Physical Science B.pdf,/Users/lyndon/All reviewers/Sept2026_LET Reviewer Files/L. BSED - Physical Science-/BSED Physical Science B.pdf,The momentum of an object is the product of:,,,Mass and acceleration,,Force and time,,Mass and velocity,,Weight and time,,,,C,p = m × v.,LET Secondary,Physical Science,Mechanics,3,No,,0.98,Ready for Upload,Path and PDF header indicate BSED/Secondary Physical Science major. Correct answer sourced from source PDF answer key.
56,6,1,BSED Physical Science B.pdf,/Users/lyndon/All reviewers/Sept2026_LET Reviewer Files/L. BSED - Physical Science-/BSED Physical Science B.pdf,Work is done when:,,,Force is applied but there is no movement.,,A force moves an object in the direction of the force.,,An object moves in any direction.,,Force and motion are perpendicular.,,,,A,Work = F × d.,LET Secondary,Physical Science,Mechanics,3,No,,0.98,Ready for Upload,Path and PDF header indicate BSED/Secondary Physical Science major. Correct answer sourced from source PDF answer key.
57,7,1,BSED Physical Science B.pdf,/Users/lyndon/All reviewers/Sept2026_LET Reviewer Files/L. BSED - Physical Science-/BSED Physical Science B.pdf,The unit of power is:,,,Newton,,Joule,,Watt,,Ampere,,,,C,Unit of power.,LET Secondary,Physical Science,Mechanics,3,No,,0.98,Ready for Upload,Path and PDF header indicate BSED/Secondary Physical Science major. Correct answer sourced from source PDF answer key.
58,8,1,BSED Physical Science B.pdf,/Users/lyndon/All reviewers/Sept2026_LET Reviewer Files/L. BSED - Physical Science-/BSED Physical Science B.pdf,The energy an object possesses due to its motion is called:,,,Kinetic energy,,Potential energy,,Chemical energy,,Electrical energy,,,,A,Energy due to motion.,LET Secondary,Physical Science,Mechanics,3,No,,0.98,Ready for Upload,Path and PDF header indicate BSED/Secondary Physical Science major. Correct answer sourced from source PDF answer key.
59,9,1,BSED Physical Science B.pdf,/Users/lyndon/All reviewers/Sept2026_LET Reviewer Files/L. BSED - Physical Science-/BSED Physical Science B.pdf,The law of conservation of energy states that energy:,,,Is destroyed during a reaction,,Can be created and destroyed,,Can neither be created nor destroyed,,Is constant only in motion,,,,C,Conservation of energy.,LET Secondary,Physical Science,Physical Science,3,No,,0.98,Ready for Upload,Path and PDF header indicate BSED/Secondary Physical Science major. Correct answer sourced from source PDF answer key.
60,10,1,BSED Physical Science B.pdf,/Users/lyndon/All reviewers/Sept2026_LET Reviewer Files/L. BSED - Physical Science-/BSED Physical Science B.pdf,The energy stored in a stretched spring is:,,,Kinetic energy,,Elastic potential energy,,Chemical energy,,Electrical energy,,,,B,Stored in stretched objects.,LET Secondary,Physical Science,Physical Science,3,No,,0.98,Ready for Upload,Path and PDF header indicate BSED/Secondary Physical Science major. Correct answer sourced from source PDF answer key.
61,11,2,BSED Physical Science B.pdf,/Users/lyndon/All reviewers/Sept2026_LET Reviewer Files/L. BSED - Physical Science-/BSED Physical Science B.pdf,Heat transfer through a solid material is called:,,,Convection,,Conduction,,Radiation,,Reflection,,,,B,Heat transfer through solids.,LET Secondary,Physical Science,Thermodynamics,3,No,,0.98,Ready for Upload,Path and PDF header indicate BSED/Secondary Physical Science major. Correct answer sourced from source PDF answer key.
62,12,2,BSED Physical Science B.pdf,/Users/lyndon/All reviewers/Sept2026_LET Reviewer Files/L. BSED - Physical Science-/BSED Physical Science B.pdf,The amount of heat required to raise the temperature of 1 gram of water by 1°C is called:,,,Joule,,Calorie,,Watt,,Kelvin,,,,B,Heat unit for water.,LET Secondary,Physical Science,Thermodynamics,3,No,,0.98,Ready for Upload,Path and PDF header indicate BSED/Secondary Physical Science major. Correct answer sourced from source PDF answer key.
63,13,2,BSED Physical Science B.pdf,/Users/lyndon/All reviewers/Sept2026_LET Reviewer Files/L. BSED - Physical Science-/BSED Physical Science B.pdf,The temperature at which water freezes in Fahrenheit is:,,,0°F,,32°F,,100°F,,212°F,,,,B,Freezing point of water.,LET Secondary,Physical Science,Thermodynamics,3,No,,0.98,Ready for Upload,Path and PDF header indicate BSED/Secondary Physical Science major. Correct answer sourced from source PDF answer key.
64,14,2,BSED Physical Science B.pdf,/Users/lyndon/All reviewers/Sept2026_LET Reviewer Files/L. BSED - Physical Science-/BSED Physical Science B.pdf,The second law of thermodynamics deals with:,,,Conservation of mass,,Entropy,,Energy creation,,Force equilibrium,,,,B,Degree of disorder increases.,LET Secondary,Physical Science,Thermodynamics,3,No,,0.98,Ready for Upload,Path and PDF header indicate BSED/Secondary Physical Science major. Correct answer sourced from source PDF answer key.
65,15,2,BSED Physical Science B.pdf,/Users/lyndon/All reviewers/Sept2026_LET Reviewer Files/L. BSED - Physical Science-/BSED Physical Science B.pdf,When two objects are in thermal equilibrium:,,,They have equal mass,,They have equal temperature,,They stop moving,,They have the same color,,,,B,Thermal equilibrium.,LET Secondary,Physical Science,Thermodynamics,3,No,,0.98,Ready for Upload,Path and PDF header indicate BSED/Secondary Physical Science major. Correct answer sourced from source PDF answer key.
66,16,2,BSED Physical Science B.pdf,/Users/lyndon/All reviewers/Sept2026_LET Reviewer Files/L. BSED - Physical Science-/BSED Physical Science B.pdf,The unit of electric current is:,,,Volt,,Ampere,,Ohm,,Coulomb,,,,B,Unit of current.,LET Secondary,Physical Science,Electricity and Magnetism,3,No,,0.98,Ready for Upload,Path and PDF header indicate BSED/Secondary Physical Science major. Correct answer sourced from source PDF answer key.
67,17,2,BSED Physical Science B.pdf,/Users/lyndon/All reviewers/Sept2026_LET Reviewer Files/L. BSED - Physical Science-/BSED Physical Science B.pdf,Ohm’s Law is expressed as:,,,P = IV,,V = IR,,I = VR,,R = IV,,,,B,Ohm’s Law.,LET Secondary,Physical Science,Electricity and Magnetism,3,No,,0.98,Ready for Upload,Path and PDF header indicate BSED/Secondary Physical Science major. Correct answer sourced from source PDF answer key.
68,18,2,BSED Physical Science B.pdf,/Users/lyndon/All reviewers/Sept2026_LET Reviewer Files/L. BSED - Physical Science-/BSED Physical Science B.pdf,Which of the following materials is a good conductor?,,,Rubber,,Glass,,Copper,,Plastic,,,,C,Good conductor.,LET Secondary,Physical Science,Physical Science,3,No,,0.98,Ready for Upload,Path and PDF header indicate BSED/Secondary Physical Science major. Correct answer sourced from source PDF answer key.
69,19,2,BSED Physical Science B.pdf,/Users/lyndon/All reviewers/Sept2026_LET Reviewer Files/L. BSED - Physical Science-/BSED Physical Science B.pdf,The device that measures electric current is called:,,,Ammeter,,Voltmeter,,Ohmmeter,,Galvanometer,,,,A,Measures current.,LET Secondary,Physical Science,Electricity and Magnetism,3,No,,0.98,Ready for Upload,Path and PDF header indicate BSED/Secondary Physical Science major. Correct answer sourced from source PDF answer key.
70,20,2,BSED Physical Science B.pdf,/Users/lyndon/All reviewers/Sept2026_LET Reviewer Files/L. BSED - Physical Science-/BSED Physical Science B.pdf,Magnetic field lines always flow:,,,North to South,,South to North,,Circularly outward,,Randomly V. Waves and Optics,,,,A,Magnetic field direction.,LET Secondary,Physical Science,Electricity and Magnetism,3,No,,0.98,Ready for Upload,Path and PDF header indicate BSED/Secondary Physical Science major. Correct answer sourced from source PDF answer key.
71,21,3,BSED Physical Science B.pdf,/Users/lyndon/All reviewers/Sept2026_LET Reviewer Files/L. BSED - Physical Science-/BSED Physical Science B.pdf,The distance between two successive crests of a wave is its:,,,Frequency,,Wavelength,,Amplitude,,Period,,,,B,Distance between crests.,LET Secondary,Physical Science,Waves and Optics,3,No,,0.98,Ready for Upload,Path and PDF header indicate BSED/Secondary Physical Science major. Correct answer sourced from source PDF answer key.
72,22,3,BSED Physical Science B.pdf,/Users/lyndon/All reviewers/Sept2026_LET Reviewer Files/L. BSED - Physical Science-/BSED Physical Science B.pdf,Sound cannot travel through:,,,Solids,,Liquids,,Gases,,Vacuum,,,,D,Sound needs a medium.,LET Secondary,Physical Science,Waves and Optics,3,No,,0.98,Ready for Upload,Path and PDF header indicate BSED/Secondary Physical Science major. Correct answer sourced from source PDF answer key.
73,23,3,BSED Physical Science B.pdf,/Users/lyndon/All reviewers/Sept2026_LET Reviewer Files/L. BSED - Physical Science-/BSED Physical Science B.pdf,The bending of light when it passes from one medium to another is called:,,,Reflection,,Diffraction,,Refraction,,Interference,,,,C,Bending of light.,LET Secondary,Physical Science,Waves and Optics,3,No,,0.98,Ready for Upload,Path and PDF header indicate BSED/Secondary Physical Science major. Correct answer sourced from source PDF answer key.
74,24,3,BSED Physical Science B.pdf,/Users/lyndon/All reviewers/Sept2026_LET Reviewer Files/L. BSED - Physical Science-/BSED Physical Science B.pdf,The speed of light in a vacuum is approximately:,,,3 × 10⁸ m/s,,3 × 10⁶ m/s,,3 × 10⁵ m/s,,3 × 10⁹ m/s,,,,A,Speed of light in vacuum.,LET Secondary,Physical Science,Waves and Optics,3,No,,0.98,Ready for Upload,Path and PDF header indicate BSED/Secondary Physical Science major. Correct answer sourced from source PDF answer key.
75,25,3,BSED Physical Science B.pdf,/Users/lyndon/All reviewers/Sept2026_LET Reviewer Files/L. BSED - Physical Science-/BSED Physical Science B.pdf,A mirror that converges light rays is a:,,,Plane mirror,,Convex mirror,,Concave mirror,,Parabolic mirror,,,,C,Converges light rays.,LET Secondary,Physical Science,Waves and Optics,3,No,,0.98,Ready for Upload,Path and PDF header indicate BSED/Secondary Physical Science major. Correct answer sourced from source PDF answer key.
76,26,3,BSED Physical Science B.pdf,/Users/lyndon/All reviewers/Sept2026_LET Reviewer Files/L. BSED - Physical Science-/BSED Physical Science B.pdf,The smallest unit of an element that retains its properties is:,,,Molecule,,Atom,,Ion,,Proton,,,,B,Smallest unit retaining properties.,LET Secondary,Physical Science,Physical Science,3,No,,0.98,Ready for Upload,Path and PDF header indicate BSED/Secondary Physical Science major. Correct answer sourced from source PDF answer key.
77,27,3,BSED Physical Science B.pdf,/Users/lyndon/All reviewers/Sept2026_LET Reviewer Files/L. BSED - Physical Science-/BSED Physical Science B.pdf,The charge of an electron is:,,,Positive,,Negative,,Neutral,,Zero,,,,B,Electron has negative charge.,LET Secondary,Physical Science,Atomic and Nuclear Physics,3,No,,0.98,Ready for Upload,Path and PDF header indicate BSED/Secondary Physical Science major. Correct answer sourced from source PDF answer key.
78,28,3,BSED Physical Science B.pdf,/Users/lyndon/All reviewers/Sept2026_LET Reviewer Files/L. BSED - Physical Science-/BSED Physical Science B.pdf,The nucleus of an atom contains:,,,Electrons and neutrons,,Protons and neutrons,,Electrons and protons,,Neutrons only,,,,B,Found in nucleus.,LET Secondary,Physical Science,Atomic and Nuclear Physics,3,No,,0.98,Ready for Upload,Path and PDF header indicate BSED/Secondary Physical Science major. Correct answer sourced from source PDF answer key.
79,29,3,BSED Physical Science B.pdf,/Users/lyndon/All reviewers/Sept2026_LET Reviewer Files/L. BSED - Physical Science-/BSED Physical Science B.pdf,Radioactive decay is the process by which:,,,Atoms gain energy,,Unstable nuclei emit radiation,,Neutrons combine,,Protons are created,,,,B,Radioactive decay.,LET Secondary,Physical Science,Atomic and Nuclear Physics,3,No,,0.98,Ready for Upload,Path and PDF header indicate BSED/Secondary Physical Science major. Correct answer sourced from source PDF answer key.
80,30,4,BSED Physical Science B.pdf,/Users/lyndon/All reviewers/Sept2026_LET Reviewer Files/L. BSED - Physical Science-/BSED Physical Science B.pdf,Which particle has no electric charge?,,,Proton,,Electron,,Neutron,,Positron,,,,C,Electrically neutral.,LET Secondary,Physical Science,Electricity and Magnetism,3,No,,0.98,Ready for Upload,Path and PDF header indicate BSED/Secondary Physical Science major. Correct answer sourced from source PDF answer key.
81,31,4,BSED Physical Science B.pdf,/Users/lyndon/All reviewers/Sept2026_LET Reviewer Files/L. BSED - Physical Science-/BSED Physical Science B.pdf,The smallest particle of a compound that can exist independently is a:,,,Atom,,Molecule,,Ion,,Element,,,,B,Smallest unit of compound.,LET Secondary,Physical Science,Chemistry,3,No,,0.98,Ready for Upload,Path and PDF header indicate BSED/Secondary Physical Science major. Correct answer sourced from source PDF answer key.
82,32,4,BSED Physical Science B.pdf,/Users/lyndon/All reviewers/Sept2026_LET Reviewer Files/L. BSED - Physical Science-/BSED Physical Science B.pdf,The number of protons in an atom is equal to its:,,,Atomic number,,Atomic mass,,Valence number,,Isotope number,,,,A,Equals proton count.,LET Secondary,Physical Science,Atomic and Nuclear Physics,3,No,,0.98,Ready for Upload,Path and PDF header indicate BSED/Secondary Physical Science major. Correct answer sourced from source PDF answer key.
83,33,4,BSED Physical Science B.pdf,/Users/lyndon/All reviewers/Sept2026_LET Reviewer Files/L. BSED - Physical Science-/BSED Physical Science B.pdf,The pH value of a neutral solution is:,,,1,,7,,9,,14,,,,B,Neutral pH value.,LET Secondary,Physical Science,Chemistry,3,No,,0.98,Ready for Upload,Path and PDF header indicate BSED/Secondary Physical Science major. Correct answer sourced from source PDF answer key.
84,34,4,BSED Physical Science B.pdf,/Users/lyndon/All reviewers/Sept2026_LET Reviewer Files/L. BSED - Physical Science-/BSED Physical Science B.pdf,A substance that speeds up a chemical reaction but is not consumed is a:,,,Solute,,Catalyst,,Reactant,,Enzyme,,,,B,"Speeds reaction, unchanged.",LET Secondary,Physical Science,Chemistry,3,No,,0.98,Ready for Upload,Path and PDF header indicate BSED/Secondary Physical Science major. Correct answer sourced from source PDF answer key.
85,35,4,BSED Physical Science B.pdf,/Users/lyndon/All reviewers/Sept2026_LET Reviewer Files/L. BSED - Physical Science-/BSED Physical Science B.pdf,The process of solid changing directly into gas is:,,,Condensation,,Sublimation,,Evaporation,,Melting,,,,B,Solid to gas directly.,LET Secondary,Physical Science,Physical Science,3,No,,0.98,Ready for Upload,Path and PDF header indicate BSED/Secondary Physical Science major. Correct answer sourced from source PDF answer key.
86,36,4,BSED Physical Science B.pdf,/Users/lyndon/All reviewers/Sept2026_LET Reviewer Files/L. BSED - Physical Science-/BSED Physical Science B.pdf,The innermost layer of the Earth is called the:,,,Mantle,,Inner core,,Crust,,Outer core,,,,B,Innermost Earth layer.,LET Secondary,Physical Science,Earth and Space Science,3,No,,0.98,Ready for Upload,Path and PDF header indicate BSED/Secondary Physical Science major. Correct answer sourced from source PDF answer key.
87,37,4,BSED Physical Science B.pdf,/Users/lyndon/All reviewers/Sept2026_LET Reviewer Files/L. BSED - Physical Science-/BSED Physical Science B.pdf,The movement of tectonic plates is caused by:,,,Gravity,,Convection currents,,Earth’s rotation,,Magnetic field,,,,B,Drive plate motion.,LET Secondary,Physical Science,Earth and Space Science,3,No,,0.98,Ready for Upload,Path and PDF header indicate BSED/Secondary Physical Science major. Correct answer sourced from source PDF answer key.
88,38,4,BSED Physical Science B.pdf,/Users/lyndon/All reviewers/Sept2026_LET Reviewer Files/L. BSED - Physical Science-/BSED Physical Science B.pdf,Which planet is known as the “Morning Star”?,,,Mars,,Venus,,Mercury,,Jupiter,,,,B,Also called Morning Star.,LET Secondary,Physical Science,Earth and Space Science,3,No,,0.98,Ready for Upload,Path and PDF header indicate BSED/Secondary Physical Science major. Correct answer sourced from source PDF answer key.
89,39,4,BSED Physical Science B.pdf,/Users/lyndon/All reviewers/Sept2026_LET Reviewer Files/L. BSED - Physical Science-/BSED Physical Science B.pdf,The Earth’s axis is tilted by:,,,15°,,23.5°,,45°,,30°,,,,B,Earth’s tilt angle.,LET Secondary,Physical Science,Earth and Space Science,3,No,,0.98,Ready for Upload,Path and PDF header indicate BSED/Secondary Physical Science major. Correct answer sourced from source PDF answer key.
90,40,5,BSED Physical Science B.pdf,/Users/lyndon/All reviewers/Sept2026_LET Reviewer Files/L. BSED - Physical Science-/BSED Physical Science B.pdf,The main source of energy for the Earth is:,,,Moon,,Stars,,Sun,,Volcanoes,,,,C,Primary energy source.,LET Secondary,Physical Science,Earth and Space Science,3,No,,0.98,Ready for Upload,Path and PDF header indicate BSED/Secondary Physical Science major. Correct answer sourced from source PDF answer key.
91,41,5,BSED Physical Science B.pdf,/Users/lyndon/All reviewers/Sept2026_LET Reviewer Files/L. BSED - Physical Science-/BSED Physical Science B.pdf,"Greenhouse gases trap heat in the atmosphere, leading to:",,,Acid rain,,Ozone depletion,,Global warming,,Earthquakes,,,,C,Caused by greenhouse gases.,LET Secondary,Physical Science,Environmental Science,3,No,,0.98,Ready for Upload,Path and PDF header indicate BSED/Secondary Physical Science major. Correct answer sourced from source PDF answer key.
92,42,5,BSED Physical Science B.pdf,/Users/lyndon/All reviewers/Sept2026_LET Reviewer Files/L. BSED - Physical Science-/BSED Physical Science B.pdf,The process of water movement through plants is:,,,Evaporation,,Condensation,,Transpiration,,Precipitation,,,,C,Water release from plants.,LET Secondary,Physical Science,Physical Science,3,No,,0.98,Ready for Upload,Path and PDF header indicate BSED/Secondary Physical Science major. Correct answer sourced from source PDF answer key.
93,43,5,BSED Physical Science B.pdf,/Users/lyndon/All reviewers/Sept2026_LET Reviewer Files/L. BSED - Physical Science-/BSED Physical Science B.pdf,The primary cause of acid rain is the emission of:,,,Nitrogen and oxygen,,Sulfur dioxide and nitrogen oxides,,Carbon dioxide and methane,,Carbon monoxide and dust,,,,B,Cause acid rain.,LET Secondary,Physical Science,Environmental Science,3,No,,0.98,Ready for Upload,Path and PDF header indicate BSED/Secondary Physical Science major. Correct answer sourced from source PDF answer key.
94,44,5,BSED Physical Science B.pdf,/Users/lyndon/All reviewers/Sept2026_LET Reviewer Files/L. BSED - Physical Science-/BSED Physical Science B.pdf,The energy derived from moving water is:,,,Geothermal,,Hydroelectric,,Solar,,Nuclear,,,,B,Uses moving water.,LET Secondary,Physical Science,Physical Science,3,No,,0.98,Ready for Upload,Path and PDF header indicate BSED/Secondary Physical Science major. Correct answer sourced from source PDF answer key.
95,45,5,BSED Physical Science B.pdf,/Users/lyndon/All reviewers/Sept2026_LET Reviewer Files/L. BSED - Physical Science-/BSED Physical Science B.pdf,Nonrenewable resources include:,,,Solar and wind,,Oil and coal,,Geothermal and hydro,,Biomass and wind,,,,B,Nonrenewable resources.,LET Secondary,Physical Science,Environmental Science,3,No,,0.98,Ready for Upload,Path and PDF header indicate BSED/Secondary Physical Science major. Correct answer sourced from source PDF answer key.
96,46,5,BSED Physical Science B.pdf,/Users/lyndon/All reviewers/Sept2026_LET Reviewer Files/L. BSED - Physical Science-/BSED Physical Science B.pdf,Which teaching approach emphasizes learning through experience?,,,Lecture method,,Discovery method,,Memorization,,Dictation,,,,B,Learning by doing.,LET Secondary,Physical Science,Chemistry,3,No,,0.98,Ready for Upload,Path and PDF header indicate BSED/Secondary Physical Science major. Correct answer sourced from source PDF answer key.
97,47,5,BSED Physical Science B.pdf,/Users/lyndon/All reviewers/Sept2026_LET Reviewer Files/L. BSED - Physical Science-/BSED Physical Science B.pdf,The process of developing scientific reasoning is best achieved through:,,,Text reading,,Experimentation,,Group recitation,,Film viewing,,,,B,Builds reasoning skills.,LET Secondary,Physical Science,Physical Science,3,No,,0.98,Ready for Upload,Path and PDF header indicate BSED/Secondary Physical Science major. Correct answer sourced from source PDF answer key.
98,48,5,BSED Physical Science B.pdf,/Users/lyndon/All reviewers/Sept2026_LET Reviewer Files/L. BSED - Physical Science-/BSED Physical Science B.pdf,The dependent variable in an experiment is:,,,The one changed by the scientist,,The one measured as a result,,The one kept constant,,The control setup,,,,B,Dependent variable.,LET Secondary,Physical Science,Science Pedagogy and Research,3,No,,0.98,Ready for Upload,Path and PDF header indicate BSED/Secondary Physical Science major. Correct answer sourced from source PDF answer key.
99,49,5,BSED Physical Science B.pdf,/Users/lyndon/All reviewers/Sept2026_LET Reviewer Files/L. BSED - Physical Science-/BSED Physical Science B.pdf,The purpose of formative assessment is to:,,,Measure end-of-term performance,,Provide immediate feedback for improvement,,Compare students,,Assign final grades,,,,B,Purpose of formative assessment.,LET Secondary,Physical Science,Science Pedagogy and Research,3,No,,0.98,Ready for Upload,Path and PDF header indicate BSED/Secondary Physical Science major. Correct answer sourced from source PDF answer key.
100,50,6,BSED Physical Science B.pdf,/Users/lyndon/All reviewers/Sept2026_LET Reviewer Files/L. BSED - Physical Science-/BSED Physical Science B.pdf,The first step in the scientific method is:,,,Data analysis,,Hypothesis formulation,,Observation,,Experimentation,,,,C,First step of scientific inquiry.,LET Secondary,Physical Science,Science Pedagogy and Research,3,No,,0.98,Ready for Upload,Path and PDF header indicate BSED/Secondary Physical Science major. Correct answer sourced from source PDF answer key.
101,1,1,BSED Physical Science P1.pdf,/Users/lyndon/All reviewers/Sept2026_LET Reviewer Files/L. BSED - Physical Science-/BSED Physical Science P1.pdf,What happens when a metal react with a nonmetal ? Usually___________.,,,a simple covalent bond is formed,,a coordinate covalent bond is formed,,positive and negative ions are formed,,there is sharing of electrons in the outer shells of two elements,,,,C,Answer key: C,LET Secondary,Physical Science,Physical Science,3,No,,0.98,Ready for Upload,Path and PDF header indicate BSED/Secondary Physical Science major. Correct answer sourced from source PDF answer key.
102,2,1,BSED Physical Science P1.pdf,/Users/lyndon/All reviewers/Sept2026_LET Reviewer Files/L. BSED - Physical Science-/BSED Physical Science P1.pdf,What bond exists in a solid that does not conduct electricity but conducts electricity when dissolved in water?,,,Coordinate covalent bond,,Covalent bond,,Ionic bond,,Metallic bond,,,,C,Answer key: C,LET Secondary,Physical Science,Chemistry,3,No,,0.98,Ready for Upload,Path and PDF header indicate BSED/Secondary Physical Science major. Correct answer sourced from source PDF answer key.
103,3,1,BSED Physical Science P1.pdf,/Users/lyndon/All reviewers/Sept2026_LET Reviewer Files/L. BSED - Physical Science-/BSED Physical Science P1.pdf,Which of the following statements about a triple bond is CORRECT?,,,Compounds with triple bonds are not reactive.,,An example of a molecule with a triple bond is C2H6.,,Triple bond is weaker than single and double bonds.,,Three pairs of electrons can hold two atoms together stronger than two pairs.,,,,D,Answer key: D,LET Secondary,Physical Science,Chemistry,3,No,,0.98,Ready for Upload,Path and PDF header indicate BSED/Secondary Physical Science major. Correct answer sourced from source PDF answer key.
104,4,1,BSED Physical Science P1.pdf,/Users/lyndon/All reviewers/Sept2026_LET Reviewer Files/L. BSED - Physical Science-/BSED Physical Science P1.pdf,Which chemical bond will most likely exists if element A has an electron configuration of 1s22s22p3 and element B has 1s22s22p5??,,,Coordinate covalent,,Ionic,,Metallic,,Polar covalent,,,,D,Answer key: D,LET Secondary,Physical Science,Atomic and Nuclear Physics,3,No,,0.98,Ready for Upload,Path and PDF header indicate BSED/Secondary Physical Science major. Correct answer sourced from source PDF answer key.
105,5,1,BSED Physical Science P1.pdf,/Users/lyndon/All reviewers/Sept2026_LET Reviewer Files/L. BSED - Physical Science-/BSED Physical Science P1.pdf,"X, Y, and Z represent elements of atomic numbers 9, 11, and 16. What type of bond will be performed between Y and Z?",,,Ionic bond,,Metallic bond,,Nonpolar covalent bond,,Polar covalent bond,,,,A,Answer key: A,LET Secondary,Physical Science,Atomic and Nuclear Physics,3,No,,0.98,Ready for Upload,Path and PDF header indicate BSED/Secondary Physical Science major. Correct answer sourced from source PDF answer key.
106,6,1,BSED Physical Science P1.pdf,/Users/lyndon/All reviewers/Sept2026_LET Reviewer Files/L. BSED - Physical Science-/BSED Physical Science P1.pdf,Which apparatus will you use to measure the mass of an irregular solid correctly?,,,Empty beaker,,Erlenmeyer flash,,Graduated cylinder with water,,Vernier caliper,,,,C,Answer key: C,LET Secondary,Physical Science,Physical Science,3,No,,0.98,Ready for Upload,Path and PDF header indicate BSED/Secondary Physical Science major. Correct answer sourced from source PDF answer key.
107,7,1,BSED Physical Science P1.pdf,/Users/lyndon/All reviewers/Sept2026_LET Reviewer Files/L. BSED - Physical Science-/BSED Physical Science P1.pdf,"To graph the distance covered and velocity of a car, which is the dependent variable? Where should be it plotted on a line graph?",,,"Distance, x axis",,"Distance, y-axis",,"Velocity, x-axis",,"Velocity, y-axis",,,,B,Answer key: B,LET Secondary,Physical Science,Science Pedagogy and Research,3,No,,0.98,Ready for Upload,Path and PDF header indicate BSED/Secondary Physical Science major. Correct answer sourced from source PDF answer key.
108,8,1,BSED Physical Science P1.pdf,/Users/lyndon/All reviewers/Sept2026_LET Reviewer Files/L. BSED - Physical Science-/BSED Physical Science P1.pdf,A student found a piece of metal. What can the student to do quickly determine if the metal might contain iron?,,,Heat the metal,,Weight the metal,,Place the metal in water,,Place the metal near the magnet,,,,D,Answer key: D,LET Secondary,Physical Science,Physical Science,3,No,,0.98,Ready for Upload,Path and PDF header indicate BSED/Secondary Physical Science major. Correct answer sourced from source PDF answer key.
109,9,2,BSED Physical Science P1.pdf,/Users/lyndon/All reviewers/Sept2026_LET Reviewer Files/L. BSED - Physical Science-/BSED Physical Science P1.pdf,A student dipped a strip of aluminum and a strip of iron in water. The student then exposed the strips to air for one week. Which was most likely observed one week later?,,,The iron strip formed rust.,,The aluminum strip formed rust.,,Both of the metal strips formed rust.,,Neither of the metal formed rust.,,,,A,Answer key: A,LET Secondary,Physical Science,Physical Science,3,No,,0.98,Ready for Upload,Path and PDF header indicate BSED/Secondary Physical Science major. Correct answer sourced from source PDF answer key.
110,10,2,BSED Physical Science P1.pdf,/Users/lyndon/All reviewers/Sept2026_LET Reviewer Files/L. BSED - Physical Science-/BSED Physical Science P1.pdf,What human activity has added the most carbon in the atmosphere?,,,Burning fossils fuels,,Mining fossil fuel,,Increasing soil erosion,,Cutting down the rain forests,,,,A,Answer key: A,LET Secondary,Physical Science,Earth and Space Science,3,No,,0.98,Ready for Upload,Path and PDF header indicate BSED/Secondary Physical Science major. Correct answer sourced from source PDF answer key.
111,11,2,BSED Physical Science P1.pdf,/Users/lyndon/All reviewers/Sept2026_LET Reviewer Files/L. BSED - Physical Science-/BSED Physical Science P1.pdf,"The Table below lists measurements tasks included in laboratory activities conducted by students in a Grade 9 science class. Which matches a measurement task with the correct measurement tools? Measurement Task Tools stir Triple-beam balance, 25 ml capacity beaker marked in 1 ml intervals water 250 ml capacity Erlenmeyer flash marked in 50 ml intervals 5 ml capacity pipette marked in 1 ml intervals, pan balance with masses petri dish heat until the sugar dissolves 100 ml capacity graduted cylinder marked in 25 ml intervals, spring scale, mortar",,,I,,II,,III,,IV,,,,C,Answer key: C,LET Secondary,Physical Science,Chemistry,3,No,,0.98,Ready for Upload,Path and PDF header indicate BSED/Secondary Physical Science major. Correct answer sourced from source PDF answer key.
112,12,2,BSED Physical Science P1.pdf,/Users/lyndon/All reviewers/Sept2026_LET Reviewer Files/L. BSED - Physical Science-/BSED Physical Science P1.pdf,Aubrey wants to track her summative tests scores over the course of the first grading period. Which of the following will BEST allow her to analyze her progress?,,,Bar graph,,Line graph,,Pie graph,,Scatter graph,,,,A,Answer key: A,LET Secondary,Physical Science,Earth and Space Science,3,No,,0.98,Ready for Upload,Path and PDF header indicate BSED/Secondary Physical Science major. Correct answer sourced from source PDF answer key.
113,13,3,BSED Physical Science P1.pdf,/Users/lyndon/All reviewers/Sept2026_LET Reviewer Files/L. BSED - Physical Science-/BSED Physical Science P1.pdf,What will most likely occur if global warming will not be addressed?,,,Lower se levels,,Melting of ice cups,,More pollution in water,,More reflected sunlight off the ice pack,,,,B,Answer key: B,LET Secondary,Physical Science,Environmental Science,3,No,,0.98,Ready for Upload,Path and PDF header indicate BSED/Secondary Physical Science major. Correct answer sourced from source PDF answer key.
114,14,3,BSED Physical Science P1.pdf,/Users/lyndon/All reviewers/Sept2026_LET Reviewer Files/L. BSED - Physical Science-/BSED Physical Science P1.pdf,How is the relationship described when both quantities are increasing but one quantity increases faster than the other.,,,Direct proportion,,Direct square proportion,,Inverse proportion,,Inverse square proportion,,,,B,Answer key: B,LET Secondary,Physical Science,Physical Science,3,No,,0.98,Ready for Upload,Path and PDF header indicate BSED/Secondary Physical Science major. Correct answer sourced from source PDF answer key.
115,15,3,BSED Physical Science P1.pdf,/Users/lyndon/All reviewers/Sept2026_LET Reviewer Files/L. BSED - Physical Science-/BSED Physical Science P1.pdf,"In your attempt to determine which is denser oil or water, you mixed 25 ml of oil with 25ml of water. What helpful qualitative data can you derive from the set-up?",,,There are 50 ml of liquid in the container.,,Oil did not mix with water.,,Oil is on top of the water.,,There are 25 ml of water and 25 ml of oil in the container.,,,,C,Answer key: C,LET Secondary,Physical Science,Physical Science,3,No,,0.98,Ready for Upload,Path and PDF header indicate BSED/Secondary Physical Science major. Correct answer sourced from source PDF answer key.
116,16,3,BSED Physical Science P1.pdf,/Users/lyndon/All reviewers/Sept2026_LET Reviewer Files/L. BSED - Physical Science-/BSED Physical Science P1.pdf,Which of the following is a compound?,,,Cemented wall,,Dry ice,,Gold,,Tincture of iodine,,,,B,Answer key: B,LET Secondary,Physical Science,Chemistry,3,No,,0.98,Ready for Upload,Path and PDF header indicate BSED/Secondary Physical Science major. Correct answer sourced from source PDF answer key.
117,17,3,BSED Physical Science P1.pdf,/Users/lyndon/All reviewers/Sept2026_LET Reviewer Files/L. BSED - Physical Science-/BSED Physical Science P1.pdf,Which is most likely to change the blue litmus paper to red?,,,Ammonia in water,,Detergent solution,,Lime water,,Vinegar,,,,D,Answer key: D,LET Secondary,Physical Science,Chemistry,3,No,,0.98,Ready for Upload,Path and PDF header indicate BSED/Secondary Physical Science major. Correct answer sourced from source PDF answer key.
118,18,3,BSED Physical Science P1.pdf,/Users/lyndon/All reviewers/Sept2026_LET Reviewer Files/L. BSED - Physical Science-/BSED Physical Science P1.pdf,Which can be classified as homogeneous mixture?,,,III only,,I and II only,,"I, III, and IV only",,"II,III and IV only",,,,D,Answer key: D,LET Secondary,Physical Science,Physical Science,3,No,,0.98,Ready for Upload,Path and PDF header indicate BSED/Secondary Physical Science major. Correct answer sourced from source PDF answer key.
119,19,3,BSED Physical Science P1.pdf,/Users/lyndon/All reviewers/Sept2026_LET Reviewer Files/L. BSED - Physical Science-/BSED Physical Science P1.pdf,Which of the following is a physical property of non-metals?,,,Malleability and ductility,,Low tensile strength,,High density,,High tensile strength,,,,B,Answer key: B,LET Secondary,Physical Science,Chemistry,3,No,,0.98,Ready for Upload,Path and PDF header indicate BSED/Secondary Physical Science major. Correct answer sourced from source PDF answer key.
120,20,4,BSED Physical Science P1.pdf,/Users/lyndon/All reviewers/Sept2026_LET Reviewer Files/L. BSED - Physical Science-/BSED Physical Science P1.pdf,The yellow color of a highlighter is a ________property.,,,chemical,,heterogeneous,,homogeneous,,physical,,,,D,Answer key: D,LET Secondary,Physical Science,Waves and Optics,3,No,,0.98,Ready for Upload,Path and PDF header indicate BSED/Secondary Physical Science major. Correct answer sourced from source PDF answer key.
121,21,4,BSED Physical Science P1.pdf,/Users/lyndon/All reviewers/Sept2026_LET Reviewer Files/L. BSED - Physical Science-/BSED Physical Science P1.pdf,An odorless and colorless matter boils at 100 ℃ and melts at 0 ℃ What inference can be drawn from this observation?,,,It is a metal.,,It is a mixture,,It is a non-metal.,,It is a pure substance.,,,,D,Answer key: D,LET Secondary,Physical Science,Science Pedagogy and Research,3,No,,0.98,Ready for Upload,Path and PDF header indicate BSED/Secondary Physical Science major. Correct answer sourced from source PDF answer key.
122,22,4,BSED Physical Science P1.pdf,/Users/lyndon/All reviewers/Sept2026_LET Reviewer Files/L. BSED - Physical Science-/BSED Physical Science P1.pdf,You want to clean a tarnished silver. Which one will you use?,,,Baking soda,,Salt solution,,Sugar solution,,Vinegar,,,,A,Answer key: A,LET Secondary,Physical Science,Physical Science,3,No,,0.98,Ready for Upload,Path and PDF header indicate BSED/Secondary Physical Science major. Correct answer sourced from source PDF answer key.
123,23,4,BSED Physical Science P1.pdf,/Users/lyndon/All reviewers/Sept2026_LET Reviewer Files/L. BSED - Physical Science-/BSED Physical Science P1.pdf,What will you add to your food to make it last longer?,,,Baking soda,,Salt solution,,Tomato,,Vinegar,,,,D,Answer key: D,LET Secondary,Physical Science,Physical Science,3,No,,0.98,Ready for Upload,Path and PDF header indicate BSED/Secondary Physical Science major. Correct answer sourced from source PDF answer key.
124,24,4,BSED Physical Science P1.pdf,/Users/lyndon/All reviewers/Sept2026_LET Reviewer Files/L. BSED - Physical Science-/BSED Physical Science P1.pdf,Why is it not advisable to drink soft drinks on an empty stomach?,,,It could lessen your appetite.,,It could make you feel full faster.,,It increases the acidity of your stomach.,,It contains stimulant which causes dizziness.,,,,C,Answer key: C,LET Secondary,Physical Science,Physical Science,3,No,,0.98,Ready for Upload,Path and PDF header indicate BSED/Secondary Physical Science major. Correct answer sourced from source PDF answer key.
125,25,4,BSED Physical Science P1.pdf,/Users/lyndon/All reviewers/Sept2026_LET Reviewer Files/L. BSED - Physical Science-/BSED Physical Science P1.pdf,Almost the entire mass of an atom is concentrated in the __________?,,,electron,,neutron,,nucleus,,proton,,,,C,Answer key: C,LET Secondary,Physical Science,Atomic and Nuclear Physics,3,No,,0.98,Ready for Upload,Path and PDF header indicate BSED/Secondary Physical Science major. Correct answer sourced from source PDF answer key.
126,26,4,BSED Physical Science P1.pdf,/Users/lyndon/All reviewers/Sept2026_LET Reviewer Files/L. BSED - Physical Science-/BSED Physical Science P1.pdf,How many protons are present if an atom has a mass number of 23 and atomic number of 11?,,,11,,12,,23,,44,,,,A,Answer key: A,LET Secondary,Physical Science,Atomic and Nuclear Physics,3,No,,0.98,Ready for Upload,Path and PDF header indicate BSED/Secondary Physical Science major. Correct answer sourced from source PDF answer key.
127,27,4,BSED Physical Science P1.pdf,/Users/lyndon/All reviewers/Sept2026_LET Reviewer Files/L. BSED - Physical Science-/BSED Physical Science P1.pdf,Carbon-12 atom has ______________.,,,"6 electrons, 6 protons, 6 neutrons",,"6 electrons, 12 protons, 6 neutrons",,"12 electrons, 6 protons, 6 neutrons",,"16 electrons, 6 protons , 6 neutrons",,,,A,Answer key: A,LET Secondary,Physical Science,Atomic and Nuclear Physics,3,No,,0.98,Ready for Upload,Path and PDF header indicate BSED/Secondary Physical Science major. Correct answer sourced from source PDF answer key.
128,28,5,BSED Physical Science P1.pdf,/Users/lyndon/All reviewers/Sept2026_LET Reviewer Files/L. BSED - Physical Science-/BSED Physical Science P1.pdf,What happens to the atomic number during a chemical reaction?,,,Changes,,Remains the same,,Changes the alternately,,Changes and then is restored,,,,B,Answer key: B,LET Secondary,Physical Science,Atomic and Nuclear Physics,3,No,,0.98,Ready for Upload,Path and PDF header indicate BSED/Secondary Physical Science major. Correct answer sourced from source PDF answer key.
129,29,5,BSED Physical Science P1.pdf,/Users/lyndon/All reviewers/Sept2026_LET Reviewer Files/L. BSED - Physical Science-/BSED Physical Science P1.pdf,Which of the following statements about isotopes of hydrogen is correct?,,,They have different atomic numbers.,,They have the same number of protons.,,They have the same number of neutrons .,,They have different number of electrons.,,,,B,Answer key: B,LET Secondary,Physical Science,Atomic and Nuclear Physics,3,No,,0.98,Ready for Upload,Path and PDF header indicate BSED/Secondary Physical Science major. Correct answer sourced from source PDF answer key.
130,30,5,BSED Physical Science P1.pdf,/Users/lyndon/All reviewers/Sept2026_LET Reviewer Files/L. BSED - Physical Science-/BSED Physical Science P1.pdf,Which of the following has 16 electrons?,,,2713A1+3,,3517C1-1,,3216S,,3216S-2,,,,C,Answer key: C,LET Secondary,Physical Science,Atomic and Nuclear Physics,3,No,,0.98,Ready for Upload,Path and PDF header indicate BSED/Secondary Physical Science major. Correct answer sourced from source PDF answer key.
131,31,5,BSED Physical Science P1.pdf,/Users/lyndon/All reviewers/Sept2026_LET Reviewer Files/L. BSED - Physical Science-/BSED Physical Science P1.pdf,"How many protons, neutrons and electrons are there in an atom of 19779Au?",,,"79 protons, 79 electrons, and 118 neutrons",,"79 protons, 79 electrons, and 197 neutrons",,"197 protons, 79 electrons, and 79 neutrons",,"79 protons, 79 electrons, and 158 neutrons",,,,A,Answer key: A,LET Secondary,Physical Science,Atomic and Nuclear Physics,3,No,,0.98,Ready for Upload,Path and PDF header indicate BSED/Secondary Physical Science major. Correct answer sourced from source PDF answer key.
132,32,5,BSED Physical Science P1.pdf,/Users/lyndon/All reviewers/Sept2026_LET Reviewer Files/L. BSED - Physical Science-/BSED Physical Science P1.pdf,The electrons configuration of an atom of element R in the ground state is 1s22s22p63s23p64d9. What is the element described?,,,48Cd,,35Br,,31Ga,,27Co,,,,C,Answer key: C,LET Secondary,Physical Science,Atomic and Nuclear Physics,3,No,,0.98,Ready for Upload,Path and PDF header indicate BSED/Secondary Physical Science major. Correct answer sourced from source PDF answer key.
133,33,5,BSED Physical Science P1.pdf,/Users/lyndon/All reviewers/Sept2026_LET Reviewer Files/L. BSED - Physical Science-/BSED Physical Science P1.pdf,What is the shape of the molecule BeC12?,,,Linear,,Angular,,Trigonal planar,,Tetrahedral,,,,A,Answer key: A,LET Secondary,Physical Science,Chemistry,3,No,,0.98,Ready for Upload,Path and PDF header indicate BSED/Secondary Physical Science major. Correct answer sourced from source PDF answer key.
134,34,5,BSED Physical Science P1.pdf,/Users/lyndon/All reviewers/Sept2026_LET Reviewer Files/L. BSED - Physical Science-/BSED Physical Science P1.pdf,The generalized electron configuration of this group of element is [Noble gas] ns2ns. Identify its group and family.,,,Group VII and Family A,,Group V and Family A,,Group III and Family B,,Group I and Family B,,,,A,Answer key: A,LET Secondary,Physical Science,Atomic and Nuclear Physics,3,No,,0.98,Ready for Upload,Path and PDF header indicate BSED/Secondary Physical Science major. Correct answer sourced from source PDF answer key.
135,35,5,BSED Physical Science P1.pdf,/Users/lyndon/All reviewers/Sept2026_LET Reviewer Files/L. BSED - Physical Science-/BSED Physical Science P1.pdf,What is the position of 12Mg in the periodic table of elements?,,,"Group I-A, Period 2",,"Group III-A, Period 2",,"Group II-A, Period 3",,"Group II-B, Period 4",,,,C,Answer key: C,LET Secondary,Physical Science,Physical Science,3,No,,0.98,Ready for Upload,Path and PDF header indicate BSED/Secondary Physical Science major. Correct answer sourced from source PDF answer key.
136,36,6,BSED Physical Science P1.pdf,/Users/lyndon/All reviewers/Sept2026_LET Reviewer Files/L. BSED - Physical Science-/BSED Physical Science P1.pdf,Which refers to the recorded observations and measurements in an explanation?,,,Conclusion,,Data,,Graph,,Variables,,,,B,Answer key: B,LET Secondary,Physical Science,Science Pedagogy and Research,3,No,,0.98,Ready for Upload,Path and PDF header indicate BSED/Secondary Physical Science major. Correct answer sourced from source PDF answer key.
137,37,6,BSED Physical Science P1.pdf,/Users/lyndon/All reviewers/Sept2026_LET Reviewer Files/L. BSED - Physical Science-/BSED Physical Science P1.pdf,How is hypothesis tested?,,,By gathering enough information about the problem,,By making inferences,,By conducting experiment,,By formulating conclusion,,,,C,Answer key: C,LET Secondary,Physical Science,Science Pedagogy and Research,3,No,,0.98,Ready for Upload,Path and PDF header indicate BSED/Secondary Physical Science major. Correct answer sourced from source PDF answer key.
138,38,6,BSED Physical Science P1.pdf,/Users/lyndon/All reviewers/Sept2026_LET Reviewer Files/L. BSED - Physical Science-/BSED Physical Science P1.pdf,Which summarizes a natural occurrence that may be constantly observed given the same conditions which may be expressed in words or in mathematical form?,,,Conclusion,,Hypothesis,,Law,,Theory,,,,C,Answer key: C,LET Secondary,Physical Science,Physical Science,3,No,,0.98,Ready for Upload,Path and PDF header indicate BSED/Secondary Physical Science major. Correct answer sourced from source PDF answer key.
139,39,6,BSED Physical Science P1.pdf,/Users/lyndon/All reviewers/Sept2026_LET Reviewer Files/L. BSED - Physical Science-/BSED Physical Science P1.pdf,"Ruben prepares a solution by putting a pinch of orange crystals to water in a beaker, then by consistent stirring, the crystal dissolve. Which of the statements above are likely to be observed by Ruben?",,,I and II only,,III and IV only,,"I, II, and III only",,"I, II, and IV only",,,,C,Answer key: C,LET Secondary,Physical Science,Chemistry,3,No,,0.98,Ready for Upload,Path and PDF header indicate BSED/Secondary Physical Science major. Correct answer sourced from source PDF answer key.
140,40,6,BSED Physical Science P1.pdf,/Users/lyndon/All reviewers/Sept2026_LET Reviewer Files/L. BSED - Physical Science-/BSED Physical Science P1.pdf,Which of the following is NOT true about scientific method?,,,Conclusion is the last step,,Scientific method may be applied in every life.,,Scientific method is a systematic way of solving problem.,,Scientific method is done by following a step-by-step procedure in an exact sequence,,,,D,Answer key: D,LET Secondary,Physical Science,Science Pedagogy and Research,3,No,,0.98,Ready for Upload,Path and PDF header indicate BSED/Secondary Physical Science major. Correct answer sourced from source PDF answer key.
141,1,1,BSED Physical Science P2.pdf,/Users/lyndon/All reviewers/Sept2026_LET Reviewer Files/L. BSED - Physical Science-/BSED Physical Science P2.pdf,What is the mole fraction of 100 g ethanol (C2H6O) mixed in 100 g water?(C=12 H=1 O=16),,,0.28,,2.17,,5.56,,7.73,,,,A,Answer key: A,LET Secondary,Physical Science,Chemistry,3,No,,0.98,Ready for Upload,Path and PDF header indicate BSED/Secondary Physical Science major. Correct answer sourced from source PDF answer key.
142,2,1,BSED Physical Science P2.pdf,/Users/lyndon/All reviewers/Sept2026_LET Reviewer Files/L. BSED - Physical Science-/BSED Physical Science P2.pdf,What is the molarity of the solution containing 1.4 mol of acetic acid (HC2H3O2) in 250 ml of solution?,,,4.5M,,5.6M,,6.5M,,7.6M,,,,B,Answer key: B,LET Secondary,Physical Science,Chemistry,3,No,,0.98,Ready for Upload,Path and PDF header indicate BSED/Secondary Physical Science major. Correct answer sourced from source PDF answer key.
143,3,1,BSED Physical Science P2.pdf,/Users/lyndon/All reviewers/Sept2026_LET Reviewer Files/L. BSED - Physical Science-/BSED Physical Science P2.pdf,What is the normality of a 2M solution of H3PO4?,,,2 N,,3 N,,5 N,,6 N,,,,D,Answer key: D,LET Secondary,Physical Science,Chemistry,3,No,,0.98,Ready for Upload,Path and PDF header indicate BSED/Secondary Physical Science major. Correct answer sourced from source PDF answer key.
144,4,1,BSED Physical Science P2.pdf,/Users/lyndon/All reviewers/Sept2026_LET Reviewer Files/L. BSED - Physical Science-/BSED Physical Science P2.pdf,"When egg yolk is added to oil and water vinegar to make mayonnaise, the egg yolk serves as__________.",,,coagulant,,emulsifying agent,,solvent,,surfactant,,,,B,Answer key: B,LET Secondary,Physical Science,Physical Science,3,No,,0.98,Ready for Upload,Path and PDF header indicate BSED/Secondary Physical Science major. Correct answer sourced from source PDF answer key.
145,5,1,BSED Physical Science P2.pdf,/Users/lyndon/All reviewers/Sept2026_LET Reviewer Files/L. BSED - Physical Science-/BSED Physical Science P2.pdf,Which of the following involves adsorption?,,,Plating the copper on a steel object,,Adherence of paint to wood surfaces,,Brown color of the eyes of the Filipinos,,Remobal of odor inside a refrigerator using charcoal,,,,D,Answer key: D,LET Secondary,Physical Science,Physical Science,3,No,,0.98,Ready for Upload,Path and PDF header indicate BSED/Secondary Physical Science major. Correct answer sourced from source PDF answer key.
146,6,1,BSED Physical Science P2.pdf,/Users/lyndon/All reviewers/Sept2026_LET Reviewer Files/L. BSED - Physical Science-/BSED Physical Science P2.pdf,Which of the following has the greatest number of atom?,,,Ca(OH)2,,A12O3,,NaHCO3,,C2H2,,,,C,Answer key: C,LET Secondary,Physical Science,Atomic and Nuclear Physics,3,No,,0.98,Ready for Upload,Path and PDF header indicate BSED/Secondary Physical Science major. Correct answer sourced from source PDF answer key.
147,7,1,BSED Physical Science P2.pdf,/Users/lyndon/All reviewers/Sept2026_LET Reviewer Files/L. BSED - Physical Science-/BSED Physical Science P2.pdf,"What does a triangle , which is placed in a chemical equation indicate?",,,Changes happened,,Heat is applied,,Gas is evolved,,Precipitate,,,,B,Answer key: B,LET Secondary,Physical Science,Chemistry,3,No,,0.98,Ready for Upload,Path and PDF header indicate BSED/Secondary Physical Science major. Correct answer sourced from source PDF answer key.
148,8,1,BSED Physical Science P2.pdf,/Users/lyndon/All reviewers/Sept2026_LET Reviewer Files/L. BSED - Physical Science-/BSED Physical Science P2.pdf,What would most probably be the resulting chemical formula when Mg+2and O combine?,,,MgO,,Mg2O2,,MgO2,,Mg4O4,,,,A,Answer key: A,LET Secondary,Physical Science,Chemistry,3,No,,0.98,Ready for Upload,Path and PDF header indicate BSED/Secondary Physical Science major. Correct answer sourced from source PDF answer key.
149,9,2,BSED Physical Science P2.pdf,/Users/lyndon/All reviewers/Sept2026_LET Reviewer Files/L. BSED - Physical Science-/BSED Physical Science P2.pdf,Which of the following is an example of combustion reaction?,,,Mg+C12 -------------------------------------> MgC12,,CaCO3 -------------------------------------> CaO + CO2,,2 C4H10 + 13 O2 ----------------------------------> 8 CO2 + 10 H2O,,AgNO3 + NaC1 --------------------------------> AgC1 + NaNO3,,,,C,Answer key: C,LET Secondary,Physical Science,Physical Science,3,No,,0.98,Ready for Upload,Path and PDF header indicate BSED/Secondary Physical Science major. Correct answer sourced from source PDF answer key.
150,10,2,BSED Physical Science P2.pdf,/Users/lyndon/All reviewers/Sept2026_LET Reviewer Files/L. BSED - Physical Science-/BSED Physical Science P2.pdf,What type of chemical reaction is involved in Ca(S) + 2H2O Ca(OH)2(aq)?,,,Combination,,Decomposition,,Single-displacement,,Double-displacement,,,,C,Answer key: C,LET Secondary,Physical Science,Chemistry,3,No,,0.98,Ready for Upload,Path and PDF header indicate BSED/Secondary Physical Science major. Correct answer sourced from source PDF answer key.
151,11,2,BSED Physical Science P2.pdf,/Users/lyndon/All reviewers/Sept2026_LET Reviewer Files/L. BSED - Physical Science-/BSED Physical Science P2.pdf,"When the fuel in a butane gas stove undergoes complete combustion, it reacts with oxygen to form carbon dioxide and water:_C4H10 + _ O2CO2+_H2O. Which set of coefficients can be BEST used in balancing the equation?",,,"1, 1, 4, 2",,"2, 2, 4, 5",,"2, 8, 13, 10",,"2, 13, 8, 10",,,,D,Answer key: D,LET Secondary,Physical Science,Physical Science,3,No,,0.98,Ready for Upload,Path and PDF header indicate BSED/Secondary Physical Science major. Correct answer sourced from source PDF answer key.
152,12,2,BSED Physical Science P2.pdf,/Users/lyndon/All reviewers/Sept2026_LET Reviewer Files/L. BSED - Physical Science-/BSED Physical Science P2.pdf,"In oxidation-reduction, the oxidizing agents is reduced and gains electrons. The reducing agent is oxidized and loses electrons. Are the statements CORRECT?",,,Both statements are correct.,,Both statements are false,,First statement is true; second statement is false.,,Second statement is true; first statement is false.,,,,A,Answer key: A,LET Secondary,Physical Science,Atomic and Nuclear Physics,3,No,,0.98,Ready for Upload,Path and PDF header indicate BSED/Secondary Physical Science major. Correct answer sourced from source PDF answer key.
153,13,2,BSED Physical Science P2.pdf,/Users/lyndon/All reviewers/Sept2026_LET Reviewer Files/L. BSED - Physical Science-/BSED Physical Science P2.pdf,How many moles of iron does 25 g of Fe represent? (Fe=55.85 g),,,0.448 mol,,2.234 mol,,30.85 mol,,80.85 mol Ans: A. 0.448 mol- (25 g) / ( 55.85 g/mol ) =0.448 mol,,,,A,Answer key: A,LET Secondary,Physical Science,Chemistry,3,No,,0.98,Ready for Upload,Path and PDF header indicate BSED/Secondary Physical Science major. Correct answer sourced from source PDF answer key.
154,14,2,BSED Physical Science P2.pdf,/Users/lyndon/All reviewers/Sept2026_LET Reviewer Files/L. BSED - Physical Science-/BSED Physical Science P2.pdf,What is the mass of 5.0 mol of water? (1 mol H2O=18.02g),,,3.60 g,,13.02 g,,23.02 g,,90.10 g Ans: C. 90.10 g-(5 mol) (18.02 g/mol ) = 90.10 g,,,,C,Answer key: C,LET Secondary,Physical Science,Physical Science,3,No,,0.98,Ready for Upload,Path and PDF header indicate BSED/Secondary Physical Science major. Correct answer sourced from source PDF answer key.
155,15,2,BSED Physical Science P2.pdf,/Users/lyndon/All reviewers/Sept2026_LET Reviewer Files/L. BSED - Physical Science-/BSED Physical Science P2.pdf,An analysis of salt shows that it contains 56.58 g potassium; 8.68 g carbon and,,,,,,,,,,,,,C,Answer key: C,LET Secondary,Physical Science,Physical Science,3,No,,0.98,Incomplete,Path and PDF header indicate BSED/Secondary Physical Science major. Correct answer sourced from source PDF answer key.
156,34,2,BSED Physical Science P2.pdf,/Users/lyndon/All reviewers/Sept2026_LET Reviewer Files/L. BSED - Physical Science-/BSED Physical Science P2.pdf,73 oxygen. What is the empirical formula of the substance?,,,KC2O3,,K2CO2,,K2CO3,,K2C3O,,,,B,Answer key: B,LET Secondary,Physical Science,Physical Science,3,No,,0.98,Ready for Upload,Path and PDF header indicate BSED/Secondary Physical Science major. Correct answer sourced from source PDF answer key.
157,16,3,BSED Physical Science P2.pdf,/Users/lyndon/All reviewers/Sept2026_LET Reviewer Files/L. BSED - Physical Science-/BSED Physical Science P2.pdf,Which of the following is NOT a principal assumption of Kinetic Molecular Theory?,,,Gas particles move rapidly.,,Gases consists of submicroscopic particles.,,There is very little empty space in a gas.,,Gas particles have no attraction for one another.,,,,C,Answer key: C,LET Secondary,Physical Science,Chemistry,3,No,,0.98,Ready for Upload,Path and PDF header indicate BSED/Secondary Physical Science major. Correct answer sourced from source PDF answer key.
158,17,3,BSED Physical Science P2.pdf,/Users/lyndon/All reviewers/Sept2026_LET Reviewer Files/L. BSED - Physical Science-/BSED Physical Science P2.pdf,"Based on the Kinetic Molecular Theory, a gas can be compressed much more than a solid or liquid because__________.",,,gas particles move rapidly,,the particles of a gas are very far apart,,a gas is composed do not attract or repel one another,,gas particles do not attract or repel one another,,,,B,Answer key: B,LET Secondary,Physical Science,Chemistry,3,No,,0.98,Ready for Upload,Path and PDF header indicate BSED/Secondary Physical Science major. Correct answer sourced from source PDF answer key.
159,18,3,BSED Physical Science P2.pdf,/Users/lyndon/All reviewers/Sept2026_LET Reviewer Files/L. BSED - Physical Science-/BSED Physical Science P2.pdf,Which refers to the kinetic energy or motion of gas particles?,,,Pressure,,Quantity of gas,,Temperature,,Volume,,,,C,Answer key: C,LET Secondary,Physical Science,Mechanics,3,No,,0.98,Ready for Upload,Path and PDF header indicate BSED/Secondary Physical Science major. Correct answer sourced from source PDF answer key.
160,19,3,BSED Physical Science P2.pdf,/Users/lyndon/All reviewers/Sept2026_LET Reviewer Files/L. BSED - Physical Science-/BSED Physical Science P2.pdf,A given mass of gas has a volume of 750 ml at -25℃ and 280 torr. What would the volume of the gas be at 30 and 560 torr of pressure considering the amount of gas which is constant?,,,450 ml,,458 ml,,480 ml,,520 ml Ans: B. 458 ml This item involves combined gas law : P1 V 1 T1 = P2 V 2 T2,,,,B,Answer key: B,LET Secondary,Physical Science,Physical Science,3,No,,0.98,Ready for Upload,Path and PDF header indicate BSED/Secondary Physical Science major. Correct answer sourced from source PDF answer key.
161,20,3,BSED Physical Science P2.pdf,/Users/lyndon/All reviewers/Sept2026_LET Reviewer Files/L. BSED - Physical Science-/BSED Physical Science P2.pdf,Seven liters of an ideal gas are contained at 3.5 atm and 30 How many moles of this gas are present?,,,0.50 mol,,0.75 mol,,1.00 mol,,1. 25 mol,,,,C,Answer key: C,LET Secondary,Physical Science,Chemistry,3,No,,0.98,Ready for Upload,Path and PDF header indicate BSED/Secondary Physical Science major. Correct answer sourced from source PDF answer key.
162,21,3,BSED Physical Science P2.pdf,/Users/lyndon/All reviewers/Sept2026_LET Reviewer Files/L. BSED - Physical Science-/BSED Physical Science P2.pdf,What is the BEST reason why the atmospheric pressure in Baguio City is lower than the atmospheric pressure at sea level?,,,Because there are more gas particles at higher altitudes,,Because there are less gas particles at higher altitudes,,Because there are greater temperature at higher altitudes,,Because there is lesser temperature at higher altitudes,,,,B,Answer key: B,LET Secondary,Physical Science,Chemistry,3,No,,0.98,Ready for Upload,Path and PDF header indicate BSED/Secondary Physical Science major. Correct answer sourced from source PDF answer key.
163,22,4,BSED Physical Science P2.pdf,/Users/lyndon/All reviewers/Sept2026_LET Reviewer Files/L. BSED - Physical Science-/BSED Physical Science P2.pdf,Which of the following correctly describes the process of exhalation (air going out of the lungs)?,,,"The lungs decrease in volume, causing the internal pressure to increase.",,"The lungs decrease in volume, causing the internal pressure to decrease.",,"The lungs increase in volume, causing the internal pressure to increase.",,"The lungs increase in volume, causing the internal pressure to decrease.",,,,A,Answer key: A,LET Secondary,Physical Science,Physical Science,3,No,,0.98,Ready for Upload,Path and PDF header indicate BSED/Secondary Physical Science major. Correct answer sourced from source PDF answer key.
164,23,4,BSED Physical Science P2.pdf,/Users/lyndon/All reviewers/Sept2026_LET Reviewer Files/L. BSED - Physical Science-/BSED Physical Science P2.pdf,"What is the closed, continuous path through which electrons can flow?",,,Charge,,Circuit,,Resistor,,Voltage,,,,B,Answer key: B,LET Secondary,Physical Science,Atomic and Nuclear Physics,3,No,,0.98,Ready for Upload,Path and PDF header indicate BSED/Secondary Physical Science major. Correct answer sourced from source PDF answer key.
165,24,4,BSED Physical Science P2.pdf,/Users/lyndon/All reviewers/Sept2026_LET Reviewer Files/L. BSED - Physical Science-/BSED Physical Science P2.pdf,What will be your charge if you scrape electrons from your feet while scuffing across the rug?,,,Negative,,Neutral,,Positive,,Not enough information given,,,,C,Answer key: C,LET Secondary,Physical Science,Atomic and Nuclear Physics,3,No,,0.98,Ready for Upload,Path and PDF header indicate BSED/Secondary Physical Science major. Correct answer sourced from source PDF answer key.
166,25,4,BSED Physical Science P2.pdf,/Users/lyndon/All reviewers/Sept2026_LET Reviewer Files/L. BSED - Physical Science-/BSED Physical Science P2.pdf,How is food cooked faster using a pressure cooker?,,,The accumulated steam increases the pressure and decreases the boiling point of the liquid.,,The accumulated steam increases the pressure and increases the boiling point of the liquid.,,The accumulated steam decreases the pressure and increases the boiling point of the liquid.,,The accumulated steam decreases the pressure and decreases the boiling point of the liquid.,,,,B,Answer key: B,LET Secondary,Physical Science,Physical Science,3,No,,0.98,Ready for Upload,Path and PDF header indicate BSED/Secondary Physical Science major. Correct answer sourced from source PDF answer key.
167,26,4,BSED Physical Science P2.pdf,/Users/lyndon/All reviewers/Sept2026_LET Reviewer Files/L. BSED - Physical Science-/BSED Physical Science P2.pdf,Which of the following is NOT a characteristic of a base?,,,Bitter taste,,Slippery feeling,,Able to change litmus from red to blue,,Reacts with carbonates to produce carbon dioxide,,,,D,Answer key: D,LET Secondary,Physical Science,Chemistry,3,No,,0.98,Ready for Upload,Path and PDF header indicate BSED/Secondary Physical Science major. Correct answer sourced from source PDF answer key.
168,27,4,BSED Physical Science P2.pdf,/Users/lyndon/All reviewers/Sept2026_LET Reviewer Files/L. BSED - Physical Science-/BSED Physical Science P2.pdf,Which of the following statements about acid and base is TRUE?,,,Baking soda is acidic.,,Both acids and bases conduct electricity.,,The concept of H3O+ was introduced by Arrhenius.,,The end point is reach when the color of the indicator in titration changes.,,,,B,Answer key: B,LET Secondary,Physical Science,Chemistry,3,No,,0.98,Ready for Upload,Path and PDF header indicate BSED/Secondary Physical Science major. Correct answer sourced from source PDF answer key.
169,28,4,BSED Physical Science P2.pdf,/Users/lyndon/All reviewers/Sept2026_LET Reviewer Files/L. BSED - Physical Science-/BSED Physical Science P2.pdf,What is the pH of the solution with an [H+] of 1.00 x 10-11?,,,1,,3,,7,,11,,,,D,Answer key: D,LET Secondary,Physical Science,Chemistry,3,No,,0.98,Ready for Upload,Path and PDF header indicate BSED/Secondary Physical Science major. Correct answer sourced from source PDF answer key.
170,29,5,BSED Physical Science P2.pdf,/Users/lyndon/All reviewers/Sept2026_LET Reviewer Files/L. BSED - Physical Science-/BSED Physical Science P2.pdf,Which of the following is the most acidic?,,,Calamansi juice,,Carbonated drink,,Urine,,Vinegar,,,,A,Answer key: A,LET Secondary,Physical Science,Chemistry,3,No,,0.98,Ready for Upload,Path and PDF header indicate BSED/Secondary Physical Science major. Correct answer sourced from source PDF answer key.
171,30,5,BSED Physical Science P2.pdf,/Users/lyndon/All reviewers/Sept2026_LET Reviewer Files/L. BSED - Physical Science-/BSED Physical Science P2.pdf,Acid rain is formed when sulfur oxides react with water in air. It causes lakes and streams decrease in pH which makes it unable to support fish and plant life. Which is the LEAST means of solving this problem?,,,Limestone may be added to the water basins.,,Neutralize sulfur oxides with basic compounds.,,Reduction of sulfur emissions from the industrial establishments.,,Providing absorbent colloidal materials to screen acid rain before hitting the water.,,,,D,Answer key: D,LET Secondary,Physical Science,Environmental Science,3,No,,0.98,Ready for Upload,Path and PDF header indicate BSED/Secondary Physical Science major. Correct answer sourced from source PDF answer key.
172,31,5,BSED Physical Science P2.pdf,/Users/lyndon/All reviewers/Sept2026_LET Reviewer Files/L. BSED - Physical Science-/BSED Physical Science P2.pdf,Which of the following would decrease the rate in which a solid dissolves in a liquid?,,,Supersaturating the solution,,Applying pressure into the solution,,Grinding the solid into smaller pieces,,Increasing the temperature of an exothermic reaction,,,,D,Answer key: D,LET Secondary,Physical Science,Chemistry,3,No,,0.98,Ready for Upload,Path and PDF header indicate BSED/Secondary Physical Science major. Correct answer sourced from source PDF answer key.
173,32,5,BSED Physical Science P2.pdf,/Users/lyndon/All reviewers/Sept2026_LET Reviewer Files/L. BSED - Physical Science-/BSED Physical Science P2.pdf,Which factors affects the rate of dissolution when powdered sugar dissolves more rapidly than granulated sugar?,,,Application of heat,,Nature of solute,,Particle size,,Stirring,,,,C,Answer key: C,LET Secondary,Physical Science,Chemistry,3,No,,0.98,Ready for Upload,Path and PDF header indicate BSED/Secondary Physical Science major. Correct answer sourced from source PDF answer key.
174,33,5,BSED Physical Science P2.pdf,/Users/lyndon/All reviewers/Sept2026_LET Reviewer Files/L. BSED - Physical Science-/BSED Physical Science P2.pdf,In which factor is the description “like dissolves like” BEST used?,,,Volume,,Pressure,,Temperature,,Nature of solute and solvent,,,,D,Answer key: D,LET Secondary,Physical Science,Chemistry,3,No,,0.98,Ready for Upload,Path and PDF header indicate BSED/Secondary Physical Science major. Correct answer sourced from source PDF answer key.
175,35,5,BSED Physical Science P2.pdf,/Users/lyndon/All reviewers/Sept2026_LET Reviewer Files/L. BSED - Physical Science-/BSED Physical Science P2.pdf,What is the mass percent of Na2SO4 in a solution made by dissolving 25 g Na2SO4 in 225 g H2O?,,,.01%,,1%,,10%,,20%,,,,C,Answer key: C,LET Secondary,Physical Science,Chemistry,3,No,,0.98,Ready for Upload,Path and PDF header indicate BSED/Secondary Physical Science major. Correct answer sourced from source PDF answer key.
176,36,5,BSED Physical Science P2.pdf,/Users/lyndon/All reviewers/Sept2026_LET Reviewer Files/L. BSED - Physical Science-/BSED Physical Science P2.pdf,A week attraction between hydrogen atom in one molecule and an oxygen in other called_______.,,,covalent bond,,Hydrogen bond,,Ionic bond,,Metallic bond,,,,B,Answer key: B,LET Secondary,Physical Science,Atomic and Nuclear Physics,3,No,,0.98,Ready for Upload,Path and PDF header indicate BSED/Secondary Physical Science major. Correct answer sourced from source PDF answer key.
177,37,6,BSED Physical Science P2.pdf,/Users/lyndon/All reviewers/Sept2026_LET Reviewer Files/L. BSED - Physical Science-/BSED Physical Science P2.pdf,Which of the following substances is most likely a covalent compound ?,,,CaCO3,,KNO3,,SO2,,NaOH,,,,C,Answer key: C,LET Secondary,Physical Science,Chemistry,3,No,,0.98,Ready for Upload,Path and PDF header indicate BSED/Secondary Physical Science major. Correct answer sourced from source PDF answer key.
178,38,6,BSED Physical Science P2.pdf,/Users/lyndon/All reviewers/Sept2026_LET Reviewer Files/L. BSED - Physical Science-/BSED Physical Science P2.pdf,What is the element needed to bond with Na to create the most ionic bond?,,,F,,C1,,Br,,I,,,,A,Answer key: A,LET Secondary,Physical Science,Chemistry,3,No,,0.98,Ready for Upload,Path and PDF header indicate BSED/Secondary Physical Science major. Correct answer sourced from source PDF answer key.
179,39,6,BSED Physical Science P2.pdf,/Users/lyndon/All reviewers/Sept2026_LET Reviewer Files/L. BSED - Physical Science-/BSED Physical Science P2.pdf,The boiling point of substance A is higher than that of substance B. What does this meaning?,,,Substance A is less viscous than substance B.,,Substance A evaporates faster than substance B.,,Substance B has greater surface tension than substance A.,,Substance B has weaker intermolecular forces than substance A.,,,,D,Answer key: D,LET Secondary,Physical Science,Thermodynamics,3,No,,0.98,Ready for Upload,Path and PDF header indicate BSED/Secondary Physical Science major. Correct answer sourced from source PDF answer key.
180,40,6,BSED Physical Science P2.pdf,/Users/lyndon/All reviewers/Sept2026_LET Reviewer Files/L. BSED - Physical Science-/BSED Physical Science P2.pdf,What is the intermolecular force of attraction between the nucleus of one atom and the electrons of a nearby atom?,,,Dipole-dipole force,,Ion-dipole force,,London dispersion force,,Van der Waals force,,,,C,Answer key: C,LET Secondary,Physical Science,Atomic and Nuclear Physics,3,No,,0.98,Ready for Upload,Path and PDF header indicate BSED/Secondary Physical Science major. Correct answer sourced from source PDF answer key.
181,1,1,BSED Physical Science P3.pdf,/Users/lyndon/All reviewers/Sept2026_LET Reviewer Files/L. BSED - Physical Science-/BSED Physical Science P3.pdf,"In a coordinate system, a vector is oriented at angle with respect to the x axis. They components of the vector equals the vector’s magnitude multiplied by which trigonometric function?",,,Cos angle,,Cot angle,,Sin angle,,Tan angle,,,,C,Answer key: C,LET Secondary,Physical Science,Mechanics,3,No,,0.98,Ready for Upload,Path and PDF header indicate BSED/Secondary Physical Science major. Correct answer sourced from source PDF answer key.
182,2,1,BSED Physical Science P3.pdf,/Users/lyndon/All reviewers/Sept2026_LET Reviewer Files/L. BSED - Physical Science-/BSED Physical Science P3.pdf,"An ant on a picnic table travels 30 cm due east, then 25 cm northward and finally 15 cm due west. What is the magnitude of the ant’s displacement relative to its point of origin?",,,29 cm,,58 cm,,70 cm,,99 cm,,,,A,Answer key: A,LET Secondary,Physical Science,Physical Science,3,No,,0.98,Ready for Upload,Path and PDF header indicate BSED/Secondary Physical Science major. Correct answer sourced from source PDF answer key.
183,3,1,BSED Physical Science P3.pdf,/Users/lyndon/All reviewers/Sept2026_LET Reviewer Files/L. BSED - Physical Science-/BSED Physical Science P3.pdf,What will happen to a moving object in the sum of all the forces acting on it is zero?,,,It will accelerate uniformly.,,It will slow down and stop.,,It will change the direction of its motion.,,It will continue moving with constant velocity.,,,,D,Answer key: D,LET Secondary,Physical Science,Mechanics,3,No,,0.98,Ready for Upload,Path and PDF header indicate BSED/Secondary Physical Science major. Correct answer sourced from source PDF answer key.
184,4,1,BSED Physical Science P3.pdf,/Users/lyndon/All reviewers/Sept2026_LET Reviewer Files/L. BSED - Physical Science-/BSED Physical Science P3.pdf,Acceleration is always in the direction of the _________.,,,displacement,,final velocity,,initial velocity,,net force,,,,D,Answer key: D,LET Secondary,Physical Science,Mechanics,3,No,,0.98,Ready for Upload,Path and PDF header indicate BSED/Secondary Physical Science major. Correct answer sourced from source PDF answer key.
185,5,1,BSED Physical Science P3.pdf,/Users/lyndon/All reviewers/Sept2026_LET Reviewer Files/L. BSED - Physical Science-/BSED Physical Science P3.pdf,A brick slides on the horizontal surface. Which of the following will increase the magnitude of the frictional force on it?,,,Putting a second brick on top,,Decreasing the mass of the brick,,Increasing the surface area of contact,,Decreasing the surface area of contact,,,,A,Answer key: A,LET Secondary,Physical Science,Mechanics,3,No,,0.98,Ready for Upload,Path and PDF header indicate BSED/Secondary Physical Science major. Correct answer sourced from source PDF answer key.
186,6,1,BSED Physical Science P3.pdf,/Users/lyndon/All reviewers/Sept2026_LET Reviewer Files/L. BSED - Physical Science-/BSED Physical Science P3.pdf,Change in enthalpy for combustion of fuel is__________.,,,negative,,positive,,zero,,may be negative or positive,,,,A,Answer key: A,LET Secondary,Physical Science,Physical Science,3,No,,0.98,Ready for Upload,Path and PDF header indicate BSED/Secondary Physical Science major. Correct answer sourced from source PDF answer key. Source marker appears on the same line after item 5 choice D; normalized to preserve sequence and answer-key alignment.
187,7,1,BSED Physical Science P3.pdf,/Users/lyndon/All reviewers/Sept2026_LET Reviewer Files/L. BSED - Physical Science-/BSED Physical Science P3.pdf,"According to the collision theory, when does a chemical reaction occur?",,,If the colliding molecules have energy equal to greater than the activation energy.,,If the colliding molecules have lesser than the activation energy.,,If the colliding molecules bouncing apart did not change.,,If there is no collision among molecules.,,,,A,Answer key: A,LET Secondary,Physical Science,Chemistry,3,No,,0.98,Ready for Upload,Path and PDF header indicate BSED/Secondary Physical Science major. Correct answer sourced from source PDF answer key.
188,8,1,BSED Physical Science P3.pdf,/Users/lyndon/All reviewers/Sept2026_LET Reviewer Files/L. BSED - Physical Science-/BSED Physical Science P3.pdf,Which situation appears to violate the collision theory?,,,The reaction rate increases as temperature increases.,,The reaction rate decreases as the reaction mixture is cooled.,,The reaction rate increases as the surface area of the reactants increases.,,A reaction rate takes more rapidly when the concentration of the reactants is decreased.,,,,D,Answer key: D,LET Secondary,Physical Science,Physical Science,3,No,,0.98,Ready for Upload,Path and PDF header indicate BSED/Secondary Physical Science major. Correct answer sourced from source PDF answer key.
189,9,2,BSED Physical Science P3.pdf,/Users/lyndon/All reviewers/Sept2026_LET Reviewer Files/L. BSED - Physical Science-/BSED Physical Science P3.pdf,Which statements is TRUE about catalysts?,,,They increase the rate of reaction by increasing the activation energy.,,They provide alternative reaction paths with lower activation energies.,,The amount of catalyst decreases as the reaction progresses.,,They are used up in the reaction.,,,,A,Answer key: A,LET Secondary,Physical Science,Chemistry,3,No,,0.98,Ready for Upload,Path and PDF header indicate BSED/Secondary Physical Science major. Correct answer sourced from source PDF answer key.
190,10,2,BSED Physical Science P3.pdf,/Users/lyndon/All reviewers/Sept2026_LET Reviewer Files/L. BSED - Physical Science-/BSED Physical Science P3.pdf,Milk turns sour in one or two days when left at room temperature and yet can remain unspoiled for two weeks when refrigerated. What explains this?,,,Decrease in temperature speeds up reaction rate.,,Decrease in temperature slows down reaction rate.,,Milk becomes less concentrated when placed in refrigerator.,,Milk becomes more concentrated when placed in refrigerator.,,,,B,Answer key: B,LET Secondary,Physical Science,Thermodynamics,3,No,,0.98,Ready for Upload,Path and PDF header indicate BSED/Secondary Physical Science major. Correct answer sourced from source PDF answer key.
191,11,2,BSED Physical Science P3.pdf,/Users/lyndon/All reviewers/Sept2026_LET Reviewer Files/L. BSED - Physical Science-/BSED Physical Science P3.pdf,What factor affects sawdust to burn faster than a block of wood?,,,Concentration of reactant,,Presence of catalyst,,Surface area of reactant,,Temperature,,,,C,Answer key: C,LET Secondary,Physical Science,Physical Science,3,No,,0.98,Ready for Upload,Path and PDF header indicate BSED/Secondary Physical Science major. Correct answer sourced from source PDF answer key.
192,12,2,BSED Physical Science P3.pdf,/Users/lyndon/All reviewers/Sept2026_LET Reviewer Files/L. BSED - Physical Science-/BSED Physical Science P3.pdf,Which of the following observation is NOT true whenever a system is in chemical equilibrium?,,,Attainment of equilibrium requires time.,,The rates of opposing reactions are equal.,,The products do not change back to reactants.,,Concentration remain constant at equilibrium even though the opposing reactions are continuing.,,,,C,Answer key: C,LET Secondary,Physical Science,Science Pedagogy and Research,3,No,,0.98,Ready for Upload,Path and PDF header indicate BSED/Secondary Physical Science major. Correct answer sourced from source PDF answer key.
193,13,2,BSED Physical Science P3.pdf,/Users/lyndon/All reviewers/Sept2026_LET Reviewer Files/L. BSED - Physical Science-/BSED Physical Science P3.pdf,Which refers to the recorded observations and measurements in an explanation?,,,Conclusion,,Data,,Graph,,Variables,,,,B,Answer key: B,LET Secondary,Physical Science,Science Pedagogy and Research,3,No,136,0.90,Duplicate,Path and PDF header indicate BSED/Secondary Physical Science major. Correct answer sourced from source PDF answer key. Duplicate or near-duplicate of row 136.
194,14,2,BSED Physical Science P3.pdf,/Users/lyndon/All reviewers/Sept2026_LET Reviewer Files/L. BSED - Physical Science-/BSED Physical Science P3.pdf,How is hypothesis tested?,,,By gathering enough information about the problem,,By making inferences,,By conducting experiment,,By formulating conclusion,,,,C,Answer key: C,LET Secondary,Physical Science,Science Pedagogy and Research,3,No,137,0.90,Duplicate,Path and PDF header indicate BSED/Secondary Physical Science major. Correct answer sourced from source PDF answer key. Duplicate or near-duplicate of row 137.
195,15,2,BSED Physical Science P3.pdf,/Users/lyndon/All reviewers/Sept2026_LET Reviewer Files/L. BSED - Physical Science-/BSED Physical Science P3.pdf,Which summarizes a natural occurrence that may be constantly observed given the same conditions which may be expressed in words or in mathematical form?,,,Conclusion,,Hypothesis,,Law,,Theory,,,,C,Answer key: C,LET Secondary,Physical Science,Physical Science,3,No,138,0.90,Duplicate,Path and PDF header indicate BSED/Secondary Physical Science major. Correct answer sourced from source PDF answer key. Duplicate or near-duplicate of row 138.
196,16,2,BSED Physical Science P3.pdf,/Users/lyndon/All reviewers/Sept2026_LET Reviewer Files/L. BSED - Physical Science-/BSED Physical Science P3.pdf,Which of the following is also known as paraffin or saturated hydrocarbon?,,,Alkane,,Alkene,,Alkyne,,Cycloalkane,,,,A,Answer key: A,LET Secondary,Physical Science,Physical Science,3,No,,0.98,Ready for Upload,Path and PDF header indicate BSED/Secondary Physical Science major. Correct answer sourced from source PDF answer key.
197,17,3,BSED Physical Science P3.pdf,/Users/lyndon/All reviewers/Sept2026_LET Reviewer Files/L. BSED - Physical Science-/BSED Physical Science P3.pdf,Which of the following is NOT true about scientific method?,,,Conclusion is the last step,,Scientific method may be applied in every life.,,Scientific method is a systematic way of solving problem.,,Scientific method is done by following a step-by-step procedure in an exact sequence.,,,,D,Answer key: D,LET Secondary,Physical Science,Science Pedagogy and Research,3,No,140,0.90,Duplicate,Path and PDF header indicate BSED/Secondary Physical Science major. Correct answer sourced from source PDF answer key. Duplicate or near-duplicate of row 140.
198,18,3,BSED Physical Science P3.pdf,/Users/lyndon/All reviewers/Sept2026_LET Reviewer Files/L. BSED - Physical Science-/BSED Physical Science P3.pdf,Which of the following are properties of organic compound? High melting point Low boiling point High solubility in water Non-conductor of electricity,,,I and II,,I and III,,II and III,,II and IV,,,,D,Answer key: D,LET Secondary,Physical Science,Chemistry,3,No,,0.98,Ready for Upload,Path and PDF header indicate BSED/Secondary Physical Science major. Correct answer sourced from source PDF answer key.
199,19,3,BSED Physical Science P3.pdf,/Users/lyndon/All reviewers/Sept2026_LET Reviewer Files/L. BSED - Physical Science-/BSED Physical Science P3.pdf,What is the classification of an organic compound with the formula CH3-O-CH3?,,,Alcohol,,Ether,,Phenol,,Thiol,,,,B,Answer key: B,LET Secondary,Physical Science,Chemistry,3,No,,0.98,Ready for Upload,Path and PDF header indicate BSED/Secondary Physical Science major. Correct answer sourced from source PDF answer key.
200,20,3,BSED Physical Science P3.pdf,/Users/lyndon/All reviewers/Sept2026_LET Reviewer Files/L. BSED - Physical Science-/BSED Physical Science P3.pdf,Which apparatus will you use to measure the mass of an irregular solid correctly?,,,Empty beaker,,Erlenmeyer flash,,Graduated cylinder with water,,Vernier caliper,,,,C,Answer key: C,LET Secondary,Physical Science,Physical Science,3,No,106,0.90,Duplicate,Path and PDF header indicate BSED/Secondary Physical Science major. Correct answer sourced from source PDF answer key. Duplicate or near-duplicate of row 106.
201,21,3,BSED Physical Science P3.pdf,/Users/lyndon/All reviewers/Sept2026_LET Reviewer Files/L. BSED - Physical Science-/BSED Physical Science P3.pdf,Which of the following is an organic compound?,,,Baking soda,,Glucose,,Limestone,,Sulfuric acid,,,,B,Answer key: B,LET Secondary,Physical Science,Chemistry,3,No,,0.98,Ready for Upload,Path and PDF header indicate BSED/Secondary Physical Science major. Correct answer sourced from source PDF answer key.
202,22,3,BSED Physical Science P3.pdf,/Users/lyndon/All reviewers/Sept2026_LET Reviewer Files/L. BSED - Physical Science-/BSED Physical Science P3.pdf,Which of the following serves as thermal insular in the body?,,,Carbohydrates,,Fats,,Nucleic acids,,Proteins,,,,B,Answer key: B,LET Secondary,Physical Science,Thermodynamics,3,No,,0.98,Ready for Upload,Path and PDF header indicate BSED/Secondary Physical Science major. Correct answer sourced from source PDF answer key.
203,23,3,BSED Physical Science P3.pdf,/Users/lyndon/All reviewers/Sept2026_LET Reviewer Files/L. BSED - Physical Science-/BSED Physical Science P3.pdf,"In DNA, which is the correct complementary pairing of the nitrogenous bases?",,,AG and CT,,AA and GG,,AC and GC,,AT and GC,,,,D,Answer key: D,LET Secondary,Physical Science,Environmental Science,3,No,,0.98,Ready for Upload,Path and PDF header indicate BSED/Secondary Physical Science major. Correct answer sourced from source PDF answer key.
204,24,3,BSED Physical Science P3.pdf,/Users/lyndon/All reviewers/Sept2026_LET Reviewer Files/L. BSED - Physical Science-/BSED Physical Science P3.pdf,Which biomolecule is considered the building blocks of tissues and organs?,,,Carbohydrates,,Lipid,,Nucleic acid,,Protein,,,,D,Answer key: D,LET Secondary,Physical Science,Chemistry,3,No,,0.98,Ready for Upload,Path and PDF header indicate BSED/Secondary Physical Science major. Correct answer sourced from source PDF answer key.
205,25,4,BSED Physical Science P3.pdf,/Users/lyndon/All reviewers/Sept2026_LET Reviewer Files/L. BSED - Physical Science-/BSED Physical Science P3.pdf,What is the main function of the hormone oxytocin in the body?,,,Controls water secretion by the kidneys,,Stimulates conversion of glycogen to glucose,,Controls blood – glucose level and storage of glycogen,,Stimulates contraction of the uterine muscles and secretion of milk by the mammary glands,,,,D,Answer key: D,LET Secondary,Physical Science,Physical Science,3,No,,0.98,Ready for Upload,Path and PDF header indicate BSED/Secondary Physical Science major. Correct answer sourced from source PDF answer key.
206,26,4,BSED Physical Science P3.pdf,/Users/lyndon/All reviewers/Sept2026_LET Reviewer Files/L. BSED - Physical Science-/BSED Physical Science P3.pdf,The half-life of thorium-234 is 24 days. How much 5g of 234th would be left after 48 days?,,,0.625 g,,1.25 g,,2.50 g,,3.75 g,,,,B,Answer key: B,LET Secondary,Physical Science,Atomic and Nuclear Physics,3,No,,0.98,Ready for Upload,Path and PDF header indicate BSED/Secondary Physical Science major. Correct answer sourced from source PDF answer key.
207,27,4,BSED Physical Science P3.pdf,/Users/lyndon/All reviewers/Sept2026_LET Reviewer Files/L. BSED - Physical Science-/BSED Physical Science P3.pdf,What happens when there is a loss of an alpha particle from the nucleus?,,,No change in the mass number or atomic number,,"Loss of 4 in the mass number, loss of 2 in the atomic number",,"Loss of 2 in the mass number, loss of 4 in the atomic number",,"No change in the mass number, increase of 1 in the atomic number",,,,B,Answer key: B,LET Secondary,Physical Science,Atomic and Nuclear Physics,3,No,,0.98,Ready for Upload,Path and PDF header indicate BSED/Secondary Physical Science major. Correct answer sourced from source PDF answer key.
208,28,4,BSED Physical Science P3.pdf,/Users/lyndon/All reviewers/Sept2026_LET Reviewer Files/L. BSED - Physical Science-/BSED Physical Science P3.pdf,What is the balanced equation of 7031Ga that undergoes beta decay?,,,7031Ga ---------------> 7031X + 00β,,7031Ga --------------->7032X + 0-1β,,7031Ga --------------->7031X + 0-1β,,7031Ga ---------------> 7131X + -10β,,,,C,Answer key: C,LET Secondary,Physical Science,Atomic and Nuclear Physics,3,No,,0.98,Ready for Upload,Path and PDF header indicate BSED/Secondary Physical Science major. Correct answer sourced from source PDF answer key.
209,29,4,BSED Physical Science P3.pdf,/Users/lyndon/All reviewers/Sept2026_LET Reviewer Files/L. BSED - Physical Science-/BSED Physical Science P3.pdf,What is the medical application of the isotope P-32 with a half-life of 4.3 days?,,,Liver imaging,,Gastrointestinal diagnosis,,Treatment of leukemia,,Treatment of hyperthyroidism,,,,C,Answer key: C,LET Secondary,Physical Science,Atomic and Nuclear Physics,3,No,,0.98,Ready for Upload,Path and PDF header indicate BSED/Secondary Physical Science major. Correct answer sourced from source PDF answer key.
210,30,4,BSED Physical Science P3.pdf,/Users/lyndon/All reviewers/Sept2026_LET Reviewer Files/L. BSED - Physical Science-/BSED Physical Science P3.pdf,Which of the following poses a serious obstacle to the development of commercial fusion power plants?,,,Scarcity of deuterium,,Public concern about safety,,Dwindling supply of uranium,,Exceedingly high activation energy,,,,D,Answer key: D,LET Secondary,Physical Science,Atomic and Nuclear Physics,3,No,,0.98,Ready for Upload,Path and PDF header indicate BSED/Secondary Physical Science major. Correct answer sourced from source PDF answer key.
211,31,4,BSED Physical Science P3.pdf,/Users/lyndon/All reviewers/Sept2026_LET Reviewer Files/L. BSED - Physical Science-/BSED Physical Science P3.pdf,A radioisotope is considered a tracer when it used to ___________.,,,kill cancerous tissues,,Kill bacteria in food,,Determine the age of artifacts,,Determine the way plants absorb fertilizers,,,,D,Answer key: D,LET Secondary,Physical Science,Atomic and Nuclear Physics,3,No,,0.98,Ready for Upload,Path and PDF header indicate BSED/Secondary Physical Science major. Correct answer sourced from source PDF answer key.
212,32,4,BSED Physical Science P3.pdf,/Users/lyndon/All reviewers/Sept2026_LET Reviewer Files/L. BSED - Physical Science-/BSED Physical Science P3.pdf,"Identify the following quantities as scalar or vector respectively: mass of an object, the number of leaves on a tree, and wind velocity.",,,"Scalar, Scalar, Vector",,"Scalar, Vector, Scalar",,"Vector, Scalar, Scalar",,"Vector, Scalar, Vector",,,,A,Answer key: A,LET Secondary,Physical Science,Mechanics,3,No,,0.98,Ready for Upload,Path and PDF header indicate BSED/Secondary Physical Science major. Correct answer sourced from source PDF answer key.
213,33,5,BSED Physical Science P3.pdf,/Users/lyndon/All reviewers/Sept2026_LET Reviewer Files/L. BSED - Physical Science-/BSED Physical Science P3.pdf,Which of the following is a scalar quantity?,,,Acceleration,,Temperature,,Velocity,,Weight,,,,B,Answer key: B,LET Secondary,Physical Science,Mechanics,3,No,52,0.90,Duplicate,Path and PDF header indicate BSED/Secondary Physical Science major. Correct answer sourced from source PDF answer key. Duplicate or near-duplicate of row 52.
214,34,5,BSED Physical Science P3.pdf,/Users/lyndon/All reviewers/Sept2026_LET Reviewer Files/L. BSED - Physical Science-/BSED Physical Science P3.pdf,Which of the following describes a vector quantity?,,,It specifies direction only.,,It specifies magnitude only.,,It can be a dimensionless a vector quantity.,,It specifies both magnitude and direction.,,,,D,Answer key: D,LET Secondary,Physical Science,Mechanics,3,No,,0.98,Ready for Upload,Path and PDF header indicate BSED/Secondary Physical Science major. Correct answer sourced from source PDF answer key.
215,35,5,BSED Physical Science P3.pdf,/Users/lyndon/All reviewers/Sept2026_LET Reviewer Files/L. BSED - Physical Science-/BSED Physical Science P3.pdf,A man pushes against the wall with 25 pounds of force. The wall does not move. What is the resultant force?,,,-25 pounds,,0 pounds,,50 pounds,,75 pounds,,,,B,Answer key: B,LET Secondary,Physical Science,Mechanics,3,No,,0.98,Ready for Upload,Path and PDF header indicate BSED/Secondary Physical Science major. Correct answer sourced from source PDF answer key.
216,36,5,BSED Physical Science P3.pdf,/Users/lyndon/All reviewers/Sept2026_LET Reviewer Files/L. BSED - Physical Science-/BSED Physical Science P3.pdf,Which of the following BEST describes temperature?,,,Temperature measures the total energy in something.,,Temperature measures the kinetic energy in substance.,,Temperature measures the total kinetic energy contained in an object.,,Temperature measures the average molecular kinetic energy in substance.,,,,D,Answer key: D,LET Secondary,Physical Science,Thermodynamics,3,No,,0.98,Ready for Upload,Path and PDF header indicate BSED/Secondary Physical Science major. Correct answer sourced from source PDF answer key.
217,37,5,BSED Physical Science P3.pdf,/Users/lyndon/All reviewers/Sept2026_LET Reviewer Files/L. BSED - Physical Science-/BSED Physical Science P3.pdf,The Earth receives tremendous heat coming from the sun which could be beneficial at one point and harmful to a large extent. Which of the following methods of transferring heat is being illustrated?,,,Conduction,,Convection,,Radiation,,Transduction,,,,C,Answer key: C,LET Secondary,Physical Science,Earth and Space Science,3,No,,0.98,Ready for Upload,Path and PDF header indicate BSED/Secondary Physical Science major. Correct answer sourced from source PDF answer key.
218,38,5,BSED Physical Science P3.pdf,/Users/lyndon/All reviewers/Sept2026_LET Reviewer Files/L. BSED - Physical Science-/BSED Physical Science P3.pdf,A reaction takes place endothermically. Which of the following statements BEST describes endothermic reactions?,,,The temperature of the system drops.,,The temperature of the surrounding rises.,,The temperature of the surrounding drops.,,The temperature of the surrounding remains the same.,,,,C,Answer key: C,LET Secondary,Physical Science,Thermodynamics,3,No,,0.98,Ready for Upload,Path and PDF header indicate BSED/Secondary Physical Science major. Correct answer sourced from source PDF answer key.
219,39,5,BSED Physical Science P3.pdf,/Users/lyndon/All reviewers/Sept2026_LET Reviewer Files/L. BSED - Physical Science-/BSED Physical Science P3.pdf,Which of the following statements on specific heat is TRUE?,,,It is an extrinsic property.,,It is always equal to the heat capacity.,,It is the heat capacity per mole of a substance.,,It is equal to zero when the heat capacity is zero.,,,,D,Answer key: D,LET Secondary,Physical Science,Thermodynamics,3,No,,0.98,Ready for Upload,Path and PDF header indicate BSED/Secondary Physical Science major. Correct answer sourced from source PDF answer key.
220,40,6,BSED Physical Science P3.pdf,/Users/lyndon/All reviewers/Sept2026_LET Reviewer Files/L. BSED - Physical Science-/BSED Physical Science P3.pdf,The entropy usually increase when ________________. III.A solid changes to a liquid,,,I and II only,,III and IV only,,"I, II and III only",,"I, II, III, and IV",,,,D,Answer key: D,LET Secondary,Physical Science,Thermodynamics,3,No,,0.98,Ready for Upload,Path and PDF header indicate BSED/Secondary Physical Science major. Correct answer sourced from source PDF answer key.
221,1,1,BSED Physical Science P4.pdf,/Users/lyndon/All reviewers/Sept2026_LET Reviewer Files/L. BSED - Physical Science-/BSED Physical Science P4.pdf,An iron nail can be turned into a temporary magnet if it is held in a strong magnet field. Which method of magnetization is this?,,,Charging,,Conduction,,Introduction,,Saturation,,,,C,Answer key: C,LET Secondary,Physical Science,Electricity and Magnetism,3,No,,0.98,Ready for Upload,Path and PDF header indicate BSED/Secondary Physical Science major. Correct answer sourced from source PDF answer key.
222,2,1,BSED Physical Science P4.pdf,/Users/lyndon/All reviewers/Sept2026_LET Reviewer Files/L. BSED - Physical Science-/BSED Physical Science P4.pdf,What is the resistance of an electric bulb drawing 1.2 A current and 6.0 V?,,,0.2 Ω,,0.5 Ω,,2 Ω,,5 Ω,,,,D,Answer key: D,LET Secondary,Physical Science,Electricity and Magnetism,3,No,,0.98,Ready for Upload,Path and PDF header indicate BSED/Secondary Physical Science major. Correct answer sourced from source PDF answer key.
223,3,1,BSED Physical Science P4.pdf,/Users/lyndon/All reviewers/Sept2026_LET Reviewer Files/L. BSED - Physical Science-/BSED Physical Science P4.pdf,What happens to the current-carrying ability of a wire as temperature increases?,,,There is no change.,,The wire can’t carry any current.,,The wire can carry more current.,,The wire can carry less current.,,,,D,Answer key: D,LET Secondary,Physical Science,Electricity and Magnetism,3,No,,0.98,Ready for Upload,Path and PDF header indicate BSED/Secondary Physical Science major. Correct answer sourced from source PDF answer key.
224,4,1,BSED Physical Science P4.pdf,/Users/lyndon/All reviewers/Sept2026_LET Reviewer Files/L. BSED - Physical Science-/BSED Physical Science P4.pdf,"A 300 W at 220 V TV set is used at an average of 4 hours a day for 30 days. If the electrical energy costs Php 1.60 per kilowatt-hour, how much is the energy cost?",,,Php 5.76,,Php 22.50,,Php 57.60,,Php 225.00 Get more Free LET Reviewers @ www.teachpinas.com,,,,C,Answer key: C,LET Secondary,Physical Science,Chemistry,3,No,,0.98,Ready for Upload,Path and PDF header indicate BSED/Secondary Physical Science major. Correct answer sourced from source PDF answer key.
225,5,1,BSED Physical Science P4.pdf,/Users/lyndon/All reviewers/Sept2026_LET Reviewer Files/L. BSED - Physical Science-/BSED Physical Science P4.pdf,Electromagnetic radiation can be used for wireless communications. Which of the following can be used to transmit signals such as mobile phone calls?,,,Infrared,,Gamma,,Microwaves,,Radiowaves,,,,C,Answer key: C,LET Secondary,Physical Science,Chemistry,3,No,,0.98,Ready for Upload,Path and PDF header indicate BSED/Secondary Physical Science major. Correct answer sourced from source PDF answer key.
226,6,1,BSED Physical Science P4.pdf,/Users/lyndon/All reviewers/Sept2026_LET Reviewer Files/L. BSED - Physical Science-/BSED Physical Science P4.pdf,Car A has a mass of 1000 kg and the speed of 60 kph while car B has a mass of 200 kg running at a speed of 30 kph. What is the kinetic energy of car A?,,,Half that of car B,,Equal that of car B,,Twice that of car B,,Four times that of car B,,,,C,Answer key: C,LET Secondary,Physical Science,Chemistry,3,No,,0.98,Ready for Upload,Path and PDF header indicate BSED/Secondary Physical Science major. Correct answer sourced from source PDF answer key.
227,7,1,BSED Physical Science P4.pdf,/Users/lyndon/All reviewers/Sept2026_LET Reviewer Files/L. BSED - Physical Science-/BSED Physical Science P4.pdf,An object is thrown straight up. Which of the following is TRUE about the sign of work done by the gravitational force while the object moves up and down?,,,"Work is zero on the way up, work is zero on the way down.",,"Work is negative on the way up, work is negative on the way down.",,"Work is negative on the way up, work is positive on the way down.",,"Work is positive in the way up, work is negative on the way down.",,,,C,Answer key: C,LET Secondary,Physical Science,Mechanics,3,No,,0.98,Ready for Upload,Path and PDF header indicate BSED/Secondary Physical Science major. Correct answer sourced from source PDF answer key.
228,8,2,BSED Physical Science P4.pdf,/Users/lyndon/All reviewers/Sept2026_LET Reviewer Files/L. BSED - Physical Science-/BSED Physical Science P4.pdf,What happens to the kinetic energy of a moving object if the net work done is positive?,,,The kinetic energy remains the same.,,The kinetic energy increases.,,The kinetic energy decreases.,,The kinetic energy is zero.,,,,B,Answer key: B,LET Secondary,Physical Science,Mechanics,3,No,,0.98,Ready for Upload,Path and PDF header indicate BSED/Secondary Physical Science major. Correct answer sourced from source PDF answer key.
229,9,2,BSED Physical Science P4.pdf,/Users/lyndon/All reviewers/Sept2026_LET Reviewer Files/L. BSED - Physical Science-/BSED Physical Science P4.pdf,"Object A with a mass of 4 kg is lifted vertically 3 m from the ground, object B with a mass of 2 kg is lifted 6 m up. Which of the following statement/s is/are TRUE?",,,I only,,II only,,III only,,not enough information given,,,,C,Answer key: C,LET Secondary,Physical Science,Physical Science,3,No,,0.98,Ready for Upload,Path and PDF header indicate BSED/Secondary Physical Science major. Correct answer sourced from source PDF answer key.
230,10,2,BSED Physical Science P4.pdf,/Users/lyndon/All reviewers/Sept2026_LET Reviewer Files/L. BSED - Physical Science-/BSED Physical Science P4.pdf,"According to the scientific definition of work, pushing a table accomplishes no work unless there is __________.",,,an opposing force,,a net force greater than zero,,an applied force greater than its weight,,movement in the same direction as the force,,,,D,Answer key: D,LET Secondary,Physical Science,Mechanics,3,No,,0.98,Ready for Upload,Path and PDF header indicate BSED/Secondary Physical Science major. Correct answer sourced from source PDF answer key.
231,11,2,BSED Physical Science P4.pdf,/Users/lyndon/All reviewers/Sept2026_LET Reviewer Files/L. BSED - Physical Science-/BSED Physical Science P4.pdf,A machine does 2 500 J of work in one minute. What is the power developed by the machine?,,,21 W,,42W,,2 500 W,,150 000 W,,,,B,Answer key: B,LET Secondary,Physical Science,Mechanics,3,No,,0.98,Ready for Upload,Path and PDF header indicate BSED/Secondary Physical Science major. Correct answer sourced from source PDF answer key.
232,12,2,BSED Physical Science P4.pdf,/Users/lyndon/All reviewers/Sept2026_LET Reviewer Files/L. BSED - Physical Science-/BSED Physical Science P4.pdf,To which type of simple machine does a pencil sharpener belong?,,,Inclined plane,,Lever,,Pulley,,Wheel and axel,,,,D,Answer key: D,LET Secondary,Physical Science,Physical Science,3,No,,0.98,Ready for Upload,Path and PDF header indicate BSED/Secondary Physical Science major. Correct answer sourced from source PDF answer key.
233,13,2,BSED Physical Science P4.pdf,/Users/lyndon/All reviewers/Sept2026_LET Reviewer Files/L. BSED - Physical Science-/BSED Physical Science P4.pdf,Which of Newton’s law best explains why motorists should always wear seat belts?,,,Law of Inertia,,Law of Acceleration,,Law of Interaction,,Law of Gravitation,,,,A,Answer key: A,LET Secondary,Physical Science,Mechanics,3,No,,0.98,Ready for Upload,Path and PDF header indicate BSED/Secondary Physical Science major. Correct answer sourced from source PDF answer key.
234,14,2,BSED Physical Science P4.pdf,/Users/lyndon/All reviewers/Sept2026_LET Reviewer Files/L. BSED - Physical Science-/BSED Physical Science P4.pdf,The same net force is applied to object 1 and object 2. The observed acceleration of the two objects are not the same; object 1 has acceleration three times that of object 2. Which of the following is correct?,,,Object 1 has more friction than object 2.,,Object 1 has one-third the mass of object 2.,,Object 1 has three times the mass of object 2.,,"Object 1 has a different, less streamlined shaped than object 2.",,,,B,Answer key: B,LET Secondary,Physical Science,Mechanics,3,No,,0.98,Ready for Upload,Path and PDF header indicate BSED/Secondary Physical Science major. Correct answer sourced from source PDF answer key.
235,15,3,BSED Physical Science P4.pdf,/Users/lyndon/All reviewers/Sept2026_LET Reviewer Files/L. BSED - Physical Science-/BSED Physical Science P4.pdf,The law of inertia applies to _______.,,,moving objects,,objects that are not moving,,both moving and non-moving objects,,none of these,,,,C,Answer key: C,LET Secondary,Physical Science,Mechanics,3,No,,0.98,Ready for Upload,Path and PDF header indicate BSED/Secondary Physical Science major. Correct answer sourced from source PDF answer key.
236,16,3,BSED Physical Science P4.pdf,/Users/lyndon/All reviewers/Sept2026_LET Reviewer Files/L. BSED - Physical Science-/BSED Physical Science P4.pdf,Which statement is CORRECT about the Law of Conversation of Energy?,,,The total amount of energy is constant.,,Energy cannot be used faster than it is created.,,The supply of energy is limited so we must conserve.,,Energy must be conserved and you are breaking a law if you waste energy.,,,,A,Answer key: A,LET Secondary,Physical Science,Physical Science,3,No,,0.98,Ready for Upload,Path and PDF header indicate BSED/Secondary Physical Science major. Correct answer sourced from source PDF answer key.
237,17,3,BSED Physical Science P4.pdf,/Users/lyndon/All reviewers/Sept2026_LET Reviewer Files/L. BSED - Physical Science-/BSED Physical Science P4.pdf,Which of the following can transform electrical energy to mechanical energy?,,,Electric bulb,,Electric fan,,Loud speaker,,Television,,,,B,Answer key: B,LET Secondary,Physical Science,Electricity and Magnetism,3,No,,0.98,Ready for Upload,Path and PDF header indicate BSED/Secondary Physical Science major. Correct answer sourced from source PDF answer key.
238,18,3,BSED Physical Science P4.pdf,/Users/lyndon/All reviewers/Sept2026_LET Reviewer Files/L. BSED - Physical Science-/BSED Physical Science P4.pdf,Celso is making a picture frame. He sticks a nail into a piece of wood and hits the nail with a hammer. Which form of energy is NOT released when the hammer hits the nail?,,,Chemical,,Kinetic,,Sound,,Thermal,,,,A,Answer key: A,LET Secondary,Physical Science,Physical Science,3,No,,0.98,Ready for Upload,Path and PDF header indicate BSED/Secondary Physical Science major. Correct answer sourced from source PDF answer key.
239,19,3,BSED Physical Science P4.pdf,/Users/lyndon/All reviewers/Sept2026_LET Reviewer Files/L. BSED - Physical Science-/BSED Physical Science P4.pdf,"Butch throws a baseball into the air. It rises, stops when it reaches its greatest height, and the falls back to the ground. At what point is kinetic energy initially converted to potential energy?",,,When the baseball is rising,,When the baseball is falling,,Just after the baseball hits the ground,,While the baseball is stopped in the air,,,,A,Answer key: A,LET Secondary,Physical Science,Chemistry,3,No,,0.98,Ready for Upload,Path and PDF header indicate BSED/Secondary Physical Science major. Correct answer sourced from source PDF answer key.
240,20,3,BSED Physical Science P4.pdf,/Users/lyndon/All reviewers/Sept2026_LET Reviewer Files/L. BSED - Physical Science-/BSED Physical Science P4.pdf,Which energy conversation takes place when a toaster is switched on?,,,Chemical to sound,,Chemical to thermal,,Electrical to sound,,Electrical to thermal,,,,D,Answer key: D,LET Secondary,Physical Science,Physical Science,3,No,,0.98,Ready for Upload,Path and PDF header indicate BSED/Secondary Physical Science major. Correct answer sourced from source PDF answer key.
241,21,3,BSED Physical Science P4.pdf,/Users/lyndon/All reviewers/Sept2026_LET Reviewer Files/L. BSED - Physical Science-/BSED Physical Science P4.pdf,"When coal is burned to produce electricity, the electrical energy produced is less than the potential energy of the coal. Which BEST explains this observation?",,,The amount energy in the coal is not known.,,"As the coil is heated, the molecules move so fast that they are destroyed.",,Some of the potential energy in the coal is converted into forms of energy other than electricity.,,Some of the potential energy in the coal requires more intense heat so that can be compared to electricity.,,,,C,Answer key: C,LET Secondary,Physical Science,Science Pedagogy and Research,3,No,,0.98,Ready for Upload,Path and PDF header indicate BSED/Secondary Physical Science major. Correct answer sourced from source PDF answer key.
242,22,3,BSED Physical Science P4.pdf,/Users/lyndon/All reviewers/Sept2026_LET Reviewer Files/L. BSED - Physical Science-/BSED Physical Science P4.pdf,What is the TRUE of all combinations of resistors arranged in parallel? III.Resistance is the same for each leg of the combination.,,,I and II only,,I and II only,,II and II only,,"I, II and III",,,,A,Answer key: A,LET Secondary,Physical Science,Electricity and Magnetism,3,No,,0.98,Ready for Upload,Path and PDF header indicate BSED/Secondary Physical Science major. Correct answer sourced from source PDF answer key.
243,23,4,BSED Physical Science P4.pdf,/Users/lyndon/All reviewers/Sept2026_LET Reviewer Files/L. BSED - Physical Science-/BSED Physical Science P4.pdf,"What is the closed, continuous path through which electrons can flow?",,,Charge,,Circuit,,Resistor,,Voltage,,,,B,Answer key: B,LET Secondary,Physical Science,Atomic and Nuclear Physics,3,No,164,0.90,Duplicate,Path and PDF header indicate BSED/Secondary Physical Science major. Correct answer sourced from source PDF answer key. Duplicate or near-duplicate of row 164.
244,24,4,BSED Physical Science P4.pdf,/Users/lyndon/All reviewers/Sept2026_LET Reviewer Files/L. BSED - Physical Science-/BSED Physical Science P4.pdf,What will be your charge if you scrape electrons from your feet while scuffing across the rug?,,,Negative,,Neutral,,Positive,,Not enough information given,,,,C,Answer key: C,LET Secondary,Physical Science,Atomic and Nuclear Physics,3,No,165,0.90,Duplicate,Path and PDF header indicate BSED/Secondary Physical Science major. Correct answer sourced from source PDF answer key. Duplicate or near-duplicate of row 165.
245,25,4,BSED Physical Science P4.pdf,/Users/lyndon/All reviewers/Sept2026_LET Reviewer Files/L. BSED - Physical Science-/BSED Physical Science P4.pdf,How will you force charge if the distance between the two charge spheres is doubled?,,,The force is doubled.,,The force is tripled.,,The force is quadrupled.,,The force is multiplied eight times.,,,,C,Answer key: C,LET Secondary,Physical Science,Chemistry,3,No,,0.98,Ready for Upload,Path and PDF header indicate BSED/Secondary Physical Science major. Correct answer sourced from source PDF answer key.
246,26,4,BSED Physical Science P4.pdf,/Users/lyndon/All reviewers/Sept2026_LET Reviewer Files/L. BSED - Physical Science-/BSED Physical Science P4.pdf,A 6 ohm and 12 ohm resistors are connected in parallel with each other to a battery. Which of the following is TRUE?,,,More current will flow through the 20 ohm resistor.,,The current flowing through the resistor is the same.,,The resistor values must be equal for the circuit to work.,,The potential difference across the two resistors is the same .,,,,D,Answer key: D,LET Secondary,Physical Science,Electricity and Magnetism,3,No,,0.98,Ready for Upload,Path and PDF header indicate BSED/Secondary Physical Science major. Correct answer sourced from source PDF answer key.
247,27,4,BSED Physical Science P4.pdf,/Users/lyndon/All reviewers/Sept2026_LET Reviewer Files/L. BSED - Physical Science-/BSED Physical Science P4.pdf,A new 1.5 V dry cell furnishes 30 A when short-circuited. Find the internal resistance of the cell.,,,0.05 Ω,,0.10 Ω,,1.5 Ω,,30 Ω,,,,A,Answer key: A,LET Secondary,Physical Science,Electricity and Magnetism,3,No,,0.98,Ready for Upload,Path and PDF header indicate BSED/Secondary Physical Science major. Correct answer sourced from source PDF answer key.
248,28,4,BSED Physical Science P4.pdf,/Users/lyndon/All reviewers/Sept2026_LET Reviewer Files/L. BSED - Physical Science-/BSED Physical Science P4.pdf,"If three identical lamps are connected in parallel to A 6 V dry cell, what is the voltage drop across each lamp?",,,2 V,,3 V,,6 V,,18 V,,,,C,Answer key: C,LET Secondary,Physical Science,Electricity and Magnetism,3,No,,0.98,Ready for Upload,Path and PDF header indicate BSED/Secondary Physical Science major. Correct answer sourced from source PDF answer key.
249,29,4,BSED Physical Science P4.pdf,/Users/lyndon/All reviewers/Sept2026_LET Reviewer Files/L. BSED - Physical Science-/BSED Physical Science P4.pdf,Which of the following describes an electric current?,,,Regulates the movement of electric charge,,The opposition material offers to the electron flow,,The electric pressure that causes charged particles to flow,,The movement of charged particles in the specific direction,,,,D,Answer key: D,LET Secondary,Physical Science,Electricity and Magnetism,3,No,,0.98,Ready for Upload,Path and PDF header indicate BSED/Secondary Physical Science major. Correct answer sourced from source PDF answer key.
250,30,5,BSED Physical Science P4.pdf,/Users/lyndon/All reviewers/Sept2026_LET Reviewer Files/L. BSED - Physical Science-/BSED Physical Science P4.pdf,A 10 W bulb and a 20 W bulb are connected in a series circuit. Which bulb has the more current flowing in it?,,,The 10 W bulb,,The 20 W bulb,,Both bulbs have the same current,,Cannot be determined,,,,C,Answer key: C,LET Secondary,Physical Science,Electricity and Magnetism,3,No,,0.98,Ready for Upload,Path and PDF header indicate BSED/Secondary Physical Science major. Correct answer sourced from source PDF answer key.
251,31,5,BSED Physical Science P4.pdf,/Users/lyndon/All reviewers/Sept2026_LET Reviewer Files/L. BSED - Physical Science-/BSED Physical Science P4.pdf,Which of the following are characteristics of a series circuit? circuit. resistances.,,,I and II only,,I and III only,,III and IV only,,"I, II, and III only",,,,A,Answer key: A,LET Secondary,Physical Science,Electricity and Magnetism,3,No,,0.98,Ready for Upload,Path and PDF header indicate BSED/Secondary Physical Science major. Correct answer sourced from source PDF answer key.
252,32,5,BSED Physical Science P4.pdf,/Users/lyndon/All reviewers/Sept2026_LET Reviewer Files/L. BSED - Physical Science-/BSED Physical Science P4.pdf,Which states that the sum of all potential rises and potential drops in any loop (closed circuit ) is zero?,,,Coulomb’s Law,,Kirchoff’s Law,,Law of Electrolysis,,Ohm’s Law,,,,B,Answer key: B,LET Secondary,Physical Science,Electricity and Magnetism,3,No,,0.98,Ready for Upload,Path and PDF header indicate BSED/Secondary Physical Science major. Correct answer sourced from source PDF answer key.
253,33,5,BSED Physical Science P4.pdf,/Users/lyndon/All reviewers/Sept2026_LET Reviewer Files/L. BSED - Physical Science-/BSED Physical Science P4.pdf,A television and an electric fan are connected in parallel top a 220 V line. The current in the television is 8 A and in the electric fan is 3 A. What is the current flowing in the line?,,,2.67 A,,5 A,,11 A,,24 A,,,,C,Answer key: C,LET Secondary,Physical Science,Electricity and Magnetism,3,No,,0.98,Ready for Upload,Path and PDF header indicate BSED/Secondary Physical Science major. Correct answer sourced from source PDF answer key.
254,34,5,BSED Physical Science P4.pdf,/Users/lyndon/All reviewers/Sept2026_LET Reviewer Files/L. BSED - Physical Science-/BSED Physical Science P4.pdf,What happens to the current if resistance increases?,,,Decreases,,Increases,,No change,,Cannot be determined,,,,A,Answer key: A,LET Secondary,Physical Science,Electricity and Magnetism,3,No,,0.98,Ready for Upload,Path and PDF header indicate BSED/Secondary Physical Science major. Correct answer sourced from source PDF answer key.
255,35,5,BSED Physical Science P4.pdf,/Users/lyndon/All reviewers/Sept2026_LET Reviewer Files/L. BSED - Physical Science-/BSED Physical Science P4.pdf,Which of the following statement DOES NOT represent Ohm’s Law?,,,Current/potential difference =constant,,Potential difference/current = constant,,Potential difference = current x resistance,,Current = resistance x potential difference,,,,D,Answer key: D,LET Secondary,Physical Science,Electricity and Magnetism,3,No,,0.98,Ready for Upload,Path and PDF header indicate BSED/Secondary Physical Science major. Correct answer sourced from source PDF answer key.
256,36,5,BSED Physical Science P4.pdf,/Users/lyndon/All reviewers/Sept2026_LET Reviewer Files/L. BSED - Physical Science-/BSED Physical Science P4.pdf,The potential energy of a body at a certain height is 100 J. The kinetic energy possessed by it when it just touches the surface of the earth is________________.,,,greater than the potential energy,,less than the potential energy,,equal to the potential energy,,cannot be known,,,,B,Answer key: B,LET Secondary,Physical Science,Earth and Space Science,3,No,,0.98,Ready for Upload,Path and PDF header indicate BSED/Secondary Physical Science major. Correct answer sourced from source PDF answer key.
257,37,6,BSED Physical Science P4.pdf,/Users/lyndon/All reviewers/Sept2026_LET Reviewer Files/L. BSED - Physical Science-/BSED Physical Science P4.pdf,What happens to the kinetic energy of an object if tit’s speed is doubled?,,,It will be halved.,,It will be doubled.,,It will be tripled.,,It will be quadrupled.,,,,D,Answer key: D,LET Secondary,Physical Science,Mechanics,3,No,,0.98,Ready for Upload,Path and PDF header indicate BSED/Secondary Physical Science major. Correct answer sourced from source PDF answer key.
258,38,6,BSED Physical Science P4.pdf,/Users/lyndon/All reviewers/Sept2026_LET Reviewer Files/L. BSED - Physical Science-/BSED Physical Science P4.pdf,What is the type of energy possessed by a simple pendulum when it is at the mean position?,,,Kinetic energy,,Mechanical energy,,Potential energy,,Sound energy,,,,A,Answer key: A,LET Secondary,Physical Science,Mechanics,3,No,,0.98,Ready for Upload,Path and PDF header indicate BSED/Secondary Physical Science major. Correct answer sourced from source PDF answer key.
259,39,6,BSED Physical Science P4.pdf,/Users/lyndon/All reviewers/Sept2026_LET Reviewer Files/L. BSED - Physical Science-/BSED Physical Science P4.pdf,"A ball is thrown upward into the air with a speed that is greater than terminal speed. On the way up, it slows down and after its speed equal the terminal speed but before it gets to the trajectory_____.",,,it speed up,,its speed is constant,,it continues to the slow down,,its motion becomes jerky,,,,C,Answer key: C,LET Secondary,Physical Science,Physical Science,3,No,,0.98,Ready for Upload,Path and PDF header indicate BSED/Secondary Physical Science major. Correct answer sourced from source PDF answer key.
260,40,6,BSED Physical Science P4.pdf,/Users/lyndon/All reviewers/Sept2026_LET Reviewer Files/L. BSED - Physical Science-/BSED Physical Science P4.pdf,"When a bullet is fired from a riffle, the force in the riffle is equal to the force on the bullet. Why is it that the energy of the bullet is greater than the energy of the recoiling rifle?",,,Because there is more impulse on the bullet,,Because the force on the bullet acts for a longer time,,Because the force on the bullet acts for the longer distance,,Because the bullet’s momentum is greater than that of the rifle,,,,C,Answer key: C,LET Secondary,Physical Science,Electricity and Magnetism,3,No,,0.98,Ready for Upload,Path and PDF header indicate BSED/Secondary Physical Science major. Correct answer sourced from source PDF answer key.
261,1,1,BSED Physical Science P5.pdf,/Users/lyndon/All reviewers/Sept2026_LET Reviewer Files/L. BSED - Physical Science-/BSED Physical Science P5.pdf,Albert Einstein’s Second postulate of Special Relativity state that the speed of light_____.,,,can decrease if the speed of the observer decreases,,can increase if the speed of the observer increases,,randomly changes depending upon its original light source,,is constant regardless of the speed of the observer or the light source,,,,D,Answer key: D,LET Secondary,Physical Science,Waves and Optics,3,No,,0.98,Ready for Upload,Path and PDF header indicate BSED/Secondary Physical Science major. Correct answer sourced from source PDF answer key.
262,2,1,BSED Physical Science P5.pdf,/Users/lyndon/All reviewers/Sept2026_LET Reviewer Files/L. BSED - Physical Science-/BSED Physical Science P5.pdf,"A passenger train travels east at high speed. One passenger is located at the east side of one car, another is located at the west side of that car. In the train’s frame, these two passengers glance up the same time. In the earth’s frame ____________.",,,they glance up simultaneously,,the passengers glance sideways,,the passenger at the east side glances up first,,the passenger at the west side glances up first,,,,D,Answer key: D,LET Secondary,Physical Science,Earth and Space Science,3,No,,0.98,Ready for Upload,Path and PDF header indicate BSED/Secondary Physical Science major. Correct answer sourced from source PDF answer key.
263,3,1,BSED Physical Science P5.pdf,/Users/lyndon/All reviewers/Sept2026_LET Reviewer Files/L. BSED - Physical Science-/BSED Physical Science P5.pdf,Benie11 travels at high speed from Earth to the star Alpha Centauri which four light years away. Which one is CORRECT in Benie11’s frame?,,,The clocks on earth and on Alpha Centauri are synchronized.,,The trip takes more time than it does in the earth’s frame,,Benie11 travels to Alpha Centauri over a length that is shorter than four light years.,,Alpha Centauri travels to Benie11 over a length that is shorter than four light years.,,,,D,Answer key: D,LET Secondary,Physical Science,Earth and Space Science,3,No,,0.98,Ready for Upload,Path and PDF header indicate BSED/Secondary Physical Science major. Correct answer sourced from source PDF answer key.
264,4,1,BSED Physical Science P5.pdf,/Users/lyndon/All reviewers/Sept2026_LET Reviewer Files/L. BSED - Physical Science-/BSED Physical Science P5.pdf,One clock is placed on top of a mountain and another clock is at the bottom the mountain. Ignore the rotation of the earth. Which clock ticks more slowly?,,,They tick at the same rate.,,The one on top of the mountain.,,The one at the bottom of the mountain.,,Cannot be determined.,,,,C,Answer key: C,LET Secondary,Physical Science,Earth and Space Science,3,No,,0.98,Ready for Upload,Path and PDF header indicate BSED/Secondary Physical Science major. Correct answer sourced from source PDF answer key.
265,5,1,BSED Physical Science P5.pdf,/Users/lyndon/All reviewers/Sept2026_LET Reviewer Files/L. BSED - Physical Science-/BSED Physical Science P5.pdf,"You are in a windowless spacecraft. What do you need to do determine whether your space ship is moving at constant non-zero velocity, or is at rest, in an inertial frame of earth?",,,Make very precise time measurements.,,Make very precise mass measurements.,,Make very precise length and time measurements.,,"Nothing, because you cannot succeed no matter what you do.",,,,D,Answer key: D,LET Secondary,Physical Science,Earth and Space Science,3,No,,0.98,Ready for Upload,Path and PDF header indicate BSED/Secondary Physical Science major. Correct answer sourced from source PDF answer key.
266,6,1,BSED Physical Science P5.pdf,/Users/lyndon/All reviewers/Sept2026_LET Reviewer Files/L. BSED - Physical Science-/BSED Physical Science P5.pdf,Which of the following involves adsorption?,,,Plating the copper on a steel object,,Adherence of paint to wood surfaces,,Brown color of the eyes of the Filipinos,,Remobal of odor inside a refrigerator using charcoal,,,,D,Answer key: D,LET Secondary,Physical Science,Physical Science,3,No,145,0.90,Duplicate,Path and PDF header indicate BSED/Secondary Physical Science major. Correct answer sourced from source PDF answer key. Source marker appears on the same line after item 5 choice D; normalized to preserve sequence and answer-key alignment. Duplicate or near-duplicate of row 145.
267,7,1,BSED Physical Science P5.pdf,/Users/lyndon/All reviewers/Sept2026_LET Reviewer Files/L. BSED - Physical Science-/BSED Physical Science P5.pdf,Which of the following BEST describes temperature?,,,Temperature measures the total energy in something.,,Temperature measures the kinetic energy in substance.,,Temperature measures the total kinetic energy contained in an object.,,Temperature measures the average molecular kinetic energy in substance.,,,,D,Answer key: D,LET Secondary,Physical Science,Thermodynamics,3,No,216,0.90,Duplicate,Path and PDF header indicate BSED/Secondary Physical Science major. Correct answer sourced from source PDF answer key. Duplicate or near-duplicate of row 216.
268,8,1,BSED Physical Science P5.pdf,/Users/lyndon/All reviewers/Sept2026_LET Reviewer Files/L. BSED - Physical Science-/BSED Physical Science P5.pdf,What is the direction of a magnetic field within a magnet?,,,From north to south,,From south to north,,Front to back,,Back to front,,,,A,Answer key: A,LET Secondary,Physical Science,Electricity and Magnetism,3,No,,0.98,Ready for Upload,Path and PDF header indicate BSED/Secondary Physical Science major. Correct answer sourced from source PDF answer key.
269,9,2,BSED Physical Science P5.pdf,/Users/lyndon/All reviewers/Sept2026_LET Reviewer Files/L. BSED - Physical Science-/BSED Physical Science P5.pdf,Which is the induced voltage across a stationary conductor in a stationary magnetic field?,,,Decreased,,Increased,,Zero,,Reversed in polarity,,,,C,Answer key: C,LET Secondary,Physical Science,Electricity and Magnetism,3,No,,0.98,Ready for Upload,Path and PDF header indicate BSED/Secondary Physical Science major. Correct answer sourced from source PDF answer key.
270,10,2,BSED Physical Science P5.pdf,/Users/lyndon/All reviewers/Sept2026_LET Reviewer Files/L. BSED - Physical Science-/BSED Physical Science P5.pdf,What is the magneto motive force (mmf) of a wire with 8 turns carrying 3 A of current?,,,2. 67,,24,,240,,2400,,,,B,Answer key: B,LET Secondary,Physical Science,Electricity and Magnetism,3,No,,0.98,Ready for Upload,Path and PDF header indicate BSED/Secondary Physical Science major. Correct answer sourced from source PDF answer key.
271,11,2,BSED Physical Science P5.pdf,/Users/lyndon/All reviewers/Sept2026_LET Reviewer Files/L. BSED - Physical Science-/BSED Physical Science P5.pdf,"A coil of wire is placed in a charging magnet field. If the number of turns in the coil is decreased, what will happen to the voltage induced across the coil?",,,Remain constant,,Be excessive,,Decrease,,Increase,,,,C,Answer key: C,LET Secondary,Physical Science,Electricity and Magnetism,3,No,,0.98,Ready for Upload,Path and PDF header indicate BSED/Secondary Physical Science major. Correct answer sourced from source PDF answer key.
272,12,2,BSED Physical Science P5.pdf,/Users/lyndon/All reviewers/Sept2026_LET Reviewer Files/L. BSED - Physical Science-/BSED Physical Science P5.pdf,Which of the following is TRUE about the frequency and velocity of electromagnetic waves?,,,Frequency and wavelength are interdependent of each other,,"As frequency increases, wavelength decreases",,"As frequency increases, wavelength increases",,Frequency is constant for all wavelengths,,,,B,Answer key: B,LET Secondary,Physical Science,Electricity and Magnetism,3,No,,0.98,Ready for Upload,Path and PDF header indicate BSED/Secondary Physical Science major. Correct answer sourced from source PDF answer key.
273,13,2,BSED Physical Science P5.pdf,/Users/lyndon/All reviewers/Sept2026_LET Reviewer Files/L. BSED - Physical Science-/BSED Physical Science P5.pdf,Which of the following correctly lists electromagnetic waves in order form longest to shortest wave length?,,,"Television, infrared, visible light, X-rays",,"Gamma rays, ultraviolet, infrared, microwaves",,"Radio waves, infrared, gamma rays, ultraviolet",,"Micro waves, ultraviolet, visible light, gamma rays",,,,A,Answer key: A,LET Secondary,Physical Science,Electricity and Magnetism,3,No,,0.98,Ready for Upload,Path and PDF header indicate BSED/Secondary Physical Science major. Correct answer sourced from source PDF answer key.
274,14,2,BSED Physical Science P5.pdf,/Users/lyndon/All reviewers/Sept2026_LET Reviewer Files/L. BSED - Physical Science-/BSED Physical Science P5.pdf,An electromagnetic wave is radiated by a straight wire antenna that is oriented vertically. What should be the orientation of a straight wire receiving antenna?,,,Diagonally,,Vertically,,Horizontally and in a direction parallel to the wave’s direction of motion,,Horizontally and in a direction perpendicular to the wave’s direction of motion,,,,B,Answer key: B,LET Secondary,Physical Science,Electricity and Magnetism,3,No,,0.98,Ready for Upload,Path and PDF header indicate BSED/Secondary Physical Science major. Correct answer sourced from source PDF answer key.
275,15,2,BSED Physical Science P5.pdf,/Users/lyndon/All reviewers/Sept2026_LET Reviewer Files/L. BSED - Physical Science-/BSED Physical Science P5.pdf,What should a good diode tested with an ohmmeter indicate?,,,High resistance when forward or reverse biased,,Low resistance when forward or reverse biased,,High resistance when reverse biased and low resistance when forward biased,,High resistance when forward biased and low resistance when forward biased,,,,C,Answer key: C,LET Secondary,Physical Science,Electricity and Magnetism,3,No,,0.98,Ready for Upload,Path and PDF header indicate BSED/Secondary Physical Science major. Correct answer sourced from source PDF answer key.
276,16,3,BSED Physical Science P5.pdf,/Users/lyndon/All reviewers/Sept2026_LET Reviewer Files/L. BSED - Physical Science-/BSED Physical Science P5.pdf,Vacuum tubes in a radio transmitter are used to __________.,,,record programs,,provide DC supply,,generate high power radio waves,,provide lighting inside the studio,,,,C,Answer key: C,LET Secondary,Physical Science,Atomic and Nuclear Physics,3,No,,0.98,Ready for Upload,Path and PDF header indicate BSED/Secondary Physical Science major. Correct answer sourced from source PDF answer key.
277,17,3,BSED Physical Science P5.pdf,/Users/lyndon/All reviewers/Sept2026_LET Reviewer Files/L. BSED - Physical Science-/BSED Physical Science P5.pdf,Which material is the usual component of an anode?,,,Aluminum,,Carbon,,Copper,,Nickel,,,,A,Answer key: A,LET Secondary,Physical Science,Physical Science,3,No,,0.98,Ready for Upload,Path and PDF header indicate BSED/Secondary Physical Science major. Correct answer sourced from source PDF answer key.
278,18,3,BSED Physical Science P5.pdf,/Users/lyndon/All reviewers/Sept2026_LET Reviewer Files/L. BSED - Physical Science-/BSED Physical Science P5.pdf,"A metal spoon is placed in a cup filled with hot coffee. After sometime, the exposed end of the spoon becomes hot even without a direct contact with the liquid. What explains this phenomenon?",,,Conduction,,Convection,,Radiation,,Thermal expansion,,,,A,Answer key: A,LET Secondary,Physical Science,Chemistry,3,No,,0.98,Ready for Upload,Path and PDF header indicate BSED/Secondary Physical Science major. Correct answer sourced from source PDF answer key.
279,19,3,BSED Physical Science P5.pdf,/Users/lyndon/All reviewers/Sept2026_LET Reviewer Files/L. BSED - Physical Science-/BSED Physical Science P5.pdf,Which cause the warmth that you fell when you place your finger at the side of the flame of a burning candle?,,,Conduction,,Convection,,Radiation,,Not enough information given,,,,C,Answer key: C,LET Secondary,Physical Science,Physical Science,3,No,,0.98,Ready for Upload,Path and PDF header indicate BSED/Secondary Physical Science major. Correct answer sourced from source PDF answer key.
280,20,3,BSED Physical Science P5.pdf,/Users/lyndon/All reviewers/Sept2026_LET Reviewer Files/L. BSED - Physical Science-/BSED Physical Science P5.pdf,Which process of heat transfer happens by the movement of mass from one place to another?,,,Conduction,,Convection,,Induction,,Radiation,,,,B,Answer key: B,LET Secondary,Physical Science,Thermodynamics,3,No,,0.98,Ready for Upload,Path and PDF header indicate BSED/Secondary Physical Science major. Correct answer sourced from source PDF answer key.
281,21,3,BSED Physical Science P5.pdf,/Users/lyndon/All reviewers/Sept2026_LET Reviewer Files/L. BSED - Physical Science-/BSED Physical Science P5.pdf,"When work is done by a system, what happens to its temperature assuming that no heat is added to it?",,,Decreases,,Increases,,Remains the same,,None of these,,,,A,Answer key: A,LET Secondary,Physical Science,Thermodynamics,3,No,,0.98,Ready for Upload,Path and PDF header indicate BSED/Secondary Physical Science major. Correct answer sourced from source PDF answer key.
282,22,3,BSED Physical Science P5.pdf,/Users/lyndon/All reviewers/Sept2026_LET Reviewer Files/L. BSED - Physical Science-/BSED Physical Science P5.pdf,"Which states that “when two systems are in thermal equilibrium with a third system, then they are in thermal equilibrium with each other?",,,Zeroth Law of Thermodynamics,,First Law of Thermodynamics,,Second Law of Thermodynamics,,Mechanical Equivalent of Heat,,,,A,Answer key: A,LET Secondary,Physical Science,Thermodynamics,3,No,,0.98,Ready for Upload,Path and PDF header indicate BSED/Secondary Physical Science major. Correct answer sourced from source PDF answer key.
283,23,3,BSED Physical Science P5.pdf,/Users/lyndon/All reviewers/Sept2026_LET Reviewer Files/L. BSED - Physical Science-/BSED Physical Science P5.pdf,What happens in an adiabatic process?,,,No heat enters or leaves the system.,,The pressure of the system remains constant.,,The temperature of the system remains constant.,,The system does no work nor work is done on it.,,,,A,Answer key: A,LET Secondary,Physical Science,Physical Science,3,No,,0.98,Ready for Upload,Path and PDF header indicate BSED/Secondary Physical Science major. Correct answer sourced from source PDF answer key.
284,24,4,BSED Physical Science P5.pdf,/Users/lyndon/All reviewers/Sept2026_LET Reviewer Files/L. BSED - Physical Science-/BSED Physical Science P5.pdf,What thermodynamic process is involved in a closed car inside a hot garage?,,,Adiabatic,,Isobaric,,Isochoric,,Isothermal,,,,C,Answer key: C,LET Secondary,Physical Science,Thermodynamics,3,No,,0.98,Ready for Upload,Path and PDF header indicate BSED/Secondary Physical Science major. Correct answer sourced from source PDF answer key.
285,25,4,BSED Physical Science P5.pdf,/Users/lyndon/All reviewers/Sept2026_LET Reviewer Files/L. BSED - Physical Science-/BSED Physical Science P5.pdf,"Consider the thermal energy transfer during a chemical process. When heat is transferred to the system, the process is said to be __________ and the sign of H is ___________.",,,"endothermic, positive",,"endothermic, negative",,"exothermic, positive",,"exothermic, negative",,,,A,Answer key: A,LET Secondary,Physical Science,Chemistry,3,No,,0.98,Ready for Upload,Path and PDF header indicate BSED/Secondary Physical Science major. Correct answer sourced from source PDF answer key.
286,26,4,BSED Physical Science P5.pdf,/Users/lyndon/All reviewers/Sept2026_LET Reviewer Files/L. BSED - Physical Science-/BSED Physical Science P5.pdf,Which of the following statements is FALSE?,,,Entropy increases with the number of microstates of the system.,,Any irreversible process results in an overall increase in entropy.,,The total entropy of the universe in any spontaneous process.,,The change in entropy in a system depends on the initial and final states of the system and the path taken from one state to the order.,,,,D,Answer key: D,LET Secondary,Physical Science,Physical Science,3,No,,0.98,Ready for Upload,Path and PDF header indicate BSED/Secondary Physical Science major. Correct answer sourced from source PDF answer key.
287,27,4,BSED Physical Science P5.pdf,/Users/lyndon/All reviewers/Sept2026_LET Reviewer Files/L. BSED - Physical Science-/BSED Physical Science P5.pdf,"During a refrigeration cycle, heat is rejected by the refrigerant in ___________.",,,compressor,,condenser,,evaporator,,expansion valve,,,,B,Answer key: B,LET Secondary,Physical Science,Thermodynamics,3,No,,0.98,Ready for Upload,Path and PDF header indicate BSED/Secondary Physical Science major. Correct answer sourced from source PDF answer key.
288,28,4,BSED Physical Science P5.pdf,/Users/lyndon/All reviewers/Sept2026_LET Reviewer Files/L. BSED - Physical Science-/BSED Physical Science P5.pdf,Which of the following CORRECTLY describes a refrigeration system?,,,Rejects energy to a low temperature body.,,Rejects energy to a high temperature body.,,Removes heat from a low temperature body and delivers it to a high temperature body.,,Removes heat from a high temperature body and delivers it to a low temperature body.,,,,D,Answer key: D,LET Secondary,Physical Science,Physical Science,3,No,,0.98,Ready for Upload,Path and PDF header indicate BSED/Secondary Physical Science major. Correct answer sourced from source PDF answer key.
289,29,4,BSED Physical Science P5.pdf,/Users/lyndon/All reviewers/Sept2026_LET Reviewer Files/L. BSED - Physical Science-/BSED Physical Science P5.pdf,Which of the following refrigerant has the maximum ozone depletion potential in the stratosphere?,,,Ammonia,,Carbon dioxide,,Fluorine,,Sulfur dioxide,,,,C,Answer key: C,LET Secondary,Physical Science,Environmental Science,3,No,,0.98,Ready for Upload,Path and PDF header indicate BSED/Secondary Physical Science major. Correct answer sourced from source PDF answer key.
290,30,4,BSED Physical Science P5.pdf,/Users/lyndon/All reviewers/Sept2026_LET Reviewer Files/L. BSED - Physical Science-/BSED Physical Science P5.pdf,Which phenomenon is BEST explains by the particle nature of light?,,,Doppler effect,,Interference,,Photoelectric effect,,Polarization,,,,C,Answer key: C,LET Secondary,Physical Science,Chemistry,3,No,,0.98,Ready for Upload,Path and PDF header indicate BSED/Secondary Physical Science major. Correct answer sourced from source PDF answer key.
291,31,4,BSED Physical Science P5.pdf,/Users/lyndon/All reviewers/Sept2026_LET Reviewer Files/L. BSED - Physical Science-/BSED Physical Science P5.pdf,"According to the quantum theory of light, the energy of light is carried in discrete unit called _____.",,,alpha particles,,photoelectrons,,photons,,protons,,,,C,Answer key: C,LET Secondary,Physical Science,Atomic and Nuclear Physics,3,No,,0.98,Ready for Upload,Path and PDF header indicate BSED/Secondary Physical Science major. Correct answer sourced from source PDF answer key.
292,32,5,BSED Physical Science P5.pdf,/Users/lyndon/All reviewers/Sept2026_LET Reviewer Files/L. BSED - Physical Science-/BSED Physical Science P5.pdf,"Ruther ford observed that most of the alpha particles directed at a metallic foil appear to pass through unhindered, with only a few deflected at large angles. What did he conclude?",,,Atoms can easily absorb and re-emit alpha particles,,"Atoms consist mainly of empty space and have small, dense nuclei.",,Alpha particles behave like waves when they interact with atom.,,Atoms have most of their mass distributed loosely in an electron cloud.,,,,B,Answer key: B,LET Secondary,Physical Science,Chemistry,3,No,,0.98,Ready for Upload,Path and PDF header indicate BSED/Secondary Physical Science major. Correct answer sourced from source PDF answer key.
293,33,5,BSED Physical Science P5.pdf,/Users/lyndon/All reviewers/Sept2026_LET Reviewer Files/L. BSED - Physical Science-/BSED Physical Science P5.pdf,"When an electron change from a higher energy to a lower energy state within an atom, a quantum of energy is___________.",,,absorbed,,emitted,,fissioned,,fused,,,,B,Answer key: B,LET Secondary,Physical Science,Atomic and Nuclear Physics,3,No,,0.98,Ready for Upload,Path and PDF header indicate BSED/Secondary Physical Science major. Correct answer sourced from source PDF answer key.
294,34,5,BSED Physical Science P5.pdf,/Users/lyndon/All reviewers/Sept2026_LET Reviewer Files/L. BSED - Physical Science-/BSED Physical Science P5.pdf,When does nuclear fission occur?,,,When we cut nuclei into two with a very small cutting device,,When one nucleus bumps into another causing a chain reaction,,"When a nucleus divides spontaneously, with no apparent reason",,When electrical force inside a nucleus overpower forces,,,,D,Answer key: D,LET Secondary,Physical Science,Atomic and Nuclear Physics,3,No,,0.98,Ready for Upload,Path and PDF header indicate BSED/Secondary Physical Science major. Correct answer sourced from source PDF answer key.
295,35,5,BSED Physical Science P5.pdf,/Users/lyndon/All reviewers/Sept2026_LET Reviewer Files/L. BSED - Physical Science-/BSED Physical Science P5.pdf,When does nuclear fusion release energy?,,,When uranium emits a neutron,,When heavy ions fuse together,,When very light nuclei fuse together,,When uranium spits into two fragments,,,,C,Answer key: C,LET Secondary,Physical Science,Atomic and Nuclear Physics,3,No,,0.98,Ready for Upload,Path and PDF header indicate BSED/Secondary Physical Science major. Correct answer sourced from source PDF answer key.
296,36,5,BSED Physical Science P5.pdf,/Users/lyndon/All reviewers/Sept2026_LET Reviewer Files/L. BSED - Physical Science-/BSED Physical Science P5.pdf,Which statement about the North-magnetic pole of the Earth is TRUE?,,,Its location never changes.,,It corresponds to the N-pole of a bar magnet.,,It corresponds to the S-pole of a bar magnet.,,It is at the same location as the geographic north pole of the Earth,,,,C,Answer key: C,LET Secondary,Physical Science,Earth and Space Science,3,No,,0.98,Ready for Upload,Path and PDF header indicate BSED/Secondary Physical Science major. Correct answer sourced from source PDF answer key.
297,37,5,BSED Physical Science P5.pdf,/Users/lyndon/All reviewers/Sept2026_LET Reviewer Files/L. BSED - Physical Science-/BSED Physical Science P5.pdf,An iron nail can be turned into a temporary magnet if it is held in a strong magnet field. Which method of magnetization is this?,,,Charging,,Conduction,,Introduction,,Saturation,,,,C,Answer key: C,LET Secondary,Physical Science,Electricity and Magnetism,3,No,221,0.90,Duplicate,Path and PDF header indicate BSED/Secondary Physical Science major. Correct answer sourced from source PDF answer key. Duplicate or near-duplicate of row 221.
298,38,5,BSED Physical Science P5.pdf,/Users/lyndon/All reviewers/Sept2026_LET Reviewer Files/L. BSED - Physical Science-/BSED Physical Science P5.pdf,Which of the following factors affect the size of the induced current in a coil? III.Direction of the winding in the coil,,,I and II only,,III and IV only,,"I, II, and III only",,"I, II, and IV only",,,,D,Answer key: D,LET Secondary,Physical Science,Electricity and Magnetism,3,No,,0.98,Ready for Upload,Path and PDF header indicate BSED/Secondary Physical Science major. Correct answer sourced from source PDF answer key.
299,39,6,BSED Physical Science P5.pdf,/Users/lyndon/All reviewers/Sept2026_LET Reviewer Files/L. BSED - Physical Science-/BSED Physical Science P5.pdf,"To use the right hand rule to predict the direction of n induced current in a coil, your thumb must point__________________.",,,to the direction of the motion of the wire,,to the S-pole of the induced magnetic field,,in the direction of the induced current,,in the direction of the inducing field,,,,A,Answer key: A,LET Secondary,Physical Science,Electricity and Magnetism,3,No,,0.98,Ready for Upload,Path and PDF header indicate BSED/Secondary Physical Science major. Correct answer sourced from source PDF answer key.
300,40,6,BSED Physical Science P5.pdf,/Users/lyndon/All reviewers/Sept2026_LET Reviewer Files/L. BSED - Physical Science-/BSED Physical Science P5.pdf,"When a bar magnet is inserted into a coil, a current of 12.0 A is induced in the coil. If four magnets of the same type are inserted into a coil at the same time, what would be the induced current?",,,3 A,,4 A,,12 A,,48 A,,,,D,Answer key: D,LET Secondary,Physical Science,Electricity and Magnetism,3,No,,0.98,Ready for Upload,Path and PDF header indicate BSED/Secondary Physical Science major. Correct answer sourced from source PDF answer key.
301,1,1,BSED Physical Science P6.pdf,/Users/lyndon/All reviewers/Sept2026_LET Reviewer Files/L. BSED - Physical Science-/BSED Physical Science P6.pdf,What is the driving force for the movement of the lithospheric plates?,,,Heat from the sun,,Heat in the atmosphere,,Unequal distribution of heat within the Earth,,Unequal distribution of heat in the oceans,,,,C,Answer key: C,LET Secondary,Physical Science,Earth and Space Science,3,No,,0.98,Ready for Upload,Path and PDF header indicate BSED/Secondary Physical Science major. Correct answer sourced from source PDF answer key.
302,2,1,BSED Physical Science P6.pdf,/Users/lyndon/All reviewers/Sept2026_LET Reviewer Files/L. BSED - Physical Science-/BSED Physical Science P6.pdf,Which evidence supports Alfred Wegener’s Continental Drift Theory?,,,Major rivers on different continents match,,Land bridge still exist that connect major continents,,The same magnetic direction exist on different continents,,Fossils of the same organism have been found on different continents,,,,D,Answer key: D,LET Secondary,Physical Science,Physical Science,3,No,,0.98,Ready for Upload,Path and PDF header indicate BSED/Secondary Physical Science major. Correct answer sourced from source PDF answer key.
303,3,1,BSED Physical Science P6.pdf,/Users/lyndon/All reviewers/Sept2026_LET Reviewer Files/L. BSED - Physical Science-/BSED Physical Science P6.pdf,Which of the following is TRUE based on the Plate Tectonics Theory?,,,The asthenosphere is strong and rigid.,,The lithosphere is divided into plates.,,The asthenosphere is divided into plates.,,The asthenosphere moves over the lithosphere.,,,,B,Answer key: B,LET Secondary,Physical Science,Earth and Space Science,3,No,,0.98,Ready for Upload,Path and PDF header indicate BSED/Secondary Physical Science major. Correct answer sourced from source PDF answer key.
304,4,1,BSED Physical Science P6.pdf,/Users/lyndon/All reviewers/Sept2026_LET Reviewer Files/L. BSED - Physical Science-/BSED Physical Science P6.pdf,"What type of boundary occurs where two plates move together, causing one plate to descend into the mantle beneath the outer plate?",,,Convergent boundary,,Divergent boundary,,Transform fault boundary,,Transitional boundary,,,,A,Answer key: A,LET Secondary,Physical Science,Earth and Space Science,3,No,,0.98,Ready for Upload,Path and PDF header indicate BSED/Secondary Physical Science major. Correct answer sourced from source PDF answer key.
305,5,1,BSED Physical Science P6.pdf,/Users/lyndon/All reviewers/Sept2026_LET Reviewer Files/L. BSED - Physical Science-/BSED Physical Science P6.pdf,Which are considered as most destructive earthquake waves?,,,P waves,,Q waves,,S Waves,,Surface waves,,,,D,Answer key: D,LET Secondary,Physical Science,Earth and Space Science,3,No,,0.98,Ready for Upload,Path and PDF header indicate BSED/Secondary Physical Science major. Correct answer sourced from source PDF answer key.
306,6,1,BSED Physical Science P6.pdf,/Users/lyndon/All reviewers/Sept2026_LET Reviewer Files/L. BSED - Physical Science-/BSED Physical Science P6.pdf,A person is riding a moped that is travelling at 20 m/s. What is the speed of the ball if the moped rider throws a ball forward at 4 m/s while riding the moped?,,,16 m/s,,20 m/s,,24 m/s,,80 m/s,,,,C,Answer key: C,LET Secondary,Physical Science,Physical Science,3,No,,0.98,Ready for Upload,Path and PDF header indicate BSED/Secondary Physical Science major. Correct answer sourced from source PDF answer key. Source marker appears on the same line after item 5 choice D; normalized to preserve sequence and answer-key alignment.
307,7,1,BSED Physical Science P6.pdf,/Users/lyndon/All reviewers/Sept2026_LET Reviewer Files/L. BSED - Physical Science-/BSED Physical Science P6.pdf,"According to Einstein, what is considered the fourth dimension?",,,Curled dimension,,Horizontal dimension,,Space dimension,,Time dimension,,,,D,Answer key: D,LET Secondary,Physical Science,Physical Science,3,No,,0.98,Ready for Upload,Path and PDF header indicate BSED/Secondary Physical Science major. Correct answer sourced from source PDF answer key.
308,8,1,BSED Physical Science P6.pdf,/Users/lyndon/All reviewers/Sept2026_LET Reviewer Files/L. BSED - Physical Science-/BSED Physical Science P6.pdf,"As you observe a fish inside an aquarium, the fish appears to be bigger when underwater. When observed through the side, the fish seems closer than if you observe over the top. When you look through the corner, it appears to be that there are two fishes. What explains this observation?",,,Diffraction,,Interference,,Reflection,,Refraction,,,,D,Answer key: D,LET Secondary,Physical Science,Science Pedagogy and Research,3,No,,0.98,Ready for Upload,Path and PDF header indicate BSED/Secondary Physical Science major. Correct answer sourced from source PDF answer key.
309,9,2,BSED Physical Science P6.pdf,/Users/lyndon/All reviewers/Sept2026_LET Reviewer Files/L. BSED - Physical Science-/BSED Physical Science P6.pdf,What is the phenomenon by which the accident light falling on a surface is back into the same medium?,,,Absorption,,Polarization,,Reflection,,Refraction,,,,C,Answer key: C,LET Secondary,Physical Science,Chemistry,3,No,,0.98,Ready for Upload,Path and PDF header indicate BSED/Secondary Physical Science major. Correct answer sourced from source PDF answer key.
310,10,2,BSED Physical Science P6.pdf,/Users/lyndon/All reviewers/Sept2026_LET Reviewer Files/L. BSED - Physical Science-/BSED Physical Science P6.pdf,Which property is responsible for alternating light and dark bonds when light passes through two or more narrow slits?,,,Diffraction,,Interference,,Polarization,,Refraction,,,,B,Answer key: B,LET Secondary,Physical Science,Chemistry,3,No,,0.98,Ready for Upload,Path and PDF header indicate BSED/Secondary Physical Science major. Correct answer sourced from source PDF answer key.
311,11,2,BSED Physical Science P6.pdf,/Users/lyndon/All reviewers/Sept2026_LET Reviewer Files/L. BSED - Physical Science-/BSED Physical Science P6.pdf,What happens when a light wave enters into a medium of different optical density?,,,Its speed and frequency change.,,Its speed and wavelength change.,,Its frequency and wavelength change.,,"Its speed, frequency and wavelength change.",,,,B,Answer key: B,LET Secondary,Physical Science,Waves and Optics,3,No,,0.98,Ready for Upload,Path and PDF header indicate BSED/Secondary Physical Science major. Correct answer sourced from source PDF answer key.
312,12,2,BSED Physical Science P6.pdf,/Users/lyndon/All reviewers/Sept2026_LET Reviewer Files/L. BSED - Physical Science-/BSED Physical Science P6.pdf,"If carbon tetrachloride has an index of refraction of 1.461, what is the speed of light through this liquid? (c= 3.00 x 108 m/s)",,,1.46 x 108 m/s,,2.05 x 108 m/s,,4.38 x 108 m/s,,4.46 x 108 m/s,,,,B,Answer key: B,LET Secondary,Physical Science,Waves and Optics,3,No,,0.98,Ready for Upload,Path and PDF header indicate BSED/Secondary Physical Science major. Correct answer sourced from source PDF answer key.
313,13,2,BSED Physical Science P6.pdf,/Users/lyndon/All reviewers/Sept2026_LET Reviewer Files/L. BSED - Physical Science-/BSED Physical Science P6.pdf,"A ray of light in air is incident of an air-to-glass boundary at an angle of 36 degrees with the normal. If the index of refraction of the glass is 1.65, what is the angle of the refracted ray within the glass with respect to the normal?",,,18 degrees,,30 degrees,,46 degree,,56 degrees,,,,A,Answer key: A,LET Secondary,Physical Science,Waves and Optics,3,No,,0.98,Ready for Upload,Path and PDF header indicate BSED/Secondary Physical Science major. Correct answer sourced from source PDF answer key.
314,14,2,BSED Physical Science P6.pdf,/Users/lyndon/All reviewers/Sept2026_LET Reviewer Files/L. BSED - Physical Science-/BSED Physical Science P6.pdf,"If the critical angle for internal reflection inside a certain transparent material is found 48 degrees, what is the index of refraction of the material? ( air is outside the material )",,,0.74,,1.35,,1. 48,,1.53,,,,B,Answer key: B,LET Secondary,Physical Science,Waves and Optics,3,No,,0.98,Ready for Upload,Path and PDF header indicate BSED/Secondary Physical Science major. Correct answer sourced from source PDF answer key.
315,15,2,BSED Physical Science P6.pdf,/Users/lyndon/All reviewers/Sept2026_LET Reviewer Files/L. BSED - Physical Science-/BSED Physical Science P6.pdf,"According to the law of reflection, from what angle is light coming after it is reflected from a mirror?",,,The same angle as the incident ray as measured from the surface of the mirror,,The same angle as the incident ray as measured from the normal to the mirror,,Some light comes directly from the object and some passes through the mirror,,Cannot be determined,,,,B,Answer key: B,LET Secondary,Physical Science,Waves and Optics,3,No,,0.98,Ready for Upload,Path and PDF header indicate BSED/Secondary Physical Science major. Correct answer sourced from source PDF answer key.
316,16,3,BSED Physical Science P6.pdf,/Users/lyndon/All reviewers/Sept2026_LET Reviewer Files/L. BSED - Physical Science-/BSED Physical Science P6.pdf,Two planed mirror are positioned perpendicular to each other. A ray of rad light incident on mirror at an angle of 55ᵒ . This ray is reflected from mirror 1 and then strikes 2 and is reflected again. The angle of reflection will be ___________.,,,35ᵒ,,45ᵒ,,55ᵒ,,70ᵒ,,,,A,Answer key: A,LET Secondary,Physical Science,Waves and Optics,3,No,,0.98,Ready for Upload,Path and PDF header indicate BSED/Secondary Physical Science major. Correct answer sourced from source PDF answer key.
317,17,3,BSED Physical Science P6.pdf,/Users/lyndon/All reviewers/Sept2026_LET Reviewer Files/L. BSED - Physical Science-/BSED Physical Science P6.pdf,A point object is placed in front of a plane mirror. Which is the correct location of the image by the mirror?,,,A,,B,,C,,D,,,,D,Answer key: D,LET Secondary,Physical Science,Waves and Optics,3,No,,0.98,Ready for Upload,Path and PDF header indicate BSED/Secondary Physical Science major. Correct answer sourced from source PDF answer key.
318,18,3,BSED Physical Science P6.pdf,/Users/lyndon/All reviewers/Sept2026_LET Reviewer Files/L. BSED - Physical Science-/BSED Physical Science P6.pdf,Which of the following is the BEST description of a white light?,,,It is a mixture of every color.,,It is a mixture of seven color.,,"It is a mixture of red, blue and yellow.",,It is a pure color that cannot be broken up.,,,,A,Answer key: A,LET Secondary,Physical Science,Waves and Optics,3,No,,0.98,Ready for Upload,Path and PDF header indicate BSED/Secondary Physical Science major. Correct answer sourced from source PDF answer key.
319,19,3,BSED Physical Science P6.pdf,/Users/lyndon/All reviewers/Sept2026_LET Reviewer Files/L. BSED - Physical Science-/BSED Physical Science P6.pdf,Which of the following observation is NOT true whenever a system is in chemical equilibrium?,,,Attainment of equilibrium requires time.,,The rates of opposing reactions are equal.,,The products do not change back to reactants.,,Concentration remain constant at equilibrium even though the opposing reactions are continuing.,,,,C,Answer key: C,LET Secondary,Physical Science,Science Pedagogy and Research,3,No,192,0.90,Duplicate,Path and PDF header indicate BSED/Secondary Physical Science major. Correct answer sourced from source PDF answer key. Duplicate or near-duplicate of row 192.
320,20,3,BSED Physical Science P6.pdf,/Users/lyndon/All reviewers/Sept2026_LET Reviewer Files/L. BSED - Physical Science-/BSED Physical Science P6.pdf,Sunsets often appears to have a more reddish-orange color than noon. Which of the following phenomenon is responsible for this effect?,,,Rayleigh Scattering,,Dispersion,,Polarization,,Refraction,,,,A,Answer key: A,LET Secondary,Physical Science,Earth and Space Science,3,No,,0.98,Ready for Upload,Path and PDF header indicate BSED/Secondary Physical Science major. Correct answer sourced from source PDF answer key.
321,21,3,BSED Physical Science P6.pdf,/Users/lyndon/All reviewers/Sept2026_LET Reviewer Files/L. BSED - Physical Science-/BSED Physical Science P6.pdf,The polarization behavior of light is BEST explained by considering light to be __________.,,,particles,,transverse waves,,longitudinal waves,,unpolarized,,,,B,Answer key: B,LET Secondary,Physical Science,Waves and Optics,3,No,,0.98,Ready for Upload,Path and PDF header indicate BSED/Secondary Physical Science major. Correct answer sourced from source PDF answer key.
322,22,3,BSED Physical Science P6.pdf,/Users/lyndon/All reviewers/Sept2026_LET Reviewer Files/L. BSED - Physical Science-/BSED Physical Science P6.pdf,Which type of light is vibrates in a variety of planes?,,,Electromagnetic,,Polarized,,Transverse,,Unpolarized,,,,D,Answer key: D,LET Secondary,Physical Science,Waves and Optics,3,No,,0.98,Ready for Upload,Path and PDF header indicate BSED/Secondary Physical Science major. Correct answer sourced from source PDF answer key.
323,23,4,BSED Physical Science P6.pdf,/Users/lyndon/All reviewers/Sept2026_LET Reviewer Files/L. BSED - Physical Science-/BSED Physical Science P6.pdf,Light is passed through a filter whose transmission axis is aligned horizontally. It then passes through a second filter whose transmission axis is aligned vertically. What will happen to the light after passing through both filters?,,,It will be polarized,,It will be un polarized,,It will be entirely blocked.,,It will return to its original state.,,,,C,Answer key: C,LET Secondary,Physical Science,Waves and Optics,3,No,,0.98,Ready for Upload,Path and PDF header indicate BSED/Secondary Physical Science major. Correct answer sourced from source PDF answer key.
324,24,4,BSED Physical Science P6.pdf,/Users/lyndon/All reviewers/Sept2026_LET Reviewer Files/L. BSED - Physical Science-/BSED Physical Science P6.pdf,Light rays enter a material and scatter. Which BEST describes what happens to the light rays.,,,Bounce straight back,,Move straight through,,Spread out in all direction,,Move through but in a new direction,,,,C,Answer key: C,LET Secondary,Physical Science,Waves and Optics,3,No,,0.98,Ready for Upload,Path and PDF header indicate BSED/Secondary Physical Science major. Correct answer sourced from source PDF answer key.
325,25,4,BSED Physical Science P6.pdf,/Users/lyndon/All reviewers/Sept2026_LET Reviewer Files/L. BSED - Physical Science-/BSED Physical Science P6.pdf,The energy generated by the suns travels to Earth as electromagnetic waves of varying lengths. Which statement correctly describes an electromagnetic wave with a long wavelength?,,,It has a high frequency and low energy.,,It has a high frequency and high energy.,,It has a low frequency and can travel through a vacuum.,,It has a low frequency and needs a medium to travel through.,,,,C,Answer key: C,LET Secondary,Physical Science,Earth and Space Science,3,No,,0.98,Ready for Upload,Path and PDF header indicate BSED/Secondary Physical Science major. Correct answer sourced from source PDF answer key.
326,26,4,BSED Physical Science P6.pdf,/Users/lyndon/All reviewers/Sept2026_LET Reviewer Files/L. BSED - Physical Science-/BSED Physical Science P6.pdf,Why is the sky blue?,,,It reflects the color of the ocean,,The color of the outer space is blue.,,Blue light is more readily scattered than red light by nitrogen.,,Red light is scatted more easily than blue light by dust particles.,,,,C,Answer key: C,LET Secondary,Physical Science,Physical Science,3,No,,0.98,Ready for Upload,Path and PDF header indicate BSED/Secondary Physical Science major. Correct answer sourced from source PDF answer key.
327,27,4,BSED Physical Science P6.pdf,/Users/lyndon/All reviewers/Sept2026_LET Reviewer Files/L. BSED - Physical Science-/BSED Physical Science P6.pdf,What human activity has added the most carbon in the atmosphere?,,,Burning fossils fuels,,Mining fossil fuel,,Increasing soil erosion,,Cutting down the rainforests,,,,A,Answer key: A,LET Secondary,Physical Science,Earth and Space Science,3,No,110,0.90,Duplicate,Path and PDF header indicate BSED/Secondary Physical Science major. Correct answer sourced from source PDF answer key. Duplicate or near-duplicate of row 110.
328,28,4,BSED Physical Science P6.pdf,/Users/lyndon/All reviewers/Sept2026_LET Reviewer Files/L. BSED - Physical Science-/BSED Physical Science P6.pdf,Which of the following BEST describes the image for a thin diverging lens that forms whenever the magnitude of the object distance is less than that of the lens’ focal length?,,,"Inverted, reduced, and real",,"Inverted, enlarged, and real",,"Upright, reduced, and virtual",,"Upright, enlarged and virtual",,,,C,Answer key: C,LET Secondary,Physical Science,Waves and Optics,3,No,,0.98,Ready for Upload,Path and PDF header indicate BSED/Secondary Physical Science major. Correct answer sourced from source PDF answer key.
329,29,4,BSED Physical Science P6.pdf,/Users/lyndon/All reviewers/Sept2026_LET Reviewer Files/L. BSED - Physical Science-/BSED Physical Science P6.pdf,Acid rain is formed when sulfur oxides react with water in air. It causes lakes and streams decrease in pH which makes it unable to support fish and plant life. Which is the LEAST means of solving this problem?,,,Limestone may be added to the water basins.,,Neutralize sulfur oxides with basic compounds.,,Reduction of sulfur emissions from the industrial establishments.,,Providing absorbent colloidal materials to screen acid rain before hitting the water.,,,,D,Answer key: D,LET Secondary,Physical Science,Environmental Science,3,No,171,0.90,Duplicate,Path and PDF header indicate BSED/Secondary Physical Science major. Correct answer sourced from source PDF answer key. Duplicate or near-duplicate of row 171.
330,30,5,BSED Physical Science P6.pdf,/Users/lyndon/All reviewers/Sept2026_LET Reviewer Files/L. BSED - Physical Science-/BSED Physical Science P6.pdf,Which of the following would decrease the rate in which a solid dissolves in a liquid?,,,Supersaturating the solution,,Applying pressure into the solution,,Grinding the solid into smaller pieces,,Increasing the temperature of an exothermic reaction,,,,D,Answer key: D,LET Secondary,Physical Science,Chemistry,3,No,172,0.90,Duplicate,Path and PDF header indicate BSED/Secondary Physical Science major. Correct answer sourced from source PDF answer key. Duplicate or near-duplicate of row 172.
331,31,5,BSED Physical Science P6.pdf,/Users/lyndon/All reviewers/Sept2026_LET Reviewer Files/L. BSED - Physical Science-/BSED Physical Science P6.pdf,Which factors affects the rate of dissolution when powdered sugar dissolves more rapidly than granulated sugar?,,,Application of heat,,Nature of solute,,Particle size,,Stirring,,,,C,Answer key: C,LET Secondary,Physical Science,Chemistry,3,No,173,0.90,Duplicate,Path and PDF header indicate BSED/Secondary Physical Science major. Correct answer sourced from source PDF answer key. Duplicate or near-duplicate of row 173.
332,32,5,BSED Physical Science P6.pdf,/Users/lyndon/All reviewers/Sept2026_LET Reviewer Files/L. BSED - Physical Science-/BSED Physical Science P6.pdf,What is the physical evidence that the core is composed mostly in iron?,,,Volcanoes regularly erupt material from the core to the surface.,,Scientist have sampled the core and determined its composition.,,The known mass of Earth requires material of high density at the core.,,A and B,,,,C,Answer key: C,LET Secondary,Physical Science,Earth and Space Science,3,No,,0.98,Ready for Upload,Path and PDF header indicate BSED/Secondary Physical Science major. Correct answer sourced from source PDF answer key.
333,33,5,BSED Physical Science P6.pdf,/Users/lyndon/All reviewers/Sept2026_LET Reviewer Files/L. BSED - Physical Science-/BSED Physical Science P6.pdf,Which of the following comprised the largest portion of Earth’s volume?,,,Crust,,Inner core,,Mantle,,Outer core,,,,C,Answer key: C,LET Secondary,Physical Science,Earth and Space Science,3,No,,0.98,Ready for Upload,Path and PDF header indicate BSED/Secondary Physical Science major. Correct answer sourced from source PDF answer key.
334,34,5,BSED Physical Science P6.pdf,/Users/lyndon/All reviewers/Sept2026_LET Reviewer Files/L. BSED - Physical Science-/BSED Physical Science P6.pdf,Which of the following statements about the Mohorovicic discontinuity is False?,,,The Moho separates the crust from the mantle.,,The Moho marks the top of a partially molten layer.,,The Moho separates denser rocks below from less dense rocks above.,,Seismic wave speeds up as they pass across the Moho heading downward.,,,,B,Answer key: B,LET Secondary,Physical Science,Physical Science,3,No,,0.98,Ready for Upload,Path and PDF header indicate BSED/Secondary Physical Science major. Correct answer sourced from source PDF answer key.
335,35,5,BSED Physical Science P6.pdf,/Users/lyndon/All reviewers/Sept2026_LET Reviewer Files/L. BSED - Physical Science-/BSED Physical Science P6.pdf,Where do P waves travel fastest?,,,Upper mantle,,Lower mantle,,Outer core,,Inner core,,,,B,Answer key: B,LET Secondary,Physical Science,Waves and Optics,3,No,,0.98,Ready for Upload,Path and PDF header indicate BSED/Secondary Physical Science major. Correct answer sourced from source PDF answer key.
336,36,5,BSED Physical Science P6.pdf,/Users/lyndon/All reviewers/Sept2026_LET Reviewer Files/L. BSED - Physical Science-/BSED Physical Science P6.pdf,"According to the effects of length contraction, from the viewpoint of an observer stationary with respect to a body moving at a uniform speed relative to the observer, which one is CORRECT?",,,The body contracts along the direction of the motion.,,The time it takes for a clock incorporated in the body to tick contracts.,,The body is not now contracted but would contract if it were accelerate.,,The body contracts in some direction traverse to the direction of motion.,,,,A,Answer key: A,LET Secondary,Physical Science,Physical Science,3,No,,0.98,Ready for Upload,Path and PDF header indicate BSED/Secondary Physical Science major. Correct answer sourced from source PDF answer key.
337,37,5,BSED Physical Science P6.pdf,/Users/lyndon/All reviewers/Sept2026_LET Reviewer Files/L. BSED - Physical Science-/BSED Physical Science P6.pdf,"April and May are identical twins. One day, April embarked on a high-speed space travel into a distance star. When he gets back home, who is older between the two?",,,April,,May,,None of them because they are still of the same age,,Cannot be determined,,,,B,Answer key: B,LET Secondary,Physical Science,Physical Science,3,No,,0.98,Ready for Upload,Path and PDF header indicate BSED/Secondary Physical Science major. Correct answer sourced from source PDF answer key.
338,38,6,BSED Physical Science P6.pdf,/Users/lyndon/All reviewers/Sept2026_LET Reviewer Files/L. BSED - Physical Science-/BSED Physical Science P6.pdf,An accelerated frame is a non-inertial frame. Is this TRUE?,,,True,,False,,"Sometimes true, sometimes false",,Not enough information given,,,,A,Answer key: A,LET Secondary,Physical Science,Mechanics,3,No,,0.98,Ready for Upload,Path and PDF header indicate BSED/Secondary Physical Science major. Correct answer sourced from source PDF answer key.
339,39,6,BSED Physical Science P6.pdf,/Users/lyndon/All reviewers/Sept2026_LET Reviewer Files/L. BSED - Physical Science-/BSED Physical Science P6.pdf,What is the rest energy of a single proton which has a rest mass of 1.67 x 10 -27kg?,,,1.50 x 10 J,,1.50 x 101 J,,1.50 x 10-10J,,1.50 x 10-10J,,,,D,Answer key: D,LET Secondary,Physical Science,Atomic and Nuclear Physics,3,No,,0.98,Ready for Upload,Path and PDF header indicate BSED/Secondary Physical Science major. Correct answer sourced from source PDF answer key.
340,40,6,BSED Physical Science P6.pdf,/Users/lyndon/All reviewers/Sept2026_LET Reviewer Files/L. BSED - Physical Science-/BSED Physical Science P6.pdf,Which of the following statements is TRUE about the speed of light?,,,The speed of light has a value that depends on the observer’s frame of reference.,,The speed of light has the same value for observers in all reference frames.,,The speed of light is constant in an inertial frame of reference.,,The speed of light is slower in a moving frame of reference.,,,,C,Answer key: C,LET Secondary,Physical Science,Waves and Optics,3,No,,0.98,Ready for Upload,Path and PDF header indicate BSED/Secondary Physical Science major. Correct answer sourced from source PDF answer key.
341,1,1,BSED Physical Science P7.pdf,/Users/lyndon/All reviewers/Sept2026_LET Reviewer Files/L. BSED - Physical Science-/BSED Physical Science P7.pdf,At which phase of the moon do solar eclipses occur?,,,Full moon,,First quarter,,New moon,,Third quarter,,,,C,Answer key: C,LET Secondary,Physical Science,Earth and Space Science,3,No,,0.98,Ready for Upload,Path and PDF header indicate BSED/Secondary Physical Science major. Correct answer sourced from source PDF answer key.
342,2,1,BSED Physical Science P7.pdf,/Users/lyndon/All reviewers/Sept2026_LET Reviewer Files/L. BSED - Physical Science-/BSED Physical Science P7.pdf,"If lunar eclipse occurs tonight, when is the soonest that a solar eclipse can occur?",,,Tomorrow,,In two weeks,,In one month,,In one year,,,,B,Answer key: B,LET Secondary,Physical Science,Earth and Space Science,3,No,,0.98,Ready for Upload,Path and PDF header indicate BSED/Secondary Physical Science major. Correct answer sourced from source PDF answer key.
343,3,1,BSED Physical Science P7.pdf,/Users/lyndon/All reviewers/Sept2026_LET Reviewer Files/L. BSED - Physical Science-/BSED Physical Science P7.pdf,Which one is considered as one of the most important results of the Apollo missions to the moon?,,,Discovery of subsurface of water,,Determination of the age of moon rocks,,First observations of surface features called craters,,Proof that craters were produced by volcanic eruptions,,,,D,Answer key: D,LET Secondary,Physical Science,Earth and Space Science,3,No,,0.98,Ready for Upload,Path and PDF header indicate BSED/Secondary Physical Science major. Correct answer sourced from source PDF answer key.
344,4,1,BSED Physical Science P7.pdf,/Users/lyndon/All reviewers/Sept2026_LET Reviewer Files/L. BSED - Physical Science-/BSED Physical Science P7.pdf,What is the problem experienced by astronauts staying for long periods of time aboard the international space station?,,,Weight loss due to diet,,Determined of the age of moon rocks,,Muscle loss due to lack of exercise,,Effects of lower gravity on the body,,,,D,Answer key: D,LET Secondary,Physical Science,Physical Science,3,No,,0.98,Ready for Upload,Path and PDF header indicate BSED/Secondary Physical Science major. Correct answer sourced from source PDF answer key.
345,5,1,BSED Physical Science P7.pdf,/Users/lyndon/All reviewers/Sept2026_LET Reviewer Files/L. BSED - Physical Science-/BSED Physical Science P7.pdf,NASA development a filtration process to make waste water on space flights renewable. Where might this filtration process be used on Earth?,,,In areas where water is salty,,In areas where water is contaminated,,In areas where water is used for recreation,,In areas where water contains hard minerals,,,,B,Answer key: B,LET Secondary,Physical Science,Environmental Science,3,No,,0.98,Ready for Upload,Path and PDF header indicate BSED/Secondary Physical Science major. Correct answer sourced from source PDF answer key.
346,6,1,BSED Physical Science P7.pdf,/Users/lyndon/All reviewers/Sept2026_LET Reviewer Files/L. BSED - Physical Science-/BSED Physical Science P7.pdf,Which of the following correctly describe diastrophism?,,,It refers to the boundaries between crustal plates.,,It refers to a discredited theory of continent formation.,,It refers to all process in which magma moves from Earth’s surface to or near the surface.,,It refers to all the deformation of Earth’s crust by bending or breaking in response to great pressures exerted either from below or from within the crust.,,,,D,Answer key: D,LET Secondary,Physical Science,Chemistry,3,No,,0.98,Ready for Upload,Path and PDF header indicate BSED/Secondary Physical Science major. Correct answer sourced from source PDF answer key.
347,7,1,BSED Physical Science P7.pdf,/Users/lyndon/All reviewers/Sept2026_LET Reviewer Files/L. BSED - Physical Science-/BSED Physical Science P7.pdf,What is the evaporation of water from plant surface especially through stomates?,,,Condensation,,Perpiration,,Respiration,,Transpiration,,,,D,Answer key: D,LET Secondary,Physical Science,Physical Science,3,No,,0.98,Ready for Upload,Path and PDF header indicate BSED/Secondary Physical Science major. Correct answer sourced from source PDF answer key.
348,8,2,BSED Physical Science P7.pdf,/Users/lyndon/All reviewers/Sept2026_LET Reviewer Files/L. BSED - Physical Science-/BSED Physical Science P7.pdf,Which of the following processes form clouds?,,,Condensation,,Evaporation,,Precipitation,,Transpiration,,,,A,Answer key: A,LET Secondary,Physical Science,Physical Science,3,No,,0.98,Ready for Upload,Path and PDF header indicate BSED/Secondary Physical Science major. Correct answer sourced from source PDF answer key.
349,9,2,BSED Physical Science P7.pdf,/Users/lyndon/All reviewers/Sept2026_LET Reviewer Files/L. BSED - Physical Science-/BSED Physical Science P7.pdf,Which of the following is/are a natural factors that may disrupt the water cycle?,,,Water pollution,,Drying of ground water,,Mismanaged domestic and industrial use of water,,Both A and C,,,,A,Answer key: A,LET Secondary,Physical Science,Physical Science,3,No,,0.98,Ready for Upload,Path and PDF header indicate BSED/Secondary Physical Science major. Correct answer sourced from source PDF answer key.
350,10,2,BSED Physical Science P7.pdf,/Users/lyndon/All reviewers/Sept2026_LET Reviewer Files/L. BSED - Physical Science-/BSED Physical Science P7.pdf,Fresh water is an integral part of hydrologic cycle. How is it produced?,,,Condensation,,Desalination,,Evaporation,,Transpiration,,,,A,Answer key: A,LET Secondary,Physical Science,Physical Science,3,No,,0.98,Ready for Upload,Path and PDF header indicate BSED/Secondary Physical Science major. Correct answer sourced from source PDF answer key.
351,11,2,BSED Physical Science P7.pdf,/Users/lyndon/All reviewers/Sept2026_LET Reviewer Files/L. BSED - Physical Science-/BSED Physical Science P7.pdf,Fresh water is an integral part of hydrologic cycle. How is it produced?,,,Condensation,,Desalination,,Evaporation,,Transpiration,,,,B,Answer key: B,LET Secondary,Physical Science,Physical Science,3,No,350,0.90,Duplicate,Path and PDF header indicate BSED/Secondary Physical Science major. Correct answer sourced from source PDF answer key. Duplicate or near-duplicate of row 350.
352,12,2,BSED Physical Science P7.pdf,/Users/lyndon/All reviewers/Sept2026_LET Reviewer Files/L. BSED - Physical Science-/BSED Physical Science P7.pdf,Which of the following is included in the term hydrosphere?,,,All the water on the planet.,,All the freshwater on the planet.,,All water on the surface of the continents.,,"All the liquid water on the Earth, minus ice.",,,,A,Answer key: A,LET Secondary,Physical Science,Chemistry,3,No,,0.98,Ready for Upload,Path and PDF header indicate BSED/Secondary Physical Science major. Correct answer sourced from source PDF answer key.
353,13,2,BSED Physical Science P7.pdf,/Users/lyndon/All reviewers/Sept2026_LET Reviewer Files/L. BSED - Physical Science-/BSED Physical Science P7.pdf,What is the main difference between swamps and marshes?,,,Trees versus grassland,,High water table versus low,,Salt water versus fresh water,,Seasonality of precipitation,,,,A,Answer key: A,LET Secondary,Physical Science,Physical Science,3,No,,0.98,Ready for Upload,Path and PDF header indicate BSED/Secondary Physical Science major. Correct answer sourced from source PDF answer key.
354,14,2,BSED Physical Science P7.pdf,/Users/lyndon/All reviewers/Sept2026_LET Reviewer Files/L. BSED - Physical Science-/BSED Physical Science P7.pdf,Alake will become saline if____________.,,,lake levels decrease,,precipitation exceeds evaporation,,evaporation exceeds precipitation,,the lake has no natural drainage outlet,,,,D,Answer key: D,LET Secondary,Physical Science,Physical Science,3,No,,0.98,Ready for Upload,Path and PDF header indicate BSED/Secondary Physical Science major. Correct answer sourced from source PDF answer key.
355,15,3,BSED Physical Science P7.pdf,/Users/lyndon/All reviewers/Sept2026_LET Reviewer Files/L. BSED - Physical Science-/BSED Physical Science P7.pdf,What is the other name of typhoon?,,,Low pressure area,,Hurricane,,Tornado,,Twister,,,,B,Answer key: B,LET Secondary,Physical Science,Chemistry,3,No,,0.98,Ready for Upload,Path and PDF header indicate BSED/Secondary Physical Science major. Correct answer sourced from source PDF answer key.
356,16,3,BSED Physical Science P7.pdf,/Users/lyndon/All reviewers/Sept2026_LET Reviewer Files/L. BSED - Physical Science-/BSED Physical Science P7.pdf,"What is the difference among typhoon, a hurricane, and a cyclone?",,,"While typhoons are strong storms, cyclones are worse, and hurricanes are the strongest of all.",,"Hurricanes spin clockwise, cyclone spin counter clockwise, and typhoons are actually tidal waves.",,"Typhoons are found near the equator, hurricanes in the midlatitudes ad typhoons in the arctic and antartic.",,"The storms are the same but the manes are used in the Western Pacific North America and Indian Ocean, respectively.",,,,D,Answer key: D,LET Secondary,Physical Science,Chemistry,3,No,,0.98,Ready for Upload,Path and PDF header indicate BSED/Secondary Physical Science major. Correct answer sourced from source PDF answer key.
357,17,3,BSED Physical Science P7.pdf,/Users/lyndon/All reviewers/Sept2026_LET Reviewer Files/L. BSED - Physical Science-/BSED Physical Science P7.pdf,Which one of these revolving weather is the smallest?,,,Hurricane,,Tornado,,Tropical Cyclone,,Typhoon,,,,B,Answer key: B,LET Secondary,Physical Science,Physical Science,3,No,,0.98,Ready for Upload,Path and PDF header indicate BSED/Secondary Physical Science major. Correct answer sourced from source PDF answer key.
358,18,3,BSED Physical Science P7.pdf,/Users/lyndon/All reviewers/Sept2026_LET Reviewer Files/L. BSED - Physical Science-/BSED Physical Science P7.pdf,What happens when the rate of evaporation equals the rate of condensation?,,,Clouds form.,,Precipitation occurs.,,The humidity decreases.,,The dew point is reached.,,,,D,Answer key: D,LET Secondary,Physical Science,Physical Science,3,No,,0.98,Ready for Upload,Path and PDF header indicate BSED/Secondary Physical Science major. Correct answer sourced from source PDF answer key.
359,19,3,BSED Physical Science P7.pdf,/Users/lyndon/All reviewers/Sept2026_LET Reviewer Files/L. BSED - Physical Science-/BSED Physical Science P7.pdf,Which is the cause of change of seasons?,,,The rotation of the Earth,,The tilt Earth’s axis,,The rain-shadow effect,,The sizes and shapes of land surface features,,,,B,Answer key: B,LET Secondary,Physical Science,Earth and Space Science,3,No,,0.98,Ready for Upload,Path and PDF header indicate BSED/Secondary Physical Science major. Correct answer sourced from source PDF answer key.
360,20,3,BSED Physical Science P7.pdf,/Users/lyndon/All reviewers/Sept2026_LET Reviewer Files/L. BSED - Physical Science-/BSED Physical Science P7.pdf,What causes changes in weather?,,,Cloud formation,,Water evaporation,,Air humidity,,Air masses interaction,,,,D,Answer key: D,LET Secondary,Physical Science,Physical Science,3,No,,0.98,Ready for Upload,Path and PDF header indicate BSED/Secondary Physical Science major. Correct answer sourced from source PDF answer key.
361,21,3,BSED Physical Science P7.pdf,/Users/lyndon/All reviewers/Sept2026_LET Reviewer Files/L. BSED - Physical Science-/BSED Physical Science P7.pdf,What part of the atmosphere protects Earth’s surface from harmful ultraviolet radiation?,,,Exosphere,,Mesosphere,,Stratosphere,,Troposphere,,,,C,Answer key: C,LET Secondary,Physical Science,Earth and Space Science,3,No,,0.98,Ready for Upload,Path and PDF header indicate BSED/Secondary Physical Science major. Correct answer sourced from source PDF answer key.
362,22,4,BSED Physical Science P7.pdf,/Users/lyndon/All reviewers/Sept2026_LET Reviewer Files/L. BSED - Physical Science-/BSED Physical Science P7.pdf,The aurora borealis and aurora australis are caused by interaction between charged particles and Earth’s magnetic field. What layer of Earth’s atmosphere contain these particles?,,,Exosphere,,Mesosphere,,Ozonosphere,,Thermosphere,,,,D,Answer key: D,LET Secondary,Physical Science,Earth and Space Science,3,No,,0.98,Ready for Upload,Path and PDF header indicate BSED/Secondary Physical Science major. Correct answer sourced from source PDF answer key.
363,23,4,BSED Physical Science P7.pdf,/Users/lyndon/All reviewers/Sept2026_LET Reviewer Files/L. BSED - Physical Science-/BSED Physical Science P7.pdf,Which is a deep layer of electrically charged molecules and atoms that reflects radio waves?,,,Exosphere,,Ionosphere,,Radiosphere,,Troposphere,,,,B,Answer key: B,LET Secondary,Physical Science,Atomic and Nuclear Physics,3,No,,0.98,Ready for Upload,Path and PDF header indicate BSED/Secondary Physical Science major. Correct answer sourced from source PDF answer key.
364,24,4,BSED Physical Science P7.pdf,/Users/lyndon/All reviewers/Sept2026_LET Reviewer Files/L. BSED - Physical Science-/BSED Physical Science P7.pdf,"The Earth completes one revolution around the sun in 365 earth, how long does it take Mercury to complete one revolution?",,,Less than the Earth,,Greater than the Earth,,The same as the Earth,,Cannot be determined days. Compared the,,,,A,Answer key: A,LET Secondary,Physical Science,Earth and Space Science,3,No,,0.98,Ready for Upload,Path and PDF header indicate BSED/Secondary Physical Science major. Correct answer sourced from source PDF answer key.
365,25,4,BSED Physical Science P7.pdf,/Users/lyndon/All reviewers/Sept2026_LET Reviewer Files/L. BSED - Physical Science-/BSED Physical Science P7.pdf,What two properties of stars are being directly compared in the Hertzsprung Russel Diagram?,,,I and II,,II and III,,III and IV,,I and IV,,,,B,Answer key: B,LET Secondary,Physical Science,Physical Science,3,No,,0.98,Ready for Upload,Path and PDF header indicate BSED/Secondary Physical Science major. Correct answer sourced from source PDF answer key.
366,26,4,BSED Physical Science P7.pdf,/Users/lyndon/All reviewers/Sept2026_LET Reviewer Files/L. BSED - Physical Science-/BSED Physical Science P7.pdf,How is the atmospheric pressure of Mars when compared to the atmospheric pressure of the Earth?,,,Half as much as that of the Earth,,About the same as the Earth,,About 1/100th that of the Earth,,About 100 times as great as the Earth,,,,C,Answer key: C,LET Secondary,Physical Science,Earth and Space Science,3,No,,0.98,Ready for Upload,Path and PDF header indicate BSED/Secondary Physical Science major. Correct answer sourced from source PDF answer key.
367,27,5,BSED Physical Science P7.pdf,/Users/lyndon/All reviewers/Sept2026_LET Reviewer Files/L. BSED - Physical Science-/BSED Physical Science P7.pdf,Which of the following statements is TRUE for both Saturn and Jupiter?,,,Both rotate faster than the Earth.,,Both rotate slower than the Earth.,,Only one rotates rapidly while the rotates very slowly.,,Their periods of rotation are linked to their period of revolution.,,,,A,Answer key: A,LET Secondary,Physical Science,Physical Science,3,No,,0.98,Ready for Upload,Path and PDF header indicate BSED/Secondary Physical Science major. Correct answer sourced from source PDF answer key.
368,28,5,BSED Physical Science P7.pdf,/Users/lyndon/All reviewers/Sept2026_LET Reviewer Files/L. BSED - Physical Science-/BSED Physical Science P7.pdf,"According to Kepler’s Law, what is the shape of all orbits of the planets?",,,Ellipse,,Hyperbola,,Oblate spheroid,,Parabola,,,,A,Answer key: A,LET Secondary,Physical Science,Earth and Space Science,3,No,,0.98,Ready for Upload,Path and PDF header indicate BSED/Secondary Physical Science major. Correct answer sourced from source PDF answer key.
369,29,5,BSED Physical Science P7.pdf,/Users/lyndon/All reviewers/Sept2026_LET Reviewer Files/L. BSED - Physical Science-/BSED Physical Science P7.pdf,What is the first successful space rotation program that tested the ability of astronauts to work for long periods and studied their body responses to weightless condition?,,,Apollo 11,,Sputnik I,,Salyut,,US Skylab,,,,D,Answer key: D,LET Secondary,Physical Science,Mechanics,3,No,,0.98,Ready for Upload,Path and PDF header indicate BSED/Secondary Physical Science major. Correct answer sourced from source PDF answer key.
370,30,5,BSED Physical Science P7.pdf,/Users/lyndon/All reviewers/Sept2026_LET Reviewer Files/L. BSED - Physical Science-/BSED Physical Science P7.pdf,The universe is estimated to be between ten and twenty billion years old. This estimate is based on the value of which constants?,,,Speed of light,,Hubble constant,,Mass of the Earth,,Mass of the electron,,,,B,Answer key: B,LET Secondary,Physical Science,Earth and Space Science,3,No,,0.98,Ready for Upload,Path and PDF header indicate BSED/Secondary Physical Science major. Correct answer sourced from source PDF answer key.
371,31,5,BSED Physical Science P7.pdf,/Users/lyndon/All reviewers/Sept2026_LET Reviewer Files/L. BSED - Physical Science-/BSED Physical Science P7.pdf,On which of the following planets would the sun rise in the west?,,,Mars,,Jupiter,,Saturn,,Venus,,,,D,Answer key: D,LET Secondary,Physical Science,Earth and Space Science,3,No,,0.98,Ready for Upload,Path and PDF header indicate BSED/Secondary Physical Science major. Correct answer sourced from source PDF answer key.
372,32,5,BSED Physical Science P7.pdf,/Users/lyndon/All reviewers/Sept2026_LET Reviewer Files/L. BSED - Physical Science-/BSED Physical Science P7.pdf,Which of the following describes an albedo?,,,Brightness of the star,,Phase changes of a planet,,Wobbling motion of a planet,,Amount of light a planet reflects,,,,D,Answer key: D,LET Secondary,Physical Science,Earth and Space Science,3,No,,0.98,Ready for Upload,Path and PDF header indicate BSED/Secondary Physical Science major. Correct answer sourced from source PDF answer key.
373,33,5,BSED Physical Science P7.pdf,/Users/lyndon/All reviewers/Sept2026_LET Reviewer Files/L. BSED - Physical Science-/BSED Physical Science P7.pdf,Where are most asteroids located?,,,Between Earth and Mars,,Between Mars and Venus,,Between Mars and Jupiter,,Between Jupiter and Saturn,,,,C,Answer key: C,LET Secondary,Physical Science,Earth and Space Science,3,No,,0.98,Ready for Upload,Path and PDF header indicate BSED/Secondary Physical Science major. Correct answer sourced from source PDF answer key.
374,34,5,BSED Physical Science P7.pdf,/Users/lyndon/All reviewers/Sept2026_LET Reviewer Files/L. BSED - Physical Science-/BSED Physical Science P7.pdf,Which refers to the precision of the Earth?,,,Change night to day,,Earth’ motion around the sun,,Effect of the moon on the Earth’s orbit,,Change in orientation of the Earth’s axis,,,,D,Answer key: D,LET Secondary,Physical Science,Earth and Space Science,3,No,,0.98,Ready for Upload,Path and PDF header indicate BSED/Secondary Physical Science major. Correct answer sourced from source PDF answer key.
375,35,6,BSED Physical Science P7.pdf,/Users/lyndon/All reviewers/Sept2026_LET Reviewer Files/L. BSED - Physical Science-/BSED Physical Science P7.pdf,What kind of eclipse do we see when the moon is entirely within the Earth’s umbra shadow?,,,Total solar,,Total lunar,,Partial solar,,Partial lunar,,,,B,Answer key: B,LET Secondary,Physical Science,Earth and Space Science,3,No,,0.98,Ready for Upload,Path and PDF header indicate BSED/Secondary Physical Science major. Correct answer sourced from source PDF answer key.
376,36,6,BSED Physical Science P7.pdf,/Users/lyndon/All reviewers/Sept2026_LET Reviewer Files/L. BSED - Physical Science-/BSED Physical Science P7.pdf,Which of the following conditions rather than faulting,,,Low temperatures and low confining pressures,,Low temperatures and high confining pressures,,High temperatures and low confining pressures,,High temperatures and high confining pressures,,,,D,Answer key: D,LET Secondary,Physical Science,Physical Science,3,No,,0.98,Ready for Upload,Path and PDF header indicate BSED/Secondary Physical Science major. Correct answer sourced from source PDF answer key.
377,37,6,BSED Physical Science P7.pdf,/Users/lyndon/All reviewers/Sept2026_LET Reviewer Files/L. BSED - Physical Science-/BSED Physical Science P7.pdf,In which of the following climates will chemical weathering be most rapid?,,,Hot and dry,,Cold and dry,,Hot and humid,,Cold and humid,,,,C,Answer key: C,LET Secondary,Physical Science,Earth and Space Science,3,No,,0.98,Ready for Upload,Path and PDF header indicate BSED/Secondary Physical Science major. Correct answer sourced from source PDF answer key.
378,38,6,BSED Physical Science P7.pdf,/Users/lyndon/All reviewers/Sept2026_LET Reviewer Files/L. BSED - Physical Science-/BSED Physical Science P7.pdf,Which of the following statements about weathering is false?,,,Rock of different composition weather at different rates.,,Heat and heavy rainfall increase the rate of chemical weathering.,,The presence of soil slows down the weathering of the underlying bedrock.,,"The longer a rock is exposed at the surface, the more weathered becomes.",,,,C,Answer key: C,LET Secondary,Physical Science,Earth and Space Science,3,No,,0.98,Ready for Upload,Path and PDF header indicate BSED/Secondary Physical Science major. Correct answer sourced from source PDF answer key.
379,39,6,BSED Physical Science P7.pdf,/Users/lyndon/All reviewers/Sept2026_LET Reviewer Files/L. BSED - Physical Science-/BSED Physical Science P7.pdf,Why do agricultural areas often experience the greatest amount of soil erosion?,,,Because farms are typically located near streams,,Because farmers usually remove trees from their fields,,Because they typically occur in areas of moderately steep slopes,,Because farming usually involves plowing the soil to plant seeds,,,,D,Answer key: D,LET Secondary,Physical Science,Earth and Space Science,3,No,,0.98,Ready for Upload,Path and PDF header indicate BSED/Secondary Physical Science major. Correct answer sourced from source PDF answer key.
380,40,6,BSED Physical Science P7.pdf,/Users/lyndon/All reviewers/Sept2026_LET Reviewer Files/L. BSED - Physical Science-/BSED Physical Science P7.pdf,What can happen to global temperatures for several years after a volcanic eruption.,,,Temperatures may increase,,Temperatures may decrease,,Temperatures can create more volcanoes,,Temperatures are not affected by volcanic eruptions,,,,B,Answer key: B,LET Secondary,Physical Science,Earth and Space Science,3,No,,0.98,Ready for Upload,Path and PDF header indicate BSED/Secondary Physical Science major. Correct answer sourced from source PDF answer key.
381,1,1,BSED Physical Science P8.pdf,/Users/lyndon/All reviewers/Sept2026_LET Reviewer Files/L. BSED - Physical Science-/BSED Physical Science P8.pdf,How do animals get the nitrogen they need?,,,Directly from bacteria in the soil,,From the process of denitrification,,By breathing in atmospheric nitrogen,,By consuming plants or other animals,,,,D,Answer key: D,LET Secondary,Physical Science,Environmental Science,3,No,,0.98,Ready for Upload,Path and PDF header indicate BSED/Secondary Physical Science major. Correct answer sourced from source PDF answer key.
382,2,1,BSED Physical Science P8.pdf,/Users/lyndon/All reviewers/Sept2026_LET Reviewer Files/L. BSED - Physical Science-/BSED Physical Science P8.pdf,The following are ways by which phosphorous enters the environment EXCEPT____________.,,,Run off,,Animal waste,,Erosion of rocks,,Photosynthesis in plants,,,,D,Answer key: D,LET Secondary,Physical Science,Environmental Science,3,No,,0.98,Ready for Upload,Path and PDF header indicate BSED/Secondary Physical Science major. Correct answer sourced from source PDF answer key.
383,3,1,BSED Physical Science P8.pdf,/Users/lyndon/All reviewers/Sept2026_LET Reviewer Files/L. BSED - Physical Science-/BSED Physical Science P8.pdf,Because of biogeochemical cycling?,,,nutrients are circulated through the biosphere.,,the Earth creates new chemicals that replace those that were used up by organisms.,,"organisms eventually run out of needed elements, compounds and other form of matter.",,"human activity has no effect on elements, chemical compounds, and other form of matter",,,,A,Answer key: A,LET Secondary,Physical Science,Chemistry,3,No,,0.98,Ready for Upload,Path and PDF header indicate BSED/Secondary Physical Science major. Correct answer sourced from source PDF answer key.
384,4,1,BSED Physical Science P8.pdf,/Users/lyndon/All reviewers/Sept2026_LET Reviewer Files/L. BSED - Physical Science-/BSED Physical Science P8.pdf,Which of the biogeochemical cycles can impact all of the other directly?,,,Carbon cycle,,Hydrologic cycle,,Nitrogen cycle,,Phosphorous cycle,,,,B,Answer key: B,LET Secondary,Physical Science,Chemistry,3,No,,0.98,Ready for Upload,Path and PDF header indicate BSED/Secondary Physical Science major. Correct answer sourced from source PDF answer key.
385,5,1,BSED Physical Science P8.pdf,/Users/lyndon/All reviewers/Sept2026_LET Reviewer Files/L. BSED - Physical Science-/BSED Physical Science P8.pdf,What human activity has added the most carbon in the atmosphere?,,,Burning fossils fuels,,Mining fossil fuel,,Increasing soil erosion,,Cutting down the rainforests,,,,A,Answer key: A,LET Secondary,Physical Science,Earth and Space Science,3,No,110,0.90,Duplicate,Path and PDF header indicate BSED/Secondary Physical Science major. Correct answer sourced from source PDF answer key. Duplicate or near-duplicate of row 110.
386,6,1,BSED Physical Science P8.pdf,/Users/lyndon/All reviewers/Sept2026_LET Reviewer Files/L. BSED - Physical Science-/BSED Physical Science P8.pdf,"Butch is a seasoned farmer updated a new trends in agriculture. In effort to make and harvest the best rice crops, he tried to implement the environmentalist’s way of controlling pests as mandated in the integrated pest management. Butch later found out that all of the following processes made best contributions to a good and safe harvest EXCEPT__________.",,,use of natural enemies,,planting variety of crops,,use of narrow-spectrum pesticides,,use of genetically engineered crops,,,,C,Answer key: C,LET Secondary,Physical Science,Environmental Science,3,No,,0.98,Ready for Upload,Path and PDF header indicate BSED/Secondary Physical Science major. Correct answer sourced from source PDF answer key.
387,7,2,BSED Physical Science P8.pdf,/Users/lyndon/All reviewers/Sept2026_LET Reviewer Files/L. BSED - Physical Science-/BSED Physical Science P8.pdf,What is the most important factor for the success of animal population?,,,Adaptability,,Interspecies activity,,Natality,,Unlimited food,,,,A,Answer key: A,LET Secondary,Physical Science,Environmental Science,3,No,,0.98,Ready for Upload,Path and PDF header indicate BSED/Secondary Physical Science major. Correct answer sourced from source PDF answer key.
388,8,2,BSED Physical Science P8.pdf,/Users/lyndon/All reviewers/Sept2026_LET Reviewer Files/L. BSED - Physical Science-/BSED Physical Science P8.pdf,Why dues starvation occur?,,,There is not enough fertile land worldwide on which to grow food.,,"Forces in nature (drought, pests, floods ) wipe out food supplies.",,Population is growing at a faster rate than the world’s ability to produce.,,Some parts of the world lack food while other parts of the world produce more than they consume.,,,,D,Answer key: D,LET Secondary,Physical Science,Physical Science,3,No,,0.98,Ready for Upload,Path and PDF header indicate BSED/Secondary Physical Science major. Correct answer sourced from source PDF answer key.
389,9,2,BSED Physical Science P8.pdf,/Users/lyndon/All reviewers/Sept2026_LET Reviewer Files/L. BSED - Physical Science-/BSED Physical Science P8.pdf,Which of the following presents the greatest threat to the survival of numerous plant and animal species?,,,Greenhouse effect,,Continued burning of fossil fuel,,Disappearance of world’s rainforest,,Dumping of toxic waste in the least industrialized nations,,,,C,Answer key: C,LET Secondary,Physical Science,Physical Science,3,No,,0.98,Ready for Upload,Path and PDF header indicate BSED/Secondary Physical Science major. Correct answer sourced from source PDF answer key.
390,10,2,BSED Physical Science P8.pdf,/Users/lyndon/All reviewers/Sept2026_LET Reviewer Files/L. BSED - Physical Science-/BSED Physical Science P8.pdf,Which factors BEST explains why the human population has grown so rapidly over the last 1000 years?,,,Humans have decreased their reliance on natural resources.,,Humans have increased the amount of resources available on Earth.,,Humans have increased the carrying capacity of the biosphere for the population.,,Humans have developed physical characteristics that increase their competitive advantage.,,,,C,Answer key: C,LET Secondary,Physical Science,Environmental Science,3,No,,0.98,Ready for Upload,Path and PDF header indicate BSED/Secondary Physical Science major. Correct answer sourced from source PDF answer key.
391,11,2,BSED Physical Science P8.pdf,/Users/lyndon/All reviewers/Sept2026_LET Reviewer Files/L. BSED - Physical Science-/BSED Physical Science P8.pdf,Which human activity causes maximum environmental pollution having regional and global impact?,,,Agriculture,,Industrialization,,Mining,,Urbanization,,,,B,Answer key: B,LET Secondary,Physical Science,Environmental Science,3,No,,0.98,Ready for Upload,Path and PDF header indicate BSED/Secondary Physical Science major. Correct answer sourced from source PDF answer key.
392,12,2,BSED Physical Science P8.pdf,/Users/lyndon/All reviewers/Sept2026_LET Reviewer Files/L. BSED - Physical Science-/BSED Physical Science P8.pdf,Which of the following statement in relation to sustainable development is FALSE?,,,Sustainability has the main objective of purely focusing on the natural environment.,,Sustainable development of various countries and the entire world is the only solution left with mankind to survive for a longer period on Earth.,,Sustainable development not only considers the protection of the environment but also the maintenance of economic viability as well as social and ethical considerations.,,Sustainable development is defined as the development that meets the needs of present without compromising the ability of our future generation to meet their own needs.,,,,A,Answer key: A,LET Secondary,Physical Science,Environmental Science,3,No,,0.98,Ready for Upload,Path and PDF header indicate BSED/Secondary Physical Science major. Correct answer sourced from source PDF answer key.
393,13,3,BSED Physical Science P8.pdf,/Users/lyndon/All reviewers/Sept2026_LET Reviewer Files/L. BSED - Physical Science-/BSED Physical Science P8.pdf,What is the process of converting nitrate to nitrogen gas and nitrous oxide?,,,Ammonification,,Denitrification,,Nitrogen fixation,,Transpiration,,,,B,Answer key: B,LET Secondary,Physical Science,Environmental Science,3,No,,0.98,Ready for Upload,Path and PDF header indicate BSED/Secondary Physical Science major. Correct answer sourced from source PDF answer key.
394,14,3,BSED Physical Science P8.pdf,/Users/lyndon/All reviewers/Sept2026_LET Reviewer Files/L. BSED - Physical Science-/BSED Physical Science P8.pdf,Which of the following chemicals enters living organism primarily from the atmosphere rather than from rocks or soil?,,,Calcium,,Carbon,,Sodium,,Sulfur,,,,B,Answer key: B,LET Secondary,Physical Science,Earth and Space Science,3,No,,0.98,Ready for Upload,Path and PDF header indicate BSED/Secondary Physical Science major. Correct answer sourced from source PDF answer key.
395,15,3,BSED Physical Science P8.pdf,/Users/lyndon/All reviewers/Sept2026_LET Reviewer Files/L. BSED - Physical Science-/BSED Physical Science P8.pdf,What is the conversation of atmospheric free nitrogen gas to ammonia which occurs through the activities of certain bacteria and cyanobacteria?,,,Denitrification,,Nitrification,,Nitrogen fixation,,Oxidation,,,,C,Answer key: C,LET Secondary,Physical Science,Environmental Science,3,No,,0.98,Ready for Upload,Path and PDF header indicate BSED/Secondary Physical Science major. Correct answer sourced from source PDF answer key.
396,16,3,BSED Physical Science P8.pdf,/Users/lyndon/All reviewers/Sept2026_LET Reviewer Files/L. BSED - Physical Science-/BSED Physical Science P8.pdf,What must be done in order to preserve the biosphere for future generations?,,,Put all wild animals and game preserves.,,Make use of technology to develop.,,Explore ways to drain and fill wetlands along the sea coast.,,Understand how living things interact with their environment.,,,,D,Answer key: D,LET Secondary,Physical Science,Environmental Science,3,No,,0.98,Ready for Upload,Path and PDF header indicate BSED/Secondary Physical Science major. Correct answer sourced from source PDF answer key.
397,17,3,BSED Physical Science P8.pdf,/Users/lyndon/All reviewers/Sept2026_LET Reviewer Files/L. BSED - Physical Science-/BSED Physical Science P8.pdf,Which of the following can help ensure a suitable environment for the future generations?,,,Biological controls,,Chemical dumps,,Fossils fuels,,Pesticides,,,,A,Answer key: A,LET Secondary,Physical Science,Environmental Science,3,No,,0.98,Ready for Upload,Path and PDF header indicate BSED/Secondary Physical Science major. Correct answer sourced from source PDF answer key.
398,18,3,BSED Physical Science P8.pdf,/Users/lyndon/All reviewers/Sept2026_LET Reviewer Files/L. BSED - Physical Science-/BSED Physical Science P8.pdf,Which human activity would be more likely to have a negative impact on the environment?,,,Investigating the use of the biological controls for the pests,,Using reforestation and cover cropping to control soil erosion,,Using insecticides to kill insects that compete with human for food,,Developing a research aimed toward the preservation of endangered species,,,,C,Answer key: C,LET Secondary,Physical Science,Environmental Science,3,No,,0.98,Ready for Upload,Path and PDF header indicate BSED/Secondary Physical Science major. Correct answer sourced from source PDF answer key.
399,19,4,BSED Physical Science P8.pdf,/Users/lyndon/All reviewers/Sept2026_LET Reviewer Files/L. BSED - Physical Science-/BSED Physical Science P8.pdf,Which is the main cause of the depletion of the ozone layer?,,,Decrease in temperature,,Decrease in the amount of air pollutants,,Increase in number of marine ecosystem,,Increase in temperature due to atmospheric pollutants,,,,D,Answer key: D,LET Secondary,Physical Science,Environmental Science,3,No,,0.98,Ready for Upload,Path and PDF header indicate BSED/Secondary Physical Science major. Correct answer sourced from source PDF answer key.
400,20,4,BSED Physical Science P8.pdf,/Users/lyndon/All reviewers/Sept2026_LET Reviewer Files/L. BSED - Physical Science-/BSED Physical Science P8.pdf,"DDT was used to kill mosquitoes. It was observed that lizards that ate the mosquitoes slowed down and died. Eventually, the pollution of cats that eat lizards diminished. What can be inferred from this situation?",,,DDT can cause harm to all organisms.,,Using DDT is a reliable way to eliminate insect predators.,,The mosquito and other organisms were all competing for same resources.,,Environmental changes that affect one population can affect other population.,,,,D,Answer key: D,LET Secondary,Physical Science,Environmental Science,3,No,,0.98,Ready for Upload,Path and PDF header indicate BSED/Secondary Physical Science major. Correct answer sourced from source PDF answer key.
