No.,Original No.,Page,Source PDF,Source Path,Question,Passage Reference,Question Image Reference,Choice A,Choice A Image Reference,Choice B,Choice B Image Reference,Choice C,Choice C Image Reference,Choice D,Choice D Image Reference,Choice E,Choice E Image Reference,Correct Answer,Explanation,LET Exam Type,Subject Area,Topic,Difficulty,Has Image,Duplicate Of,Confidence,Status,Notes
1,1,1,BSED CAEd P1.pdf,/Users/lyndon/All reviewers/Sept2026_LET Reviewer Files/L. BSED - Culture and Arts Education-/BSED CAEd P1.pdf,The “Contemporary Philippine Arts from the Regions” subject primarily aims to:,,,Develop awareness of diverse regional art forms,,Focus only on national artists,,Teach Western art history,,Study classical music exclusively,,,,A,Answer key: Develop awareness of diverse regional art forms,LET Secondary,Culture and Arts Education,Contemporary and Digital Arts,3,No,,0.98,Ready for Upload,Path and PDF header indicate BSED/Secondary Culture and Arts Education major. Correct answer sourced from source PDF answer key.
2,2,1,BSED CAEd P1.pdf,/Users/lyndon/All reviewers/Sept2026_LET Reviewer Files/L. BSED - Culture and Arts Education-/BSED CAEd P1.pdf,The medium of art used by performance artists is:,,,The artist’s body and actions,,Paint and brush,,Clay and wood,,Pen and ink,,,,A,Answer key: The artist’s body and actions,LET Secondary,Culture and Arts Education,Visual Arts and Design Principles,3,No,,0.98,Ready for Upload,Path and PDF header indicate BSED/Secondary Culture and Arts Education major. Correct answer sourced from source PDF answer key.
3,3,1,BSED CAEd P1.pdf,/Users/lyndon/All reviewers/Sept2026_LET Reviewer Files/L. BSED - Culture and Arts Education-/BSED CAEd P1.pdf,"The Philippine art form that combines music, dance, and drama is:",,,Theater,,Painting,,Literature,,Sculpture,,,,A,Answer key: Theater,LET Secondary,Culture and Arts Education,Visual Arts and Design Principles,3,No,,0.98,Ready for Upload,Path and PDF header indicate BSED/Secondary Culture and Arts Education major. Correct answer sourced from source PDF answer key.
4,4,1,BSED CAEd P1.pdf,/Users/lyndon/All reviewers/Sept2026_LET Reviewer Files/L. BSED - Culture and Arts Education-/BSED CAEd P1.pdf,The “principle of emphasis” in art focuses on:,,,Highlighting the focal point of an artwork,,Repetition of patterns,,Using equal colors,,Avoiding contrasts,,,,A,Answer key: Highlighting the focal point of an artwork,LET Secondary,Culture and Arts Education,Visual Arts and Design Principles,3,No,,0.98,Ready for Upload,Path and PDF header indicate BSED/Secondary Culture and Arts Education major. Correct answer sourced from source PDF answer key.
5,5,1,BSED CAEd P1.pdf,/Users/lyndon/All reviewers/Sept2026_LET Reviewer Files/L. BSED - Culture and Arts Education-/BSED CAEd P1.pdf,The “Mangyan script” in Mindoro is an example of:,,,Indigenous writing system,,Tribal music,,Folk art dance,,Sculpture,,,,A,Answer key: Indigenous writing system,LET Secondary,Culture and Arts Education,Indigenous and Regional Arts,3,No,,0.98,Ready for Upload,Path and PDF header indicate BSED/Secondary Culture and Arts Education major. Correct answer sourced from source PDF answer key.
6,6,1,BSED CAEd P1.pdf,/Users/lyndon/All reviewers/Sept2026_LET Reviewer Files/L. BSED - Culture and Arts Education-/BSED CAEd P1.pdf,“Digital art” uses which medium?,,,Computer and technology tools,,Clay and paint,,Wood and ink,,Stone,,,,A,Answer key: Computer and technology tools,LET Secondary,Culture and Arts Education,Contemporary and Digital Arts,3,No,,0.98,Ready for Upload,Path and PDF header indicate BSED/Secondary Culture and Arts Education major. Correct answer sourced from source PDF answer key.
7,7,1,BSED CAEd P1.pdf,/Users/lyndon/All reviewers/Sept2026_LET Reviewer Files/L. BSED - Culture and Arts Education-/BSED CAEd P1.pdf,The “Ifugao rice terraces” are recognized by UNESCO as:,,,World Heritage Site,,National park,,Cultural reserve,,Tourist zone,,,,A,Answer key: World Heritage Site,LET Secondary,Culture and Arts Education,Cultural Heritage and Preservation,3,No,,0.98,Ready for Upload,Path and PDF header indicate BSED/Secondary Culture and Arts Education major. Correct answer sourced from source PDF answer key.
8,8,1,BSED CAEd P1.pdf,/Users/lyndon/All reviewers/Sept2026_LET Reviewer Files/L. BSED - Culture and Arts Education-/BSED CAEd P1.pdf,“Impressionism” is characterized by:,,,Visible brushstrokes and emphasis on light,,Geometric abstraction,,Monochrome tones,,Hard outlines,,,,A,Answer key: Visible brushstrokes and emphasis on light,LET Secondary,Culture and Arts Education,Culture and Arts Education,3,No,,0.98,Ready for Upload,Path and PDF header indicate BSED/Secondary Culture and Arts Education major. Correct answer sourced from source PDF answer key.
9,9,1,BSED CAEd P1.pdf,/Users/lyndon/All reviewers/Sept2026_LET Reviewer Files/L. BSED - Culture and Arts Education-/BSED CAEd P1.pdf,The “principle of variety” adds:,,,Interest through diversity of elements,,Uniformity of shapes,,Monotony,,Equal balance,,,,A,Answer key: Interest through diversity of elements,LET Secondary,Culture and Arts Education,Visual Arts and Design Principles,3,No,,0.98,Ready for Upload,Path and PDF header indicate BSED/Secondary Culture and Arts Education major. Correct answer sourced from source PDF answer key.
10,10,1,BSED CAEd P1.pdf,/Users/lyndon/All reviewers/Sept2026_LET Reviewer Files/L. BSED - Culture and Arts Education-/BSED CAEd P1.pdf,Which festival showcases the “MassKara” parade?,,,Bacolod City,,Baguio City,,Cebu City,,Iloilo City,,,,A,Answer key: Bacolod City,LET Secondary,Culture and Arts Education,Philippine Festivals,3,No,,0.98,Ready for Upload,Path and PDF header indicate BSED/Secondary Culture and Arts Education major. Correct answer sourced from source PDF answer key.
11,11,2,BSED CAEd P1.pdf,/Users/lyndon/All reviewers/Sept2026_LET Reviewer Files/L. BSED - Culture and Arts Education-/BSED CAEd P1.pdf,The “Salvador Dali” style of distorted reality is called:,,,Surrealism,,Realism,,Cubism,,Expressionism,,,,A,Answer key: Surrealism,LET Secondary,Culture and Arts Education,Culture and Arts Education,3,No,,0.98,Ready for Upload,Path and PDF header indicate BSED/Secondary Culture and Arts Education major. Correct answer sourced from source PDF answer key.
12,12,2,BSED CAEd P1.pdf,/Users/lyndon/All reviewers/Sept2026_LET Reviewer Files/L. BSED - Culture and Arts Education-/BSED CAEd P1.pdf,A painting that depicts Philippine daily life during the Spanish period shows:,,,Costumbrismo,,Abstraction,,Pop art,,Futurism,,,,A,Answer key: Costumbrismo,LET Secondary,Culture and Arts Education,Visual Arts and Design Principles,3,No,,0.98,Ready for Upload,Path and PDF header indicate BSED/Secondary Culture and Arts Education major. Correct answer sourced from source PDF answer key.
13,13,2,BSED CAEd P1.pdf,/Users/lyndon/All reviewers/Sept2026_LET Reviewer Files/L. BSED - Culture and Arts Education-/BSED CAEd P1.pdf,The “Bahag” worn by indigenous men in the Cordillera is an example of:,,,Traditional attire,,Modern costume,,Imported fabric,,Fashion design,,,,A,Answer key: Traditional attire,LET Secondary,Culture and Arts Education,Indigenous and Regional Arts,3,No,,0.98,Ready for Upload,Path and PDF header indicate BSED/Secondary Culture and Arts Education major. Correct answer sourced from source PDF answer key.
14,14,2,BSED CAEd P1.pdf,/Users/lyndon/All reviewers/Sept2026_LET Reviewer Files/L. BSED - Culture and Arts Education-/BSED CAEd P1.pdf,The organization that leads in art education development in the Philippines is:,,,DepEd,,NCCA,,DOLE,,CHED,,,,B,Answer key: NCCA,LET Secondary,Culture and Arts Education,Arts Education Pedagogy,3,No,,0.98,Ready for Upload,Path and PDF header indicate BSED/Secondary Culture and Arts Education major. Correct answer sourced from source PDF answer key.
15,15,2,BSED CAEd P1.pdf,/Users/lyndon/All reviewers/Sept2026_LET Reviewer Files/L. BSED - Culture and Arts Education-/BSED CAEd P1.pdf,The “principle of unity” in design means:,,,Harmony among all parts of an artwork,,Maximum contrast,,Random placement,,Equal repetition,,,,A,Answer key: Harmony among all parts of an artwork,LET Secondary,Culture and Arts Education,Visual Arts and Design Principles,3,No,,0.98,Ready for Upload,Path and PDF header indicate BSED/Secondary Culture and Arts Education major. Correct answer sourced from source PDF answer key.
16,16,2,BSED CAEd P1.pdf,/Users/lyndon/All reviewers/Sept2026_LET Reviewer Files/L. BSED - Culture and Arts Education-/BSED CAEd P1.pdf,The Philippine folk song “Pamulinawen” originated from:,,,Ilocos Region,,Visayas,,Mindanao,,Bicol,,,,A,Answer key: Ilocos Region,LET Secondary,Culture and Arts Education,Performing Arts,3,No,,0.98,Ready for Upload,Path and PDF header indicate BSED/Secondary Culture and Arts Education major. Correct answer sourced from source PDF answer key.
17,17,2,BSED CAEd P1.pdf,/Users/lyndon/All reviewers/Sept2026_LET Reviewer Files/L. BSED - Culture and Arts Education-/BSED CAEd P1.pdf,“Form” in visual arts refers to:,,,Three-dimensional quality of an object,,Color tone,,Line pattern,,Light direction,,,,A,Answer key: Three-dimensional quality of an object,LET Secondary,Culture and Arts Education,Visual Arts and Design Principles,3,No,,0.98,Ready for Upload,Path and PDF header indicate BSED/Secondary Culture and Arts Education major. Correct answer sourced from source PDF answer key.
18,18,2,BSED CAEd P1.pdf,/Users/lyndon/All reviewers/Sept2026_LET Reviewer Files/L. BSED - Culture and Arts Education-/BSED CAEd P1.pdf,The “Kalesa” is an example of:,,,Functional art,,Sculpture,,Painting,,Textile,,,,A,Answer key: Functional art,LET Secondary,Culture and Arts Education,Culture and Arts Education,3,No,,0.98,Ready for Upload,Path and PDF header indicate BSED/Secondary Culture and Arts Education major. Correct answer sourced from source PDF answer key.
19,19,2,BSED CAEd P1.pdf,/Users/lyndon/All reviewers/Sept2026_LET Reviewer Files/L. BSED - Culture and Arts Education-/BSED CAEd P1.pdf,The “principle of rhythm” in art creates:,,,Movement and flow through repetition,,Static balance,,Equal division,,Sharp contrast,,,,A,Answer key: Movement and flow through repetition,LET Secondary,Culture and Arts Education,Visual Arts and Design Principles,3,No,,0.98,Ready for Upload,Path and PDF header indicate BSED/Secondary Culture and Arts Education major. Correct answer sourced from source PDF answer key.
20,20,2,BSED CAEd P1.pdf,/Users/lyndon/All reviewers/Sept2026_LET Reviewer Files/L. BSED - Culture and Arts Education-/BSED CAEd P1.pdf,A teacher who uses art projects to connect lessons to community life applies:,,,Contextualized learning,,Technical learning,,Drill method,,Classical approach,,,,A,Answer key: Contextualized learning,LET Secondary,Culture and Arts Education,Visual Arts and Design Principles,3,No,,0.98,Ready for Upload,Path and PDF header indicate BSED/Secondary Culture and Arts Education major. Correct answer sourced from source PDF answer key.
21,21,2,BSED CAEd P1.pdf,/Users/lyndon/All reviewers/Sept2026_LET Reviewer Files/L. BSED - Culture and Arts Education-/BSED CAEd P1.pdf,“Abstract art” emphasizes:,,,"Forms, colors, and emotions rather than realism",,Exact duplication of life,,Linear perspective,,Historical documentation,,,,A,"Answer key: Forms, colors, and emotions rather than realism",LET Secondary,Culture and Arts Education,Culture and Arts Education,3,No,,0.98,Ready for Upload,Path and PDF header indicate BSED/Secondary Culture and Arts Education major. Correct answer sourced from source PDF answer key.
22,22,3,BSED CAEd P1.pdf,/Users/lyndon/All reviewers/Sept2026_LET Reviewer Files/L. BSED - Culture and Arts Education-/BSED CAEd P1.pdf,The “Hudhud” epic chant comes from the:,,,Ifugao,,Tagalog,,Tausug,,Aeta,,,,A,Answer key: Ifugao,LET Secondary,Culture and Arts Education,Indigenous and Regional Arts,3,No,,0.98,Ready for Upload,Path and PDF header indicate BSED/Secondary Culture and Arts Education major. Correct answer sourced from source PDF answer key.
23,23,3,BSED CAEd P1.pdf,/Users/lyndon/All reviewers/Sept2026_LET Reviewer Files/L. BSED - Culture and Arts Education-/BSED CAEd P1.pdf,The artist known for “The Builders” painting is:,,,Victorio Edades,,Fernando Amorsolo,,Juan Luna,,Vicente Manansala,,,,A,Answer key: Victorio Edades,LET Secondary,Culture and Arts Education,Visual Arts and Design Principles,3,No,,0.98,Ready for Upload,Path and PDF header indicate BSED/Secondary Culture and Arts Education major. Correct answer sourced from source PDF answer key.
24,24,3,BSED CAEd P1.pdf,/Users/lyndon/All reviewers/Sept2026_LET Reviewer Files/L. BSED - Culture and Arts Education-/BSED CAEd P1.pdf,“Texture” in sculpture refers to:,,,The feel of the surface,,The size of material,,The design outline,,The color scheme,,,,A,Answer key: The feel of the surface,LET Secondary,Culture and Arts Education,Visual Arts and Design Principles,3,No,,0.98,Ready for Upload,Path and PDF header indicate BSED/Secondary Culture and Arts Education major. Correct answer sourced from source PDF answer key.
25,25,3,BSED CAEd P1.pdf,/Users/lyndon/All reviewers/Sept2026_LET Reviewer Files/L. BSED - Culture and Arts Education-/BSED CAEd P1.pdf,The process of protecting cultural properties is called:,,,Conservation,,Transformation,,Translation,,Recreation,,,,A,Answer key: Conservation,LET Secondary,Culture and Arts Education,Culture and Arts Education,3,No,,0.98,Ready for Upload,Path and PDF header indicate BSED/Secondary Culture and Arts Education major. Correct answer sourced from source PDF answer key.
26,26,3,BSED CAEd P1.pdf,/Users/lyndon/All reviewers/Sept2026_LET Reviewer Files/L. BSED - Culture and Arts Education-/BSED CAEd P1.pdf,The “principle of contrast” enhances:,,,Visual interest using opposites,,Repetition,,Harmony only,,Uniform color,,,,A,Answer key: Visual interest using opposites,LET Secondary,Culture and Arts Education,Culture and Arts Education,3,No,,0.98,Ready for Upload,Path and PDF header indicate BSED/Secondary Culture and Arts Education major. Correct answer sourced from source PDF answer key.
27,27,3,BSED CAEd P1.pdf,/Users/lyndon/All reviewers/Sept2026_LET Reviewer Files/L. BSED - Culture and Arts Education-/BSED CAEd P1.pdf,The “Okir” motif from Maranao culture often features:,,,Flowing curves and floral patterns,,Sharp triangles,,Monochrome color,,Abstract squares,,,,A,Answer key: Flowing curves and floral patterns,LET Secondary,Culture and Arts Education,Indigenous and Regional Arts,3,No,,0.98,Ready for Upload,Path and PDF header indicate BSED/Secondary Culture and Arts Education major. Correct answer sourced from source PDF answer key.
28,28,3,BSED CAEd P1.pdf,/Users/lyndon/All reviewers/Sept2026_LET Reviewer Files/L. BSED - Culture and Arts Education-/BSED CAEd P1.pdf,The “Sublian Festival” is celebrated in:,,,Batangas,,Bacolod,,Iloilo,,Davao,,,,A,Answer key: Batangas,LET Secondary,Culture and Arts Education,Philippine Festivals,3,No,,0.98,Ready for Upload,Path and PDF header indicate BSED/Secondary Culture and Arts Education major. Correct answer sourced from source PDF answer key.
29,29,3,BSED CAEd P1.pdf,/Users/lyndon/All reviewers/Sept2026_LET Reviewer Files/L. BSED - Culture and Arts Education-/BSED CAEd P1.pdf,The art movement that emphasizes emotion and imagination is:,,,Expressionism,,Realism,,Classicism,,Minimalism,,,,A,Answer key: Expressionism,LET Secondary,Culture and Arts Education,Visual Arts and Design Principles,3,No,,0.98,Ready for Upload,Path and PDF header indicate BSED/Secondary Culture and Arts Education major. Correct answer sourced from source PDF answer key.
30,30,3,BSED CAEd P1.pdf,/Users/lyndon/All reviewers/Sept2026_LET Reviewer Files/L. BSED - Culture and Arts Education-/BSED CAEd P1.pdf,The “Bayanihan” dance depicts:,,,Filipino unity and cooperation,,Romantic courtship,,Harvest celebration,,Religious ritual,,,,A,Answer key: Filipino unity and cooperation,LET Secondary,Culture and Arts Education,Performing Arts,3,No,,0.98,Ready for Upload,Path and PDF header indicate BSED/Secondary Culture and Arts Education major. Correct answer sourced from source PDF answer key.
31,31,3,BSED CAEd P1.pdf,/Users/lyndon/All reviewers/Sept2026_LET Reviewer Files/L. BSED - Culture and Arts Education-/BSED CAEd P1.pdf,A visual artist who pioneered abstract expressionism in the Philippines is:,,,Jose Joya,,Botong Francisco,,Guillermo Tolentino,,Victorio Edades,,,,A,Answer key: Jose Joya,LET Secondary,Culture and Arts Education,Visual Arts and Design Principles,3,No,,0.98,Ready for Upload,Path and PDF header indicate BSED/Secondary Culture and Arts Education major. Correct answer sourced from source PDF answer key.
32,32,3,BSED CAEd P1.pdf,/Users/lyndon/All reviewers/Sept2026_LET Reviewer Files/L. BSED - Culture and Arts Education-/BSED CAEd P1.pdf,The “principle of balance” ensures:,,,Equal or symmetrical arrangement of elements,,Uneven design,,Random placement,,Dominant lines,,,,A,Answer key: Equal or symmetrical arrangement of elements,LET Secondary,Culture and Arts Education,Visual Arts and Design Principles,3,No,,0.98,Ready for Upload,Path and PDF header indicate BSED/Secondary Culture and Arts Education major. Correct answer sourced from source PDF answer key.
33,33,4,BSED CAEd P1.pdf,/Users/lyndon/All reviewers/Sept2026_LET Reviewer Files/L. BSED - Culture and Arts Education-/BSED CAEd P1.pdf,The “Darangen” is the epic of:,,,Maranao,,Ifugao,,Ilocano,,Bicolano,,,,A,Answer key: Maranao,LET Secondary,Culture and Arts Education,Culture and Arts Education,3,No,,0.98,Ready for Upload,Path and PDF header indicate BSED/Secondary Culture and Arts Education major. Correct answer sourced from source PDF answer key.
34,34,4,BSED CAEd P1.pdf,/Users/lyndon/All reviewers/Sept2026_LET Reviewer Files/L. BSED - Culture and Arts Education-/BSED CAEd P1.pdf,The “Kundiman” is a traditional song about:,,,Love and patriotism,,War and freedom,,Farming,,Religion,,,,A,Answer key: Love and patriotism,LET Secondary,Culture and Arts Education,Performing Arts,3,No,,0.98,Ready for Upload,Path and PDF header indicate BSED/Secondary Culture and Arts Education major. Correct answer sourced from source PDF answer key.
35,35,4,BSED CAEd P1.pdf,/Users/lyndon/All reviewers/Sept2026_LET Reviewer Files/L. BSED - Culture and Arts Education-/BSED CAEd P1.pdf,"The art element that shows space, distance, and size relationships is:",,,Perspective,,Hue,,Texture,,Line,,,,A,Answer key: Perspective,LET Secondary,Culture and Arts Education,Culture and Arts Education,3,No,,0.98,Ready for Upload,Path and PDF header indicate BSED/Secondary Culture and Arts Education major. Correct answer sourced from source PDF answer key.
36,36,4,BSED CAEd P1.pdf,/Users/lyndon/All reviewers/Sept2026_LET Reviewer Files/L. BSED - Culture and Arts Education-/BSED CAEd P1.pdf,The art form that uses sound and rhythm as medium is:,,,Music,,Sculpture,,Painting,,Architecture,,,,A,Answer key: Music,LET Secondary,Culture and Arts Education,Visual Arts and Design Principles,3,No,,0.98,Ready for Upload,Path and PDF header indicate BSED/Secondary Culture and Arts Education major. Correct answer sourced from source PDF answer key.
37,37,4,BSED CAEd P1.pdf,/Users/lyndon/All reviewers/Sept2026_LET Reviewer Files/L. BSED - Culture and Arts Education-/BSED CAEd P1.pdf,A teacher who integrates arts into math and science lessons practices:,,,STEAM education,,Classical learning,,Separate discipline teaching,,Traditional curriculum,,,,A,Answer key: STEAM education,LET Secondary,Culture and Arts Education,Arts Education Pedagogy,3,No,,0.98,Ready for Upload,Path and PDF header indicate BSED/Secondary Culture and Arts Education major. Correct answer sourced from source PDF answer key.
38,38,4,BSED CAEd P1.pdf,/Users/lyndon/All reviewers/Sept2026_LET Reviewer Files/L. BSED - Culture and Arts Education-/BSED CAEd P1.pdf,The “principle of proportion” deals with:,,,Relationship of sizes among elements,,Color blending,,Balance of tones,,Emphasis,,,,A,Answer key: Relationship of sizes among elements,LET Secondary,Culture and Arts Education,Culture and Arts Education,3,No,,0.98,Ready for Upload,Path and PDF header indicate BSED/Secondary Culture and Arts Education major. Correct answer sourced from source PDF answer key.
39,39,4,BSED CAEd P1.pdf,/Users/lyndon/All reviewers/Sept2026_LET Reviewer Files/L. BSED - Culture and Arts Education-/BSED CAEd P1.pdf,The “Baguio Arts Guild” promotes:,,,Contemporary Cordillera arts,,Modern dance,,Western art,,Music composition,,,,A,Answer key: Contemporary Cordillera arts,LET Secondary,Culture and Arts Education,Culture and Arts Education,3,No,,0.98,Ready for Upload,Path and PDF header indicate BSED/Secondary Culture and Arts Education major. Correct answer sourced from source PDF answer key.
40,40,4,BSED CAEd P1.pdf,/Users/lyndon/All reviewers/Sept2026_LET Reviewer Files/L. BSED - Culture and Arts Education-/BSED CAEd P1.pdf,“Imitational art” focuses on:,,,Realistic representation of subjects,,Geometric design,,Abstract ideas,,Color harmony,,,,A,Answer key: Realistic representation of subjects,LET Secondary,Culture and Arts Education,Culture and Arts Education,3,No,,0.98,Ready for Upload,Path and PDF header indicate BSED/Secondary Culture and Arts Education major. Correct answer sourced from source PDF answer key.
41,41,4,BSED CAEd P1.pdf,/Users/lyndon/All reviewers/Sept2026_LET Reviewer Files/L. BSED - Culture and Arts Education-/BSED CAEd P1.pdf,The “principle of variety” prevents:,,,Monotony in artwork,,Balance,,Texture,,Unity,,,,A,Answer key: Monotony in artwork,LET Secondary,Culture and Arts Education,Visual Arts and Design Principles,3,No,,0.98,Ready for Upload,Path and PDF header indicate BSED/Secondary Culture and Arts Education major. Correct answer sourced from source PDF answer key.
42,42,4,BSED CAEd P1.pdf,/Users/lyndon/All reviewers/Sept2026_LET Reviewer Files/L. BSED - Culture and Arts Education-/BSED CAEd P1.pdf,The “principle of unity” is important because it:,,,Combines all elements harmoniously,,Adds distortion,,Creates contrast only,,Separates objects,,,,A,Answer key: Combines all elements harmoniously,LET Secondary,Culture and Arts Education,Visual Arts and Design Principles,3,No,,0.98,Ready for Upload,Path and PDF header indicate BSED/Secondary Culture and Arts Education major. Correct answer sourced from source PDF answer key.
43,43,4,BSED CAEd P1.pdf,/Users/lyndon/All reviewers/Sept2026_LET Reviewer Files/L. BSED - Culture and Arts Education-/BSED CAEd P1.pdf,The famous sculptor of “The Oblation” is:,,,Guillermo Tolentino,,Napoleon Abueva,,Eduardo Castrillo,,Jose Joya,,,,A,Answer key: Guillermo Tolentino,LET Secondary,Culture and Arts Education,Culture and Arts Education,3,No,,0.98,Ready for Upload,Path and PDF header indicate BSED/Secondary Culture and Arts Education major. Correct answer sourced from source PDF answer key.
44,44,5,BSED CAEd P1.pdf,/Users/lyndon/All reviewers/Sept2026_LET Reviewer Files/L. BSED - Culture and Arts Education-/BSED CAEd P1.pdf,The art element that refers to the feel or surface quality is:,,,Texture,,Value,,Color,,Shape,,,,A,Answer key: Texture,LET Secondary,Culture and Arts Education,Culture and Arts Education,3,No,,0.98,Ready for Upload,Path and PDF header indicate BSED/Secondary Culture and Arts Education major. Correct answer sourced from source PDF answer key.
45,45,5,BSED CAEd P1.pdf,/Users/lyndon/All reviewers/Sept2026_LET Reviewer Files/L. BSED - Culture and Arts Education-/BSED CAEd P1.pdf,“Indigenous art forms” are characterized by:,,,"Traditional, community-based expressions",,Imported materials,,Western influence,,Industrial process,,,,A,"Answer key: Traditional, community-based expressions",LET Secondary,Culture and Arts Education,Indigenous and Regional Arts,3,No,,0.98,Ready for Upload,Path and PDF header indicate BSED/Secondary Culture and Arts Education major. Correct answer sourced from source PDF answer key.
46,46,5,BSED CAEd P1.pdf,/Users/lyndon/All reviewers/Sept2026_LET Reviewer Files/L. BSED - Culture and Arts Education-/BSED CAEd P1.pdf,“Cubism” uses:,,,Geometric shapes to depict multiple viewpoints,,Emotional colors,,Soft curves,,Abstract lines,,,,A,Answer key: Geometric shapes to depict multiple viewpoints,LET Secondary,Culture and Arts Education,Culture and Arts Education,3,No,,0.98,Ready for Upload,Path and PDF header indicate BSED/Secondary Culture and Arts Education major. Correct answer sourced from source PDF answer key.
47,47,5,BSED CAEd P1.pdf,/Users/lyndon/All reviewers/Sept2026_LET Reviewer Files/L. BSED - Culture and Arts Education-/BSED CAEd P1.pdf,The “principle of emphasis” in dance means:,,,Highlighting main movement or gesture,,Repetition of steps,,Synchronization,,Acceleration,,,,A,Answer key: Highlighting main movement or gesture,LET Secondary,Culture and Arts Education,Visual Arts and Design Principles,3,No,,0.98,Ready for Upload,Path and PDF header indicate BSED/Secondary Culture and Arts Education major. Correct answer sourced from source PDF answer key.
48,48,5,BSED CAEd P1.pdf,/Users/lyndon/All reviewers/Sept2026_LET Reviewer Files/L. BSED - Culture and Arts Education-/BSED CAEd P1.pdf,The “Moriones Festival” is a cultural event featuring:,,,Biblical reenactments with masks,,Folk dance,,Flower parade,,Music contests,,,,A,Answer key: Biblical reenactments with masks,LET Secondary,Culture and Arts Education,Philippine Festivals,3,No,,0.98,Ready for Upload,Path and PDF header indicate BSED/Secondary Culture and Arts Education major. Correct answer sourced from source PDF answer key.
49,49,5,BSED CAEd P1.pdf,/Users/lyndon/All reviewers/Sept2026_LET Reviewer Files/L. BSED - Culture and Arts Education-/BSED CAEd P1.pdf,“Cultural mapping” identifies:,,,Tangible and intangible heritage resources,,Street locations,,Population data,,Modern designs,,,,A,Answer key: Tangible and intangible heritage resources,LET Secondary,Culture and Arts Education,Cultural Heritage and Preservation,3,No,,0.98,Ready for Upload,Path and PDF header indicate BSED/Secondary Culture and Arts Education major. Correct answer sourced from source PDF answer key.
50,50,5,BSED CAEd P1.pdf,/Users/lyndon/All reviewers/Sept2026_LET Reviewer Files/L. BSED - Culture and Arts Education-/BSED CAEd P1.pdf,The artist known for mural “Freedom Barong” is:,,,Benedicto Cabrera (BenCab),,Jose Joya,,Botong Francisco,,Ang Kiukok 2026,,,,A,Answer key: Benedicto Cabrera (BenCab),LET Secondary,Culture and Arts Education,Culture and Arts Education,3,No,,0.98,Ready for Upload,Path and PDF header indicate BSED/Secondary Culture and Arts Education major. Correct answer sourced from source PDF answer key.
51,1,1,BSED CAEd P10.pdf,/Users/lyndon/All reviewers/Sept2026_LET Reviewer Files/L. BSED - Culture and Arts Education-/BSED CAEd P10.pdf,Art appreciation primarily involves:,,,Understanding and valuing artistic expression,,Memorizing art facts,,Replicating artworks,,Judging art competitions,,,,A,Answer key: Understanding and valuing artistic expression,LET Secondary,Culture and Arts Education,Art Appreciation and Criticism,3,No,,0.98,Ready for Upload,Path and PDF header indicate BSED/Secondary Culture and Arts Education major. Correct answer sourced from source PDF answer key.
52,2,1,BSED CAEd P10.pdf,/Users/lyndon/All reviewers/Sept2026_LET Reviewer Files/L. BSED - Culture and Arts Education-/BSED CAEd P10.pdf,The “Sinulog Festival” is celebrated in honor of:,,,Sto. Niño,,St. Michael,,Our Lady of Peñafrancia,,San Isidro Labrador,,,,A,Answer key: Sto. Niño,LET Secondary,Culture and Arts Education,Philippine Festivals,3,No,,0.98,Ready for Upload,Path and PDF header indicate BSED/Secondary Culture and Arts Education major. Correct answer sourced from source PDF answer key.
53,3,1,BSED CAEd P10.pdf,/Users/lyndon/All reviewers/Sept2026_LET Reviewer Files/L. BSED - Culture and Arts Education-/BSED CAEd P10.pdf,The “Ati-Atihan Festival” originated in:,,,"Kalibo, Aklan",,Baguio City,,Cebu,,Davao,,,,A,"Answer key: Kalibo, Aklan",LET Secondary,Culture and Arts Education,Philippine Festivals,3,No,,0.98,Ready for Upload,Path and PDF header indicate BSED/Secondary Culture and Arts Education major. Correct answer sourced from source PDF answer key.
54,4,1,BSED CAEd P10.pdf,/Users/lyndon/All reviewers/Sept2026_LET Reviewer Files/L. BSED - Culture and Arts Education-/BSED CAEd P10.pdf,The “Pahiyas Festival” showcases:,,,Colorful rice decorations honoring San Isidro Labrador,,Devotion to Sto. Niño,,Harvest of sugarcane,,Street dancing for tourism,,,,A,Answer key: Colorful rice decorations honoring San Isidro Labrador,LET Secondary,Culture and Arts Education,Philippine Festivals,3,No,,0.98,Ready for Upload,Path and PDF header indicate BSED/Secondary Culture and Arts Education major. Correct answer sourced from source PDF answer key.
55,5,1,BSED CAEd P10.pdf,/Users/lyndon/All reviewers/Sept2026_LET Reviewer Files/L. BSED - Culture and Arts Education-/BSED CAEd P10.pdf,“Kadayawan Festival” in Davao celebrates:,,,Abundance of nature and indigenous heritage,,Religious feast,,Spanish colonization,,Modern culture,,,,A,Answer key: Abundance of nature and indigenous heritage,LET Secondary,Culture and Arts Education,Philippine Festivals,3,No,,0.98,Ready for Upload,Path and PDF header indicate BSED/Secondary Culture and Arts Education major. Correct answer sourced from source PDF answer key.
56,6,1,BSED CAEd P10.pdf,/Users/lyndon/All reviewers/Sept2026_LET Reviewer Files/L. BSED - Culture and Arts Education-/BSED CAEd P10.pdf,The “MassKara Festival” of Bacolod symbolizes:,,,Resilience and optimism despite hardships,,Ancient warfare,,Tribal rituals,,Western culture,,,,A,Answer key: Resilience and optimism despite hardships,LET Secondary,Culture and Arts Education,Philippine Festivals,3,No,,0.98,Ready for Upload,Path and PDF header indicate BSED/Secondary Culture and Arts Education major. Correct answer sourced from source PDF answer key.
57,7,1,BSED CAEd P10.pdf,/Users/lyndon/All reviewers/Sept2026_LET Reviewer Files/L. BSED - Culture and Arts Education-/BSED CAEd P10.pdf,“Art criticism” enhances students’ ability to:,,,Analyze and interpret works of art,,Memorize dates,,Copy exact details,,Judge artists personally,,,,A,Answer key: Analyze and interpret works of art,LET Secondary,Culture and Arts Education,Arts Education Pedagogy,3,No,,0.98,Ready for Upload,Path and PDF header indicate BSED/Secondary Culture and Arts Education major. Correct answer sourced from source PDF answer key.
58,8,1,BSED CAEd P10.pdf,/Users/lyndon/All reviewers/Sept2026_LET Reviewer Files/L. BSED - Culture and Arts Education-/BSED CAEd P10.pdf,The “Panagbenga Festival” in Baguio is known for:,,,Flower floats and street dancing,,Fireworks,,Harvesting rice,,Boat racing,,,,A,Answer key: Flower floats and street dancing,LET Secondary,Culture and Arts Education,Philippine Festivals,3,No,,0.98,Ready for Upload,Path and PDF header indicate BSED/Secondary Culture and Arts Education major. Correct answer sourced from source PDF answer key.
59,9,1,BSED CAEd P10.pdf,/Users/lyndon/All reviewers/Sept2026_LET Reviewer Files/L. BSED - Culture and Arts Education-/BSED CAEd P10.pdf,Aesthetics is the branch of philosophy that deals with:,,,The nature and appreciation of beauty and art,,Political systems,,Logic and reasoning,,Scientific methods,,,,A,Answer key: The nature and appreciation of beauty and art,LET Secondary,Culture and Arts Education,Art Appreciation and Criticism,3,No,,0.98,Ready for Upload,Path and PDF header indicate BSED/Secondary Culture and Arts Education major. Correct answer sourced from source PDF answer key.
60,10,1,BSED CAEd P10.pdf,/Users/lyndon/All reviewers/Sept2026_LET Reviewer Files/L. BSED - Culture and Arts Education-/BSED CAEd P10.pdf,The “Moriones Festival” is celebrated during:,,,Holy Week,,Christmas,,New Year,,Fiesta Month,,,,A,Answer key: Holy Week,LET Secondary,Culture and Arts Education,Philippine Festivals,3,No,,0.98,Ready for Upload,Path and PDF header indicate BSED/Secondary Culture and Arts Education major. Correct answer sourced from source PDF answer key.
61,11,1,BSED CAEd P10.pdf,/Users/lyndon/All reviewers/Sept2026_LET Reviewer Files/L. BSED - Culture and Arts Education-/BSED CAEd P10.pdf,Cross-cultural aesthetics teaches that:,,,Every culture has its own unique sense of beauty,,Only Western standards define art,,Art must be universal,,Art has no cultural influence,,,,A,Answer key: Every culture has its own unique sense of beauty,LET Secondary,Culture and Arts Education,Art Appreciation and Criticism,3,No,,0.98,Ready for Upload,Path and PDF header indicate BSED/Secondary Culture and Arts Education major. Correct answer sourced from source PDF answer key.
62,12,2,BSED CAEd P10.pdf,/Users/lyndon/All reviewers/Sept2026_LET Reviewer Files/L. BSED - Culture and Arts Education-/BSED CAEd P10.pdf,The “principle of movement” in visual art creates:,,,The illusion of action or motion,,Repetition,,Stillness,,Texture,,,,A,Answer key: The illusion of action or motion,LET Secondary,Culture and Arts Education,Visual Arts and Design Principles,3,No,,0.98,Ready for Upload,Path and PDF header indicate BSED/Secondary Culture and Arts Education major. Correct answer sourced from source PDF answer key.
63,13,2,BSED CAEd P10.pdf,/Users/lyndon/All reviewers/Sept2026_LET Reviewer Files/L. BSED - Culture and Arts Education-/BSED CAEd P10.pdf,Art integration helps learners to:,,,Connect art concepts with other subjects,,Focus only on drawing,,Avoid academics,,Memorize colors,,,,A,Answer key: Connect art concepts with other subjects,LET Secondary,Culture and Arts Education,Arts Education Pedagogy,3,No,,0.98,Ready for Upload,Path and PDF header indicate BSED/Secondary Culture and Arts Education major. Correct answer sourced from source PDF answer key.
64,14,2,BSED CAEd P10.pdf,/Users/lyndon/All reviewers/Sept2026_LET Reviewer Files/L. BSED - Culture and Arts Education-/BSED CAEd P10.pdf,The “T’nalak” pattern symbolizes:,,,Dreams of the weaver and cultural identity,,Wealth,,Religious devotion,,Western influence,,,,A,Answer key: Dreams of the weaver and cultural identity,LET Secondary,Culture and Arts Education,Culture and Arts Education,3,No,,0.98,Ready for Upload,Path and PDF header indicate BSED/Secondary Culture and Arts Education major. Correct answer sourced from source PDF answer key.
65,15,2,BSED CAEd P10.pdf,/Users/lyndon/All reviewers/Sept2026_LET Reviewer Files/L. BSED - Culture and Arts Education-/BSED CAEd P10.pdf,“Indigenous art forms” are best preserved through:,,,Intergenerational teaching and community practice,,Commercial reproduction,,Importation,,Outsourcing,,,,A,Answer key: Intergenerational teaching and community practice,LET Secondary,Culture and Arts Education,Indigenous and Regional Arts,3,No,,0.98,Ready for Upload,Path and PDF header indicate BSED/Secondary Culture and Arts Education major. Correct answer sourced from source PDF answer key.
66,16,2,BSED CAEd P10.pdf,/Users/lyndon/All reviewers/Sept2026_LET Reviewer Files/L. BSED - Culture and Arts Education-/BSED CAEd P10.pdf,The “Malakas and Maganda” story represents:,,,Filipino belief in equality of man and woman,,Spanish folklore,,Ancient warfare,,Western ideals,,,,A,Answer key: Filipino belief in equality of man and woman,LET Secondary,Culture and Arts Education,Culture and Arts Education,3,No,,0.98,Ready for Upload,Path and PDF header indicate BSED/Secondary Culture and Arts Education major. Correct answer sourced from source PDF answer key.
67,17,2,BSED CAEd P10.pdf,/Users/lyndon/All reviewers/Sept2026_LET Reviewer Files/L. BSED - Culture and Arts Education-/BSED CAEd P10.pdf,“Art elements” are the:,,,Basic visual components of art,,Tools for grading,,Music notes,,Theater props,,,,A,Answer key: Basic visual components of art,LET Secondary,Culture and Arts Education,Culture and Arts Education,3,No,,0.98,Ready for Upload,Path and PDF header indicate BSED/Secondary Culture and Arts Education major. Correct answer sourced from source PDF answer key.
68,18,2,BSED CAEd P10.pdf,/Users/lyndon/All reviewers/Sept2026_LET Reviewer Files/L. BSED - Culture and Arts Education-/BSED CAEd P10.pdf,“Color harmony” in art refers to:,,,The pleasing combination of colors,,Use of all colors,,Black and white contrast only,,Color repetition,,,,A,Answer key: The pleasing combination of colors,LET Secondary,Culture and Arts Education,Visual Arts and Design Principles,3,No,,0.98,Ready for Upload,Path and PDF header indicate BSED/Secondary Culture and Arts Education major. Correct answer sourced from source PDF answer key.
69,19,2,BSED CAEd P10.pdf,/Users/lyndon/All reviewers/Sept2026_LET Reviewer Files/L. BSED - Culture and Arts Education-/BSED CAEd P10.pdf,The “principle of repetition” in design helps create:,,,Rhythm and pattern,,Confusion,,Randomness,,Isolation,,,,A,Answer key: Rhythm and pattern,LET Secondary,Culture and Arts Education,Visual Arts and Design Principles,3,No,,0.98,Ready for Upload,Path and PDF header indicate BSED/Secondary Culture and Arts Education major. Correct answer sourced from source PDF answer key.
70,20,2,BSED CAEd P10.pdf,/Users/lyndon/All reviewers/Sept2026_LET Reviewer Files/L. BSED - Culture and Arts Education-/BSED CAEd P10.pdf,The “Sublian Festival” of Batangas honors:,,,The Holy Cross of Bauan and traditional dance,,Local farmers,,Sto. Niño,,Sea harvest,,,,A,Answer key: The Holy Cross of Bauan and traditional dance,LET Secondary,Culture and Arts Education,Philippine Festivals,3,No,,0.98,Ready for Upload,Path and PDF header indicate BSED/Secondary Culture and Arts Education major. Correct answer sourced from source PDF answer key.
71,21,2,BSED CAEd P10.pdf,/Users/lyndon/All reviewers/Sept2026_LET Reviewer Files/L. BSED - Culture and Arts Education-/BSED CAEd P10.pdf,“Art as communication” means:,,,It conveys emotions and ideas to others,,It is silent,,It is unrelated to society,,It has no purpose,,,,A,Answer key: It conveys emotions and ideas to others,LET Secondary,Culture and Arts Education,Culture and Arts Education,3,No,,0.98,Ready for Upload,Path and PDF header indicate BSED/Secondary Culture and Arts Education major. Correct answer sourced from source PDF answer key.
72,22,2,BSED CAEd P10.pdf,/Users/lyndon/All reviewers/Sept2026_LET Reviewer Files/L. BSED - Culture and Arts Education-/BSED CAEd P10.pdf,“Performing arts” includes:,,,"Dance, theater, and music",,Painting and sculpture,,Photography,,Pottery,,,,A,"Answer key: Dance, theater, and music",LET Secondary,Culture and Arts Education,Visual Arts and Design Principles,3,No,,0.98,Ready for Upload,Path and PDF header indicate BSED/Secondary Culture and Arts Education major. Correct answer sourced from source PDF answer key.
73,23,3,BSED CAEd P10.pdf,/Users/lyndon/All reviewers/Sept2026_LET Reviewer Files/L. BSED - Culture and Arts Education-/BSED CAEd P10.pdf,“Art as cultural identity” means:,,,It reflects the beliefs and traditions of a people,,It imitates foreign culture,,It rejects heritage,,It follows modern trends only,,,,A,Answer key: It reflects the beliefs and traditions of a people,LET Secondary,Culture and Arts Education,Culture and Arts Education,3,No,,0.98,Ready for Upload,Path and PDF header indicate BSED/Secondary Culture and Arts Education major. Correct answer sourced from source PDF answer key.
74,24,3,BSED CAEd P10.pdf,/Users/lyndon/All reviewers/Sept2026_LET Reviewer Files/L. BSED - Culture and Arts Education-/BSED CAEd P10.pdf,“Art curation” involves:,,,"Selecting, organizing, and presenting artworks",,Making crafts,,Judging contests,,Selling paintings,,,,A,"Answer key: Selecting, organizing, and presenting artworks",LET Secondary,Culture and Arts Education,Culture and Arts Education,3,No,,0.98,Ready for Upload,Path and PDF header indicate BSED/Secondary Culture and Arts Education major. Correct answer sourced from source PDF answer key.
75,25,3,BSED CAEd P10.pdf,/Users/lyndon/All reviewers/Sept2026_LET Reviewer Files/L. BSED - Culture and Arts Education-/BSED CAEd P10.pdf,The main purpose of teaching arts in basic education is to:,,,"Develop creativity, expression, and appreciation for Filipino culture",,Train artists for competition,,Focus on foreign art,,Teach business 2026,,,,A,"Answer key: Develop creativity, expression, and appreciation for Filipino culture",LET Secondary,Culture and Arts Education,Arts Education Pedagogy,3,No,,0.98,Ready for Upload,Path and PDF header indicate BSED/Secondary Culture and Arts Education major. Correct answer sourced from source PDF answer key.
76,1,1,BSED CAEd P2.pdf,/Users/lyndon/All reviewers/Sept2026_LET Reviewer Files/L. BSED - Culture and Arts Education-/BSED CAEd P2.pdf,The integration of cultural heritage in art lessons promotes:,,,National identity and pride,,Competitive skills,,Industrial growth,,Academic ranking,,,,A,Answer key: National identity and pride,LET Secondary,Culture and Arts Education,Cultural Heritage and Preservation,3,No,,0.98,Ready for Upload,Path and PDF header indicate BSED/Secondary Culture and Arts Education major. Correct answer sourced from source PDF answer key.
77,2,1,BSED CAEd P2.pdf,/Users/lyndon/All reviewers/Sept2026_LET Reviewer Files/L. BSED - Culture and Arts Education-/BSED CAEd P2.pdf,The “principle of harmony” in art ensures:,,,All elements work together cohesively,,Colors are contrasting,,Emphasis is ignored,,Designs are uniform,,,,A,Answer key: All elements work together cohesively,LET Secondary,Culture and Arts Education,Culture and Arts Education,3,No,,0.98,Ready for Upload,Path and PDF header indicate BSED/Secondary Culture and Arts Education major. Correct answer sourced from source PDF answer key.
78,3,1,BSED CAEd P2.pdf,/Users/lyndon/All reviewers/Sept2026_LET Reviewer Files/L. BSED - Culture and Arts Education-/BSED CAEd P2.pdf,Which Philippine artist is known for “Mother and Child” paintings?,,,Anita Magsaysay-Ho,,Ang Kiukok,,Jose Joya,,BenCab,,,,A,Answer key: Anita Magsaysay-Ho,LET Secondary,Culture and Arts Education,Visual Arts and Design Principles,3,No,,0.98,Ready for Upload,Path and PDF header indicate BSED/Secondary Culture and Arts Education major. Correct answer sourced from source PDF answer key.
79,4,1,BSED CAEd P2.pdf,/Users/lyndon/All reviewers/Sept2026_LET Reviewer Files/L. BSED - Culture and Arts Education-/BSED CAEd P2.pdf,The festival known for its giant paper-mâché figures is:,,,Higantes Festival,,Ati-atihan,,Sinulog,,Moriones,,,,A,Answer key: Higantes Festival,LET Secondary,Culture and Arts Education,Philippine Festivals,3,No,,0.98,Ready for Upload,Path and PDF header indicate BSED/Secondary Culture and Arts Education major. Correct answer sourced from source PDF answer key.
80,5,1,BSED CAEd P2.pdf,/Users/lyndon/All reviewers/Sept2026_LET Reviewer Files/L. BSED - Culture and Arts Education-/BSED CAEd P2.pdf,The “Bayanihan” dance troupe is best known for:,,,Showcasing Filipino folk dances worldwide,,Western ballet,,Street dancing,,Contemporary hip-hop,,,,A,Answer key: Showcasing Filipino folk dances worldwide,LET Secondary,Culture and Arts Education,Performing Arts,3,No,,0.98,Ready for Upload,Path and PDF header indicate BSED/Secondary Culture and Arts Education major. Correct answer sourced from source PDF answer key.
81,6,1,BSED CAEd P2.pdf,/Users/lyndon/All reviewers/Sept2026_LET Reviewer Files/L. BSED - Culture and Arts Education-/BSED CAEd P2.pdf,The “principle of balance” in art can be achieved through:,,,Symmetry or asymmetry of elements,,Random layout,,Unequal tones,,Color repetition only,,,,A,Answer key: Symmetry or asymmetry of elements,LET Secondary,Culture and Arts Education,Visual Arts and Design Principles,3,No,,0.98,Ready for Upload,Path and PDF header indicate BSED/Secondary Culture and Arts Education major. Correct answer sourced from source PDF answer key.
82,7,1,BSED CAEd P2.pdf,/Users/lyndon/All reviewers/Sept2026_LET Reviewer Files/L. BSED - Culture and Arts Education-/BSED CAEd P2.pdf,The “Okir” design symbolizes:,,,Artistic identity of the Maranao,,Luzon architecture,,Christian influence,,Spanish design,,,,A,Answer key: Artistic identity of the Maranao,LET Secondary,Culture and Arts Education,Culture and Arts Education,3,No,,0.98,Ready for Upload,Path and PDF header indicate BSED/Secondary Culture and Arts Education major. Correct answer sourced from source PDF answer key.
83,8,1,BSED CAEd P2.pdf,/Users/lyndon/All reviewers/Sept2026_LET Reviewer Files/L. BSED - Culture and Arts Education-/BSED CAEd P2.pdf,The “Hudhud” chant is traditionally sung by:,,,Women during harvest and rituals,,Fishermen,,Priests,,Children,,,,A,Answer key: Women during harvest and rituals,LET Secondary,Culture and Arts Education,Indigenous and Regional Arts,3,No,,0.98,Ready for Upload,Path and PDF header indicate BSED/Secondary Culture and Arts Education major. Correct answer sourced from source PDF answer key.
84,9,1,BSED CAEd P2.pdf,/Users/lyndon/All reviewers/Sept2026_LET Reviewer Files/L. BSED - Culture and Arts Education-/BSED CAEd P2.pdf,The art element that defines lightness or darkness of a color is:,,,Value,,Texture,,Line,,Form,,,,A,Answer key: Value,LET Secondary,Culture and Arts Education,Visual Arts and Design Principles,3,No,,0.98,Ready for Upload,Path and PDF header indicate BSED/Secondary Culture and Arts Education major. Correct answer sourced from source PDF answer key.
85,10,1,BSED CAEd P2.pdf,/Users/lyndon/All reviewers/Sept2026_LET Reviewer Files/L. BSED - Culture and Arts Education-/BSED CAEd P2.pdf,The “principle of emphasis” helps:,,,Direct attention to a focal point,,Distribute colors equally,,Create repetition,,Produce symmetry,,,,A,Answer key: Direct attention to a focal point,LET Secondary,Culture and Arts Education,Visual Arts and Design Principles,3,No,,0.98,Ready for Upload,Path and PDF header indicate BSED/Secondary Culture and Arts Education major. Correct answer sourced from source PDF answer key.
86,11,1,BSED CAEd P2.pdf,/Users/lyndon/All reviewers/Sept2026_LET Reviewer Files/L. BSED - Culture and Arts Education-/BSED CAEd P2.pdf,Which art form uses clay as a main material?,,,Pottery,,Textile,,Dance,,Music,,,,A,Answer key: Pottery,LET Secondary,Culture and Arts Education,Visual Arts and Design Principles,3,No,,0.98,Ready for Upload,Path and PDF header indicate BSED/Secondary Culture and Arts Education major. Correct answer sourced from source PDF answer key.
87,12,2,BSED CAEd P2.pdf,/Users/lyndon/All reviewers/Sept2026_LET Reviewer Files/L. BSED - Culture and Arts Education-/BSED CAEd P2.pdf,“Art criticism” primarily aims to:,,,Evaluate and interpret artworks,,Copy styles,,Promote mass art,,Create imbalance,,,,A,Answer key: Evaluate and interpret artworks,LET Secondary,Culture and Arts Education,Art Appreciation and Criticism,3,No,,0.98,Ready for Upload,Path and PDF header indicate BSED/Secondary Culture and Arts Education major. Correct answer sourced from source PDF answer key.
88,13,2,BSED CAEd P2.pdf,/Users/lyndon/All reviewers/Sept2026_LET Reviewer Files/L. BSED - Culture and Arts Education-/BSED CAEd P2.pdf,“Gamelan music” originates from:,,,Indonesia,,Thailand,,Philippines,,Malaysia,,,,A,Answer key: Indonesia,LET Secondary,Culture and Arts Education,Performing Arts,3,No,,0.98,Ready for Upload,Path and PDF header indicate BSED/Secondary Culture and Arts Education major. Correct answer sourced from source PDF answer key.
89,14,2,BSED CAEd P2.pdf,/Users/lyndon/All reviewers/Sept2026_LET Reviewer Files/L. BSED - Culture and Arts Education-/BSED CAEd P2.pdf,The “Kundiman” song expresses:,,,Love and devotion,,War and anger,,Celebration,,Agriculture,,,,A,Answer key: Love and devotion,LET Secondary,Culture and Arts Education,Performing Arts,3,No,,0.98,Ready for Upload,Path and PDF header indicate BSED/Secondary Culture and Arts Education major. Correct answer sourced from source PDF answer key.
90,15,2,BSED CAEd P2.pdf,/Users/lyndon/All reviewers/Sept2026_LET Reviewer Files/L. BSED - Culture and Arts Education-/BSED CAEd P2.pdf,The “principle of movement” in art refers to:,,,Direction of the viewer’s eye in an artwork,,Texture,,Stillness,,Size ratio,,,,A,Answer key: Direction of the viewer’s eye in an artwork,LET Secondary,Culture and Arts Education,Visual Arts and Design Principles,3,No,,0.98,Ready for Upload,Path and PDF header indicate BSED/Secondary Culture and Arts Education major. Correct answer sourced from source PDF answer key.
91,16,2,BSED CAEd P2.pdf,/Users/lyndon/All reviewers/Sept2026_LET Reviewer Files/L. BSED - Culture and Arts Education-/BSED CAEd P2.pdf,The “Jeepney” design culture represents:,,,Filipino creativity and resourcefulness,,Industrial modernization,,Colonial influence,,Western imitation,,,,A,Answer key: Filipino creativity and resourcefulness,LET Secondary,Culture and Arts Education,Culture and Arts Education,3,No,,0.98,Ready for Upload,Path and PDF header indicate BSED/Secondary Culture and Arts Education major. Correct answer sourced from source PDF answer key.
92,17,2,BSED CAEd P2.pdf,/Users/lyndon/All reviewers/Sept2026_LET Reviewer Files/L. BSED - Culture and Arts Education-/BSED CAEd P2.pdf,Which art form combines words and rhythm?,,,Poetry,,Sculpture,,Painting,,Architecture,,,,A,Answer key: Poetry,LET Secondary,Culture and Arts Education,Visual Arts and Design Principles,3,No,,0.98,Ready for Upload,Path and PDF header indicate BSED/Secondary Culture and Arts Education major. Correct answer sourced from source PDF answer key.
93,18,2,BSED CAEd P2.pdf,/Users/lyndon/All reviewers/Sept2026_LET Reviewer Files/L. BSED - Culture and Arts Education-/BSED CAEd P2.pdf,The “Pahiyas Festival” honors:,,,San Isidro Labrador,,Santo Niño,,Saint Peter,,Our Lady of Peñafrancia,,,,A,Answer key: San Isidro Labrador,LET Secondary,Culture and Arts Education,Philippine Festivals,3,No,,0.98,Ready for Upload,Path and PDF header indicate BSED/Secondary Culture and Arts Education major. Correct answer sourced from source PDF answer key.
94,19,2,BSED CAEd P2.pdf,/Users/lyndon/All reviewers/Sept2026_LET Reviewer Files/L. BSED - Culture and Arts Education-/BSED CAEd P2.pdf,The “T’boli” dream weavers produce:,,,T’nalak cloth,,Abaca baskets,,Bamboo flutes,,Rattan mats,,,,A,Answer key: T’nalak cloth,LET Secondary,Culture and Arts Education,Culture and Arts Education,3,No,,0.98,Ready for Upload,Path and PDF header indicate BSED/Secondary Culture and Arts Education major. Correct answer sourced from source PDF answer key.
95,20,2,BSED CAEd P2.pdf,/Users/lyndon/All reviewers/Sept2026_LET Reviewer Files/L. BSED - Culture and Arts Education-/BSED CAEd P2.pdf,The “principle of proportion” means:,,,Relationship between parts and whole,,Dominance of texture,,Movement of lines,,Rhythm in color,,,,A,Answer key: Relationship between parts and whole,LET Secondary,Culture and Arts Education,Culture and Arts Education,3,No,,0.98,Ready for Upload,Path and PDF header indicate BSED/Secondary Culture and Arts Education major. Correct answer sourced from source PDF answer key.
96,21,2,BSED CAEd P2.pdf,/Users/lyndon/All reviewers/Sept2026_LET Reviewer Files/L. BSED - Culture and Arts Education-/BSED CAEd P2.pdf,“Multimedia art” combines:,,,"Sound, video, and visuals",,Music only,,Sculpture and paint,,Textiles only,,,,A,"Answer key: Sound, video, and visuals",LET Secondary,Culture and Arts Education,Contemporary and Digital Arts,3,No,,0.98,Ready for Upload,Path and PDF header indicate BSED/Secondary Culture and Arts Education major. Correct answer sourced from source PDF answer key.
97,22,2,BSED CAEd P2.pdf,/Users/lyndon/All reviewers/Sept2026_LET Reviewer Files/L. BSED - Culture and Arts Education-/BSED CAEd P2.pdf,The process of preserving cultural identity through documentation is:,,,Cultural preservation,,Modernization,,Globalization,,Colonization,,,,A,Answer key: Cultural preservation,LET Secondary,Culture and Arts Education,Culture and Arts Education,3,No,,0.98,Ready for Upload,Path and PDF header indicate BSED/Secondary Culture and Arts Education major. Correct answer sourced from source PDF answer key.
98,23,3,BSED CAEd P2.pdf,/Users/lyndon/All reviewers/Sept2026_LET Reviewer Files/L. BSED - Culture and Arts Education-/BSED CAEd P2.pdf,The “Malong” is a traditional attire from:,,,Maranao,,Igorot,,Ilocano,,Pampango,,,,A,Answer key: Maranao,LET Secondary,Culture and Arts Education,Culture and Arts Education,3,No,,0.98,Ready for Upload,Path and PDF header indicate BSED/Secondary Culture and Arts Education major. Correct answer sourced from source PDF answer key.
99,24,3,BSED CAEd P2.pdf,/Users/lyndon/All reviewers/Sept2026_LET Reviewer Files/L. BSED - Culture and Arts Education-/BSED CAEd P2.pdf,“Environmental art” focuses on:,,,Nature and ecological awareness,,Political protest,,Portraits,,Religious devotion,,,,A,Answer key: Nature and ecological awareness,LET Secondary,Culture and Arts Education,Culture and Arts Education,3,No,,0.98,Ready for Upload,Path and PDF header indicate BSED/Secondary Culture and Arts Education major. Correct answer sourced from source PDF answer key.
100,25,3,BSED CAEd P2.pdf,/Users/lyndon/All reviewers/Sept2026_LET Reviewer Files/L. BSED - Culture and Arts Education-/BSED CAEd P2.pdf,“Philippine Art” during the Spanish period was dominated by:,,,Religious themes,,Abstract design,,Social realism,,Nationalism,,,,A,Answer key: Religious themes,LET Secondary,Culture and Arts Education,Culture and Arts Education,3,No,,0.98,Ready for Upload,Path and PDF header indicate BSED/Secondary Culture and Arts Education major. Correct answer sourced from source PDF answer key.
101,26,3,BSED CAEd P2.pdf,/Users/lyndon/All reviewers/Sept2026_LET Reviewer Files/L. BSED - Culture and Arts Education-/BSED CAEd P2.pdf,The “principle of repetition” creates:,,,Rhythm and unity,,Chaos,,Sharp contrast,,Stillness,,,,A,Answer key: Rhythm and unity,LET Secondary,Culture and Arts Education,Visual Arts and Design Principles,3,No,,0.98,Ready for Upload,Path and PDF header indicate BSED/Secondary Culture and Arts Education major. Correct answer sourced from source PDF answer key.
102,27,3,BSED CAEd P2.pdf,/Users/lyndon/All reviewers/Sept2026_LET Reviewer Files/L. BSED - Culture and Arts Education-/BSED CAEd P2.pdf,The “Angono Petroglyphs” are examples of:,,,Prehistoric rock carvings,,Modern murals,,Religious icons,,Colonial sculpture,,,,A,Answer key: Prehistoric rock carvings,LET Secondary,Culture and Arts Education,Culture and Arts Education,3,No,,0.98,Ready for Upload,Path and PDF header indicate BSED/Secondary Culture and Arts Education major. Correct answer sourced from source PDF answer key.
103,28,3,BSED CAEd P2.pdf,/Users/lyndon/All reviewers/Sept2026_LET Reviewer Files/L. BSED - Culture and Arts Education-/BSED CAEd P2.pdf,The “Singkil” dance portrays:,,,An episode from the Darangen epic,,A harvest ritual,,Spanish courtship,,Modern romance,,,,A,Answer key: An episode from the Darangen epic,LET Secondary,Culture and Arts Education,Performing Arts,3,No,,0.98,Ready for Upload,Path and PDF header indicate BSED/Secondary Culture and Arts Education major. Correct answer sourced from source PDF answer key.
104,29,3,BSED CAEd P2.pdf,/Users/lyndon/All reviewers/Sept2026_LET Reviewer Files/L. BSED - Culture and Arts Education-/BSED CAEd P2.pdf,The “Bamboo organ” is found in:,,,Las Piñas City,,Cebu,,Baguio,,Davao,,,,A,Answer key: Las Piñas City,LET Secondary,Culture and Arts Education,Culture and Arts Education,3,No,,0.98,Ready for Upload,Path and PDF header indicate BSED/Secondary Culture and Arts Education major. Correct answer sourced from source PDF answer key.
105,30,3,BSED CAEd P2.pdf,/Users/lyndon/All reviewers/Sept2026_LET Reviewer Files/L. BSED - Culture and Arts Education-/BSED CAEd P2.pdf,“Art pedagogy” in the 21st century encourages:,,,Integration of technology and creativity,,Focus on memorization,,Teacher-centered instruction,,Skill drills only,,,,A,Answer key: Integration of technology and creativity,LET Secondary,Culture and Arts Education,Culture and Arts Education,3,No,,0.98,Ready for Upload,Path and PDF header indicate BSED/Secondary Culture and Arts Education major. Correct answer sourced from source PDF answer key.
106,31,3,BSED CAEd P2.pdf,/Users/lyndon/All reviewers/Sept2026_LET Reviewer Files/L. BSED - Culture and Arts Education-/BSED CAEd P2.pdf,The art element that represents depth is:,,,Space,,Value,,Shape,,Texture,,,,A,Answer key: Space,LET Secondary,Culture and Arts Education,Culture and Arts Education,3,No,,0.98,Ready for Upload,Path and PDF header indicate BSED/Secondary Culture and Arts Education major. Correct answer sourced from source PDF answer key.
107,32,3,BSED CAEd P2.pdf,/Users/lyndon/All reviewers/Sept2026_LET Reviewer Files/L. BSED - Culture and Arts Education-/BSED CAEd P2.pdf,The “principle of variety” ensures:,,,Interest and dynamic quality,,Equal repetition,,Plain composition,,Symmetry only,,,,A,Answer key: Interest and dynamic quality,LET Secondary,Culture and Arts Education,Visual Arts and Design Principles,3,No,,0.98,Ready for Upload,Path and PDF header indicate BSED/Secondary Culture and Arts Education major. Correct answer sourced from source PDF answer key.
108,33,3,BSED CAEd P2.pdf,/Users/lyndon/All reviewers/Sept2026_LET Reviewer Files/L. BSED - Culture and Arts Education-/BSED CAEd P2.pdf,The “principle of rhythm” is achieved through:,,,Repetition of visual elements,,Sudden changes,,Absence of balance,,Random color,,,,A,Answer key: Repetition of visual elements,LET Secondary,Culture and Arts Education,Visual Arts and Design Principles,3,No,,0.98,Ready for Upload,Path and PDF header indicate BSED/Secondary Culture and Arts Education major. Correct answer sourced from source PDF answer key.
109,34,4,BSED CAEd P2.pdf,/Users/lyndon/All reviewers/Sept2026_LET Reviewer Files/L. BSED - Culture and Arts Education-/BSED CAEd P2.pdf,The “Ifugao Hudhud” is declared by UNESCO as:,,,Masterpiece of Oral Heritage,,Cultural reserve,,Modern art form,,Local ritual,,,,A,Answer key: Masterpiece of Oral Heritage,LET Secondary,Culture and Arts Education,Cultural Heritage and Preservation,3,No,,0.98,Ready for Upload,Path and PDF header indicate BSED/Secondary Culture and Arts Education major. Correct answer sourced from source PDF answer key.
110,35,4,BSED CAEd P2.pdf,/Users/lyndon/All reviewers/Sept2026_LET Reviewer Files/L. BSED - Culture and Arts Education-/BSED CAEd P2.pdf,The “Vinta” boats of Zamboanga are known for their:,,,Colorful sails,,Speed,,Sound,,Carvings,,,,A,Answer key: Colorful sails,LET Secondary,Culture and Arts Education,Culture and Arts Education,3,No,,0.98,Ready for Upload,Path and PDF header indicate BSED/Secondary Culture and Arts Education major. Correct answer sourced from source PDF answer key.
111,36,4,BSED CAEd P2.pdf,/Users/lyndon/All reviewers/Sept2026_LET Reviewer Files/L. BSED - Culture and Arts Education-/BSED CAEd P2.pdf,A “mosaic” is an art made of:,,,Small colored pieces arranged together,,Wood and bamboo,,Fabric weaving,,Glass painting,,,,A,Answer key: Small colored pieces arranged together,LET Secondary,Culture and Arts Education,Culture and Arts Education,3,No,,0.98,Ready for Upload,Path and PDF header indicate BSED/Secondary Culture and Arts Education major. Correct answer sourced from source PDF answer key.
112,37,4,BSED CAEd P2.pdf,/Users/lyndon/All reviewers/Sept2026_LET Reviewer Files/L. BSED - Culture and Arts Education-/BSED CAEd P2.pdf,The “Salakot” symbolizes:,,,Filipino dignity and practicality,,Foreign influence,,Colonial rule,,Economic power,,,,A,Answer key: Filipino dignity and practicality,LET Secondary,Culture and Arts Education,Culture and Arts Education,3,No,,0.98,Ready for Upload,Path and PDF header indicate BSED/Secondary Culture and Arts Education major. Correct answer sourced from source PDF answer key.
113,38,4,BSED CAEd P2.pdf,/Users/lyndon/All reviewers/Sept2026_LET Reviewer Files/L. BSED - Culture and Arts Education-/BSED CAEd P2.pdf,“Installation art” differs because it:,,,Occupies a space and interacts with viewers,,Is always painted,,Uses fabric,,Is musical,,,,A,Answer key: Occupies a space and interacts with viewers,LET Secondary,Culture and Arts Education,Culture and Arts Education,3,No,,0.98,Ready for Upload,Path and PDF header indicate BSED/Secondary Culture and Arts Education major. Correct answer sourced from source PDF answer key.
114,39,4,BSED CAEd P2.pdf,/Users/lyndon/All reviewers/Sept2026_LET Reviewer Files/L. BSED - Culture and Arts Education-/BSED CAEd P2.pdf,“Color harmony” achieves:,,,Pleasing combinations of hues,,Sharp contrasts,,Unequal tones,,Monotony,,,,A,Answer key: Pleasing combinations of hues,LET Secondary,Culture and Arts Education,Visual Arts and Design Principles,3,No,,0.98,Ready for Upload,Path and PDF header indicate BSED/Secondary Culture and Arts Education major. Correct answer sourced from source PDF answer key.
115,40,4,BSED CAEd P2.pdf,/Users/lyndon/All reviewers/Sept2026_LET Reviewer Files/L. BSED - Culture and Arts Education-/BSED CAEd P2.pdf,“Symbolism” in art conveys:,,,Deeper meanings through images,,Literal representation,,Physical balance,,Mechanical form,,,,A,Answer key: Deeper meanings through images,LET Secondary,Culture and Arts Education,Culture and Arts Education,3,No,,0.98,Ready for Upload,Path and PDF header indicate BSED/Secondary Culture and Arts Education major. Correct answer sourced from source PDF answer key.
116,41,4,BSED CAEd P2.pdf,/Users/lyndon/All reviewers/Sept2026_LET Reviewer Files/L. BSED - Culture and Arts Education-/BSED CAEd P2.pdf,The “Sinulog” festival honors:,,,Santo Niño,,San Isidro,,Saint Michael,,Saint Peter,,,,A,Answer key: Santo Niño,LET Secondary,Culture and Arts Education,Philippine Festivals,3,No,,0.98,Ready for Upload,Path and PDF header indicate BSED/Secondary Culture and Arts Education major. Correct answer sourced from source PDF answer key.
117,42,4,BSED CAEd P2.pdf,/Users/lyndon/All reviewers/Sept2026_LET Reviewer Files/L. BSED - Culture and Arts Education-/BSED CAEd P2.pdf,The “principle of unity” is achieved when:,,,All elements form a complete whole,,One element dominates all others,,Repetition is avoided,,Colors are separated,,,,A,Answer key: All elements form a complete whole,LET Secondary,Culture and Arts Education,Visual Arts and Design Principles,3,No,,0.98,Ready for Upload,Path and PDF header indicate BSED/Secondary Culture and Arts Education major. Correct answer sourced from source PDF answer key.
118,43,4,BSED CAEd P2.pdf,/Users/lyndon/All reviewers/Sept2026_LET Reviewer Files/L. BSED - Culture and Arts Education-/BSED CAEd P2.pdf,“Minimalism” is characterized by:,,,Simplicity and few elements,,Complex detail,,Bright color schemes,,Layered design,,,,A,Answer key: Simplicity and few elements,LET Secondary,Culture and Arts Education,Culture and Arts Education,3,No,,0.98,Ready for Upload,Path and PDF header indicate BSED/Secondary Culture and Arts Education major. Correct answer sourced from source PDF answer key.
119,44,4,BSED CAEd P2.pdf,/Users/lyndon/All reviewers/Sept2026_LET Reviewer Files/L. BSED - Culture and Arts Education-/BSED CAEd P2.pdf,“Art education” enhances:,,,Creative and critical thinking skills,,Test performance,,Rote memorization,,Manual copying,,,,A,Answer key: Creative and critical thinking skills,LET Secondary,Culture and Arts Education,Arts Education Pedagogy,3,No,,0.98,Ready for Upload,Path and PDF header indicate BSED/Secondary Culture and Arts Education major. Correct answer sourced from source PDF answer key.
120,45,5,BSED CAEd P2.pdf,/Users/lyndon/All reviewers/Sept2026_LET Reviewer Files/L. BSED - Culture and Arts Education-/BSED CAEd P2.pdf,The “principle of dominance” means:,,,One element stands out among others,,Equal focus,,Absence of emphasis,,Random shapes,,,,A,Answer key: One element stands out among others,LET Secondary,Culture and Arts Education,Culture and Arts Education,3,No,,0.98,Ready for Upload,Path and PDF header indicate BSED/Secondary Culture and Arts Education major. Correct answer sourced from source PDF answer key.
121,46,5,BSED CAEd P2.pdf,/Users/lyndon/All reviewers/Sept2026_LET Reviewer Files/L. BSED - Culture and Arts Education-/BSED CAEd P2.pdf,“Contemporary art” reflects:,,,Current issues and modern expression,,Ancient techniques only,,Traditional repetition,,Colonial influence,,,,A,Answer key: Current issues and modern expression,LET Secondary,Culture and Arts Education,Contemporary and Digital Arts,3,No,,0.98,Ready for Upload,Path and PDF header indicate BSED/Secondary Culture and Arts Education major. Correct answer sourced from source PDF answer key.
122,47,5,BSED CAEd P2.pdf,/Users/lyndon/All reviewers/Sept2026_LET Reviewer Files/L. BSED - Culture and Arts Education-/BSED CAEd P2.pdf,The “Pagdayaw” festival celebrates:,,,Ilocano thanksgiving and heritage,,Bicolano devotion,,Visayan harvest,,Moro dance,,,,A,Answer key: Ilocano thanksgiving and heritage,LET Secondary,Culture and Arts Education,Philippine Festivals,3,No,,0.98,Ready for Upload,Path and PDF header indicate BSED/Secondary Culture and Arts Education major. Correct answer sourced from source PDF answer key.
123,48,5,BSED CAEd P2.pdf,/Users/lyndon/All reviewers/Sept2026_LET Reviewer Files/L. BSED - Culture and Arts Education-/BSED CAEd P2.pdf,The “Ati-atihan” festival is celebrated in:,,,"Kalibo, Aklan",,Bacolod,,Davao,,Batangas,,,,A,"Answer key: Kalibo, Aklan",LET Secondary,Culture and Arts Education,Philippine Festivals,3,No,,0.98,Ready for Upload,Path and PDF header indicate BSED/Secondary Culture and Arts Education major. Correct answer sourced from source PDF answer key.
124,49,5,BSED CAEd P2.pdf,/Users/lyndon/All reviewers/Sept2026_LET Reviewer Files/L. BSED - Culture and Arts Education-/BSED CAEd P2.pdf,“Cultural literacy” means:,,,Understanding and appreciating one’s cultural background,,Knowing foreign languages,,Reading ancient texts,,Performing classical art,,,,A,Answer key: Understanding and appreciating one’s cultural background,LET Secondary,Culture and Arts Education,Culture and Arts Education,3,No,,0.98,Ready for Upload,Path and PDF header indicate BSED/Secondary Culture and Arts Education major. Correct answer sourced from source PDF answer key.
125,50,5,BSED CAEd P2.pdf,/Users/lyndon/All reviewers/Sept2026_LET Reviewer Files/L. BSED - Culture and Arts Education-/BSED CAEd P2.pdf,The “principle of contrast” is used to:,,,Highlight differences between elements,,Equalize design,,Create monotony,,Blur edges,,,,A,Answer key: Highlight differences between elements,LET Secondary,Culture and Arts Education,Culture and Arts Education,3,No,,0.98,Ready for Upload,Path and PDF header indicate BSED/Secondary Culture and Arts Education major. Correct answer sourced from source PDF answer key.
126,1,1,BSED CAEd P3.pdf,/Users/lyndon/All reviewers/Sept2026_LET Reviewer Files/L. BSED - Culture and Arts Education-/BSED CAEd P3.pdf,The primary purpose of arts education is to:,,,Foster creativity and cultural understanding,,Promote memorization of art history,,Focus on technique only,,Encourage competition,,,,A,Answer key: Foster creativity and cultural understanding,LET Secondary,Culture and Arts Education,Arts Education Pedagogy,3,No,,0.98,Ready for Upload,Path and PDF header indicate BSED/Secondary Culture and Arts Education major. Correct answer sourced from source PDF answer key.
127,2,1,BSED CAEd P3.pdf,/Users/lyndon/All reviewers/Sept2026_LET Reviewer Files/L. BSED - Culture and Arts Education-/BSED CAEd P3.pdf,The “principle of unity” in art ensures:,,,All elements work together harmoniously,,Emphasis on one color,,Avoidance of contrast,,Random arrangement,,,,A,Answer key: All elements work together harmoniously,LET Secondary,Culture and Arts Education,Visual Arts and Design Principles,3,No,,0.98,Ready for Upload,Path and PDF header indicate BSED/Secondary Culture and Arts Education major. Correct answer sourced from source PDF answer key.
128,3,1,BSED CAEd P3.pdf,/Users/lyndon/All reviewers/Sept2026_LET Reviewer Files/L. BSED - Culture and Arts Education-/BSED CAEd P3.pdf,The “National Artist Award” is given to:,,,Filipinos who have made outstanding contributions to the arts,,Teachers in science,,Athletes,,Politicians,,,,A,Answer key: Filipinos who have made outstanding contributions to the arts,LET Secondary,Culture and Arts Education,Culture and Arts Education,3,No,,0.98,Ready for Upload,Path and PDF header indicate BSED/Secondary Culture and Arts Education major. Correct answer sourced from source PDF answer key.
129,4,1,BSED CAEd P3.pdf,/Users/lyndon/All reviewers/Sept2026_LET Reviewer Files/L. BSED - Culture and Arts Education-/BSED CAEd P3.pdf,“Guillermo Tolentino” is known for creating:,,,The Oblation sculpture,,The Spoliarium,,The Builders,,The Fisherman,,,,A,Answer key: The Oblation sculpture,LET Secondary,Culture and Arts Education,Culture and Arts Education,3,No,,0.98,Ready for Upload,Path and PDF header indicate BSED/Secondary Culture and Arts Education major. Correct answer sourced from source PDF answer key.
130,5,1,BSED CAEd P3.pdf,/Users/lyndon/All reviewers/Sept2026_LET Reviewer Files/L. BSED - Culture and Arts Education-/BSED CAEd P3.pdf,“Botong Francisco” is regarded as the:,,,Greatest muralist of the Philippines,,Father of modern sculpture,,Abstract expressionist,,Contemporary dancer,,,,A,Answer key: Greatest muralist of the Philippines,LET Secondary,Culture and Arts Education,Culture and Arts Education,3,No,,0.98,Ready for Upload,Path and PDF header indicate BSED/Secondary Culture and Arts Education major. Correct answer sourced from source PDF answer key.
131,6,1,BSED CAEd P3.pdf,/Users/lyndon/All reviewers/Sept2026_LET Reviewer Files/L. BSED - Culture and Arts Education-/BSED CAEd P3.pdf,“Amorsolo’s” paintings are known for:,,,Radiant light and rural life scenes,,Dark abstract shapes,,Western techniques only,,Religious icons,,,,A,Answer key: Radiant light and rural life scenes,LET Secondary,Culture and Arts Education,Visual Arts and Design Principles,3,No,,0.98,Ready for Upload,Path and PDF header indicate BSED/Secondary Culture and Arts Education major. Correct answer sourced from source PDF answer key.
132,7,1,BSED CAEd P3.pdf,/Users/lyndon/All reviewers/Sept2026_LET Reviewer Files/L. BSED - Culture and Arts Education-/BSED CAEd P3.pdf,“Anita Magsaysay-Ho” often portrayed:,,,Women at work in daily Filipino life,,Men in politics,,Western dancers,,Abstract landscapes,,,,A,Answer key: Women at work in daily Filipino life,LET Secondary,Culture and Arts Education,Culture and Arts Education,3,No,,0.98,Ready for Upload,Path and PDF header indicate BSED/Secondary Culture and Arts Education major. Correct answer sourced from source PDF answer key.
133,8,1,BSED CAEd P3.pdf,/Users/lyndon/All reviewers/Sept2026_LET Reviewer Files/L. BSED - Culture and Arts Education-/BSED CAEd P3.pdf,“Jose Joya” introduced:,,,Abstract expressionism in the Philippines,,Neo-classicism,,Realism,,Romanticism,,,,A,Answer key: Abstract expressionism in the Philippines,LET Secondary,Culture and Arts Education,Culture and Arts Education,3,No,,0.98,Ready for Upload,Path and PDF header indicate BSED/Secondary Culture and Arts Education major. Correct answer sourced from source PDF answer key.
134,9,1,BSED CAEd P3.pdf,/Users/lyndon/All reviewers/Sept2026_LET Reviewer Files/L. BSED - Culture and Arts Education-/BSED CAEd P3.pdf,“Napoleon Abueva” is the:,,,Father of modern Philippine sculpture,,Father of folk dance,,Modern printmaker,,Architect of CCP,,,,A,Answer key: Father of modern Philippine sculpture,LET Secondary,Culture and Arts Education,Culture and Arts Education,3,No,,0.98,Ready for Upload,Path and PDF header indicate BSED/Secondary Culture and Arts Education major. Correct answer sourced from source PDF answer key.
135,10,1,BSED CAEd P3.pdf,/Users/lyndon/All reviewers/Sept2026_LET Reviewer Files/L. BSED - Culture and Arts Education-/BSED CAEd P3.pdf,The “Cultural Center of the Philippines (CCP)” was designed by:,,,Leandro Locsin,,Juan Nakpil,,Pablo Antonio,,Ildefonso Santos,,,,A,Answer key: Leandro Locsin,LET Secondary,Culture and Arts Education,Culture and Arts Education,3,No,,0.98,Ready for Upload,Path and PDF header indicate BSED/Secondary Culture and Arts Education major. Correct answer sourced from source PDF answer key.
136,11,1,BSED CAEd P3.pdf,/Users/lyndon/All reviewers/Sept2026_LET Reviewer Files/L. BSED - Culture and Arts Education-/BSED CAEd P3.pdf,“Benedicto Cabrera (BenCab)” is known for:,,,Expressive figurative paintings of Filipina women,,Modern architecture,,Realistic portraits of heroes,,Folk literature,,,,A,Answer key: Expressive figurative paintings of Filipina women,LET Secondary,Culture and Arts Education,Culture and Arts Education,3,No,,0.98,Ready for Upload,Path and PDF header indicate BSED/Secondary Culture and Arts Education major. Correct answer sourced from source PDF answer key.
137,12,2,BSED CAEd P3.pdf,/Users/lyndon/All reviewers/Sept2026_LET Reviewer Files/L. BSED - Culture and Arts Education-/BSED CAEd P3.pdf,The “Philippine High School for the Arts” is located in:,,,"Mount Makiling, Laguna",,Baguio City,,Manila,,Iloilo,,,,A,"Answer key: Mount Makiling, Laguna",LET Secondary,Culture and Arts Education,Culture and Arts Education,3,No,,0.98,Ready for Upload,Path and PDF header indicate BSED/Secondary Culture and Arts Education major. Correct answer sourced from source PDF answer key.
138,13,2,BSED CAEd P3.pdf,/Users/lyndon/All reviewers/Sept2026_LET Reviewer Files/L. BSED - Culture and Arts Education-/BSED CAEd P3.pdf,“Victorio Edades” is recognized as:,,,The Father of Modern Philippine Art,,The first National Artist for Music,,A contemporary sculptor,,A poet,,,,A,Answer key: The Father of Modern Philippine Art,LET Secondary,Culture and Arts Education,Culture and Arts Education,3,No,,0.98,Ready for Upload,Path and PDF header indicate BSED/Secondary Culture and Arts Education major. Correct answer sourced from source PDF answer key.
139,14,2,BSED CAEd P3.pdf,/Users/lyndon/All reviewers/Sept2026_LET Reviewer Files/L. BSED - Culture and Arts Education-/BSED CAEd P3.pdf,"“Luzon, Visayas, and Mindanao” represent:",,,Regional diversity in Philippine arts and culture,,Three art movements,,Art materials,,Dance forms,,,,A,Answer key: Regional diversity in Philippine arts and culture,LET Secondary,Culture and Arts Education,Culture and Arts Education,3,No,,0.98,Ready for Upload,Path and PDF header indicate BSED/Secondary Culture and Arts Education major. Correct answer sourced from source PDF answer key.
140,15,2,BSED CAEd P3.pdf,/Users/lyndon/All reviewers/Sept2026_LET Reviewer Files/L. BSED - Culture and Arts Education-/BSED CAEd P3.pdf,“Carlos ‘Botong’ Francisco’s” murals depict:,,,Philippine history and heritage,,Modern abstract forms,,Mythological creatures,,Industrial scenes,,,,A,Answer key: Philippine history and heritage,LET Secondary,Culture and Arts Education,Culture and Arts Education,3,No,,0.98,Ready for Upload,Path and PDF header indicate BSED/Secondary Culture and Arts Education major. Correct answer sourced from source PDF answer key.
141,16,2,BSED CAEd P3.pdf,/Users/lyndon/All reviewers/Sept2026_LET Reviewer Files/L. BSED - Culture and Arts Education-/BSED CAEd P3.pdf,The “Okir” design is associated with:,,,Maranao and Islamic art,,Ilocano weaving,,Cordilleran tattoos,,Tagalog sculpture,,,,A,Answer key: Maranao and Islamic art,LET Secondary,Culture and Arts Education,Culture and Arts Education,3,No,,0.98,Ready for Upload,Path and PDF header indicate BSED/Secondary Culture and Arts Education major. Correct answer sourced from source PDF answer key.
142,17,2,BSED CAEd P3.pdf,/Users/lyndon/All reviewers/Sept2026_LET Reviewer Files/L. BSED - Culture and Arts Education-/BSED CAEd P3.pdf,“T’nalak” weaving is done by:,,,T’boli women based on their dreams,,Maranao men,,Ilocano artisans,,Tagalog farmers,,,,A,Answer key: T’boli women based on their dreams,LET Secondary,Culture and Arts Education,Culture and Arts Education,3,No,,0.98,Ready for Upload,Path and PDF header indicate BSED/Secondary Culture and Arts Education major. Correct answer sourced from source PDF answer key.
143,18,2,BSED CAEd P3.pdf,/Users/lyndon/All reviewers/Sept2026_LET Reviewer Files/L. BSED - Culture and Arts Education-/BSED CAEd P3.pdf,“Lucresia Kasilag” contributed to:,,,Philippine music and composition,,Visual art,,Sculpture,,Film,,,,A,Answer key: Philippine music and composition,LET Secondary,Culture and Arts Education,Culture and Arts Education,3,No,,0.98,Ready for Upload,Path and PDF header indicate BSED/Secondary Culture and Arts Education major. Correct answer sourced from source PDF answer key.
144,19,2,BSED CAEd P3.pdf,/Users/lyndon/All reviewers/Sept2026_LET Reviewer Files/L. BSED - Culture and Arts Education-/BSED CAEd P3.pdf,“Lino Brocka” is known for his work in:,,,Film and social realism,,Architecture,,Dance,,Poetry,,,,A,Answer key: Film and social realism,LET Secondary,Culture and Arts Education,Culture and Arts Education,3,No,,0.98,Ready for Upload,Path and PDF header indicate BSED/Secondary Culture and Arts Education major. Correct answer sourced from source PDF answer key.
145,20,2,BSED CAEd P3.pdf,/Users/lyndon/All reviewers/Sept2026_LET Reviewer Files/L. BSED - Culture and Arts Education-/BSED CAEd P3.pdf,“Ramon Obusan” is a:,,,Folk dance researcher and choreographer,,Music composer,,Visual artist,,Architect,,,,A,Answer key: Folk dance researcher and choreographer,LET Secondary,Culture and Arts Education,Culture and Arts Education,3,No,,0.98,Ready for Upload,Path and PDF header indicate BSED/Secondary Culture and Arts Education major. Correct answer sourced from source PDF answer key.
146,21,2,BSED CAEd P3.pdf,/Users/lyndon/All reviewers/Sept2026_LET Reviewer Files/L. BSED - Culture and Arts Education-/BSED CAEd P3.pdf,“Ryan Cayabyab” is famous for:,,,Contemporary music and choral compositions,,Dance choreography,,Painting,,Sculpture,,,,A,Answer key: Contemporary music and choral compositions,LET Secondary,Culture and Arts Education,Culture and Arts Education,3,No,,0.98,Ready for Upload,Path and PDF header indicate BSED/Secondary Culture and Arts Education major. Correct answer sourced from source PDF answer key.
147,22,2,BSED CAEd P3.pdf,/Users/lyndon/All reviewers/Sept2026_LET Reviewer Files/L. BSED - Culture and Arts Education-/BSED CAEd P3.pdf,“Alice Reyes” is best known as:,,,Founder of Ballet Philippines,,Folk singer,,Architect,,Painter,,,,A,Answer key: Founder of Ballet Philippines,LET Secondary,Culture and Arts Education,Culture and Arts Education,3,No,,0.98,Ready for Upload,Path and PDF header indicate BSED/Secondary Culture and Arts Education major. Correct answer sourced from source PDF answer key.
148,23,3,BSED CAEd P3.pdf,/Users/lyndon/All reviewers/Sept2026_LET Reviewer Files/L. BSED - Culture and Arts Education-/BSED CAEd P3.pdf,“Fernando Amorsolo’s” art celebrates:,,,Filipino identity and rural beauty,,Urban pollution,,Industrialization,,Abstract minimalism,,,,A,Answer key: Filipino identity and rural beauty,LET Secondary,Culture and Arts Education,Culture and Arts Education,3,No,,0.98,Ready for Upload,Path and PDF header indicate BSED/Secondary Culture and Arts Education major. Correct answer sourced from source PDF answer key.
149,24,3,BSED CAEd P3.pdf,/Users/lyndon/All reviewers/Sept2026_LET Reviewer Files/L. BSED - Culture and Arts Education-/BSED CAEd P3.pdf,“Leandro Locsin” designed buildings that emphasize:,,,Brutalist architecture and Filipino identity,,Colorful folk motifs,,Minimal sculpture,,Italian styles,,,,A,Answer key: Brutalist architecture and Filipino identity,LET Secondary,Culture and Arts Education,Culture and Arts Education,3,No,,0.98,Ready for Upload,Path and PDF header indicate BSED/Secondary Culture and Arts Education major. Correct answer sourced from source PDF answer key.
150,25,3,BSED CAEd P3.pdf,/Users/lyndon/All reviewers/Sept2026_LET Reviewer Files/L. BSED - Culture and Arts Education-/BSED CAEd P3.pdf,“Arturo Luz” is known for:,,,Geometric abstraction,,Baroque painting,,Cubism,,Folk realism,,,,A,Answer key: Geometric abstraction,LET Secondary,Culture and Arts Education,Culture and Arts Education,3,No,,0.98,Ready for Upload,Path and PDF header indicate BSED/Secondary Culture and Arts Education major. Correct answer sourced from source PDF answer key.
151,26,3,BSED CAEd P3.pdf,/Users/lyndon/All reviewers/Sept2026_LET Reviewer Files/L. BSED - Culture and Arts Education-/BSED CAEd P3.pdf,The “principle of proportion” relates to:,,,The size relationship among parts of a composition,,Color blending,,Line rhythm,,Value shading,,,,A,Answer key: The size relationship among parts of a composition,LET Secondary,Culture and Arts Education,Culture and Arts Education,3,No,,0.98,Ready for Upload,Path and PDF header indicate BSED/Secondary Culture and Arts Education major. Correct answer sourced from source PDF answer key.
152,27,3,BSED CAEd P3.pdf,/Users/lyndon/All reviewers/Sept2026_LET Reviewer Files/L. BSED - Culture and Arts Education-/BSED CAEd P3.pdf,The “principle of variety” prevents:,,,Monotony in artworks,,Repetition,,Balance,,Harmony,,,,A,Answer key: Monotony in artworks,LET Secondary,Culture and Arts Education,Visual Arts and Design Principles,3,No,41,0.90,Duplicate,Path and PDF header indicate BSED/Secondary Culture and Arts Education major. Correct answer sourced from source PDF answer key. Duplicate or near-duplicate of row 41.
153,28,3,BSED CAEd P3.pdf,/Users/lyndon/All reviewers/Sept2026_LET Reviewer Files/L. BSED - Culture and Arts Education-/BSED CAEd P3.pdf,The “Hudhud” chants belong to:,,,Ifugao culture,,Tausug culture,,Ilocano heritage,,Kapampangan folklore,,,,A,Answer key: Ifugao culture,LET Secondary,Culture and Arts Education,Indigenous and Regional Arts,3,No,,0.98,Ready for Upload,Path and PDF header indicate BSED/Secondary Culture and Arts Education major. Correct answer sourced from source PDF answer key.
154,29,3,BSED CAEd P3.pdf,/Users/lyndon/All reviewers/Sept2026_LET Reviewer Files/L. BSED - Culture and Arts Education-/BSED CAEd P3.pdf,“Lang Dulay” is a National Living Treasure known for:,,,T’nalak weaving,,Metal sculpture,,Wood carving,,Painting,,,,A,Answer key: T’nalak weaving,LET Secondary,Culture and Arts Education,Culture and Arts Education,3,No,,0.98,Ready for Upload,Path and PDF header indicate BSED/Secondary Culture and Arts Education major. Correct answer sourced from source PDF answer key.
155,30,3,BSED CAEd P3.pdf,/Users/lyndon/All reviewers/Sept2026_LET Reviewer Files/L. BSED - Culture and Arts Education-/BSED CAEd P3.pdf,“Alfonso Ossorio” is associated with:,,,Abstract expressionism,,Minimalism,,Realism,,Classicism,,,,A,Answer key: Abstract expressionism,LET Secondary,Culture and Arts Education,Culture and Arts Education,3,No,,0.98,Ready for Upload,Path and PDF header indicate BSED/Secondary Culture and Arts Education major. Correct answer sourced from source PDF answer key.
156,31,3,BSED CAEd P3.pdf,/Users/lyndon/All reviewers/Sept2026_LET Reviewer Files/L. BSED - Culture and Arts Education-/BSED CAEd P3.pdf,“Francisco Balagtas” is honored for:,,,His epic poetry and literary contribution,,Visual art,,Music,,Sculpture,,,,A,Answer key: His epic poetry and literary contribution,LET Secondary,Culture and Arts Education,Culture and Arts Education,3,No,,0.98,Ready for Upload,Path and PDF header indicate BSED/Secondary Culture and Arts Education major. Correct answer sourced from source PDF answer key.
157,32,3,BSED CAEd P3.pdf,/Users/lyndon/All reviewers/Sept2026_LET Reviewer Files/L. BSED - Culture and Arts Education-/BSED CAEd P3.pdf,The “principle of balance” ensures:,,,Visual equilibrium in a composition,,Uneven repetition,,Total contrast,,Texture emphasis,,,,A,Answer key: Visual equilibrium in a composition,LET Secondary,Culture and Arts Education,Visual Arts and Design Principles,3,No,32,0.90,Duplicate,Path and PDF header indicate BSED/Secondary Culture and Arts Education major. Correct answer sourced from source PDF answer key. Duplicate or near-duplicate of row 32.
158,33,3,BSED CAEd P3.pdf,/Users/lyndon/All reviewers/Sept2026_LET Reviewer Files/L. BSED - Culture and Arts Education-/BSED CAEd P3.pdf,The “principle of emphasis” creates:,,,A focal point that captures attention,,Equal repetition,,Harmony,,Texture contrast,,,,A,Answer key: A focal point that captures attention,LET Secondary,Culture and Arts Education,Visual Arts and Design Principles,3,No,,0.98,Ready for Upload,Path and PDF header indicate BSED/Secondary Culture and Arts Education major. Correct answer sourced from source PDF answer key.
159,34,4,BSED CAEd P3.pdf,/Users/lyndon/All reviewers/Sept2026_LET Reviewer Files/L. BSED - Culture and Arts Education-/BSED CAEd P3.pdf,The “principle of contrast” adds:,,,Visual interest through differences,,Equal colors,,Repetition,,Smoothness,,,,A,Answer key: Visual interest through differences,LET Secondary,Culture and Arts Education,Culture and Arts Education,3,No,,0.98,Ready for Upload,Path and PDF header indicate BSED/Secondary Culture and Arts Education major. Correct answer sourced from source PDF answer key.
160,35,4,BSED CAEd P3.pdf,/Users/lyndon/All reviewers/Sept2026_LET Reviewer Files/L. BSED - Culture and Arts Education-/BSED CAEd P3.pdf,“Cultural mapping” identifies:,,,Tangible and intangible heritage resources in a community,,Land boundaries,,City zones,,Population density,,,,A,Answer key: Tangible and intangible heritage resources in a community,LET Secondary,Culture and Arts Education,Cultural Heritage and Preservation,3,No,49,0.90,Duplicate,Path and PDF header indicate BSED/Secondary Culture and Arts Education major. Correct answer sourced from source PDF answer key. Duplicate or near-duplicate of row 49.
161,36,4,BSED CAEd P3.pdf,/Users/lyndon/All reviewers/Sept2026_LET Reviewer Files/L. BSED - Culture and Arts Education-/BSED CAEd P3.pdf,“Art integration” connects:,,,Art with other subjects to enhance learning,,Art with sports,,Math only,,Language drills,,,,A,Answer key: Art with other subjects to enhance learning,LET Secondary,Culture and Arts Education,Arts Education Pedagogy,3,No,,0.98,Ready for Upload,Path and PDF header indicate BSED/Secondary Culture and Arts Education major. Correct answer sourced from source PDF answer key.
162,37,4,BSED CAEd P3.pdf,/Users/lyndon/All reviewers/Sept2026_LET Reviewer Files/L. BSED - Culture and Arts Education-/BSED CAEd P3.pdf,The “Kundiman” reflects:,,,Filipino love and patriotism,,Celebration,,Political power,,Rural work,,,,A,Answer key: Filipino love and patriotism,LET Secondary,Culture and Arts Education,Culture and Arts Education,3,No,,0.98,Ready for Upload,Path and PDF header indicate BSED/Secondary Culture and Arts Education major. Correct answer sourced from source PDF answer key.
163,38,4,BSED CAEd P3.pdf,/Users/lyndon/All reviewers/Sept2026_LET Reviewer Files/L. BSED - Culture and Arts Education-/BSED CAEd P3.pdf,“Art criticism” helps students to:,,,Evaluate and interpret artworks,,Memorize names,,Copy designs,,Avoid creativity,,,,A,Answer key: Evaluate and interpret artworks,LET Secondary,Culture and Arts Education,Arts Education Pedagogy,3,No,,0.98,Ready for Upload,Path and PDF header indicate BSED/Secondary Culture and Arts Education major. Correct answer sourced from source PDF answer key.
164,39,4,BSED CAEd P3.pdf,/Users/lyndon/All reviewers/Sept2026_LET Reviewer Files/L. BSED - Culture and Arts Education-/BSED CAEd P3.pdf,The “Manunggul Jar” symbolizes:,,,Early belief in life after death,,Political unity,,Commerce,,Myth,,,,A,Answer key: Early belief in life after death,LET Secondary,Culture and Arts Education,Indigenous and Regional Arts,3,No,,0.98,Ready for Upload,Path and PDF header indicate BSED/Secondary Culture and Arts Education major. Correct answer sourced from source PDF answer key.
165,40,4,BSED CAEd P3.pdf,/Users/lyndon/All reviewers/Sept2026_LET Reviewer Files/L. BSED - Culture and Arts Education-/BSED CAEd P3.pdf,The “principle of harmony” ensures:,,,All elements complement each other pleasingly,,Strong contrast,,Sharp conflict,,Unequal balance,,,,A,Answer key: All elements complement each other pleasingly,LET Secondary,Culture and Arts Education,Culture and Arts Education,3,No,,0.98,Ready for Upload,Path and PDF header indicate BSED/Secondary Culture and Arts Education major. Correct answer sourced from source PDF answer key.
166,41,4,BSED CAEd P3.pdf,/Users/lyndon/All reviewers/Sept2026_LET Reviewer Files/L. BSED - Culture and Arts Education-/BSED CAEd P3.pdf,The “Moriones Festival” is celebrated in:,,,Marinduque,,Cebu,,Baguio,,Iloilo,,,,A,Answer key: Marinduque,LET Secondary,Culture and Arts Education,Philippine Festivals,3,No,,0.98,Ready for Upload,Path and PDF header indicate BSED/Secondary Culture and Arts Education major. Correct answer sourced from source PDF answer key.
167,42,4,BSED CAEd P3.pdf,/Users/lyndon/All reviewers/Sept2026_LET Reviewer Files/L. BSED - Culture and Arts Education-/BSED CAEd P3.pdf,“Contemporary art” is defined as:,,,Art created in the present time reflecting current issues,,Ancient art forms,,Religious painting,,Traditional crafts,,,,A,Answer key: Art created in the present time reflecting current issues,LET Secondary,Culture and Arts Education,Contemporary and Digital Arts,3,No,,0.98,Ready for Upload,Path and PDF header indicate BSED/Secondary Culture and Arts Education major. Correct answer sourced from source PDF answer key.
168,43,4,BSED CAEd P3.pdf,/Users/lyndon/All reviewers/Sept2026_LET Reviewer Files/L. BSED - Culture and Arts Education-/BSED CAEd P3.pdf,The “principle of rhythm” in art produces:,,,A sense of movement and flow,,Equal pattern,,Stillness,,Balance,,,,A,Answer key: A sense of movement and flow,LET Secondary,Culture and Arts Education,Visual Arts and Design Principles,3,No,,0.98,Ready for Upload,Path and PDF header indicate BSED/Secondary Culture and Arts Education major. Correct answer sourced from source PDF answer key.
169,44,4,BSED CAEd P3.pdf,/Users/lyndon/All reviewers/Sept2026_LET Reviewer Files/L. BSED - Culture and Arts Education-/BSED CAEd P3.pdf,The “Ifugao Rice Terraces” represent:,,,Harmony of human and environment,,Industrial development,,Modern agriculture,,Western technology,,,,A,Answer key: Harmony of human and environment,LET Secondary,Culture and Arts Education,Indigenous and Regional Arts,3,No,,0.98,Ready for Upload,Path and PDF header indicate BSED/Secondary Culture and Arts Education major. Correct answer sourced from source PDF answer key.
170,45,5,BSED CAEd P3.pdf,/Users/lyndon/All reviewers/Sept2026_LET Reviewer Files/L. BSED - Culture and Arts Education-/BSED CAEd P3.pdf,“STEAM education” combines:,,,"Science, Technology, Engineering, Arts, and Mathematics",,Social Studies and Art only,,English and Arts,,History and Dance,,,,A,"Answer key: Science, Technology, Engineering, Arts, and Mathematics",LET Secondary,Culture and Arts Education,Arts Education Pedagogy,3,No,,0.98,Ready for Upload,Path and PDF header indicate BSED/Secondary Culture and Arts Education major. Correct answer sourced from source PDF answer key.
171,46,5,BSED CAEd P3.pdf,/Users/lyndon/All reviewers/Sept2026_LET Reviewer Files/L. BSED - Culture and Arts Education-/BSED CAEd P3.pdf,"“National Artist for Literature, Nick Joaquin” is known for:",,,Writing about Filipino identity and history,,Music composition,,Painting,,Architecture,,,,A,Answer key: Writing about Filipino identity and history,LET Secondary,Culture and Arts Education,Culture and Arts Education,3,No,,0.98,Ready for Upload,Path and PDF header indicate BSED/Secondary Culture and Arts Education major. Correct answer sourced from source PDF answer key.
172,47,5,BSED CAEd P3.pdf,/Users/lyndon/All reviewers/Sept2026_LET Reviewer Files/L. BSED - Culture and Arts Education-/BSED CAEd P3.pdf,“Cultural heritage preservation” helps:,,,Protect and sustain traditional practices,,Replace old customs,,Focus on technology only,,Ignore indigenous culture,,,,A,Answer key: Protect and sustain traditional practices,LET Secondary,Culture and Arts Education,Cultural Heritage and Preservation,3,No,,0.98,Ready for Upload,Path and PDF header indicate BSED/Secondary Culture and Arts Education major. Correct answer sourced from source PDF answer key.
173,48,5,BSED CAEd P3.pdf,/Users/lyndon/All reviewers/Sept2026_LET Reviewer Files/L. BSED - Culture and Arts Education-/BSED CAEd P3.pdf,“Art pedagogy” encourages:,,,Learning through creative and reflective experiences,,Pure memorization,,Product output only,,Fixed grading,,,,A,Answer key: Learning through creative and reflective experiences,LET Secondary,Culture and Arts Education,Culture and Arts Education,3,No,,0.98,Ready for Upload,Path and PDF header indicate BSED/Secondary Culture and Arts Education major. Correct answer sourced from source PDF answer key.
174,49,5,BSED CAEd P3.pdf,/Users/lyndon/All reviewers/Sept2026_LET Reviewer Files/L. BSED - Culture and Arts Education-/BSED CAEd P3.pdf,The “principle of dominance” provides:,,,Emphasis on the main subject of artwork,,Balance,,Repetition,,Equal tone,,,,A,Answer key: Emphasis on the main subject of artwork,LET Secondary,Culture and Arts Education,Culture and Arts Education,3,No,,0.98,Ready for Upload,Path and PDF header indicate BSED/Secondary Culture and Arts Education major. Correct answer sourced from source PDF answer key.
175,50,5,BSED CAEd P3.pdf,/Users/lyndon/All reviewers/Sept2026_LET Reviewer Files/L. BSED - Culture and Arts Education-/BSED CAEd P3.pdf,“Art education” in the 21st century emphasizes:,,,"Creativity, cultural literacy, and digital integration",,Copying classical art,,Rote memorization,,Exclusive traditionalism,,,,A,"Answer key: Creativity, cultural literacy, and digital integration",LET Secondary,Culture and Arts Education,Arts Education Pedagogy,3,No,,0.98,Ready for Upload,Path and PDF header indicate BSED/Secondary Culture and Arts Education major. Correct answer sourced from source PDF answer key.
176,1,1,BSED CAEd P4.pdf,/Users/lyndon/All reviewers/Sept2026_LET Reviewer Files/L. BSED - Culture and Arts Education-/BSED CAEd P4.pdf,The main goal of culture-based education is to:,,,Promote international art standards,,Connect learning to local culture and identity,,Focus on foreign artists,,Encourage competition among learners,,,,B,Answer key: Connect learning to local culture and identity,LET Secondary,Culture and Arts Education,Arts Education Pedagogy,3,No,,0.98,Ready for Upload,Path and PDF header indicate BSED/Secondary Culture and Arts Education major. Correct answer sourced from source PDF answer key.
177,2,1,BSED CAEd P4.pdf,/Users/lyndon/All reviewers/Sept2026_LET Reviewer Files/L. BSED - Culture and Arts Education-/BSED CAEd P4.pdf,The art element that refers to lightness or darkness of color is:,,,Hue,,Value,,Texture,,Intensity,,,,B,Answer key: Value,LET Secondary,Culture and Arts Education,Visual Arts and Design Principles,3,No,,0.98,Ready for Upload,Path and PDF header indicate BSED/Secondary Culture and Arts Education major. Correct answer sourced from source PDF answer key.
178,3,1,BSED CAEd P4.pdf,/Users/lyndon/All reviewers/Sept2026_LET Reviewer Files/L. BSED - Culture and Arts Education-/BSED CAEd P4.pdf,The Philippine organization that honors outstanding artists through the “Order of National Artists” is the:,,,Department of Education,,National Commission for Culture and the Arts (NCCA),,Cultural Center of the Philippines (CCP),,National Historical Commission,,,,B,Answer key: National Commission for Culture and the Arts (NCCA),LET Secondary,Culture and Arts Education,Culture and Arts Education,3,No,,0.98,Ready for Upload,Path and PDF header indicate BSED/Secondary Culture and Arts Education major. Correct answer sourced from source PDF answer key.
179,4,1,BSED CAEd P4.pdf,/Users/lyndon/All reviewers/Sept2026_LET Reviewer Files/L. BSED - Culture and Arts Education-/BSED CAEd P4.pdf,The “Kalesa” is an example of:,,,Visual art,,Functional art,,Performing art,,Abstract art,,,,B,Answer key: Functional art,LET Secondary,Culture and Arts Education,Culture and Arts Education,3,No,18,0.90,Duplicate,Path and PDF header indicate BSED/Secondary Culture and Arts Education major. Correct answer sourced from source PDF answer key. Duplicate or near-duplicate of row 18.
180,5,1,BSED CAEd P4.pdf,/Users/lyndon/All reviewers/Sept2026_LET Reviewer Files/L. BSED - Culture and Arts Education-/BSED CAEd P4.pdf,The “principle of harmony” in design is achieved when:,,,All parts of an artwork complement each other,,All colors are similar,,There is too much contrast,,The composition looks random,,,,A,Answer key: All parts of an artwork complement each other,LET Secondary,Culture and Arts Education,Culture and Arts Education,3,No,,0.98,Ready for Upload,Path and PDF header indicate BSED/Secondary Culture and Arts Education major. Correct answer sourced from source PDF answer key.
181,6,1,BSED CAEd P4.pdf,/Users/lyndon/All reviewers/Sept2026_LET Reviewer Files/L. BSED - Culture and Arts Education-/BSED CAEd P4.pdf,Which Filipino artist is known for historical murals such as “The Progress of Medicine in the Philippines”?,,,Fernando Amorsolo,,Carlos “Botong” Francisco,,Vicente Manansala,,H.R. Ocampo,,,,B,Answer key: Carlos “Botong” Francisco,LET Secondary,Culture and Arts Education,Culture and Arts Education,3,No,,0.98,Ready for Upload,Path and PDF header indicate BSED/Secondary Culture and Arts Education major. Correct answer sourced from source PDF answer key.
182,7,1,BSED CAEd P4.pdf,/Users/lyndon/All reviewers/Sept2026_LET Reviewer Files/L. BSED - Culture and Arts Education-/BSED CAEd P4.pdf,A classroom that uses songs to teach multiplication demonstrates:,,,Art integration,,Drill method,,Recitation strategy,,Memorization,,,,A,Answer key: Art integration,LET Secondary,Culture and Arts Education,Performing Arts,3,No,,0.98,Ready for Upload,Path and PDF header indicate BSED/Secondary Culture and Arts Education major. Correct answer sourced from source PDF answer key.
183,8,1,BSED CAEd P4.pdf,/Users/lyndon/All reviewers/Sept2026_LET Reviewer Files/L. BSED - Culture and Arts Education-/BSED CAEd P4.pdf,The national dance of the Philippines is:,,,Tinikling,,Cariñosa,,Singkil,,Pandanggo sa Ilaw,,,,A,Answer key: Tinikling,LET Secondary,Culture and Arts Education,Performing Arts,3,No,,0.98,Ready for Upload,Path and PDF header indicate BSED/Secondary Culture and Arts Education major. Correct answer sourced from source PDF answer key.
184,9,1,BSED CAEd P4.pdf,/Users/lyndon/All reviewers/Sept2026_LET Reviewer Files/L. BSED - Culture and Arts Education-/BSED CAEd P4.pdf,The indigenous woven fabric of the Ilocanos is called:,,,Inabel,,Banig,,Malong,,Patadyong,,,,A,Answer key: Inabel,LET Secondary,Culture and Arts Education,Indigenous and Regional Arts,3,No,,0.98,Ready for Upload,Path and PDF header indicate BSED/Secondary Culture and Arts Education major. Correct answer sourced from source PDF answer key.
185,10,1,BSED CAEd P4.pdf,/Users/lyndon/All reviewers/Sept2026_LET Reviewer Files/L. BSED - Culture and Arts Education-/BSED CAEd P4.pdf,A teacher who guides students to express emotions through art focuses on:,,,Affective development,,Cognitive learning,,Motor coordination,,Physical growth,,,,A,Answer key: Affective development,LET Secondary,Culture and Arts Education,Arts Education Pedagogy,3,No,,0.98,Ready for Upload,Path and PDF header indicate BSED/Secondary Culture and Arts Education major. Correct answer sourced from source PDF answer key.
186,11,2,BSED CAEd P4.pdf,/Users/lyndon/All reviewers/Sept2026_LET Reviewer Files/L. BSED - Culture and Arts Education-/BSED CAEd P4.pdf,The “principle of movement” in art creates:,,,The illusion of action and direction,,Stillness in the composition,,Flat design,,Heavy structure,,,,A,Answer key: The illusion of action and direction,LET Secondary,Culture and Arts Education,Visual Arts and Design Principles,3,No,,0.98,Ready for Upload,Path and PDF header indicate BSED/Secondary Culture and Arts Education major. Correct answer sourced from source PDF answer key.
187,12,2,BSED CAEd P4.pdf,/Users/lyndon/All reviewers/Sept2026_LET Reviewer Files/L. BSED - Culture and Arts Education-/BSED CAEd P4.pdf,The “Bahay Kubo” symbolizes which aspect of Filipino culture?,,,Simplicity and community living,,Luxury and wealth,,Foreign architecture,,Industrial design,,,,A,Answer key: Simplicity and community living,LET Secondary,Culture and Arts Education,Culture and Arts Education,3,No,,0.98,Ready for Upload,Path and PDF header indicate BSED/Secondary Culture and Arts Education major. Correct answer sourced from source PDF answer key.
188,13,2,BSED CAEd P4.pdf,/Users/lyndon/All reviewers/Sept2026_LET Reviewer Files/L. BSED - Culture and Arts Education-/BSED CAEd P4.pdf,The “kulintang” ensemble originated from which region?,,,Mindanao,,Luzon,,Visayas,,Palawan,,,,A,Answer key: Mindanao,LET Secondary,Culture and Arts Education,Culture and Arts Education,3,No,,0.98,Ready for Upload,Path and PDF header indicate BSED/Secondary Culture and Arts Education major. Correct answer sourced from source PDF answer key.
189,14,2,BSED CAEd P4.pdf,/Users/lyndon/All reviewers/Sept2026_LET Reviewer Files/L. BSED - Culture and Arts Education-/BSED CAEd P4.pdf,The process of preserving artworks for future generations is called:,,,Conservation,,Reproduction,,Exhibition,,Restoration,,,,A,Answer key: Conservation,LET Secondary,Culture and Arts Education,Culture and Arts Education,3,No,,0.98,Ready for Upload,Path and PDF header indicate BSED/Secondary Culture and Arts Education major. Correct answer sourced from source PDF answer key.
190,15,2,BSED CAEd P4.pdf,/Users/lyndon/All reviewers/Sept2026_LET Reviewer Files/L. BSED - Culture and Arts Education-/BSED CAEd P4.pdf,The art element that defines the boundary or outline of a shape is:,,,Line,,Texture,,Form,,Color,,,,A,Answer key: Line,LET Secondary,Culture and Arts Education,Visual Arts and Design Principles,3,No,,0.98,Ready for Upload,Path and PDF header indicate BSED/Secondary Culture and Arts Education major. Correct answer sourced from source PDF answer key.
191,16,2,BSED CAEd P4.pdf,/Users/lyndon/All reviewers/Sept2026_LET Reviewer Files/L. BSED - Culture and Arts Education-/BSED CAEd P4.pdf,A student performing a modern adaptation of a folk dance applies:,,,Creativity and cultural continuity,,Copying,,Isolation of culture,,Competition,,,,A,Answer key: Creativity and cultural continuity,LET Secondary,Culture and Arts Education,Visual Arts and Design Principles,3,No,,0.98,Ready for Upload,Path and PDF header indicate BSED/Secondary Culture and Arts Education major. Correct answer sourced from source PDF answer key.
192,17,2,BSED CAEd P4.pdf,/Users/lyndon/All reviewers/Sept2026_LET Reviewer Files/L. BSED - Culture and Arts Education-/BSED CAEd P4.pdf,Which principle gives visual dominance to a part of an artwork?,,,Emphasis,,Unity,,Balance,,Proportion,,,,A,Answer key: Emphasis,LET Secondary,Culture and Arts Education,Visual Arts and Design Principles,3,No,,0.98,Ready for Upload,Path and PDF header indicate BSED/Secondary Culture and Arts Education major. Correct answer sourced from source PDF answer key.
193,18,2,BSED CAEd P4.pdf,/Users/lyndon/All reviewers/Sept2026_LET Reviewer Files/L. BSED - Culture and Arts Education-/BSED CAEd P4.pdf,The “Moriones Festival” is held in which province?,,,Marinduque,,Cebu,,Aklan,,Baguio,,,,A,Answer key: Marinduque,LET Secondary,Culture and Arts Education,Philippine Festivals,3,No,,0.98,Ready for Upload,Path and PDF header indicate BSED/Secondary Culture and Arts Education major. Correct answer sourced from source PDF answer key.
194,19,2,BSED CAEd P4.pdf,/Users/lyndon/All reviewers/Sept2026_LET Reviewer Files/L. BSED - Culture and Arts Education-/BSED CAEd P4.pdf,The main medium used in sculpture is:,,,"Wood, clay, or metal",,Paint,,Ink,,Light,,,,A,"Answer key: Wood, clay, or metal",LET Secondary,Culture and Arts Education,Visual Arts and Design Principles,3,No,,0.98,Ready for Upload,Path and PDF header indicate BSED/Secondary Culture and Arts Education major. Correct answer sourced from source PDF answer key.
195,20,2,BSED CAEd P4.pdf,/Users/lyndon/All reviewers/Sept2026_LET Reviewer Files/L. BSED - Culture and Arts Education-/BSED CAEd P4.pdf,The study of symbols and meanings in cultural art is called:,,,Semiotics,,Calligraphy,,Typography,,Iconography,,,,A,Answer key: Semiotics,LET Secondary,Culture and Arts Education,Culture and Arts Education,3,No,,0.98,Ready for Upload,Path and PDF header indicate BSED/Secondary Culture and Arts Education major. Correct answer sourced from source PDF answer key.
196,21,2,BSED CAEd P4.pdf,/Users/lyndon/All reviewers/Sept2026_LET Reviewer Files/L. BSED - Culture and Arts Education-/BSED CAEd P4.pdf,The Philippine “bodabil” was patterned after:,,,Vaudeville,,Ballet,,Opera,,Broadway musicals,,,,A,Answer key: Vaudeville,LET Secondary,Culture and Arts Education,Culture and Arts Education,3,No,,0.98,Ready for Upload,Path and PDF header indicate BSED/Secondary Culture and Arts Education major. Correct answer sourced from source PDF answer key.
197,22,3,BSED CAEd P4.pdf,/Users/lyndon/All reviewers/Sept2026_LET Reviewer Files/L. BSED - Culture and Arts Education-/BSED CAEd P4.pdf,“Color harmony” refers to:,,,Pleasing arrangement of colors,,Use of only one color,,Contrast of tone,,Random selection of hues,,,,A,Answer key: Pleasing arrangement of colors,LET Secondary,Culture and Arts Education,Visual Arts and Design Principles,3,No,,0.98,Ready for Upload,Path and PDF header indicate BSED/Secondary Culture and Arts Education major. Correct answer sourced from source PDF answer key.
198,23,3,BSED CAEd P4.pdf,/Users/lyndon/All reviewers/Sept2026_LET Reviewer Files/L. BSED - Culture and Arts Education-/BSED CAEd P4.pdf,The group of instruments known as “rondalla” uses:,,,Plucked string instruments,,Percussion,,Brass,,Wind,,,,A,Answer key: Plucked string instruments,LET Secondary,Culture and Arts Education,Culture and Arts Education,3,No,,0.98,Ready for Upload,Path and PDF header indicate BSED/Secondary Culture and Arts Education major. Correct answer sourced from source PDF answer key.
199,24,3,BSED CAEd P4.pdf,/Users/lyndon/All reviewers/Sept2026_LET Reviewer Files/L. BSED - Culture and Arts Education-/BSED CAEd P4.pdf,“Texture” in visual arts refers to:,,,The feel or appearance of a surface,,The type of light used,,The size of artwork,,The mood,,,,A,Answer key: The feel or appearance of a surface,LET Secondary,Culture and Arts Education,Visual Arts and Design Principles,3,No,,0.98,Ready for Upload,Path and PDF header indicate BSED/Secondary Culture and Arts Education major. Correct answer sourced from source PDF answer key.
200,25,3,BSED CAEd P4.pdf,/Users/lyndon/All reviewers/Sept2026_LET Reviewer Files/L. BSED - Culture and Arts Education-/BSED CAEd P4.pdf,“Space” in art is used to show:,,,Depth and distance,,Color blending,,Texture contrast,,Rhythm,,,,A,Answer key: Depth and distance,LET Secondary,Culture and Arts Education,Culture and Arts Education,3,No,,0.98,Ready for Upload,Path and PDF header indicate BSED/Secondary Culture and Arts Education major. Correct answer sourced from source PDF answer key.
201,26,3,BSED CAEd P4.pdf,/Users/lyndon/All reviewers/Sept2026_LET Reviewer Files/L. BSED - Culture and Arts Education-/BSED CAEd P4.pdf,The performance of “Hudhud” chants is traditionally done by:,,,Ifugao women,,Tausug men,,Tagalog children,,Aeta elders,,,,A,Answer key: Ifugao women,LET Secondary,Culture and Arts Education,Indigenous and Regional Arts,3,No,,0.98,Ready for Upload,Path and PDF header indicate BSED/Secondary Culture and Arts Education major. Correct answer sourced from source PDF answer key.
202,27,3,BSED CAEd P4.pdf,/Users/lyndon/All reviewers/Sept2026_LET Reviewer Files/L. BSED - Culture and Arts Education-/BSED CAEd P4.pdf,A teacher who integrates indigenous crafts in lessons promotes:,,,Cultural preservation,,Industrialization,,Commercialism,,Minimalism,,,,A,Answer key: Cultural preservation,LET Secondary,Culture and Arts Education,Indigenous and Regional Arts,3,No,,0.98,Ready for Upload,Path and PDF header indicate BSED/Secondary Culture and Arts Education major. Correct answer sourced from source PDF answer key.
203,28,3,BSED CAEd P4.pdf,/Users/lyndon/All reviewers/Sept2026_LET Reviewer Files/L. BSED - Culture and Arts Education-/BSED CAEd P4.pdf,The “Salidummay” song expresses:,,,Cordilleran unity and identity,,Love and longing,,Celebration of war,,Worship of nature,,,,A,Answer key: Cordilleran unity and identity,LET Secondary,Culture and Arts Education,Performing Arts,3,No,,0.98,Ready for Upload,Path and PDF header indicate BSED/Secondary Culture and Arts Education major. Correct answer sourced from source PDF answer key.
204,29,3,BSED CAEd P4.pdf,/Users/lyndon/All reviewers/Sept2026_LET Reviewer Files/L. BSED - Culture and Arts Education-/BSED CAEd P4.pdf,The painting “Spoliarium” shows:,,,The cruelty of colonization and heroism of Filipinos,,Abstract design,,Religious iconography,,Modern art movement,,,,A,Answer key: The cruelty of colonization and heroism of Filipinos,LET Secondary,Culture and Arts Education,Visual Arts and Design Principles,3,No,,0.98,Ready for Upload,Path and PDF header indicate BSED/Secondary Culture and Arts Education major. Correct answer sourced from source PDF answer key.
205,30,3,BSED CAEd P4.pdf,/Users/lyndon/All reviewers/Sept2026_LET Reviewer Files/L. BSED - Culture and Arts Education-/BSED CAEd P4.pdf,The element of dance that deals with timing and speed is:,,,Tempo,,Level,,Direction,,Force,,,,A,Answer key: Tempo,LET Secondary,Culture and Arts Education,Performing Arts,3,No,,0.98,Ready for Upload,Path and PDF header indicate BSED/Secondary Culture and Arts Education major. Correct answer sourced from source PDF answer key.
206,31,3,BSED CAEd P4.pdf,/Users/lyndon/All reviewers/Sept2026_LET Reviewer Files/L. BSED - Culture and Arts Education-/BSED CAEd P4.pdf,The “principle of proportion” refers to:,,,Relationship of sizes among parts of an artwork,,Equal repetition of color,,Balance of shapes only,,Contrast of lines,,,,A,Answer key: Relationship of sizes among parts of an artwork,LET Secondary,Culture and Arts Education,Culture and Arts Education,3,No,,0.98,Ready for Upload,Path and PDF header indicate BSED/Secondary Culture and Arts Education major. Correct answer sourced from source PDF answer key.
207,32,3,BSED CAEd P4.pdf,/Users/lyndon/All reviewers/Sept2026_LET Reviewer Files/L. BSED - Culture and Arts Education-/BSED CAEd P4.pdf,Art that communicates messages or emotions is called:,,,Expressive art,,Decorative art,,Applied art,,Abstract art,,,,A,Answer key: Expressive art,LET Secondary,Culture and Arts Education,Culture and Arts Education,3,No,,0.98,Ready for Upload,Path and PDF header indicate BSED/Secondary Culture and Arts Education major. Correct answer sourced from source PDF answer key.
208,33,4,BSED CAEd P4.pdf,/Users/lyndon/All reviewers/Sept2026_LET Reviewer Files/L. BSED - Culture and Arts Education-/BSED CAEd P4.pdf,“Baybayin” is a form of:,,,Ancient Filipino script,,Traditional song,,Indigenous dance,,Sculpture,,,,A,Answer key: Ancient Filipino script,LET Secondary,Culture and Arts Education,Visual Arts and Design Principles,3,No,,0.98,Ready for Upload,Path and PDF header indicate BSED/Secondary Culture and Arts Education major. Correct answer sourced from source PDF answer key.
209,34,4,BSED CAEd P4.pdf,/Users/lyndon/All reviewers/Sept2026_LET Reviewer Files/L. BSED - Culture and Arts Education-/BSED CAEd P4.pdf,The “Itik-Itik” dance imitates:,,,Duck movements,,Bird flight,,Fish swimming,,Horse gallop,,,,A,Answer key: Duck movements,LET Secondary,Culture and Arts Education,Performing Arts,3,No,,0.98,Ready for Upload,Path and PDF header indicate BSED/Secondary Culture and Arts Education major. Correct answer sourced from source PDF answer key.
210,35,4,BSED CAEd P4.pdf,/Users/lyndon/All reviewers/Sept2026_LET Reviewer Files/L. BSED - Culture and Arts Education-/BSED CAEd P4.pdf,A good art activity for spatial awareness is:,,,Clay modeling,,Singing,,Reading aloud,,Storytelling,,,,A,Answer key: Clay modeling,LET Secondary,Culture and Arts Education,Culture and Arts Education,3,No,,0.98,Ready for Upload,Path and PDF header indicate BSED/Secondary Culture and Arts Education major. Correct answer sourced from source PDF answer key.
211,36,4,BSED CAEd P4.pdf,/Users/lyndon/All reviewers/Sept2026_LET Reviewer Files/L. BSED - Culture and Arts Education-/BSED CAEd P4.pdf,A student analyzing the colors and meaning of a painting practices:,,,Art criticism,,Composition,,Design layout,,Improvisation,,,,A,Answer key: Art criticism,LET Secondary,Culture and Arts Education,Visual Arts and Design Principles,3,No,,0.98,Ready for Upload,Path and PDF header indicate BSED/Secondary Culture and Arts Education major. Correct answer sourced from source PDF answer key.
212,37,4,BSED CAEd P4.pdf,/Users/lyndon/All reviewers/Sept2026_LET Reviewer Files/L. BSED - Culture and Arts Education-/BSED CAEd P4.pdf,“Kundiman” songs express:,,,Love and patriotism,,Anger,,Ritual healing,,Victory,,,,A,Answer key: Love and patriotism,LET Secondary,Culture and Arts Education,Performing Arts,3,No,,0.98,Ready for Upload,Path and PDF header indicate BSED/Secondary Culture and Arts Education major. Correct answer sourced from source PDF answer key.
213,38,4,BSED CAEd P4.pdf,/Users/lyndon/All reviewers/Sept2026_LET Reviewer Files/L. BSED - Culture and Arts Education-/BSED CAEd P4.pdf,The teacher uses artworks of various regions to teach geography. This is:,,,Interdisciplinary learning,,Drill method,,Repetition strategy,,Evaluation,,,,A,Answer key: Interdisciplinary learning,LET Secondary,Culture and Arts Education,Arts Education Pedagogy,3,No,,0.98,Ready for Upload,Path and PDF header indicate BSED/Secondary Culture and Arts Education major. Correct answer sourced from source PDF answer key.
214,39,4,BSED CAEd P4.pdf,/Users/lyndon/All reviewers/Sept2026_LET Reviewer Files/L. BSED - Culture and Arts Education-/BSED CAEd P4.pdf,The principle of “contrast” creates:,,,Visual interest by using opposing elements,,Flatness,,Equal tones,,Similarity,,,,A,Answer key: Visual interest by using opposing elements,LET Secondary,Culture and Arts Education,Culture and Arts Education,3,No,,0.98,Ready for Upload,Path and PDF header indicate BSED/Secondary Culture and Arts Education major. Correct answer sourced from source PDF answer key.
215,40,4,BSED CAEd P4.pdf,/Users/lyndon/All reviewers/Sept2026_LET Reviewer Files/L. BSED - Culture and Arts Education-/BSED CAEd P4.pdf,A “Batik” artist mainly uses:,,,Wax and dye,,Clay,,Charcoal,,Ink,,,,A,Answer key: Wax and dye,LET Secondary,Culture and Arts Education,Culture and Arts Education,3,No,,0.98,Ready for Upload,Path and PDF header indicate BSED/Secondary Culture and Arts Education major. Correct answer sourced from source PDF answer key.
216,41,4,BSED CAEd P4.pdf,/Users/lyndon/All reviewers/Sept2026_LET Reviewer Files/L. BSED - Culture and Arts Education-/BSED CAEd P4.pdf,“Singkil” is a dance inspired by which epic?,,,Darangen,,Hudhud,,Hinilawod,,Biag ni Lam-ang,,,,A,Answer key: Darangen,LET Secondary,Culture and Arts Education,Performing Arts,3,No,,0.98,Ready for Upload,Path and PDF header indicate BSED/Secondary Culture and Arts Education major. Correct answer sourced from source PDF answer key.
217,42,4,BSED CAEd P4.pdf,/Users/lyndon/All reviewers/Sept2026_LET Reviewer Files/L. BSED - Culture and Arts Education-/BSED CAEd P4.pdf,The use of recycled materials in art teaches:,,,Environmental responsibility,,Wasteful habits,,Ignoring sustainability,,Luxury,,,,A,Answer key: Environmental responsibility,LET Secondary,Culture and Arts Education,Culture and Arts Education,3,No,,0.98,Ready for Upload,Path and PDF header indicate BSED/Secondary Culture and Arts Education major. Correct answer sourced from source PDF answer key.
218,43,4,BSED CAEd P4.pdf,/Users/lyndon/All reviewers/Sept2026_LET Reviewer Files/L. BSED - Culture and Arts Education-/BSED CAEd P4.pdf,The modern visual artist known for vibrant abstraction and use of motion in color is:,,,Jose Joya,,Juan Luna,,Botong Francisco,,H.R. Ocampo,,,,A,Answer key: Jose Joya,LET Secondary,Culture and Arts Education,Visual Arts and Design Principles,3,No,,0.98,Ready for Upload,Path and PDF header indicate BSED/Secondary Culture and Arts Education major. Correct answer sourced from source PDF answer key.
219,44,5,BSED CAEd P4.pdf,/Users/lyndon/All reviewers/Sept2026_LET Reviewer Files/L. BSED - Culture and Arts Education-/BSED CAEd P4.pdf,“Okir” designs of the Maranao people are characterized by:,,,"Flowing, curvilinear motifs inspired by nature",,"Angular, sharp lines",,Monochrome colors,,Western realism,,,,A,"Answer key: Flowing, curvilinear motifs inspired by nature",LET Secondary,Culture and Arts Education,Indigenous and Regional Arts,3,No,,0.98,Ready for Upload,Path and PDF header indicate BSED/Secondary Culture and Arts Education major. Correct answer sourced from source PDF answer key.
220,45,5,BSED CAEd P4.pdf,/Users/lyndon/All reviewers/Sept2026_LET Reviewer Files/L. BSED - Culture and Arts Education-/BSED CAEd P4.pdf,“Panagbenga Festival” is celebrated in:,,,Baguio City,,Bacolod City,,Cebu City,,Davao City,,,,A,Answer key: Baguio City,LET Secondary,Culture and Arts Education,Philippine Festivals,3,No,,0.98,Ready for Upload,Path and PDF header indicate BSED/Secondary Culture and Arts Education major. Correct answer sourced from source PDF answer key.
221,46,5,BSED CAEd P4.pdf,/Users/lyndon/All reviewers/Sept2026_LET Reviewer Files/L. BSED - Culture and Arts Education-/BSED CAEd P4.pdf,The “principle of rhythm” in music refers to:,,,Patterns of beats and pauses,,Volume intensity,,Tone color,,Melody,,,,A,Answer key: Patterns of beats and pauses,LET Secondary,Culture and Arts Education,Visual Arts and Design Principles,3,No,,0.98,Ready for Upload,Path and PDF header indicate BSED/Secondary Culture and Arts Education major. Correct answer sourced from source PDF answer key.
222,47,5,BSED CAEd P4.pdf,/Users/lyndon/All reviewers/Sept2026_LET Reviewer Files/L. BSED - Culture and Arts Education-/BSED CAEd P4.pdf,The “principle of balance” can be achieved by:,,,Symmetrical or asymmetrical arrangement of elements,,Random spacing,,One-sided design,,Repetition only,,,,A,Answer key: Symmetrical or asymmetrical arrangement of elements,LET Secondary,Culture and Arts Education,Visual Arts and Design Principles,3,No,,0.98,Ready for Upload,Path and PDF header indicate BSED/Secondary Culture and Arts Education major. Correct answer sourced from source PDF answer key.
223,48,5,BSED CAEd P4.pdf,/Users/lyndon/All reviewers/Sept2026_LET Reviewer Files/L. BSED - Culture and Arts Education-/BSED CAEd P4.pdf,The Filipino term for collaborative community spirit often portrayed in art is:,,,Bayanihan,,Katipunan,,Malasakit,,Pakikipagkapwa,,,,A,Answer key: Bayanihan,LET Secondary,Culture and Arts Education,Visual Arts and Design Principles,3,No,,0.98,Ready for Upload,Path and PDF header indicate BSED/Secondary Culture and Arts Education major. Correct answer sourced from source PDF answer key.
224,49,5,BSED CAEd P4.pdf,/Users/lyndon/All reviewers/Sept2026_LET Reviewer Files/L. BSED - Culture and Arts Education-/BSED CAEd P4.pdf,The “Banig” weaving of Samar represents:,,,Practical art with cultural identity,,Imported textile design,,Western fashion,,Industrial production,,,,A,Answer key: Practical art with cultural identity,LET Secondary,Culture and Arts Education,Culture and Arts Education,3,No,,0.98,Ready for Upload,Path and PDF header indicate BSED/Secondary Culture and Arts Education major. Correct answer sourced from source PDF answer key.
225,50,5,BSED CAEd P4.pdf,/Users/lyndon/All reviewers/Sept2026_LET Reviewer Files/L. BSED - Culture and Arts Education-/BSED CAEd P4.pdf,The “principle of unity” in composition ensures:,,,Cohesion among all parts of an artwork,,Excessive contrast,,Disorganization,,Uneven layout,,,,A,Answer key: Cohesion among all parts of an artwork,LET Secondary,Culture and Arts Education,Visual Arts and Design Principles,3,No,,0.98,Ready for Upload,Path and PDF header indicate BSED/Secondary Culture and Arts Education major. Correct answer sourced from source PDF answer key.
226,1,1,BSED CAEd P5.pdf,/Users/lyndon/All reviewers/Sept2026_LET Reviewer Files/L. BSED - Culture and Arts Education-/BSED CAEd P5.pdf,Which Philippine law recognizes the right of the state to promote culture and the arts?,,,RA 7798,,RA 10533,,RA 7696,,RA 7277,,,,A,Answer key: A,LET Secondary,Culture and Arts Education,Culture and Arts Education,3,No,,0.98,Ready for Upload,Path and PDF header indicate BSED/Secondary Culture and Arts Education major. Correct answer sourced from source PDF answer key.
227,2,1,BSED CAEd P5.pdf,/Users/lyndon/All reviewers/Sept2026_LET Reviewer Files/L. BSED - Culture and Arts Education-/BSED CAEd P5.pdf,The Philippine national anthem “Lupang Hinirang” reflects which form of cultural expression?,,,Visual arts,,Musical arts,,Literary arts,,Theater arts,,,,B,Answer key: B,LET Secondary,Culture and Arts Education,Visual Arts and Design Principles,3,No,,0.98,Ready for Upload,Path and PDF header indicate BSED/Secondary Culture and Arts Education major. Correct answer sourced from source PDF answer key.
228,3,1,BSED CAEd P5.pdf,/Users/lyndon/All reviewers/Sept2026_LET Reviewer Files/L. BSED - Culture and Arts Education-/BSED CAEd P5.pdf,"In indigenous Philippine culture, the weaving of mats and textiles reflects:",,,Technology only,,Performing arts,,Traditional craftsmanship and cultural identity,,Modern industrial design,,,,C,Answer key: C,LET Secondary,Culture and Arts Education,Indigenous and Regional Arts,3,No,,0.98,Ready for Upload,Path and PDF header indicate BSED/Secondary Culture and Arts Education major. Correct answer sourced from source PDF answer key.
229,4,1,BSED CAEd P5.pdf,/Users/lyndon/All reviewers/Sept2026_LET Reviewer Files/L. BSED - Culture and Arts Education-/BSED CAEd P5.pdf,"Which body is primarily mandated to preserve, develop and promote Philippine culture and arts?",,,DepEd,,TESDA,,National Commission for Culture and the Arts (NCCA),,CHED,,,,C,Answer key: C,LET Secondary,Culture and Arts Education,Culture and Arts Education,3,No,,0.98,Ready for Upload,Path and PDF header indicate BSED/Secondary Culture and Arts Education major. Correct answer sourced from source PDF answer key.
230,5,1,BSED CAEd P5.pdf,/Users/lyndon/All reviewers/Sept2026_LET Reviewer Files/L. BSED - Culture and Arts Education-/BSED CAEd P5.pdf,"In visual arts education, the “elements of art” include all EXCEPT:",,,Line,,Form,,Texture,,Subjective feeling,,,,D,Answer key: D,LET Secondary,Culture and Arts Education,Visual Arts and Design Principles,3,No,,0.98,Ready for Upload,Path and PDF header indicate BSED/Secondary Culture and Arts Education major. Correct answer sourced from source PDF answer key.
231,6,1,BSED CAEd P5.pdf,/Users/lyndon/All reviewers/Sept2026_LET Reviewer Files/L. BSED - Culture and Arts Education-/BSED CAEd P5.pdf,A teacher uses a folk dance from the Philippines to teach cultural heritage. This is an example of:,,,Literary arts,,Performing arts,,Visual arts,,Digital arts,,,,B,Answer key: B,LET Secondary,Culture and Arts Education,Cultural Heritage and Preservation,3,No,,0.98,Ready for Upload,Path and PDF header indicate BSED/Secondary Culture and Arts Education major. Correct answer sourced from source PDF answer key.
232,7,1,BSED CAEd P5.pdf,/Users/lyndon/All reviewers/Sept2026_LET Reviewer Files/L. BSED - Culture and Arts Education-/BSED CAEd P5.pdf,The K–12 curriculum of the Philippines includes Culture and Arts as a learning area under:,,,English,,"Music, Arts, and Physical Education (MAPEH) / Culture & Arts",,Technology & Livelihood Education,,Home Economics,,,,B,Answer key: B,LET Secondary,Culture and Arts Education,Arts Education Pedagogy,3,No,,0.98,Ready for Upload,Path and PDF header indicate BSED/Secondary Culture and Arts Education major. Correct answer sourced from source PDF answer key.
233,8,1,BSED CAEd P5.pdf,/Users/lyndon/All reviewers/Sept2026_LET Reviewer Files/L. BSED - Culture and Arts Education-/BSED CAEd P5.pdf,Which of the following best describes “cultural immersion” in arts education?,,,Learning only through textbooks,,Experiencing and participating in cultural-arts practices in real contexts,,Watching videos only,,Memorizing definitions,,,,B,Answer key: B,LET Secondary,Culture and Arts Education,Arts Education Pedagogy,3,No,,0.98,Ready for Upload,Path and PDF header indicate BSED/Secondary Culture and Arts Education major. Correct answer sourced from source PDF answer key.
234,9,1,BSED CAEd P5.pdf,/Users/lyndon/All reviewers/Sept2026_LET Reviewer Files/L. BSED - Culture and Arts Education-/BSED CAEd P5.pdf,"The study of folklore, myths and legends in the Philippines falls under:",,,Literature only,,Visual Arts theory,,Cultural and arts education (heritage arts),,Mathematics in arts,,,,C,Answer key: C,LET Secondary,Culture and Arts Education,Culture and Arts Education,3,No,,0.98,Ready for Upload,Path and PDF header indicate BSED/Secondary Culture and Arts Education major. Correct answer sourced from source PDF answer key.
235,10,1,BSED CAEd P5.pdf,/Users/lyndon/All reviewers/Sept2026_LET Reviewer Files/L. BSED - Culture and Arts Education-/BSED CAEd P5.pdf,"When teaching arts in a culturally responsive way, a teacher should:",,,Use only Western art standards,,Ignore students’ cultural backgrounds,,Integrate students’ cultural backgrounds and traditions into lessons,,Focus solely on modern art,,,,C,Answer key: C,LET Secondary,Culture and Arts Education,Arts Education Pedagogy,3,No,,0.98,Ready for Upload,Path and PDF header indicate BSED/Secondary Culture and Arts Education major. Correct answer sourced from source PDF answer key.
236,11,1,BSED CAEd P5.pdf,/Users/lyndon/All reviewers/Sept2026_LET Reviewer Files/L. BSED - Culture and Arts Education-/BSED CAEd P5.pdf,One of the objectives of Culture and Arts Education is to:,,,Develop competitive sports only,,Cultivate appreciation of artistic and cultural heritage,,Replace all traditional arts with digital arts,,Emphasize memorization of facts,,,,B,Answer key: B,LET Secondary,Culture and Arts Education,Arts Education Pedagogy,3,No,,0.98,Ready for Upload,Path and PDF header indicate BSED/Secondary Culture and Arts Education major. Correct answer sourced from source PDF answer key.
237,12,2,BSED CAEd P5.pdf,/Users/lyndon/All reviewers/Sept2026_LET Reviewer Files/L. BSED - Culture and Arts Education-/BSED CAEd P5.pdf,"In art history within the Philippine context, the term “Masterworks” refers to:",,,Only foreign art pieces,,Significant works created by Filipino artists of enduring value,,Classroom sketches only,,Student artwork only,,,,B,Answer key: B,LET Secondary,Culture and Arts Education,Art Appreciation and Criticism,3,No,,0.98,Ready for Upload,Path and PDF header indicate BSED/Secondary Culture and Arts Education major. Correct answer sourced from source PDF answer key.
238,13,2,BSED CAEd P5.pdf,/Users/lyndon/All reviewers/Sept2026_LET Reviewer Files/L. BSED - Culture and Arts Education-/BSED CAEd P5.pdf,A Philippine folk instrument such as the “kulintang” is classified in which arts domain?,,,Visual arts,,Dance arts,,Music arts,,Drama arts,,,,C,Answer key: C,LET Secondary,Culture and Arts Education,Culture and Arts Education,3,No,,0.98,Ready for Upload,Path and PDF header indicate BSED/Secondary Culture and Arts Education major. Correct answer sourced from source PDF answer key.
239,14,2,BSED CAEd P5.pdf,/Users/lyndon/All reviewers/Sept2026_LET Reviewer Files/L. BSED - Culture and Arts Education-/BSED CAEd P5.pdf,"When students create their own sculpture inspired by Philippine traditional motifs, this activity promotes:",,,Passive viewing,,Artistic production and cultural connection,,Copying textbook images,,Only digital design,,,,B,Answer key: B,LET Secondary,Culture and Arts Education,Visual Arts and Design Principles,3,No,,0.98,Ready for Upload,Path and PDF header indicate BSED/Secondary Culture and Arts Education major. Correct answer sourced from source PDF answer key.
240,15,2,BSED CAEd P5.pdf,/Users/lyndon/All reviewers/Sept2026_LET Reviewer Files/L. BSED - Culture and Arts Education-/BSED CAEd P5.pdf,The educational use of “critique” in arts means:,,,Relying solely on teacher’s judgment,,"Encouraging dialogue, reflection, and reasoned evaluation of artworks",,Providing no discussion,,Punishing mistakes,,,,B,Answer key: B,LET Secondary,Culture and Arts Education,Arts Education Pedagogy,3,No,,0.98,Ready for Upload,Path and PDF header indicate BSED/Secondary Culture and Arts Education major. Correct answer sourced from source PDF answer key.
241,16,2,BSED CAEd P5.pdf,/Users/lyndon/All reviewers/Sept2026_LET Reviewer Files/L. BSED - Culture and Arts Education-/BSED CAEd P5.pdf,Which concept in art refers to how parts relate to each other and to the whole?,,,Colour,,Balance,,Texture,,Hue,,,,B,Answer key: B,LET Secondary,Culture and Arts Education,Culture and Arts Education,3,No,,0.98,Ready for Upload,Path and PDF header indicate BSED/Secondary Culture and Arts Education major. Correct answer sourced from source PDF answer key.
242,17,2,BSED CAEd P5.pdf,/Users/lyndon/All reviewers/Sept2026_LET Reviewer Files/L. BSED - Culture and Arts Education-/BSED CAEd P5.pdf,"In dance education, “choreography” refers to:",,,Costume design,,Movement sequence and arrangement,,Music composition,,Theater lighting,,,,B,Answer key: B,LET Secondary,Culture and Arts Education,Performing Arts,3,No,,0.98,Ready for Upload,Path and PDF header indicate BSED/Secondary Culture and Arts Education major. Correct answer sourced from source PDF answer key.
243,18,2,BSED CAEd P5.pdf,/Users/lyndon/All reviewers/Sept2026_LET Reviewer Files/L. BSED - Culture and Arts Education-/BSED CAEd P5.pdf,Encouraging students to express their cultural identity through art helps them to:,,,Reject tradition,,Develop cultural self-awareness and identity,,Focus only on foreign styles,,Avoid collaboration,,,,B,Answer key: B,LET Secondary,Culture and Arts Education,Arts Education Pedagogy,3,No,,0.98,Ready for Upload,Path and PDF header indicate BSED/Secondary Culture and Arts Education major. Correct answer sourced from source PDF answer key.
244,19,2,BSED CAEd P5.pdf,/Users/lyndon/All reviewers/Sept2026_LET Reviewer Files/L. BSED - Culture and Arts Education-/BSED CAEd P5.pdf,"In teaching music, “pitch” means:",,,Duration of sound,,Volume of sound,,Highness or lowness of sound,,Texture of sound,,,,C,Answer key: C,LET Secondary,Culture and Arts Education,Performing Arts,3,No,,0.98,Ready for Upload,Path and PDF header indicate BSED/Secondary Culture and Arts Education major. Correct answer sourced from source PDF answer key.
245,20,2,BSED CAEd P5.pdf,/Users/lyndon/All reviewers/Sept2026_LET Reviewer Files/L. BSED - Culture and Arts Education-/BSED CAEd P5.pdf,"When a teacher plans an arts lesson that examines how globalization affects indigenous arts, this is an example of:",,,Local-only focus,,Global disengagement,,Critical cultural education and global perspective,,Solely performance skill,,,,C,Answer key: C,LET Secondary,Culture and Arts Education,Indigenous and Regional Arts,3,No,,0.98,Ready for Upload,Path and PDF header indicate BSED/Secondary Culture and Arts Education major. Correct answer sourced from source PDF answer key.
246,21,2,BSED CAEd P5.pdf,/Users/lyndon/All reviewers/Sept2026_LET Reviewer Files/L. BSED - Culture and Arts Education-/BSED CAEd P5.pdf,"In the visual arts, the term “perspective” most often refers to:",,,Sound direction,,Spatial depth and viewpoint in an artwork,,Color harmony,,Texture gradient,,,,B,Answer key: B,LET Secondary,Culture and Arts Education,Visual Arts and Design Principles,3,No,,0.98,Ready for Upload,Path and PDF header indicate BSED/Secondary Culture and Arts Education major. Correct answer sourced from source PDF answer key.
247,22,2,BSED CAEd P5.pdf,/Users/lyndon/All reviewers/Sept2026_LET Reviewer Files/L. BSED - Culture and Arts Education-/BSED CAEd P5.pdf,The integration of culture and arts across subject areas means that:,,,Arts stays separate from other subjects,,Culture & Arts is irrelevant in other disciplines,,Other subjects draw on culture & arts to deepen learning,,Students don’t need arts,,,,C,Answer key: C,LET Secondary,Culture and Arts Education,Culture and Arts Education,3,No,,0.98,Ready for Upload,Path and PDF header indicate BSED/Secondary Culture and Arts Education major. Correct answer sourced from source PDF answer key.
248,23,3,BSED CAEd P5.pdf,/Users/lyndon/All reviewers/Sept2026_LET Reviewer Files/L. BSED - Culture and Arts Education-/BSED CAEd P5.pdf,"When children learn to play the Philippine folk game “patintero,” this involves:",,,Only math skills,,Physical education and cultural heritage,,Visual arts only,,Music theory only,,,,B,Answer key: B,LET Secondary,Culture and Arts Education,Culture and Arts Education,3,No,,0.98,Ready for Upload,Path and PDF header indicate BSED/Secondary Culture and Arts Education major. Correct answer sourced from source PDF answer key.
249,24,3,BSED CAEd P5.pdf,/Users/lyndon/All reviewers/Sept2026_LET Reviewer Files/L. BSED - Culture and Arts Education-/BSED CAEd P5.pdf,Which of the following is a key benefit of having students engage in arts creation and performance?,,,Sole dependence on rote learning,,"Enhanced creativity, self-expression and cultural awareness",,Only memorizing facts,,Avoiding peer collaboration,,,,B,Answer key: B,LET Secondary,Culture and Arts Education,Visual Arts and Design Principles,3,No,,0.98,Ready for Upload,Path and PDF header indicate BSED/Secondary Culture and Arts Education major. Correct answer sourced from source PDF answer key.
250,25,3,BSED CAEd P5.pdf,/Users/lyndon/All reviewers/Sept2026_LET Reviewer Files/L. BSED - Culture and Arts Education-/BSED CAEd P5.pdf,"In culture and arts assessment, a teacher should use:",,,Only multiple-choice tests,,"Performance tasks, portfolios, and reflections",,No assessment at all,,Only grading by time limit,,,,B,Answer key: B,LET Secondary,Culture and Arts Education,Arts Education Pedagogy,3,No,,0.98,Ready for Upload,Path and PDF header indicate BSED/Secondary Culture and Arts Education major. Correct answer sourced from source PDF answer key.
251,26,3,BSED CAEd P5.pdf,/Users/lyndon/All reviewers/Sept2026_LET Reviewer Files/L. BSED - Culture and Arts Education-/BSED CAEd P5.pdf,A visual arts lesson aligned with the K–12 curriculum uses a rubric to assess student artwork. This is an example of:,,,Unstructured assessment,,Authentic assessment in arts education,,Only verbal testing,,Standardized exam only,,,,B,Answer key: B,LET Secondary,Culture and Arts Education,Visual Arts and Design Principles,3,No,,0.98,Ready for Upload,Path and PDF header indicate BSED/Secondary Culture and Arts Education major. Correct answer sourced from source PDF answer key.
252,27,3,BSED CAEd P5.pdf,/Users/lyndon/All reviewers/Sept2026_LET Reviewer Files/L. BSED - Culture and Arts Education-/BSED CAEd P5.pdf,Which of the following statements regarding Philippine indigenous crafts is correct?,,,They are irrelevant today,,They reflect continuity of cultural traditions and adaptation,,"They must only be studied, not practiced",,They come only from one region,,,,B,Answer key: B,LET Secondary,Culture and Arts Education,Indigenous and Regional Arts,3,No,,0.98,Ready for Upload,Path and PDF header indicate BSED/Secondary Culture and Arts Education major. Correct answer sourced from source PDF answer key.
253,28,3,BSED CAEd P5.pdf,/Users/lyndon/All reviewers/Sept2026_LET Reviewer Files/L. BSED - Culture and Arts Education-/BSED CAEd P5.pdf,A teacher incorporates a field trip to a local artisan workshop in the culture and arts class. This teaching strategy emphasizes:,,,Classroom‐only instruction,,Experiential learning in cultural context,,Strict textbook learning,,Online simulation only,,,,B,Answer key: B,LET Secondary,Culture and Arts Education,Arts Education Pedagogy,3,No,,0.98,Ready for Upload,Path and PDF header indicate BSED/Secondary Culture and Arts Education major. Correct answer sourced from source PDF answer key.
254,29,3,BSED CAEd P5.pdf,/Users/lyndon/All reviewers/Sept2026_LET Reviewer Files/L. BSED - Culture and Arts Education-/BSED CAEd P5.pdf,The “principle of unity” in art means:,,,Chaos and fragmentation,,All elements work together to produce harmony and coherence,,Only one color dominates,,Every element stands alone,,,,B,Answer key: B,LET Secondary,Culture and Arts Education,Visual Arts and Design Principles,3,No,,0.98,Ready for Upload,Path and PDF header indicate BSED/Secondary Culture and Arts Education major. Correct answer sourced from source PDF answer key.
255,30,3,BSED CAEd P5.pdf,/Users/lyndon/All reviewers/Sept2026_LET Reviewer Files/L. BSED - Culture and Arts Education-/BSED CAEd P5.pdf,"In music education, “tempo” refers to:",,,Tone,,"Slow, moderate or fast speed of a piece",,Pitch,,Dynamics,,,,B,Answer key: B,LET Secondary,Culture and Arts Education,Performing Arts,3,No,,0.98,Ready for Upload,Path and PDF header indicate BSED/Secondary Culture and Arts Education major. Correct answer sourced from source PDF answer key.
256,31,3,BSED CAEd P5.pdf,/Users/lyndon/All reviewers/Sept2026_LET Reviewer Files/L. BSED - Culture and Arts Education-/BSED CAEd P5.pdf,"When assessing a student’s cultural-arts project, the teacher asks the student to reflect on how the project connects to their community. This assessment approach promotes:",,,Only factual recall,,Contextualized and reflective learning in arts,,Speed over depth,,Quantity over quality,,,,B,Answer key: B,LET Secondary,Culture and Arts Education,Visual Arts and Design Principles,3,No,,0.98,Ready for Upload,Path and PDF header indicate BSED/Secondary Culture and Arts Education major. Correct answer sourced from source PDF answer key.
257,32,3,BSED CAEd P5.pdf,/Users/lyndon/All reviewers/Sept2026_LET Reviewer Files/L. BSED - Culture and Arts Education-/BSED CAEd P5.pdf,"Using non-traditional materials (e.g., indigenous fibers, recycled items) in art projects fosters:",,,Wasteful practices,,Innovation grounded in culture and sustainability,,Copying only,,Exclusive digital design,,,,B,Answer key: B,LET Secondary,Culture and Arts Education,Indigenous and Regional Arts,3,No,,0.98,Ready for Upload,Path and PDF header indicate BSED/Secondary Culture and Arts Education major. Correct answer sourced from source PDF answer key.
258,33,4,BSED CAEd P5.pdf,/Users/lyndon/All reviewers/Sept2026_LET Reviewer Files/L. BSED - Culture and Arts Education-/BSED CAEd P5.pdf,Which of the following is a principle of dance composition?,,,Only speed matters,,"Rhythm, space, tempo and energy",,Costume only,,Music only,,,,B,Answer key: B,LET Secondary,Culture and Arts Education,Performing Arts,3,No,,0.98,Ready for Upload,Path and PDF header indicate BSED/Secondary Culture and Arts Education major. Correct answer sourced from source PDF answer key.
259,34,4,BSED CAEd P5.pdf,/Users/lyndon/All reviewers/Sept2026_LET Reviewer Files/L. BSED - Culture and Arts Education-/BSED CAEd P5.pdf,A teacher designs a music lesson comparing folk songs of Mindanao and the Cordilleras to explore regional diversity. This supports:,,,Cultural homogeneity,,Ignoring regional arts,,Cultural awareness and diversity in arts education,,Only Western music,,,,C,Answer key: C,LET Secondary,Culture and Arts Education,Performing Arts,3,No,,0.98,Ready for Upload,Path and PDF header indicate BSED/Secondary Culture and Arts Education major. Correct answer sourced from source PDF answer key.
260,35,4,BSED CAEd P5.pdf,/Users/lyndon/All reviewers/Sept2026_LET Reviewer Files/L. BSED - Culture and Arts Education-/BSED CAEd P5.pdf,Which statement reflects the concept of “cultural heritage” in the arts?,,,Artifacts and traditions pass from previous generations and form identity,,Only new trendy art matters,,Cultural heritage must be replaced,,Only digital arts count,,,,A,Answer key: A,LET Secondary,Culture and Arts Education,Cultural Heritage and Preservation,3,No,,0.98,Ready for Upload,Path and PDF header indicate BSED/Secondary Culture and Arts Education major. Correct answer sourced from source PDF answer key.
261,36,4,BSED CAEd P5.pdf,/Users/lyndon/All reviewers/Sept2026_LET Reviewer Files/L. BSED - Culture and Arts Education-/BSED CAEd P5.pdf,"When students perform a riddle or salawikain (proverb) dramatization, the teacher is integrating:",,,Only verbal skills,,Cultural language and performing arts,,Math and science only,,Physical education only,,,,B,Answer key: B,LET Secondary,Culture and Arts Education,Visual Arts and Design Principles,3,No,,0.98,Ready for Upload,Path and PDF header indicate BSED/Secondary Culture and Arts Education major. Correct answer sourced from source PDF answer key.
262,37,4,BSED CAEd P5.pdf,/Users/lyndon/All reviewers/Sept2026_LET Reviewer Files/L. BSED - Culture and Arts Education-/BSED CAEd P5.pdf,"In art evaluation, “criteria of success” may include:",,,Quantity of work only,,"Creativity, concept, craftsmanship and cultural relevance",,Speed of production,,Colorfulness only,,,,B,Answer key: B,LET Secondary,Culture and Arts Education,Culture and Arts Education,3,No,,0.98,Ready for Upload,Path and PDF header indicate BSED/Secondary Culture and Arts Education major. Correct answer sourced from source PDF answer key.
263,38,4,BSED CAEd P5.pdf,/Users/lyndon/All reviewers/Sept2026_LET Reviewer Files/L. BSED - Culture and Arts Education-/BSED CAEd P5.pdf,The use of audience feedback in performance arts instruction helps learners to:,,,Focus only on grades,,"Develop awareness of audience, refine work and engage in self-critique",,Avoid peer evaluation,,Ignore cultural context,,,,B,Answer key: B,LET Secondary,Culture and Arts Education,Visual Arts and Design Principles,3,No,,0.98,Ready for Upload,Path and PDF header indicate BSED/Secondary Culture and Arts Education major. Correct answer sourced from source PDF answer key.
264,39,4,BSED CAEd P5.pdf,/Users/lyndon/All reviewers/Sept2026_LET Reviewer Files/L. BSED - Culture and Arts Education-/BSED CAEd P5.pdf,A curriculum that enables students to connect local art forms to global trends helps them to:,,,Disregard local traditions,,Develop cultural competence and global awareness,,Refuse modern influences,,Avoid experimentation,,,,B,Answer key: B,LET Secondary,Culture and Arts Education,Visual Arts and Design Principles,3,No,,0.98,Ready for Upload,Path and PDF header indicate BSED/Secondary Culture and Arts Education major. Correct answer sourced from source PDF answer key.
265,40,4,BSED CAEd P5.pdf,/Users/lyndon/All reviewers/Sept2026_LET Reviewer Files/L. BSED - Culture and Arts Education-/BSED CAEd P5.pdf,"In theater/drama arts, the term “improvisation” refers to:",,,Script-only performance,,Spontaneous creation of dialogue or movement,,Memorized speech only,,Static tableau,,,,B,Answer key: B,LET Secondary,Culture and Arts Education,Performing Arts,3,No,,0.98,Ready for Upload,Path and PDF header indicate BSED/Secondary Culture and Arts Education major. Correct answer sourced from source PDF answer key.
266,41,4,BSED CAEd P5.pdf,/Users/lyndon/All reviewers/Sept2026_LET Reviewer Files/L. BSED - Culture and Arts Education-/BSED CAEd P5.pdf,A teacher planning arts instruction should consider the “zone of proximal development” because:,,,It is unrelated to arts,,It helps scaffold student learning through just-right support,,It only applies to math,,It replaces all assessment,,,,B,Answer key: B,LET Secondary,Culture and Arts Education,Arts Education Pedagogy,3,No,,0.98,Ready for Upload,Path and PDF header indicate BSED/Secondary Culture and Arts Education major. Correct answer sourced from source PDF answer key.
267,42,4,BSED CAEd P5.pdf,/Users/lyndon/All reviewers/Sept2026_LET Reviewer Files/L. BSED - Culture and Arts Education-/BSED CAEd P5.pdf,Which of the following best describes cultural appropriation versus cultural appreciation in arts education?,,,Copy traditions without understanding,,"Understand, respect, and use cultural forms ethically",,Ignore culture entirely,,Use only popular culture,,,,B,Answer key: B,LET Secondary,Culture and Arts Education,Arts Education Pedagogy,3,No,,0.98,Ready for Upload,Path and PDF header indicate BSED/Secondary Culture and Arts Education major. Correct answer sourced from source PDF answer key.
268,43,4,BSED CAEd P5.pdf,/Users/lyndon/All reviewers/Sept2026_LET Reviewer Files/L. BSED - Culture and Arts Education-/BSED CAEd P5.pdf,"In an inclusive arts classroom, the teacher accommodates learners with disabilities by:",,,Excluding them from performance,,Providing adapted instruments or materials,,Forcing them to comply with standard equipment only,,Penalizing slower learners,,,,B,Answer key: B,LET Secondary,Culture and Arts Education,Arts Education Pedagogy,3,No,,0.98,Ready for Upload,Path and PDF header indicate BSED/Secondary Culture and Arts Education major. Correct answer sourced from source PDF answer key.
269,44,5,BSED CAEd P5.pdf,/Users/lyndon/All reviewers/Sept2026_LET Reviewer Files/L. BSED - Culture and Arts Education-/BSED CAEd P5.pdf,A reflective arts journal where students write about their culture and art experience is an example of:,,,Memorization of facts,,Metacognitive arts learning and cultural reflection,,Only skill practice,,Only teacher feedback,,,,B,Answer key: B,LET Secondary,Culture and Arts Education,Arts Education Pedagogy,3,No,,0.98,Ready for Upload,Path and PDF header indicate BSED/Secondary Culture and Arts Education major. Correct answer sourced from source PDF answer key.
270,45,5,BSED CAEd P5.pdf,/Users/lyndon/All reviewers/Sept2026_LET Reviewer Files/L. BSED - Culture and Arts Education-/BSED CAEd P5.pdf,The concept of “aesthetic experience” in arts education means that students:,,,Only imitate teacher art,,"Engage with art deeply and personally, experiencing beauty and meaning",,Only memorize art history,,Only copy templates,,,,B,Answer key: B,LET Secondary,Culture and Arts Education,Arts Education Pedagogy,3,No,,0.98,Ready for Upload,Path and PDF header indicate BSED/Secondary Culture and Arts Education major. Correct answer sourced from source PDF answer key.
271,46,5,BSED CAEd P5.pdf,/Users/lyndon/All reviewers/Sept2026_LET Reviewer Files/L. BSED - Culture and Arts Education-/BSED CAEd P5.pdf,"When a teacher asks students to compare their community’s traditional dance with a contemporary dance piece, this fosters:",,,Competition only,,Passive learning,,Critical thinking about culture and arts,,Avoiding tradition,,,,C,Answer key: C,LET Secondary,Culture and Arts Education,Visual Arts and Design Principles,3,No,,0.98,Ready for Upload,Path and PDF header indicate BSED/Secondary Culture and Arts Education major. Correct answer sourced from source PDF answer key.
272,47,5,BSED CAEd P5.pdf,/Users/lyndon/All reviewers/Sept2026_LET Reviewer Files/L. BSED - Culture and Arts Education-/BSED CAEd P5.pdf,"In the Philippine arts curriculum, the term “living tradition” refers to:",,,Dead art forms only in museums,,Cultural practices still active in the community and passed on,,Only imported art,,Digital trend,,,,B,Answer key: B,LET Secondary,Culture and Arts Education,Arts Education Pedagogy,3,No,,0.98,Ready for Upload,Path and PDF header indicate BSED/Secondary Culture and Arts Education major. Correct answer sourced from source PDF answer key.
273,48,5,BSED CAEd P5.pdf,/Users/lyndon/All reviewers/Sept2026_LET Reviewer Files/L. BSED - Culture and Arts Education-/BSED CAEd P5.pdf,A student organizes an exhibition of visual art inspired by indigenous motifs and modern design. This activity supports:,,,Cultural erasure,,Synthesis of tradition and innovation in arts education,,Copying without context,,Ignoring local culture,,,,B,Answer key: B,LET Secondary,Culture and Arts Education,Indigenous and Regional Arts,3,No,,0.98,Ready for Upload,Path and PDF header indicate BSED/Secondary Culture and Arts Education major. Correct answer sourced from source PDF answer key.
274,49,5,BSED CAEd P5.pdf,/Users/lyndon/All reviewers/Sept2026_LET Reviewer Files/L. BSED - Culture and Arts Education-/BSED CAEd P5.pdf,"In assessing performing arts, the teacher may use a rubric with categories such as:",,,Only applause count,,"Creativity, expression, technique, and cultural relevance",,Speed of performance only,,Visual appeal only,,,,B,Answer key: B,LET Secondary,Culture and Arts Education,Visual Arts and Design Principles,3,No,,0.98,Ready for Upload,Path and PDF header indicate BSED/Secondary Culture and Arts Education major. Correct answer sourced from source PDF answer key.
275,50,5,BSED CAEd P5.pdf,/Users/lyndon/All reviewers/Sept2026_LET Reviewer Files/L. BSED - Culture and Arts Education-/BSED CAEd P5.pdf,Which principle should guide the selection of art activities in a school with diverse cultural backgrounds?,,,Uniform art style for all,,One-size teaching,,"Cultural relevance, inclusivity and student voice",,Exclusion of minority traditions 2026,,,,C,Answer key: C,LET Secondary,Culture and Arts Education,Culture and Arts Education,3,No,,0.98,Ready for Upload,Path and PDF header indicate BSED/Secondary Culture and Arts Education major. Correct answer sourced from source PDF answer key.
276,1,1,BSED CAEd P6.pdf,/Users/lyndon/All reviewers/Sept2026_LET Reviewer Files/L. BSED - Culture and Arts Education-/BSED CAEd P6.pdf,Culture in education primarily refers to:,,,"The collective beliefs, practices, and values shared by a group of people",,Only visual arts,,The music curriculum only,,Physical environment,,,,A,Answer key: A,LET Secondary,Culture and Arts Education,Arts Education Pedagogy,3,No,,0.98,Ready for Upload,Path and PDF header indicate BSED/Secondary Culture and Arts Education major. Correct answer sourced from source PDF answer key.
277,2,1,BSED CAEd P6.pdf,/Users/lyndon/All reviewers/Sept2026_LET Reviewer Files/L. BSED - Culture and Arts Education-/BSED CAEd P6.pdf,“Arts” in Culture and Arts Education are best defined as:,,,Expression of human creativity and imagination,,Strict technical skill only,,Manual labor,,Copying traditional works,,,,A,Answer key: A,LET Secondary,Culture and Arts Education,Arts Education Pedagogy,3,No,,0.98,Ready for Upload,Path and PDF header indicate BSED/Secondary Culture and Arts Education major. Correct answer sourced from source PDF answer key.
278,3,1,BSED CAEd P6.pdf,/Users/lyndon/All reviewers/Sept2026_LET Reviewer Files/L. BSED - Culture and Arts Education-/BSED CAEd P6.pdf,"In the Philippine K–12 curriculum, arts is taught to:",,,Enhance creative expression and cultural understanding,,Prepare students only for contests,,Limit creativity,,Replace academic subjects,,,,A,Answer key: A,LET Secondary,Culture and Arts Education,Arts Education Pedagogy,3,No,,0.98,Ready for Upload,Path and PDF header indicate BSED/Secondary Culture and Arts Education major. Correct answer sourced from source PDF answer key.
279,4,1,BSED CAEd P6.pdf,/Users/lyndon/All reviewers/Sept2026_LET Reviewer Files/L. BSED - Culture and Arts Education-/BSED CAEd P6.pdf,The integration of arts in all subjects is called:,,,Arts infusion or arts integration,,Art isolation,,Cultural blocking,,Subject separation,,,,A,Answer key: A,LET Secondary,Culture and Arts Education,Culture and Arts Education,3,No,,0.98,Ready for Upload,Path and PDF header indicate BSED/Secondary Culture and Arts Education major. Correct answer sourced from source PDF answer key.
280,5,1,BSED CAEd P6.pdf,/Users/lyndon/All reviewers/Sept2026_LET Reviewer Files/L. BSED - Culture and Arts Education-/BSED CAEd P6.pdf,Which element of art refers to the surface quality that can be seen or felt?,,,Line,,Shape,,Texture,,Value,,,,C,Answer key: C,LET Secondary,Culture and Arts Education,Culture and Arts Education,3,No,,0.98,Ready for Upload,Path and PDF header indicate BSED/Secondary Culture and Arts Education major. Correct answer sourced from source PDF answer key.
281,6,1,BSED CAEd P6.pdf,/Users/lyndon/All reviewers/Sept2026_LET Reviewer Files/L. BSED - Culture and Arts Education-/BSED CAEd P6.pdf,Which art principle focuses on equality among elements?,,,Balance,,Proportion,,Movement,,Contrast,,,,A,Answer key: A,LET Secondary,Culture and Arts Education,Culture and Arts Education,3,No,,0.98,Ready for Upload,Path and PDF header indicate BSED/Secondary Culture and Arts Education major. Correct answer sourced from source PDF answer key.
282,7,1,BSED CAEd P6.pdf,/Users/lyndon/All reviewers/Sept2026_LET Reviewer Files/L. BSED - Culture and Arts Education-/BSED CAEd P6.pdf,The national agency responsible for preserving tangible and intangible heritage is:,,,National Commission for Culture and the Arts (NCCA),,Bureau of Cultural Affairs,,National Economic and Development Authority (NEDA),,Department of Tourism,,,,A,Answer key: A,LET Secondary,Culture and Arts Education,Cultural Heritage and Preservation,3,No,,0.98,Ready for Upload,Path and PDF header indicate BSED/Secondary Culture and Arts Education major. Correct answer sourced from source PDF answer key.
283,8,1,BSED CAEd P6.pdf,/Users/lyndon/All reviewers/Sept2026_LET Reviewer Files/L. BSED - Culture and Arts Education-/BSED CAEd P6.pdf,The National Museum of the Philippines primarily serves as:,,,Custodian of national artistic and cultural treasures,,Tourist agency,,Political center,,Research-only institution,,,,A,Answer key: A,LET Secondary,Culture and Arts Education,Cultural Heritage and Preservation,3,No,,0.98,Ready for Upload,Path and PDF header indicate BSED/Secondary Culture and Arts Education major. Correct answer sourced from source PDF answer key.
284,9,1,BSED CAEd P6.pdf,/Users/lyndon/All reviewers/Sept2026_LET Reviewer Files/L. BSED - Culture and Arts Education-/BSED CAEd P6.pdf,Teaching arts through local crafts helps develop:,,,Appreciation of cultural identity and sustainability,,Competitive behavior,,Academic recall,,Memorization,,,,A,Answer key: A,LET Secondary,Culture and Arts Education,Arts Education Pedagogy,3,No,,0.98,Ready for Upload,Path and PDF header indicate BSED/Secondary Culture and Arts Education major. Correct answer sourced from source PDF answer key.
285,10,1,BSED CAEd P6.pdf,/Users/lyndon/All reviewers/Sept2026_LET Reviewer Files/L. BSED - Culture and Arts Education-/BSED CAEd P6.pdf,Which of the following best shows inter-arts education?,,,"A theater performance combining dance, music, and painting",,Memorizing art definitions,,Reciting poems only,,Sketching without context,,,,A,Answer key: A,LET Secondary,Culture and Arts Education,Arts Education Pedagogy,3,No,,0.98,Ready for Upload,Path and PDF header indicate BSED/Secondary Culture and Arts Education major. Correct answer sourced from source PDF answer key.
286,11,1,BSED CAEd P6.pdf,/Users/lyndon/All reviewers/Sept2026_LET Reviewer Files/L. BSED - Culture and Arts Education-/BSED CAEd P6.pdf,"When a student analyzes color harmony in an artwork, he is developing:",,,Aesthetic and critical thinking skills,,Only technical drawing,,Memorization ability,,Physical skills,,,,A,Answer key: A,LET Secondary,Culture and Arts Education,Visual Arts and Design Principles,3,No,,0.98,Ready for Upload,Path and PDF header indicate BSED/Secondary Culture and Arts Education major. Correct answer sourced from source PDF answer key.
287,12,2,BSED CAEd P6.pdf,/Users/lyndon/All reviewers/Sept2026_LET Reviewer Files/L. BSED - Culture and Arts Education-/BSED CAEd P6.pdf,Philippine traditional tattooing among the Kalinga people is an example of:,,,Visual and cultural art form,,Foreign art influence,,Textile weaving,,Contemporary installation,,,,A,Answer key: A,LET Secondary,Culture and Arts Education,Culture and Arts Education,3,No,,0.98,Ready for Upload,Path and PDF header indicate BSED/Secondary Culture and Arts Education major. Correct answer sourced from source PDF answer key.
288,13,2,BSED CAEd P6.pdf,/Users/lyndon/All reviewers/Sept2026_LET Reviewer Files/L. BSED - Culture and Arts Education-/BSED CAEd P6.pdf,"When learners discuss the meaning of “bahay kubo” design, they study:",,,Architecture and culture,,Dance choreography,,Sculpture only,,Abstract painting,,,,A,Answer key: A,LET Secondary,Culture and Arts Education,Arts Education Pedagogy,3,No,,0.98,Ready for Upload,Path and PDF header indicate BSED/Secondary Culture and Arts Education major. Correct answer sourced from source PDF answer key.
289,14,2,BSED CAEd P6.pdf,/Users/lyndon/All reviewers/Sept2026_LET Reviewer Files/L. BSED - Culture and Arts Education-/BSED CAEd P6.pdf,A teacher uses the “Maria Clara” gown to explain values of modesty and grace. This shows:,,,Using costume as a cultural symbol,,Ignoring heritage,,Teaching Western ideals,,Copying designs,,,,A,Answer key: A,LET Secondary,Culture and Arts Education,Arts Education Pedagogy,3,No,,0.98,Ready for Upload,Path and PDF header indicate BSED/Secondary Culture and Arts Education major. Correct answer sourced from source PDF answer key.
290,15,2,BSED CAEd P6.pdf,/Users/lyndon/All reviewers/Sept2026_LET Reviewer Files/L. BSED - Culture and Arts Education-/BSED CAEd P6.pdf,Philippine folk dance steps are commonly derived from:,,,"Daily activities, rituals, and celebrations of local communities",,Western ballet,,Martial arts,,Sports movement,,,,A,Answer key: A,LET Secondary,Culture and Arts Education,Performing Arts,3,No,,0.98,Ready for Upload,Path and PDF header indicate BSED/Secondary Culture and Arts Education major. Correct answer sourced from source PDF answer key.
291,16,2,BSED CAEd P6.pdf,/Users/lyndon/All reviewers/Sept2026_LET Reviewer Files/L. BSED - Culture and Arts Education-/BSED CAEd P6.pdf,The “Singkil” of Maranao culture originated from:,,,The Darangen epic,,The Spanish colonization period,,Western influence,,Mindoro legends,,,,A,Answer key: A,LET Secondary,Culture and Arts Education,Indigenous and Regional Arts,3,No,,0.98,Ready for Upload,Path and PDF header indicate BSED/Secondary Culture and Arts Education major. Correct answer sourced from source PDF answer key.
292,17,2,BSED CAEd P6.pdf,/Users/lyndon/All reviewers/Sept2026_LET Reviewer Files/L. BSED - Culture and Arts Education-/BSED CAEd P6.pdf,The correct sequence of art appreciation is:,,,Perception → Analysis → Interpretation → Judgment,,Judgment → Perception → Analysis → Interpretation,,Analysis → Judgment → Interpretation → Perception,,Observation → Copying → Grading,,,,A,Answer key: A,LET Secondary,Culture and Arts Education,Art Appreciation and Criticism,3,No,,0.98,Ready for Upload,Path and PDF header indicate BSED/Secondary Culture and Arts Education major. Correct answer sourced from source PDF answer key.
293,18,2,BSED CAEd P6.pdf,/Users/lyndon/All reviewers/Sept2026_LET Reviewer Files/L. BSED - Culture and Arts Education-/BSED CAEd P6.pdf,The primary function of art criticism in education is to:,,,Encourage reflective understanding and appreciation,,Identify the best student,,Assign punishment,,Limit self-expression,,,,A,Answer key: A,LET Secondary,Culture and Arts Education,Arts Education Pedagogy,3,No,,0.98,Ready for Upload,Path and PDF header indicate BSED/Secondary Culture and Arts Education major. Correct answer sourced from source PDF answer key.
294,19,2,BSED CAEd P6.pdf,/Users/lyndon/All reviewers/Sept2026_LET Reviewer Files/L. BSED - Culture and Arts Education-/BSED CAEd P6.pdf,The process of designing learning experiences integrating cultural context is called:,,,Contextualization,,Localization,,Globalization,,Standardization,,,,A,Answer key: A,LET Secondary,Culture and Arts Education,Art Appreciation and Criticism,3,No,,0.98,Ready for Upload,Path and PDF header indicate BSED/Secondary Culture and Arts Education major. Correct answer sourced from source PDF answer key.
295,20,2,BSED CAEd P6.pdf,/Users/lyndon/All reviewers/Sept2026_LET Reviewer Files/L. BSED - Culture and Arts Education-/BSED CAEd P6.pdf,The performance of “Hudhud” chants demonstrates:,,,Oral literature and musical expression,,Sculpture and painting,,Dance improvisation,,Photography,,,,A,Answer key: A,LET Secondary,Culture and Arts Education,Indigenous and Regional Arts,3,No,,0.98,Ready for Upload,Path and PDF header indicate BSED/Secondary Culture and Arts Education major. Correct answer sourced from source PDF answer key.
296,21,2,BSED CAEd P6.pdf,/Users/lyndon/All reviewers/Sept2026_LET Reviewer Files/L. BSED - Culture and Arts Education-/BSED CAEd P6.pdf,Which form belongs to performing arts?,,,Theater,,Painting,,Sculpture,,Architecture,,,,A,Answer key: A,LET Secondary,Culture and Arts Education,Visual Arts and Design Principles,3,No,,0.98,Ready for Upload,Path and PDF header indicate BSED/Secondary Culture and Arts Education major. Correct answer sourced from source PDF answer key.
297,22,2,BSED CAEd P6.pdf,/Users/lyndon/All reviewers/Sept2026_LET Reviewer Files/L. BSED - Culture and Arts Education-/BSED CAEd P6.pdf,“Rhythm” in art refers to:,,,Repetition of elements to create visual movement,,Type of instrument,,Volume of color,,Shape of object,,,,A,Answer key: A,LET Secondary,Culture and Arts Education,Visual Arts and Design Principles,3,No,,0.98,Ready for Upload,Path and PDF header indicate BSED/Secondary Culture and Arts Education major. Correct answer sourced from source PDF answer key.
298,23,3,BSED CAEd P6.pdf,/Users/lyndon/All reviewers/Sept2026_LET Reviewer Files/L. BSED - Culture and Arts Education-/BSED CAEd P6.pdf,“Contrast” in art composition means:,,,Combining opposing elements to highlight differences,,Repetition of color,,Monotony,,Absence of variation,,,,A,Answer key: A,LET Secondary,Culture and Arts Education,Culture and Arts Education,3,No,,0.98,Ready for Upload,Path and PDF header indicate BSED/Secondary Culture and Arts Education major. Correct answer sourced from source PDF answer key.
299,24,3,BSED CAEd P6.pdf,/Users/lyndon/All reviewers/Sept2026_LET Reviewer Files/L. BSED - Culture and Arts Education-/BSED CAEd P6.pdf,The Philippine Educational Theater Association (PETA) promotes:,,,Theater for social awareness and nation-building,,Sports development,,Academic competition,,Business ventures,,,,A,Answer key: A,LET Secondary,Culture and Arts Education,Performing Arts,3,No,,0.98,Ready for Upload,Path and PDF header indicate BSED/Secondary Culture and Arts Education major. Correct answer sourced from source PDF answer key.
300,25,3,BSED CAEd P6.pdf,/Users/lyndon/All reviewers/Sept2026_LET Reviewer Files/L. BSED - Culture and Arts Education-/BSED CAEd P6.pdf,Which Philippine festival is famous for showcasing giant puppets?,,,Higantes Festival,,Ati-Atihan,,Dinagyang,,Sinulog,,,,A,Answer key: A,LET Secondary,Culture and Arts Education,Philippine Festivals,3,No,,0.98,Ready for Upload,Path and PDF header indicate BSED/Secondary Culture and Arts Education major. Correct answer sourced from source PDF answer key.
301,26,3,BSED CAEd P6.pdf,/Users/lyndon/All reviewers/Sept2026_LET Reviewer Files/L. BSED - Culture and Arts Education-/BSED CAEd P6.pdf,Which is the oldest known Philippine Christian artifact?,,,Doctrina Christiana,,Noli Me Tangere,,Barter of Panay,,La Solidaridad,,,,A,Answer key: A,LET Secondary,Culture and Arts Education,Culture and Arts Education,3,No,,0.98,Ready for Upload,Path and PDF header indicate BSED/Secondary Culture and Arts Education major. Correct answer sourced from source PDF answer key.
302,27,3,BSED CAEd P6.pdf,/Users/lyndon/All reviewers/Sept2026_LET Reviewer Files/L. BSED - Culture and Arts Education-/BSED CAEd P6.pdf,“Okir” design of the Maranao people represents:,,,Flowing geometric patterns symbolizing life,,Western modernism,,Plain line art,,Neutral design,,,,A,Answer key: A,LET Secondary,Culture and Arts Education,Indigenous and Regional Arts,3,No,,0.98,Ready for Upload,Path and PDF header indicate BSED/Secondary Culture and Arts Education major. Correct answer sourced from source PDF answer key.
303,28,3,BSED CAEd P6.pdf,/Users/lyndon/All reviewers/Sept2026_LET Reviewer Files/L. BSED - Culture and Arts Education-/BSED CAEd P6.pdf,An arts activity that lets students explore how art expresses social issues develops:,,,Social awareness through artistic literacy,,Competitive mindset,,Technical perfection only,,Memory retention,,,,A,Answer key: A,LET Secondary,Culture and Arts Education,Arts Education Pedagogy,3,No,,0.98,Ready for Upload,Path and PDF header indicate BSED/Secondary Culture and Arts Education major. Correct answer sourced from source PDF answer key.
304,29,3,BSED CAEd P6.pdf,/Users/lyndon/All reviewers/Sept2026_LET Reviewer Files/L. BSED - Culture and Arts Education-/BSED CAEd P6.pdf,The main goal of art education according to UNESCO is to:,,,"Develop cultural understanding, creativity, and peace",,Train professional artists only,,Promote competition,,Restrict culture,,,,A,Answer key: A,LET Secondary,Culture and Arts Education,Cultural Heritage and Preservation,3,No,,0.98,Ready for Upload,Path and PDF header indicate BSED/Secondary Culture and Arts Education major. Correct answer sourced from source PDF answer key.
305,30,3,BSED CAEd P6.pdf,/Users/lyndon/All reviewers/Sept2026_LET Reviewer Files/L. BSED - Culture and Arts Education-/BSED CAEd P6.pdf,A painting that portrays rice planting is classified as:,,,Genre painting,,Historical art,,Abstract art,,Still life,,,,A,Answer key: A,LET Secondary,Culture and Arts Education,Visual Arts and Design Principles,3,No,,0.98,Ready for Upload,Path and PDF header indicate BSED/Secondary Culture and Arts Education major. Correct answer sourced from source PDF answer key.
306,31,3,BSED CAEd P6.pdf,/Users/lyndon/All reviewers/Sept2026_LET Reviewer Files/L. BSED - Culture and Arts Education-/BSED CAEd P6.pdf,A “community exhibit” of local artworks enhances:,,,Cultural participation and civic pride,,Economic profit only,,Teacher authority,,Classroom control,,,,A,Answer key: A,LET Secondary,Culture and Arts Education,Visual Arts and Design Principles,3,No,,0.98,Ready for Upload,Path and PDF header indicate BSED/Secondary Culture and Arts Education major. Correct answer sourced from source PDF answer key.
307,32,3,BSED CAEd P6.pdf,/Users/lyndon/All reviewers/Sept2026_LET Reviewer Files/L. BSED - Culture and Arts Education-/BSED CAEd P6.pdf,A student uses the “Tinikling” rhythm to compose a new song. This activity promotes:,,,Creativity through cultural fusion,,Copying tradition,,Avoidance of heritage,,Instrument practice only,,,,A,Answer key: A,LET Secondary,Culture and Arts Education,Visual Arts and Design Principles,3,No,,0.98,Ready for Upload,Path and PDF header indicate BSED/Secondary Culture and Arts Education major. Correct answer sourced from source PDF answer key.
308,33,3,BSED CAEd P6.pdf,/Users/lyndon/All reviewers/Sept2026_LET Reviewer Files/L. BSED - Culture and Arts Education-/BSED CAEd P6.pdf,The Cordillera’s “Banga dance” represents:,,,"Grace, balance, and strength of women",,Masculine power,,Harvest ritual,,Animal imitation,,,,A,Answer key: A,LET Secondary,Culture and Arts Education,Performing Arts,3,No,,0.98,Ready for Upload,Path and PDF header indicate BSED/Secondary Culture and Arts Education major. Correct answer sourced from source PDF answer key.
309,34,4,BSED CAEd P6.pdf,/Users/lyndon/All reviewers/Sept2026_LET Reviewer Files/L. BSED - Culture and Arts Education-/BSED CAEd P6.pdf,"When a teacher emphasizes respect for intellectual property rights in art projects, she teaches:",,,Ethical practice in arts education,,Competition,,Improvisation only,,Cultural appropriation,,,,A,Answer key: A,LET Secondary,Culture and Arts Education,Arts Education Pedagogy,3,No,,0.98,Ready for Upload,Path and PDF header indicate BSED/Secondary Culture and Arts Education major. Correct answer sourced from source PDF answer key.
310,35,4,BSED CAEd P6.pdf,/Users/lyndon/All reviewers/Sept2026_LET Reviewer Files/L. BSED - Culture and Arts Education-/BSED CAEd P6.pdf,The “principle of emphasis” in visual arts is achieved by:,,,Highlighting a focal point in composition,,Equal repetition,,Symmetrical balance,,Uniform color,,,,A,Answer key: A,LET Secondary,Culture and Arts Education,Visual Arts and Design Principles,3,No,,0.98,Ready for Upload,Path and PDF header indicate BSED/Secondary Culture and Arts Education major. Correct answer sourced from source PDF answer key.
311,36,4,BSED CAEd P6.pdf,/Users/lyndon/All reviewers/Sept2026_LET Reviewer Files/L. BSED - Culture and Arts Education-/BSED CAEd P6.pdf,The famous painter Juan Luna created:,,,Spoliarium,,Planting Rice,,Dalagang Bukid,,The Builders,,,,A,Answer key: A,LET Secondary,Culture and Arts Education,Culture and Arts Education,3,No,,0.98,Ready for Upload,Path and PDF header indicate BSED/Secondary Culture and Arts Education major. Correct answer sourced from source PDF answer key.
312,37,4,BSED CAEd P6.pdf,/Users/lyndon/All reviewers/Sept2026_LET Reviewer Files/L. BSED - Culture and Arts Education-/BSED CAEd P6.pdf,Fernando Amorsolo is best known for:,,,His use of light depicting rural Philippine scenes,,Abstract expressionism,,Sculpture,,Photography,,,,A,Answer key: A,LET Secondary,Culture and Arts Education,Culture and Arts Education,3,No,,0.98,Ready for Upload,Path and PDF header indicate BSED/Secondary Culture and Arts Education major. Correct answer sourced from source PDF answer key.
313,38,4,BSED CAEd P6.pdf,/Users/lyndon/All reviewers/Sept2026_LET Reviewer Files/L. BSED - Culture and Arts Education-/BSED CAEd P6.pdf,Which element of music refers to loudness or softness?,,,Dynamics,,Tempo,,Rhythm,,Pitch,,,,A,Answer key: A,LET Secondary,Culture and Arts Education,Performing Arts,3,No,,0.98,Ready for Upload,Path and PDF header indicate BSED/Secondary Culture and Arts Education major. Correct answer sourced from source PDF answer key.
314,39,4,BSED CAEd P6.pdf,/Users/lyndon/All reviewers/Sept2026_LET Reviewer Files/L. BSED - Culture and Arts Education-/BSED CAEd P6.pdf,Teaching art as “a way of knowing” means:,,,Using artistic processes to explore ideas and experiences,,Memorizing definitions,,Producing identical work,,Avoiding analysis,,,,A,Answer key: A,LET Secondary,Culture and Arts Education,Arts Education Pedagogy,3,No,,0.98,Ready for Upload,Path and PDF header indicate BSED/Secondary Culture and Arts Education major. Correct answer sourced from source PDF answer key.
315,40,4,BSED CAEd P6.pdf,/Users/lyndon/All reviewers/Sept2026_LET Reviewer Files/L. BSED - Culture and Arts Education-/BSED CAEd P6.pdf,"The process of planning, organizing, and presenting art lessons is called:",,,Instructional design in art education,,Artwork curation,,Evaluation only,,Exhibition,,,,A,Answer key: A,LET Secondary,Culture and Arts Education,Culture and Arts Education,3,No,,0.98,Ready for Upload,Path and PDF header indicate BSED/Secondary Culture and Arts Education major. Correct answer sourced from source PDF answer key.
316,41,4,BSED CAEd P6.pdf,/Users/lyndon/All reviewers/Sept2026_LET Reviewer Files/L. BSED - Culture and Arts Education-/BSED CAEd P6.pdf,"In visual arts, “negative space” means:",,,Empty area around or between objects,,The darkest color,,A texture only,,None of the above,,,,A,Answer key: A,LET Secondary,Culture and Arts Education,Visual Arts and Design Principles,3,No,,0.98,Ready for Upload,Path and PDF header indicate BSED/Secondary Culture and Arts Education major. Correct answer sourced from source PDF answer key.
317,42,4,BSED CAEd P6.pdf,/Users/lyndon/All reviewers/Sept2026_LET Reviewer Files/L. BSED - Culture and Arts Education-/BSED CAEd P6.pdf,"When students perform a play about cultural diversity, this activity enhances:",,,Empathy and social understanding through the arts,,Competition,,Literal memorization,,Disconnection,,,,A,Answer key: A,LET Secondary,Culture and Arts Education,Visual Arts and Design Principles,3,No,,0.98,Ready for Upload,Path and PDF header indicate BSED/Secondary Culture and Arts Education major. Correct answer sourced from source PDF answer key.
318,43,4,BSED CAEd P6.pdf,/Users/lyndon/All reviewers/Sept2026_LET Reviewer Files/L. BSED - Culture and Arts Education-/BSED CAEd P6.pdf,A mural created by multiple students symbolizes:,,,Collaboration and collective creativity,,Copying teacher design,,Isolation,,Individual competition,,,,A,Answer key: A,LET Secondary,Culture and Arts Education,Arts Education Pedagogy,3,No,,0.98,Ready for Upload,Path and PDF header indicate BSED/Secondary Culture and Arts Education major. Correct answer sourced from source PDF answer key.
319,44,4,BSED CAEd P6.pdf,/Users/lyndon/All reviewers/Sept2026_LET Reviewer Files/L. BSED - Culture and Arts Education-/BSED CAEd P6.pdf,A “mixed media” artwork means:,,,Use of more than one medium or material,,Only watercolor,,Only digital,,Single material,,,,A,Answer key: A,LET Secondary,Culture and Arts Education,Culture and Arts Education,3,No,,0.98,Ready for Upload,Path and PDF header indicate BSED/Secondary Culture and Arts Education major. Correct answer sourced from source PDF answer key.
320,45,5,BSED CAEd P6.pdf,/Users/lyndon/All reviewers/Sept2026_LET Reviewer Files/L. BSED - Culture and Arts Education-/BSED CAEd P6.pdf,"The process of integrating art forms (music, dance, theater) in one performance is called:",,,Multidisciplinary arts,,Mono art,,Visual composition,,Segregation,,,,A,Answer key: A,LET Secondary,Culture and Arts Education,Visual Arts and Design Principles,3,No,,0.98,Ready for Upload,Path and PDF header indicate BSED/Secondary Culture and Arts Education major. Correct answer sourced from source PDF answer key.
321,46,5,BSED CAEd P6.pdf,/Users/lyndon/All reviewers/Sept2026_LET Reviewer Files/L. BSED - Culture and Arts Education-/BSED CAEd P6.pdf,Which Philippine artist is known as the “Father of Philippine Independent Film”?,,,Lino Brocka,,Mike de Leon,,Ishmael Bernal,,Eddie Romero,,,,A,Answer key: A,LET Secondary,Culture and Arts Education,Culture and Arts Education,3,No,,0.98,Ready for Upload,Path and PDF header indicate BSED/Secondary Culture and Arts Education major. Correct answer sourced from source PDF answer key.
322,47,5,BSED CAEd P6.pdf,/Users/lyndon/All reviewers/Sept2026_LET Reviewer Files/L. BSED - Culture and Arts Education-/BSED CAEd P6.pdf,An activity where students compare art from two different cultures supports:,,,Cross-cultural appreciation,,Stereotyping,,Bias,,Memorization,,,,A,Answer key: A,LET Secondary,Culture and Arts Education,Arts Education Pedagogy,3,No,,0.98,Ready for Upload,Path and PDF header indicate BSED/Secondary Culture and Arts Education major. Correct answer sourced from source PDF answer key.
323,48,5,BSED CAEd P6.pdf,/Users/lyndon/All reviewers/Sept2026_LET Reviewer Files/L. BSED - Culture and Arts Education-/BSED CAEd P6.pdf,A painting that shows distorted figures and emotions may belong to which art movement?,,,Expressionism,,Realism,,Impressionism,,Classicism,,,,A,Answer key: A,LET Secondary,Culture and Arts Education,Visual Arts and Design Principles,3,No,,0.98,Ready for Upload,Path and PDF header indicate BSED/Secondary Culture and Arts Education major. Correct answer sourced from source PDF answer key.
324,49,5,BSED CAEd P6.pdf,/Users/lyndon/All reviewers/Sept2026_LET Reviewer Files/L. BSED - Culture and Arts Education-/BSED CAEd P6.pdf,“Harmony” in music is produced when:,,,Two or more tones sound together pleasingly,,Rhythm repeats,,Melody moves,,Dynamics vary,,,,A,Answer key: A,LET Secondary,Culture and Arts Education,Performing Arts,3,No,,0.98,Ready for Upload,Path and PDF header indicate BSED/Secondary Culture and Arts Education major. Correct answer sourced from source PDF answer key.
325,50,5,BSED CAEd P6.pdf,/Users/lyndon/All reviewers/Sept2026_LET Reviewer Files/L. BSED - Culture and Arts Education-/BSED CAEd P6.pdf,Art teachers guide learners to value art as:,,,"A reflection of culture, identity, and human experience",,A mere hobby,,An academic requirement only,,Decoration only,,,,A,Answer key: A,LET Secondary,Culture and Arts Education,Arts Education Pedagogy,3,No,,0.98,Ready for Upload,Path and PDF header indicate BSED/Secondary Culture and Arts Education major. Correct answer sourced from source PDF answer key.
326,1,1,BSED CAEd P7.pdf,/Users/lyndon/All reviewers/Sept2026_LET Reviewer Files/L. BSED - Culture and Arts Education-/BSED CAEd P7.pdf,The main goal of teaching arts in basic education is to:,,,Develop creativity and cultural appreciation,,Train professional artists,,Replace core subjects,,Focus on competition,,,,A,Answer key: Develop creativity and cultural appreciation,LET Secondary,Culture and Arts Education,Arts Education Pedagogy,3,No,,0.98,Ready for Upload,Path and PDF header indicate BSED/Secondary Culture and Arts Education major. Correct answer sourced from source PDF answer key.
327,2,1,BSED CAEd P7.pdf,/Users/lyndon/All reviewers/Sept2026_LET Reviewer Files/L. BSED - Culture and Arts Education-/BSED CAEd P7.pdf,The “integrative teaching approach” in arts education means:,,,Connecting art concepts to other learning areas,,Teaching art in isolation,,Focusing only on drawing skills,,Memorizing art terms,,,,A,Answer key: Connecting art concepts to other learning areas,LET Secondary,Culture and Arts Education,Arts Education Pedagogy,3,No,,0.98,Ready for Upload,Path and PDF header indicate BSED/Secondary Culture and Arts Education major. Correct answer sourced from source PDF answer key.
328,3,1,BSED CAEd P7.pdf,/Users/lyndon/All reviewers/Sept2026_LET Reviewer Files/L. BSED - Culture and Arts Education-/BSED CAEd P7.pdf,“Art criticism” in the classroom helps learners to:,,,Analyze and appreciate artworks critically,,Memorize art titles,,Avoid discussion,,Focus on grades only,,,,A,Answer key: Analyze and appreciate artworks critically,LET Secondary,Culture and Arts Education,Arts Education Pedagogy,3,No,,0.98,Ready for Upload,Path and PDF header indicate BSED/Secondary Culture and Arts Education major. Correct answer sourced from source PDF answer key.
329,4,1,BSED CAEd P7.pdf,/Users/lyndon/All reviewers/Sept2026_LET Reviewer Files/L. BSED - Culture and Arts Education-/BSED CAEd P7.pdf,The “National Museum of the Philippines” mainly functions to:,,,Preserve and exhibit the nation’s artistic and cultural heritage,,Host political events,,Promote tourism only,,Serve as library,,,,A,Answer key: Preserve and exhibit the nation’s artistic and cultural heritage,LET Secondary,Culture and Arts Education,Cultural Heritage and Preservation,3,No,,0.98,Ready for Upload,Path and PDF header indicate BSED/Secondary Culture and Arts Education major. Correct answer sourced from source PDF answer key.
330,5,1,BSED CAEd P7.pdf,/Users/lyndon/All reviewers/Sept2026_LET Reviewer Files/L. BSED - Culture and Arts Education-/BSED CAEd P7.pdf,The “principle of rhythm” in art teaching emphasizes:,,,Movement and flow in visual composition,,Equality in shape,,Color mixing only,,Size control,,,,A,Answer key: Movement and flow in visual composition,LET Secondary,Culture and Arts Education,Visual Arts and Design Principles,3,No,,0.98,Ready for Upload,Path and PDF header indicate BSED/Secondary Culture and Arts Education major. Correct answer sourced from source PDF answer key.
331,6,1,BSED CAEd P7.pdf,/Users/lyndon/All reviewers/Sept2026_LET Reviewer Files/L. BSED - Culture and Arts Education-/BSED CAEd P7.pdf,The “Local Heritage Education Program” aims to:,,,Strengthen appreciation of local culture and traditions,,Train foreign artists,,Focus on Western art,,Support private galleries,,,,A,Answer key: Strengthen appreciation of local culture and traditions,LET Secondary,Culture and Arts Education,Cultural Heritage and Preservation,3,No,,0.98,Ready for Upload,Path and PDF header indicate BSED/Secondary Culture and Arts Education major. Correct answer sourced from source PDF answer key.
332,7,1,BSED CAEd P7.pdf,/Users/lyndon/All reviewers/Sept2026_LET Reviewer Files/L. BSED - Culture and Arts Education-/BSED CAEd P7.pdf,Which artist is known for dynamic figurative paintings of Filipinos in motion?,,,Botong Francisco,,Ang Kiukok,,BenCab,,Fernando Amorsolo,,,,A,Answer key: Botong Francisco,LET Secondary,Culture and Arts Education,Visual Arts and Design Principles,3,No,,0.98,Ready for Upload,Path and PDF header indicate BSED/Secondary Culture and Arts Education major. Correct answer sourced from source PDF answer key.
333,8,1,BSED CAEd P7.pdf,/Users/lyndon/All reviewers/Sept2026_LET Reviewer Files/L. BSED - Culture and Arts Education-/BSED CAEd P7.pdf,The “spoliarium” by Juan Luna depicts:,,,The oppression of Filipinos during colonization,,Rural beauty,,Spanish fiestas,,Abstract shapes,,,,A,Answer key: The oppression of Filipinos during colonization,LET Secondary,Culture and Arts Education,Culture and Arts Education,3,No,,0.98,Ready for Upload,Path and PDF header indicate BSED/Secondary Culture and Arts Education major. Correct answer sourced from source PDF answer key.
334,9,1,BSED CAEd P7.pdf,/Users/lyndon/All reviewers/Sept2026_LET Reviewer Files/L. BSED - Culture and Arts Education-/BSED CAEd P7.pdf,“Community-based art education” promotes:,,,Learning art within cultural and social contexts,,Individual isolation,,Competitive commercial art,,Memorization of art terms,,,,A,Answer key: Learning art within cultural and social contexts,LET Secondary,Culture and Arts Education,Visual Arts and Design Principles,3,No,,0.98,Ready for Upload,Path and PDF header indicate BSED/Secondary Culture and Arts Education major. Correct answer sourced from source PDF answer key.
335,10,1,BSED CAEd P7.pdf,/Users/lyndon/All reviewers/Sept2026_LET Reviewer Files/L. BSED - Culture and Arts Education-/BSED CAEd P7.pdf,The “principle of proportion” guides:,,,Relationship of size and scale among elements,,Equal use of colors,,Simple repetition,,Pattern symmetry,,,,A,Answer key: Relationship of size and scale among elements,LET Secondary,Culture and Arts Education,Culture and Arts Education,3,No,,0.98,Ready for Upload,Path and PDF header indicate BSED/Secondary Culture and Arts Education major. Correct answer sourced from source PDF answer key.
336,11,1,BSED CAEd P7.pdf,/Users/lyndon/All reviewers/Sept2026_LET Reviewer Files/L. BSED - Culture and Arts Education-/BSED CAEd P7.pdf,The “art process approach” emphasizes:,,,"Exploration and creative thinking, not just product",,Only finished output,,Copying famous works,,Rigid assessment,,,,A,"Answer key: Exploration and creative thinking, not just product",LET Secondary,Culture and Arts Education,Culture and Arts Education,3,No,,0.98,Ready for Upload,Path and PDF header indicate BSED/Secondary Culture and Arts Education major. Correct answer sourced from source PDF answer key.
337,12,2,BSED CAEd P7.pdf,/Users/lyndon/All reviewers/Sept2026_LET Reviewer Files/L. BSED - Culture and Arts Education-/BSED CAEd P7.pdf,The “Hudhud” chant teaches values of:,,,Courage and kinship,,Profit,,Vanity,,Power,,,,A,Answer key: Courage and kinship,LET Secondary,Culture and Arts Education,Indigenous and Regional Arts,3,No,,0.98,Ready for Upload,Path and PDF header indicate BSED/Secondary Culture and Arts Education major. Correct answer sourced from source PDF answer key.
338,13,2,BSED CAEd P7.pdf,/Users/lyndon/All reviewers/Sept2026_LET Reviewer Files/L. BSED - Culture and Arts Education-/BSED CAEd P7.pdf,“Kalinga tattooing” is a form of:,,,Body art and cultural identity,,Modern graffiti,,Western body painting,,Religious ceremony,,,,A,Answer key: Body art and cultural identity,LET Secondary,Culture and Arts Education,Visual Arts and Design Principles,3,No,,0.98,Ready for Upload,Path and PDF header indicate BSED/Secondary Culture and Arts Education major. Correct answer sourced from source PDF answer key.
339,14,2,BSED CAEd P7.pdf,/Users/lyndon/All reviewers/Sept2026_LET Reviewer Files/L. BSED - Culture and Arts Education-/BSED CAEd P7.pdf,“Art integration” in K–12 curriculum aims to:,,,Enhance learning through creative expression,,Increase exam scores,,Promote rote learning,,Focus only on performance,,,,A,Answer key: Enhance learning through creative expression,LET Secondary,Culture and Arts Education,Arts Education Pedagogy,3,No,,0.98,Ready for Upload,Path and PDF header indicate BSED/Secondary Culture and Arts Education major. Correct answer sourced from source PDF answer key.
340,15,2,BSED CAEd P7.pdf,/Users/lyndon/All reviewers/Sept2026_LET Reviewer Files/L. BSED - Culture and Arts Education-/BSED CAEd P7.pdf,The “NCCA” stands for:,,,National Commission for Culture and the Arts,,National Council for Curriculum Assessment,,National Committee for Art and Architecture,,National Cultural Curriculum Agency,,,,A,Answer key: National Commission for Culture and the Arts,LET Secondary,Culture and Arts Education,Cultural Heritage and Preservation,3,No,,0.98,Ready for Upload,Path and PDF header indicate BSED/Secondary Culture and Arts Education major. Correct answer sourced from source PDF answer key.
341,16,2,BSED CAEd P7.pdf,/Users/lyndon/All reviewers/Sept2026_LET Reviewer Files/L. BSED - Culture and Arts Education-/BSED CAEd P7.pdf,The “principle of balance” is achieved when:,,,Visual elements are evenly distributed,,Colors dominate,,One object overwhelms,,Lines clash,,,,A,Answer key: Visual elements are evenly distributed,LET Secondary,Culture and Arts Education,Visual Arts and Design Principles,3,No,,0.98,Ready for Upload,Path and PDF header indicate BSED/Secondary Culture and Arts Education major. Correct answer sourced from source PDF answer key.
342,17,2,BSED CAEd P7.pdf,/Users/lyndon/All reviewers/Sept2026_LET Reviewer Files/L. BSED - Culture and Arts Education-/BSED CAEd P7.pdf,“Ethnic music” in the classroom develops:,,,Cultural awareness and respect,,Modern taste,,Loud performance,,Noise production,,,,A,Answer key: Cultural awareness and respect,LET Secondary,Culture and Arts Education,Performing Arts,3,No,,0.98,Ready for Upload,Path and PDF header indicate BSED/Secondary Culture and Arts Education major. Correct answer sourced from source PDF answer key.
343,18,2,BSED CAEd P7.pdf,/Users/lyndon/All reviewers/Sept2026_LET Reviewer Files/L. BSED - Culture and Arts Education-/BSED CAEd P7.pdf,The “Kundiman” songs were used historically to express:,,,Love and patriotism,,Commercial advertisement,,Modern politics,,Agriculture,,,,A,Answer key: Love and patriotism,LET Secondary,Culture and Arts Education,Performing Arts,3,No,,0.98,Ready for Upload,Path and PDF header indicate BSED/Secondary Culture and Arts Education major. Correct answer sourced from source PDF answer key.
344,19,2,BSED CAEd P7.pdf,/Users/lyndon/All reviewers/Sept2026_LET Reviewer Files/L. BSED - Culture and Arts Education-/BSED CAEd P7.pdf,The “Ifugao Rice Terraces” symbolize:,,,Harmony between man and nature,,Industrial growth,,Western farming,,Artificial technology,,,,A,Answer key: Harmony between man and nature,LET Secondary,Culture and Arts Education,Indigenous and Regional Arts,3,No,,0.98,Ready for Upload,Path and PDF header indicate BSED/Secondary Culture and Arts Education major. Correct answer sourced from source PDF answer key.
345,20,2,BSED CAEd P7.pdf,/Users/lyndon/All reviewers/Sept2026_LET Reviewer Files/L. BSED - Culture and Arts Education-/BSED CAEd P7.pdf,The “principle of variety” is important in design to:,,,Avoid monotony and create interest,,Keep uniform color,,Ensure strict repetition,,Limit creativity,,,,A,Answer key: Avoid monotony and create interest,LET Secondary,Culture and Arts Education,Visual Arts and Design Principles,3,No,,0.98,Ready for Upload,Path and PDF header indicate BSED/Secondary Culture and Arts Education major. Correct answer sourced from source PDF answer key.
346,21,2,BSED CAEd P7.pdf,/Users/lyndon/All reviewers/Sept2026_LET Reviewer Files/L. BSED - Culture and Arts Education-/BSED CAEd P7.pdf,The “Pahiyas Festival” showcases:,,,Creativity and gratitude for a bountiful harvest,,War history,,Political celebration,,Industrialization,,,,A,Answer key: Creativity and gratitude for a bountiful harvest,LET Secondary,Culture and Arts Education,Philippine Festivals,3,No,54,0.90,Duplicate,Path and PDF header indicate BSED/Secondary Culture and Arts Education major. Correct answer sourced from source PDF answer key. Duplicate or near-duplicate of row 54.
347,22,2,BSED CAEd P7.pdf,/Users/lyndon/All reviewers/Sept2026_LET Reviewer Files/L. BSED - Culture and Arts Education-/BSED CAEd P7.pdf,The “art elements” are considered:,,,The visual building blocks of art,,Theories of color,,Art periods,,Principles of rhythm,,,,A,Answer key: The visual building blocks of art,LET Secondary,Culture and Arts Education,Culture and Arts Education,3,No,,0.98,Ready for Upload,Path and PDF header indicate BSED/Secondary Culture and Arts Education major. Correct answer sourced from source PDF answer key.
348,23,3,BSED CAEd P7.pdf,/Users/lyndon/All reviewers/Sept2026_LET Reviewer Files/L. BSED - Culture and Arts Education-/BSED CAEd P7.pdf,A “rubric” in art education is used to:,,,Assess creativity and process-based learning,,Grade only the neatest output,,Reward speed,,Penalize mistakes,,,,A,Answer key: Assess creativity and process-based learning,LET Secondary,Culture and Arts Education,Arts Education Pedagogy,3,No,,0.98,Ready for Upload,Path and PDF header indicate BSED/Secondary Culture and Arts Education major. Correct answer sourced from source PDF answer key.
349,24,3,BSED CAEd P7.pdf,/Users/lyndon/All reviewers/Sept2026_LET Reviewer Files/L. BSED - Culture and Arts Education-/BSED CAEd P7.pdf,The “principle of emphasis” guides teachers to:,,,Direct students’ focus to key features,,Use dull colors,,Simplify lessons,,Ignore focal points,,,,A,Answer key: Direct students’ focus to key features,LET Secondary,Culture and Arts Education,Visual Arts and Design Principles,3,No,,0.98,Ready for Upload,Path and PDF header indicate BSED/Secondary Culture and Arts Education major. Correct answer sourced from source PDF answer key.
350,25,3,BSED CAEd P7.pdf,/Users/lyndon/All reviewers/Sept2026_LET Reviewer Files/L. BSED - Culture and Arts Education-/BSED CAEd P7.pdf,“Texture” in art refers to:,,,"Surface feel—smooth, rough, or coarse",,Shape,,Line direction,,Proportion,,,,A,"Answer key: Surface feel—smooth, rough, or coarse",LET Secondary,Culture and Arts Education,Visual Arts and Design Principles,3,No,,0.98,Ready for Upload,Path and PDF header indicate BSED/Secondary Culture and Arts Education major. Correct answer sourced from source PDF answer key.
351,26,3,BSED CAEd P7.pdf,/Users/lyndon/All reviewers/Sept2026_LET Reviewer Files/L. BSED - Culture and Arts Education-/BSED CAEd P7.pdf,The “Noli Me Tangere opera” is an adaptation of:,,,Jose Rizal’s novel,,Historical epics,,Local legends,,Western drama,,,,A,Answer key: Jose Rizal’s novel,LET Secondary,Culture and Arts Education,Culture and Arts Education,3,No,,0.98,Ready for Upload,Path and PDF header indicate BSED/Secondary Culture and Arts Education major. Correct answer sourced from source PDF answer key.
352,27,3,BSED CAEd P7.pdf,/Users/lyndon/All reviewers/Sept2026_LET Reviewer Files/L. BSED - Culture and Arts Education-/BSED CAEd P7.pdf,The “Mangyan script” preservation promotes:,,,Cultural literacy and identity,,Western literacy,,Tourism,,Modern typography,,,,A,Answer key: Cultural literacy and identity,LET Secondary,Culture and Arts Education,Cultural Heritage and Preservation,3,No,,0.98,Ready for Upload,Path and PDF header indicate BSED/Secondary Culture and Arts Education major. Correct answer sourced from source PDF answer key.
353,28,3,BSED CAEd P7.pdf,/Users/lyndon/All reviewers/Sept2026_LET Reviewer Files/L. BSED - Culture and Arts Education-/BSED CAEd P7.pdf,“Art as expression” is rooted in the philosophy of:,,,Emotion and self-awareness,,Product making,,Formal design,,Symbol memorization,,,,A,Answer key: Emotion and self-awareness,LET Secondary,Culture and Arts Education,Culture and Arts Education,3,No,,0.98,Ready for Upload,Path and PDF header indicate BSED/Secondary Culture and Arts Education major. Correct answer sourced from source PDF answer key.
354,29,3,BSED CAEd P7.pdf,/Users/lyndon/All reviewers/Sept2026_LET Reviewer Files/L. BSED - Culture and Arts Education-/BSED CAEd P7.pdf,The “principle of unity” ensures that:,,,All parts of artwork form a cohesive whole,,Contrast dominates,,Lines remain uneven,,Colors clash,,,,A,Answer key: All parts of artwork form a cohesive whole,LET Secondary,Culture and Arts Education,Visual Arts and Design Principles,3,No,,0.98,Ready for Upload,Path and PDF header indicate BSED/Secondary Culture and Arts Education major. Correct answer sourced from source PDF answer key.
355,30,3,BSED CAEd P7.pdf,/Users/lyndon/All reviewers/Sept2026_LET Reviewer Files/L. BSED - Culture and Arts Education-/BSED CAEd P7.pdf,The “San Fermin” of Spain inspired the Philippine:,,,Higantes Festival,,Sinulog Festival,,Moriones Festival,,Ati-atihan Festival,,,,C,Answer key: Moriones Festival,LET Secondary,Culture and Arts Education,Culture and Arts Education,3,No,,0.98,Ready for Upload,Path and PDF header indicate BSED/Secondary Culture and Arts Education major. Correct answer sourced from source PDF answer key.
356,31,3,BSED CAEd P7.pdf,/Users/lyndon/All reviewers/Sept2026_LET Reviewer Files/L. BSED - Culture and Arts Education-/BSED CAEd P7.pdf,“Cultural mapping” in the classroom helps students:,,,Identify local heritage assets and practices,,Measure distance,,Draw maps,,Locate streets,,,,A,Answer key: Identify local heritage assets and practices,LET Secondary,Culture and Arts Education,Cultural Heritage and Preservation,3,No,,0.98,Ready for Upload,Path and PDF header indicate BSED/Secondary Culture and Arts Education major. Correct answer sourced from source PDF answer key.
357,32,3,BSED CAEd P7.pdf,/Users/lyndon/All reviewers/Sept2026_LET Reviewer Files/L. BSED - Culture and Arts Education-/BSED CAEd P7.pdf,The “Darangen” epic of the Maranao teaches:,,,"Heroism, honor, and loyalty",,Farming,,Trade,,Architecture,,,,A,"Answer key: Heroism, honor, and loyalty",LET Secondary,Culture and Arts Education,Indigenous and Regional Arts,3,No,,0.98,Ready for Upload,Path and PDF header indicate BSED/Secondary Culture and Arts Education major. Correct answer sourced from source PDF answer key.
358,33,3,BSED CAEd P7.pdf,/Users/lyndon/All reviewers/Sept2026_LET Reviewer Files/L. BSED - Culture and Arts Education-/BSED CAEd P7.pdf,The “principle of contrast” highlights:,,,"Differences between light and dark, or large and small",,Equal repetition,,Same shapes,,Neutral tones,,,,A,"Answer key: Differences between light and dark, or large and small",LET Secondary,Culture and Arts Education,Culture and Arts Education,3,No,,0.98,Ready for Upload,Path and PDF header indicate BSED/Secondary Culture and Arts Education major. Correct answer sourced from source PDF answer key.
359,34,4,BSED CAEd P7.pdf,/Users/lyndon/All reviewers/Sept2026_LET Reviewer Files/L. BSED - Culture and Arts Education-/BSED CAEd P7.pdf,A teacher integrating art into science promotes:,,,Interdisciplinary learning,,Segregated learning,,Mechanical memorization,,Monotony,,,,A,Answer key: Interdisciplinary learning,LET Secondary,Culture and Arts Education,Arts Education Pedagogy,3,No,,0.98,Ready for Upload,Path and PDF header indicate BSED/Secondary Culture and Arts Education major. Correct answer sourced from source PDF answer key.
360,35,4,BSED CAEd P7.pdf,/Users/lyndon/All reviewers/Sept2026_LET Reviewer Files/L. BSED - Culture and Arts Education-/BSED CAEd P7.pdf,“Digital art” utilizes:,,,Computer-based tools and software,,Fabric,,Stone,,Clay,,,,A,Answer key: Computer-based tools and software,LET Secondary,Culture and Arts Education,Contemporary and Digital Arts,3,No,,0.98,Ready for Upload,Path and PDF header indicate BSED/Secondary Culture and Arts Education major. Correct answer sourced from source PDF answer key.
361,36,4,BSED CAEd P7.pdf,/Users/lyndon/All reviewers/Sept2026_LET Reviewer Files/L. BSED - Culture and Arts Education-/BSED CAEd P7.pdf,The “principle of dominance” creates:,,,A focal point that attracts attention,,Equal distribution,,Monotone design,,Balance only,,,,A,Answer key: A focal point that attracts attention,LET Secondary,Culture and Arts Education,Culture and Arts Education,3,No,,0.98,Ready for Upload,Path and PDF header indicate BSED/Secondary Culture and Arts Education major. Correct answer sourced from source PDF answer key.
362,37,4,BSED CAEd P7.pdf,/Users/lyndon/All reviewers/Sept2026_LET Reviewer Files/L. BSED - Culture and Arts Education-/BSED CAEd P7.pdf,“Collaborative mural-making” enhances:,,,Teamwork and creative participation,,Competition,,Individual isolation,,Grading convenience,,,,A,Answer key: Teamwork and creative participation,LET Secondary,Culture and Arts Education,Culture and Arts Education,3,No,,0.98,Ready for Upload,Path and PDF header indicate BSED/Secondary Culture and Arts Education major. Correct answer sourced from source PDF answer key.
363,38,4,BSED CAEd P7.pdf,/Users/lyndon/All reviewers/Sept2026_LET Reviewer Files/L. BSED - Culture and Arts Education-/BSED CAEd P7.pdf,The “Kalesa” is an example of:,,,Functional art with cultural significance,,Sculpture,,Modern technology,,Imported design,,,,A,Answer key: Functional art with cultural significance,LET Secondary,Culture and Arts Education,Culture and Arts Education,3,No,18,0.90,Duplicate,Path and PDF header indicate BSED/Secondary Culture and Arts Education major. Correct answer sourced from source PDF answer key. Duplicate or near-duplicate of row 18.
364,39,4,BSED CAEd P7.pdf,/Users/lyndon/All reviewers/Sept2026_LET Reviewer Files/L. BSED - Culture and Arts Education-/BSED CAEd P7.pdf,The “Manunggul Jar” symbolizes:,,,Early belief in life after death,,Political power,,Trade relations,,Entertainment,,,,A,Answer key: Early belief in life after death,LET Secondary,Culture and Arts Education,Indigenous and Regional Arts,3,No,164,0.90,Duplicate,Path and PDF header indicate BSED/Secondary Culture and Arts Education major. Correct answer sourced from source PDF answer key. Duplicate or near-duplicate of row 164.
365,40,4,BSED CAEd P7.pdf,/Users/lyndon/All reviewers/Sept2026_LET Reviewer Files/L. BSED - Culture and Arts Education-/BSED CAEd P7.pdf,“Contemporary art” focuses on:,,,Current social and cultural issues,,Ancient myths,,Traditional patterns,,Classical formality,,,,A,Answer key: Current social and cultural issues,LET Secondary,Culture and Arts Education,Contemporary and Digital Arts,3,No,,0.98,Ready for Upload,Path and PDF header indicate BSED/Secondary Culture and Arts Education major. Correct answer sourced from source PDF answer key.
366,41,4,BSED CAEd P7.pdf,/Users/lyndon/All reviewers/Sept2026_LET Reviewer Files/L. BSED - Culture and Arts Education-/BSED CAEd P7.pdf,The “Okir” motif reflects:,,,Islamic and Maranao artistry,,Spanish influence,,Christian themes,,Colonial rule,,,,A,Answer key: Islamic and Maranao artistry,LET Secondary,Culture and Arts Education,Culture and Arts Education,3,No,,0.98,Ready for Upload,Path and PDF header indicate BSED/Secondary Culture and Arts Education major. Correct answer sourced from source PDF answer key.
367,42,4,BSED CAEd P7.pdf,/Users/lyndon/All reviewers/Sept2026_LET Reviewer Files/L. BSED - Culture and Arts Education-/BSED CAEd P7.pdf,“Artistic literacy” is defined as:,,,"Understanding, creating, and evaluating art critically",,Memorizing art styles,,Copying designs,,Watching performances only,,,,A,"Answer key: Understanding, creating, and evaluating art critically",LET Secondary,Culture and Arts Education,Culture and Arts Education,3,No,,0.98,Ready for Upload,Path and PDF header indicate BSED/Secondary Culture and Arts Education major. Correct answer sourced from source PDF answer key.
368,43,4,BSED CAEd P7.pdf,/Users/lyndon/All reviewers/Sept2026_LET Reviewer Files/L. BSED - Culture and Arts Education-/BSED CAEd P7.pdf,The “principle of harmony” ensures:,,,All elements complement each other aesthetically,,Chaos in design,,Overuse of lines,,Visual imbalance,,,,A,Answer key: All elements complement each other aesthetically,LET Secondary,Culture and Arts Education,Culture and Arts Education,3,No,165,0.90,Duplicate,Path and PDF header indicate BSED/Secondary Culture and Arts Education major. Correct answer sourced from source PDF answer key. Duplicate or near-duplicate of row 165.
369,44,4,BSED CAEd P7.pdf,/Users/lyndon/All reviewers/Sept2026_LET Reviewer Files/L. BSED - Culture and Arts Education-/BSED CAEd P7.pdf,The “Ati-atihan Festival” is considered:,,,The mother of Philippine festivals,,A music concert,,A political event,,A tourist fair only,,,,A,Answer key: The mother of Philippine festivals,LET Secondary,Culture and Arts Education,Philippine Festivals,3,No,,0.98,Ready for Upload,Path and PDF header indicate BSED/Secondary Culture and Arts Education major. Correct answer sourced from source PDF answer key.
370,45,5,BSED CAEd P7.pdf,/Users/lyndon/All reviewers/Sept2026_LET Reviewer Files/L. BSED - Culture and Arts Education-/BSED CAEd P7.pdf,“Art as therapy” in education is used to:,,,Help express feelings and reduce stress,,Train competitive artists,,Replace counseling,,Grade emotional responses,,,,A,Answer key: Help express feelings and reduce stress,LET Secondary,Culture and Arts Education,Arts Education Pedagogy,3,No,,0.98,Ready for Upload,Path and PDF header indicate BSED/Secondary Culture and Arts Education major. Correct answer sourced from source PDF answer key.
371,46,5,BSED CAEd P7.pdf,/Users/lyndon/All reviewers/Sept2026_LET Reviewer Files/L. BSED - Culture and Arts Education-/BSED CAEd P7.pdf,The “element of line” defines:,,,"Direction, path, and outline in art",,Texture only,,Color temperature,,Space depth,,,,A,"Answer key: Direction, path, and outline in art",LET Secondary,Culture and Arts Education,Visual Arts and Design Principles,3,No,,0.98,Ready for Upload,Path and PDF header indicate BSED/Secondary Culture and Arts Education major. Correct answer sourced from source PDF answer key.
372,47,5,BSED CAEd P7.pdf,/Users/lyndon/All reviewers/Sept2026_LET Reviewer Files/L. BSED - Culture and Arts Education-/BSED CAEd P7.pdf,“Cultural heritage preservation” is essential to:,,,Sustain identity across generations,,Increase commerce,,Modernize trends,,Replace traditions,,,,A,Answer key: Sustain identity across generations,LET Secondary,Culture and Arts Education,Cultural Heritage and Preservation,3,No,,0.98,Ready for Upload,Path and PDF header indicate BSED/Secondary Culture and Arts Education major. Correct answer sourced from source PDF answer key.
373,48,5,BSED CAEd P7.pdf,/Users/lyndon/All reviewers/Sept2026_LET Reviewer Files/L. BSED - Culture and Arts Education-/BSED CAEd P7.pdf,The “principle of repetition” in design builds:,,,Rhythm and predictability,,Random pattern,,Uneven proportion,,Chaos,,,,A,Answer key: Rhythm and predictability,LET Secondary,Culture and Arts Education,Visual Arts and Design Principles,3,No,,0.98,Ready for Upload,Path and PDF header indicate BSED/Secondary Culture and Arts Education major. Correct answer sourced from source PDF answer key.
374,49,5,BSED CAEd P7.pdf,/Users/lyndon/All reviewers/Sept2026_LET Reviewer Files/L. BSED - Culture and Arts Education-/BSED CAEd P7.pdf,“STEAM education” promotes:,,,"Integration of Science, Technology, Engineering, Arts, and Mathematics",,Teaching arts alone,,Rote learning,,Exam-based teaching,,,,A,"Answer key: Integration of Science, Technology, Engineering, Arts, and Mathematics",LET Secondary,Culture and Arts Education,Arts Education Pedagogy,3,No,,0.98,Ready for Upload,Path and PDF header indicate BSED/Secondary Culture and Arts Education major. Correct answer sourced from source PDF answer key.
375,50,5,BSED CAEd P7.pdf,/Users/lyndon/All reviewers/Sept2026_LET Reviewer Files/L. BSED - Culture and Arts Education-/BSED CAEd P7.pdf,The “Oblation” by Guillermo Tolentino represents:,,,Selfless offering for the nation,,Religious symbolism,,Physical beauty,,Mythical heroes 2026,,,,A,Answer key: Selfless offeringfor the nation,LET Secondary,Culture and Arts Education,Culture and Arts Education,3,No,,0.98,Ready for Upload,Path and PDF header indicate BSED/Secondary Culture and Arts Education major. Correct answer sourced from source PDF answer key.
376,1,1,BSED CAEd P8.pdf,/Users/lyndon/All reviewers/Sept2026_LET Reviewer Files/L. BSED - Culture and Arts Education-/BSED CAEd P8.pdf,The arts curriculum helps learners understand culture as:,,,A body of artworks,,A national competition,,A way of life expressed through creativity,,A collection of imported designs,,,,A,Answer key: A,LET Secondary,Culture and Arts Education,Arts Education Pedagogy,3,No,,0.98,Ready for Upload,Path and PDF header indicate BSED/Secondary Culture and Arts Education major. Correct answer sourced from source PDF answer key.
377,2,1,BSED CAEd P8.pdf,/Users/lyndon/All reviewers/Sept2026_LET Reviewer Files/L. BSED - Culture and Arts Education-/BSED CAEd P8.pdf,Which of the following principles of art creates a sense of stability in a composition?,,,Variety,,Balance,,Emphasis,,Proportion,,,,A,Answer key: A,LET Secondary,Culture and Arts Education,Culture and Arts Education,3,No,,0.98,Ready for Upload,Path and PDF header indicate BSED/Secondary Culture and Arts Education major. Correct answer sourced from source PDF answer key.
378,3,1,BSED CAEd P8.pdf,/Users/lyndon/All reviewers/Sept2026_LET Reviewer Files/L. BSED - Culture and Arts Education-/BSED CAEd P8.pdf,“Tinikling” reflects which essential element of Filipino dance?,,,Coordination and rhythm inspired by nature,,Imitation of Western ballet,,Martial art movement,,Competition,,,,A,Answer key: A,LET Secondary,Culture and Arts Education,Performing Arts,3,No,,0.98,Ready for Upload,Path and PDF header indicate BSED/Secondary Culture and Arts Education major. Correct answer sourced from source PDF answer key.
379,4,1,BSED CAEd P8.pdf,/Users/lyndon/All reviewers/Sept2026_LET Reviewer Files/L. BSED - Culture and Arts Education-/BSED CAEd P8.pdf,The integration of art and local heritage promotes:,,,National identity and cultural pride,,Copying of foreign art styles,,Isolation of students,,Elitism in art,,,,A,Answer key: A,LET Secondary,Culture and Arts Education,Cultural Heritage and Preservation,3,No,,0.98,Ready for Upload,Path and PDF header indicate BSED/Secondary Culture and Arts Education major. Correct answer sourced from source PDF answer key.
380,5,1,BSED CAEd P8.pdf,/Users/lyndon/All reviewers/Sept2026_LET Reviewer Files/L. BSED - Culture and Arts Education-/BSED CAEd P8.pdf,The “Bayanihan” spirit portrayed in visual art emphasizes:,,,Modern technology,,Collective community cooperation,,Individual success,,Academic achievement,,,,C,Answer key: C,LET Secondary,Culture and Arts Education,Visual Arts and Design Principles,3,No,,0.98,Ready for Upload,Path and PDF header indicate BSED/Secondary Culture and Arts Education major. Correct answer sourced from source PDF answer key.
381,6,1,BSED CAEd P8.pdf,/Users/lyndon/All reviewers/Sept2026_LET Reviewer Files/L. BSED - Culture and Arts Education-/BSED CAEd P8.pdf,Which instrument provides melody in the “Rondalla”?,,,Bandurria,,Drum,,Flute,,Violin,,,,A,Answer key: A,LET Secondary,Culture and Arts Education,Culture and Arts Education,3,No,,0.98,Ready for Upload,Path and PDF header indicate BSED/Secondary Culture and Arts Education major. Correct answer sourced from source PDF answer key.
382,7,1,BSED CAEd P8.pdf,/Users/lyndon/All reviewers/Sept2026_LET Reviewer Files/L. BSED - Culture and Arts Education-/BSED CAEd P8.pdf,"When a student uses recycled materials to create art, this demonstrates:",,,Artistic innovation and environmental awareness,,Wastefulness,,Laziness,,Copying commercial art,,,,A,Answer key: A,LET Secondary,Culture and Arts Education,Culture and Arts Education,3,No,,0.98,Ready for Upload,Path and PDF header indicate BSED/Secondary Culture and Arts Education major. Correct answer sourced from source PDF answer key.
383,8,1,BSED CAEd P8.pdf,/Users/lyndon/All reviewers/Sept2026_LET Reviewer Files/L. BSED - Culture and Arts Education-/BSED CAEd P8.pdf,The “principle of proportion” in art is achieved when:,,,Elements relate well in size and scale,,Only colors vary,,Lines repeat,,Shapes overlap,,,,A,Answer key: A,LET Secondary,Culture and Arts Education,Culture and Arts Education,3,No,,0.98,Ready for Upload,Path and PDF header indicate BSED/Secondary Culture and Arts Education major. Correct answer sourced from source PDF answer key.
384,9,1,BSED CAEd P8.pdf,/Users/lyndon/All reviewers/Sept2026_LET Reviewer Files/L. BSED - Culture and Arts Education-/BSED CAEd P8.pdf,A classroom activity that asks students to dramatize folk tales integrates:,,,Theater arts and literature,,Visual art and design,,Music and dance,,Sculpture,,,,A,Answer key: A,LET Secondary,Culture and Arts Education,Performing Arts,3,No,,0.98,Ready for Upload,Path and PDF header indicate BSED/Secondary Culture and Arts Education major. Correct answer sourced from source PDF answer key.
385,10,1,BSED CAEd P8.pdf,/Users/lyndon/All reviewers/Sept2026_LET Reviewer Files/L. BSED - Culture and Arts Education-/BSED CAEd P8.pdf,The primary goal of art appreciation is to:,,,Develop critical and emotional response to art,,Memorize art definitions,,Identify artists only,,Grade student talent,,,,A,Answer key: A,LET Secondary,Culture and Arts Education,Art Appreciation and Criticism,3,No,,0.98,Ready for Upload,Path and PDF header indicate BSED/Secondary Culture and Arts Education major. Correct answer sourced from source PDF answer key.
386,11,1,BSED CAEd P8.pdf,/Users/lyndon/All reviewers/Sept2026_LET Reviewer Files/L. BSED - Culture and Arts Education-/BSED CAEd P8.pdf,Which of the following Philippine festivals honors the Santo Niño?,,,Sinulog,,Panagbenga,,Pahiyas,,Kadayawan,,,,A,Answer key: A,LET Secondary,Culture and Arts Education,Philippine Festivals,3,No,,0.98,Ready for Upload,Path and PDF header indicate BSED/Secondary Culture and Arts Education major. Correct answer sourced from source PDF answer key.
387,12,2,BSED CAEd P8.pdf,/Users/lyndon/All reviewers/Sept2026_LET Reviewer Files/L. BSED - Culture and Arts Education-/BSED CAEd P8.pdf,The principle of “unity” in design means:,,,All parts of artwork work together harmoniously,,Use of opposing elements,,Repetition of texture,,Division of subject,,,,A,Answer key: A,LET Secondary,Culture and Arts Education,Visual Arts and Design Principles,3,No,15,0.90,Duplicate,Path and PDF header indicate BSED/Secondary Culture and Arts Education major. Correct answer sourced from source PDF answer key. Duplicate or near-duplicate of row 15.
388,13,2,BSED CAEd P8.pdf,/Users/lyndon/All reviewers/Sept2026_LET Reviewer Files/L. BSED - Culture and Arts Education-/BSED CAEd P8.pdf,The art form that uses human movement as its medium is:,,,Dance,,Painting,,Sculpture,,Literature,,,,A,Answer key: A,LET Secondary,Culture and Arts Education,Visual Arts and Design Principles,3,No,,0.98,Ready for Upload,Path and PDF header indicate BSED/Secondary Culture and Arts Education major. Correct answer sourced from source PDF answer key.
389,14,2,BSED CAEd P8.pdf,/Users/lyndon/All reviewers/Sept2026_LET Reviewer Files/L. BSED - Culture and Arts Education-/BSED CAEd P8.pdf,The “Okir” motif of the Maranao people symbolizes:,,,"Flow, strength, and connection to nature",,Western decoration,,Simplicity,,Abstraction,,,,A,Answer key: A,LET Secondary,Culture and Arts Education,Indigenous and Regional Arts,3,No,,0.98,Ready for Upload,Path and PDF header indicate BSED/Secondary Culture and Arts Education major. Correct answer sourced from source PDF answer key.
390,15,2,BSED CAEd P8.pdf,/Users/lyndon/All reviewers/Sept2026_LET Reviewer Files/L. BSED - Culture and Arts Education-/BSED CAEd P8.pdf,"In teaching arts, “process-oriented learning” emphasizes:",,,Creativity and experimentation over product perfection,,Strict output uniformity,,Competition,,Memorization,,,,A,Answer key: A,LET Secondary,Culture and Arts Education,Arts Education Pedagogy,3,No,,0.98,Ready for Upload,Path and PDF header indicate BSED/Secondary Culture and Arts Education major. Correct answer sourced from source PDF answer key.
391,16,2,BSED CAEd P8.pdf,/Users/lyndon/All reviewers/Sept2026_LET Reviewer Files/L. BSED - Culture and Arts Education-/BSED CAEd P8.pdf,Which element of music deals with time duration of sound?,,,Rhythm,,Melody,,Harmony,,Pitch,,,,A,Answer key: A,LET Secondary,Culture and Arts Education,Performing Arts,3,No,,0.98,Ready for Upload,Path and PDF header indicate BSED/Secondary Culture and Arts Education major. Correct answer sourced from source PDF answer key.
392,17,2,BSED CAEd P8.pdf,/Users/lyndon/All reviewers/Sept2026_LET Reviewer Files/L. BSED - Culture and Arts Education-/BSED CAEd P8.pdf,"When students collaborate to make a mural about peace, the teacher fosters:",,,Cooperative learning and social awareness,,Individual grading,,Isolation,,Competition,,,,A,Answer key: A,LET Secondary,Culture and Arts Education,Arts Education Pedagogy,3,No,,0.98,Ready for Upload,Path and PDF header indicate BSED/Secondary Culture and Arts Education major. Correct answer sourced from source PDF answer key.
393,18,2,BSED CAEd P8.pdf,/Users/lyndon/All reviewers/Sept2026_LET Reviewer Files/L. BSED - Culture and Arts Education-/BSED CAEd P8.pdf,A teacher uses a painting to discuss emotions of people in history. This connects art with:,,,Social studies and emotional intelligence,,Mathematics,,Physical education,,ICT,,,,A,Answer key: A,LET Secondary,Culture and Arts Education,Visual Arts and Design Principles,3,No,,0.98,Ready for Upload,Path and PDF header indicate BSED/Secondary Culture and Arts Education major. Correct answer sourced from source PDF answer key.
394,19,2,BSED CAEd P8.pdf,/Users/lyndon/All reviewers/Sept2026_LET Reviewer Files/L. BSED - Culture and Arts Education-/BSED CAEd P8.pdf,“Texture” in art refers to:,,,The surface feel of an object,,The number of colors,,The size of shapes,,The direction of line,,,,A,Answer key: A,LET Secondary,Culture and Arts Education,Visual Arts and Design Principles,3,No,350,0.90,Duplicate,Path and PDF header indicate BSED/Secondary Culture and Arts Education major. Correct answer sourced from source PDF answer key. Duplicate or near-duplicate of row 350.
395,20,2,BSED CAEd P8.pdf,/Users/lyndon/All reviewers/Sept2026_LET Reviewer Files/L. BSED - Culture and Arts Education-/BSED CAEd P8.pdf,The “Pahiyas” festival is celebrated to honor:,,,San Isidro Labrador,,St. Peter,,Sto. Niño,,St. Paul,,,,A,Answer key: A,LET Secondary,Culture and Arts Education,Philippine Festivals,3,No,,0.98,Ready for Upload,Path and PDF header indicate BSED/Secondary Culture and Arts Education major. Correct answer sourced from source PDF answer key.
396,21,2,BSED CAEd P8.pdf,/Users/lyndon/All reviewers/Sept2026_LET Reviewer Files/L. BSED - Culture and Arts Education-/BSED CAEd P8.pdf,The “principle of contrast” in art creates:,,,Visual interest by combining opposites,,Harmony only,,Exact repetition,,Monotony,,,,A,Answer key: A,LET Secondary,Culture and Arts Education,Culture and Arts Education,3,No,,0.98,Ready for Upload,Path and PDF header indicate BSED/Secondary Culture and Arts Education major. Correct answer sourced from source PDF answer key.
397,22,2,BSED CAEd P8.pdf,/Users/lyndon/All reviewers/Sept2026_LET Reviewer Files/L. BSED - Culture and Arts Education-/BSED CAEd P8.pdf,"When students play the “kulintang,” they explore:",,,Traditional Southeast Asian musical culture,,Western orchestra,,Modern pop genre,,Electronic sound,,,,A,Answer key: A,LET Secondary,Culture and Arts Education,Arts Education Pedagogy,3,No,,0.98,Ready for Upload,Path and PDF header indicate BSED/Secondary Culture and Arts Education major. Correct answer sourced from source PDF answer key.
398,23,3,BSED CAEd P8.pdf,/Users/lyndon/All reviewers/Sept2026_LET Reviewer Files/L. BSED - Culture and Arts Education-/BSED CAEd P8.pdf,The famous painting “Planting Rice” was made by:,,,Fernando Amorsolo,,Vicente Manansala,,Juan Luna,,Fabian de la Rosa,,,,A,Answer key: A,LET Secondary,Culture and Arts Education,Visual Arts and Design Principles,3,No,,0.98,Ready for Upload,Path and PDF header indicate BSED/Secondary Culture and Arts Education major. Correct answer sourced from source PDF answer key.
399,24,3,BSED CAEd P8.pdf,/Users/lyndon/All reviewers/Sept2026_LET Reviewer Files/L. BSED - Culture and Arts Education-/BSED CAEd P8.pdf,The Cordillera “Hudhud” chants are examples of:,,,Epic oral literature,,Poetry books,,Visual symbols,,Historical maps,,,,A,Answer key: A,LET Secondary,Culture and Arts Education,Indigenous and Regional Arts,3,No,,0.98,Ready for Upload,Path and PDF header indicate BSED/Secondary Culture and Arts Education major. Correct answer sourced from source PDF answer key.
400,25,3,BSED CAEd P8.pdf,/Users/lyndon/All reviewers/Sept2026_LET Reviewer Files/L. BSED - Culture and Arts Education-/BSED CAEd P8.pdf,A student who connects Filipino folk art with global art movements shows:,,,Cultural synthesis and critical thinking,,Ignorance of tradition,,Copying foreign art,,Avoidance of local heritage,,,,A,Answer key: A,LET Secondary,Culture and Arts Education,Visual Arts and Design Principles,3,No,,0.98,Ready for Upload,Path and PDF header indicate BSED/Secondary Culture and Arts Education major. Correct answer sourced from source PDF answer key.
401,26,3,BSED CAEd P8.pdf,/Users/lyndon/All reviewers/Sept2026_LET Reviewer Files/L. BSED - Culture and Arts Education-/BSED CAEd P8.pdf,"The process of evaluating art based on meaning, form, and context is called:",,,Art criticism,,Memorization,,Design layout,,Color theory,,,,A,Answer key: A,LET Secondary,Culture and Arts Education,Visual Arts and Design Principles,3,No,,0.98,Ready for Upload,Path and PDF header indicate BSED/Secondary Culture and Arts Education major. Correct answer sourced from source PDF answer key.
402,27,3,BSED CAEd P8.pdf,/Users/lyndon/All reviewers/Sept2026_LET Reviewer Files/L. BSED - Culture and Arts Education-/BSED CAEd P8.pdf,“Dynamics” in music refers to:,,,Volume or intensity of sound,,Speed of tempo,,Texture of tone,,Repetition of rhythm,,,,A,Answer key: A,LET Secondary,Culture and Arts Education,Performing Arts,3,No,,0.98,Ready for Upload,Path and PDF header indicate BSED/Secondary Culture and Arts Education major. Correct answer sourced from source PDF answer key.
403,28,3,BSED CAEd P8.pdf,/Users/lyndon/All reviewers/Sept2026_LET Reviewer Files/L. BSED - Culture and Arts Education-/BSED CAEd P8.pdf,The teacher who uses local crafts in instruction practices:,,,Contextualized art education,,Imported curriculum,,Standardized testing,,Non-adaptive teaching,,,,A,Answer key: A,LET Secondary,Culture and Arts Education,Arts Education Pedagogy,3,No,,0.98,Ready for Upload,Path and PDF header indicate BSED/Secondary Culture and Arts Education major. Correct answer sourced from source PDF answer key.
404,29,3,BSED CAEd P8.pdf,/Users/lyndon/All reviewers/Sept2026_LET Reviewer Files/L. BSED - Culture and Arts Education-/BSED CAEd P8.pdf,“Proportion” in sculpture ensures:,,,Balance between body parts or components,,Use of bright color,,Unequal composition,,Unplanned design,,,,A,Answer key: A,LET Secondary,Culture and Arts Education,Visual Arts and Design Principles,3,No,,0.98,Ready for Upload,Path and PDF header indicate BSED/Secondary Culture and Arts Education major. Correct answer sourced from source PDF answer key.
405,30,3,BSED CAEd P8.pdf,/Users/lyndon/All reviewers/Sept2026_LET Reviewer Files/L. BSED - Culture and Arts Education-/BSED CAEd P8.pdf,A learner who performs an interpretative dance of the “Sarimanok” symbolizes:,,,Cultural storytelling through movement,,Modern digital art,,Abstract painting,,Literature,,,,A,Answer key: A,LET Secondary,Culture and Arts Education,Visual Arts and Design Principles,3,No,,0.98,Ready for Upload,Path and PDF header indicate BSED/Secondary Culture and Arts Education major. Correct answer sourced from source PDF answer key.
406,31,3,BSED CAEd P8.pdf,/Users/lyndon/All reviewers/Sept2026_LET Reviewer Files/L. BSED - Culture and Arts Education-/BSED CAEd P8.pdf,The principle of “emphasis” directs the viewer’s attention to:,,,The focal point of an artwork,,The entire background,,Random areas,,The frame,,,,A,Answer key: A,LET Secondary,Culture and Arts Education,Visual Arts and Design Principles,3,No,,0.98,Ready for Upload,Path and PDF header indicate BSED/Secondary Culture and Arts Education major. Correct answer sourced from source PDF answer key.
407,32,3,BSED CAEd P8.pdf,/Users/lyndon/All reviewers/Sept2026_LET Reviewer Files/L. BSED - Culture and Arts Education-/BSED CAEd P8.pdf,Which art form primarily uses words as medium?,,,Literature,,Sculpture,,Music,,Dance,,,,A,Answer key: A,LET Secondary,Culture and Arts Education,Visual Arts and Design Principles,3,No,,0.98,Ready for Upload,Path and PDF header indicate BSED/Secondary Culture and Arts Education major. Correct answer sourced from source PDF answer key.
408,33,3,BSED CAEd P8.pdf,/Users/lyndon/All reviewers/Sept2026_LET Reviewer Files/L. BSED - Culture and Arts Education-/BSED CAEd P8.pdf,“Tessellation” is a design technique that uses:,,,Repeated geometric patterns without gaps,,Asymmetrical drawing,,Random shapes,,Color only,,,,A,Answer key: A,LET Secondary,Culture and Arts Education,Culture and Arts Education,3,No,,0.98,Ready for Upload,Path and PDF header indicate BSED/Secondary Culture and Arts Education major. Correct answer sourced from source PDF answer key.
409,34,4,BSED CAEd P8.pdf,/Users/lyndon/All reviewers/Sept2026_LET Reviewer Files/L. BSED - Culture and Arts Education-/BSED CAEd P8.pdf,The famous artist who painted “Madonna of the Slums” is:,,,Vicente Manansala,,Botong Francisco,,H.R. Ocampo,,Jose Joya,,,,A,Answer key: A,LET Secondary,Culture and Arts Education,Culture and Arts Education,3,No,,0.98,Ready for Upload,Path and PDF header indicate BSED/Secondary Culture and Arts Education major. Correct answer sourced from source PDF answer key.
410,35,4,BSED CAEd P8.pdf,/Users/lyndon/All reviewers/Sept2026_LET Reviewer Files/L. BSED - Culture and Arts Education-/BSED CAEd P8.pdf,"The K–12 Arts curriculum promotes “integrative teaching,” meaning:",,,Connection of arts with life and other disciplines,,Separation of art subjects,,Focus only on theory,,Strict performance grading,,,,A,Answer key: A,LET Secondary,Culture and Arts Education,Arts Education Pedagogy,3,No,,0.98,Ready for Upload,Path and PDF header indicate BSED/Secondary Culture and Arts Education major. Correct answer sourced from source PDF answer key.
411,36,4,BSED CAEd P8.pdf,/Users/lyndon/All reviewers/Sept2026_LET Reviewer Files/L. BSED - Culture and Arts Education-/BSED CAEd P8.pdf,A student designing costumes for a school play engages in:,,,Applied arts,,Literary arts,,Folk arts,,Music arts,,,,A,Answer key: A,LET Secondary,Culture and Arts Education,Culture and Arts Education,3,No,,0.98,Ready for Upload,Path and PDF header indicate BSED/Secondary Culture and Arts Education major. Correct answer sourced from source PDF answer key.
412,37,4,BSED CAEd P8.pdf,/Users/lyndon/All reviewers/Sept2026_LET Reviewer Files/L. BSED - Culture and Arts Education-/BSED CAEd P8.pdf,The study of symbols and meanings in art is called:,,,Iconography,,Calligraphy,,Epigraphy,,Typography,,,,A,Answer key: A,LET Secondary,Culture and Arts Education,Culture and Arts Education,3,No,,0.98,Ready for Upload,Path and PDF header indicate BSED/Secondary Culture and Arts Education major. Correct answer sourced from source PDF answer key.
413,38,4,BSED CAEd P8.pdf,/Users/lyndon/All reviewers/Sept2026_LET Reviewer Files/L. BSED - Culture and Arts Education-/BSED CAEd P8.pdf,The “principle of rhythm” in dance means:,,,Flow of movements through patterned timing,,Random motion,,Static poses,,Freezing of action,,,,A,Answer key: A,LET Secondary,Culture and Arts Education,Visual Arts and Design Principles,3,No,,0.98,Ready for Upload,Path and PDF header indicate BSED/Secondary Culture and Arts Education major. Correct answer sourced from source PDF answer key.
414,39,4,BSED CAEd P8.pdf,/Users/lyndon/All reviewers/Sept2026_LET Reviewer Files/L. BSED - Culture and Arts Education-/BSED CAEd P8.pdf,The “Kundiman” is best described as a:,,,Traditional Filipino love song,,Ritual chant,,War hymn,,Folk dance,,,,A,Answer key: A,LET Secondary,Culture and Arts Education,Culture and Arts Education,3,No,,0.98,Ready for Upload,Path and PDF header indicate BSED/Secondary Culture and Arts Education major. Correct answer sourced from source PDF answer key.
415,40,4,BSED CAEd P8.pdf,/Users/lyndon/All reviewers/Sept2026_LET Reviewer Files/L. BSED - Culture and Arts Education-/BSED CAEd P8.pdf,Which of the following refers to art made during the Spanish colonial period in the Philippines?,,,Religious art and church architecture,,Digital installations,,Futurism,,Abstract expressionism,,,,A,Answer key: A,LET Secondary,Culture and Arts Education,Culture and Arts Education,3,No,,0.98,Ready for Upload,Path and PDF header indicate BSED/Secondary Culture and Arts Education major. Correct answer sourced from source PDF answer key.
416,41,4,BSED CAEd P8.pdf,/Users/lyndon/All reviewers/Sept2026_LET Reviewer Files/L. BSED - Culture and Arts Education-/BSED CAEd P8.pdf,"The creation of art for practical use, such as pottery, is known as:",,,Functional art,,Fine art,,Conceptual art,,Performance art,,,,A,Answer key: A,LET Secondary,Culture and Arts Education,Culture and Arts Education,3,No,,0.98,Ready for Upload,Path and PDF header indicate BSED/Secondary Culture and Arts Education major. Correct answer sourced from source PDF answer key.
417,42,4,BSED CAEd P8.pdf,/Users/lyndon/All reviewers/Sept2026_LET Reviewer Files/L. BSED - Culture and Arts Education-/BSED CAEd P8.pdf,The NCCA is under the supervision of which department?,,,Office of the President,,Department of Education,,Department of Tourism,,Department of Culture,,,,A,Answer key: A,LET Secondary,Culture and Arts Education,Cultural Heritage and Preservation,3,No,,0.98,Ready for Upload,Path and PDF header indicate BSED/Secondary Culture and Arts Education major. Correct answer sourced from source PDF answer key.
418,43,4,BSED CAEd P8.pdf,/Users/lyndon/All reviewers/Sept2026_LET Reviewer Files/L. BSED - Culture and Arts Education-/BSED CAEd P8.pdf,The “principle of variety” in art provides:,,,Interest through contrast and diversity of elements,,Strict repetition,,Monotony,,Simplicity,,,,A,Answer key: A,LET Secondary,Culture and Arts Education,Visual Arts and Design Principles,3,No,,0.98,Ready for Upload,Path and PDF header indicate BSED/Secondary Culture and Arts Education major. Correct answer sourced from source PDF answer key.
419,44,4,BSED CAEd P8.pdf,/Users/lyndon/All reviewers/Sept2026_LET Reviewer Files/L. BSED - Culture and Arts Education-/BSED CAEd P8.pdf,A “collage” uses:,,,Cut and pasted materials to form a composition,,Only paint,,Clay sculpting,,Fabric weaving,,,,A,Answer key: A,LET Secondary,Culture and Arts Education,Culture and Arts Education,3,No,,0.98,Ready for Upload,Path and PDF header indicate BSED/Secondary Culture and Arts Education major. Correct answer sourced from source PDF answer key.
420,45,5,BSED CAEd P8.pdf,/Users/lyndon/All reviewers/Sept2026_LET Reviewer Files/L. BSED - Culture and Arts Education-/BSED CAEd P8.pdf,The “Salidummay” song is native to:,,,Cordillera region,,Visayas,,Mindanao,,Palawan,,,,A,Answer key: A,LET Secondary,Culture and Arts Education,Performing Arts,3,No,,0.98,Ready for Upload,Path and PDF header indicate BSED/Secondary Culture and Arts Education major. Correct answer sourced from source PDF answer key.
421,46,5,BSED CAEd P8.pdf,/Users/lyndon/All reviewers/Sept2026_LET Reviewer Files/L. BSED - Culture and Arts Education-/BSED CAEd P8.pdf,"In drama, the element that conveys theme and emotion through dialogue is:",,,Script,,Set design,,Lighting,,Costume,,,,A,Answer key: A,LET Secondary,Culture and Arts Education,Performing Arts,3,No,,0.98,Ready for Upload,Path and PDF header indicate BSED/Secondary Culture and Arts Education major. Correct answer sourced from source PDF answer key.
422,47,5,BSED CAEd P8.pdf,/Users/lyndon/All reviewers/Sept2026_LET Reviewer Files/L. BSED - Culture and Arts Education-/BSED CAEd P8.pdf,Which of the following describes “cultural mapping”?,,,Identifying and documenting local cultural resources,,Making geographical maps,,Drawing only,,Surveying students,,,,A,Answer key: A,LET Secondary,Culture and Arts Education,Cultural Heritage and Preservation,3,No,,0.98,Ready for Upload,Path and PDF header indicate BSED/Secondary Culture and Arts Education major. Correct answer sourced from source PDF answer key.
423,48,5,BSED CAEd P8.pdf,/Users/lyndon/All reviewers/Sept2026_LET Reviewer Files/L. BSED - Culture and Arts Education-/BSED CAEd P8.pdf,“Cross-curricular arts integration” occurs when:,,,Art concepts support learning in other subjects,,Art is taught separately,,Art replaces math,,Art is excluded,,,,A,Answer key: A,LET Secondary,Culture and Arts Education,Culture and Arts Education,3,No,,0.98,Ready for Upload,Path and PDF header indicate BSED/Secondary Culture and Arts Education major. Correct answer sourced from source PDF answer key.
424,49,5,BSED CAEd P8.pdf,/Users/lyndon/All reviewers/Sept2026_LET Reviewer Files/L. BSED - Culture and Arts Education-/BSED CAEd P8.pdf,“Perspective” in visual arts shows:,,,Illusion of depth and distance on a flat surface,,Texture of paint,,Color scheme,,Tone,,,,A,Answer key: A,LET Secondary,Culture and Arts Education,Visual Arts and Design Principles,3,No,,0.98,Ready for Upload,Path and PDF header indicate BSED/Secondary Culture and Arts Education major. Correct answer sourced from source PDF answer key.
425,50,5,BSED CAEd P8.pdf,/Users/lyndon/All reviewers/Sept2026_LET Reviewer Files/L. BSED - Culture and Arts Education-/BSED CAEd P8.pdf,A Filipino artist who used abstract modernism and dynamic colors was:,,,Jose Joya,,Botong Francisco,,Guillermo Tolentino,,Napoleon Abueva,,,,A,Answer key: A,LET Secondary,Culture and Arts Education,Visual Arts and Design Principles,3,No,,0.98,Ready for Upload,Path and PDF header indicate BSED/Secondary Culture and Arts Education major. Correct answer sourced from source PDF answer key.
426,1,1,BSED CAEd P9.pdf,/Users/lyndon/All reviewers/Sept2026_LET Reviewer Files/L. BSED - Culture and Arts Education-/BSED CAEd P9.pdf,“Cultural heritage” refers to:,,,Tangible and intangible treasures inherited from past generations,,Government property,,Modern technology,,Imported artworks,,,,A,Answer key: Tangible and intangible treasures inherited from past generations,LET Secondary,Culture and Arts Education,Cultural Heritage and Preservation,3,No,,0.98,Ready for Upload,Path and PDF header indicate BSED/Secondary Culture and Arts Education major. Correct answer sourced from source PDF answer key.
427,2,1,BSED CAEd P9.pdf,/Users/lyndon/All reviewers/Sept2026_LET Reviewer Files/L. BSED - Culture and Arts Education-/BSED CAEd P9.pdf,“Tangible cultural heritage” includes:,,,"Monuments, artifacts, and buildings",,Songs and traditions,,Languages,,Stories,,,,A,"Answer key: Monuments, artifacts, and buildings",LET Secondary,Culture and Arts Education,Cultural Heritage and Preservation,3,No,,0.98,Ready for Upload,Path and PDF header indicate BSED/Secondary Culture and Arts Education major. Correct answer sourced from source PDF answer key.
428,3,1,BSED CAEd P9.pdf,/Users/lyndon/All reviewers/Sept2026_LET Reviewer Files/L. BSED - Culture and Arts Education-/BSED CAEd P9.pdf,“Intangible cultural heritage” includes:,,,"Oral traditions, performing arts, and rituals",,Sculptures and monuments,,Paintings,,Architecture,,,,A,"Answer key: Oral traditions, performing arts, and rituals",LET Secondary,Culture and Arts Education,Cultural Heritage and Preservation,3,No,,0.98,Ready for Upload,Path and PDF header indicate BSED/Secondary Culture and Arts Education major. Correct answer sourced from source PDF answer key.
429,4,1,BSED CAEd P9.pdf,/Users/lyndon/All reviewers/Sept2026_LET Reviewer Files/L. BSED - Culture and Arts Education-/BSED CAEd P9.pdf,The “National Museum of the Philippines” primarily aims to:,,,Preserve and promote the nation’s cultural and natural heritage,,Focus on imported art collections,,Train foreign curators,,Operate as a private gallery,,,,A,Answer key: Preserve and promote the nation’s cultural and natural heritage,LET Secondary,Culture and Arts Education,Cultural Heritage and Preservation,3,No,,0.98,Ready for Upload,Path and PDF header indicate BSED/Secondary Culture and Arts Education major. Correct answer sourced from source PDF answer key.
430,5,1,BSED CAEd P9.pdf,/Users/lyndon/All reviewers/Sept2026_LET Reviewer Files/L. BSED - Culture and Arts Education-/BSED CAEd P9.pdf,“UNESCO” stands for:,,,"United Nations Educational, Scientific and Cultural Organization",,United Nations for Economic Cooperation,,Universal Nation for Culture and Science Organization,,Union of National Science Offices,,,,A,"Answer key: United Nations Educational, Scientific and Cultural Organization",LET Secondary,Culture and Arts Education,Cultural Heritage and Preservation,3,No,,0.98,Ready for Upload,Path and PDF header indicate BSED/Secondary Culture and Arts Education major. Correct answer sourced from source PDF answer key.
431,6,1,BSED CAEd P9.pdf,/Users/lyndon/All reviewers/Sept2026_LET Reviewer Files/L. BSED - Culture and Arts Education-/BSED CAEd P9.pdf,The “NCCA” or National Commission for Culture and the Arts is responsible for:,,,Policy-making and coordination of cultural development programs,,Tourism promotion,,Historical textbooks,,Architecture licensing,,,,A,Answer key: Policy-making and coordination of cultural development programs,LET Secondary,Culture and Arts Education,Cultural Heritage and Preservation,3,No,,0.98,Ready for Upload,Path and PDF header indicate BSED/Secondary Culture and Arts Education major. Correct answer sourced from source PDF answer key.
432,7,1,BSED CAEd P9.pdf,/Users/lyndon/All reviewers/Sept2026_LET Reviewer Files/L. BSED - Culture and Arts Education-/BSED CAEd P9.pdf,“Cultural mapping” helps communities:,,,Identify and document cultural properties and heritage practices,,Build new structures,,Replace old traditions,,Focus on modern lifestyle,,,,A,Answer key: Identify and document cultural properties and heritage practices,LET Secondary,Culture and Arts Education,Cultural Heritage and Preservation,3,No,,0.98,Ready for Upload,Path and PDF header indicate BSED/Secondary Culture and Arts Education major. Correct answer sourced from source PDF answer key.
433,8,1,BSED CAEd P9.pdf,/Users/lyndon/All reviewers/Sept2026_LET Reviewer Files/L. BSED - Culture and Arts Education-/BSED CAEd P9.pdf,The “National Cultural Treasure” designation is given to:,,,Cultural properties of exceptional significance to the nation,,Local sports events,,School art projects,,Imported antiques,,,,A,Answer key: Cultural properties of exceptional significance to the nation,LET Secondary,Culture and Arts Education,Cultural Heritage and Preservation,3,No,,0.98,Ready for Upload,Path and PDF header indicate BSED/Secondary Culture and Arts Education major. Correct answer sourced from source PDF answer key.
434,9,1,BSED CAEd P9.pdf,/Users/lyndon/All reviewers/Sept2026_LET Reviewer Files/L. BSED - Culture and Arts Education-/BSED CAEd P9.pdf,The “Ifugao Rice Terraces” are recognized as:,,,UNESCO World Heritage Site,,Urban art installation,,Industrial landmark,,Modern sculpture,,,,A,Answer key: UNESCO World Heritage Site,LET Secondary,Culture and Arts Education,Indigenous and Regional Arts,3,No,,0.98,Ready for Upload,Path and PDF header indicate BSED/Secondary Culture and Arts Education major. Correct answer sourced from source PDF answer key.
435,10,1,BSED CAEd P9.pdf,/Users/lyndon/All reviewers/Sept2026_LET Reviewer Files/L. BSED - Culture and Arts Education-/BSED CAEd P9.pdf,“Traditional art forms” in the Philippines often serve to:,,,"Express faith, social values, and community identity",,Copy Western art,,Replace old customs,,Promote commercialism,,,,A,"Answer key: Express faith, social values, and community identity",LET Secondary,Culture and Arts Education,Visual Arts and Design Principles,3,No,,0.98,Ready for Upload,Path and PDF header indicate BSED/Secondary Culture and Arts Education major. Correct answer sourced from source PDF answer key.
436,11,1,BSED CAEd P9.pdf,/Users/lyndon/All reviewers/Sept2026_LET Reviewer Files/L. BSED - Culture and Arts Education-/BSED CAEd P9.pdf,“Cultural preservation” ensures that:,,,Future generations can experience and appreciate their heritage,,Art is kept secret,,Old traditions are erased,,Culture becomes static,,,,A,Answer key: Future generations can experience and appreciate their heritage,LET Secondary,Culture and Arts Education,Cultural Heritage and Preservation,3,No,,0.98,Ready for Upload,Path and PDF header indicate BSED/Secondary Culture and Arts Education major. Correct answer sourced from source PDF answer key.
437,12,2,BSED CAEd P9.pdf,/Users/lyndon/All reviewers/Sept2026_LET Reviewer Files/L. BSED - Culture and Arts Education-/BSED CAEd P9.pdf,The “National Archives” primarily preserve:,,,Historical documents and manuscripts,,Ancient tools,,Textiles,,Jewelry,,,,A,Answer key: Historical documents and manuscripts,LET Secondary,Culture and Arts Education,Cultural Heritage and Preservation,3,No,,0.98,Ready for Upload,Path and PDF header indicate BSED/Secondary Culture and Arts Education major. Correct answer sourced from source PDF answer key.
438,13,2,BSED CAEd P9.pdf,/Users/lyndon/All reviewers/Sept2026_LET Reviewer Files/L. BSED - Culture and Arts Education-/BSED CAEd P9.pdf,“Art integration” in education promotes:,,,Creativity across different learning areas,,Separation of subjects,,Focus only on art class,,Uniform teaching methods,,,,A,Answer key: Creativity across different learning areas,LET Secondary,Culture and Arts Education,Arts Education Pedagogy,3,No,,0.98,Ready for Upload,Path and PDF header indicate BSED/Secondary Culture and Arts Education major. Correct answer sourced from source PDF answer key.
439,14,2,BSED CAEd P9.pdf,/Users/lyndon/All reviewers/Sept2026_LET Reviewer Files/L. BSED - Culture and Arts Education-/BSED CAEd P9.pdf,The “Bahay Kubo” symbolizes:,,,"Filipino ingenuity, simplicity, and harmony with nature",,Spanish architecture,,Modern housing,,Industrial progress,,,,A,"Answer key: Filipino ingenuity, simplicity, and harmony with nature",LET Secondary,Culture and Arts Education,Culture and Arts Education,3,No,,0.98,Ready for Upload,Path and PDF header indicate BSED/Secondary Culture and Arts Education major. Correct answer sourced from source PDF answer key.
440,15,2,BSED CAEd P9.pdf,/Users/lyndon/All reviewers/Sept2026_LET Reviewer Files/L. BSED - Culture and Arts Education-/BSED CAEd P9.pdf,“Contemporary art” reflects:,,,"Present-day issues, perspectives, and expressions",,Ancient rituals,,Colonial influence,,Classical subjects only,,,,A,"Answer key: Present-day issues, perspectives, and expressions",LET Secondary,Culture and Arts Education,Contemporary and Digital Arts,3,No,121,0.90,Duplicate,Path and PDF header indicate BSED/Secondary Culture and Arts Education major. Correct answer sourced from source PDF answer key. Duplicate or near-duplicate of row 121.
441,16,2,BSED CAEd P9.pdf,/Users/lyndon/All reviewers/Sept2026_LET Reviewer Files/L. BSED - Culture and Arts Education-/BSED CAEd P9.pdf,“Multimedia art” combines:,,,"Various forms like video, sound, and digital imagery",,Oil and watercolor,,Photography only,,Written poetry,,,,A,"Answer key: Various forms like video, sound, and digital imagery",LET Secondary,Culture and Arts Education,Contemporary and Digital Arts,3,No,96,0.90,Duplicate,Path and PDF header indicate BSED/Secondary Culture and Arts Education major. Correct answer sourced from source PDF answer key. Duplicate or near-duplicate of row 96.
442,17,2,BSED CAEd P9.pdf,/Users/lyndon/All reviewers/Sept2026_LET Reviewer Files/L. BSED - Culture and Arts Education-/BSED CAEd P9.pdf,The “Manunggul Jar” is an example of:,,,Prehistoric art symbolizing life after death,,Colonial art,,Trade artifact,,Foreign pottery,,,,A,Answer key: Prehistoric art symbolizing life after death,LET Secondary,Culture and Arts Education,Indigenous and Regional Arts,3,No,,0.98,Ready for Upload,Path and PDF header indicate BSED/Secondary Culture and Arts Education major. Correct answer sourced from source PDF answer key.
443,18,2,BSED CAEd P9.pdf,/Users/lyndon/All reviewers/Sept2026_LET Reviewer Files/L. BSED - Culture and Arts Education-/BSED CAEd P9.pdf,“Cultural relativism” teaches that:,,,Each culture should be understood in its own context,,Western culture is superior,,All art must be universal,,Traditional beliefs are outdated,,,,A,Answer key: Each culture should be understood in its own context,LET Secondary,Culture and Arts Education,Art Appreciation and Criticism,3,No,,0.98,Ready for Upload,Path and PDF header indicate BSED/Secondary Culture and Arts Education major. Correct answer sourced from source PDF answer key.
444,19,2,BSED CAEd P9.pdf,/Users/lyndon/All reviewers/Sept2026_LET Reviewer Files/L. BSED - Culture and Arts Education-/BSED CAEd P9.pdf,“Art curation” in museums involves:,,,"Selecting, organizing, and interpreting artworks for public display",,Making posters,,Selling art pieces,,Judging contests,,,,A,"Answer key: Selecting, organizing, and interpreting artworks for public display",LET Secondary,Culture and Arts Education,Cultural Heritage and Preservation,3,No,,0.98,Ready for Upload,Path and PDF header indicate BSED/Secondary Culture and Arts Education major. Correct answer sourced from source PDF answer key.
445,20,2,BSED CAEd P9.pdf,/Users/lyndon/All reviewers/Sept2026_LET Reviewer Files/L. BSED - Culture and Arts Education-/BSED CAEd P9.pdf,“Art as social commentary” means:,,,Using art to reflect or critique social issues,,Making entertainment,,Copying political posters,,Avoiding controversial topics,,,,A,Answer key: Using art to reflect or critique social issues,LET Secondary,Culture and Arts Education,Art Appreciation and Criticism,3,No,,0.98,Ready for Upload,Path and PDF header indicate BSED/Secondary Culture and Arts Education major. Correct answer sourced from source PDF answer key.
446,21,2,BSED CAEd P9.pdf,/Users/lyndon/All reviewers/Sept2026_LET Reviewer Files/L. BSED - Culture and Arts Education-/BSED CAEd P9.pdf,“Sustainable heritage tourism” promotes:,,,Cultural appreciation while protecting sites from damage,,Building commercial malls,,Unlimited tourism,,Abandoning preservation,,,,A,Answer key: Cultural appreciation while protecting sites from damage,LET Secondary,Culture and Arts Education,Cultural Heritage and Preservation,3,No,,0.98,Ready for Upload,Path and PDF header indicate BSED/Secondary Culture and Arts Education major. Correct answer sourced from source PDF answer key.
447,22,2,BSED CAEd P9.pdf,/Users/lyndon/All reviewers/Sept2026_LET Reviewer Files/L. BSED - Culture and Arts Education-/BSED CAEd P9.pdf,The “principle of context” in art appreciation focuses on:,,,"The historical, cultural, and social background of an artwork",,The artist’s favorite color,,Random interpretation,,Physical location only,,,,A,"Answer key: The historical, cultural, and social background of an artwork",LET Secondary,Culture and Arts Education,Art Appreciation and Criticism,3,No,,0.98,Ready for Upload,Path and PDF header indicate BSED/Secondary Culture and Arts Education major. Correct answer sourced from source PDF answer key.
448,23,3,BSED CAEd P9.pdf,/Users/lyndon/All reviewers/Sept2026_LET Reviewer Files/L. BSED - Culture and Arts Education-/BSED CAEd P9.pdf,“Interdisciplinary art” combines:,,,Multiple art forms and fields for innovation,,Similar artworks,,Identical themes,,A single medium,,,,A,Answer key: Multiple art forms and fields for innovation,LET Secondary,Culture and Arts Education,Culture and Arts Education,3,No,,0.98,Ready for Upload,Path and PDF header indicate BSED/Secondary Culture and Arts Education major. Correct answer sourced from source PDF answer key.
449,24,3,BSED CAEd P9.pdf,/Users/lyndon/All reviewers/Sept2026_LET Reviewer Files/L. BSED - Culture and Arts Education-/BSED CAEd P9.pdf,“Digital art” in 21st-century education encourages:,,,Creativity through technology-based expression,,Manual sketching only,,Avoiding new tools,,Limiting imagination,,,,A,Answer key: Creativity through technology-based expression,LET Secondary,Culture and Arts Education,Contemporary and Digital Arts,3,No,,0.98,Ready for Upload,Path and PDF header indicate BSED/Secondary Culture and Arts Education major. Correct answer sourced from source PDF answer key.
450,25,3,BSED CAEd P9.pdf,/Users/lyndon/All reviewers/Sept2026_LET Reviewer Files/L. BSED - Culture and Arts Education-/BSED CAEd P9.pdf,The “ultimate goal of art education” is to:,,,"Develop creativity, cultural awareness, and critical thinking",,Produce professional artists only,,Memorize art history,,Focus on competition 2026,,,,A,"Answer key: Develop creativity, cultural awareness, and critical thinking",LET Secondary,Culture and Arts Education,Arts Education Pedagogy,3,No,,0.98,Ready for Upload,Path and PDF header indicate BSED/Secondary Culture and Arts Education major. Correct answer sourced from source PDF answer key.
