No.,Source PDF,Source Path,Original No.,Page,Question,Choice A,Choice B,Choice C,Choice D,Choice E if there is,Correct Answer,Explanation,Exam Type,Subject Category,Topic Slug,Difficulty,Has Image,Image Reference,Image Path,Status,Notes
1,Done - Civil Service Exam Reviewer for 2026.pdf,/Users/lyndon/All reviewers/Civil Service Exam/Civil Service Exam Reviewer 2026/CSE EXAMS AND REVIEWER 2026/Done - Civil Service Exam Reviewer for 2026.pdf,1,4,"If 1 + 2 + 3 + 4 + 5 + 6 + 7 + 8 + 9 + 10 = 55, then 11 + 12 + 13 + 14 + 15 + 16 + 17 + 18 + 19 + 20 = ?",65,155,125,550,,B,Correct answer is marked in red in the source PDF: B.,Both,Numerical Ability,word-problems,2,No,,,Ready for Upload,Word Problems and Operations. sub_topic:word-problems-sub
2,Done - Civil Service Exam Reviewer for 2026.pdf,/Users/lyndon/All reviewers/Civil Service Exam/Civil Service Exam Reviewer 2026/CSE EXAMS AND REVIEWER 2026/Done - Civil Service Exam Reviewer for 2026.pdf,2,4,Evaluate: 16 (24 8) 22× 8,40,48,64,168,,D,Correct answer is marked in red in the source PDF: D.,Both,Numerical Ability,word-problems,2,No,,,Ready for Upload,Word Problems and Operations. sub_topic:word-problems-sub
3,Done - Civil Service Exam Reviewer for 2026.pdf,/Users/lyndon/All reviewers/Civil Service Exam/Civil Service Exam Reviewer 2026/CSE EXAMS AND REVIEWER 2026/Done - Civil Service Exam Reviewer for 2026.pdf,3,4,Find the product: 800 x 125.,925,1000,10 000,100 000,,D,Correct answer is marked in red in the source PDF: D.,Both,Numerical Ability,word-problems,2,No,,,Ready for Upload,Word Problems and Operations. sub_topic:word-problems-sub
4,Done - Civil Service Exam Reviewer for 2026.pdf,/Users/lyndon/All reviewers/Civil Service Exam/Civil Service Exam Reviewer 2026/CSE EXAMS AND REVIEWER 2026/Done - Civil Service Exam Reviewer for 2026.pdf,4,4,Find the quotient: 8 000 125,48,64,80,88,,B,Correct answer is marked in red in the source PDF: B.,Both,Numerical Ability,word-problems,2,No,,,Ready for Upload,Word Problems and Operations. sub_topic:word-problems-sub
5,Done - Civil Service Exam Reviewer for 2026.pdf,/Users/lyndon/All reviewers/Civil Service Exam/Civil Service Exam Reviewer 2026/CSE EXAMS AND REVIEWER 2026/Done - Civil Service Exam Reviewer for 2026.pdf,5,4-5,Find the sum: 299 + 943 + 398 + 101,"1,531","1,641","1,741","122,222",,C,Correct answer is marked in red in the source PDF: C.,Both,Numerical Ability,word-problems,2,No,,,Ready for Upload,Word Problems and Operations. sub_topic:word-problems-sub
6,Done - Civil Service Exam Reviewer for 2026.pdf,/Users/lyndon/All reviewers/Civil Service Exam/Civil Service Exam Reviewer 2026/CSE EXAMS AND REVIEWER 2026/Done - Civil Service Exam Reviewer for 2026.pdf,6,5,"If 1 + 2 + 3 + 4 + 5 + 6 + 7 + 8 + 9 + 10 = 55, then 101 + 102 + 103 + 104 + 105 + 106 + 107 + 108 + 109 + 110 = ?","1,055","1,06",5,"1,07",,,,Both,Numerical Ability,word-problems,2,No,,,Needs Answer,"Word Problems and Operations. Could not uniquely map red answer text: a. 1,055 b. c. d. sub_topic:word-problems-sub"
7,Done - Civil Service Exam Reviewer for 2026.pdf,/Users/lyndon/All reviewers/Civil Service Exam/Civil Service Exam Reviewer 2026/CSE EXAMS AND REVIEWER 2026/Done - Civil Service Exam Reviewer for 2026.pdf,7,5,What is t5he remainder when 192 888 is divided by 8?,"5,50 0",04 8 24,111,,,,,Both,Numerical Ability,word-problems,2,No,,,Needs Answer,Word Problems and Operations. Missing one or more A-D choices. Could not uniquely map red answer text: a. 0 b. c. d. sub_topic:word-problems-sub
8,Done - Civil Service Exam Reviewer for 2026.pdf,/Users/lyndon/All reviewers/Civil Service Exam/Civil Service Exam Reviewer 2026/CSE EXAMS AND REVIEWER 2026/Done - Civil Service Exam Reviewer for 2026.pdf,8,5,"Rounding 299 943 to the nearest thousands, the result is",299 940,299 000,299 900,300 000,,D,Correct answer is marked in red in the source PDF: D.,Both,Numerical Ability,word-problems,2,No,,,Ready for Upload,Word Problems and Operations. sub_topic:word-problems-sub
9,Done - Civil Service Exam Reviewer for 2026.pdf,/Users/lyndon/All reviewers/Civil Service Exam/Civil Service Exam Reviewer 2026/CSE EXAMS AND REVIEWER 2026/Done - Civil Service Exam Reviewer for 2026.pdf,9,5,If 23 + 28 + 37 + x + 53 = 168 and 23 + 28 + 40 + y + 50 = 120. Find the value of x – y?,36,48,56,64,,B,Correct answer is marked in red in the source PDF: B.,Both,Numerical Ability,word-problems,2,No,,,Ready for Upload,Word Problems and Operations. sub_topic:word-problems-sub
10,Done - Civil Service Exam Reviewer for 2026.pdf,/Users/lyndon/All reviewers/Civil Service Exam/Civil Service Exam Reviewer 2026/CSE EXAMS AND REVIEWER 2026/Done - Civil Service Exam Reviewer for 2026.pdf,10,5-6,398.101 is read as,"three hundred ninety eight, one hundred one.",three hundred ninety eight and one hundred one.,three hundred ninety eight and one hundred one hundredths,three hundred ninety eight and one hundred one thousands,,D,Correct answer is marked in red in the source PDF: D.,Both,Numerical Ability,word-problems,2,No,,,Ready for Upload,Word Problems and Operations. sub_topic:word-problems-sub
11,Done - Civil Service Exam Reviewer for 2026.pdf,/Users/lyndon/All reviewers/Civil Service Exam/Civil Service Exam Reviewer 2026/CSE EXAMS AND REVIEWER 2026/Done - Civil Service Exam Reviewer for 2026.pdf,11,6,A number is divisible by 8 if its last three digits is divisible by 8. Which of the following numbers is divisible by 8?,9 208,6 236,88 254,8 886,,,,Both,Numerical Ability,word-problems,2,No,,,Needs Answer,Word Problems and Operations. Could not uniquely map red answer text: a. 9 208 b. c. d. sub_topic:word-problems-sub
12,Done - Civil Service Exam Reviewer for 2026.pdf,/Users/lyndon/All reviewers/Civil Service Exam/Civil Service Exam Reviewer 2026/CSE EXAMS AND REVIEWER 2026/Done - Civil Service Exam Reviewer for 2026.pdf,12,6,Which of the following statements is true?,"If a number is divisible by 5, then it is divisible by 10.","Ifanumberisdivisibleby10,thenitisdivisibleby 5.","If a number is divisble by 3, then it is divisible by 6","If a number is divisible by 4, then it is divisible by 8",,B,Correct answer is marked in red in the source PDF: B.,Both,Numerical Ability,word-problems,2,No,,,Ready for Upload,Word Problems and Operations. sub_topic:word-problems-sub
13,Done - Civil Service Exam Reviewer for 2026.pdf,/Users/lyndon/All reviewers/Civil Service Exam/Civil Service Exam Reviewer 2026/CSE EXAMS AND REVIEWER 2026/Done - Civil Service Exam Reviewer for 2026.pdf,13,6,Simplify: ½ (128 – 84) – ½ (128 – 84),0,20,44,64,,C,Correct answer is marked in red in the source PDF: C.,Both,Numerical Ability,word-problems,2,No,,,Ready for Upload,Word Problems and Operations. sub_topic:word-problems-sub
14,Done - Civil Service Exam Reviewer for 2026.pdf,/Users/lyndon/All reviewers/Civil Service Exam/Civil Service Exam Reviewer 2026/CSE EXAMS AND REVIEWER 2026/Done - Civil Service Exam Reviewer for 2026.pdf,14,6,Simplify: 33 1/3% of 48 + 12 ½% of 96 – 44 4/9% of 27,12,16,24,48,,B,Correct answer is marked in red in the source PDF: B.,Both,Numerical Ability,word-problems,2,No,,,Ready for Upload,Word Problems and Operations. sub_topic:word-problems-sub
15,Done - Civil Service Exam Reviewer for 2026.pdf,/Users/lyndon/All reviewers/Civil Service Exam/Civil Service Exam Reviewer 2026/CSE EXAMS AND REVIEWER 2026/Done - Civil Service Exam Reviewer for 2026.pdf,15,6,Reduce 231/1001 to its lowest terms,7/11,3/31,3/13,7/13,,C,Correct answer is marked in red in the source PDF: C.,Both,Numerical Ability,word-problems,2,No,,,Ready for Upload,Word Problems and Operations. sub_topic:word-problems-sub
16,Done - Civil Service Exam Reviewer for 2026.pdf,/Users/lyndon/All reviewers/Civil Service Exam/Civil Service Exam Reviewer 2026/CSE EXAMS AND REVIEWER 2026/Done - Civil Service Exam Reviewer for 2026.pdf,16,6-7,Which of the foloowing is true?,-16 > 8,8/64 = ¼,54 – 8 8 – 54,9/117 = 1/17,,C,Correct answer is marked in red in the source PDF: C.,Both,Numerical Ability,word-problems,2,No,,,Ready for Upload,Word Problems and Operations. sub_topic:word-problems-sub
17,Done - Civil Service Exam Reviewer for 2026.pdf,/Users/lyndon/All reviewers/Civil Service Exam/Civil Service Exam Reviewer 2026/CSE EXAMS AND REVIEWER 2026/Done - Civil Service Exam Reviewer for 2026.pdf,17,7,Find the value of x: 83(72) 75(35),27,36,45,52,,D,Correct answer is marked in red in the source PDF: D.,Both,Numerical Ability,word-problems,2,No,,,Ready for Upload,Word Problems and Operations. sub_topic:word-problems-sub
18,Done - Civil Service Exam Reviewer for 2026.pdf,/Users/lyndon/All reviewers/Civil Service Exam/Civil Service Exam Reviewer 2026/CSE EXAMS AND REVIEWER 2026/Done - Civil Service Exam Reviewer for 2026.pdf,18,7,What is 25% of 228?,52,57,54,912,,B,Correct answer is marked in red in the source PDF: B.,Both,Numerical Ability,word-problems,2,No,,,Ready for Upload,Word Problems and Operations. sub_topic:word-problems-sub
19,Done - Civil Service Exam Reviewer for 2026.pdf,/Users/lyndon/All reviewers/Civil Service Exam/Civil Service Exam Reviewer 2026/CSE EXAMS AND REVIEWER 2026/Done - Civil Service Exam Reviewer for 2026.pdf,19,7,228 is 25% of what number?,52,57,54,912,,D,Correct answer is marked in red in the source PDF: D.,Both,Numerical Ability,word-problems,2,No,,,Ready for Upload,Word Problems and Operations. sub_topic:word-problems-sub
20,Done - Civil Service Exam Reviewer for 2026.pdf,/Users/lyndon/All reviewers/Civil Service Exam/Civil Service Exam Reviewer 2026/CSE EXAMS AND REVIEWER 2026/Done - Civil Service Exam Reviewer for 2026.pdf,20,7,168 is what percent of 672?,25%,50%,400%,80%,,,,Both,Numerical Ability,word-problems,2,No,,,Needs Answer,Word Problems and Operations. Could not uniquely map red answer text: a. 25% b. c. d. sub_topic:word-problems-sub
21,Done - Civil Service Exam Reviewer for 2026.pdf,/Users/lyndon/All reviewers/Civil Service Exam/Civil Service Exam Reviewer 2026/CSE EXAMS AND REVIEWER 2026/Done - Civil Service Exam Reviewer for 2026.pdf,21,7-8,Evaluate: 123 x 0.1 + 123 x 0.01 + 123 x 0.001,13.653,135.53,1 356.3,13 563,,,,Both,Numerical Ability,word-problems,2,No,,,Needs Answer,Word Problems and Operations. Could not uniquely map red answer text: a. 13.653 b. c. d. sub_topic:word-problems-sub
22,Done - Civil Service Exam Reviewer for 2026.pdf,/Users/lyndon/All reviewers/Civil Service Exam/Civil Service Exam Reviewer 2026/CSE EXAMS AND REVIEWER 2026/Done - Civil Service Exam Reviewer for 2026.pdf,22,8,Find 3 ¼ of 16,7,16,39,52,,D,Correct answer is marked in red in the source PDF: D.,Both,Numerical Ability,word-problems,2,No,,,Ready for Upload,Word Problems and Operations. sub_topic:word-problems-sub
23,Done - Civil Service Exam Reviewer for 2026.pdf,/Users/lyndon/All reviewers/Civil Service Exam/Civil Service Exam Reviewer 2026/CSE EXAMS AND REVIEWER 2026/Done - Civil Service Exam Reviewer for 2026.pdf,23,8,Evaluate: 1 + ½ + ¼ + 1/8 = ?,1 3/16,1 3/8,1 5/8,1 7/8,,D,Correct answer is marked in red in the source PDF: D.,Both,Numerical Ability,word-problems,2,No,,,Ready for Upload,Word Problems and Operations. sub_topic:word-problems-sub
24,Done - Civil Service Exam Reviewer for 2026.pdf,/Users/lyndon/All reviewers/Civil Service Exam/Civil Service Exam Reviewer 2026/CSE EXAMS AND REVIEWER 2026/Done - Civil Service Exam Reviewer for 2026.pdf,24,8,Find the value of x in the equation: 3x + 7 = 28,7,-7,7,4,,,,Both,Numerical Ability,word-problems,2,No,,,Needs Answer,Word Problems and Operations. Duplicate answer-choice text detected. Could not uniquely map red answer text: a. 7 b. c. d. sub_topic:word-problems-sub
25,Done - Civil Service Exam Reviewer for 2026.pdf,/Users/lyndon/All reviewers/Civil Service Exam/Civil Service Exam Reviewer 2026/CSE EXAMS AND REVIEWER 2026/Done - Civil Service Exam Reviewer for 2026.pdf,25,8,Which of the following has the greatest value?,,,,,,,,Both,Numerical Ability,word-problems,2,No,,,Needs Answer,Word Problems and Operations. Missing one or more A-D choices. No red answer text detected. sub_topic:word-problems-sub
26,Done - Civil Service Exam Reviewer for 2026.pdf,/Users/lyndon/All reviewers/Civil Service Exam/Civil Service Exam Reviewer 2026/CSE EXAMS AND REVIEWER 2026/Done - Civil Service Exam Reviewer for 2026.pdf,26,8-9,Whic of the following cannot yield an odd integer when divided by 10?,The sum of two odd integers.,The product of a prime number and an odd integer,The product of two odd integers,The sum of three consecutive integers,,,,Both,Numerical Ability,word-problems,2,No,,,Needs Answer,Word Problems and Operations. Could not uniquely map red answer text: c. The product of two odd integers d. sub_topic:word-problems-sub
27,Done - Civil Service Exam Reviewer for 2026.pdf,/Users/lyndon/All reviewers/Civil Service Exam/Civil Service Exam Reviewer 2026/CSE EXAMS AND REVIEWER 2026/Done - Civil Service Exam Reviewer for 2026.pdf,27,9,"If 8x + 12 = 24, what is the value of 24x + 36",4,6,8,72,,D,Correct answer is marked in red in the source PDF: D.,Both,Numerical Ability,word-problems,2,No,,,Ready for Upload,Word Problems and Operations. sub_topic:word-problems-sub
28,Done - Civil Service Exam Reviewer for 2026.pdf,/Users/lyndon/All reviewers/Civil Service Exam/Civil Service Exam Reviewer 2026/CSE EXAMS AND REVIEWER 2026/Done - Civil Service Exam Reviewer for 2026.pdf,28,9,"If a positive integer m is divisible by both 3 and 8, then m must also be divisible by",10,18,24,60,,C,Correct answer is marked in red in the source PDF: C.,Both,Numerical Ability,word-problems,2,No,,,Ready for Upload,Word Problems and Operations. sub_topic:word-problems-sub
29,Done - Civil Service Exam Reviewer for 2026.pdf,/Users/lyndon/All reviewers/Civil Service Exam/Civil Service Exam Reviewer 2026/CSE EXAMS AND REVIEWER 2026/Done - Civil Service Exam Reviewer for 2026.pdf,29,9,"If positive integers m and n are not both odd, which of the following is always true?",m + n is even,mn is even,m – n cannot be odd,m + n – 1 is odd,,B,Correct answer is marked in red in the source PDF: B.,Both,Numerical Ability,word-problems,2,No,,,Ready for Upload,Word Problems and Operations. sub_topic:word-problems-sub
30,Done - Civil Service Exam Reviewer for 2026.pdf,/Users/lyndon/All reviewers/Civil Service Exam/Civil Service Exam Reviewer 2026/CSE EXAMS AND REVIEWER 2026/Done - Civil Service Exam Reviewer for 2026.pdf,30,9,"Find the average temperature change for the 12-day period. Temperature change in degree celsius: 2.6, 3.8, 7.0, 4.5, 4.6, 7.9, 5.0, 8.1, 4.4, 5.3, 6.4,",,,,,,,,Both,Numerical Ability,word-problems,2,No,,,Incomplete,Word Problems and Operations. Could not parse four answer choices. sub_topic:word-problems-sub
31,Done - Civil Service Exam Reviewer for 2026.pdf,/Users/lyndon/All reviewers/Civil Service Exam/Civil Service Exam Reviewer 2026/CSE EXAMS AND REVIEWER 2026/Done - Civil Service Exam Reviewer for 2026.pdf,5,9,2,4.8,4.9,5.2,5.4,,D,Correct answer is marked in red in the source PDF: D.,Both,Numerical Ability,word-problems,2,No,,,Needs Review,Word Problems and Operations. Question stem is too short or unclear. sub_topic:word-problems-sub
32,Done - Civil Service Exam Reviewer for 2026.pdf,/Users/lyndon/All reviewers/Civil Service Exam/Civil Service Exam Reviewer 2026/CSE EXAMS AND REVIEWER 2026/Done - Civil Service Exam Reviewer for 2026.pdf,31,9-10,Find the set of all odd numbers x satisfying the conditions 5x - 4≤ 0 and 3x – 7 b. 0 d.,,,,,,,,Both,Numerical Ability,word-problems,2,No,,,Incomplete,Word Problems and Operations. Could not parse four answer choices. sub_topic:word-problems-sub
33,Done - Civil Service Exam Reviewer for 2026.pdf,/Users/lyndon/All reviewers/Civil Service Exam/Civil Service Exam Reviewer 2026/CSE EXAMS AND REVIEWER 2026/Done - Civil Service Exam Reviewer for 2026.pdf,32,10,"State the property illustrated. If 8(6) + 4 = 48 + 4 = 52, then 8(6) + 4 = 52",distributive property of multiplication over addition,commutative property of addition,associative property,transitive property of equality,,D,Correct answer is marked in red in the source PDF: D.,Both,Numerical Ability,word-problems,2,No,,,Ready for Upload,Word Problems and Operations. sub_topic:word-problems-sub
34,Done - Civil Service Exam Reviewer for 2026.pdf,/Users/lyndon/All reviewers/Civil Service Exam/Civil Service Exam Reviewer 2026/CSE EXAMS AND REVIEWER 2026/Done - Civil Service Exam Reviewer for 2026.pdf,33,10,"If 8 less than the product of a number and -3 is greater than 7, which of the following could be that number?",-6,-,5,5,,,,Both,Numerical Ability,word-problems,2,No,,,Needs Answer,Word Problems and Operations. Duplicate answer-choice text detected. Could not uniquely map red answer text: a. -6 b. c. d. sub_topic:word-problems-sub
35,Done - Civil Service Exam Reviewer for 2026.pdf,/Users/lyndon/All reviewers/Civil Service Exam/Civil Service Exam Reviewer 2026/CSE EXAMS AND REVIEWER 2026/Done - Civil Service Exam Reviewer for 2026.pdf,34,10,The6 difference between 8 times a number and 17 is 231. Find the number.,31,37 48,1 984,,,A,Correct answer is marked in red in the source PDF: A.,Both,Numerical Ability,word-problems,2,No,,,Incomplete,Word Problems and Operations. Missing one or more A-D choices. sub_topic:word-problems-sub
36,Done - Civil Service Exam Reviewer for 2026.pdf,/Users/lyndon/All reviewers/Civil Service Exam/Civil Service Exam Reviewer 2026/CSE EXAMS AND REVIEWER 2026/Done - Civil Service Exam Reviewer for 2026.pdf,35,10-11,"Four times the perimeter of a parking lot is 16 less than 2,000 meters. What is the perimeter of the lot?",496 m,504 m,992 m,"1,008 m",,,,Both,Numerical Ability,word-problems,2,No,,,Needs Answer,Word Problems and Operations. Could not uniquely map red answer text: a. 496 m b. c. d. sub_topic:word-problems-sub
37,Done - Civil Service Exam Reviewer for 2026.pdf,/Users/lyndon/All reviewers/Civil Service Exam/Civil Service Exam Reviewer 2026/CSE EXAMS AND REVIEWER 2026/Done - Civil Service Exam Reviewer for 2026.pdf,36,11,"The amount of last month’s telephone bill, decreased by the product of 3 and Php30.00 equals Php1,319.50 a. Php 1,229.50 Php 1,289.50 c. Php 1,310.50 d. Php 1, 409.50",,,,,,,,Both,Numerical Ability,word-problems,2,No,,,Incomplete,Word Problems and Operations. Could not parse four answer choices. sub_topic:word-problems-sub
38,Done - Civil Service Exam Reviewer for 2026.pdf,/Users/lyndon/All reviewers/Civil Service Exam/Civil Service Exam Reviewer 2026/CSE EXAMS AND REVIEWER 2026/Done - Civil Service Exam Reviewer for 2026.pdf,37,11,Eighteen less than seven times the number of sandwiches is 269. How many sandwiches are there?,32,41,44,45,,B,Correct answer is marked in red in the source PDF: B.,Both,Numerical Ability,word-problems,2,No,,,Ready for Upload,Word Problems and Operations. sub_topic:word-problems-sub
39,Done - Civil Service Exam Reviewer for 2026.pdf,/Users/lyndon/All reviewers/Civil Service Exam/Civil Service Exam Reviewer 2026/CSE EXAMS AND REVIEWER 2026/Done - Civil Service Exam Reviewer for 2026.pdf,38,11,A house and lot are sold for Php 14M. The house costs 1.5 times as much as the lot. How much does the lot cost?,Php 5.6M Php 8.4M,Php 10.5 M,Php 21M,,,,,Both,Numerical Ability,word-problems,2,No,,,Needs Answer,Word Problems and Operations. Missing one or more A-D choices. Could not uniquely map red answer text: a. Php 5.6M b. c. d. sub_topic:word-problems-sub
40,Done - Civil Service Exam Reviewer for 2026.pdf,/Users/lyndon/All reviewers/Civil Service Exam/Civil Service Exam Reviewer 2026/CSE EXAMS AND REVIEWER 2026/Done - Civil Service Exam Reviewer for 2026.pdf,39,11-12,"The sale price of a television set is Php 7,200. The discount rate is 40%. Find its regular price.","Php 4,320","Php 12,000","Php 6,800","Php 10,000",,B,Correct answer is marked in red in the source PDF: B.,Both,Numerical Ability,word-problems,2,No,,,Ready for Upload,Word Problems and Operations. sub_topic:word-problems-sub
41,Done - Civil Service Exam Reviewer for 2026.pdf,/Users/lyndon/All reviewers/Civil Service Exam/Civil Service Exam Reviewer 2026/CSE EXAMS AND REVIEWER 2026/Done - Civil Service Exam Reviewer for 2026.pdf,40,12,The lenghts of the sides of a triangle can be represented by three consecutive integers. The perimeter of the triangle is 96cm. Find the length of the longest side of the triangle.,28,32,33,36,,C,Correct answer is marked in red in the source PDF: C.,Both,Numerical Ability,word-problems,2,No,,,Ready for Upload,Word Problems and Operations. sub_topic:word-problems-sub
42,Done - Civil Service Exam Reviewer for 2026.pdf,/Users/lyndon/All reviewers/Civil Service Exam/Civil Service Exam Reviewer 2026/CSE EXAMS AND REVIEWER 2026/Done - Civil Service Exam Reviewer for 2026.pdf,41,12-13,The length of a rectangle is 8 meters more than twice its width. The perimeter is 112 meters. Find its area.,16m,24m,28 m2,640 m2,,D,Correct answer is marked in red in the source PDF: D.,Both,Numerical Ability,word-problems,2,No,,,Ready for Upload,Word Problems and Operations. sub_topic:word-problems-sub
43,Done - Civil Service Exam Reviewer for 2026.pdf,/Users/lyndon/All reviewers/Civil Service Exam/Civil Service Exam Reviewer 2026/CSE EXAMS AND REVIEWER 2026/Done - Civil Service Exam Reviewer for 2026.pdf,42,13,Paula is twice as old as Queenie. Seven years ago the sum of their ages was 16. How old is Queenie now?,8,10,16,20,,B,Correct answer is marked in red in the source PDF: B.,Both,Numerical Ability,word-problems,2,No,,,Ready for Upload,Word Problems and Operations. sub_topic:word-problems-sub
44,Done - Civil Service Exam Reviewer for 2026.pdf,/Users/lyndon/All reviewers/Civil Service Exam/Civil Service Exam Reviewer 2026/CSE EXAMS AND REVIEWER 2026/Done - Civil Service Exam Reviewer for 2026.pdf,43,13,"For what value of x will x be the average of 2, 4x, 6, 8, 10?",4,12,26,39,,C,Correct answer is marked in red in the source PDF: C.,Both,Numerical Ability,word-problems,2,No,,,Ready for Upload,Word Problems and Operations. sub_topic:word-problems-sub
45,Done - Civil Service Exam Reviewer for 2026.pdf,/Users/lyndon/All reviewers/Civil Service Exam/Civil Service Exam Reviewer 2026/CSE EXAMS AND REVIEWER 2026/Done - Civil Service Exam Reviewer for 2026.pdf,44,13,How many integers between 197 and 303 are divisible by 4 or 10?,25,26,31,37,,B,Correct answer is marked in red in the source PDF: B.,Both,Numerical Ability,word-problems,2,No,,,Ready for Upload,Word Problems and Operations. sub_topic:word-problems-sub
46,Done - Civil Service Exam Reviewer for 2026.pdf,/Users/lyndon/All reviewers/Civil Service Exam/Civil Service Exam Reviewer 2026/CSE EXAMS AND REVIEWER 2026/Done - Civil Service Exam Reviewer for 2026.pdf,45,13,"A patient must take his medication every 7 hours starting at 7:00 AM, Sunday. On what day will the patient first receive his medication at 8 AM?",Sunday,Wednesday,Thursday,Tuesday,,D,Correct answer is marked in red in the source PDF: D.,Both,Numerical Ability,word-problems,2,No,,,Ready for Upload,Word Problems and Operations. sub_topic:word-problems-sub
47,Done - Civil Service Exam Reviewer for 2026.pdf,/Users/lyndon/All reviewers/Civil Service Exam/Civil Service Exam Reviewer 2026/CSE EXAMS AND REVIEWER 2026/Done - Civil Service Exam Reviewer for 2026.pdf,46,14,"Of the 300 grocery shoppers surveyed, 96 did not have a regular day of the week on which they shop. What percentage of the shoppers did not have a regular day of shopping?",32%,48,%,64,,,,Both,Numerical Ability,word-problems,2,No,,,Needs Answer,Word Problems and Operations. Could not uniquely map red answer text: a. 32% b. c. d. sub_topic:word-problems-sub
48,Done - Civil Service Exam Reviewer for 2026.pdf,/Users/lyndon/All reviewers/Civil Service Exam/Civil Service Exam Reviewer 2026/CSE EXAMS AND REVIEWER 2026/Done - Civil Service Exam Reviewer for 2026.pdf,47,14,A wate%r container has 100mL of water in it and is 20% full. How many mL of water can this container hold if it is full? 96,200 mL %,400 mL,500 mL,800 mL,,C,Correct answer is marked in red in the source PDF: C.,Both,Numerical Ability,word-problems,2,No,,,Ready for Upload,Word Problems and Operations. sub_topic:word-problems-sub
49,Done - Civil Service Exam Reviewer for 2026.pdf,/Users/lyndon/All reviewers/Civil Service Exam/Civil Service Exam Reviewer 2026/CSE EXAMS AND REVIEWER 2026/Done - Civil Service Exam Reviewer for 2026.pdf,48,14,How many containers each occupies an area of 2 1/8 square meters can be stored in a 952 square meter warehouse?,358,448,530,630,,B,Correct answer is marked in red in the source PDF: B.,Both,Numerical Ability,word-problems,2,No,,,Ready for Upload,Word Problems and Operations. sub_topic:word-problems-sub
50,Done - Civil Service Exam Reviewer for 2026.pdf,/Users/lyndon/All reviewers/Civil Service Exam/Civil Service Exam Reviewer 2026/CSE EXAMS AND REVIEWER 2026/Done - Civil Service Exam Reviewer for 2026.pdf,49,14,"A starting salary of a secretary at ABC Computer Specialists is Php15,000 a month. Next year the starting salary will be raised to Php18,000. What is the rate of increase in the starting salary?",3%,20%,25%,30%,,B,Correct answer is marked in red in the source PDF: B.,Both,Numerical Ability,word-problems,2,No,,,Ready for Upload,Word Problems and Operations. sub_topic:word-problems-sub
51,Done - Civil Service Exam Reviewer for 2026.pdf,/Users/lyndon/All reviewers/Civil Service Exam/Civil Service Exam Reviewer 2026/CSE EXAMS AND REVIEWER 2026/Done - Civil Service Exam Reviewer for 2026.pdf,50,14-15,"The cost of a square meter commercial lot in a certain municipality five years ago was Php12,500. There was a 420% increase in the price in the last five years. What is the price per square meter of that lot today?","Php 17,500","Php 52,500","Php 19,000","Php 65,000",,D,Correct answer is marked in red in the source PDF: D.,Both,Numerical Ability,word-problems,2,No,,,Ready for Upload,Word Problems and Operations. sub_topic:word-problems-sub
52,Done - Civil Service Exam Reviewer for 2026.pdf,/Users/lyndon/All reviewers/Civil Service Exam/Civil Service Exam Reviewer 2026/CSE EXAMS AND REVIEWER 2026/Done - Civil Service Exam Reviewer for 2026.pdf,51,15,"Last month, a store manager decided to decrease the prices of all items by 10%. This month, he increased the prices by 10%. What would be the price for a pair of pants that had cost Php750 before prices were decreased last month?",PHp 742.50,Php 750.00,Php 675.00,Php 825.00,,,,Both,Numerical Ability,word-problems,2,No,,,Needs Answer,Word Problems and Operations. Could not uniquely map red answer text: a. PHp 742.50 b. c. d. sub_topic:word-problems-sub
53,Done - Civil Service Exam Reviewer for 2026.pdf,/Users/lyndon/All reviewers/Civil Service Exam/Civil Service Exam Reviewer 2026/CSE EXAMS AND REVIEWER 2026/Done - Civil Service Exam Reviewer for 2026.pdf,52,15,"When the original price of an item is increased by a certain rate, the increased price is Php 3,100. When the original price is decreased by the same rate, the decreased price is Php1,900. What is the original price of this item?","Php1,200",Php200,"Php2,500","Php2,800",,C,Correct answer is marked in red in the source PDF: C.,Both,Numerical Ability,word-problems,2,No,,,Ready for Upload,Word Problems and Operations. sub_topic:word-problems-sub
54,Done - Civil Service Exam Reviewer for 2026.pdf,/Users/lyndon/All reviewers/Civil Service Exam/Civil Service Exam Reviewer 2026/CSE EXAMS AND REVIEWER 2026/Done - Civil Service Exam Reviewer for 2026.pdf,53,15,"How much must one has to invest in corporate bonds paying 9.6% in order to earn an income of Php12,000 per annum?","Php11,520","Php 23,040","Php 125,000","Php 250,000",,C,Correct answer is marked in red in the source PDF: C.,Both,Numerical Ability,word-problems,2,No,,,Ready for Upload,Word Problems and Operations. sub_topic:word-problems-sub
55,Done - Civil Service Exam Reviewer for 2026.pdf,/Users/lyndon/All reviewers/Civil Service Exam/Civil Service Exam Reviewer 2026/CSE EXAMS AND REVIEWER 2026/Done - Civil Service Exam Reviewer for 2026.pdf,54,15,"How much must be cut form the edge of a piece of glass 16 1/8 cm wide, in order for it to fit into an opening 14 ¾ cm wide?",2 3/8cm,1 7/8cm,1 3/8cm,2 5/8 cm,,C,Correct answer is marked in red in the source PDF: C.,Both,Numerical Ability,word-problems,2,No,,,Ready for Upload,Word Problems and Operations. sub_topic:word-problems-sub
56,Done - Civil Service Exam Reviewer for 2026.pdf,/Users/lyndon/All reviewers/Civil Service Exam/Civil Service Exam Reviewer 2026/CSE EXAMS AND REVIEWER 2026/Done - Civil Service Exam Reviewer for 2026.pdf,55,15-16,A race car traveled for 2 ½ hours with an average speed of 132 5/8 km per hour. Find the total distance it covered.,264 5/16km,331 9/16km,330 5/16km,135 1/8km,,B,Correct answer is marked in red in the source PDF: B.,Both,Numerical Ability,word-problems,2,No,,,Ready for Upload,Word Problems and Operations. sub_topic:word-problems-sub
57,Done - Civil Service Exam Reviewer for 2026.pdf,/Users/lyndon/All reviewers/Civil Service Exam/Civil Service Exam Reviewer 2026/CSE EXAMS AND REVIEWER 2026/Done - Civil Service Exam Reviewer for 2026.pdf,56,16,"If the weight of a 241-kg freight car increases 3 1/8 times when fully loaded, what will be its weight with a full load?",750 3/8kg,824 3/8kg,720 5/8kg,753 1/8kg,,D,Correct answer is marked in red in the source PDF: D.,Both,Numerical Ability,word-problems,2,No,,,Ready for Upload,Word Problems and Operations. sub_topic:word-problems-sub
58,Done - Civil Service Exam Reviewer for 2026.pdf,/Users/lyndon/All reviewers/Civil Service Exam/Civil Service Exam Reviewer 2026/CSE EXAMS AND REVIEWER 2026/Done - Civil Service Exam Reviewer for 2026.pdf,57,16,How many liters will remain in 1 1000-liter storage tank if 8.2% of the liquid has evaporated due to excessive heat?,918,991.8,999.18,998,,,,Both,Numerical Ability,word-problems,2,No,,,Needs Answer,Word Problems and Operations. Could not uniquely map red answer text: a. 918 b. c. d. sub_topic:word-problems-sub
59,Done - Civil Service Exam Reviewer for 2026.pdf,/Users/lyndon/All reviewers/Civil Service Exam/Civil Service Exam Reviewer 2026/CSE EXAMS AND REVIEWER 2026/Done - Civil Service Exam Reviewer for 2026.pdf,58,16,"Dante recently sold some stocks for which he originally bought for Php358. If it has increased in value by 116%, how much did he receive for the stock?",Php678.27,Php772,Php773.28,Php778,,C,Correct answer is marked in red in the source PDF: C.,Both,Numerical Ability,word-problems,2,No,,,Ready for Upload,Word Problems and Operations. sub_topic:word-problems-sub
60,Done - Civil Service Exam Reviewer for 2026.pdf,/Users/lyndon/All reviewers/Civil Service Exam/Civil Service Exam Reviewer 2026/CSE EXAMS AND REVIEWER 2026/Done - Civil Service Exam Reviewer for 2026.pdf,59,16,"Mr. Manny Vargas, a real estate broker sold a building for Php175M. How much did he receive if his commission is 5.5% of the sale price of the property?",Php9.5M,Php9.7M,Php9.625M,Php180.5M,,C,Correct answer is marked in red in the source PDF: C.,Both,Numerical Ability,word-problems,2,No,,,Ready for Upload,Word Problems and Operations. sub_topic:word-problems-sub
61,Done - Civil Service Exam Reviewer for 2026.pdf,/Users/lyndon/All reviewers/Civil Service Exam/Civil Service Exam Reviewer 2026/CSE EXAMS AND REVIEWER 2026/Done - Civil Service Exam Reviewer for 2026.pdf,60,16-17,"If 560 out of 700 examinees passed in the recent Career Service exam for SubProfessional level, what percent of the examinees passed?",65%,72%,80%,140%,,C,Correct answer is marked in red in the source PDF: C.,Both,Numerical Ability,word-problems,2,No,,,Ready for Upload,Word Problems and Operations. sub_topic:word-problems-sub
62,Done - Civil Service Exam Reviewer for 2026.pdf,/Users/lyndon/All reviewers/Civil Service Exam/Civil Service Exam Reviewer 2026/CSE EXAMS AND REVIEWER 2026/Done - Civil Service Exam Reviewer for 2026.pdf,61,17,"Mr. Cruz borrows Php750,000 from Asian Bank and is charged Php90,000 interest. What rate of interest did Asian Bank charge for the loan?",8%,9%,10%,12%,,D,Correct answer is marked in red in the source PDF: D.,Both,Numerical Ability,word-problems,2,No,,,Ready for Upload,Word Problems and Operations. sub_topic:word-problems-sub
63,Done - Civil Service Exam Reviewer for 2026.pdf,/Users/lyndon/All reviewers/Civil Service Exam/Civil Service Exam Reviewer 2026/CSE EXAMS AND REVIEWER 2026/Done - Civil Service Exam Reviewer for 2026.pdf,62,17,"A store sells shirts for Php1,078 each or 3 for Php2,997. How much would one save by buying 3 shirts at a time instead of 3 shirts, one at a time?",Php237,Php921,"Ph p 1,",237,,,,Both,Numerical Ability,word-problems,2,No,,,Needs Answer,Word Problems and Operations. Could not uniquely map red answer text: a. Php237 b. c. d. sub_topic:word-problems-sub
64,Done - Civil Service Exam Reviewer for 2026.pdf,/Users/lyndon/All reviewers/Civil Service Exam/Civil Service Exam Reviewer 2026/CSE EXAMS AND REVIEWER 2026/Done - Civil Service Exam Reviewer for 2026.pdf,63,17,"A compPuhtpe1r ,c9a2n1 be rented for Php1,745 a week or Php 347.50 a day. You need the computer only for 6 days. At which rate (daily or weekly), would it be cheaper to rent and by how much cheaper?",weekly: Php340,daily: Php240,daily:Php340,weekly: Php240,,,,Both,Numerical Ability,word-problems,2,No,,,Needs Answer,Word Problems and Operations. Could not uniquely map red answer text: a. weekly: Php340 b. c. d. sub_topic:word-problems-sub
65,Done - Civil Service Exam Reviewer for 2026.pdf,/Users/lyndon/All reviewers/Civil Service Exam/Civil Service Exam Reviewer 2026/CSE EXAMS AND REVIEWER 2026/Done - Civil Service Exam Reviewer for 2026.pdf,64,17,A 1.25 kg of box of Brand A detergent sells for Php 87.50. A 1.5 kg box of Brand B detergent sells for Php103.20. What is the difference in the price per kg.?,Php 1.20,Php 1.50,Php 1.80,Php 2.00,,,,Both,Numerical Ability,word-problems,2,No,,,Needs Answer,Word Problems and Operations. Could not uniquely map red answer text: a. Php 1.20 b. c. d. sub_topic:word-problems-sub
66,Done - Civil Service Exam Reviewer for 2026.pdf,/Users/lyndon/All reviewers/Civil Service Exam/Civil Service Exam Reviewer 2026/CSE EXAMS AND REVIEWER 2026/Done - Civil Service Exam Reviewer for 2026.pdf,65,18,"A 30-cm long plastic pipe costs Php249. At this rate, what is the price of the pipe per meter?",Php 830,Php 840,Php 747,Php 749,,,,Both,Numerical Ability,word-problems,2,No,,,Needs Answer,Word Problems and Operations. Could not uniquely map red answer text: a. Php 830 b. c. d. sub_topic:word-problems-sub
67,Done - Civil Service Exam Reviewer for 2026.pdf,/Users/lyndon/All reviewers/Civil Service Exam/Civil Service Exam Reviewer 2026/CSE EXAMS AND REVIEWER 2026/Done - Civil Service Exam Reviewer for 2026.pdf,66,18,"A homeowner can rent a chain saw from a rental agency at Php 2,700 a day. The brand new of the same saw can be bought for Php18,900. For how many days could the homeonwer rent the saw before renting would cost more than buying?",5,6,7,8,,C,Correct answer is marked in red in the source PDF: C.,Both,Numerical Ability,word-problems,2,No,,,Ready for Upload,Word Problems and Operations. sub_topic:word-problems-sub
68,Done - Civil Service Exam Reviewer for 2026.pdf,/Users/lyndon/All reviewers/Civil Service Exam/Civil Service Exam Reviewer 2026/CSE EXAMS AND REVIEWER 2026/Done - Civil Service Exam Reviewer for 2026.pdf,67,18,Paula uses ten 100-watt bulbs in her house. She uses these bulbs at an average of 5 hours each day. How many KWH do these bulbs use each day?,5,10,50,"5,000",,A,Correct answer is marked in red in the source PDF: A.,Both,Numerical Ability,word-problems,2,No,,,Ready for Upload,Word Problems and Operations. sub_topic:word-problems-sub
69,Done - Civil Service Exam Reviewer for 2026.pdf,/Users/lyndon/All reviewers/Civil Service Exam/Civil Service Exam Reviewer 2026/CSE EXAMS AND REVIEWER 2026/Done - Civil Service Exam Reviewer for 2026.pdf,68,18,"An electric range uses 12,200 watts per hour and is run an average of 60 hours a year. How many kilowatt-hour is this?",73.2,732,"7,320",7.32,,B,Correct answer is marked in red in the source PDF: B.,Both,Numerical Ability,word-problems,2,No,,,Ready for Upload,Word Problems and Operations. sub_topic:word-problems-sub
70,Done - Civil Service Exam Reviewer for 2026.pdf,/Users/lyndon/All reviewers/Civil Service Exam/Civil Service Exam Reviewer 2026/CSE EXAMS AND REVIEWER 2026/Done - Civil Service Exam Reviewer for 2026.pdf,69,18-19,"A DVD movie, purchased for Php440 was marked up 25% on the selling price. Later, as retail prices fell, this movie was marked down 20% on the current sale price. Find its new sale price.",Php 352,Php 440,Php 500,Php 550,,B,Correct answer is marked in red in the source PDF: B.,Both,Numerical Ability,word-problems,2,No,,,Ready for Upload,Word Problems and Operations. sub_topic:word-problems-sub
71,Done - Civil Service Exam Reviewer for 2026.pdf,/Users/lyndon/All reviewers/Civil Service Exam/Civil Service Exam Reviewer 2026/CSE EXAMS AND REVIEWER 2026/Done - Civil Service Exam Reviewer for 2026.pdf,70,19,"VNS Inc. bought these office supplies last week: 1,320 pens @ Php 0.125; 1,480 packs paper clips @ Php 0.625; 1,240 boxes of tape @ Php 0.875; 1,720 boxes of cards @ 0.80. A 5% sales tax is added. What was the company’s total bill?",Php 173.25,"Php 3,551",Php 971.25,"Php 3,728.55",,D,Correct answer is marked in red in the source PDF: D.,Both,Numerical Ability,word-problems,2,No,,,Ready for Upload,Word Problems and Operations. sub_topic:word-problems-sub
72,Done - Civil Service Exam Reviewer for 2026.pdf,/Users/lyndon/All reviewers/Civil Service Exam/Civil Service Exam Reviewer 2026/CSE EXAMS AND REVIEWER 2026/Done - Civil Service Exam Reviewer for 2026.pdf,71,19,"The question “How many flowers are needed to border a rectangular garden?”, involves",weight,perimeter,volume,area,,,,Both,Numerical Ability,word-problems,2,No,,,Needs Answer,Word Problems and Operations. No red answer text detected. sub_topic:word-problems-sub
73,Done - Civil Service Exam Reviewer for 2026.pdf,/Users/lyndon/All reviewers/Civil Service Exam/Civil Service Exam Reviewer 2026/CSE EXAMS AND REVIEWER 2026/Done - Civil Service Exam Reviewer for 2026.pdf,72,19,How many meters of fencing are needed to enclose an 84-meter by 48-meter rectangular garden?,132m,244m,264m,"4,032m2",,C,Correct answer is marked in red in the source PDF: C.,Both,Numerical Ability,word-problems,2,No,,,Ready for Upload,Word Problems and Operations. sub_topic:word-problems-sub
74,Done - Civil Service Exam Reviewer for 2026.pdf,/Users/lyndon/All reviewers/Civil Service Exam/Civil Service Exam Reviewer 2026/CSE EXAMS AND REVIEWER 2026/Done - Civil Service Exam Reviewer for 2026.pdf,73,19,"How many 1-cm square stickers are needed to cover a photo box 4 cm long, 3cm wide and 5cm high?",47,60,88,94,,D,Correct answer is marked in red in the source PDF: D.,Both,Numerical Ability,word-problems,2,No,,,Ready for Upload,Word Problems and Operations. sub_topic:word-problems-sub
75,Done - Civil Service Exam Reviewer for 2026.pdf,/Users/lyndon/All reviewers/Civil Service Exam/Civil Service Exam Reviewer 2026/CSE EXAMS AND REVIEWER 2026/Done - Civil Service Exam Reviewer for 2026.pdf,74,19-20,"One side of a triangle is 3cm longer than the shortest side, and the other side is 4cm longer than the shortest side. How long is the shortest side if the perimeter is 67 cm?",20 cm,23 cm,24 cm,27 cm,,,,Both,Numerical Ability,word-problems,2,No,,,Needs Answer,Word Problems and Operations. Could not uniquely map red answer text: a. 20 cm b. c. d. sub_topic:word-problems-sub
76,Done - Civil Service Exam Reviewer for 2026.pdf,/Users/lyndon/All reviewers/Civil Service Exam/Civil Service Exam Reviewer 2026/CSE EXAMS AND REVIEWER 2026/Done - Civil Service Exam Reviewer for 2026.pdf,75,20,"The length of a rectangle is 2cm less than twice its width. What is its width in cm, if its perimeter is 50cm?",8,9,16,25,,B,Correct answer is marked in red in the source PDF: B.,Both,Numerical Ability,word-problems,2,No,,,Ready for Upload,Word Problems and Operations. sub_topic:word-problems-sub
77,Done - Civil Service Exam Reviewer for 2026.pdf,/Users/lyndon/All reviewers/Civil Service Exam/Civil Service Exam Reviewer 2026/CSE EXAMS AND REVIEWER 2026/Done - Civil Service Exam Reviewer for 2026.pdf,1,21,"By what percent was the price per kilo of chicken inceased? 1) The price per kilo of chicken was increased by Php20 2) The price per kilo of chicken was increased by Php120 if BOTH statements TOGETHER are sufficient, but NEITHER statement ALONE is sufficient.","Statement (1) alone is sufficient, but statement (2) alone is not sufficient.","Statement (2) alone is sufficient, but statement (1) alone is not sufficient.","Both statements together are sufficient, but neither statement alone is sufficient.",Each statement alone is sufficient.,Statements (1) and (2) together are not sufficient.,C,Correct answer is marked in red in the source PDF: C.,Both,Numerical Ability,data-interpretation,3,No,,,Ready for Upload,Data Sufficiency.
78,Done - Civil Service Exam Reviewer for 2026.pdf,/Users/lyndon/All reviewers/Civil Service Exam/Civil Service Exam Reviewer 2026/CSE EXAMS AND REVIEWER 2026/Done - Civil Service Exam Reviewer for 2026.pdf,2,21,"A real estate broker received a commission of 8% of the selling price of a certain property, what was the selling price of the property? 1) The selling price minus the real estate agent’s commission was Php 9,200,000 2) The selling price was 250% of the original purchase price of Php 4,000,000. if each statement ALONE is sufficient","Statement (1) alone is sufficient, but statement (2) alone is not sufficient.","Statement (2) alone is sufficient, but statement (1) alone is not sufficient.","Both statements together are sufficient, but neither statement alone is sufficient.",Each statement alone is sufficient.,Statements (1) and (2) together are not sufficient.,D,Correct answer is marked in red in the source PDF: D.,Both,Numerical Ability,data-interpretation,3,No,,,Ready for Upload,Data Sufficiency.
79,Done - Civil Service Exam Reviewer for 2026.pdf,/Users/lyndon/All reviewers/Civil Service Exam/Civil Service Exam Reviewer 2026/CSE EXAMS AND REVIEWER 2026/Done - Civil Service Exam Reviewer for 2026.pdf,3,21-22,"Cherry and Keanna were among those who sold raffle tickets to raise money for the club. If Cherry and Keanna sold a total of 168 tickets, how many tickets did Cherry sell? 1) Keanna sold 60% as many raffle tickets as Cherry 2) Keanna sold 8% of all the raffle tickets sold. if statement (1) ALONE is sufficient, but statement (2) alone is not sufficient.","Statement (1) alone is sufficient, but statement (2) alone is not sufficient.","Statement (2) alone is sufficient, but statement (1) alone is not sufficient.","Both statements together are sufficient, but neither statement alone is sufficient.",Each statement alone is sufficient.,Statements (1) and (2) together are not sufficient.,A,Correct answer is marked in red in the source PDF: A.,Both,Numerical Ability,data-interpretation,3,No,,,Ready for Upload,Data Sufficiency.
80,Done - Civil Service Exam Reviewer for 2026.pdf,/Users/lyndon/All reviewers/Civil Service Exam/Civil Service Exam Reviewer 2026/CSE EXAMS AND REVIEWER 2026/Done - Civil Service Exam Reviewer for 2026.pdf,4,22,"What is the ratio of m : s: a? 1) a = 2, and ms = 64 2) m/s = 2 and a/s = ¼ ifstatement(2)ALONE is sufficient, but statement (1) alone is not sufficient.","Statement (1) alone is sufficient, but statement (2) alone is not sufficient.","Statement (2) alone is sufficient, but statement (1) alone is not sufficient.","Both statements together are sufficient, but neither statement alone is sufficient.",Each statement alone is sufficient.,Statements (1) and (2) together are not sufficient.,B,Correct answer is marked in red in the source PDF: B.,Both,Numerical Ability,data-interpretation,3,No,,,Ready for Upload,Data Sufficiency.
81,Done - Civil Service Exam Reviewer for 2026.pdf,/Users/lyndon/All reviewers/Civil Service Exam/Civil Service Exam Reviewer 2026/CSE EXAMS AND REVIEWER 2026/Done - Civil Service Exam Reviewer for 2026.pdf,5,22,"If x and y are integers, is x divisible by 17? 1) The product xy is divisible by 17 2) y is not divisible by 17 ifBOTH statements TOGETHER are sufficient, but NEITHER statement ALONE issufficient.","Statement (1) alone is sufficient, but statement (2) alone is not sufficient.","Statement (2) alone is sufficient, but statement (1) alone is not sufficient.","Both statements together are sufficient, but neither statement alone is sufficient.",Each statement alone is sufficient.,Statements (1) and (2) together are not sufficient.,C,Correct answer is marked in red in the source PDF: C.,Both,Numerical Ability,data-interpretation,3,No,,,Ready for Upload,Data Sufficiency.
82,Done - Civil Service Exam Reviewer for 2026.pdf,/Users/lyndon/All reviewers/Civil Service Exam/Civil Service Exam Reviewer 2026/CSE EXAMS AND REVIEWER 2026/Done - Civil Service Exam Reviewer for 2026.pdf,6,22,"On Saturday monring the printing machine of Gerpress Printing ran continuously at uniform rate to fill a production order. At what time did it completely fill the order that morning? 1) The supervisor began the plan for production 8:08am. 2) The machine had filled 50% of the order at 9:48am and 5/6 of the order by 10:18am ifstatement(2) ALONEissufficient, but statement(1) alone is not sufficient.","Statement (1) alone is sufficient, but statement (2) alone is not sufficient.","Statement (2) alone is sufficient, but statement (1) alone is not sufficient.","Both statements together are sufficient, but neither statement alone is sufficient.",Each statement alone is sufficient.,Statements (1) and (2) together are not sufficient.,B,Correct answer is marked in red in the source PDF: B.,Both,Numerical Ability,data-interpretation,3,No,,,Ready for Upload,Data Sufficiency.
83,Done - Civil Service Exam Reviewer for 2026.pdf,/Users/lyndon/All reviewers/Civil Service Exam/Civil Service Exam Reviewer 2026/CSE EXAMS AND REVIEWER 2026/Done - Civil Service Exam Reviewer for 2026.pdf,7,22,"How many books does Gerard have? 1) If Gerard had 18 fewer books, he would have only half as many as he actually has. 2) Gerard has three times as many fiction as non-fiction books. ifstatement(1)ALONEissufficient,butstatement(2)alone is not sufficient.","Statement (1) alone is sufficient, but statement (2) alone is not sufficient.","Statement (2) alone is sufficient, but statement (1) alone is not sufficient.","Both statements together are sufficient, but neither statement alone is sufficient.",Each statement alone is sufficient.,Statements (1) and (2) together are not sufficient.,A,Correct answer is marked in red in the source PDF: A.,Both,Numerical Ability,data-interpretation,3,No,,,Ready for Upload,Data Sufficiency.
84,Done - Civil Service Exam Reviewer for 2026.pdf,/Users/lyndon/All reviewers/Civil Service Exam/Civil Service Exam Reviewer 2026/CSE EXAMS AND REVIEWER 2026/Done - Civil Service Exam Reviewer for 2026.pdf,8,22,"What number is 24% of x? 1) 16 is 8% of x 2) 1/8 of x is 1,600 ifeachstatement ALONE is sufficient","Statement (1) alone is sufficient, but statement (2) alone is not sufficient.","Statement (2) alone is sufficient, but statement (1) alone is not sufficient.","Both statements together are sufficient, but neither statement alone is sufficient.",Each statement alone is sufficient.,Statements (1) and (2) together are not sufficient.,D,Correct answer is marked in red in the source PDF: D.,Both,Numerical Ability,data-interpretation,3,No,,,Ready for Upload,Data Sufficiency.
85,Done - Civil Service Exam Reviewer for 2026.pdf,/Users/lyndon/All reviewers/Civil Service Exam/Civil Service Exam Reviewer 2026/CSE EXAMS AND REVIEWER 2026/Done - Civil Service Exam Reviewer for 2026.pdf,9,23,"What was the total amount raised for the Payatas Tragedy from private corporations and personal donations? 1) Of the amount donated,48% came from private corporations 2) Of the amount donated, Php15M came from personal donations. ifBOTH statements TOGETHERaresufficient,butNEITHER statement ALONE issufficient.","Statement (1) alone is sufficient, but statement (2) alone is not sufficient.","Statement (2) alone is sufficient, but statement (1) alone is not sufficient.","Both statements together are sufficient, but neither statement alone is sufficient.",Each statement alone is sufficient.,Statements (1) and (2) together are not sufficient.,C,Correct answer is marked in red in the source PDF: C.,Both,Numerical Ability,data-interpretation,3,No,,,Ready for Upload,Data Sufficiency.
86,Done - Civil Service Exam Reviewer for 2026.pdf,/Users/lyndon/All reviewers/Civil Service Exam/Civil Service Exam Reviewer 2026/CSE EXAMS AND REVIEWER 2026/Done - Civil Service Exam Reviewer for 2026.pdf,10,23,"Mary’s total score in the three bowling games was 530. What were her scores? 1) Mary’s highest score was 198 2) The sum of Mary’s two highest scores was 368 if BOTH statements TOGETHERaresufficient,butNEITHER statement ALONE issufficient.","Statement (1) alone is sufficient, but statement (2) alone is not sufficient.","Statement (2) alone is sufficient, but statement (1) alone is not sufficient.","Both statements together are sufficient, but neither statement alone is sufficient.",Each statement alone is sufficient.,Statements (1) and (2) together are not sufficient.,C,Correct answer is marked in red in the source PDF: C.,Both,Numerical Ability,data-interpretation,3,No,,,Ready for Upload,Data Sufficiency.
87,Done - Civil Service Exam Reviewer for 2026.pdf,/Users/lyndon/All reviewers/Civil Service Exam/Civil Service Exam Reviewer 2026/CSE EXAMS AND REVIEWER 2026/Done - Civil Service Exam Reviewer for 2026.pdf,11,23,"If the value of n closer to 48 than to 78? 1) 78 – n > n – 48 2) n > 60 ifstatement(1)ALONEis sufficient, but statement (2) alone is not sufficient.","Statement (1) alone is sufficient, but statement (2) alone is not sufficient.","Statement (2) alone is sufficient, but statement (1) alone is not sufficient.","Both statements together are sufficient, but neither statement alone is sufficient.",Each statement alone is sufficient.,Statements (1) and (2) together are not sufficient.,A,Correct answer is marked in red in the source PDF: A.,Both,Numerical Ability,data-interpretation,3,No,,,Ready for Upload,Data Sufficiency.
88,Done - Civil Service Exam Reviewer for 2026.pdf,/Users/lyndon/All reviewers/Civil Service Exam/Civil Service Exam Reviewer 2026/CSE EXAMS AND REVIEWER 2026/Done - Civil Service Exam Reviewer for 2026.pdf,12,23,"In last Saturday’s Midnight Sale at Gaisano Mall a certain shop sold 75% of the shirts in its inventory. Each shirt was sold for Php358. What was the total revenue from the sale of these shirts on that day? 1) When the shop opened last Saturday, there were 448 shirts in its inventory 2) All but 112 of the shop’s inventory were sold last Saturday. if each statement ALONE is sufficient","Statement (1) alone is sufficient, but statement (2) alone is not sufficient.","Statement (2) alone is sufficient, but statement (1) alone is not sufficient.","Both statements together are sufficient, but neither statement alone is sufficient.",Each statement alone is sufficient.,Statements (1) and (2) together are not sufficient.,D,Correct answer is marked in red in the source PDF: D.,Both,Numerical Ability,data-interpretation,3,No,,,Ready for Upload,Data Sufficiency.
89,Done - Civil Service Exam Reviewer for 2026.pdf,/Users/lyndon/All reviewers/Civil Service Exam/Civil Service Exam Reviewer 2026/CSE EXAMS AND REVIEWER 2026/Done - Civil Service Exam Reviewer for 2026.pdf,13,23,"How many more boys than girls are there in the room? 1) There is a total of 56 girls and boys in the room. 2) The number of boys in the room equals the square of the number of girls in the room. ifBOTH statements TOGETHERaresufficient,butNEITHER statement ALONE issufficient.","Statement (1) alone is sufficient, but statement (2) alone is not sufficient.","Statement (2) alone is sufficient, but statement (1) alone is not sufficient.","Both statements together are sufficient, but neither statement alone is sufficient.",Each statement alone is sufficient.,Statements (1) and (2) together are not sufficient.,C,Correct answer is marked in red in the source PDF: C.,Both,Numerical Ability,data-interpretation,3,No,,,Ready for Upload,Data Sufficiency.
90,Done - Civil Service Exam Reviewer for 2026.pdf,/Users/lyndon/All reviewers/Civil Service Exam/Civil Service Exam Reviewer 2026/CSE EXAMS AND REVIEWER 2026/Done - Civil Service Exam Reviewer for 2026.pdf,14,23-24,"In what year was David born? 1) David’s friend Michelle, who is ½ years younger than him, was born in","Statement (1) alone is sufficient, but statement (2) alone is not sufficient.","Statement (2) alone is sufficient, but statement (1) alone is not sufficient.","Both statements together are sufficient, but neither statement alone is sufficient.",Each statement alone is sufficient.,Statements (1) and (2) together are not sufficient.,,,Both,Numerical Ability,data-interpretation,3,No,,,Needs Answer,Data Sufficiency. Could not parse explicit Answer marker.
91,Done - Civil Service Exam Reviewer for 2026.pdf,/Users/lyndon/All reviewers/Civil Service Exam/Civil Service Exam Reviewer 2026/CSE EXAMS AND REVIEWER 2026/Done - Civil Service Exam Reviewer for 2026.pdf,1979,24,"2) In 1998, David turned 20 years old ifstatement(2)ALONEissufficient,butstatement(1)alone is not sufficient.","Statement (1) alone is sufficient, but statement (2) alone is not sufficient.","Statement (2) alone is sufficient, but statement (1) alone is not sufficient.","Both statements together are sufficient, but neither statement alone is sufficient.",Each statement alone is sufficient.,Statements (1) and (2) together are not sufficient.,B,Correct answer is marked in red in the source PDF: B.,Both,Numerical Ability,data-interpretation,3,No,,,Ready for Upload,Data Sufficiency.
92,Done - Civil Service Exam Reviewer for 2026.pdf,/Users/lyndon/All reviewers/Civil Service Exam/Civil Service Exam Reviewer 2026/CSE EXAMS AND REVIEWER 2026/Done - Civil Service Exam Reviewer for 2026.pdf,15,24,"A box contains 48 balls, of which 30 are red and 18 are blue. If 16 of the balls are removed, how many of the balls left in the box are blue? 1) Of the balls removed, the ratio of the number of red ones to the number of blue ones is 5:3 2) Of the first 8 marbles removed, 5 are red ifstatement(1) ALONEissufficient, but statement(2) alone is not sufficient.","Statement (1) alone is sufficient, but statement (2) alone is not sufficient.","Statement (2) alone is sufficient, but statement (1) alone is not sufficient.","Both statements together are sufficient, but neither statement alone is sufficient.",Each statement alone is sufficient.,Statements (1) and (2) together are not sufficient.,A,Correct answer is marked in red in the source PDF: A.,Both,Numerical Ability,data-interpretation,3,No,,,Ready for Upload,Data Sufficiency.
93,Done - Civil Service Exam Reviewer for 2026.pdf,/Users/lyndon/All reviewers/Civil Service Exam/Civil Service Exam Reviewer 2026/CSE EXAMS AND REVIEWER 2026/Done - Civil Service Exam Reviewer for 2026.pdf,16,24,"How long did it take Mrs. Lim to drive non-stop on a trip from here home to Ayala Alabang? 1) If Mrs. Lim average speed for the trip had been 1.5 times as fast, the trip would have taken 2 hours. 2) Mrs. Lim average speed for the trip was 80 km per hour. ifstatement(1) ALONEissufficient, but statement(2) alone is not sufficient.","Statement (1) alone is sufficient, but statement (2) alone is not sufficient.","Statement (2) alone is sufficient, but statement (1) alone is not sufficient.","Both statements together are sufficient, but neither statement alone is sufficient.",Each statement alone is sufficient.,Statements (1) and (2) together are not sufficient.,A,Correct answer is marked in red in the source PDF: A.,Both,Numerical Ability,data-interpretation,3,No,,,Ready for Upload,Data Sufficiency.
94,Done - Civil Service Exam Reviewer for 2026.pdf,/Users/lyndon/All reviewers/Civil Service Exam/Civil Service Exam Reviewer 2026/CSE EXAMS AND REVIEWER 2026/Done - Civil Service Exam Reviewer for 2026.pdf,17,24,"If Lorna had a dentist’s appointment on a certain day, was the appointment on a Friday? 1) Exactly 64 hours before the appointment, it was Wednesday. 2) The appointment is between 2:00pm to 7:00pm ifBOTH statements TOGETHERaresufficient,butNEITHER statement ALONE issufficient.","Statement (1) alone is sufficient, but statement (2) alone is not sufficient.","Statement (2) alone is sufficient, but statement (1) alone is not sufficient.","Both statements together are sufficient, but neither statement alone is sufficient.",Each statement alone is sufficient.,Statements (1) and (2) together are not sufficient.,C,Correct answer is marked in red in the source PDF: C.,Both,Numerical Ability,data-interpretation,3,No,,,Ready for Upload,Data Sufficiency.
95,Done - Civil Service Exam Reviewer for 2026.pdf,/Users/lyndon/All reviewers/Civil Service Exam/Civil Service Exam Reviewer 2026/CSE EXAMS AND REVIEWER 2026/Done - Civil Service Exam Reviewer for 2026.pdf,18,24,"What was the average number of kilometers per liter of gasoline a car can consume during a certain trip? 1) The total cost of the gasoline used by the card or the 640-km trip was Php1,152. 2) The cost for the gasoline used by the car for the trip was Php18.00 per liter. ifBOTH statements TOGETHERaresufficient,butNEITHER statement ALONE issufficient.","Statement (1) alone is sufficient, but statement (2) alone is not sufficient.","Statement (2) alone is sufficient, but statement (1) alone is not sufficient.","Both statements together are sufficient, but neither statement alone is sufficient.",Each statement alone is sufficient.,Statements (1) and (2) together are not sufficient.,C,Correct answer is marked in red in the source PDF: C.,Both,Numerical Ability,data-interpretation,3,No,,,Ready for Upload,Data Sufficiency.
96,Done - Civil Service Exam Reviewer for 2026.pdf,/Users/lyndon/All reviewers/Civil Service Exam/Civil Service Exam Reviewer 2026/CSE EXAMS AND REVIEWER 2026/Done - Civil Service Exam Reviewer for 2026.pdf,19,25,"What is the ratio of a to b? 1) a is 8 more than twice b. 2) The ratio of a to 4b is 3 : 7. ifstatement(2)ALONE is sufficient, but statement (1) alone is not sufficient.","Statement (1) alone is sufficient, but statement (2) alone is not sufficient.","Statement (2) alone is sufficient, but statement (1) alone is not sufficient.","Both statements together are sufficient, but neither statement alone is sufficient.",Each statement alone is sufficient.,Statements (1) and (2) together are not sufficient.,B,Correct answer is marked in red in the source PDF: B.,Both,Numerical Ability,data-interpretation,3,No,,,Ready for Upload,Data Sufficiency.
97,Done - Civil Service Exam Reviewer for 2026.pdf,/Users/lyndon/All reviewers/Civil Service Exam/Civil Service Exam Reviewer 2026/CSE EXAMS AND REVIEWER 2026/Done - Civil Service Exam Reviewer for 2026.pdf,20,25,"At Avanti Review Center, 400 students are enrolled for the Review Program or Academic Advancement Program or both. If 100 of these students are not enrolled in the Review Program, how many of them are enrolled in both Avanti Review Program and Avanti Academic Advancement Program? 1) Of the 400 students, 160 are not enrolled in the Academic Advancement Program. 2) A total of 240 of the students are enrolled in the Academic Advancement Program. if each statement ALONE is sufficient","Statement (1) alone is sufficient, but statement (2) alone is not sufficient.","Statement (2) alone is sufficient, but statement (1) alone is not sufficient.","Both statements together are sufficient, but neither statement alone is sufficient.",Each statement alone is sufficient.,Statements (1) and (2) together are not sufficient.,D,Correct answer is marked in red in the source PDF: D.,Both,Numerical Ability,data-interpretation,3,No,,,Ready for Upload,Data Sufficiency.
98,Done - Civil Service Exam Reviewer for 2026.pdf,/Users/lyndon/All reviewers/Civil Service Exam/Civil Service Exam Reviewer 2026/CSE EXAMS AND REVIEWER 2026/Done - Civil Service Exam Reviewer for 2026.pdf,1,26,A. Commission on the Filipino Language B. Commission on Human Rights C. Commission on Higher Education D. Commission on Population,ABCD,CBDA,BCDA,ACBD,,B,Correct answer is marked in red in the source PDF: B.,Both,Clerical Operations,filing-coding,2,No,,,Ready for Upload,Clerical Operations (Alphabetizing). sub_topic:filing-coding
99,Done - Civil Service Exam Reviewer for 2026.pdf,/Users/lyndon/All reviewers/Civil Service Exam/Civil Service Exam Reviewer 2026/CSE EXAMS AND REVIEWER 2026/Done - Civil Service Exam Reviewer for 2026.pdf,2,26,A. Cooperative Development Authority B. Cottage Industry Development Enterprise C. Cottage Industry Technology Center D. Council for the Welfare of Children,ABCD,ACBD,BCAD,CBAD,,A,Correct answer is marked in red in the source PDF: A.,Both,Clerical Operations,filing-coding,2,No,,,Ready for Upload,Clerical Operations (Alphabetizing). sub_topic:filing-coding
100,Done - Civil Service Exam Reviewer for 2026.pdf,/Users/lyndon/All reviewers/Civil Service Exam/Civil Service Exam Reviewer 2026/CSE EXAMS AND REVIEWER 2026/Done - Civil Service Exam Reviewer for 2026.pdf,3,26-27,A. Food and Nutrition Research Institute B. Fiber Industry Development Authority C. Foreign Service Institute D. Family Planning Organization of the Philippines,ABCD,BACD,DBCA,DBAC,,D,Correct answer is marked in red in the source PDF: D.,Both,Clerical Operations,filing-coding,2,No,,,Ready for Upload,Clerical Operations (Alphabetizing). sub_topic:filing-coding
101,Done - Civil Service Exam Reviewer for 2026.pdf,/Users/lyndon/All reviewers/Civil Service Exam/Civil Service Exam Reviewer 2026/CSE EXAMS AND REVIEWER 2026/Done - Civil Service Exam Reviewer for 2026.pdf,4,27,A. Insurance Commission B. Industrial Technology Development Institute C. Institute of Labor and Manpower Studies D. Instructional Materials Corporation,BDCA,BACD,BCDA,BADC,,C,Correct answer is marked in red in the source PDF: C.,Both,Clerical Operations,filing-coding,2,No,,,Ready for Upload,Clerical Operations (Alphabetizing). sub_topic:filing-coding
102,Done - Civil Service Exam Reviewer for 2026.pdf,/Users/lyndon/All reviewers/Civil Service Exam/Civil Service Exam Reviewer 2026/CSE EXAMS AND REVIEWER 2026/Done - Civil Service Exam Reviewer for 2026.pdf,5,27,A. Presidential Commission on Good Governance B. Presidential Commission to Fight Poverty C. Presidential Commission for the Urban Poor D. Presidential Commission on Human Rights,CBAD,CBAD,CABD,CADB,,D,Correct answer is marked in red in the source PDF: D.,Both,Clerical Operations,filing-coding,2,No,,,Needs Review,Clerical Operations (Alphabetizing). Duplicate answer-choice text detected. sub_topic:filing-coding
103,Done - Civil Service Exam Reviewer for 2026.pdf,/Users/lyndon/All reviewers/Civil Service Exam/Civil Service Exam Reviewer 2026/CSE EXAMS AND REVIEWER 2026/Done - Civil Service Exam Reviewer for 2026.pdf,6,27-28,A. AA Industrial Chemical Supply B. AB Capital and Investment Corporation C. A Soriano Aviation Incorporated D. A-1 Driving Company Incorporated,DCAB,DCBA,ABCD,CABD,,A,Correct answer is marked in red in the source PDF: A.,Both,Clerical Operations,filing-coding,2,No,,,Ready for Upload,Clerical Operations (Alphabetizing). sub_topic:filing-coding
104,Done - Civil Service Exam Reviewer for 2026.pdf,/Users/lyndon/All reviewers/Civil Service Exam/Civil Service Exam Reviewer 2026/CSE EXAMS AND REVIEWER 2026/Done - Civil Service Exam Reviewer for 2026.pdf,7,28,"A. Ayala Plans Inc. B. Ayala Health Care, Inc. C. Ayala Land Inc. D. Ayala Life Assurance Inc.",BCDA,ABCD,DCBA,BACD,,A,Correct answer is marked in red in the source PDF: A.,Both,Clerical Operations,filing-coding,2,No,,,Ready for Upload,Clerical Operations (Alphabetizing). sub_topic:filing-coding
105,Done - Civil Service Exam Reviewer for 2026.pdf,/Users/lyndon/All reviewers/Civil Service Exam/Civil Service Exam Reviewer 2026/CSE EXAMS AND REVIEWER 2026/Done - Civil Service Exam Reviewer for 2026.pdf,8,28,A. Filspin Incorporated B. Filway Marketing Inc. C. Filsov Shipping Company D. Fina Products Inc.,ACDB,CABD,BCAD,BACD,,B,Correct answer is marked in red in the source PDF: B.,Both,Clerical Operations,filing-coding,2,No,,,Ready for Upload,Clerical Operations (Alphabetizing). sub_topic:filing-coding
106,Done - Civil Service Exam Reviewer for 2026.pdf,/Users/lyndon/All reviewers/Civil Service Exam/Civil Service Exam Reviewer 2026/CSE EXAMS AND REVIEWER 2026/Done - Civil Service Exam Reviewer for 2026.pdf,9,28-29,A. John Shannon Montessori B. John Paul Hospital C. John Robert Powers D. John Nelson and Associates,DACB,DBCA,DCBA,DABC,,B,Correct answer is marked in red in the source PDF: B.,Both,Clerical Operations,filing-coding,2,No,,,Ready for Upload,Clerical Operations (Alphabetizing). sub_topic:filing-coding
107,Done - Civil Service Exam Reviewer for 2026.pdf,/Users/lyndon/All reviewers/Civil Service Exam/Civil Service Exam Reviewer 2026/CSE EXAMS AND REVIEWER 2026/Done - Civil Service Exam Reviewer for 2026.pdf,10,29,A. Sports Zone Restaurant B. Sports Resources Inc. C. Sports Values Inc. D. Sports House and General Merchandise,ABCD,BCDA,CBDA,DBCA,,D,Correct answer is marked in red in the source PDF: D.,Both,Clerical Operations,filing-coding,2,No,,,Ready for Upload,Clerical Operations (Alphabetizing). sub_topic:filing-coding
108,Done - Civil Service Exam Reviewer for 2026.pdf,/Users/lyndon/All reviewers/Civil Service Exam/Civil Service Exam Reviewer 2026/CSE EXAMS AND REVIEWER 2026/Done - Civil Service Exam Reviewer for 2026.pdf,11,29,"A. Abad, Josephine B. Abad, Jason C. Abad, Joseph D. Abad, June",DBCA,DBAC,BDCA,BCDA,,A,Correct answer is marked in red in the source PDF: A.,Both,Clerical Operations,filing-coding,2,No,,,Ready for Upload,Clerical Operations (Alphabetizing). sub_topic:filing-coding
109,Done - Civil Service Exam Reviewer for 2026.pdf,/Users/lyndon/All reviewers/Civil Service Exam/Civil Service Exam Reviewer 2026/CSE EXAMS AND REVIEWER 2026/Done - Civil Service Exam Reviewer for 2026.pdf,12,30,A. St. Stephen’s School B. St. Stephen’s University C. St. Scholastica’s Academy D. St. Scholastica’s College,ABCD,CDBA,CDAB,DCAB,,C,Correct answer is marked in red in the source PDF: C.,Both,Clerical Operations,filing-coding,2,No,,,Ready for Upload,Clerical Operations (Alphabetizing). sub_topic:filing-coding
110,Done - Civil Service Exam Reviewer for 2026.pdf,/Users/lyndon/All reviewers/Civil Service Exam/Civil Service Exam Reviewer 2026/CSE EXAMS AND REVIEWER 2026/Done - Civil Service Exam Reviewer for 2026.pdf,13,30,"A. Santos, Anita B. Santos, Ana C. Santos, Antonio D. Santos, Anthony",CDBA,DCBA,BADC,BACD,,C,Correct answer is marked in red in the source PDF: C.,Both,Clerical Operations,filing-coding,2,No,,,Ready for Upload,Clerical Operations (Alphabetizing). sub_topic:filing-coding
111,Done - Civil Service Exam Reviewer for 2026.pdf,/Users/lyndon/All reviewers/Civil Service Exam/Civil Service Exam Reviewer 2026/CSE EXAMS AND REVIEWER 2026/Done - Civil Service Exam Reviewer for 2026.pdf,14,30,A. Philippine Daily Inquirer B. Philippine Star C. Philippine Herald D. Philippine Tribune,ABCD,ACBD,ADCB,ACDB,,B,Correct answer is marked in red in the source PDF: B.,Both,Clerical Operations,filing-coding,2,No,,,Ready for Upload,Clerical Operations (Alphabetizing). sub_topic:filing-coding
112,Done - Civil Service Exam Reviewer for 2026.pdf,/Users/lyndon/All reviewers/Civil Service Exam/Civil Service Exam Reviewer 2026/CSE EXAMS AND REVIEWER 2026/Done - Civil Service Exam Reviewer for 2026.pdf,15,31,"A. Luna, Antonio B. Luna, Juan C. Luna, Olive D. Luna, Oliver",ABCD,ABDC,ACBD,ADCB,,A,Correct answer is marked in red in the source PDF: A.,Both,Clerical Operations,filing-coding,2,No,,,Ready for Upload,Clerical Operations (Alphabetizing). sub_topic:filing-coding
113,Done - Civil Service Exam Reviewer for 2026.pdf,/Users/lyndon/All reviewers/Civil Service Exam/Civil Service Exam Reviewer 2026/CSE EXAMS AND REVIEWER 2026/Done - Civil Service Exam Reviewer for 2026.pdf,16,31,"A. Felimon, Jason B. Felipe, Julian C. Felimon, Jamie D. Felipe, Julia",CADB,ACBD,CABD,ACDB,,A,Correct answer is marked in red in the source PDF: A.,Both,Clerical Operations,filing-coding,2,No,,,Ready for Upload,Clerical Operations (Alphabetizing). sub_topic:filing-coding
114,Done - Civil Service Exam Reviewer for 2026.pdf,/Users/lyndon/All reviewers/Civil Service Exam/Civil Service Exam Reviewer 2026/CSE EXAMS AND REVIEWER 2026/Done - Civil Service Exam Reviewer for 2026.pdf,17,31-32,A. UP Institute for Small Scale Industries B. UP Institute for Science and Math Education C. UP Institute of Biology D. UP Institute of Chemistry,ABCD,BACD,CDAB,CDBA,,D,Correct answer is marked in red in the source PDF: D.,Both,Clerical Operations,filing-coding,2,No,,,Ready for Upload,Clerical Operations (Alphabetizing). sub_topic:filing-coding
115,Done - Civil Service Exam Reviewer for 2026.pdf,/Users/lyndon/All reviewers/Civil Service Exam/Civil Service Exam Reviewer 2026/CSE EXAMS AND REVIEWER 2026/Done - Civil Service Exam Reviewer for 2026.pdf,18,32,A. Bureau of Post B. Bureau of Internal Revenue C. Bureau of Mines D. Bureau of Fisheries and Aquatic Resources,DBCA,DABC,DCBA,DBAC,,A,Correct answer is marked in red in the source PDF: A.,Both,Clerical Operations,filing-coding,2,No,,,Ready for Upload,Clerical Operations (Alphabetizing). sub_topic:filing-coding
116,Done - Civil Service Exam Reviewer for 2026.pdf,/Users/lyndon/All reviewers/Civil Service Exam/Civil Service Exam Reviewer 2026/CSE EXAMS AND REVIEWER 2026/Done - Civil Service Exam Reviewer for 2026.pdf,19,32,"A. Rancho, Elian B. Rallon, Michel C. Ramirez, Sean D. Rancho, Elaine",,,,,,,,Both,Clerical Operations,filing-coding,2,No,,,Incomplete,Clerical Operations (Alphabetizing). Could not parse four answer choices. sub_topic:filing-coding
117,Done - Civil Service Exam Reviewer for 2026.pdf,/Users/lyndon/All reviewers/Civil Service Exam/Civil Service Exam Reviewer 2026/CSE EXAMS AND REVIEWER 2026/Done - Civil Service Exam Reviewer for 2026.pdf,1,32,BCAD,,,,,,,,Both,Clerical Operations,filing-coding,2,No,,,Incomplete,Clerical Operations (Alphabetizing). Could not parse four answer choices. sub_topic:filing-coding
118,Done - Civil Service Exam Reviewer for 2026.pdf,/Users/lyndon/All reviewers/Civil Service Exam/Civil Service Exam Reviewer 2026/CSE EXAMS AND REVIEWER 2026/Done - Civil Service Exam Reviewer for 2026.pdf,2,32,BDAC,,,,,,,,Both,Clerical Operations,filing-coding,2,No,,,Incomplete,Clerical Operations (Alphabetizing). Could not parse four answer choices. sub_topic:filing-coding
119,Done - Civil Service Exam Reviewer for 2026.pdf,/Users/lyndon/All reviewers/Civil Service Exam/Civil Service Exam Reviewer 2026/CSE EXAMS AND REVIEWER 2026/Done - Civil Service Exam Reviewer for 2026.pdf,3,32,BCDA,,,,,,,,Both,Clerical Operations,filing-coding,2,No,,,Incomplete,Clerical Operations (Alphabetizing). Could not parse four answer choices. sub_topic:filing-coding
120,Done - Civil Service Exam Reviewer for 2026.pdf,/Users/lyndon/All reviewers/Civil Service Exam/Civil Service Exam Reviewer 2026/CSE EXAMS AND REVIEWER 2026/Done - Civil Service Exam Reviewer for 2026.pdf,4,32,BACD,,,,,,,,Both,Clerical Operations,filing-coding,2,No,,,Incomplete,Clerical Operations (Alphabetizing). Could not parse four answer choices. sub_topic:filing-coding
121,Done - Civil Service Exam Reviewer for 2026.pdf,/Users/lyndon/All reviewers/Civil Service Exam/Civil Service Exam Reviewer 2026/CSE EXAMS AND REVIEWER 2026/Done - Civil Service Exam Reviewer for 2026.pdf,20,32-33,"A.Quesada, Arianne B. Quisumbing, Armie C. Quintin, Adela D. Quezon, Aurora",ABCD,ADCB,ACBD,ABDC,,B,Correct answer is marked in red in the source PDF: B.,Both,Clerical Operations,filing-coding,2,No,,,Ready for Upload,Clerical Operations (Alphabetizing). sub_topic:filing-coding
122,Done - Civil Service Exam Reviewer for 2026.pdf,/Users/lyndon/All reviewers/Civil Service Exam/Civil Service Exam Reviewer 2026/CSE EXAMS AND REVIEWER 2026/Done - Civil Service Exam Reviewer for 2026.pdf,1,34,We should never be apathetic towards other people for we have a social responsibility to fulfill.,i ndi ffere nt,con c ern ed,generous,worried,,,,Both,Verbal Ability,vocabulary,2,No,,,Needs Answer,Synonyms. Could not uniquely map red answer text: a. i ndi ffere nt b. c. d. sub_topic:vocabulary
123,Done - Civil Service Exam Reviewer for 2026.pdf,/Users/lyndon/All reviewers/Civil Service Exam/Civil Service Exam Reviewer 2026/CSE EXAMS AND REVIEWER 2026/Done - Civil Service Exam Reviewer for 2026.pdf,2,34,A good leader should be cognizant of the numerous issues that affect his constituents.,aware,uninformed,confused,idealistic,,,,Both,Verbal Ability,vocabulary,2,No,,,Needs Answer,Synonyms. Could not uniquely map red answer text: a. aware b. c. d. sub_topic:vocabulary
124,Done - Civil Service Exam Reviewer for 2026.pdf,/Users/lyndon/All reviewers/Civil Service Exam/Civil Service Exam Reviewer 2026/CSE EXAMS AND REVIEWER 2026/Done - Civil Service Exam Reviewer for 2026.pdf,3,34,Always be careful not to issue any disparaging remarks against other people.,praising,confusing,damaging,discouragin,,C,Correct answer is marked in red in the source PDF: C.,Both,Verbal Ability,vocabulary,2,No,,,Ready for Upload,Synonyms. sub_topic:vocabulary
125,Done - Civil Service Exam Reviewer for 2026.pdf,/Users/lyndon/All reviewers/Civil Service Exam/Civil Service Exam Reviewer 2026/CSE EXAMS AND REVIEWER 2026/Done - Civil Service Exam Reviewer for 2026.pdf,4,34-35,Flowers are ephemeral; they bloom yet wither in a week or so later.,shrivel,long lasting,beautiful,short lived,,D,Correct answer is marked in red in the source PDF: D.,Both,Verbal Ability,vocabulary,2,No,,,Ready for Upload,Synonyms. sub_topic:vocabulary
126,Done - Civil Service Exam Reviewer for 2026.pdf,/Users/lyndon/All reviewers/Civil Service Exam/Civil Service Exam Reviewer 2026/CSE EXAMS AND REVIEWER 2026/Done - Civil Service Exam Reviewer for 2026.pdf,5,35,A fastidious person will never find true happiness.,simple,choosy,greedy,contented,,B,Correct answer is marked in red in the source PDF: B.,Both,Verbal Ability,vocabulary,2,No,,,Ready for Upload,Synonyms. sub_topic:vocabulary
127,Done - Civil Service Exam Reviewer for 2026.pdf,/Users/lyndon/All reviewers/Civil Service Exam/Civil Service Exam Reviewer 2026/CSE EXAMS AND REVIEWER 2026/Done - Civil Service Exam Reviewer for 2026.pdf,6,35,"The Ortigas Center is filled with gargantuan buildings, some having up to 50 floors.",crowded,old and weak,fist class,gigantic,,D,Correct answer is marked in red in the source PDF: D.,Both,Verbal Ability,vocabulary,2,No,,,Ready for Upload,Synonyms. sub_topic:vocabulary
128,Done - Civil Service Exam Reviewer for 2026.pdf,/Users/lyndon/All reviewers/Civil Service Exam/Civil Service Exam Reviewer 2026/CSE EXAMS AND REVIEWER 2026/Done - Civil Service Exam Reviewer for 2026.pdf,7,35,Nobody like haughty Monty who kept bragging about his riches.,arrogant,foolish,respectable,dependable,,,,Both,Verbal Ability,vocabulary,2,No,,,Needs Answer,Synonyms. Could not uniquely map red answer text: a. arrogant b. c. d. sub_topic:vocabulary
129,Done - Civil Service Exam Reviewer for 2026.pdf,/Users/lyndon/All reviewers/Civil Service Exam/Civil Service Exam Reviewer 2026/CSE EXAMS AND REVIEWER 2026/Done - Civil Service Exam Reviewer for 2026.pdf,8,35,The corrupt policeman was discharged form service due to his ignominious act of accepting bribes.,honorable,disrespectable,unwanted,remarkable,,B,Correct answer is marked in red in the source PDF: B.,Both,Verbal Ability,vocabulary,2,No,,,Ready for Upload,Synonyms. sub_topic:vocabulary
130,Done - Civil Service Exam Reviewer for 2026.pdf,/Users/lyndon/All reviewers/Civil Service Exam/Civil Service Exam Reviewer 2026/CSE EXAMS AND REVIEWER 2026/Done - Civil Service Exam Reviewer for 2026.pdf,9,35,The impudent child was scolded for answering back to older people.,respectful,honorable,clever,rude,,D,Correct answer is marked in red in the source PDF: D.,Both,Verbal Ability,vocabulary,2,No,,,Ready for Upload,Synonyms. sub_topic:vocabulary
131,Done - Civil Service Exam Reviewer for 2026.pdf,/Users/lyndon/All reviewers/Civil Service Exam/Civil Service Exam Reviewer 2026/CSE EXAMS AND REVIEWER 2026/Done - Civil Service Exam Reviewer for 2026.pdf,10,35-36,Spores are infinitesimal reproductive units of fungi and lower plants.,invisible,interesting,microscopic,large,,C,Correct answer is marked in red in the source PDF: C.,Both,Verbal Ability,vocabulary,2,No,,,Ready for Upload,Synonyms. sub_topic:vocabulary
132,Done - Civil Service Exam Reviewer for 2026.pdf,/Users/lyndon/All reviewers/Civil Service Exam/Civil Service Exam Reviewer 2026/CSE EXAMS AND REVIEWER 2026/Done - Civil Service Exam Reviewer for 2026.pdf,11,36,Never trust an insidious person because you’ll never know what goes in his mind.,honest,treacherous,loyal,trustworthy,,B,Correct answer is marked in red in the source PDF: B.,Both,Verbal Ability,vocabulary,2,No,,,Ready for Upload,Synonyms. sub_topic:vocabulary
133,Done - Civil Service Exam Reviewer for 2026.pdf,/Users/lyndon/All reviewers/Civil Service Exam/Civil Service Exam Reviewer 2026/CSE EXAMS AND REVIEWER 2026/Done - Civil Service Exam Reviewer for 2026.pdf,12,36,Jessa is an irascible girl who frequently has tantrums.,impatient,cheerful,hot-tempered,jolly,,C,Correct answer is marked in red in the source PDF: C.,Both,Verbal Ability,vocabulary,2,No,,,Ready for Upload,Synonyms. sub_topic:vocabulary
134,Done - Civil Service Exam Reviewer for 2026.pdf,/Users/lyndon/All reviewers/Civil Service Exam/Civil Service Exam Reviewer 2026/CSE EXAMS AND REVIEWER 2026/Done - Civil Service Exam Reviewer for 2026.pdf,13,36,Surgeons should be meticulous especially when performing operations.,careful,car el es s,strict,lenient,,,,Both,Verbal Ability,vocabulary,2,No,,,Needs Answer,Synonyms. Could not uniquely map red answer text: a. careful b. c. d. sub_topic:vocabulary
135,Done - Civil Service Exam Reviewer for 2026.pdf,/Users/lyndon/All reviewers/Civil Service Exam/Civil Service Exam Reviewer 2026/CSE EXAMS AND REVIEWER 2026/Done - Civil Service Exam Reviewer for 2026.pdf,14,36,Christ teaches us to be concerned about putting up riches in heaven and not to be obsessed with mundane things.,temporary,worldly,insignificant,important,,B,Correct answer is marked in red in the source PDF: B.,Both,Verbal Ability,vocabulary,2,No,,,Ready for Upload,Synonyms. sub_topic:vocabulary
136,Done - Civil Service Exam Reviewer for 2026.pdf,/Users/lyndon/All reviewers/Civil Service Exam/Civil Service Exam Reviewer 2026/CSE EXAMS AND REVIEWER 2026/Done - Civil Service Exam Reviewer for 2026.pdf,15,36-37,Rochelle has difficulty seeing things from afar because she is myophic.,cross-eyed,eagle-yed,farsighted,nearsighted,,D,Correct answer is marked in red in the source PDF: D.,Both,Verbal Ability,vocabulary,2,No,,,Ready for Upload,Synonyms. sub_topic:vocabulary
137,Done - Civil Service Exam Reviewer for 2026.pdf,/Users/lyndon/All reviewers/Civil Service Exam/Civil Service Exam Reviewer 2026/CSE EXAMS AND REVIEWER 2026/Done - Civil Service Exam Reviewer for 2026.pdf,16,37,"Regina, being a chilld of three, is oblivious to the world around her.",careful,carefree,aware,unmindful,,D,Correct answer is marked in red in the source PDF: D.,Both,Verbal Ability,vocabulary,2,No,,,Ready for Upload,Synonyms. sub_topic:vocabulary
138,Done - Civil Service Exam Reviewer for 2026.pdf,/Users/lyndon/All reviewers/Civil Service Exam/Civil Service Exam Reviewer 2026/CSE EXAMS AND REVIEWER 2026/Done - Civil Service Exam Reviewer for 2026.pdf,17,37,Man can never be omniscient like God.,all-knowing,logical,immortal,miraculous,,,,Both,Verbal Ability,vocabulary,2,No,,,Needs Answer,Synonyms. Could not uniquely map red answer text: a. all-knowing b. c. d. sub_topic:vocabulary
139,Done - Civil Service Exam Reviewer for 2026.pdf,/Users/lyndon/All reviewers/Civil Service Exam/Civil Service Exam Reviewer 2026/CSE EXAMS AND REVIEWER 2026/Done - Civil Service Exam Reviewer for 2026.pdf,18,37,The piquant mouse was able to find its way out of the maze in a short while.,dumb,clever,small,unusual,,B,Correct answer is marked in red in the source PDF: B.,Both,Verbal Ability,vocabulary,2,No,,,Ready for Upload,Synonyms. sub_topic:vocabulary
140,Done - Civil Service Exam Reviewer for 2026.pdf,/Users/lyndon/All reviewers/Civil Service Exam/Civil Service Exam Reviewer 2026/CSE EXAMS AND REVIEWER 2026/Done - Civil Service Exam Reviewer for 2026.pdf,19,37,"It is now plausible to say that someday, interplanetary travel will no longer be impossible.",reasonable,unusual,illogical,extraordinary,,,,Both,Verbal Ability,vocabulary,2,No,,,Needs Answer,Synonyms. Could not uniquely map red answer text: a. reasonable b. c. d. sub_topic:vocabulary
141,Done - Civil Service Exam Reviewer for 2026.pdf,/Users/lyndon/All reviewers/Civil Service Exam/Civil Service Exam Reviewer 2026/CSE EXAMS AND REVIEWER 2026/Done - Civil Service Exam Reviewer for 2026.pdf,20,37,A prudent person is not easily deceived.,loyal,careless,wise,foolish,,C,Correct answer is marked in red in the source PDF: C.,Both,Verbal Ability,vocabulary,2,No,,,Ready for Upload,Synonyms. sub_topic:vocabulary
142,Done - Civil Service Exam Reviewer for 2026.pdf,/Users/lyndon/All reviewers/Civil Service Exam/Civil Service Exam Reviewer 2026/CSE EXAMS AND REVIEWER 2026/Done - Civil Service Exam Reviewer for 2026.pdf,21,38,“Spare the rod and spoil the child” is a common aphorism.,slogan,battle cry,proverb,motto,,C,Correct answer is marked in red in the source PDF: C.,Both,Verbal Ability,vocabulary,2,No,,,Ready for Upload,Synonyms. sub_topic:vocabulary
143,Done - Civil Service Exam Reviewer for 2026.pdf,/Users/lyndon/All reviewers/Civil Service Exam/Civil Service Exam Reviewer 2026/CSE EXAMS AND REVIEWER 2026/Done - Civil Service Exam Reviewer for 2026.pdf,22,38,Charlie’s deportment is highly commendable.,belief,behavior,intelligence,competence,,B,Correct answer is marked in red in the source PDF: B.,Both,Verbal Ability,vocabulary,2,No,,,Ready for Upload,Synonyms. sub_topic:vocabulary
144,Done - Civil Service Exam Reviewer for 2026.pdf,/Users/lyndon/All reviewers/Civil Service Exam/Civil Service Exam Reviewer 2026/CSE EXAMS AND REVIEWER 2026/Done - Civil Service Exam Reviewer for 2026.pdf,23,38,For enmity and hate are contrary to friendship and concord.,agreement,mutual hatred,confusion,division,,B,Correct answer is marked in red in the source PDF: B.,Both,Verbal Ability,vocabulary,2,No,,,Ready for Upload,Synonyms. sub_topic:vocabulary
145,Done - Civil Service Exam Reviewer for 2026.pdf,/Users/lyndon/All reviewers/Civil Service Exam/Civil Service Exam Reviewer 2026/CSE EXAMS AND REVIEWER 2026/Done - Civil Service Exam Reviewer for 2026.pdf,24,38,The Filipino’s fortitude is the reason why he seldom complains.,endurance,peace-loving,discontent,satisfaction,,,,Both,Verbal Ability,vocabulary,2,No,,,Needs Answer,Synonyms. Could not uniquely map red answer text: a. endurance b. c. d. sub_topic:vocabulary
146,Done - Civil Service Exam Reviewer for 2026.pdf,/Users/lyndon/All reviewers/Civil Service Exam/Civil Service Exam Reviewer 2026/CSE EXAMS AND REVIEWER 2026/Done - Civil Service Exam Reviewer for 2026.pdf,25,38,Poverty should never be viewed as an impediment towards attaining good education.,reason,way,link,obstruction,,D,Correct answer is marked in red in the source PDF: D.,Both,Verbal Ability,vocabulary,2,No,,,Ready for Upload,Synonyms. sub_topic:vocabulary
147,Done - Civil Service Exam Reviewer for 2026.pdf,/Users/lyndon/All reviewers/Civil Service Exam/Civil Service Exam Reviewer 2026/CSE EXAMS AND REVIEWER 2026/Done - Civil Service Exam Reviewer for 2026.pdf,26,38-39,The students were upbraided for misbehaving during the assembly.,praised,honored scolded,stop p ed,,,B,Correct answer is marked in red in the source PDF: B.,Both,Verbal Ability,vocabulary,2,No,,,Incomplete,Synonyms. Missing one or more A-D choices. sub_topic:vocabulary
148,Done - Civil Service Exam Reviewer for 2026.pdf,/Users/lyndon/All reviewers/Civil Service Exam/Civil Service Exam Reviewer 2026/CSE EXAMS AND REVIEWER 2026/Done - Civil Service Exam Reviewer for 2026.pdf,27,39,Urbane peopleare appaled by rude behavious.,well-mannered,ill-mannered,modern,rich,,,,Both,Verbal Ability,vocabulary,2,No,,,Needs Answer,Synonyms. Could not uniquely map red answer text: a. well-mannered b. c. d. sub_topic:vocabulary
149,Done - Civil Service Exam Reviewer for 2026.pdf,/Users/lyndon/All reviewers/Civil Service Exam/Civil Service Exam Reviewer 2026/CSE EXAMS AND REVIEWER 2026/Done - Civil Service Exam Reviewer for 2026.pdf,28,39,Clowns are never vapid but the sick usually are.,lively and energetic,lacking spirit and liveliness,clumsy,funny,,B,Correct answer is marked in red in the source PDF: B.,Both,Verbal Ability,vocabulary,2,No,,,Ready for Upload,Synonyms. sub_topic:vocabulary
150,Done - Civil Service Exam Reviewer for 2026.pdf,/Users/lyndon/All reviewers/Civil Service Exam/Civil Service Exam Reviewer 2026/CSE EXAMS AND REVIEWER 2026/Done - Civil Service Exam Reviewer for 2026.pdf,29,39,The client was asked to verify the veracity of the statement of accounts issued.,accuracy,dis cr ep an c y redundancy,mistake,,,,,Both,Verbal Ability,vocabulary,2,No,,,Needs Answer,Synonyms. Missing one or more A-D choices. Could not uniquely map red answer text: a. accuracy b. redundancy c. d. sub_topic:vocabulary
151,Done - Civil Service Exam Reviewer for 2026.pdf,/Users/lyndon/All reviewers/Civil Service Exam/Civil Service Exam Reviewer 2026/CSE EXAMS AND REVIEWER 2026/Done - Civil Service Exam Reviewer for 2026.pdf,30,39,Dentists believe that babies should be weaned from feeding bottles as soon as possible to prevent malformation of the infant’s erupting teeth.,get used to,develop hatred for,free from dependence,make more dependent,,D,Correct answer is marked in red in the source PDF: D.,Both,Verbal Ability,vocabulary,2,No,,,Ready for Upload,Synonyms. sub_topic:vocabulary
152,Done - Civil Service Exam Reviewer for 2026.pdf,/Users/lyndon/All reviewers/Civil Service Exam/Civil Service Exam Reviewer 2026/CSE EXAMS AND REVIEWER 2026/Done - Civil Service Exam Reviewer for 2026.pdf,31,39-40,Some people believe that Balete Drive is haunted because a wraith of a woman’s appears there.,shadow,statue,reflection,ghost,,D,Correct answer is marked in red in the source PDF: D.,Both,Verbal Ability,vocabulary,2,No,,,Ready for Upload,Synonyms. sub_topic:vocabulary
153,Done - Civil Service Exam Reviewer for 2026.pdf,/Users/lyndon/All reviewers/Civil Service Exam/Civil Service Exam Reviewer 2026/CSE EXAMS AND REVIEWER 2026/Done - Civil Service Exam Reviewer for 2026.pdf,32,40,She looks unkempt with her wavy coarse hair falling freely behind her back.,pretty,neat,prim and proper,untidy,,D,Correct answer is marked in red in the source PDF: D.,Both,Verbal Ability,vocabulary,2,No,,,Ready for Upload,Synonyms. sub_topic:vocabulary
154,Done - Civil Service Exam Reviewer for 2026.pdf,/Users/lyndon/All reviewers/Civil Service Exam/Civil Service Exam Reviewer 2026/CSE EXAMS AND REVIEWER 2026/Done - Civil Service Exam Reviewer for 2026.pdf,33,40,"The room is topsy-turvy , as if a hurricane just passed through.",disorderly,d estr o yed,orderly,clean,,,,Both,Verbal Ability,vocabulary,2,No,,,Needs Answer,Synonyms. Could not uniquely map red answer text: a. disorderly b. c. d. sub_topic:vocabulary
155,Done - Civil Service Exam Reviewer for 2026.pdf,/Users/lyndon/All reviewers/Civil Service Exam/Civil Service Exam Reviewer 2026/CSE EXAMS AND REVIEWER 2026/Done - Civil Service Exam Reviewer for 2026.pdf,34,40,Sherlock Holmes is a famous sleuth.,adventurer,scientist,detective,criminal,,C,Correct answer is marked in red in the source PDF: C.,Both,Verbal Ability,vocabulary,2,No,,,Ready for Upload,Synonyms. sub_topic:vocabulary
156,Done - Civil Service Exam Reviewer for 2026.pdf,/Users/lyndon/All reviewers/Civil Service Exam/Civil Service Exam Reviewer 2026/CSE EXAMS AND REVIEWER 2026/Done - Civil Service Exam Reviewer for 2026.pdf,35,40,Mindy runmaged through the chest of old clothes for something usable to donate.,searched thourgh,wandered through,passed through,scattered,,,,Both,Verbal Ability,vocabulary,2,No,,,Needs Answer,Synonyms. Could not uniquely map red answer text: a. searched thourgh b. c. d. sub_topic:vocabulary
157,Done - Civil Service Exam Reviewer for 2026.pdf,/Users/lyndon/All reviewers/Civil Service Exam/Civil Service Exam Reviewer 2026/CSE EXAMS AND REVIEWER 2026/Done - Civil Service Exam Reviewer for 2026.pdf,36,40-41,Only a ruffian could do such a heinous act of killing a helpless child. a. an insane person b. a brutal person c. a lovable person a confused person,,,,,,,,Both,Verbal Ability,vocabulary,2,No,,,Incomplete,Synonyms. Could not parse four answer choices. sub_topic:vocabulary
158,Done - Civil Service Exam Reviewer for 2026.pdf,/Users/lyndon/All reviewers/Civil Service Exam/Civil Service Exam Reviewer 2026/CSE EXAMS AND REVIEWER 2026/Done - Civil Service Exam Reviewer for 2026.pdf,37,41,"To augment the policemen’s incom, the government allowed them to take parttime jobs.",increase,contribute,limit,remove,,,,Both,Verbal Ability,vocabulary,2,No,,,Needs Answer,Synonyms. Could not uniquely map red answer text: a. increase b. c. d. sub_topic:vocabulary
159,Done - Civil Service Exam Reviewer for 2026.pdf,/Users/lyndon/All reviewers/Civil Service Exam/Civil Service Exam Reviewer 2026/CSE EXAMS AND REVIEWER 2026/Done - Civil Service Exam Reviewer for 2026.pdf,38,41,A person’s reputation is very important so be very careful not to calumniate anybody.,embarass,abuse,tease,slander,,D,Correct answer is marked in red in the source PDF: D.,Both,Verbal Ability,vocabulary,2,No,,,Ready for Upload,Synonyms. sub_topic:vocabulary
160,Done - Civil Service Exam Reviewer for 2026.pdf,/Users/lyndon/All reviewers/Civil Service Exam/Civil Service Exam Reviewer 2026/CSE EXAMS AND REVIEWER 2026/Done - Civil Service Exam Reviewer for 2026.pdf,39,41,The footprints were effaced when the floor was mopped.,printed,erased,deformed,developed,,B,Correct answer is marked in red in the source PDF: B.,Both,Verbal Ability,vocabulary,2,No,,,Ready for Upload,Synonyms. sub_topic:vocabulary
161,Done - Civil Service Exam Reviewer for 2026.pdf,/Users/lyndon/All reviewers/Civil Service Exam/Civil Service Exam Reviewer 2026/CSE EXAMS AND REVIEWER 2026/Done - Civil Service Exam Reviewer for 2026.pdf,40,41-42,The plane overshot the runway and landed on a ditch.,passed through,passed by,went beyond,did not reach,,C,Correct answer is marked in red in the source PDF: C.,Both,Verbal Ability,vocabulary,2,No,,,Ready for Upload,Synonyms. sub_topic:vocabulary
162,Done - Civil Service Exam Reviewer for 2026.pdf,/Users/lyndon/All reviewers/Civil Service Exam/Civil Service Exam Reviewer 2026/CSE EXAMS AND REVIEWER 2026/Done - Civil Service Exam Reviewer for 2026.pdf,1,42,Hanna accompanied her sister to the drugstore.,followed,letgoonone’s own,left behind,stopped,,B,Correct answer is marked in red in the source PDF: B.,Both,Verbal Ability,vocabulary,2,No,,,Ready for Upload,Antonyms. sub_topic:vocabulary
163,Done - Civil Service Exam Reviewer for 2026.pdf,/Users/lyndon/All reviewers/Civil Service Exam/Civil Service Exam Reviewer 2026/CSE EXAMS AND REVIEWER 2026/Done - Civil Service Exam Reviewer for 2026.pdf,2,42,Beside the boulevard are gigantic buildings.,alley,str eet,avenue,road,,,,Both,Verbal Ability,vocabulary,2,No,,,Needs Answer,Antonyms. Could not uniquely map red answer text: a. alley b. c. d. sub_topic:vocabulary
164,Done - Civil Service Exam Reviewer for 2026.pdf,/Users/lyndon/All reviewers/Civil Service Exam/Civil Service Exam Reviewer 2026/CSE EXAMS AND REVIEWER 2026/Done - Civil Service Exam Reviewer for 2026.pdf,3,42,He often got into trouble because he was brusque.,blunt,rude,refined,curt,,C,Correct answer is marked in red in the source PDF: C.,Both,Verbal Ability,vocabulary,2,No,,,Ready for Upload,Antonyms. sub_topic:vocabulary
165,Done - Civil Service Exam Reviewer for 2026.pdf,/Users/lyndon/All reviewers/Civil Service Exam/Civil Service Exam Reviewer 2026/CSE EXAMS AND REVIEWER 2026/Done - Civil Service Exam Reviewer for 2026.pdf,4,42,The reporter’s candid remarks caught the mayoralty candidate off-guard.,secret,frank,well-thought,reserved,,C,Correct answer is marked in red in the source PDF: C.,Both,Verbal Ability,vocabulary,2,No,,,Ready for Upload,Antonyms. sub_topic:vocabulary
166,Done - Civil Service Exam Reviewer for 2026.pdf,/Users/lyndon/All reviewers/Civil Service Exam/Civil Service Exam Reviewer 2026/CSE EXAMS AND REVIEWER 2026/Done - Civil Service Exam Reviewer for 2026.pdf,5,42-43,The mean boys derided the sickly boy. a. made fun of b. ridiculed pr ai se d c. abandoned,,,,,,,,Both,Verbal Ability,vocabulary,2,No,,,Incomplete,Antonyms. Could not parse four answer choices. sub_topic:vocabulary
167,Done - Civil Service Exam Reviewer for 2026.pdf,/Users/lyndon/All reviewers/Civil Service Exam/Civil Service Exam Reviewer 2026/CSE EXAMS AND REVIEWER 2026/Done - Civil Service Exam Reviewer for 2026.pdf,6,43,Charm was ecstatic when she won first prize in the short story writing contest.,melancholic,overjoyed,worried,energetic,,,,Both,Verbal Ability,vocabulary,2,No,,,Needs Answer,Antonyms. Could not uniquely map red answer text: a. melancholic b. c. d. sub_topic:vocabulary
168,Done - Civil Service Exam Reviewer for 2026.pdf,/Users/lyndon/All reviewers/Civil Service Exam/Civil Service Exam Reviewer 2026/CSE EXAMS AND REVIEWER 2026/Done - Civil Service Exam Reviewer for 2026.pdf,7,43,Migraine headaches are excruciating.,extremely painful,mild pain,painless,healing,,,,Both,Verbal Ability,vocabulary,2,No,,,Needs Answer,Antonyms. Could not uniquely map red answer text: a. b. c. painless d. sub_topic:vocabulary
169,Done - Civil Service Exam Reviewer for 2026.pdf,/Users/lyndon/All reviewers/Civil Service Exam/Civil Service Exam Reviewer 2026/CSE EXAMS AND REVIEWER 2026/Done - Civil Service Exam Reviewer for 2026.pdf,8,43,The quiz proved to be facile so the students got high scores.,difficult,easy,average,answerable,,,,Both,Verbal Ability,vocabulary,2,No,,,Needs Answer,Antonyms. Could not uniquely map red answer text: a. difficult b. c. d. sub_topic:vocabulary
170,Done - Civil Service Exam Reviewer for 2026.pdf,/Users/lyndon/All reviewers/Civil Service Exam/Civil Service Exam Reviewer 2026/CSE EXAMS AND REVIEWER 2026/Done - Civil Service Exam Reviewer for 2026.pdf,9,43,The garrulous girls were distanced from each other.,mute,talkative,behaved,quiet,,,,Both,Verbal Ability,vocabulary,2,No,,,Needs Answer,Antonyms. Could not uniquely map red answer text: a. b. c. d. quiet sub_topic:vocabulary
171,Done - Civil Service Exam Reviewer for 2026.pdf,/Users/lyndon/All reviewers/Civil Service Exam/Civil Service Exam Reviewer 2026/CSE EXAMS AND REVIEWER 2026/Done - Civil Service Exam Reviewer for 2026.pdf,10,43-44,The heathens used to practice cannibalism.,uncivilized people,barbaric people,old people,,,,,Both,Verbal Ability,vocabulary,2,No,,,Needs Answer,Antonyms. Missing one or more A-D choices. Could not uniquely map red answer text: a. b. c. d.cultured people sub_topic:vocabulary
172,Done - Civil Service Exam Reviewer for 2026.pdf,/Users/lyndon/All reviewers/Civil Service Exam/Civil Service Exam Reviewer 2026/CSE EXAMS AND REVIEWER 2026/Done - Civil Service Exam Reviewer for 2026.pdf,11,44,Keep on believing that physical disability is not a hindrance to success.,block,stepping stone,opportunity,difficulty,,,,Both,Verbal Ability,vocabulary,2,No,,,Needs Answer,Antonyms. Could not uniquely map red answer text: a. b. stepping stone c. d. sub_topic:vocabulary
173,Done - Civil Service Exam Reviewer for 2026.pdf,/Users/lyndon/All reviewers/Civil Service Exam/Civil Service Exam Reviewer 2026/CSE EXAMS AND REVIEWER 2026/Done - Civil Service Exam Reviewer for 2026.pdf,12,44,Never operate a machine once you are inebriated.,sober,drunk,sleepy,active,,,,Both,Verbal Ability,vocabulary,2,No,,,Needs Answer,Antonyms. Could not uniquely map red answer text: a. sober b. c. d. sub_topic:vocabulary
174,Done - Civil Service Exam Reviewer for 2026.pdf,/Users/lyndon/All reviewers/Civil Service Exam/Civil Service Exam Reviewer 2026/CSE EXAMS AND REVIEWER 2026/Done - Civil Service Exam Reviewer for 2026.pdf,13,44,The people inveighed against the sharp increase in oil prices.,admitted,amended,accepted,deliberated,,,,Both,Verbal Ability,vocabulary,2,No,,,Needs Answer,Antonyms. Could not uniquely map red answer text: a. b. c. accepted d. sub_topic:vocabulary
175,Done - Civil Service Exam Reviewer for 2026.pdf,/Users/lyndon/All reviewers/Civil Service Exam/Civil Service Exam Reviewer 2026/CSE EXAMS AND REVIEWER 2026/Done - Civil Service Exam Reviewer for 2026.pdf,14,44,Some people believe that breaking a mirror is a jinx.,bad luck,evil,expensive,good luck,,,,Both,Verbal Ability,vocabulary,2,No,,,Needs Answer,Antonyms. Could not uniquely map red answer text: a. b. c. d. good luck sub_topic:vocabulary
176,Done - Civil Service Exam Reviewer for 2026.pdf,/Users/lyndon/All reviewers/Civil Service Exam/Civil Service Exam Reviewer 2026/CSE EXAMS AND REVIEWER 2026/Done - Civil Service Exam Reviewer for 2026.pdf,15,44,The players were confused when the kibitzers suddenly butted-in during the team’s huddle.,advisers,spectators,onlookers,crowd,,,,Both,Verbal Ability,vocabulary,2,No,,,Needs Answer,Antonyms. Could not uniquely map red answer text: a. advisers b. c. d. sub_topic:vocabulary
177,Done - Civil Service Exam Reviewer for 2026.pdf,/Users/lyndon/All reviewers/Civil Service Exam/Civil Service Exam Reviewer 2026/CSE EXAMS AND REVIEWER 2026/Done - Civil Service Exam Reviewer for 2026.pdf,16,45,The lanky lad stood out among the average-sized students. a. fierce-looking b. gigantic c. short and stout tall and thin,,,,,,,,Both,Verbal Ability,vocabulary,2,No,,,Incomplete,Antonyms. Could not parse four answer choices. sub_topic:vocabulary
178,Done - Civil Service Exam Reviewer for 2026.pdf,/Users/lyndon/All reviewers/Civil Service Exam/Civil Service Exam Reviewer 2026/CSE EXAMS AND REVIEWER 2026/Done - Civil Service Exam Reviewer for 2026.pdf,17,45,The sickly dog was given a lethal dose of morphine tablets.,fatal,safe,deadly,nasty,,,,Both,Verbal Ability,vocabulary,2,No,,,Needs Answer,Antonyms. Could not uniquely map red answer text: a. b. safe c. d. sub_topic:vocabulary
179,Done - Civil Service Exam Reviewer for 2026.pdf,/Users/lyndon/All reviewers/Civil Service Exam/Civil Service Exam Reviewer 2026/CSE EXAMS AND REVIEWER 2026/Done - Civil Service Exam Reviewer for 2026.pdf,18,45,Heinous criminals are truly loathsome. repugnant,foul,adorable,nasty,,,,,Both,Verbal Ability,vocabulary,2,No,,,Needs Answer,Antonyms. Missing one or more A-D choices. Could not uniquely map red answer text: a. b. adorable c. d. sub_topic:vocabulary
180,Done - Civil Service Exam Reviewer for 2026.pdf,/Users/lyndon/All reviewers/Civil Service Exam/Civil Service Exam Reviewer 2026/CSE EXAMS AND REVIEWER 2026/Done - Civil Service Exam Reviewer for 2026.pdf,19,45,We listened attentively to the mellifluous sound produced by the Philippine Philharmonic Orchestra.,harsh,resonant,melodious,mellow,,,,Both,Verbal Ability,vocabulary,2,No,,,Needs Answer,Antonyms. Could not uniquely map red answer text: a. harsh b. c. d. sub_topic:vocabulary
181,Done - Civil Service Exam Reviewer for 2026.pdf,/Users/lyndon/All reviewers/Civil Service Exam/Civil Service Exam Reviewer 2026/CSE EXAMS AND REVIEWER 2026/Done - Civil Service Exam Reviewer for 2026.pdf,20,45,The free medical and dental checkup conducted by the AFP Group is just a proof of their munificence.,commitment,generosity,extravagance,stingingness,,,,Both,Verbal Ability,vocabulary,2,No,,,Needs Answer,Antonyms. Could not uniquely map red answer text: a. b. c. d. stingingness sub_topic:vocabulary
182,Done - Civil Service Exam Reviewer for 2026.pdf,/Users/lyndon/All reviewers/Civil Service Exam/Civil Service Exam Reviewer 2026/CSE EXAMS AND REVIEWER 2026/Done - Civil Service Exam Reviewer for 2026.pdf,21,45-46,Justice calls for penalizing nefarious acts.,honorable,d et estab l e,infamous,,,,,Both,Verbal Ability,vocabulary,2,No,,,Needs Answer,Antonyms. Missing one or more A-D choices. Could not uniquely map red answer text: a. honorable b. c. d. sub_topic:vocabulary
183,Done - Civil Service Exam Reviewer for 2026.pdf,/Users/lyndon/All reviewers/Civil Service Exam/Civil Service Exam Reviewer 2026/CSE EXAMS AND REVIEWER 2026/Done - Civil Service Exam Reviewer for 2026.pdf,22,46,The Avanti Reviewer Books are noteworthy materials.,remarkable,substantial trivial,significant,,,,,Both,Verbal Ability,vocabulary,2,No,,,Needs Answer,Antonyms. Missing one or more A-D choices. Could not uniquely map red answer text: a. b. trivial c. d. sub_topic:vocabulary
184,Done - Civil Service Exam Reviewer for 2026.pdf,/Users/lyndon/All reviewers/Civil Service Exam/Civil Service Exam Reviewer 2026/CSE EXAMS AND REVIEWER 2026/Done - Civil Service Exam Reviewer for 2026.pdf,23,46,You will never get sufficient nourishment if you are obdurate in refusing to eat vegetables.,stubborn,snoopy,nosey,interfering,,,,Both,Verbal Ability,vocabulary,2,No,,,Needs Answer,Antonyms. Could not uniquely map red answer text: a. b. snoopy c. d. sub_topic:vocabulary
185,Done - Civil Service Exam Reviewer for 2026.pdf,/Users/lyndon/All reviewers/Civil Service Exam/Civil Service Exam Reviewer 2026/CSE EXAMS AND REVIEWER 2026/Done - Civil Service Exam Reviewer for 2026.pdf,24,46,"Don’t be so obtrusive but instead, mind your own business.",reserved,snoopy,nosey,interfering,,,,Both,Verbal Ability,vocabulary,2,No,,,Needs Answer,Antonyms. Could not uniquely map red answer text: a. reserved b. c. d. sub_topic:vocabulary
186,Done - Civil Service Exam Reviewer for 2026.pdf,/Users/lyndon/All reviewers/Civil Service Exam/Civil Service Exam Reviewer 2026/CSE EXAMS AND REVIEWER 2026/Done - Civil Service Exam Reviewer for 2026.pdf,25,46,I admire people who are modest despite their opulence.,great wealth,poverty,affluence,lavishness,,,,Both,Verbal Ability,vocabulary,2,No,,,Needs Answer,Antonyms. Could not uniquely map red answer text: a. b. poverty c. d. sub_topic:vocabulary
187,Done - Civil Service Exam Reviewer for 2026.pdf,/Users/lyndon/All reviewers/Civil Service Exam/Civil Service Exam Reviewer 2026/CSE EXAMS AND REVIEWER 2026/Done - Civil Service Exam Reviewer for 2026.pdf,26,46-47,Do you always try to be a paragon of virtue?,model,example,yardstick,anomaly,,,,Both,Verbal Ability,vocabulary,2,No,,,Needs Answer,Antonyms. Could not uniquely map red answer text: a. b. c. d. anomaly sub_topic:vocabulary
188,Done - Civil Service Exam Reviewer for 2026.pdf,/Users/lyndon/All reviewers/Civil Service Exam/Civil Service Exam Reviewer 2026/CSE EXAMS AND REVIEWER 2026/Done - Civil Service Exam Reviewer for 2026.pdf,27,47-48,Tragic stories had so much pathos that it left me feeling down.,anguish,woe,intrigue,humor,,,,Both,Verbal Ability,vocabulary,2,No,,,Needs Answer,Antonyms. Could not uniquely map red answer text: a. b. c. d. humor sub_topic:vocabulary
189,Done - Civil Service Exam Reviewer for 2026.pdf,/Users/lyndon/All reviewers/Civil Service Exam/Civil Service Exam Reviewer 2026/CSE EXAMS AND REVIEWER 2026/Done - Civil Service Exam Reviewer for 2026.pdf,28,48,Myrna is such a precocious girl who can already read at age three.,slowlearner,bright,inquisitive,advanced,,,,Both,Verbal Ability,vocabulary,2,No,,,Needs Answer,Antonyms. Could not uniquely map red answer text: a. slowlearner b. c. d. sub_topic:vocabulary
190,Done - Civil Service Exam Reviewer for 2026.pdf,/Users/lyndon/All reviewers/Civil Service Exam/Civil Service Exam Reviewer 2026/CSE EXAMS AND REVIEWER 2026/Done - Civil Service Exam Reviewer for 2026.pdf,29,48,She had the quixotic idea that she was a reincarnation of British princess.,wuild,fantastic,realistic,dreamy,,C,Correct answer is marked in red in the source PDF: C.,Both,Verbal Ability,vocabulary,2,No,,,Ready for Upload,Antonyms. sub_topic:vocabulary
191,Done - Civil Service Exam Reviewer for 2026.pdf,/Users/lyndon/All reviewers/Civil Service Exam/Civil Service Exam Reviewer 2026/CSE EXAMS AND REVIEWER 2026/Done - Civil Service Exam Reviewer for 2026.pdf,30,48,The ramshackle building collapsed easily.,new,old,outd at ed,shabby,,,,Both,Verbal Ability,vocabulary,2,No,,,Needs Answer,Antonyms. Could not uniquely map red answer text: a. new b. c. d. sub_topic:vocabulary
192,Done - Civil Service Exam Reviewer for 2026.pdf,/Users/lyndon/All reviewers/Civil Service Exam/Civil Service Exam Reviewer 2026/CSE EXAMS AND REVIEWER 2026/Done - Civil Service Exam Reviewer for 2026.pdf,31,48,An A-rating represents the ultimate honor a film will ever have.,greatest,pinnacle,least,supreme,,,,Both,Verbal Ability,vocabulary,2,No,,,Needs Answer,Antonyms. Could not uniquely map red answer text: a. b. c. least d. sub_topic:vocabulary
193,Done - Civil Service Exam Reviewer for 2026.pdf,/Users/lyndon/All reviewers/Civil Service Exam/Civil Service Exam Reviewer 2026/CSE EXAMS AND REVIEWER 2026/Done - Civil Service Exam Reviewer for 2026.pdf,32,48-49,Juan Luna’s painting abilities are uncanny.,remarkable,ordinary,astonishing,unbelievable,,,,Both,Verbal Ability,vocabulary,2,No,,,Needs Answer,Antonyms. Could not uniquely map red answer text: a. b. ordinary c. d. sub_topic:vocabulary
194,Done - Civil Service Exam Reviewer for 2026.pdf,/Users/lyndon/All reviewers/Civil Service Exam/Civil Service Exam Reviewer 2026/CSE EXAMS AND REVIEWER 2026/Done - Civil Service Exam Reviewer for 2026.pdf,33,49,Lea Salonga’s performance was utterly delightful.,somewhat,entirely,thoroughly,absolutely,,,,Both,Verbal Ability,vocabulary,2,No,,,Needs Answer,Antonyms. Could not uniquely map red answer text: a. somewhat b. c. d. sub_topic:vocabulary
195,Done - Civil Service Exam Reviewer for 2026.pdf,/Users/lyndon/All reviewers/Civil Service Exam/Civil Service Exam Reviewer 2026/CSE EXAMS AND REVIEWER 2026/Done - Civil Service Exam Reviewer for 2026.pdf,34,49,The stong current of the floodwaters caused the wooden bridge to vacillate.,collapse,sway,vibrate,be firm,,,,Both,Verbal Ability,vocabulary,2,No,,,Needs Answer,Antonyms. Could not uniquely map red answer text: a. b. c. d. be firm sub_topic:vocabulary
196,Done - Civil Service Exam Reviewer for 2026.pdf,/Users/lyndon/All reviewers/Civil Service Exam/Civil Service Exam Reviewer 2026/CSE EXAMS AND REVIEWER 2026/Done - Civil Service Exam Reviewer for 2026.pdf,35,49,The vindictive politician spreaed rumors about his opponent.,revengeful,forgiving spiteful,,malicious,,,,Both,Verbal Ability,vocabulary,2,No,,,Needs Answer,Antonyms. Missing one or more A-D choices. Could not uniquely map red answer text: a. b. forgiving c. d. sub_topic:vocabulary
197,Done - Civil Service Exam Reviewer for 2026.pdf,/Users/lyndon/All reviewers/Civil Service Exam/Civil Service Exam Reviewer 2026/CSE EXAMS AND REVIEWER 2026/Done - Civil Service Exam Reviewer for 2026.pdf,36,49,"If words were swords, then her vitriolic remarks could really kill.",scathing,sarcastic,satirical,kind,,,,Both,Verbal Ability,vocabulary,2,No,,,Needs Answer,Antonyms. Could not uniquely map red answer text: a. b. c. d. kind sub_topic:vocabulary
198,Done - Civil Service Exam Reviewer for 2026.pdf,/Users/lyndon/All reviewers/Civil Service Exam/Civil Service Exam Reviewer 2026/CSE EXAMS AND REVIEWER 2026/Done - Civil Service Exam Reviewer for 2026.pdf,37,49,Many students vouch for the effectiveness of the Avanti Review classes.,guarantee,endorse,affirm,refute,,,,Both,Verbal Ability,vocabulary,2,No,,,Needs Answer,Antonyms. Could not uniquely map red answer text: a. b. c. d. refute sub_topic:vocabulary
199,Done - Civil Service Exam Reviewer for 2026.pdf,/Users/lyndon/All reviewers/Civil Service Exam/Civil Service Exam Reviewer 2026/CSE EXAMS AND REVIEWER 2026/Done - Civil Service Exam Reviewer for 2026.pdf,38,49-50,That yonder youth is more studious than the nearer one.,lonesome,farth er,closer,thith er,,,,Both,Verbal Ability,vocabulary,2,No,,,Needs Answer,Antonyms. Could not uniquely map red answer text: a. b. c. closer d. sub_topic:vocabulary
200,Done - Civil Service Exam Reviewer for 2026.pdf,/Users/lyndon/All reviewers/Civil Service Exam/Civil Service Exam Reviewer 2026/CSE EXAMS AND REVIEWER 2026/Done - Civil Service Exam Reviewer for 2026.pdf,39,50,Avanti Tutors are all zealous tutors who nourish eager minds.,vigorous,earnest,indifferent,enthusiastic,,C,Correct answer is marked in red in the source PDF: C.,Both,Verbal Ability,vocabulary,2,No,,,Ready for Upload,Antonyms. sub_topic:vocabulary
201,Done - Civil Service Exam Reviewer for 2026.pdf,/Users/lyndon/All reviewers/Civil Service Exam/Civil Service Exam Reviewer 2026/CSE EXAMS AND REVIEWER 2026/Done - Civil Service Exam Reviewer for 2026.pdf,40,50,Don’tlet trivial things upset you.,important,trifling,ordinary,inconsequential,,,,Both,Verbal Ability,vocabulary,2,No,,,Needs Answer,Antonyms. Could not uniquely map red answer text: a. important b. c. d. sub_topic:vocabulary
202,Done - Civil Service Exam Reviewer for 2026.pdf,/Users/lyndon/All reviewers/Civil Service Exam/Civil Service Exam Reviewer 2026/CSE EXAMS AND REVIEWER 2026/Done - Civil Service Exam Reviewer for 2026.pdf,1,50,Moby Dick: Herman Melville || The Old Man and the Sea:,Charles Dickens,Ernest Hemingway,Charles Perrault,Robert Frost,,B,Correct answer is marked in red in the source PDF: B.,Both,Verbal Ability,verbal-comprehension,2,No,,,Ready for Upload,Single-Word Analogy.
203,Done - Civil Service Exam Reviewer for 2026.pdf,/Users/lyndon/All reviewers/Civil Service Exam/Civil Service Exam Reviewer 2026/CSE EXAMS AND REVIEWER 2026/Done - Civil Service Exam Reviewer for 2026.pdf,2,50-51,Confucius: China || Mahatma Gandhi:,India,Japan,Africa,Philippines,,,,Both,Verbal Ability,verbal-comprehension,2,No,,,Needs Answer,Single-Word Analogy. Could not uniquely map red answer text: a. India b. c. d.
204,Done - Civil Service Exam Reviewer for 2026.pdf,/Users/lyndon/All reviewers/Civil Service Exam/Civil Service Exam Reviewer 2026/CSE EXAMS AND REVIEWER 2026/Done - Civil Service Exam Reviewer for 2026.pdf,3,51,BIR: Taxes || DPWH:,Public Roads,Houses,Traffic,Churches,,,,Both,Verbal Ability,verbal-comprehension,2,No,,,Needs Answer,Single-Word Analogy. Could not uniquely map red answer text: a. Public Roads b. c. d.
205,Done - Civil Service Exam Reviewer for 2026.pdf,/Users/lyndon/All reviewers/Civil Service Exam/Civil Service Exam Reviewer 2026/CSE EXAMS AND REVIEWER 2026/Done - Civil Service Exam Reviewer for 2026.pdf,4,51,Barangay: Captain || Provincial Government:,Congressmen,Mayor,Senator,Governor,,D,Correct answer is marked in red in the source PDF: D.,Both,Verbal Ability,verbal-comprehension,2,No,,,Ready for Upload,Single-Word Analogy.
206,Done - Civil Service Exam Reviewer for 2026.pdf,/Users/lyndon/All reviewers/Civil Service Exam/Civil Service Exam Reviewer 2026/CSE EXAMS AND REVIEWER 2026/Done - Civil Service Exam Reviewer for 2026.pdf,5,51,USA: Washington D.C. || Philippines:,Prime Minister,King,Manila,Cebu,,C,Correct answer is marked in red in the source PDF: C.,Both,Verbal Ability,verbal-comprehension,2,No,,,Ready for Upload,Single-Word Analogy.
207,Done - Civil Service Exam Reviewer for 2026.pdf,/Users/lyndon/All reviewers/Civil Service Exam/Civil Service Exam Reviewer 2026/CSE EXAMS AND REVIEWER 2026/Done - Civil Service Exam Reviewer for 2026.pdf,6,51,Presidential: President || Parliamentary:,Prime Minister,King,HouseSpeaker,Cardinal,,,,Both,Verbal Ability,verbal-comprehension,2,No,,,Needs Answer,Single-Word Analogy. Could not uniquely map red answer text: a. Prime Minister b. c. d.
208,Done - Civil Service Exam Reviewer for 2026.pdf,/Users/lyndon/All reviewers/Civil Service Exam/Civil Service Exam Reviewer 2026/CSE EXAMS AND REVIEWER 2026/Done - Civil Service Exam Reviewer for 2026.pdf,7,51,Tagbanua: Palawan || Kankanaey:,Ilocos,Cavite,Benguet,Cebu,,C,Correct answer is marked in red in the source PDF: C.,Both,Verbal Ability,verbal-comprehension,2,No,,,Ready for Upload,Single-Word Analogy.
209,Done - Civil Service Exam Reviewer for 2026.pdf,/Users/lyndon/All reviewers/Civil Service Exam/Civil Service Exam Reviewer 2026/CSE EXAMS AND REVIEWER 2026/Done - Civil Service Exam Reviewer for 2026.pdf,8,52,Pyramid: Egypt || Taj Mahal:,China,Japan,India,Malaysia,,C,Correct answer is marked in red in the source PDF: C.,Both,Verbal Ability,verbal-comprehension,2,No,,,Ready for Upload,Single-Word Analogy.
210,Done - Civil Service Exam Reviewer for 2026.pdf,/Users/lyndon/All reviewers/Civil Service Exam/Civil Service Exam Reviewer 2026/CSE EXAMS AND REVIEWER 2026/Done - Civil Service Exam Reviewer for 2026.pdf,9,52,Tigris-Euphrates: Mesopotamia || Nile River:,Egypt,Greece,Italy,Spain,,,,Both,Verbal Ability,verbal-comprehension,2,No,,,Needs Answer,Single-Word Analogy. Could not uniquely map red answer text: a. Egypt b. c. d.
211,Done - Civil Service Exam Reviewer for 2026.pdf,/Users/lyndon/All reviewers/Civil Service Exam/Civil Service Exam Reviewer 2026/CSE EXAMS AND REVIEWER 2026/Done - Civil Service Exam Reviewer for 2026.pdf,10,52,Mahabharata: India || Gilgamesh:,Assyria,Sumer,Chaldea,Babylon,,D,Correct answer is marked in red in the source PDF: D.,Both,Verbal Ability,verbal-comprehension,2,No,,,Ready for Upload,Single-Word Analogy.
212,Done - Civil Service Exam Reviewer for 2026.pdf,/Users/lyndon/All reviewers/Civil Service Exam/Civil Service Exam Reviewer 2026/CSE EXAMS AND REVIEWER 2026/Done - Civil Service Exam Reviewer for 2026.pdf,11,52,Italy: Latin || Greece:,Grecian,French,Greek,Greece,,C,Correct answer is marked in red in the source PDF: C.,Both,Verbal Ability,verbal-comprehension,2,No,,,Ready for Upload,Single-Word Analogy.
213,Done - Civil Service Exam Reviewer for 2026.pdf,/Users/lyndon/All reviewers/Civil Service Exam/Civil Service Exam Reviewer 2026/CSE EXAMS AND REVIEWER 2026/Done - Civil Service Exam Reviewer for 2026.pdf,12,52,Sistine Madonna: Raphael || Last Supper:,Michelangelo,Leonardo da Vinci,Rembrandt,Van Gogh,,B,Correct answer is marked in red in the source PDF: B.,Both,Verbal Ability,verbal-comprehension,2,No,,,Ready for Upload,Single-Word Analogy.
214,Done - Civil Service Exam Reviewer for 2026.pdf,/Users/lyndon/All reviewers/Civil Service Exam/Civil Service Exam Reviewer 2026/CSE EXAMS AND REVIEWER 2026/Done - Civil Service Exam Reviewer for 2026.pdf,13,52-53,Stalagmite: Floor || Stalactite:,Wall,Ceiling,Mouth,Window,,B,Correct answer is marked in red in the source PDF: B.,Both,Verbal Ability,verbal-comprehension,2,No,,,Ready for Upload,Single-Word Analogy.
215,Done - Civil Service Exam Reviewer for 2026.pdf,/Users/lyndon/All reviewers/Civil Service Exam/Civil Service Exam Reviewer 2026/CSE EXAMS AND REVIEWER 2026/Done - Civil Service Exam Reviewer for 2026.pdf,14,53,Catholic: Priest || Moslem:,Rajah,Hajji,Koran,Imam,,D,Correct answer is marked in red in the source PDF: D.,Both,Verbal Ability,verbal-comprehension,2,No,,,Ready for Upload,Single-Word Analogy.
216,Done - Civil Service Exam Reviewer for 2026.pdf,/Users/lyndon/All reviewers/Civil Service Exam/Civil Service Exam Reviewer 2026/CSE EXAMS AND REVIEWER 2026/Done - Civil Service Exam Reviewer for 2026.pdf,15,53,Giovanni Boccaccio: Decameron || Niccolo Machiavellli:,The Little Prince,Utopia,The Prince,Wealth of Nations,,C,Correct answer is marked in red in the source PDF: C.,Both,Verbal Ability,verbal-comprehension,2,No,,,Ready for Upload,Single-Word Analogy.
217,Done - Civil Service Exam Reviewer for 2026.pdf,/Users/lyndon/All reviewers/Civil Service Exam/Civil Service Exam Reviewer 2026/CSE EXAMS AND REVIEWER 2026/Done - Civil Service Exam Reviewer for 2026.pdf,16,53,Samuel Morse: Telegraph || Alexander Graham Bell:,telescope,telephone,teleportation,door bell,,B,Correct answer is marked in red in the source PDF: B.,Both,Verbal Ability,verbal-comprehension,2,No,,,Ready for Upload,Single-Word Analogy.
218,Done - Civil Service Exam Reviewer for 2026.pdf,/Users/lyndon/All reviewers/Civil Service Exam/Civil Service Exam Reviewer 2026/CSE EXAMS AND REVIEWER 2026/Done - Civil Service Exam Reviewer for 2026.pdf,17,53,Parachute: Andre Jacques Garnerin || Television:,John LogieBaird,William Sony,John Vincent Crowe,Howard Aiken,,,,Both,Verbal Ability,verbal-comprehension,2,No,,,Needs Answer,Single-Word Analogy. Could not uniquely map red answer text: a. John LogieBaird b. c. d.
219,Done - Civil Service Exam Reviewer for 2026.pdf,/Users/lyndon/All reviewers/Civil Service Exam/Civil Service Exam Reviewer 2026/CSE EXAMS AND REVIEWER 2026/Done - Civil Service Exam Reviewer for 2026.pdf,18,53,Earth is the center: Ptolemy || Sun is the center:,Albert Einstein,Aristotle,Galileo,Copernicus,,D,Correct answer is marked in red in the source PDF: D.,Both,Verbal Ability,verbal-comprehension,2,No,,,Ready for Upload,Single-Word Analogy.
220,Done - Civil Service Exam Reviewer for 2026.pdf,/Users/lyndon/All reviewers/Civil Service Exam/Civil Service Exam Reviewer 2026/CSE EXAMS AND REVIEWER 2026/Done - Civil Service Exam Reviewer for 2026.pdf,19,53-54,Pythagorean Theorem: Pythagoras || Cubic Equation:,Alfred Noble,Isaac Newton,Tartaglia,Rene Descartes,,C,Correct answer is marked in red in the source PDF: C.,Both,Verbal Ability,verbal-comprehension,2,No,,,Ready for Upload,Single-Word Analogy.
221,Done - Civil Service Exam Reviewer for 2026.pdf,/Users/lyndon/All reviewers/Civil Service Exam/Civil Service Exam Reviewer 2026/CSE EXAMS AND REVIEWER 2026/Done - Civil Service Exam Reviewer for 2026.pdf,20,54,Henry Cavendish: Hydrogen || Henry Priestly:,carbonic acid,oxygen,radium,potassium,,B,Correct answer is marked in red in the source PDF: B.,Both,Verbal Ability,verbal-comprehension,2,No,,,Ready for Upload,Single-Word Analogy.
222,Done - Civil Service Exam Reviewer for 2026.pdf,/Users/lyndon/All reviewers/Civil Service Exam/Civil Service Exam Reviewer 2026/CSE EXAMS AND REVIEWER 2026/Done - Civil Service Exam Reviewer for 2026.pdf,21,54,Allied Powers: Russia || Central Powers:,France,Britain,Italy,Austria,,D,Correct answer is marked in red in the source PDF: D.,Both,Verbal Ability,verbal-comprehension,2,No,,,Ready for Upload,Single-Word Analogy.
223,Done - Civil Service Exam Reviewer for 2026.pdf,/Users/lyndon/All reviewers/Civil Service Exam/Civil Service Exam Reviewer 2026/CSE EXAMS AND REVIEWER 2026/Done - Civil Service Exam Reviewer for 2026.pdf,22,54,Entourage: Attendants || Cortege:,Procession for a Saint,Procession in court,Funeral Procession,Floral Procession,,C,Correct answer is marked in red in the source PDF: C.,Both,Verbal Ability,verbal-comprehension,2,No,,,Ready for Upload,Single-Word Analogy.
224,Done - Civil Service Exam Reviewer for 2026.pdf,/Users/lyndon/All reviewers/Civil Service Exam/Civil Service Exam Reviewer 2026/CSE EXAMS AND REVIEWER 2026/Done - Civil Service Exam Reviewer for 2026.pdf,23,54,Islet: Small Island || Rivulet:,Small River,Small Land,Small Review,Small Rebel,,,,Both,Verbal Ability,verbal-comprehension,2,No,,,Needs Answer,Single-Word Analogy. Could not uniquely map red answer text: a. Small River b. c. d.
225,Done - Civil Service Exam Reviewer for 2026.pdf,/Users/lyndon/All reviewers/Civil Service Exam/Civil Service Exam Reviewer 2026/CSE EXAMS AND REVIEWER 2026/Done - Civil Service Exam Reviewer for 2026.pdf,24,54-55,Conspicuous: Obvious || Hideous:,hidden,ugly,expert in hiding,very bad,,B,Correct answer is marked in red in the source PDF: B.,Both,Verbal Ability,verbal-comprehension,2,No,,,Ready for Upload,Single-Word Analogy.
226,Done - Civil Service Exam Reviewer for 2026.pdf,/Users/lyndon/All reviewers/Civil Service Exam/Civil Service Exam Reviewer 2026/CSE EXAMS AND REVIEWER 2026/Done - Civil Service Exam Reviewer for 2026.pdf,25,55,nose: nasal || abdomen:,abnormal,abdominal,abominate,adenoma,,B,Correct answer is marked in red in the source PDF: B.,Both,Verbal Ability,verbal-comprehension,2,No,,,Ready for Upload,Single-Word Analogy.
227,Done - Civil Service Exam Reviewer for 2026.pdf,/Users/lyndon/All reviewers/Civil Service Exam/Civil Service Exam Reviewer 2026/CSE EXAMS AND REVIEWER 2026/Done - Civil Service Exam Reviewer for 2026.pdf,26,55,agnostic: doubts God’s existence || atheist:,denies God’s existence,denies God as creator,affirms God’s existence,affirms God as creator,,,,Both,Verbal Ability,verbal-comprehension,2,No,,,Needs Answer,Single-Word Analogy. Could not uniquely map red answer text: a. denies God’s existence b. c. d.
228,Done - Civil Service Exam Reviewer for 2026.pdf,/Users/lyndon/All reviewers/Civil Service Exam/Civil Service Exam Reviewer 2026/CSE EXAMS AND REVIEWER 2026/Done - Civil Service Exam Reviewer for 2026.pdf,27,55,infanticide: killing of infants || genocide:,killing of genies,killing of geniuses,killing of a race or social group,killing of Geno,,C,Correct answer is marked in red in the source PDF: C.,Both,Verbal Ability,verbal-comprehension,2,No,,,Ready for Upload,Single-Word Analogy.
229,Done - Civil Service Exam Reviewer for 2026.pdf,/Users/lyndon/All reviewers/Civil Service Exam/Civil Service Exam Reviewer 2026/CSE EXAMS AND REVIEWER 2026/Done - Civil Service Exam Reviewer for 2026.pdf,28,55,latrine: toilet || lavatory:,basin,tub,sink,bathroom,,D,Correct answer is marked in red in the source PDF: D.,Both,Verbal Ability,verbal-comprehension,2,No,,,Ready for Upload,Single-Word Analogy.
230,Done - Civil Service Exam Reviewer for 2026.pdf,/Users/lyndon/All reviewers/Civil Service Exam/Civil Service Exam Reviewer 2026/CSE EXAMS AND REVIEWER 2026/Done - Civil Service Exam Reviewer for 2026.pdf,29,55,masticate: chew || eradicate:,collect,count,complete,throw,,D,Correct answer is marked in red in the source PDF: D.,Both,Verbal Ability,verbal-comprehension,2,No,,,Ready for Upload,Single-Word Analogy.
231,Done - Civil Service Exam Reviewer for 2026.pdf,/Users/lyndon/All reviewers/Civil Service Exam/Civil Service Exam Reviewer 2026/CSE EXAMS AND REVIEWER 2026/Done - Civil Service Exam Reviewer for 2026.pdf,30,55-56,sadism: delight in cruelty to others || masochism:,delight in building houses,delight in hurting masons,delight in being abused,delight in going to Masses,,C,Correct answer is marked in red in the source PDF: C.,Both,Verbal Ability,verbal-comprehension,2,No,,,Ready for Upload,Single-Word Analogy.
232,Done - Civil Service Exam Reviewer for 2026.pdf,/Users/lyndon/All reviewers/Civil Service Exam/Civil Service Exam Reviewer 2026/CSE EXAMS AND REVIEWER 2026/Done - Civil Service Exam Reviewer for 2026.pdf,31,56,Mazurka: Polish || Fandango:,Russian,Spanish,German,Polish,,B,Correct answer is marked in red in the source PDF: B.,Both,Verbal Ability,verbal-comprehension,2,No,,,Ready for Upload,Single-Word Analogy.
233,Done - Civil Service Exam Reviewer for 2026.pdf,/Users/lyndon/All reviewers/Civil Service Exam/Civil Service Exam Reviewer 2026/CSE EXAMS AND REVIEWER 2026/Done - Civil Service Exam Reviewer for 2026.pdf,32,56,nearsighted: myopia || farsighted:,hyperopia,squint,double-vision,blink,,,,Both,Verbal Ability,verbal-comprehension,2,No,,,Needs Answer,Single-Word Analogy. Could not uniquely map red answer text: a. hyperopia b. c. d.
234,Done - Civil Service Exam Reviewer for 2026.pdf,/Users/lyndon/All reviewers/Civil Service Exam/Civil Service Exam Reviewer 2026/CSE EXAMS AND REVIEWER 2026/Done - Civil Service Exam Reviewer for 2026.pdf,33,56,dyslexia: reading || aphasia:,muscle coordination,speech,eye movement,memory,,B,Correct answer is marked in red in the source PDF: B.,Both,Verbal Ability,verbal-comprehension,2,No,,,Ready for Upload,Single-Word Analogy.
235,Done - Civil Service Exam Reviewer for 2026.pdf,/Users/lyndon/All reviewers/Civil Service Exam/Civil Service Exam Reviewer 2026/CSE EXAMS AND REVIEWER 2026/Done - Civil Service Exam Reviewer for 2026.pdf,34,56,maitre d’: head of a restaurant || busboy:,bus conductor,bus cleaner,waiter’s help,head waiter,,C,Correct answer is marked in red in the source PDF: C.,Both,Verbal Ability,verbal-comprehension,2,No,,,Ready for Upload,Single-Word Analogy.
236,Done - Civil Service Exam Reviewer for 2026.pdf,/Users/lyndon/All reviewers/Civil Service Exam/Civil Service Exam Reviewer 2026/CSE EXAMS AND REVIEWER 2026/Done - Civil Service Exam Reviewer for 2026.pdf,35,56-57,figurine: small figure || heroine:,small hero,female hero,small drug,female drug,,B,Correct answer is marked in red in the source PDF: B.,Both,Verbal Ability,verbal-comprehension,2,No,,,Ready for Upload,Single-Word Analogy.
237,Done - Civil Service Exam Reviewer for 2026.pdf,/Users/lyndon/All reviewers/Civil Service Exam/Civil Service Exam Reviewer 2026/CSE EXAMS AND REVIEWER 2026/Done - Civil Service Exam Reviewer for 2026.pdf,36,57,xerox: photocopier || Adidas,athlete’s shoes,dress shoes,formal wear,handsome,,,,Both,Verbal Ability,verbal-comprehension,2,No,,,Needs Answer,Single-Word Analogy. Could not uniquely map red answer text: a. athlete’s shoes b. c. d.
238,Done - Civil Service Exam Reviewer for 2026.pdf,/Users/lyndon/All reviewers/Civil Service Exam/Civil Service Exam Reviewer 2026/CSE EXAMS AND REVIEWER 2026/Done - Civil Service Exam Reviewer for 2026.pdf,37,57,Sayonara: Goodbye || Bonjour:,Good luck,Good day,Good night,Good evening,,B,Correct answer is marked in red in the source PDF: B.,Both,Verbal Ability,verbal-comprehension,2,No,,,Ready for Upload,Single-Word Analogy.
239,Done - Civil Service Exam Reviewer for 2026.pdf,/Users/lyndon/All reviewers/Civil Service Exam/Civil Service Exam Reviewer 2026/CSE EXAMS AND REVIEWER 2026/Done - Civil Service Exam Reviewer for 2026.pdf,38,57,supeerfluous: excessive || supersede:,watch over,full of seeds,great seed,take the place of,,D,Correct answer is marked in red in the source PDF: D.,Both,Verbal Ability,verbal-comprehension,2,No,,,Ready for Upload,Single-Word Analogy.
240,Done - Civil Service Exam Reviewer for 2026.pdf,/Users/lyndon/All reviewers/Civil Service Exam/Civil Service Exam Reviewer 2026/CSE EXAMS AND REVIEWER 2026/Done - Civil Service Exam Reviewer for 2026.pdf,39,57,nativity: Christmas || senakulo:,advent,lent,pentecost,passover,,B,Correct answer is marked in red in the source PDF: B.,Both,Verbal Ability,verbal-comprehension,2,No,,,Ready for Upload,Single-Word Analogy.
241,Done - Civil Service Exam Reviewer for 2026.pdf,/Users/lyndon/All reviewers/Civil Service Exam/Civil Service Exam Reviewer 2026/CSE EXAMS AND REVIEWER 2026/Done - Civil Service Exam Reviewer for 2026.pdf,40,57,theme: main idea || moral:,a value,a desire,a piece of advice,a standard,,C,Correct answer is marked in red in the source PDF: C.,Both,Verbal Ability,verbal-comprehension,2,No,,,Ready for Upload,Single-Word Analogy.
242,Done - Civil Service Exam Reviewer for 2026.pdf,/Users/lyndon/All reviewers/Civil Service Exam/Civil Service Exam Reviewer 2026/CSE EXAMS AND REVIEWER 2026/Done - Civil Service Exam Reviewer for 2026.pdf,1,58,blend : mix,blare : whisper,bleach : whiten,blink : blink,bloom : flower,,B,Correct answer is marked in red in the source PDF: B.,Both,Verbal Ability,word-association,2,No,,,Ready for Upload,Double-Word Analogy.
243,Done - Civil Service Exam Reviewer for 2026.pdf,/Users/lyndon/All reviewers/Civil Service Exam/Civil Service Exam Reviewer 2026/CSE EXAMS AND REVIEWER 2026/Done - Civil Service Exam Reviewer for 2026.pdf,2,58,abattoir : slaughterhouse,quay : wharf,quack : duck,snail : slow,clown : fun,,,,Both,Verbal Ability,word-association,2,No,,,Needs Answer,Double-Word Analogy. Could not uniquely map red answer text: a. quay : wharf b. c. d.
244,Done - Civil Service Exam Reviewer for 2026.pdf,/Users/lyndon/All reviewers/Civil Service Exam/Civil Service Exam Reviewer 2026/CSE EXAMS AND REVIEWER 2026/Done - Civil Service Exam Reviewer for 2026.pdf,3,58,marriageable : nubile,single : group,music : mobile,puzzle : answer,decipherable : comprehensible,,D,Correct answer is marked in red in the source PDF: D.,Both,Verbal Ability,word-association,2,No,,,Ready for Upload,Double-Word Analogy.
245,Done - Civil Service Exam Reviewer for 2026.pdf,/Users/lyndon/All reviewers/Civil Service Exam/Civil Service Exam Reviewer 2026/CSE EXAMS AND REVIEWER 2026/Done - Civil Service Exam Reviewer for 2026.pdf,4,58-59,numismatist : money,aesthetics : beauty,fetish : obsession,linguist:language,scientist : sense,,C,Correct answer is marked in red in the source PDF: C.,Both,Verbal Ability,word-association,2,No,,,Ready for Upload,Double-Word Analogy.
246,Done - Civil Service Exam Reviewer for 2026.pdf,/Users/lyndon/All reviewers/Civil Service Exam/Civil Service Exam Reviewer 2026/CSE EXAMS AND REVIEWER 2026/Done - Civil Service Exam Reviewer for 2026.pdf,5,59,anxious : uneasy,egocentric:self-centered,wary : placid,feeble : strong,scornful : admirable,,,,Both,Verbal Ability,word-association,2,No,,,Needs Answer,Double-Word Analogy. Could not uniquely map red answer text: a. egocentric:self-centered b. c. d.
247,Done - Civil Service Exam Reviewer for 2026.pdf,/Users/lyndon/All reviewers/Civil Service Exam/Civil Service Exam Reviewer 2026/CSE EXAMS AND REVIEWER 2026/Done - Civil Service Exam Reviewer for 2026.pdf,6,59,goat : kid,bear : cub,chicken : hen,dog : Dalmatian,tiger : tigress,,,,Both,Verbal Ability,word-association,2,No,,,Needs Answer,Double-Word Analogy. Could not uniquely map red answer text: a. bear : cub b. c. d.
248,Done - Civil Service Exam Reviewer for 2026.pdf,/Users/lyndon/All reviewers/Civil Service Exam/Civil Service Exam Reviewer 2026/CSE EXAMS AND REVIEWER 2026/Done - Civil Service Exam Reviewer for 2026.pdf,7,59,key : lock,litter : trash,pestle : pound,table : desk,sword : scabbard,,,,Both,Verbal Ability,word-association,2,No,,,Needs Answer,Double-Word Analogy. Could not uniquely map red answer text: a. b. c. d. sword : scabbard
249,Done - Civil Service Exam Reviewer for 2026.pdf,/Users/lyndon/All reviewers/Civil Service Exam/Civil Service Exam Reviewer 2026/CSE EXAMS AND REVIEWER 2026/Done - Civil Service Exam Reviewer for 2026.pdf,8,59,dog : kennel,whale : pond,socks : feet,pig : sty,eagle : barn,,,,Both,Verbal Ability,word-association,2,No,,,Needs Answer,Double-Word Analogy. Could not uniquely map red answer text: a. b. c. pig : sty d.
250,Done - Civil Service Exam Reviewer for 2026.pdf,/Users/lyndon/All reviewers/Civil Service Exam/Civil Service Exam Reviewer 2026/CSE EXAMS AND REVIEWER 2026/Done - Civil Service Exam Reviewer for 2026.pdf,9,59,book : leaves,house : kitchen,chimney : roof,fan : electricity,chair : sitting,,,,Both,Verbal Ability,word-association,2,No,,,Needs Answer,Double-Word Analogy. Could not uniquely map red answer text: a. house : kitchen b. c. d.
251,Done - Civil Service Exam Reviewer for 2026.pdf,/Users/lyndon/All reviewers/Civil Service Exam/Civil Service Exam Reviewer 2026/CSE EXAMS AND REVIEWER 2026/Done - Civil Service Exam Reviewer for 2026.pdf,10,60,panda : china,grizzly : Africa,polar bear : America,Pooh : Disneyland,koala : Australia,,,,Both,Verbal Ability,word-association,2,No,,,Needs Answer,Double-Word Analogy. Could not uniquely map red answer text: a. b. c. d. koala : Australia
252,Done - Civil Service Exam Reviewer for 2026.pdf,/Users/lyndon/All reviewers/Civil Service Exam/Civil Service Exam Reviewer 2026/CSE EXAMS AND REVIEWER 2026/Done - Civil Service Exam Reviewer for 2026.pdf,11,60,jubilant : morose,humble : modest,joyous : happy,simple : lavish,pompous : pretentious,,,,Both,Verbal Ability,word-association,2,No,,,Needs Answer,Double-Word Analogy. Could not uniquely map red answer text: a. b. c. simple : lavish d.
253,Done - Civil Service Exam Reviewer for 2026.pdf,/Users/lyndon/All reviewers/Civil Service Exam/Civil Service Exam Reviewer 2026/CSE EXAMS AND REVIEWER 2026/Done - Civil Service Exam Reviewer for 2026.pdf,12,60,tiny : microscopic,uproar : laughter,large : mammoth,argument : meeting,storm : weather,,,,Both,Verbal Ability,word-association,2,No,,,Needs Answer,Double-Word Analogy. Could not uniquely map red answer text: a. b. large : mammoth c. d.
254,Done - Civil Service Exam Reviewer for 2026.pdf,/Users/lyndon/All reviewers/Civil Service Exam/Civil Service Exam Reviewer 2026/CSE EXAMS AND REVIEWER 2026/Done - Civil Service Exam Reviewer for 2026.pdf,13,60,to smile : to guffaw,to walk : to stroll,to frown : to weep,to munch : to eat,to lift : to carry,,,,Both,Verbal Ability,word-association,2,No,,,Needs Answer,Double-Word Analogy. Could not uniquely map red answer text: a. b. to frown : to weep c. d.
255,Done - Civil Service Exam Reviewer for 2026.pdf,/Users/lyndon/All reviewers/Civil Service Exam/Civil Service Exam Reviewer 2026/CSE EXAMS AND REVIEWER 2026/Done - Civil Service Exam Reviewer for 2026.pdf,14,60,hand : arm,foot : leg,hips : sway,waist : belt,shoulder : neck,,,,Both,Verbal Ability,word-association,2,No,,,Needs Answer,Double-Word Analogy. Could not uniquely map red answer text: a. foot : leg b. c. d.
256,Done - Civil Service Exam Reviewer for 2026.pdf,/Users/lyndon/All reviewers/Civil Service Exam/Civil Service Exam Reviewer 2026/CSE EXAMS AND REVIEWER 2026/Done - Civil Service Exam Reviewer for 2026.pdf,15,60-61,pre : post,anti : pro,semi : equi,able : can,demi : half,,,,Both,Verbal Ability,word-association,2,No,,,Needs Answer,Double-Word Analogy. Could not uniquely map red answer text: a. anti : pro b. c. d.
257,Done - Civil Service Exam Reviewer for 2026.pdf,/Users/lyndon/All reviewers/Civil Service Exam/Civil Service Exam Reviewer 2026/CSE EXAMS AND REVIEWER 2026/Done - Civil Service Exam Reviewer for 2026.pdf,16,61,auditorium : audience,hall : pictures,movie house : cinema,coliseum : spectators,commuters : transportation,,,,Both,Verbal Ability,word-association,2,No,,,Needs Answer,Double-Word Analogy. Could not uniquely map red answer text: a. b. c. coliseum : spectators d.
258,Done - Civil Service Exam Reviewer for 2026.pdf,/Users/lyndon/All reviewers/Civil Service Exam/Civil Service Exam Reviewer 2026/CSE EXAMS AND REVIEWER 2026/Done - Civil Service Exam Reviewer for 2026.pdf,17,61,Edgar Allan Poe : Annabel Lee,RobertFrost : Medea,Pygmalion : Galatea,Chaucer : Antigone,Shakespeare : Romeo and Juliet,,,,Both,Verbal Ability,word-association,2,No,,,Needs Answer,Double-Word Analogy. Could not uniquely map red answer text: a. b. c. d. Shakespeare : Romeo and Juliet
259,Done - Civil Service Exam Reviewer for 2026.pdf,/Users/lyndon/All reviewers/Civil Service Exam/Civil Service Exam Reviewer 2026/CSE EXAMS AND REVIEWER 2026/Done - Civil Service Exam Reviewer for 2026.pdf,18,61,advise : counsel,lead : direct,loss : lost,peace : piece,want : quality,,,,Both,Verbal Ability,word-association,2,No,,,Needs Answer,Double-Word Analogy. Could not uniquely map red answer text: a. lead : direct b. c. d.
260,Done - Civil Service Exam Reviewer for 2026.pdf,/Users/lyndon/All reviewers/Civil Service Exam/Civil Service Exam Reviewer 2026/CSE EXAMS AND REVIEWER 2026/Done - Civil Service Exam Reviewer for 2026.pdf,19,61,perspire : sweat,clouds : rain,cry : tears,fan : wind,sad : lonely,,,,Both,Verbal Ability,word-association,2,No,,,Needs Answer,Double-Word Analogy. Could not uniquely map red answer text: a. b. cry : tears c. d.
261,Done - Civil Service Exam Reviewer for 2026.pdf,/Users/lyndon/All reviewers/Civil Service Exam/Civil Service Exam Reviewer 2026/CSE EXAMS AND REVIEWER 2026/Done - Civil Service Exam Reviewer for 2026.pdf,20,61,extricate : set free,journey : far,liquidate : liquefy,implicate : involve,migrate : stay,,,,Both,Verbal Ability,word-association,2,No,,,Needs Answer,Double-Word Analogy. Could not uniquely map red answer text: a. b. c. implicate : involve d.
262,Done - Civil Service Exam Reviewer for 2026.pdf,/Users/lyndon/All reviewers/Civil Service Exam/Civil Service Exam Reviewer 2026/CSE EXAMS AND REVIEWER 2026/Done - Civil Service Exam Reviewer for 2026.pdf,21,61-62,maggot : fly,caterpilla : leaves,bees : wasp,butterfly : moth,tadpole : frog,,,,Both,Verbal Ability,word-association,2,No,,,Needs Answer,Double-Word Analogy. Could not uniquely map red answer text: a. b. c. d. tadpole : frog
263,Done - Civil Service Exam Reviewer for 2026.pdf,/Users/lyndon/All reviewers/Civil Service Exam/Civil Service Exam Reviewer 2026/CSE EXAMS AND REVIEWER 2026/Done - Civil Service Exam Reviewer for 2026.pdf,22,62,he : him,me : I,they :them,you : yours,her : she,,,,Both,Verbal Ability,word-association,2,No,,,Needs Answer,Double-Word Analogy. Could not uniquely map red answer text: a. b. they :them c. d.
264,Done - Civil Service Exam Reviewer for 2026.pdf,/Users/lyndon/All reviewers/Civil Service Exam/Civil Service Exam Reviewer 2026/CSE EXAMS AND REVIEWER 2026/Done - Civil Service Exam Reviewer for 2026.pdf,23,62,lie : to recline,lay : put down,macabre : beauty,nab : release,quench : to thirst,,,,Both,Verbal Ability,word-association,2,No,,,Needs Answer,Double-Word Analogy. Could not uniquely map red answer text: a. lay : put down b. c. d.
265,Done - Civil Service Exam Reviewer for 2026.pdf,/Users/lyndon/All reviewers/Civil Service Exam/Civil Service Exam Reviewer 2026/CSE EXAMS AND REVIEWER 2026/Done - Civil Service Exam Reviewer for 2026.pdf,24,62,igloo : Eskimo,cavemen : cave,palace : kings,destitute:shanty,bees : beehive,,,,Both,Verbal Ability,word-association,2,No,,,Needs Answer,Double-Word Analogy. Could not uniquely map red answer text: a. b. palace : kings c. d.
266,Done - Civil Service Exam Reviewer for 2026.pdf,/Users/lyndon/All reviewers/Civil Service Exam/Civil Service Exam Reviewer 2026/CSE EXAMS AND REVIEWER 2026/Done - Civil Service Exam Reviewer for 2026.pdf,25,62,dictionary : word meanings:,alamanac : synonyms,encyclopedia : word origin,atlas : maps,thesaurus : dinosaurs,,,,Both,Verbal Ability,word-association,2,No,,,Needs Answer,Double-Word Analogy. Could not uniquely map red answer text: a. b. c. atlas : maps d.
267,Done - Civil Service Exam Reviewer for 2026.pdf,/Users/lyndon/All reviewers/Civil Service Exam/Civil Service Exam Reviewer 2026/CSE EXAMS AND REVIEWER 2026/Done - Civil Service Exam Reviewer for 2026.pdf,26,62-63,extemporaneous : rehearsed,live : taped,momentous : important,nefarious : wicked,salubrious : healthful,,,,Both,Verbal Ability,word-association,2,No,,,Needs Answer,Double-Word Analogy. Could not uniquely map red answer text: a. live : taped b. c. d.
268,Done - Civil Service Exam Reviewer for 2026.pdf,/Users/lyndon/All reviewers/Civil Service Exam/Civil Service Exam Reviewer 2026/CSE EXAMS AND REVIEWER 2026/Done - Civil Service Exam Reviewer for 2026.pdf,27,63,tavern : bar,inn : hotel,apartment : loft,condominium : office,attic : chimney,,,,Both,Verbal Ability,word-association,2,No,,,Needs Answer,Double-Word Analogy. Could not uniquely map red answer text: a. inn : hotel b. c. d.
269,Done - Civil Service Exam Reviewer for 2026.pdf,/Users/lyndon/All reviewers/Civil Service Exam/Civil Service Exam Reviewer 2026/CSE EXAMS AND REVIEWER 2026/Done - Civil Service Exam Reviewer for 2026.pdf,28,63,duchess : duke,count : countess,ewe : ram,gentleman : lady,wizard : witch,,,,Both,Verbal Ability,word-association,2,No,,,Needs Answer,Double-Word Analogy. Could not uniquely map red answer text: a. b. ewe : ram c. d.
270,Done - Civil Service Exam Reviewer for 2026.pdf,/Users/lyndon/All reviewers/Civil Service Exam/Civil Service Exam Reviewer 2026/CSE EXAMS AND REVIEWER 2026/Done - Civil Service Exam Reviewer for 2026.pdf,29,63,dwindle : decrease,defer: act promptly,deny: grant,forge: stop,multiply : increase,,,,Both,Verbal Ability,word-association,2,No,,,Needs Answer,Double-Word Analogy. Could not uniquely map red answer text: a. b. c. d. multiply : increase
271,Done - Civil Service Exam Reviewer for 2026.pdf,/Users/lyndon/All reviewers/Civil Service Exam/Civil Service Exam Reviewer 2026/CSE EXAMS AND REVIEWER 2026/Done - Civil Service Exam Reviewer for 2026.pdf,30,63,prowess : cowardice,adept : skilled,adroit : uncoordinated,garrulous : talkative,hubris : pride,,,,Both,Verbal Ability,word-association,2,No,,,Needs Answer,Double-Word Analogy. Could not uniquely map red answer text: b. adroit : uncoordinated c. d.
272,Done - Civil Service Exam Reviewer for 2026.pdf,/Users/lyndon/All reviewers/Civil Service Exam/Civil Service Exam Reviewer 2026/CSE EXAMS AND REVIEWER 2026/Done - Civil Service Exam Reviewer for 2026.pdf,31,63,charisma : charismata,deer : deers,bacterium : bacteriums,basis : bases,eight : eighty’s,,,,Both,Verbal Ability,word-association,2,No,,,Needs Answer,Double-Word Analogy. Could not uniquely map red answer text: a. b. bacterium : bacteriums c. d.
273,Done - Civil Service Exam Reviewer for 2026.pdf,/Users/lyndon/All reviewers/Civil Service Exam/Civil Service Exam Reviewer 2026/CSE EXAMS AND REVIEWER 2026/Done - Civil Service Exam Reviewer for 2026.pdf,32,63-64,quintuplet : five,triplet : three quartuplet : four,,doublet : two,sexton : six,,,,Both,Verbal Ability,word-association,2,No,,,Needs Answer,Double-Word Analogy. Missing one or more A-D choices. Could not uniquely map red answer text: a. triplet : three b. c. d.
274,Done - Civil Service Exam Reviewer for 2026.pdf,/Users/lyndon/All reviewers/Civil Service Exam/Civil Service Exam Reviewer 2026/CSE EXAMS AND REVIEWER 2026/Done - Civil Service Exam Reviewer for 2026.pdf,33,64,attention : attn,approximate:appro,bal : balance,building : bldng,manager : mgr,,,,Both,Verbal Ability,word-association,2,No,,,Needs Answer,Double-Word Analogy. Could not uniquely map red answer text: a. b. bal : balance c. d.
275,Done - Civil Service Exam Reviewer for 2026.pdf,/Users/lyndon/All reviewers/Civil Service Exam/Civil Service Exam Reviewer 2026/CSE EXAMS AND REVIEWER 2026/Done - Civil Service Exam Reviewer for 2026.pdf,34,64,arachnophobia : fear of spiders,hydrophobia : fearofwet objects,claustrophobia : fearofclauses,photophobia : fear of light,xenophobia:fear of sin,,,,Both,Verbal Ability,word-association,2,No,,,Needs Answer,Double-Word Analogy. Could not uniquely map red answer text: a. b. c. photophobia : fear of light d.
276,Done - Civil Service Exam Reviewer for 2026.pdf,/Users/lyndon/All reviewers/Civil Service Exam/Civil Service Exam Reviewer 2026/CSE EXAMS AND REVIEWER 2026/Done - Civil Service Exam Reviewer for 2026.pdf,35,64,unscrew : tighten,remove : restore,relinquish : give up,sensitive : make sensitive,stupefy : make insensible,,,,Both,Verbal Ability,word-association,2,No,,,Needs Answer,Double-Word Analogy. Could not uniquely map red answer text: a. remove : restore b. c. d.
277,Done - Civil Service Exam Reviewer for 2026.pdf,/Users/lyndon/All reviewers/Civil Service Exam/Civil Service Exam Reviewer 2026/CSE EXAMS AND REVIEWER 2026/Done - Civil Service Exam Reviewer for 2026.pdf,36,64,verbose : speechless,voracious : greedy,vicious : kind,wanton : lewd,waspish : irritable,,,,Both,Verbal Ability,word-association,2,No,,,Needs Answer,Double-Word Analogy. Could not uniquely map red answer text: a. b. vicious : kind c. d.
278,Done - Civil Service Exam Reviewer for 2026.pdf,/Users/lyndon/All reviewers/Civil Service Exam/Civil Service Exam Reviewer 2026/CSE EXAMS AND REVIEWER 2026/Done - Civil Service Exam Reviewer for 2026.pdf,37,64,COD : cash on delivery,DST : daylight saving time,PO :public office,NA:not appointed,RSVP : pleaseapprove,,,,Both,Verbal Ability,word-association,2,No,,,Needs Answer,Double-Word Analogy. Could not uniquely map red answer text: a. DST : daylight saving time b. c. d.
279,Done - Civil Service Exam Reviewer for 2026.pdf,/Users/lyndon/All reviewers/Civil Service Exam/Civil Service Exam Reviewer 2026/CSE EXAMS AND REVIEWER 2026/Done - Civil Service Exam Reviewer for 2026.pdf,38,64-65,adjacent : near,congruent : dissimilar,converge : separate,deliberate : intentional,delude : guide,,,,Both,Verbal Ability,word-association,2,No,,,Needs Answer,Double-Word Analogy. Could not uniquely map red answer text: a. b. c. deliberate : intentional d.
280,Done - Civil Service Exam Reviewer for 2026.pdf,/Users/lyndon/All reviewers/Civil Service Exam/Civil Service Exam Reviewer 2026/CSE EXAMS AND REVIEWER 2026/Done - Civil Service Exam Reviewer for 2026.pdf,39,65,firmament : sky,clouds : air,moon : planer,star : gas,soil : groun,,D,Correct answer is marked in red in the source PDF: D.,Both,Verbal Ability,word-association,2,No,,,Ready for Upload,Double-Word Analogy.
281,Done - Civil Service Exam Reviewer for 2026.pdf,/Users/lyndon/All reviewers/Civil Service Exam/Civil Service Exam Reviewer 2026/CSE EXAMS AND REVIEWER 2026/Done - Civil Service Exam Reviewer for 2026.pdf,40,65,languid : strong,feeble : active,innocuous : harmless,opportune : timely,truculent : restless,,,,Both,Verbal Ability,word-association,2,No,,,Needs Answer,Double-Word Analogy. Could not uniquely map red answer text: a. feeble : active b. c. d.
282,Done - Civil Service Exam Reviewer for 2026.pdf,/Users/lyndon/All reviewers/Civil Service Exam/Civil Service Exam Reviewer 2026/CSE EXAMS AND REVIEWER 2026/Done - Civil Service Exam Reviewer for 2026.pdf,1,76,Lily remarkable poems even at her young age.,rites,rights,writes,write,,,,Both,Verbal Ability,grammar,2,No,,,Needs Answer,Correct Usage. Could not uniquely map red answer text: writes sub_topic:grammar
283,Done - Civil Service Exam Reviewer for 2026.pdf,/Users/lyndon/All reviewers/Civil Service Exam/Civil Service Exam Reviewer 2026/CSE EXAMS AND REVIEWER 2026/Done - Civil Service Exam Reviewer for 2026.pdf,2,76,Being too will undoubtedly make other men hate you.,vane,vain,vein,vanity,,B,Correct answer is marked in red in the source PDF: B.,Both,Verbal Ability,grammar,2,No,,,Ready for Upload,Correct Usage. sub_topic:grammar
284,Done - Civil Service Exam Reviewer for 2026.pdf,/Users/lyndon/All reviewers/Civil Service Exam/Civil Service Exam Reviewer 2026/CSE EXAMS AND REVIEWER 2026/Done - Civil Service Exam Reviewer for 2026.pdf,3,76,"Due to bad weather, the airline company decided postpone the flight.",two,to,too,then,,,,Both,Verbal Ability,grammar,2,No,,,Needs Answer,Correct Usage. Could not uniquely map red answer text: to sub_topic:grammar
285,Done - Civil Service Exam Reviewer for 2026.pdf,/Users/lyndon/All reviewers/Civil Service Exam/Civil Service Exam Reviewer 2026/CSE EXAMS AND REVIEWER 2026/Done - Civil Service Exam Reviewer for 2026.pdf,4,76-77,Drunk driving was the reason for accident.,their,they’re,there,there are,,,,Both,Verbal Ability,grammar,2,No,,,Needs Answer,Correct Usage. Could not uniquely map red answer text: a. their b. c. d. sub_topic:grammar
286,Done - Civil Service Exam Reviewer for 2026.pdf,/Users/lyndon/All reviewers/Civil Service Exam/Civil Service Exam Reviewer 2026/CSE EXAMS AND REVIEWER 2026/Done - Civil Service Exam Reviewer for 2026.pdf,5,77,MayI your Titanic compact disk?,borrow,lend,loan,cr edi,,,,Both,Verbal Ability,grammar,2,No,,,Needs Answer,Correct Usage. Could not uniquely map red answer text: a. borrow b. c. d. sub_topic:grammar
287,Done - Civil Service Exam Reviewer for 2026.pdf,/Users/lyndon/All reviewers/Civil Service Exam/Civil Service Exam Reviewer 2026/CSE EXAMS AND REVIEWER 2026/Done - Civil Service Exam Reviewer for 2026.pdf,6,77,"t the three girls, the eldest is the most diligent.",Between,Among,In,By,,B,Correct answer is marked in red in the source PDF: B.,Both,Verbal Ability,grammar,2,No,,,Ready for Upload,Correct Usage. sub_topic:grammar
288,Done - Civil Service Exam Reviewer for 2026.pdf,/Users/lyndon/All reviewers/Civil Service Exam/Civil Service Exam Reviewer 2026/CSE EXAMS AND REVIEWER 2026/Done - Civil Service Exam Reviewer for 2026.pdf,7,77,Exposure to air pollution will your asthma.,cure,deteriorate,aggravate,annoy,,C,Correct answer is marked in red in the source PDF: C.,Both,Verbal Ability,grammar,2,No,,,Ready for Upload,Correct Usage. sub_topic:grammar
289,Done - Civil Service Exam Reviewer for 2026.pdf,/Users/lyndon/All reviewers/Civil Service Exam/Civil Service Exam Reviewer 2026/CSE EXAMS AND REVIEWER 2026/Done - Civil Service Exam Reviewer for 2026.pdf,8,77,His to Mount Apo was carefully documented.,assent,ascent,descent,decrease,,B,Correct answer is marked in red in the source PDF: B.,Both,Verbal Ability,grammar,2,No,,,Ready for Upload,Correct Usage. sub_topic:grammar
290,Done - Civil Service Exam Reviewer for 2026.pdf,/Users/lyndon/All reviewers/Civil Service Exam/Civil Service Exam Reviewer 2026/CSE EXAMS AND REVIEWER 2026/Done - Civil Service Exam Reviewer for 2026.pdf,9,77-78,The children the ill effects of war.,have borne,have born,has borne,had born,,,,Both,Verbal Ability,grammar,2,No,,,Needs Answer,Correct Usage. Could not uniquely map red answer text: have borne sub_topic:grammar
291,Done - Civil Service Exam Reviewer for 2026.pdf,/Users/lyndon/All reviewers/Civil Service Exam/Civil Service Exam Reviewer 2026/CSE EXAMS AND REVIEWER 2026/Done - Civil Service Exam Reviewer for 2026.pdf,10,78,The teachers distributed different outlines for the students to follow.,coarse,corps,course,corpse,,C,Correct answer is marked in red in the source PDF: C.,Both,Verbal Ability,grammar,2,No,,,Ready for Upload,Correct Usage. sub_topic:grammar
292,Done - Civil Service Exam Reviewer for 2026.pdf,/Users/lyndon/All reviewers/Civil Service Exam/Civil Service Exam Reviewer 2026/CSE EXAMS AND REVIEWER 2026/Done - Civil Service Exam Reviewer for 2026.pdf,11,78,"Carl juggles oranges, you?",why,may,should,can,,D,Correct answer is marked in red in the source PDF: D.,Both,Verbal Ability,grammar,2,No,,,Ready for Upload,Correct Usage. sub_topic:grammar
293,Done - Civil Service Exam Reviewer for 2026.pdf,/Users/lyndon/All reviewers/Civil Service Exam/Civil Service Exam Reviewer 2026/CSE EXAMS AND REVIEWER 2026/Done - Civil Service Exam Reviewer for 2026.pdf,12,78,The refugees decided to their homes because of the war.,desert,dessert,deserve,reserve,,A,Correct answer is marked in red in the source PDF: A.,Both,Verbal Ability,grammar,2,No,,,Ready for Upload,Correct Usage. sub_topic:grammar
294,Done - Civil Service Exam Reviewer for 2026.pdf,/Users/lyndon/All reviewers/Civil Service Exam/Civil Service Exam Reviewer 2026/CSE EXAMS AND REVIEWER 2026/Done - Civil Service Exam Reviewer for 2026.pdf,13,78,My sister to Zamboanga seven years ago.,migrated,migrating,immigrated,immigrating,,,,Both,Verbal Ability,grammar,2,No,,,Needs Answer,Correct Usage. Could not uniquely map red answer text: immigrated sub_topic:grammar
295,Done - Civil Service Exam Reviewer for 2026.pdf,/Users/lyndon/All reviewers/Civil Service Exam/Civil Service Exam Reviewer 2026/CSE EXAMS AND REVIEWER 2026/Done - Civil Service Exam Reviewer for 2026.pdf,14,78,We used sauce for the spahetti last Sunday.,less,few,a number of,pieces of,,A,Correct answer is marked in red in the source PDF: A.,Both,Verbal Ability,grammar,2,No,,,Ready for Upload,Correct Usage. sub_topic:grammar
296,Done - Civil Service Exam Reviewer for 2026.pdf,/Users/lyndon/All reviewers/Civil Service Exam/Civil Service Exam Reviewer 2026/CSE EXAMS AND REVIEWER 2026/Done - Civil Service Exam Reviewer for 2026.pdf,15,78-79,"If we work together, we could finish this in a short time.",piece,peace,please,peas,,A,Correct answer is marked in red in the source PDF: A.,Both,Verbal Ability,grammar,2,No,,,Ready for Upload,Correct Usage. sub_topic:grammar
297,Done - Civil Service Exam Reviewer for 2026.pdf,/Users/lyndon/All reviewers/Civil Service Exam/Civil Service Exam Reviewer 2026/CSE EXAMS AND REVIEWER 2026/Done - Civil Service Exam Reviewer for 2026.pdf,16,79,"When the Apartheid Policy was still in effect, the Blacks were by the Whites?",praised,hailed,persecuted,prosecuted,,C,Correct answer is marked in red in the source PDF: C.,Both,Verbal Ability,grammar,2,No,,,Ready for Upload,Correct Usage. sub_topic:grammar
298,Done - Civil Service Exam Reviewer for 2026.pdf,/Users/lyndon/All reviewers/Civil Service Exam/Civil Service Exam Reviewer 2026/CSE EXAMS AND REVIEWER 2026/Done - Civil Service Exam Reviewer for 2026.pdf,17,79,"When we the flag, we should all stand up.",rice,rise,risen,raise,,D,Correct answer is marked in red in the source PDF: D.,Both,Verbal Ability,grammar,2,No,,,Ready for Upload,Correct Usage. sub_topic:grammar
299,Done - Civil Service Exam Reviewer for 2026.pdf,/Users/lyndon/All reviewers/Civil Service Exam/Civil Service Exam Reviewer 2026/CSE EXAMS AND REVIEWER 2026/Done - Civil Service Exam Reviewer for 2026.pdf,18,79,The DPWH crew worked the night to repair the damaged bridge.,thre,through,trough,true,,,,Both,Verbal Ability,grammar,2,No,,,Needs Answer,Correct Usage. Could not uniquely map red answer text: b. through c. d. sub_topic:grammar
300,Done - Civil Service Exam Reviewer for 2026.pdf,/Users/lyndon/All reviewers/Civil Service Exam/Civil Service Exam Reviewer 2026/CSE EXAMS AND REVIEWER 2026/Done - Civil Service Exam Reviewer for 2026.pdf,19,79,the leader of your group?,Who’s,Whose,Which,Whom’s,,A,Correct answer is marked in red in the source PDF: A.,Both,Verbal Ability,grammar,2,No,,,Ready for Upload,Correct Usage. sub_topic:grammar
301,Done - Civil Service Exam Reviewer for 2026.pdf,/Users/lyndon/All reviewers/Civil Service Exam/Civil Service Exam Reviewer 2026/CSE EXAMS AND REVIEWER 2026/Done - Civil Service Exam Reviewer for 2026.pdf,20,79-80,The village elder told many interesting,tale,tail,tails,tales,,,,Both,Verbal Ability,grammar,2,No,,,Needs Answer,Correct Usage. Could not uniquely map red answer text: tales sub_topic:grammar
302,Done - Civil Service Exam Reviewer for 2026.pdf,/Users/lyndon/All reviewers/Civil Service Exam/Civil Service Exam Reviewer 2026/CSE EXAMS AND REVIEWER 2026/Done - Civil Service Exam Reviewer for 2026.pdf,21,80,Marty Evelyn to dinner.,asked – out,asked – after,called – out,called – up,,A,Correct answer is marked in red in the source PDF: A.,Both,Verbal Ability,grammar,2,No,,,Ready for Upload,Correct Usage. sub_topic:grammar
303,Done - Civil Service Exam Reviewer for 2026.pdf,/Users/lyndon/All reviewers/Civil Service Exam/Civil Service Exam Reviewer 2026/CSE EXAMS AND REVIEWER 2026/Done - Civil Service Exam Reviewer for 2026.pdf,22,80,The celebrant candles after we sang.,blew off,blew up,blew out,blew over,,C,Correct answer is marked in red in the source PDF: C.,Both,Verbal Ability,grammar,2,No,,,Ready for Upload,Correct Usage. sub_topic:grammar
304,Done - Civil Service Exam Reviewer for 2026.pdf,/Users/lyndon/All reviewers/Civil Service Exam/Civil Service Exam Reviewer 2026/CSE EXAMS AND REVIEWER 2026/Done - Civil Service Exam Reviewer for 2026.pdf,23,80,The secretary due to stress.,broke even,broke out,broke in,broke down,,D,Correct answer is marked in red in the source PDF: D.,Both,Verbal Ability,grammar,2,No,,,Ready for Upload,Correct Usage. sub_topic:grammar
305,Done - Civil Service Exam Reviewer for 2026.pdf,/Users/lyndon/All reviewers/Civil Service Exam/Civil Service Exam Reviewer 2026/CSE EXAMS AND REVIEWER 2026/Done - Civil Service Exam Reviewer for 2026.pdf,24,80,The Edsa People’s Revolution the Marcos regime.,brought in,brought on,brought forth,brought down,,D,Correct answer is marked in red in the source PDF: D.,Both,Verbal Ability,grammar,2,No,,,Ready for Upload,Correct Usage. sub_topic:grammar
306,Done - Civil Service Exam Reviewer for 2026.pdf,/Users/lyndon/All reviewers/Civil Service Exam/Civil Service Exam Reviewer 2026/CSE EXAMS AND REVIEWER 2026/Done - Civil Service Exam Reviewer for 2026.pdf,25,80,The unexpected of vehicles along Marcos Highway caused heavy traffic.,build up,build on,build in,build over,,A,Correct answer is marked in red in the source PDF: A.,Both,Verbal Ability,grammar,2,No,,,Ready for Upload,Correct Usage. sub_topic:grammar
307,Done - Civil Service Exam Reviewer for 2026.pdf,/Users/lyndon/All reviewers/Civil Service Exam/Civil Service Exam Reviewer 2026/CSE EXAMS AND REVIEWER 2026/Done - Civil Service Exam Reviewer for 2026.pdf,26,80-81,"After cleaning the entire house, I felt .",burned in,burned out,burned up,burned over,,B,Correct answer is marked in red in the source PDF: B.,Both,Verbal Ability,grammar,2,No,,,Ready for Upload,Correct Usage. sub_topic:grammar
308,Done - Civil Service Exam Reviewer for 2026.pdf,/Users/lyndon/All reviewers/Civil Service Exam/Civil Service Exam Reviewer 2026/CSE EXAMS AND REVIEWER 2026/Done - Civil Service Exam Reviewer for 2026.pdf,27,81,The drug pushers tried to the arresting cops.,buy in,buy off,buy out,buy up,,B,Correct answer is marked in red in the source PDF: B.,Both,Verbal Ability,grammar,2,No,,,Ready for Upload,Correct Usage. sub_topic:grammar
309,Done - Civil Service Exam Reviewer for 2026.pdf,/Users/lyndon/All reviewers/Civil Service Exam/Civil Service Exam Reviewer 2026/CSE EXAMS AND REVIEWER 2026/Done - Civil Service Exam Reviewer for 2026.pdf,28,81,The Cabinet meeting was on account of the President’s ill health.,called in,called up,called out,called off,,D,Correct answer is marked in red in the source PDF: D.,Both,Verbal Ability,grammar,2,No,,,Ready for Upload,Correct Usage. sub_topic:grammar
310,Done - Civil Service Exam Reviewer for 2026.pdf,/Users/lyndon/All reviewers/Civil Service Exam/Civil Service Exam Reviewer 2026/CSE EXAMS AND REVIEWER 2026/Done - Civil Service Exam Reviewer for 2026.pdf,29,81,The tele-novela viewers cried helpleslly when they got by the tragedy that befell the main character.,carried out,carried away,carried over,carried on,,B,Correct answer is marked in red in the source PDF: B.,Both,Verbal Ability,grammar,2,No,,,Ready for Upload,Correct Usage. sub_topic:grammar
311,Done - Civil Service Exam Reviewer for 2026.pdf,/Users/lyndon/All reviewers/Civil Service Exam/Civil Service Exam Reviewer 2026/CSE EXAMS AND REVIEWER 2026/Done - Civil Service Exam Reviewer for 2026.pdf,30,81,We should on our expenditures and spend only on our needs.,cut short,cut up,cut back,cut out,,C,Correct answer is marked in red in the source PDF: C.,Both,Verbal Ability,grammar,2,No,,,Ready for Upload,Correct Usage. sub_topic:grammar
312,Done - Civil Service Exam Reviewer for 2026.pdf,/Users/lyndon/All reviewers/Civil Service Exam/Civil Service Exam Reviewer 2026/CSE EXAMS AND REVIEWER 2026/Done - Civil Service Exam Reviewer for 2026.pdf,31,81-82,People of all races should try to with each other.,get around,get along,get at,get over,,B,Correct answer is marked in red in the source PDF: B.,Both,Verbal Ability,grammar,2,No,,,Ready for Upload,Correct Usage. sub_topic:grammar
313,Done - Civil Service Exam Reviewer for 2026.pdf,/Users/lyndon/All reviewers/Civil Service Exam/Civil Service Exam Reviewer 2026/CSE EXAMS AND REVIEWER 2026/Done - Civil Service Exam Reviewer for 2026.pdf,32,82,We should grow wiser as time .,goes along,goes by,goes down,goes through,,B,Correct answer is marked in red in the source PDF: B.,Both,Verbal Ability,grammar,2,No,,,Ready for Upload,Correct Usage. sub_topic:grammar
314,Done - Civil Service Exam Reviewer for 2026.pdf,/Users/lyndon/All reviewers/Civil Service Exam/Civil Service Exam Reviewer 2026/CSE EXAMS AND REVIEWER 2026/Done - Civil Service Exam Reviewer for 2026.pdf,33,82,The partying teens were told to the noise.,hold down,hold forth,hold on,hold with,,A,Correct answer is marked in red in the source PDF: A.,Both,Verbal Ability,grammar,2,No,,,Ready for Upload,Correct Usage. sub_topic:grammar
315,Done - Civil Service Exam Reviewer for 2026.pdf,/Users/lyndon/All reviewers/Civil Service Exam/Civil Service Exam Reviewer 2026/CSE EXAMS AND REVIEWER 2026/Done - Civil Service Exam Reviewer for 2026.pdf,34,82,A gust of strong wind the old wooden swing.,knocked around,knocked back,knocked down,knocked out,,C,Correct answer is marked in red in the source PDF: C.,Both,Verbal Ability,grammar,2,No,,,Ready for Upload,Correct Usage. sub_topic:grammar
316,Done - Civil Service Exam Reviewer for 2026.pdf,/Users/lyndon/All reviewers/Civil Service Exam/Civil Service Exam Reviewer 2026/CSE EXAMS AND REVIEWER 2026/Done - Civil Service Exam Reviewer for 2026.pdf,35,82,A number of factory workers were due to retrenchment.,laid aside,laid away,laid off,laid out,,C,Correct answer is marked in red in the source PDF: C.,Both,Verbal Ability,grammar,2,No,,,Ready for Upload,Correct Usage. sub_topic:grammar
317,Done - Civil Service Exam Reviewer for 2026.pdf,/Users/lyndon/All reviewers/Civil Service Exam/Civil Service Exam Reviewer 2026/CSE EXAMS AND REVIEWER 2026/Done - Civil Service Exam Reviewer for 2026.pdf,36,82,We should never people with disabilities for they also have the right to live.,look down on,look forward to,look out to,look up to,,A,Correct answer is marked in red in the source PDF: A.,Both,Verbal Ability,grammar,2,No,,,Ready for Upload,Correct Usage. sub_topic:grammar
318,Done - Civil Service Exam Reviewer for 2026.pdf,/Users/lyndon/All reviewers/Civil Service Exam/Civil Service Exam Reviewer 2026/CSE EXAMS AND REVIEWER 2026/Done - Civil Service Exam Reviewer for 2026.pdf,37,83,Stop your younger brother so he will stop crying.,picking at,picking on,picking out,picking up,,B,Correct answer is marked in red in the source PDF: B.,Both,Verbal Ability,grammar,2,No,,,Ready for Upload,Correct Usage. sub_topic:grammar
319,Done - Civil Service Exam Reviewer for 2026.pdf,/Users/lyndon/All reviewers/Civil Service Exam/Civil Service Exam Reviewer 2026/CSE EXAMS AND REVIEWER 2026/Done - Civil Service Exam Reviewer for 2026.pdf,38,83,Always your best effort in everything you do.,put across,pud down,put forth,put out,,C,Correct answer is marked in red in the source PDF: C.,Both,Verbal Ability,grammar,2,No,,,Ready for Upload,Correct Usage. sub_topic:grammar
320,Done - Civil Service Exam Reviewer for 2026.pdf,/Users/lyndon/All reviewers/Civil Service Exam/Civil Service Exam Reviewer 2026/CSE EXAMS AND REVIEWER 2026/Done - Civil Service Exam Reviewer for 2026.pdf,39,83,Did you help in the table?,setting apart,settign back,setting down,setting up,,D,Correct answer is marked in red in the source PDF: D.,Both,Verbal Ability,grammar,2,No,,,Ready for Upload,Correct Usage. sub_topic:grammar
321,Done - Civil Service Exam Reviewer for 2026.pdf,/Users/lyndon/All reviewers/Civil Service Exam/Civil Service Exam Reviewer 2026/CSE EXAMS AND REVIEWER 2026/Done - Civil Service Exam Reviewer for 2026.pdf,40,83,She the details of the program.,wrote in,wrote off,wrote over,wrote up,,D,Correct answer is marked in red in the source PDF: D.,Both,Verbal Ability,grammar,2,No,,,Ready for Upload,Correct Usage. sub_topic:grammar
322,Done - Civil Service Exam Reviewer for 2026.pdf,/Users/lyndon/All reviewers/Civil Service Exam/Civil Service Exam Reviewer 2026/CSE EXAMS AND REVIEWER 2026/Done - Civil Service Exam Reviewer for 2026.pdf,1,100,Nauulinigan ang pag-uusap ng grupo dahil sa lakas ng tinig nila.,nahihimigan,napakikinggan,nakikita,nararamdaman,,B,Correct answer is marked in red in the source PDF: B.,Both,Verbal Ability,vocabulary-fil,2,No,,,Ready for Upload,Kasingkahulugan. sub_topic:vocabulary-fil
323,Done - Civil Service Exam Reviewer for 2026.pdf,/Users/lyndon/All reviewers/Civil Service Exam/Civil Service Exam Reviewer 2026/CSE EXAMS AND REVIEWER 2026/Done - Civil Service Exam Reviewer for 2026.pdf,2,100,Karapatan ng bawat batang Pilipino ang magkaroon ng pamilyang mag-aaruga sa kanya.,mag-aalaga,magsasaway,gagabay,tutulong,,A,Correct answer is marked in red in the source PDF: A.,Both,Verbal Ability,vocabulary-fil,2,No,,,Ready for Upload,Kasingkahulugan. sub_topic:vocabulary-fil
324,Done - Civil Service Exam Reviewer for 2026.pdf,/Users/lyndon/All reviewers/Civil Service Exam/Civil Service Exam Reviewer 2026/CSE EXAMS AND REVIEWER 2026/Done - Civil Service Exam Reviewer for 2026.pdf,3,101,Nagugulumihanan si Rochelle kung anong kurso ang kanyang kukunin sa kolehiyo.,nagtataka,natutuwa,nagpapasalamat,nalilito,,D,Correct answer is marked in red in the source PDF: D.,Both,Verbal Ability,vocabulary-fil,2,No,,,Ready for Upload,Kasingkahulugan. sub_topic:vocabulary-fil
325,Done - Civil Service Exam Reviewer for 2026.pdf,/Users/lyndon/All reviewers/Civil Service Exam/Civil Service Exam Reviewer 2026/CSE EXAMS AND REVIEWER 2026/Done - Civil Service Exam Reviewer for 2026.pdf,4,101,Tigib na ng pasahero ang dyip nang ito ay umalis.,punung-puno,kulang-kulang,kaunting-kaunti,maraming-marami,,A,Correct answer is marked in red in the source PDF: A.,Both,Verbal Ability,vocabulary-fil,2,No,,,Ready for Upload,Kasingkahulugan. sub_topic:vocabulary-fil
326,Done - Civil Service Exam Reviewer for 2026.pdf,/Users/lyndon/All reviewers/Civil Service Exam/Civil Service Exam Reviewer 2026/CSE EXAMS AND REVIEWER 2026/Done - Civil Service Exam Reviewer for 2026.pdf,5,101,Hindi na nakapagpigil ang kaawa-awang katulong kaya isiniwalat ang sama ng loob sa mapang-aping amo.,isinabi,inilahad,isinigaw,ibinulgar,,D,Correct answer is marked in red in the source PDF: D.,Both,Verbal Ability,vocabulary-fil,2,No,,,Ready for Upload,Kasingkahulugan. sub_topic:vocabulary-fil
327,Done - Civil Service Exam Reviewer for 2026.pdf,/Users/lyndon/All reviewers/Civil Service Exam/Civil Service Exam Reviewer 2026/CSE EXAMS AND REVIEWER 2026/Done - Civil Service Exam Reviewer for 2026.pdf,6,101,Iminungkuhi ang pagbabawal magtapon ng basura sa di-wastong lugar.,ipinanukala,inilahad,isiniwalat,kinalat,,A,Correct answer is marked in red in the source PDF: A.,Both,Verbal Ability,vocabulary-fil,2,No,,,Ready for Upload,Kasingkahulugan. sub_topic:vocabulary-fil
328,Done - Civil Service Exam Reviewer for 2026.pdf,/Users/lyndon/All reviewers/Civil Service Exam/Civil Service Exam Reviewer 2026/CSE EXAMS AND REVIEWER 2026/Done - Civil Service Exam Reviewer for 2026.pdf,7,101,Madalas silang mapaaway dahil sa kanilang kapalaluan.,kalabisan,kayabangan,kagandahan,kasinungalingan,,B,Correct answer is marked in red in the source PDF: B.,Both,Verbal Ability,vocabulary-fil,2,No,,,Ready for Upload,Kasingkahulugan. sub_topic:vocabulary-fil
329,Done - Civil Service Exam Reviewer for 2026.pdf,/Users/lyndon/All reviewers/Civil Service Exam/Civil Service Exam Reviewer 2026/CSE EXAMS AND REVIEWER 2026/Done - Civil Service Exam Reviewer for 2026.pdf,8,101-102,Pakiramdam niya ay labis-labis ang kanyang suliranin kung kaya siya ay naliligalig.,matalino,masaya,magulo ang isip,malinaw ang isip,,C,Correct answer is marked in red in the source PDF: C.,Both,Verbal Ability,vocabulary-fil,2,No,,,Ready for Upload,Kasingkahulugan. sub_topic:vocabulary-fil
330,Done - Civil Service Exam Reviewer for 2026.pdf,/Users/lyndon/All reviewers/Civil Service Exam/Civil Service Exam Reviewer 2026/CSE EXAMS AND REVIEWER 2026/Done - Civil Service Exam Reviewer for 2026.pdf,9,102,Maalwan lamang ang nararapat na dalahin ng isang bata.,magaan,maganda,malaki,maliit,,A,Correct answer is marked in red in the source PDF: A.,Both,Verbal Ability,vocabulary-fil,2,No,,,Ready for Upload,Kasingkahulugan. sub_topic:vocabulary-fil
331,Done - Civil Service Exam Reviewer for 2026.pdf,/Users/lyndon/All reviewers/Civil Service Exam/Civil Service Exam Reviewer 2026/CSE EXAMS AND REVIEWER 2026/Done - Civil Service Exam Reviewer for 2026.pdf,10,102,"Sa palihan nagagawa ang mga itak, espada at iba pang yari sa bakal.",palikuran,pamilihang-bayan,palengke,pandayan,,D,Correct answer is marked in red in the source PDF: D.,Both,Verbal Ability,vocabulary-fil,2,No,,,Ready for Upload,Kasingkahulugan. sub_topic:vocabulary-fil
332,Done - Civil Service Exam Reviewer for 2026.pdf,/Users/lyndon/All reviewers/Civil Service Exam/Civil Service Exam Reviewer 2026/CSE EXAMS AND REVIEWER 2026/Done - Civil Service Exam Reviewer for 2026.pdf,11,102,Hindi mo dapat gawing katuwaan ang pagkutya sa kapwa.,pagsumbong,paglibak,pagtampo,pagkurot,,B,Correct answer is marked in red in the source PDF: B.,Both,Verbal Ability,vocabulary-fil,2,No,,,Ready for Upload,Kasingkahulugan. sub_topic:vocabulary-fil
333,Done - Civil Service Exam Reviewer for 2026.pdf,/Users/lyndon/All reviewers/Civil Service Exam/Civil Service Exam Reviewer 2026/CSE EXAMS AND REVIEWER 2026/Done - Civil Service Exam Reviewer for 2026.pdf,12,102,Ang pag-eensayo ng banda ay nakabubulahaw.,nakaiinis,nakagugulo,nakatutuwa,nakababahala,,B,Correct answer is marked in red in the source PDF: B.,Both,Verbal Ability,vocabulary-fil,2,No,,,Ready for Upload,Kasingkahulugan. sub_topic:vocabulary-fil
334,Done - Civil Service Exam Reviewer for 2026.pdf,/Users/lyndon/All reviewers/Civil Service Exam/Civil Service Exam Reviewer 2026/CSE EXAMS AND REVIEWER 2026/Done - Civil Service Exam Reviewer for 2026.pdf,13,102,Dapat kang magkamal ng salapi sa mabuting paraan lamang.,magmana,magnakaw,magtamasa,maghanda,,C,Correct answer is marked in red in the source PDF: C.,Both,Verbal Ability,vocabulary-fil,2,No,,,Ready for Upload,Kasingkahulugan. sub_topic:vocabulary-fil
335,Done - Civil Service Exam Reviewer for 2026.pdf,/Users/lyndon/All reviewers/Civil Service Exam/Civil Service Exam Reviewer 2026/CSE EXAMS AND REVIEWER 2026/Done - Civil Service Exam Reviewer for 2026.pdf,14,103,Ilan taon ding siniil ng mga dayuhan ang mga Pilipino.,tinago,inapi,tinimpi,pinalaya,,B,Correct answer is marked in red in the source PDF: B.,Both,Verbal Ability,vocabulary-fil,2,No,,,Ready for Upload,Kasingkahulugan. sub_topic:vocabulary-fil
336,Done - Civil Service Exam Reviewer for 2026.pdf,/Users/lyndon/All reviewers/Civil Service Exam/Civil Service Exam Reviewer 2026/CSE EXAMS AND REVIEWER 2026/Done - Civil Service Exam Reviewer for 2026.pdf,15,103,Ang anumang alitan ay di dapat hayaang magtagal.,proyekto,pagkakaibigan,hiniram,bangayan,,D,Correct answer is marked in red in the source PDF: D.,Both,Verbal Ability,vocabulary-fil,2,No,,,Ready for Upload,Kasingkahulugan. sub_topic:vocabulary-fil
337,Done - Civil Service Exam Reviewer for 2026.pdf,/Users/lyndon/All reviewers/Civil Service Exam/Civil Service Exam Reviewer 2026/CSE EXAMS AND REVIEWER 2026/Done - Civil Service Exam Reviewer for 2026.pdf,16,103,Laganap ang krisis kaya tayo ay dapat magtipid.,kalat,kapos,limitado,pantay,,A,Correct answer is marked in red in the source PDF: A.,Both,Verbal Ability,vocabulary-fil,2,No,,,Ready for Upload,Kasingkahulugan. sub_topic:vocabulary-fil
338,Done - Civil Service Exam Reviewer for 2026.pdf,/Users/lyndon/All reviewers/Civil Service Exam/Civil Service Exam Reviewer 2026/CSE EXAMS AND REVIEWER 2026/Done - Civil Service Exam Reviewer for 2026.pdf,17,103,Madaling nababalino sa lihis na gawain ang mga kabataang laki sa langsangan.,natutuwa,namamalik-mata,nagaganyak,nakaiiwas,,C,Correct answer is marked in red in the source PDF: C.,Both,Verbal Ability,vocabulary-fil,2,No,,,Ready for Upload,Kasingkahulugan. sub_topic:vocabulary-fil
339,Done - Civil Service Exam Reviewer for 2026.pdf,/Users/lyndon/All reviewers/Civil Service Exam/Civil Service Exam Reviewer 2026/CSE EXAMS AND REVIEWER 2026/Done - Civil Service Exam Reviewer for 2026.pdf,18,103,Maraming himutok ang mga mangagawa laban sa kanilang kumpanya gaya ng di pagtaas ng kanilang sahod.,nais,balakid,kilos,reklamo,,D,Correct answer is marked in red in the source PDF: D.,Both,Verbal Ability,vocabulary-fil,2,No,,,Ready for Upload,Kasingkahulugan. sub_topic:vocabulary-fil
340,Done - Civil Service Exam Reviewer for 2026.pdf,/Users/lyndon/All reviewers/Civil Service Exam/Civil Service Exam Reviewer 2026/CSE EXAMS AND REVIEWER 2026/Done - Civil Service Exam Reviewer for 2026.pdf,19,103-104,Walang minimithi ang iyong magulang kung di ang mabigyan ka ng magandang kinabukasan.,dinadalangin,ninanais,ikinatutuwa,tinitiis,,B,Correct answer is marked in red in the source PDF: B.,Both,Verbal Ability,vocabulary-fil,2,No,,,Ready for Upload,Kasingkahulugan. sub_topic:vocabulary-fil
341,Done - Civil Service Exam Reviewer for 2026.pdf,/Users/lyndon/All reviewers/Civil Service Exam/Civil Service Exam Reviewer 2026/CSE EXAMS AND REVIEWER 2026/Done - Civil Service Exam Reviewer for 2026.pdf,20,104,Iwasang sumugba sa alanganin.,sumugod,tumigil,lumayo,lumapit,,A,Correct answer is marked in red in the source PDF: A.,Both,Verbal Ability,vocabulary-fil,2,No,,,Ready for Upload,Kasingkahulugan. sub_topic:vocabulary-fil
342,Done - Civil Service Exam Reviewer for 2026.pdf,/Users/lyndon/All reviewers/Civil Service Exam/Civil Service Exam Reviewer 2026/CSE EXAMS AND REVIEWER 2026/Done - Civil Service Exam Reviewer for 2026.pdf,21,104,Huwag mong pukawin ang batang nahihimlay.,libangin,palayain,pigilin,gisingin,,D,Correct answer is marked in red in the source PDF: D.,Both,Verbal Ability,vocabulary-fil,2,No,,,Ready for Upload,Kasingkahulugan. sub_topic:vocabulary-fil
343,Done - Civil Service Exam Reviewer for 2026.pdf,/Users/lyndon/All reviewers/Civil Service Exam/Civil Service Exam Reviewer 2026/CSE EXAMS AND REVIEWER 2026/Done - Civil Service Exam Reviewer for 2026.pdf,22,105,Hindi ka dapat magmaktol kung ika’y napagsasabihan.,umiyak,magtampo,magdabog,lumayas,,B,Correct answer is marked in red in the source PDF: B.,Both,Verbal Ability,vocabulary-fil,2,No,,,Ready for Upload,Kasingkahulugan. sub_topic:vocabulary-fil
344,Done - Civil Service Exam Reviewer for 2026.pdf,/Users/lyndon/All reviewers/Civil Service Exam/Civil Service Exam Reviewer 2026/CSE EXAMS AND REVIEWER 2026/Done - Civil Service Exam Reviewer for 2026.pdf,23,105,"Tuwing Marso, ang puno ng mangga ay namumutiktik sa bunga.",maraming-marami,bilang na bilang,kakaunti,malalaki,,A,Correct answer is marked in red in the source PDF: A.,Both,Verbal Ability,vocabulary-fil,2,No,,,Ready for Upload,Kasingkahulugan. sub_topic:vocabulary-fil
345,Done - Civil Service Exam Reviewer for 2026.pdf,/Users/lyndon/All reviewers/Civil Service Exam/Civil Service Exam Reviewer 2026/CSE EXAMS AND REVIEWER 2026/Done - Civil Service Exam Reviewer for 2026.pdf,24,105,Kumipot ang Maynila sa dami ng taong naninirahan dito.,lumuwag,lumaki,sumikip,lumiit,,C,Correct answer is marked in red in the source PDF: C.,Both,Verbal Ability,vocabulary-fil,2,No,,,Ready for Upload,Kasingkahulugan. sub_topic:vocabulary-fil
346,Done - Civil Service Exam Reviewer for 2026.pdf,/Users/lyndon/All reviewers/Civil Service Exam/Civil Service Exam Reviewer 2026/CSE EXAMS AND REVIEWER 2026/Done - Civil Service Exam Reviewer for 2026.pdf,25,105,Patang-pata siya nang marating ang tuktok ng bundok Apo.,pagod na pagod,masiglang-masigla,masayang-masaya,hinayang na hinayang,,A,Correct answer is marked in red in the source PDF: A.,Both,Verbal Ability,vocabulary-fil,2,No,,,Ready for Upload,Kasingkahulugan. sub_topic:vocabulary-fil
347,Done - Civil Service Exam Reviewer for 2026.pdf,/Users/lyndon/All reviewers/Civil Service Exam/Civil Service Exam Reviewer 2026/CSE EXAMS AND REVIEWER 2026/Done - Civil Service Exam Reviewer for 2026.pdf,1,106,Ang pag-iibigan nina Florante at Laura ay matimyas.,di-magmamaliw,di-totoo,dalisay,wagas,,B,Correct answer is marked in red in the source PDF: B.,Both,Verbal Ability,vocabulary-fil,2,No,,,Ready for Upload,Kasalungat. sub_topic:vocabulary-fil
348,Done - Civil Service Exam Reviewer for 2026.pdf,/Users/lyndon/All reviewers/Civil Service Exam/Civil Service Exam Reviewer 2026/CSE EXAMS AND REVIEWER 2026/Done - Civil Service Exam Reviewer for 2026.pdf,2,106,Nilalagyan ng pataba ang halaman upang ito’y yumabong.,lumago,dumami,malanta,lumiit,,C,Correct answer is marked in red in the source PDF: C.,Both,Verbal Ability,vocabulary-fil,2,No,,,Ready for Upload,Kasalungat. sub_topic:vocabulary-fil
349,Done - Civil Service Exam Reviewer for 2026.pdf,/Users/lyndon/All reviewers/Civil Service Exam/Civil Service Exam Reviewer 2026/CSE EXAMS AND REVIEWER 2026/Done - Civil Service Exam Reviewer for 2026.pdf,3,106,Namamasyal siya sa parke upang mapawi ang lumbay.,galak,lungkok,sama ng loob,gulat,,A,Correct answer is marked in red in the source PDF: A.,Both,Verbal Ability,vocabulary-fil,2,No,,,Ready for Upload,Kasalungat. sub_topic:vocabulary-fil
350,Done - Civil Service Exam Reviewer for 2026.pdf,/Users/lyndon/All reviewers/Civil Service Exam/Civil Service Exam Reviewer 2026/CSE EXAMS AND REVIEWER 2026/Done - Civil Service Exam Reviewer for 2026.pdf,4,106,Hinintay namin ang pagdaong ng 2GO na barko upang salubungin si Ate.,pag-alis,paglapag,paghimpil,pagtigil,,A,Correct answer is marked in red in the source PDF: A.,Both,Verbal Ability,vocabulary-fil,2,No,,,Ready for Upload,Kasalungat. sub_topic:vocabulary-fil
351,Done - Civil Service Exam Reviewer for 2026.pdf,/Users/lyndon/All reviewers/Civil Service Exam/Civil Service Exam Reviewer 2026/CSE EXAMS AND REVIEWER 2026/Done - Civil Service Exam Reviewer for 2026.pdf,5,106,Palasak na ang paggamit ng kompyuter.,pambihira,pangkaraniwan,laganap,matipid,,A,Correct answer is marked in red in the source PDF: A.,Both,Verbal Ability,vocabulary-fil,2,No,,,Ready for Upload,Kasalungat. sub_topic:vocabulary-fil
352,Done - Civil Service Exam Reviewer for 2026.pdf,/Users/lyndon/All reviewers/Civil Service Exam/Civil Service Exam Reviewer 2026/CSE EXAMS AND REVIEWER 2026/Done - Civil Service Exam Reviewer for 2026.pdf,6,107,Nabaghan siya nang dumating ang kanyang amang dalawang taong naghanapbuhay sa ibang bansa.,nagulat,nagtaka,nainis,nahimatay,,C,Correct answer is marked in red in the source PDF: C.,Both,Verbal Ability,vocabulary-fil,2,No,,,Ready for Upload,Kasalungat. sub_topic:vocabulary-fil
353,Done - Civil Service Exam Reviewer for 2026.pdf,/Users/lyndon/All reviewers/Civil Service Exam/Civil Service Exam Reviewer 2026/CSE EXAMS AND REVIEWER 2026/Done - Civil Service Exam Reviewer for 2026.pdf,7,107,Huwag mong ugaliin ang umalipusta ng iyong kapwa.,laitin,purihin,kagalitan,bastusin,,B,Correct answer is marked in red in the source PDF: B.,Both,Verbal Ability,vocabulary-fil,2,No,,,Ready for Upload,Kasalungat. sub_topic:vocabulary-fil
354,Done - Civil Service Exam Reviewer for 2026.pdf,/Users/lyndon/All reviewers/Civil Service Exam/Civil Service Exam Reviewer 2026/CSE EXAMS AND REVIEWER 2026/Done - Civil Service Exam Reviewer for 2026.pdf,8,107,Pahapay na ang mga maliliit na kumpanya dahil sa pagbagsak ng ekonomiya.,paunlad,tagilid,pabagsak,pasara,,A,Correct answer is marked in red in the source PDF: A.,Both,Verbal Ability,vocabulary-fil,2,No,,,Ready for Upload,Kasalungat. sub_topic:vocabulary-fil
355,Done - Civil Service Exam Reviewer for 2026.pdf,/Users/lyndon/All reviewers/Civil Service Exam/Civil Service Exam Reviewer 2026/CSE EXAMS AND REVIEWER 2026/Done - Civil Service Exam Reviewer for 2026.pdf,9,107,Makapal at magalas ang palad ng mga mason at karpintero.,mabuto,magaspang,maliksi,makinis,,D,Correct answer is marked in red in the source PDF: D.,Both,Verbal Ability,vocabulary-fil,2,No,,,Ready for Upload,Kasalungat. sub_topic:vocabulary-fil
356,Done - Civil Service Exam Reviewer for 2026.pdf,/Users/lyndon/All reviewers/Civil Service Exam/Civil Service Exam Reviewer 2026/CSE EXAMS AND REVIEWER 2026/Done - Civil Service Exam Reviewer for 2026.pdf,10,107,"Masalimuot man ang buhay natin, di tayo dapat mawalan ng pag-asa.",mahirap,magulo,maayos,malungkot,,C,Correct answer is marked in red in the source PDF: C.,Both,Verbal Ability,vocabulary-fil,2,No,,,Ready for Upload,Kasalungat. sub_topic:vocabulary-fil
357,Done - Civil Service Exam Reviewer for 2026.pdf,/Users/lyndon/All reviewers/Civil Service Exam/Civil Service Exam Reviewer 2026/CSE EXAMS AND REVIEWER 2026/Done - Civil Service Exam Reviewer for 2026.pdf,11,107-108,Sinaplutan man lamang sana nila ang sanggol bago ito ginamit sa paglilimos.,binalutan,tinakpan,dinamitan,hinubaran,,D,Correct answer is marked in red in the source PDF: D.,Both,Verbal Ability,vocabulary-fil,2,No,,,Ready for Upload,Kasalungat. sub_topic:vocabulary-fil
358,Done - Civil Service Exam Reviewer for 2026.pdf,/Users/lyndon/All reviewers/Civil Service Exam/Civil Service Exam Reviewer 2026/CSE EXAMS AND REVIEWER 2026/Done - Civil Service Exam Reviewer for 2026.pdf,12,108,Hindi dapat pagkatiwalaan ang mga taong taksil na mabait lamang kung kaharap mo.,suwail,matapat,hunghang,matalino,,B,Correct answer is marked in red in the source PDF: B.,Both,Verbal Ability,vocabulary-fil,2,No,,,Ready for Upload,Kasalungat. sub_topic:vocabulary-fil
359,Done - Civil Service Exam Reviewer for 2026.pdf,/Users/lyndon/All reviewers/Civil Service Exam/Civil Service Exam Reviewer 2026/CSE EXAMS AND REVIEWER 2026/Done - Civil Service Exam Reviewer for 2026.pdf,13,108,Tila walang kapaguran ang mabungalngal na bibig ni Lina.,tahimik,masalita,madaldal,masakit,,A,Correct answer is marked in red in the source PDF: A.,Both,Verbal Ability,vocabulary-fil,2,No,,,Ready for Upload,Kasalungat. sub_topic:vocabulary-fil
360,Done - Civil Service Exam Reviewer for 2026.pdf,/Users/lyndon/All reviewers/Civil Service Exam/Civil Service Exam Reviewer 2026/CSE EXAMS AND REVIEWER 2026/Done - Civil Service Exam Reviewer for 2026.pdf,14,108,Napakukupad ng takbo ng karitela kung ikukumpara sa traysikel at dyip.,napakabilis,napakabagal,napakakuyad,napakadali,,A,Correct answer is marked in red in the source PDF: A.,Both,Verbal Ability,vocabulary-fil,2,No,,,Ready for Upload,Kasalungat. sub_topic:vocabulary-fil
361,Done - Civil Service Exam Reviewer for 2026.pdf,/Users/lyndon/All reviewers/Civil Service Exam/Civil Service Exam Reviewer 2026/CSE EXAMS AND REVIEWER 2026/Done - Civil Service Exam Reviewer for 2026.pdf,15,108,Patuloy na magdarahop ang taong tamad.,aasenso,maghihikahos,magiging salat,maghihirap,,A,Correct answer is marked in red in the source PDF: A.,Both,Verbal Ability,vocabulary-fil,2,No,,,Ready for Upload,Kasalungat. sub_topic:vocabulary-fil
362,Done - Civil Service Exam Reviewer for 2026.pdf,/Users/lyndon/All reviewers/Civil Service Exam/Civil Service Exam Reviewer 2026/CSE EXAMS AND REVIEWER 2026/Done - Civil Service Exam Reviewer for 2026.pdf,16,108-109,Mahirap pakinggan ang sinasabi ng taong garil.,utal,bulol,matalino,matatas,,D,Correct answer is marked in red in the source PDF: D.,Both,Verbal Ability,vocabulary-fil,2,No,,,Ready for Upload,Kasalungat. sub_topic:vocabulary-fil
363,Done - Civil Service Exam Reviewer for 2026.pdf,/Users/lyndon/All reviewers/Civil Service Exam/Civil Service Exam Reviewer 2026/CSE EXAMS AND REVIEWER 2026/Done - Civil Service Exam Reviewer for 2026.pdf,17,109,Kumain ka ng masustansyang pagkain nang hindi maging hawas.,payat,matipuno,manipis,sakitin,,D,Correct answer is marked in red in the source PDF: D.,Both,Verbal Ability,vocabulary-fil,2,No,,,Ready for Upload,Kasalungat. sub_topic:vocabulary-fil
364,Done - Civil Service Exam Reviewer for 2026.pdf,/Users/lyndon/All reviewers/Civil Service Exam/Civil Service Exam Reviewer 2026/CSE EXAMS AND REVIEWER 2026/Done - Civil Service Exam Reviewer for 2026.pdf,18,109,Ang labis na pagiging hidhid ay nakasasama rin lalo pa’t hindi ka marunong magbigay sa nangangailangan.,waldas,kuripot,matipid,mapera,,A,Correct answer is marked in red in the source PDF: A.,Both,Verbal Ability,vocabulary-fil,2,No,,,Ready for Upload,Kasalungat. sub_topic:vocabulary-fil
365,Done - Civil Service Exam Reviewer for 2026.pdf,/Users/lyndon/All reviewers/Civil Service Exam/Civil Service Exam Reviewer 2026/CSE EXAMS AND REVIEWER 2026/Done - Civil Service Exam Reviewer for 2026.pdf,19,109,Hungkag ang bigasan dahil nasira ng bagyo ang mga palay.,salat,puno,bulok,bago,,B,Correct answer is marked in red in the source PDF: B.,Both,Verbal Ability,vocabulary-fil,2,No,,,Ready for Upload,Kasalungat. sub_topic:vocabulary-fil
366,Done - Civil Service Exam Reviewer for 2026.pdf,/Users/lyndon/All reviewers/Civil Service Exam/Civil Service Exam Reviewer 2026/CSE EXAMS AND REVIEWER 2026/Done - Civil Service Exam Reviewer for 2026.pdf,20,109,Ang mga bulaklak ng orkidya ay naluoy sa tindi ng init.,nabulok,natuyo,namukadkad,nalaglag,,C,Correct answer is marked in red in the source PDF: C.,Both,Verbal Ability,vocabulary-fil,2,No,,,Ready for Upload,Kasalungat. sub_topic:vocabulary-fil
367,Done - Civil Service Exam Reviewer for 2026.pdf,/Users/lyndon/All reviewers/Civil Service Exam/Civil Service Exam Reviewer 2026/CSE EXAMS AND REVIEWER 2026/Done - Civil Service Exam Reviewer for 2026.pdf,21,109,Totoo bang walang latoy ang pagkain sa ospital?,walang lasa,walang sangkap,malasa,kakaunti,,C,Correct answer is marked in red in the source PDF: C.,Both,Verbal Ability,vocabulary-fil,2,No,,,Ready for Upload,Kasalungat. sub_topic:vocabulary-fil
368,Done - Civil Service Exam Reviewer for 2026.pdf,/Users/lyndon/All reviewers/Civil Service Exam/Civil Service Exam Reviewer 2026/CSE EXAMS AND REVIEWER 2026/Done - Civil Service Exam Reviewer for 2026.pdf,22,109-110,Hindi nilubayan ng mga manunulat ang pagtatanong sa panauhing pandangal.,tinigilan,iniwasan,dinikitan,pinagpatuloy,,D,Correct answer is marked in red in the source PDF: D.,Both,Verbal Ability,vocabulary-fil,2,No,,,Ready for Upload,Kasalungat. sub_topic:vocabulary-fil
369,Done - Civil Service Exam Reviewer for 2026.pdf,/Users/lyndon/All reviewers/Civil Service Exam/Civil Service Exam Reviewer 2026/CSE EXAMS AND REVIEWER 2026/Done - Civil Service Exam Reviewer for 2026.pdf,23,110,Ang mga tirahan ng mayayaman ay maagwat sa isa’t isa.,hiwa-hiwalay,magkakadikit,layo-layo,maliliit,,B,Correct answer is marked in red in the source PDF: B.,Both,Verbal Ability,vocabulary-fil,2,No,,,Ready for Upload,Kasalungat. sub_topic:vocabulary-fil
370,Done - Civil Service Exam Reviewer for 2026.pdf,/Users/lyndon/All reviewers/Civil Service Exam/Civil Service Exam Reviewer 2026/CSE EXAMS AND REVIEWER 2026/Done - Civil Service Exam Reviewer for 2026.pdf,24,110,Maantak ang sugat kapag napatakan ng kalamansi.,malaki,maliit,manhid,mahapdi,,C,Correct answer is marked in red in the source PDF: C.,Both,Verbal Ability,vocabulary-fil,2,No,,,Ready for Upload,Kasalungat. sub_topic:vocabulary-fil
371,Done - Civil Service Exam Reviewer for 2026.pdf,/Users/lyndon/All reviewers/Civil Service Exam/Civil Service Exam Reviewer 2026/CSE EXAMS AND REVIEWER 2026/Done - Civil Service Exam Reviewer for 2026.pdf,25,110,Tunay na mabalasik ang leon at ang tigre.,maamo,matapang,masungit,maliit,,A,Correct answer is marked in red in the source PDF: A.,Both,Verbal Ability,vocabulary-fil,2,No,,,Ready for Upload,Kasalungat. sub_topic:vocabulary-fil
372,Done - Civil Service Exam Reviewer for 2026.pdf,/Users/lyndon/All reviewers/Civil Service Exam/Civil Service Exam Reviewer 2026/CSE EXAMS AND REVIEWER 2026/Done - Civil Service Exam Reviewer for 2026.pdf,1,111,Nag-alsa balutan ang katulong sa bahay dahil sa kalupitan ng kanyang amo.,nagtampo,lumayas,nagtago,nagmaktol,,B,Correct answer is marked in red in the source PDF: B.,Both,Verbal Ability,vocabulary-fil,2,No,,,Ready for Upload,Kawikaan. sub_topic:vocabulary-fil
373,Done - Civil Service Exam Reviewer for 2026.pdf,/Users/lyndon/All reviewers/Civil Service Exam/Civil Service Exam Reviewer 2026/CSE EXAMS AND REVIEWER 2026/Done - Civil Service Exam Reviewer for 2026.pdf,2,111,Hindi totoo ang kanyang katapangan sapagkat bahag ang buntot niya sa harap ng paghihirap.,malakas ang loob,matapang,duwag,matiyaga,,C,Correct answer is marked in red in the source PDF: C.,Both,Verbal Ability,vocabulary-fil,2,No,,,Ready for Upload,Kawikaan. sub_topic:vocabulary-fil
374,Done - Civil Service Exam Reviewer for 2026.pdf,/Users/lyndon/All reviewers/Civil Service Exam/Civil Service Exam Reviewer 2026/CSE EXAMS AND REVIEWER 2026/Done - Civil Service Exam Reviewer for 2026.pdf,3,111,"Dahil sa paulit-ulit na pagsisinungaling, basa ang papel niya sa karamihan.",ayaw nang paniwalaan,ayaw nang pagbigyan,ayaw nang pakinggan,ayaw nang makasama,,A,Correct answer is marked in red in the source PDF: A.,Both,Verbal Ability,vocabulary-fil,2,No,,,Ready for Upload,Kawikaan. sub_topic:vocabulary-fil
375,Done - Civil Service Exam Reviewer for 2026.pdf,/Users/lyndon/All reviewers/Civil Service Exam/Civil Service Exam Reviewer 2026/CSE EXAMS AND REVIEWER 2026/Done - Civil Service Exam Reviewer for 2026.pdf,4,111,Kumukulo ang dugo ng ina ni Robin sa kanya sapagkat hindi siya nag-aral nang mabuti.,tuwang-tuwa,galit na galit,lungkot na lungkot,nakapapaso,,B,Correct answer is marked in red in the source PDF: B.,Both,Verbal Ability,vocabulary-fil,2,No,,,Ready for Upload,Kawikaan. sub_topic:vocabulary-fil
376,Done - Civil Service Exam Reviewer for 2026.pdf,/Users/lyndon/All reviewers/Civil Service Exam/Civil Service Exam Reviewer 2026/CSE EXAMS AND REVIEWER 2026/Done - Civil Service Exam Reviewer for 2026.pdf,5,111-112,Di-mahapayang gatang ang pagpapalitan ng kuru-kuro ng mga mambabatas.,hindi maumpisahan,hindi magulo,hindi masaya,hindi maawat,,D,Correct answer is marked in red in the source PDF: D.,Both,Verbal Ability,vocabulary-fil,2,No,,,Ready for Upload,Kawikaan. sub_topic:vocabulary-fil
377,Done - Civil Service Exam Reviewer for 2026.pdf,/Users/lyndon/All reviewers/Civil Service Exam/Civil Service Exam Reviewer 2026/CSE EXAMS AND REVIEWER 2026/Done - Civil Service Exam Reviewer for 2026.pdf,6,112,"Noong panahon ng pananakop ng Kastila, ang mga Pilipino ay hawak sa tainga ng mga ito.",sunud-sunuran,katuwang,kakampi,alipin,,A,Correct answer is marked in red in the source PDF: A.,Both,Verbal Ability,vocabulary-fil,2,No,,,Ready for Upload,Kawikaan. sub_topic:vocabulary-fil
378,Done - Civil Service Exam Reviewer for 2026.pdf,/Users/lyndon/All reviewers/Civil Service Exam/Civil Service Exam Reviewer 2026/CSE EXAMS AND REVIEWER 2026/Done - Civil Service Exam Reviewer for 2026.pdf,7,112,Mabulaklak ang landas ng taong masikap.,malabo ang kinabukasan,makulay ang kinabukasan,magulo ang kinabukasan,maganda ang kinabukasan,,D,Correct answer is marked in red in the source PDF: D.,Both,Verbal Ability,vocabulary-fil,2,No,,,Ready for Upload,Kawikaan. sub_topic:vocabulary-fil
379,Done - Civil Service Exam Reviewer for 2026.pdf,/Users/lyndon/All reviewers/Civil Service Exam/Civil Service Exam Reviewer 2026/CSE EXAMS AND REVIEWER 2026/Done - Civil Service Exam Reviewer for 2026.pdf,8,112,Maliit ang sisidlan ni Mhon kaya iniiwasan siyang biruin.,walang lakas-loob,walang galang,walang malay,walang pasensiya,,D,Correct answer is marked in red in the source PDF: D.,Both,Verbal Ability,vocabulary-fil,2,No,,,Ready for Upload,Kawikaan. sub_topic:vocabulary-fil
380,Done - Civil Service Exam Reviewer for 2026.pdf,/Users/lyndon/All reviewers/Civil Service Exam/Civil Service Exam Reviewer 2026/CSE EXAMS AND REVIEWER 2026/Done - Civil Service Exam Reviewer for 2026.pdf,9,112,Mahilig kasing magbasa kahit sa madilim si Tina kaya siya ay nagmamatangmanok.,lumiliit ang mgata,malabo ang mata,lumuluwa ang mata,kumikislap ang mata,,B,Correct answer is marked in red in the source PDF: B.,Both,Verbal Ability,vocabulary-fil,2,No,,,Ready for Upload,Kawikaan. sub_topic:vocabulary-fil
381,Done - Civil Service Exam Reviewer for 2026.pdf,/Users/lyndon/All reviewers/Civil Service Exam/Civil Service Exam Reviewer 2026/CSE EXAMS AND REVIEWER 2026/Done - Civil Service Exam Reviewer for 2026.pdf,10,112,"Kung minsan, inggit ang nagiging dahilan sa pagsasaulian ng kandila.",pagkasira ng tiwala,pagkasira ng pamilya,pagkasira ng pagkakaibigan,pagkasira ng lipunan,,C,Correct answer is marked in red in the source PDF: C.,Both,Verbal Ability,vocabulary-fil,2,No,,,Ready for Upload,Kawikaan. sub_topic:vocabulary-fil
382,Done - Civil Service Exam Reviewer for 2026.pdf,/Users/lyndon/All reviewers/Civil Service Exam/Civil Service Exam Reviewer 2026/CSE EXAMS AND REVIEWER 2026/Done - Civil Service Exam Reviewer for 2026.pdf,11,112-113,Pabalat-bunga lang pala ang pagiging bukas-palad niya; may pulitikal pala itong kadahilanan kaya siya mapagbigay.,taos-puso pakunwari,pasikreto,sapilitan,,,A,Correct answer is marked in red in the source PDF: A.,Both,Verbal Ability,vocabulary-fil,2,No,,,Incomplete,Kawikaan. Missing one or more A-D choices. sub_topic:vocabulary-fil
383,Done - Civil Service Exam Reviewer for 2026.pdf,/Users/lyndon/All reviewers/Civil Service Exam/Civil Service Exam Reviewer 2026/CSE EXAMS AND REVIEWER 2026/Done - Civil Service Exam Reviewer for 2026.pdf,12,113,Tiklop-tuhod ang akusado na siya ay patawarin ng biktima.,nagkukunwari,nananakot,nagmamamakawa,gumagapang,,C,Correct answer is marked in red in the source PDF: C.,Both,Verbal Ability,vocabulary-fil,2,No,,,Ready for Upload,Kawikaan. sub_topic:vocabulary-fil
384,Done - Civil Service Exam Reviewer for 2026.pdf,/Users/lyndon/All reviewers/Civil Service Exam/Civil Service Exam Reviewer 2026/CSE EXAMS AND REVIEWER 2026/Done - Civil Service Exam Reviewer for 2026.pdf,13,113,Ni ayaw man lamang humarap sa tao ang talo-saling na si Eula.,masungit,isnabera,mahiyain,pangit,,C,Correct answer is marked in red in the source PDF: C.,Both,Verbal Ability,vocabulary-fil,2,No,,,Ready for Upload,Kawikaan. sub_topic:vocabulary-fil
385,Done - Civil Service Exam Reviewer for 2026.pdf,/Users/lyndon/All reviewers/Civil Service Exam/Civil Service Exam Reviewer 2026/CSE EXAMS AND REVIEWER 2026/Done - Civil Service Exam Reviewer for 2026.pdf,14,113,Di dapat tularan ang mga taong walang kusang-palo.,walang kusang-loob,walang bait sa sarili,walang nalalaman,walang direksiyon,,A,Correct answer is marked in red in the source PDF: A.,Both,Verbal Ability,vocabulary-fil,2,No,,,Ready for Upload,Kawikaan. sub_topic:vocabulary-fil
386,Done - Civil Service Exam Reviewer for 2026.pdf,/Users/lyndon/All reviewers/Civil Service Exam/Civil Service Exam Reviewer 2026/CSE EXAMS AND REVIEWER 2026/Done - Civil Service Exam Reviewer for 2026.pdf,15,113,Hindi tama ang ika’y walang lingon-likod. Dapat ay suklian ang kabutihan ng iba sa iyo.,mayabang,mapagmataas,walang utang na loob,walang pagkakautang,,C,Correct answer is marked in red in the source PDF: C.,Both,Verbal Ability,vocabulary-fil,2,No,,,Ready for Upload,Kawikaan. sub_topic:vocabulary-fil
387,Done - Civil Service Exam Reviewer for 2026.pdf,/Users/lyndon/All reviewers/Civil Service Exam/Civil Service Exam Reviewer 2026/CSE EXAMS AND REVIEWER 2026/Done - Civil Service Exam Reviewer for 2026.pdf,16,113-114,Makapigil-hininga ang pelikulang Muro Ami.,nakasasabik,nakaaantok,nakaiinis,nakasusuya,,A,Correct answer is marked in red in the source PDF: A.,Both,Verbal Ability,vocabulary-fil,2,No,,,Ready for Upload,Kawikaan. sub_topic:vocabulary-fil
388,Done - Civil Service Exam Reviewer for 2026.pdf,/Users/lyndon/All reviewers/Civil Service Exam/Civil Service Exam Reviewer 2026/CSE EXAMS AND REVIEWER 2026/Done - Civil Service Exam Reviewer for 2026.pdf,17,114,Halang ang kaluluwa ng taong gumagawa ng karumal-dumal na krimen.,mabait,bastos,maitimang budhi,matapang,,C,Correct answer is marked in red in the source PDF: C.,Both,Verbal Ability,vocabulary-fil,2,No,,,Ready for Upload,Kawikaan. sub_topic:vocabulary-fil
389,Done - Civil Service Exam Reviewer for 2026.pdf,/Users/lyndon/All reviewers/Civil Service Exam/Civil Service Exam Reviewer 2026/CSE EXAMS AND REVIEWER 2026/Done - Civil Service Exam Reviewer for 2026.pdf,18,114,Di-maliparan ng uwak ang lupain ng mga Aquino sa Tarlac.,napakaliit napakalawak,nakapakadami,napakasikip,,,A,Correct answer is marked in red in the source PDF: A.,Both,Verbal Ability,vocabulary-fil,2,No,,,Incomplete,Kawikaan. Missing one or more A-D choices. sub_topic:vocabulary-fil
390,Done - Civil Service Exam Reviewer for 2026.pdf,/Users/lyndon/All reviewers/Civil Service Exam/Civil Service Exam Reviewer 2026/CSE EXAMS AND REVIEWER 2026/Done - Civil Service Exam Reviewer for 2026.pdf,19,114,Makunat pa sa patola si Lola Rosa kaya uugud-ugod na.,masayahin pa,masigla pa,mukhang bata,napakatanda na,,D,Correct answer is marked in red in the source PDF: D.,Both,Verbal Ability,vocabulary-fil,2,No,,,Ready for Upload,Kawikaan. sub_topic:vocabulary-fil
391,Done - Civil Service Exam Reviewer for 2026.pdf,/Users/lyndon/All reviewers/Civil Service Exam/Civil Service Exam Reviewer 2026/CSE EXAMS AND REVIEWER 2026/Done - Civil Service Exam Reviewer for 2026.pdf,20,114,Nilubugan ng araw ang mga taong nasalanta ng bagyo ang mga tirahan.,nawalan ng pag-asa,dumilim ang paligid,naputulan ng kuryente,naghirap,,A,Correct answer is marked in red in the source PDF: A.,Both,Verbal Ability,vocabulary-fil,2,No,,,Ready for Upload,Kawikaan. sub_topic:vocabulary-fil
392,Done - Civil Service Exam Reviewer for 2026.pdf,/Users/lyndon/All reviewers/Civil Service Exam/Civil Service Exam Reviewer 2026/CSE EXAMS AND REVIEWER 2026/Done - Civil Service Exam Reviewer for 2026.pdf,21,114,"Hindi mo matatagpuan sa kanilang bahay si Cecile, palibhasa ay maypuyo sa talampakan.",mahilig matulog,mahilig mamasyal,mahilig tumakbo,mahilig mag-aral,,B,Correct answer is marked in red in the source PDF: B.,Both,Verbal Ability,vocabulary-fil,2,No,,,Ready for Upload,Kawikaan. sub_topic:vocabulary-fil
393,Done - Civil Service Exam Reviewer for 2026.pdf,/Users/lyndon/All reviewers/Civil Service Exam/Civil Service Exam Reviewer 2026/CSE EXAMS AND REVIEWER 2026/Done - Civil Service Exam Reviewer for 2026.pdf,22,115,Binata na si JB kaya siya ay naniningalang-pugad na.,ninigarilyo,nababarkada,nanliligaw,naninirahan nang mag- isa,,C,Correct answer is marked in red in the source PDF: C.,Both,Verbal Ability,vocabulary-fil,2,No,,,Ready for Upload,Kawikaan. sub_topic:vocabulary-fil
394,Done - Civil Service Exam Reviewer for 2026.pdf,/Users/lyndon/All reviewers/Civil Service Exam/Civil Service Exam Reviewer 2026/CSE EXAMS AND REVIEWER 2026/Done - Civil Service Exam Reviewer for 2026.pdf,23,115,Malimit na may kabanggaan si Malou sa opisina dahil maanghang ang kanyang dila.,pikon,walang pakialam,masakit magsalita,masayahin,,C,Correct answer is marked in red in the source PDF: C.,Both,Verbal Ability,vocabulary-fil,2,No,,,Ready for Upload,Kawikaan. sub_topic:vocabulary-fil
395,Done - Civil Service Exam Reviewer for 2026.pdf,/Users/lyndon/All reviewers/Civil Service Exam/Civil Service Exam Reviewer 2026/CSE EXAMS AND REVIEWER 2026/Done - Civil Service Exam Reviewer for 2026.pdf,24,115,Di napaunlakan ni Ana ang imbitasyong manood sila ng sine sapagkat butas ang kanyang bulsa.,sira ang pantalon,walang pera,nagtitipid,walang panahon,,B,Correct answer is marked in red in the source PDF: B.,Both,Verbal Ability,vocabulary-fil,2,No,,,Ready for Upload,Kawikaan. sub_topic:vocabulary-fil
396,Done - Civil Service Exam Reviewer for 2026.pdf,/Users/lyndon/All reviewers/Civil Service Exam/Civil Service Exam Reviewer 2026/CSE EXAMS AND REVIEWER 2026/Done - Civil Service Exam Reviewer for 2026.pdf,25,115,Si Karl ay nagtataingang-kawali. Animo’y wala siyang naririnig kahit tinatawag na.,matigas ang tainga,mahina ang pandinig,barado ang tainga,nagbibingi-bingihan,,D,Correct answer is marked in red in the source PDF: D.,Both,Verbal Ability,vocabulary-fil,2,No,,,Ready for Upload,Kawikaan. sub_topic:vocabulary-fil
397,Done - Civil Service Exam Reviewer for 2026.pdf,/Users/lyndon/All reviewers/Civil Service Exam/Civil Service Exam Reviewer 2026/CSE EXAMS AND REVIEWER 2026/Done - Civil Service Exam Reviewer for 2026.pdf,1,115-116,Katungkulan sinuman ang tumulong sa kanyang kapwa.,nang ng,namin,natin,,,A,Correct answer is marked in red in the source PDF: A.,Both,Verbal Ability,grammar-fil,2,No,,,Incomplete,Wastong Gamit. Missing one or more A-D choices. sub_topic:grammar-fil
398,Done - Civil Service Exam Reviewer for 2026.pdf,/Users/lyndon/All reviewers/Civil Service Exam/Civil Service Exam Reviewer 2026/CSE EXAMS AND REVIEWER 2026/Done - Civil Service Exam Reviewer for 2026.pdf,2,116,ko kay Inay ang mga kaganapan sa aming paaralan sa isang buong papel.,Isinulat,Isinabi,Sinulat,Sinabi,,,,Both,Verbal Ability,grammar-fil,2,No,,,Needs Answer,Wastong Gamit. Could not uniquely map red answer text: Isinulat sub_topic:grammar-fil
399,Done - Civil Service Exam Reviewer for 2026.pdf,/Users/lyndon/All reviewers/Civil Service Exam/Civil Service Exam Reviewer 2026/CSE EXAMS AND REVIEWER 2026/Done - Civil Service Exam Reviewer for 2026.pdf,3,116,Ang ng mga manlalaro ay dininig ng komite kahapon.,pakiusapan,pakikipag-usap,ipakiusap,pakiusap,,,,Both,Verbal Ability,grammar-fil,2,No,,,Needs Answer,Wastong Gamit. Could not uniquely map red answer text: pakiusap sub_topic:grammar-fil
400,Done - Civil Service Exam Reviewer for 2026.pdf,/Users/lyndon/All reviewers/Civil Service Exam/Civil Service Exam Reviewer 2026/CSE EXAMS AND REVIEWER 2026/Done - Civil Service Exam Reviewer for 2026.pdf,4,116,Nagulat ang mga tao mabalitaan ang kaguluhang nagaganap sa Mindanao.,nang,ng,noon,datapwat,,,,Both,Verbal Ability,grammar-fil,2,No,,,Needs Answer,Wastong Gamit. Could not uniquely map red answer text: nang sub_topic:grammar-fil
401,Done - Civil Service Exam Reviewer for 2026.pdf,/Users/lyndon/All reviewers/Civil Service Exam/Civil Service Exam Reviewer 2026/CSE EXAMS AND REVIEWER 2026/Done - Civil Service Exam Reviewer for 2026.pdf,5,116,mo si Chin ng damit sa kabinet.,Kunin,Utusan,Hanapan,Hanapin,,C,Correct answer is marked in red in the source PDF: C.,Both,Verbal Ability,grammar-fil,2,No,,,Ready for Upload,Wastong Gamit. sub_topic:grammar-fil
402,Done - Civil Service Exam Reviewer for 2026.pdf,/Users/lyndon/All reviewers/Civil Service Exam/Civil Service Exam Reviewer 2026/CSE EXAMS AND REVIEWER 2026/Done - Civil Service Exam Reviewer for 2026.pdf,6,116-117,suliranin ng pagtaas ng presyo ng gasolina ang pinakapaksa ng pulong sa kasalukuyan.,Hinggil kay,Ayon kay,Hinggil sa,Ayon sa,,C,Correct answer is marked in red in the source PDF: C.,Both,Verbal Ability,grammar-fil,2,No,,,Ready for Upload,Wastong Gamit. sub_topic:grammar-fil
403,Done - Civil Service Exam Reviewer for 2026.pdf,/Users/lyndon/All reviewers/Civil Service Exam/Civil Service Exam Reviewer 2026/CSE EXAMS AND REVIEWER 2026/Done - Civil Service Exam Reviewer for 2026.pdf,7,117,Ang paglalakbay Magellan noong 1521 ang naging dahilan kung bakit nakilala ang Pilipinas sa ibang bansa.,ni,daw,sa,para kay,,A,Correct answer is marked in red in the source PDF: A.,Both,Verbal Ability,grammar-fil,2,No,,,Ready for Upload,Wastong Gamit. sub_topic:grammar-fil
404,Done - Civil Service Exam Reviewer for 2026.pdf,/Users/lyndon/All reviewers/Civil Service Exam/Civil Service Exam Reviewer 2026/CSE EXAMS AND REVIEWER 2026/Done - Civil Service Exam Reviewer for 2026.pdf,8,117,Ang pagkakalat o pagtatapon sa kung saan-saan ay batas.,sang-ayon,hinggil sa,laban sa,labag sa,,D,Correct answer is marked in red in the source PDF: D.,Both,Verbal Ability,grammar-fil,2,No,,,Ready for Upload,Wastong Gamit. sub_topic:grammar-fil
405,Done - Civil Service Exam Reviewer for 2026.pdf,/Users/lyndon/All reviewers/Civil Service Exam/Civil Service Exam Reviewer 2026/CSE EXAMS AND REVIEWER 2026/Done - Civil Service Exam Reviewer for 2026.pdf,9,117,Pinatay mga Hapones si Jose Abad Santos nang tanggihan niyang ibunyag ang lihim ng mga kilusang Pilipino laban sa kanila.,namin,ng,nang,noong,,,,Both,Verbal Ability,grammar-fil,2,No,,,Needs Answer,Wastong Gamit. Could not uniquely map red answer text: ng sub_topic:grammar-fil
406,Done - Civil Service Exam Reviewer for 2026.pdf,/Users/lyndon/All reviewers/Civil Service Exam/Civil Service Exam Reviewer 2026/CSE EXAMS AND REVIEWER 2026/Done - Civil Service Exam Reviewer for 2026.pdf,10,117,mo naman sa kanila na magdala ng mapagsasaluhan.,Usapin,Usap-Usapan,Ipakiusap,Pakiusap,,,,Both,Verbal Ability,grammar-fil,2,No,,,Needs Answer,Wastong Gamit. Could not uniquely map red answer text: Ipakiusap sub_topic:grammar-fil
407,Done - Civil Service Exam Reviewer for 2026.pdf,/Users/lyndon/All reviewers/Civil Service Exam/Civil Service Exam Reviewer 2026/CSE EXAMS AND REVIEWER 2026/Done - Civil Service Exam Reviewer for 2026.pdf,11,117-118,"G. at Gng. Reyes, matagal na nilang pinag-iipunan ang pangtustos sa pag-aaral mo sa kolehiyo.",Ayon sa,Ayon kay,Ayon kina,Sang-ayon kina,,,,Both,Verbal Ability,grammar-fil,2,No,,,Needs Answer,Wastong Gamit. Could not uniquely map red answer text: Ayon kina sub_topic:grammar-fil
408,Done - Civil Service Exam Reviewer for 2026.pdf,/Users/lyndon/All reviewers/Civil Service Exam/Civil Service Exam Reviewer 2026/CSE EXAMS AND REVIEWER 2026/Done - Civil Service Exam Reviewer for 2026.pdf,12,118,ni Emilio Jacinto ang Kartilya na naglalaman ng adhikain ng Katipunan.,Winika,Sinulatan,Isinabi,Nalaman,,A,Correct answer is marked in red in the source PDF: A.,Both,Verbal Ability,grammar-fil,2,No,,,Ready for Upload,Wastong Gamit. sub_topic:grammar-fil
409,Done - Civil Service Exam Reviewer for 2026.pdf,/Users/lyndon/All reviewers/Civil Service Exam/Civil Service Exam Reviewer 2026/CSE EXAMS AND REVIEWER 2026/Done - Civil Service Exam Reviewer for 2026.pdf,13,118,Dumating ang Lola kami’y nagdiwang,kaya,kung,marahil,siguro,,A,Correct answer is marked in red in the source PDF: A.,Both,Verbal Ability,grammar-fil,2,No,,,Ready for Upload,Wastong Gamit. sub_topic:grammar-fil
410,Done - Civil Service Exam Reviewer for 2026.pdf,/Users/lyndon/All reviewers/Civil Service Exam/Civil Service Exam Reviewer 2026/CSE EXAMS AND REVIEWER 2026/Done - Civil Service Exam Reviewer for 2026.pdf,14,118,Ang pagbabara ng mga estero ay dulot walang pakundangang pagtatapon ng basura.,rin,ng,natin,nila,,B,Correct answer is marked in red in the source PDF: B.,Both,Verbal Ability,grammar-fil,2,No,,,Ready for Upload,Wastong Gamit. sub_topic:grammar-fil
411,Done - Civil Service Exam Reviewer for 2026.pdf,/Users/lyndon/All reviewers/Civil Service Exam/Civil Service Exam Reviewer 2026/CSE EXAMS AND REVIEWER 2026/Done - Civil Service Exam Reviewer for 2026.pdf,15,118,maaari ay magtipid tayo nang husto.,Kung,Dahil,Bagamat,Mandin,,A,Correct answer is marked in red in the source PDF: A.,Both,Verbal Ability,grammar-fil,2,No,,,Ready for Upload,Wastong Gamit. sub_topic:grammar-fil
412,Done - Civil Service Exam Reviewer for 2026.pdf,/Users/lyndon/All reviewers/Civil Service Exam/Civil Service Exam Reviewer 2026/CSE EXAMS AND REVIEWER 2026/Done - Civil Service Exam Reviewer for 2026.pdf,16,118,Mapadali ang ating gawain tayo ay magtutulung-tulungan.,upang,kung,kahit,ngunit,,B,Correct answer is marked in red in the source PDF: B.,Both,Verbal Ability,grammar-fil,2,No,,,Ready for Upload,Wastong Gamit. sub_topic:grammar-fil
413,Done - Civil Service Exam Reviewer for 2026.pdf,/Users/lyndon/All reviewers/Civil Service Exam/Civil Service Exam Reviewer 2026/CSE EXAMS AND REVIEWER 2026/Done - Civil Service Exam Reviewer for 2026.pdf,17,118-119,Masaya sila napakaraming pagsubok ang dumarating sa kanilang pamilya.,sapagkat,marahil,kahit,kung,,C,Correct answer is marked in red in the source PDF: C.,Both,Verbal Ability,grammar-fil,2,No,,,Ready for Upload,Wastong Gamit. sub_topic:grammar-fil
414,Done - Civil Service Exam Reviewer for 2026.pdf,/Users/lyndon/All reviewers/Civil Service Exam/Civil Service Exam Reviewer 2026/CSE EXAMS AND REVIEWER 2026/Done - Civil Service Exam Reviewer for 2026.pdf,18,119,pagod na pagod na sa biyahe si Rey ay nagawa pa rin niya ang mag-aral.,Bagaman,Maliban,Samakatwid,Maging,,A,Correct answer is marked in red in the source PDF: A.,Both,Verbal Ability,grammar-fil,2,No,,,Ready for Upload,Wastong Gamit. sub_topic:grammar-fil
415,Done - Civil Service Exam Reviewer for 2026.pdf,/Users/lyndon/All reviewers/Civil Service Exam/Civil Service Exam Reviewer 2026/CSE EXAMS AND REVIEWER 2026/Done - Civil Service Exam Reviewer for 2026.pdf,19,119,Patuloy tayong maghahalinhinan sa pagroronda di pa nahuhuli ang magnanakaw.,samantala,hanggang,palibhasa,bagaman,,B,Correct answer is marked in red in the source PDF: B.,Both,Verbal Ability,grammar-fil,2,No,,,Ready for Upload,Wastong Gamit. sub_topic:grammar-fil
416,Done - Civil Service Exam Reviewer for 2026.pdf,/Users/lyndon/All reviewers/Civil Service Exam/Civil Service Exam Reviewer 2026/CSE EXAMS AND REVIEWER 2026/Done - Civil Service Exam Reviewer for 2026.pdf,20,119,Nagtatalon sa tuwa si Regina mapanalunan ang patimpalak sa pagsusulat ng maikling kuwento.,subalit,disin sana’y,nang,ng,,,,Both,Verbal Ability,grammar-fil,2,No,,,Needs Answer,Wastong Gamit. Could not uniquely map red answer text: nang sub_topic:grammar-fil
417,Done - Civil Service Exam Reviewer for 2026.pdf,/Users/lyndon/All reviewers/Civil Service Exam/Civil Service Exam Reviewer 2026/CSE EXAMS AND REVIEWER 2026/Done - Civil Service Exam Reviewer for 2026.pdf,21,119,Hindi maaaring ibilanggo ang sino man dahil kanyang pagkakautang.,na,ng,nang,sa,,D,Correct answer is marked in red in the source PDF: D.,Both,Verbal Ability,grammar-fil,2,No,,,Ready for Upload,Wastong Gamit. sub_topic:grammar-fil
418,Done - Civil Service Exam Reviewer for 2026.pdf,/Users/lyndon/All reviewers/Civil Service Exam/Civil Service Exam Reviewer 2026/CSE EXAMS AND REVIEWER 2026/Done - Civil Service Exam Reviewer for 2026.pdf,22,119-120,Nagpapatugtog sila awiting Pilipino.,sa,nang,ng,na,,,,Both,Verbal Ability,grammar-fil,2,No,,,Needs Answer,Wastong Gamit. Could not uniquely map red answer text: ng sub_topic:grammar-fil
419,Done - Civil Service Exam Reviewer for 2026.pdf,/Users/lyndon/All reviewers/Civil Service Exam/Civil Service Exam Reviewer 2026/CSE EXAMS AND REVIEWER 2026/Done - Civil Service Exam Reviewer for 2026.pdf,23,120,Ang ng mga mamamayan na huwag munang magtaas ng presyo ng langis ay pinag-aaralan ng kinauukulan.,usapin,pakiusapan,ipakiusap,pakiusap,,,,Both,Verbal Ability,grammar-fil,2,No,,,Needs Answer,Wastong Gamit. Could not uniquely map red answer text: pakiusap sub_topic:grammar-fil
420,Done - Civil Service Exam Reviewer for 2026.pdf,/Users/lyndon/All reviewers/Civil Service Exam/Civil Service Exam Reviewer 2026/CSE EXAMS AND REVIEWER 2026/Done - Civil Service Exam Reviewer for 2026.pdf,24,120,Hindi nabibigyang lunas ang sakit na AIDS sa ngayon.,pa,na,sa,ka,,A,Correct answer is marked in red in the source PDF: A.,Both,Verbal Ability,grammar-fil,2,No,,,Ready for Upload,Wastong Gamit. sub_topic:grammar-fil
421,Done - Civil Service Exam Reviewer for 2026.pdf,/Users/lyndon/All reviewers/Civil Service Exam/Civil Service Exam Reviewer 2026/CSE EXAMS AND REVIEWER 2026/Done - Civil Service Exam Reviewer for 2026.pdf,25,120,bang suliranin na hindi kayang lutasin?,May,Mayroon,Sino,Anong,,,,Both,Verbal Ability,grammar-fil,2,No,,,Needs Answer,Wastong Gamit. Could not uniquely map red answer text: Mayroon sub_topic:grammar-fil
422,Done - Civil Service Exam Reviewer for 2026.pdf,/Users/lyndon/All reviewers/Civil Service Exam/Civil Service Exam Reviewer 2026/CSE EXAMS AND REVIEWER 2026/Done - Civil Service Exam Reviewer for 2026.pdf,26,120,patimpalak sa Balagtasan na gaganapin sa plasa.,May,Mayroon,Anong,Bakit,,,,Both,Verbal Ability,grammar-fil,2,No,,,Needs Answer,Wastong Gamit. Could not uniquely map red answer text: May sub_topic:grammar-fil
423,Done - Civil Service Exam Reviewer for 2026.pdf,/Users/lyndon/All reviewers/Civil Service Exam/Civil Service Exam Reviewer 2026/CSE EXAMS AND REVIEWER 2026/Done - Civil Service Exam Reviewer for 2026.pdf,27,120,ba nagkaroon ng isang bulkan?,Sino,Alin,Ano,Paano,,,,Both,Verbal Ability,grammar-fil,2,No,,,Needs Answer,Wastong Gamit. Could not uniquely map red answer text: Paano sub_topic:grammar-fil
424,Done - Civil Service Exam Reviewer for 2026.pdf,/Users/lyndon/All reviewers/Civil Service Exam/Civil Service Exam Reviewer 2026/CSE EXAMS AND REVIEWER 2026/Done - Civil Service Exam Reviewer for 2026.pdf,28,121,natin ang ating kapwang nangangailangan ng tulong.,Abutan,Kunin,Abutin,Kunan,,A,Correct answer is marked in red in the source PDF: A.,Both,Verbal Ability,grammar-fil,2,No,,,Ready for Upload,Wastong Gamit. sub_topic:grammar-fil
425,Done - Civil Service Exam Reviewer for 2026.pdf,/Users/lyndon/All reviewers/Civil Service Exam/Civil Service Exam Reviewer 2026/CSE EXAMS AND REVIEWER 2026/Done - Civil Service Exam Reviewer for 2026.pdf,29,121,Huwag mong ang sino mang nasa kapangyarihan kung nais mo lamang makakuha ng pabor.,abutin,abutan,kunin,kunan,,B,Correct answer is marked in red in the source PDF: B.,Both,Verbal Ability,grammar-fil,2,No,,,Ready for Upload,Wastong Gamit. sub_topic:grammar-fil
426,Done - Civil Service Exam Reviewer for 2026.pdf,/Users/lyndon/All reviewers/Civil Service Exam/Civil Service Exam Reviewer 2026/CSE EXAMS AND REVIEWER 2026/Done - Civil Service Exam Reviewer for 2026.pdf,30,121,mo ang mabibigat na dalahin ng Inay.,Abutan,Tanawin,Kunin,Kunan,,C,Correct answer is marked in red in the source PDF: C.,Both,Verbal Ability,grammar-fil,2,No,,,Ready for Upload,Wastong Gamit. sub_topic:grammar-fil
427,Done - Civil Service Exam Reviewer for 2026.pdf,/Users/lyndon/All reviewers/Civil Service Exam/Civil Service Exam Reviewer 2026/CSE EXAMS AND REVIEWER 2026/Done - Civil Service Exam Reviewer for 2026.pdf,1,138,What do you call the introductory part of the Constitution?,Preface,Amendments,Preamble,Bill of Rights,,C,Correct answer is marked in red in the source PDF: C.,Both,General Information,constitution,2,No,,,Ready for Upload,Constitution. sub_topic:phil-government
428,Done - Civil Service Exam Reviewer for 2026.pdf,/Users/lyndon/All reviewers/Civil Service Exam/Civil Service Exam Reviewer 2026/CSE EXAMS AND REVIEWER 2026/Done - Civil Service Exam Reviewer for 2026.pdf,2,138,What form of government does the Philippines adopt?,Republican,Democratic,neither a nor b,both a and b,,D,Correct answer is marked in red in the source PDF: D.,Both,General Information,constitution,2,No,,,Ready for Upload,Constitution. sub_topic:phil-government
429,Done - Civil Service Exam Reviewer for 2026.pdf,/Users/lyndon/All reviewers/Civil Service Exam/Civil Service Exam Reviewer 2026/CSE EXAMS AND REVIEWER 2026/Done - Civil Service Exam Reviewer for 2026.pdf,3,138,What is the power of the State to take private property for public use upon payment of a just compensation?,right of confiscation,right of limiting resources,right of sequestration,right of eminent domain,,D,Correct answer is marked in red in the source PDF: D.,Both,General Information,constitution,2,No,,,Ready for Upload,Constitution. sub_topic:phil-government
430,Done - Civil Service Exam Reviewer for 2026.pdf,/Users/lyndon/All reviewers/Civil Service Exam/Civil Service Exam Reviewer 2026/CSE EXAMS AND REVIEWER 2026/Done - Civil Service Exam Reviewer for 2026.pdf,4,138,Who among the following may issue a warrant of arrest or a search warrant?,a senator,a judge,a congressman,the President,,,,Both,General Information,constitution,2,No,,,Needs Answer,Constitution. Could not uniquely map red answer text: b. a judge c. d. sub_topic:phil-government
431,Done - Civil Service Exam Reviewer for 2026.pdf,/Users/lyndon/All reviewers/Civil Service Exam/Civil Service Exam Reviewer 2026/CSE EXAMS AND REVIEWER 2026/Done - Civil Service Exam Reviewer for 2026.pdf,5,138-139,A foreigner may acquire Filipino citizenship through,naturalization,extradition,rebirth,Visa application,,A,Correct answer is marked in red in the source PDF: A.,Both,General Information,constitution,2,No,,,Ready for Upload,Constitution. sub_topic:phil-government
432,Done - Civil Service Exam Reviewer for 2026.pdf,/Users/lyndon/All reviewers/Civil Service Exam/Civil Service Exam Reviewer 2026/CSE EXAMS AND REVIEWER 2026/Done - Civil Service Exam Reviewer for 2026.pdf,6,139,The right to vote is also known as .,suffrage,naturalization,democracy,plebiscite,,A,Correct answer is marked in red in the source PDF: A.,Both,General Information,constitution,2,No,,,Ready for Upload,Constitution. sub_topic:phil-government
433,Done - Civil Service Exam Reviewer for 2026.pdf,/Users/lyndon/All reviewers/Civil Service Exam/Civil Service Exam Reviewer 2026/CSE EXAMS AND REVIEWER 2026/Done - Civil Service Exam Reviewer for 2026.pdf,7,139,How many Senators are there in the Senate?,twenty-five,twenty-four,twelve,thirty,,B,Correct answer is marked in red in the source PDF: B.,Both,General Information,constitution,2,No,,,Ready for Upload,Constitution. sub_topic:phil-government
434,Done - Civil Service Exam Reviewer for 2026.pdf,/Users/lyndon/All reviewers/Civil Service Exam/Civil Service Exam Reviewer 2026/CSE EXAMS AND REVIEWER 2026/Done - Civil Service Exam Reviewer for 2026.pdf,8,139,What is the minimum age requirements of a Senator?,thirty,twenty-five,twenty,thirty-five,,,,Both,General Information,constitution,2,No,,,Needs Answer,Constitution. Could not uniquely map red answer text: thirty-five sub_topic:phil-government
435,Done - Civil Service Exam Reviewer for 2026.pdf,/Users/lyndon/All reviewers/Civil Service Exam/Civil Service Exam Reviewer 2026/CSE EXAMS AND REVIEWER 2026/Done - Civil Service Exam Reviewer for 2026.pdf,9,139,Which of the following bills do not originate from the House of Representative?,Appropriation bills,Revenue of tariff bills,Amnesty,Private bills,,C,Correct answer is marked in red in the source PDF: C.,Both,General Information,constitution,2,No,,,Ready for Upload,Constitution. sub_topic:phil-government
436,Done - Civil Service Exam Reviewer for 2026.pdf,/Users/lyndon/All reviewers/Civil Service Exam/Civil Service Exam Reviewer 2026/CSE EXAMS AND REVIEWER 2026/Done - Civil Service Exam Reviewer for 2026.pdf,10,139,The Members of the Lower House are,elected by region and by party list,elected by region and appointed by the President,elected by district and party list,elected by district and appointed by the Senators,,C,Correct answer is marked in red in the source PDF: C.,Both,General Information,constitution,2,No,,,Ready for Upload,Constitution. sub_topic:phil-government
437,Done - Civil Service Exam Reviewer for 2026.pdf,/Users/lyndon/All reviewers/Civil Service Exam/Civil Service Exam Reviewer 2026/CSE EXAMS AND REVIEWER 2026/Done - Civil Service Exam Reviewer for 2026.pdf,11,139-140,The legislative power of the government shall be vested in the,President,Congress,Supreme Court,all of the above,,B,Correct answer is marked in red in the source PDF: B.,Both,General Information,constitution,2,No,,,Ready for Upload,Constitution. sub_topic:phil-government
438,Done - Civil Service Exam Reviewer for 2026.pdf,/Users/lyndon/All reviewers/Civil Service Exam/Civil Service Exam Reviewer 2026/CSE EXAMS AND REVIEWER 2026/Done - Civil Service Exam Reviewer for 2026.pdf,12,140,Which of the following may disqualify a person from running for Presidency?,He is sixty years old on the day of the election.,He lived abroad five years preceding the election.,He has Filipino parents but was born in the United States.,He is a registered voter.,,B,Correct answer is marked in red in the source PDF: B.,Both,General Information,constitution,2,No,,,Ready for Upload,Constitution. sub_topic:phil-government
439,Done - Civil Service Exam Reviewer for 2026.pdf,/Users/lyndon/All reviewers/Civil Service Exam/Civil Service Exam Reviewer 2026/CSE EXAMS AND REVIEWER 2026/Done - Civil Service Exam Reviewer for 2026.pdf,13,140,Which of the following shows the transfer of power should the President be incapable of discharging his duties?,President - → Vice-President - → Senate President - → House Speaker,President -→ Vice-President -→ Chief Justice -→ Senate President,President -→ Vice-President -→ Chief Justice -→ House Speaker,President -→ Vice-President -→ House Speaker -→ Senate President,,A,Correct answer is marked in red in the source PDF: A.,Both,General Information,constitution,2,No,,,Ready for Upload,Constitution. sub_topic:phil-government
440,Done - Civil Service Exam Reviewer for 2026.pdf,/Users/lyndon/All reviewers/Civil Service Exam/Civil Service Exam Reviewer 2026/CSE EXAMS AND REVIEWER 2026/Done - Civil Service Exam Reviewer for 2026.pdf,14,140,A member of the Supreme Court,"must have been for fifteen years or more, a judge of a lower court.","must have been for ten years, a judge of the Court of Appeals",may not be a member of the Philippine Bar,may be a naturalized citizen,,A,Correct answer is marked in red in the source PDF: A.,Both,General Information,constitution,2,No,,,Ready for Upload,Constitution. sub_topic:phil-government
441,Done - Civil Service Exam Reviewer for 2026.pdf,/Users/lyndon/All reviewers/Civil Service Exam/Civil Service Exam Reviewer 2026/CSE EXAMS AND REVIEWER 2026/Done - Civil Service Exam Reviewer for 2026.pdf,15,140,The Supreme Court is composed of,a Chief Justice and fourteen Associate Justices,two Chief Justices and fourteen Associate Justices,a Chief Justic and twelve Associate Justices,a Chief Justice and an indefinite number of Associate Justices,,A,Correct answer is marked in red in the source PDF: A.,Both,General Information,constitution,2,No,,,Ready for Upload,Constitution. sub_topic:phil-government
442,Done - Civil Service Exam Reviewer for 2026.pdf,/Users/lyndon/All reviewers/Civil Service Exam/Civil Service Exam Reviewer 2026/CSE EXAMS AND REVIEWER 2026/Done - Civil Service Exam Reviewer for 2026.pdf,16,140-141,Which of the following is a Constitutional Commission?,Commission of Human Rights,Philippine Commission on Good Government,Civil Service Commission,Commission on Natural Resources,,C,Correct answer is marked in red in the source PDF: C.,Both,General Information,constitution,2,No,,,Ready for Upload,Constitution. sub_topic:phil-government
443,Done - Civil Service Exam Reviewer for 2026.pdf,/Users/lyndon/All reviewers/Civil Service Exam/Civil Service Exam Reviewer 2026/CSE EXAMS AND REVIEWER 2026/Done - Civil Service Exam Reviewer for 2026.pdf,17,141,What branch of government has the sole right to initiate all cases of impeachment?,Senate,Commission of Election,House of Representative,Judiciary,,C,Correct answer is marked in red in the source PDF: C.,Both,General Information,constitution,2,No,,,Ready for Upload,Constitution. sub_topic:phil-government
444,Done - Civil Service Exam Reviewer for 2026.pdf,/Users/lyndon/All reviewers/Civil Service Exam/Civil Service Exam Reviewer 2026/CSE EXAMS AND REVIEWER 2026/Done - Civil Service Exam Reviewer for 2026.pdf,18,141,Which of the following is not removable from office by impeachment?,Member of the Supreme Court,Member of the Constitutional Commissions,The Ombudsman,Senators,,D,Correct answer is marked in red in the source PDF: D.,Both,General Information,constitution,2,No,,,Ready for Upload,Constitution. sub_topic:phil-government
445,Done - Civil Service Exam Reviewer for 2026.pdf,/Users/lyndon/All reviewers/Civil Service Exam/Civil Service Exam Reviewer 2026/CSE EXAMS AND REVIEWER 2026/Done - Civil Service Exam Reviewer for 2026.pdf,19,141,The national language of the Philippines is,Pilipino,English and Filipino,Tagalog,Filipino,,,,Both,General Information,constitution,2,No,,,Needs Answer,Constitution. Could not uniquely map red answer text: Filipino sub_topic:phil-government
446,Done - Civil Service Exam Reviewer for 2026.pdf,/Users/lyndon/All reviewers/Civil Service Exam/Civil Service Exam Reviewer 2026/CSE EXAMS AND REVIEWER 2026/Done - Civil Service Exam Reviewer for 2026.pdf,20,141,"Who may propose any amendment to, or revision of the Constitution?",Congress or a Constitutional Convention,Congress and a Constitutional Convention,Judiciary and Congress,Judiciary and Constitutional Convention,,A,Correct answer is marked in red in the source PDF: A.,Both,General Information,constitution,2,No,,,Ready for Upload,Constitution. sub_topic:phil-government
447,Done - Civil Service Exam Reviewer for 2026.pdf,/Users/lyndon/All reviewers/Civil Service Exam/Civil Service Exam Reviewer 2026/CSE EXAMS AND REVIEWER 2026/Done - Civil Service Exam Reviewer for 2026.pdf,21,141,What tax is paid by individuals who derive compensation income?,Value added tax,Excise tax,Income tax,Real estate tax,,C,Correct answer is marked in red in the source PDF: C.,Both,General Information,constitution,2,No,,,Ready for Upload,Constitution. sub_topic:phil-government
448,Done - Civil Service Exam Reviewer for 2026.pdf,/Users/lyndon/All reviewers/Civil Service Exam/Civil Service Exam Reviewer 2026/CSE EXAMS AND REVIEWER 2026/Done - Civil Service Exam Reviewer for 2026.pdf,22,141-142,When is the deadline for filing income tax returns for every taxable year?,April 15,April 30,March 15,March 30,,A,Correct answer is marked in red in the source PDF: A.,Both,General Information,constitution,2,No,,,Ready for Upload,Constitution. sub_topic:phil-government
449,Done - Civil Service Exam Reviewer for 2026.pdf,/Users/lyndon/All reviewers/Civil Service Exam/Civil Service Exam Reviewer 2026/CSE EXAMS AND REVIEWER 2026/Done - Civil Service Exam Reviewer for 2026.pdf,23,142,Which of the following statements is true about taxes?,It is a voluntary payment,It is payable both in cash and in kind,It is an enforced contribution,It is based on one’s desire to pay.,,C,Correct answer is marked in red in the source PDF: C.,Both,General Information,constitution,2,No,,,Ready for Upload,Constitution. sub_topic:phil-government
450,Done - Civil Service Exam Reviewer for 2026.pdf,/Users/lyndon/All reviewers/Civil Service Exam/Civil Service Exam Reviewer 2026/CSE EXAMS AND REVIEWER 2026/Done - Civil Service Exam Reviewer for 2026.pdf,24,142,"What tax is imposed on one’s right to transmit property at death, and is measured by the value of the property?",Excise tax,Withholding tax,Donor’s tax,Estate tax,,D,Correct answer is marked in red in the source PDF: D.,Both,General Information,constitution,2,No,,,Ready for Upload,Constitution. sub_topic:phil-government
451,Done - Civil Service Exam Reviewer for 2026.pdf,/Users/lyndon/All reviewers/Civil Service Exam/Civil Service Exam Reviewer 2026/CSE EXAMS AND REVIEWER 2026/Done - Civil Service Exam Reviewer for 2026.pdf,25,142,Which of the following is classified as being a “Head of the Family” for income tax purposes?,a married individual with dependents,an unmarried individual with dependents,a married individual without dependents,an unmarried individual without dependents,,B,Correct answer is marked in red in the source PDF: B.,Both,General Information,constitution,2,No,,,Ready for Upload,Constitution. sub_topic:phil-government
452,Done - Civil Service Exam Reviewer for 2026.pdf,/Users/lyndon/All reviewers/Civil Service Exam/Civil Service Exam Reviewer 2026/CSE EXAMS AND REVIEWER 2026/Done - Civil Service Exam Reviewer for 2026.pdf,26,142,"What Act implements the mandate for the “State to make essential goods, health and other social services available to all the people at affordable cost?”",Land Reform Program,Generics Act,Resettlement Act,Freedom Act,,B,Correct answer is marked in red in the source PDF: B.,Both,General Information,constitution,2,No,,,Ready for Upload,Constitution. sub_topic:phil-government
453,Done - Civil Service Exam Reviewer for 2026.pdf,/Users/lyndon/All reviewers/Civil Service Exam/Civil Service Exam Reviewer 2026/CSE EXAMS AND REVIEWER 2026/Done - Civil Service Exam Reviewer for 2026.pdf,27,142-143,Which of the following is true about elective local officials?,The term of office is three years,Barangay officials’ term of office is indefinite,An official may be reelected indefinitely,An official may not serve for less than three terms,,A,Correct answer is marked in red in the source PDF: A.,Both,General Information,constitution,2,No,,,Ready for Upload,Constitution. sub_topic:phil-government
454,Done - Civil Service Exam Reviewer for 2026.pdf,/Users/lyndon/All reviewers/Civil Service Exam/Civil Service Exam Reviewer 2026/CSE EXAMS AND REVIEWER 2026/Done - Civil Service Exam Reviewer for 2026.pdf,28,143,What may be classified as alienable lands of the public domain?,forest,mineral lands,national park,agricultural lands,,D,Correct answer is marked in red in the source PDF: D.,Both,General Information,constitution,2,No,,,Ready for Upload,Constitution. sub_topic:phil-government
455,Done - Civil Service Exam Reviewer for 2026.pdf,/Users/lyndon/All reviewers/Civil Service Exam/Civil Service Exam Reviewer 2026/CSE EXAMS AND REVIEWER 2026/Done - Civil Service Exam Reviewer for 2026.pdf,29,143,What is the maximum equity for aliens in a corporation or association in the exploration development and utilization of natural resources?,60%,40%,50%,30%,,B,Correct answer is marked in red in the source PDF: B.,Both,General Information,constitution,2,No,,,Ready for Upload,Constitution. sub_topic:phil-government
456,Done - Civil Service Exam Reviewer for 2026.pdf,/Users/lyndon/All reviewers/Civil Service Exam/Civil Service Exam Reviewer 2026/CSE EXAMS AND REVIEWER 2026/Done - Civil Service Exam Reviewer for 2026.pdf,30,143,What is recognized by the State as the foundation of the nation?,barangay,community,family,municipality,,C,Correct answer is marked in red in the source PDF: C.,Both,General Information,constitution,2,No,,,Ready for Upload,Constitution. sub_topic:phil-government
457,Done - Civil Service Exam Reviewer for 2026.pdf,/Users/lyndon/All reviewers/Civil Service Exam/Civil Service Exam Reviewer 2026/CSE EXAMS AND REVIEWER 2026/Done - Civil Service Exam Reviewer for 2026.pdf,1,144,3 6 9 12 15,2,18,22,20,,B,Correct answer is marked in red in the source PDF: B.,Both,Analytical Ability,number-series,2,No,,,Ready for Upload,Inductive Reasoning. sub_topic:number-series-sub
458,Done - Civil Service Exam Reviewer for 2026.pdf,/Users/lyndon/All reviewers/Civil Service Exam/Civil Service Exam Reviewer 2026/CSE EXAMS AND REVIEWER 2026/Done - Civil Service Exam Reviewer for 2026.pdf,2,144,C E G I K,L,M,N,O,,B,Correct answer is marked in red in the source PDF: B.,Both,Analytical Ability,number-series,2,No,,,Ready for Upload,Inductive Reasoning. sub_topic:number-series-sub
459,Done - Civil Service Exam Reviewer for 2026.pdf,/Users/lyndon/All reviewers/Civil Service Exam/Civil Service Exam Reviewer 2026/CSE EXAMS AND REVIEWER 2026/Done - Civil Service Exam Reviewer for 2026.pdf,3,144,I K M O Q,R,T,S,P,,C,Correct answer is marked in red in the source PDF: C.,Both,Analytical Ability,number-series,2,No,,,Ready for Upload,Inductive Reasoning. sub_topic:number-series-sub
460,Done - Civil Service Exam Reviewer for 2026.pdf,/Users/lyndon/All reviewers/Civil Service Exam/Civil Service Exam Reviewer 2026/CSE EXAMS AND REVIEWER 2026/Done - Civil Service Exam Reviewer for 2026.pdf,4,144,B D F H J,L,M,N,P,,A,Correct answer is marked in red in the source PDF: A.,Both,Analytical Ability,number-series,2,No,,,Ready for Upload,Inductive Reasoning. sub_topic:number-series-sub
461,Done - Civil Service Exam Reviewer for 2026.pdf,/Users/lyndon/All reviewers/Civil Service Exam/Civil Service Exam Reviewer 2026/CSE EXAMS AND REVIEWER 2026/Done - Civil Service Exam Reviewer for 2026.pdf,5,144,10 17 26 37,48,49,50,51,,C,Correct answer is marked in red in the source PDF: C.,Both,Analytical Ability,number-series,2,No,,,Ready for Upload,Inductive Reasoning. sub_topic:number-series-sub
462,Done - Civil Service Exam Reviewer for 2026.pdf,/Users/lyndon/All reviewers/Civil Service Exam/Civil Service Exam Reviewer 2026/CSE EXAMS AND REVIEWER 2026/Done - Civil Service Exam Reviewer for 2026.pdf,6,145,37 50 65 82,98,99,100,101,,D,Correct answer is marked in red in the source PDF: D.,Both,Analytical Ability,number-series,2,No,,,Ready for Upload,Inductive Reasoning. sub_topic:number-series-sub
463,Done - Civil Service Exam Reviewer for 2026.pdf,/Users/lyndon/All reviewers/Civil Service Exam/Civil Service Exam Reviewer 2026/CSE EXAMS AND REVIEWER 2026/Done - Civil Service Exam Reviewer for 2026.pdf,7,145,3 9 5 25 8 64 12 144,15,17,20,16,,B,Correct answer is marked in red in the source PDF: B.,Both,Analytical Ability,number-series,2,No,,,Ready for Upload,Inductive Reasoning. sub_topic:number-series-sub
464,Done - Civil Service Exam Reviewer for 2026.pdf,/Users/lyndon/All reviewers/Civil Service Exam/Civil Service Exam Reviewer 2026/CSE EXAMS AND REVIEWER 2026/Done - Civil Service Exam Reviewer for 2026.pdf,8,145,AB EF IJ MN,OP,PQ,QR,RS,,C,Correct answer is marked in red in the source PDF: C.,Both,Analytical Ability,number-series,2,No,,,Ready for Upload,Inductive Reasoning. sub_topic:number-series-sub
465,Done - Civil Service Exam Reviewer for 2026.pdf,/Users/lyndon/All reviewers/Civil Service Exam/Civil Service Exam Reviewer 2026/CSE EXAMS AND REVIEWER 2026/Done - Civil Service Exam Reviewer for 2026.pdf,9,145,ZY WV TS QP,NM,ML,LK,KJ,,A,Correct answer is marked in red in the source PDF: A.,Both,Analytical Ability,number-series,2,No,,,Ready for Upload,Inductive Reasoning. sub_topic:number-series-sub
466,Done - Civil Service Exam Reviewer for 2026.pdf,/Users/lyndon/All reviewers/Civil Service Exam/Civil Service Exam Reviewer 2026/CSE EXAMS AND REVIEWER 2026/Done - Civil Service Exam Reviewer for 2026.pdf,10,145,DC HG LK PO,OP,RQ,SR,TS,,D,Correct answer is marked in red in the source PDF: D.,Both,Analytical Ability,number-series,2,No,,,Ready for Upload,Inductive Reasoning. sub_topic:number-series-sub
467,Done - Civil Service Exam Reviewer for 2026.pdf,/Users/lyndon/All reviewers/Civil Service Exam/Civil Service Exam Reviewer 2026/CSE EXAMS AND REVIEWER 2026/Done - Civil Service Exam Reviewer for 2026.pdf,11,145-146,1 2 5 6 11 12 19 20,25,27,29,31,,C,Correct answer is marked in red in the source PDF: C.,Both,Analytical Ability,number-series,2,No,,,Ready for Upload,Inductive Reasoning. sub_topic:number-series-sub
468,Done - Civil Service Exam Reviewer for 2026.pdf,/Users/lyndon/All reviewers/Civil Service Exam/Civil Service Exam Reviewer 2026/CSE EXAMS AND REVIEWER 2026/Done - Civil Service Exam Reviewer for 2026.pdf,12,146,4 9 5 11 6 13 7 15,19,9,8,17,,C,Correct answer is marked in red in the source PDF: C.,Both,Analytical Ability,number-series,2,No,,,Ready for Upload,Inductive Reasoning. sub_topic:number-series-sub
469,Done - Civil Service Exam Reviewer for 2026.pdf,/Users/lyndon/All reviewers/Civil Service Exam/Civil Service Exam Reviewer 2026/CSE EXAMS AND REVIEWER 2026/Done - Civil Service Exam Reviewer for 2026.pdf,13,146,6 12 36 72 216,250,300,400,432,,D,Correct answer is marked in red in the source PDF: D.,Both,Analytical Ability,number-series,2,No,,,Ready for Upload,Inductive Reasoning. sub_topic:number-series-sub
470,Done - Civil Service Exam Reviewer for 2026.pdf,/Users/lyndon/All reviewers/Civil Service Exam/Civil Service Exam Reviewer 2026/CSE EXAMS AND REVIEWER 2026/Done - Civil Service Exam Reviewer for 2026.pdf,14,146,A C C F F F,J,G,K,V,,A,Correct answer is marked in red in the source PDF: A.,Both,Analytical Ability,number-series,2,No,,,Ready for Upload,Inductive Reasoning. sub_topic:number-series-sub
471,Done - Civil Service Exam Reviewer for 2026.pdf,/Users/lyndon/All reviewers/Civil Service Exam/Civil Service Exam Reviewer 2026/CSE EXAMS AND REVIEWER 2026/Done - Civil Service Exam Reviewer for 2026.pdf,15,146,1 2 6 12 36,50,52,70,72,,D,Correct answer is marked in red in the source PDF: D.,Both,Analytical Ability,number-series,2,No,,,Ready for Upload,Inductive Reasoning. sub_topic:number-series-sub
472,Done - Civil Service Exam Reviewer for 2026.pdf,/Users/lyndon/All reviewers/Civil Service Exam/Civil Service Exam Reviewer 2026/CSE EXAMS AND REVIEWER 2026/Done - Civil Service Exam Reviewer for 2026.pdf,16,146,H H L L P P T T,V,X,Y,Z,,B,Correct answer is marked in red in the source PDF: B.,Both,Analytical Ability,number-series,2,No,,,Ready for Upload,Inductive Reasoning. sub_topic:number-series-sub
473,Done - Civil Service Exam Reviewer for 2026.pdf,/Users/lyndon/All reviewers/Civil Service Exam/Civil Service Exam Reviewer 2026/CSE EXAMS AND REVIEWER 2026/Done - Civil Service Exam Reviewer for 2026.pdf,17,146-147,E F H G I J,LK,JL,KM,MN,,A,Correct answer is marked in red in the source PDF: A.,Both,Analytical Ability,number-series,2,No,,,Ready for Upload,Inductive Reasoning. sub_topic:number-series-sub
474,Done - Civil Service Exam Reviewer for 2026.pdf,/Users/lyndon/All reviewers/Civil Service Exam/Civil Service Exam Reviewer 2026/CSE EXAMS AND REVIEWER 2026/Done - Civil Service Exam Reviewer for 2026.pdf,18,147,6 12 7 11 8 10,13,7,10,9,,D,Correct answer is marked in red in the source PDF: D.,Both,Analytical Ability,number-series,2,No,,,Ready for Upload,Inductive Reasoning. sub_topic:number-series-sub
475,Done - Civil Service Exam Reviewer for 2026.pdf,/Users/lyndon/All reviewers/Civil Service Exam/Civil Service Exam Reviewer 2026/CSE EXAMS AND REVIEWER 2026/Done - Civil Service Exam Reviewer for 2026.pdf,19,147,A C F J O,T,U,S,R,,B,Correct answer is marked in red in the source PDF: B.,Both,Analytical Ability,number-series,2,No,,,Ready for Upload,Inductive Reasoning. sub_topic:number-series-sub
476,Done - Civil Service Exam Reviewer for 2026.pdf,/Users/lyndon/All reviewers/Civil Service Exam/Civil Service Exam Reviewer 2026/CSE EXAMS AND REVIEWER 2026/Done - Civil Service Exam Reviewer for 2026.pdf,20,147,B DE GHI,MNDP,LMNO,JKLM,KLMN,,D,Correct answer is marked in red in the source PDF: D.,Both,Analytical Ability,number-series,2,No,,,Ready for Upload,Inductive Reasoning. sub_topic:number-series-sub
477,Done - Civil Service Exam Reviewer for 2026.pdf,/Users/lyndon/All reviewers/Civil Service Exam/Civil Service Exam Reviewer 2026/CSE EXAMS AND REVIEWER 2026/Done - Civil Service Exam Reviewer for 2026.pdf,21,147,A B C D E F,J,I,H,G,,D,Correct answer is marked in red in the source PDF: D.,Both,Analytical Ability,number-series,2,No,,,Ready for Upload,Inductive Reasoning. sub_topic:number-series-sub
478,Done - Civil Service Exam Reviewer for 2026.pdf,/Users/lyndon/All reviewers/Civil Service Exam/Civil Service Exam Reviewer 2026/CSE EXAMS AND REVIEWER 2026/Done - Civil Service Exam Reviewer for 2026.pdf,22,147-148,N O P Q R S,W,V,U,T,,D,Correct answer is marked in red in the source PDF: D.,Both,Analytical Ability,number-series,2,No,,,Ready for Upload,Inductive Reasoning. sub_topic:number-series-sub
479,Done - Civil Service Exam Reviewer for 2026.pdf,/Users/lyndon/All reviewers/Civil Service Exam/Civil Service Exam Reviewer 2026/CSE EXAMS AND REVIEWER 2026/Done - Civil Service Exam Reviewer for 2026.pdf,23,148,3 8 48 55 440,448,449,450,451,,B,Correct answer is marked in red in the source PDF: B.,Both,Analytical Ability,number-series,2,No,,,Ready for Upload,Inductive Reasoning. sub_topic:number-series-sub
480,Done - Civil Service Exam Reviewer for 2026.pdf,/Users/lyndon/All reviewers/Civil Service Exam/Civil Service Exam Reviewer 2026/CSE EXAMS AND REVIEWER 2026/Done - Civil Service Exam Reviewer for 2026.pdf,24,148,16 12 17 11 18,7,9,10,12,,C,Correct answer is marked in red in the source PDF: C.,Both,Analytical Ability,number-series,2,No,,,Ready for Upload,Inductive Reasoning. sub_topic:number-series-sub
481,Done - Civil Service Exam Reviewer for 2026.pdf,/Users/lyndon/All reviewers/Civil Service Exam/Civil Service Exam Reviewer 2026/CSE EXAMS AND REVIEWER 2026/Done - Civil Service Exam Reviewer for 2026.pdf,25,148,29 58 29 145 29,231,232,233,234,,B,Correct answer is marked in red in the source PDF: B.,Both,Analytical Ability,number-series,2,No,,,Ready for Upload,Inductive Reasoning. sub_topic:number-series-sub
482,Done - Civil Service Exam Reviewer for 2026.pdf,/Users/lyndon/All reviewers/Civil Service Exam/Civil Service Exam Reviewer 2026/CSE EXAMS AND REVIEWER 2026/Done - Civil Service Exam Reviewer for 2026.pdf,26,148,MZ KX IV GT,ER,FS,DQ,CP,,A,Correct answer is marked in red in the source PDF: A.,Both,Analytical Ability,number-series,2,No,,,Ready for Upload,Inductive Reasoning. sub_topic:number-series-sub
483,Done - Civil Service Exam Reviewer for 2026.pdf,/Users/lyndon/All reviewers/Civil Service Exam/Civil Service Exam Reviewer 2026/CSE EXAMS AND REVIEWER 2026/Done - Civil Service Exam Reviewer for 2026.pdf,27,148,LO KP JQ IR HS,GT,FU,EV,DW,,A,Correct answer is marked in red in the source PDF: A.,Both,Analytical Ability,number-series,2,No,,,Ready for Upload,Inductive Reasoning. sub_topic:number-series-sub
484,Done - Civil Service Exam Reviewer for 2026.pdf,/Users/lyndon/All reviewers/Civil Service Exam/Civil Service Exam Reviewer 2026/CSE EXAMS AND REVIEWER 2026/Done - Civil Service Exam Reviewer for 2026.pdf,28,148-149,G F I H K,J,M,L,O,,A,Correct answer is marked in red in the source PDF: A.,Both,Analytical Ability,number-series,2,No,,,Ready for Upload,Inductive Reasoning. sub_topic:number-series-sub
485,Done - Civil Service Exam Reviewer for 2026.pdf,/Users/lyndon/All reviewers/Civil Service Exam/Civil Service Exam Reviewer 2026/CSE EXAMS AND REVIEWER 2026/Done - Civil Service Exam Reviewer for 2026.pdf,29,149,AZ BY CX DW EV,GT,FU,HS,IR,,B,Correct answer is marked in red in the source PDF: B.,Both,Analytical Ability,number-series,2,No,,,Ready for Upload,Inductive Reasoning. sub_topic:number-series-sub
486,Done - Civil Service Exam Reviewer for 2026.pdf,/Users/lyndon/All reviewers/Civil Service Exam/Civil Service Exam Reviewer 2026/CSE EXAMS AND REVIEWER 2026/Done - Civil Service Exam Reviewer for 2026.pdf,30,149,396 384 370 354 336,318,314,316,314,,C,Correct answer is marked in red in the source PDF: C.,Both,Analytical Ability,number-series,2,No,,,Needs Review,Inductive Reasoning. Duplicate answer-choice text detected. sub_topic:number-series-sub
487,Done - Civil Service Exam Reviewer for 2026.pdf,/Users/lyndon/All reviewers/Civil Service Exam/Civil Service Exam Reviewer 2026/CSE EXAMS AND REVIEWER 2026/Done - Civil Service Exam Reviewer for 2026.pdf,31,149,15 17 18 21 22,23,25,24,26,,D,Correct answer is marked in red in the source PDF: D.,Both,Analytical Ability,number-series,2,No,,,Ready for Upload,Inductive Reasoning. sub_topic:number-series-sub
488,Done - Civil Service Exam Reviewer for 2026.pdf,/Users/lyndon/All reviewers/Civil Service Exam/Civil Service Exam Reviewer 2026/CSE EXAMS AND REVIEWER 2026/Done - Civil Service Exam Reviewer for 2026.pdf,32,149,7 21 14 42 42,84,96,124,126,,D,Correct answer is marked in red in the source PDF: D.,Both,Analytical Ability,number-series,2,No,,,Ready for Upload,Inductive Reasoning. sub_topic:number-series-sub
489,Done - Civil Service Exam Reviewer for 2026.pdf,/Users/lyndon/All reviewers/Civil Service Exam/Civil Service Exam Reviewer 2026/CSE EXAMS AND REVIEWER 2026/Done - Civil Service Exam Reviewer for 2026.pdf,33,149,314 321 322 330 332,340,341,342,343,,B,Correct answer is marked in red in the source PDF: B.,Both,Analytical Ability,number-series,2,No,,,Ready for Upload,Inductive Reasoning. sub_topic:number-series-sub
490,Done - Civil Service Exam Reviewer for 2026.pdf,/Users/lyndon/All reviewers/Civil Service Exam/Civil Service Exam Reviewer 2026/CSE EXAMS AND REVIEWER 2026/Done - Civil Service Exam Reviewer for 2026.pdf,34,150,F21 H19 K16 O12 T7,A26,Z1,X3,B25,,B,Correct answer is marked in red in the source PDF: B.,Both,Analytical Ability,number-series,2,No,,,Ready for Upload,Inductive Reasoning. sub_topic:number-series-sub
491,Done - Civil Service Exam Reviewer for 2026.pdf,/Users/lyndon/All reviewers/Civil Service Exam/Civil Service Exam Reviewer 2026/CSE EXAMS AND REVIEWER 2026/Done - Civil Service Exam Reviewer for 2026.pdf,35,150,I18 K16 M14 O12,P10,Q11,Q10,P11,,C,Correct answer is marked in red in the source PDF: C.,Both,Analytical Ability,number-series,2,No,,,Ready for Upload,Inductive Reasoning. sub_topic:number-series-sub
492,Done - Civil Service Exam Reviewer for 2026.pdf,/Users/lyndon/All reviewers/Civil Service Exam/Civil Service Exam Reviewer 2026/CSE EXAMS AND REVIEWER 2026/Done - Civil Service Exam Reviewer for 2026.pdf,36,150,BO DQ FS HU JW,KX,IV,LY,MZ,,C,Correct answer is marked in red in the source PDF: C.,Both,Analytical Ability,number-series,2,No,,,Ready for Upload,Inductive Reasoning. sub_topic:number-series-sub
493,Done - Civil Service Exam Reviewer for 2026.pdf,/Users/lyndon/All reviewers/Civil Service Exam/Civil Service Exam Reviewer 2026/CSE EXAMS AND REVIEWER 2026/Done - Civil Service Exam Reviewer for 2026.pdf,37,150,BC PQ EF HU JW,UJ,KL,VW,HI,,D,Correct answer is marked in red in the source PDF: D.,Both,Analytical Ability,number-series,2,No,,,Ready for Upload,Inductive Reasoning. sub_topic:number-series-sub
494,Done - Civil Service Exam Reviewer for 2026.pdf,/Users/lyndon/All reviewers/Civil Service Exam/Civil Service Exam Reviewer 2026/CSE EXAMS AND REVIEWER 2026/Done - Civil Service Exam Reviewer for 2026.pdf,38,150,E4 G6 I8 K10 M12,O14,Q16,N14,L16,,A,Correct answer is marked in red in the source PDF: A.,Both,Analytical Ability,number-series,2,No,,,Ready for Upload,Inductive Reasoning. sub_topic:number-series-sub
495,Done - Civil Service Exam Reviewer for 2026.pdf,/Users/lyndon/All reviewers/Civil Service Exam/Civil Service Exam Reviewer 2026/CSE EXAMS AND REVIEWER 2026/Done - Civil Service Exam Reviewer for 2026.pdf,39,150-151,DQ4 GT7 CP3 HU8 BO2,IV9,KX11,JW10,MZ13,,A,Correct answer is marked in red in the source PDF: A.,Both,Analytical Ability,number-series,2,No,,,Ready for Upload,Inductive Reasoning. sub_topic:number-series-sub
496,Done - Civil Service Exam Reviewer for 2026.pdf,/Users/lyndon/All reviewers/Civil Service Exam/Civil Service Exam Reviewer 2026/CSE EXAMS AND REVIEWER 2026/Done - Civil Service Exam Reviewer for 2026.pdf,40,151,AN1 CP3 ER5 GT7 IV9 KX11,LY12,MZ13,JW10,HU8,,B,Correct answer is marked in red in the source PDF: B.,Both,Analytical Ability,number-series,2,No,,,Ready for Upload,Inductive Reasoning. sub_topic:number-series-sub
497,Done - Civil Service Exam Reviewer for 2026.pdf,/Users/lyndon/All reviewers/Civil Service Exam/Civil Service Exam Reviewer 2026/CSE EXAMS AND REVIEWER 2026/Done - Civil Service Exam Reviewer for 2026.pdf,41,151,A1 C3 E5,F6,G7,J11,K19,,B,Correct answer is marked in red in the source PDF: B.,Both,Analytical Ability,number-series,2,No,,,Ready for Upload,Inductive Reasoning. sub_topic:number-series-sub
498,Done - Civil Service Exam Reviewer for 2026.pdf,/Users/lyndon/All reviewers/Civil Service Exam/Civil Service Exam Reviewer 2026/CSE EXAMS AND REVIEWER 2026/Done - Civil Service Exam Reviewer for 2026.pdf,42,151,A26 C24 EF21,P12,H14,J17,L19,,C,Correct answer is marked in red in the source PDF: C.,Both,Analytical Ability,number-series,2,No,,,Ready for Upload,Inductive Reasoning. sub_topic:number-series-sub
499,Done - Civil Service Exam Reviewer for 2026.pdf,/Users/lyndon/All reviewers/Civil Service Exam/Civil Service Exam Reviewer 2026/CSE EXAMS AND REVIEWER 2026/Done - Civil Service Exam Reviewer for 2026.pdf,43,151,J10 L12 N14,O15,P16,G14,U34,,B,Correct answer is marked in red in the source PDF: B.,Both,Analytical Ability,number-series,2,No,,,Ready for Upload,Inductive Reasoning. sub_topic:number-series-sub
500,Done - Civil Service Exam Reviewer for 2026.pdf,/Users/lyndon/All reviewers/Civil Service Exam/Civil Service Exam Reviewer 2026/CSE EXAMS AND REVIEWER 2026/Done - Civil Service Exam Reviewer for 2026.pdf,44,151,8R 6T 4V,17j,15e,24w,2x,,D,Correct answer is marked in red in the source PDF: D.,Both,Analytical Ability,number-series,2,No,,,Ready for Upload,Inductive Reasoning. sub_topic:number-series-sub
501,Done - Civil Service Exam Reviewer for 2026.pdf,/Users/lyndon/All reviewers/Civil Service Exam/Civil Service Exam Reviewer 2026/CSE EXAMS AND REVIEWER 2026/Done - Civil Service Exam Reviewer for 2026.pdf,45,151-152,J1017 L1215 N1413,R125,P1611,T416,Q678,,B,Correct answer is marked in red in the source PDF: B.,Both,Analytical Ability,number-series,2,No,,,Ready for Upload,Inductive Reasoning. sub_topic:number-series-sub
502,Done - Civil Service Exam Reviewer for 2026.pdf,/Users/lyndon/All reviewers/Civil Service Exam/Civil Service Exam Reviewer 2026/CSE EXAMS AND REVIEWER 2026/Done - Civil Service Exam Reviewer for 2026.pdf,46,152,AC FH KM,AB,EF,PR,VW,,C,Correct answer is marked in red in the source PDF: C.,Both,Analytical Ability,number-series,2,No,,,Ready for Upload,Inductive Reasoning. sub_topic:number-series-sub
503,Done - Civil Service Exam Reviewer for 2026.pdf,/Users/lyndon/All reviewers/Civil Service Exam/Civil Service Exam Reviewer 2026/CSE EXAMS AND REVIEWER 2026/Done - Civil Service Exam Reviewer for 2026.pdf,47,152,1516 1819 2122,1716,1115,2324,2425,,D,Correct answer is marked in red in the source PDF: D.,Both,Analytical Ability,number-series,2,No,,,Ready for Upload,Inductive Reasoning. sub_topic:number-series-sub
504,Done - Civil Service Exam Reviewer for 2026.pdf,/Users/lyndon/All reviewers/Civil Service Exam/Civil Service Exam Reviewer 2026/CSE EXAMS AND REVIEWER 2026/Done - Civil Service Exam Reviewer for 2026.pdf,48,152,1121 2242 3483,4964,6766,4844,4994,,A,Correct answer is marked in red in the source PDF: A.,Both,Analytical Ability,number-series,2,No,,,Ready for Upload,Inductive Reasoning. sub_topic:number-series-sub
505,Done - Civil Service Exam Reviewer for 2026.pdf,/Users/lyndon/All reviewers/Civil Service Exam/Civil Service Exam Reviewer 2026/CSE EXAMS AND REVIEWER 2026/Done - Civil Service Exam Reviewer for 2026.pdf,49,152,aa33bb cc77dd ee1111ff,gg1516hh,gg1515hh,gg1717hh,gg1816hh,,B,Correct answer is marked in red in the source PDF: B.,Both,Analytical Ability,number-series,2,No,,,Ready for Upload,Inductive Reasoning. sub_topic:number-series-sub
506,Done - Civil Service Exam Reviewer for 2026.pdf,/Users/lyndon/All reviewers/Civil Service Exam/Civil Service Exam Reviewer 2026/CSE EXAMS AND REVIEWER 2026/Done - Civil Service Exam Reviewer for 2026.pdf,50,152-153,b9b9 c7c7 d5d5,e3e2,e4e4,e2e2,e3e3,,A,Correct answer is marked in red in the source PDF: A.,Both,Analytical Ability,number-series,2,No,,,Ready for Upload,Inductive Reasoning. sub_topic:number-series-sub
