No.,Original No.,Page,Source PDF,Source Path,Question,Passage Reference,Question Image Reference,Choice A,Choice A Image Reference,Choice B,Choice B Image Reference,Choice C,Choice C Image Reference,Choice D,Choice D Image Reference,Choice E,Choice E Image Reference,Correct Answer,Explanation,LET Exam Type,Subject Area,Topic,Difficulty,Has Image,Duplicate Of,Confidence,Status,Notes
1,1,2,2. VALUES EDUCATION LET.pdf,/Users/lyndon/All reviewers/-LET REVIEWER 2026/C. MAJOR SUBJECTS/H. VALUES EDUCATION/2. VALUES EDUCATION LET.pdf,The Filipinos have constituted themselves into a nation – state to pursue the goal of social progress and total human liberation and development of their:,,,Intellectual dimension,,Political dimension,,Moral dimension,,Social dimension,,,,C,Correct answer sourced from the PDF answer key: C.,LET Secondary,Values Education,Values Education,3,No,,0.96,Ready for Upload,LET Secondary Values Education Q&A. Correct answer sourced from PDF answer key.
2,2,2,2. VALUES EDUCATION LET.pdf,/Users/lyndon/All reviewers/-LET REVIEWER 2026/C. MAJOR SUBJECTS/H. VALUES EDUCATION/2. VALUES EDUCATION LET.pdf,"The process of working out a sense of morality through the active structuring of one’s own social experiences, the outcome of which is a preference that is considered desirable or acceptable by a referent group:",,,Values analysis,,Values modification 3/19,,Moral development,,Values clarification,,,,C,Correct answer sourced from the PDF answer key: C.,LET Secondary,Values Education,Values Education,3,No,,0.96,Ready for Upload,LET Secondary Values Education Q&A. Correct answer sourced from PDF answer key.
3,3,3,2. VALUES EDUCATION LET.pdf,/Users/lyndon/All reviewers/-LET REVIEWER 2026/C. MAJOR SUBJECTS/H. VALUES EDUCATION/2. VALUES EDUCATION LET.pdf,"Children in this level or moral development conceive the “right” or the “moral” as the literal or strict obedience to rules, that they should submit to these rules as an obligation to power and authority to avoid punishment by elders:",,,The pre-conventional stage,,The heteronymous stage,,The pre-moral stage,,The autonomous stage,,,,D,Correct answer sourced from the PDF answer key: D.,LET Secondary,Values Education,Values Education,3,No,,0.96,Ready for Upload,LET Secondary Values Education Q&A. Correct answer sourced from PDF answer key.
4,4,3,2. VALUES EDUCATION LET.pdf,/Users/lyndon/All reviewers/-LET REVIEWER 2026/C. MAJOR SUBJECTS/H. VALUES EDUCATION/2. VALUES EDUCATION LET.pdf,"Value-laden ideas as that tells about the learners’ behavior such as his attitude, interest, aspirations, worries and beliefs:",,,Value indicators,,Valuing,,Creative goodwill,,Behavior indicators,,,,B,Correct answer sourced from the PDF answer key: B.,LET Secondary,Values Education,Values Education,3,No,,0.96,Ready for Upload,LET Secondary Values Education Q&A. Correct answer sourced from PDF answer key.
5,5,3,2. VALUES EDUCATION LET.pdf,/Users/lyndon/All reviewers/-LET REVIEWER 2026/C. MAJOR SUBJECTS/H. VALUES EDUCATION/2. VALUES EDUCATION LET.pdf,"In layman’s language, the term VALUE means one of the following:",,,To realize a certain urgent demand for something important,,For one or something is worth or what one prize in life 4/19,,To have power or vigor to do a specific thing,,Basic attitude and core beliefs,,,,B,Correct answer sourced from the PDF answer key: B.,LET Secondary,Values Education,Values Education,3,No,,0.96,Ready for Upload,LET Secondary Values Education Q&A. Correct answer sourced from PDF answer key.
6,6,4,2. VALUES EDUCATION LET.pdf,/Users/lyndon/All reviewers/-LET REVIEWER 2026/C. MAJOR SUBJECTS/H. VALUES EDUCATION/2. VALUES EDUCATION LET.pdf,Empowering the person’s will to do good is exercising in him called:,,,Fullness of truth,,Rationalization,,Love and fairness,,Freedom and responsibility,,,,A,Correct answer sourced from the PDF answer key: A.,LET Secondary,Values Education,Values Education,3,No,,0.96,Ready for Upload,LET Secondary Values Education Q&A. Correct answer sourced from PDF answer key.
7,7,4,2. VALUES EDUCATION LET.pdf,/Users/lyndon/All reviewers/-LET REVIEWER 2026/C. MAJOR SUBJECTS/H. VALUES EDUCATION/2. VALUES EDUCATION LET.pdf,"The deepest source of man’s most authentic actions, the most privileged place in which God speaks to him, and the highest peak of the person’s humanity called:",,,Practical judgment,,Spiritually,,Truth and goodness,,Consciousness or central sense,,,,C,Correct answer sourced from the PDF answer key: C.,LET Secondary,Values Education,Values Education,3,No,,0.96,Ready for Upload,LET Secondary Values Education Q&A. Correct answer sourced from PDF answer key.
8,8,4,2. VALUES EDUCATION LET.pdf,/Users/lyndon/All reviewers/-LET REVIEWER 2026/C. MAJOR SUBJECTS/H. VALUES EDUCATION/2. VALUES EDUCATION LET.pdf,"The valuing process as a teaching strategy focuses on aspects of one’s own life in general, understands without judging, pursues reflection and:",,,Focuses on a major approach,,Includes illustrating the strategy,,End with the limitation of the approach 5/19,,Develops thoughtful self-direction,,,,D,Correct answer sourced from the PDF answer key: D.,LET Secondary,Values Education,Values Education,3,No,,0.96,Ready for Upload,LET Secondary Values Education Q&A. Correct answer sourced from PDF answer key.
9,9,5,2. VALUES EDUCATION LET.pdf,/Users/lyndon/All reviewers/-LET REVIEWER 2026/C. MAJOR SUBJECTS/H. VALUES EDUCATION/2. VALUES EDUCATION LET.pdf,Developing more complex moral reasoning patterns through successive and sequential stages among learners may be best stimulated through the:,,,Moral development approach,,Cognitive development approach,,Developmental approach,,Moral dilemma strategy,,,,D,Correct answer sourced from the PDF answer key: D.,LET Secondary,Values Education,Values Education,3,No,,0.96,Ready for Upload,LET Secondary Values Education Q&A. Correct answer sourced from PDF answer key.
10,10,5,2. VALUES EDUCATION LET.pdf,/Users/lyndon/All reviewers/-LET REVIEWER 2026/C. MAJOR SUBJECTS/H. VALUES EDUCATION/2. VALUES EDUCATION LET.pdf,"The most flexible and effective strategy in encouraging a person to introspect about his thoughts and ideas, consider other alternatives, and arrive at a purposeful stance for himself and in relation to other called:",,,Discussion,,Moral dilemma,,Total person experimental learning,,Clarifying response,,,,B,Correct answer sourced from the PDF answer key: B.,LET Secondary,Values Education,Values Education,3,No,,0.96,Ready for Upload,LET Secondary Values Education Q&A. Correct answer sourced from PDF answer key.
11,11,5,2. VALUES EDUCATION LET.pdf,/Users/lyndon/All reviewers/-LET REVIEWER 2026/C. MAJOR SUBJECTS/H. VALUES EDUCATION/2. VALUES EDUCATION LET.pdf,"The wisdom or God or the divine reason and will, which directs all the actions and movement of thing:",,,Ethical or moral norm,,Universal moral law,,Eternal law 6/19,,Natural law,,,,A,Correct answer sourced from the PDF answer key: A.,LET Secondary,Values Education,Values Education,3,No,,0.96,Ready for Upload,LET Secondary Values Education Q&A. Correct answer sourced from PDF answer key.
12,12,6,2. VALUES EDUCATION LET.pdf,/Users/lyndon/All reviewers/-LET REVIEWER 2026/C. MAJOR SUBJECTS/H. VALUES EDUCATION/2. VALUES EDUCATION LET.pdf,"Values vary in different generation, cultures, and societies and within persons themselves. This means that:",,,Values are dynamic,,Values are transmitted,,Values are learned,,Values are caught from various source,,,,D,Correct answer sourced from the PDF answer key: D.,LET Secondary,Values Education,Values Education,3,No,,0.96,Ready for Upload,LET Secondary Values Education Q&A. Correct answer sourced from PDF answer key.
13,13,6,2. VALUES EDUCATION LET.pdf,/Users/lyndon/All reviewers/-LET REVIEWER 2026/C. MAJOR SUBJECTS/H. VALUES EDUCATION/2. VALUES EDUCATION LET.pdf,"To help the Filipino develop his human potential, contribute to the growth of the Philippine culture and built appropriate structures and institutions is the task of:",,,Education,,Society and nation,,The Philippine Constitution,,Political leaders,,,,B,Correct answer sourced from the PDF answer key: B.,LET Secondary,Values Education,Values Education,3,No,,0.96,Ready for Upload,LET Secondary Values Education Q&A. Correct answer sourced from PDF answer key.
14,14,6,2. VALUES EDUCATION LET.pdf,/Users/lyndon/All reviewers/-LET REVIEWER 2026/C. MAJOR SUBJECTS/H. VALUES EDUCATION/2. VALUES EDUCATION LET.pdf,"In the experiential learning process, which of the following phases encourages students to share their feelings and thoughts with one another?",,,Application phase,,Value processing phase 7/19,,Directive phase,,Introspective phase,,,,B,Correct answer sourced from the PDF answer key: B.,LET Secondary,Values Education,Values Education,3,No,,0.96,Ready for Upload,LET Secondary Values Education Q&A. Correct answer sourced from PDF answer key.
15,15,7,2. VALUES EDUCATION LET.pdf,/Users/lyndon/All reviewers/-LET REVIEWER 2026/C. MAJOR SUBJECTS/H. VALUES EDUCATION/2. VALUES EDUCATION LET.pdf,The teacher becomes a director of value learning and enriches the learning through cognitive and effective inputs:,,,Abstraction,,Activity,,Analysis,,Application,,,,C,Correct answer sourced from the PDF answer key: C.,LET Secondary,Values Education,Values Education,3,No,,0.96,Ready for Upload,LET Secondary Values Education Q&A. Correct answer sourced from PDF answer key.
16,16,7,2. VALUES EDUCATION LET.pdf,/Users/lyndon/All reviewers/-LET REVIEWER 2026/C. MAJOR SUBJECTS/H. VALUES EDUCATION/2. VALUES EDUCATION LET.pdf,One of the reasons mass media play a vital and important role in our society is that called:,,,They have a great role in the formation of Filipino values,,They cater to the uplifted of the common good,,They correct the miseducation of the Filipino’s,,Filipino today are products of media,,,,D,Correct answer sourced from the PDF answer key: D.,LET Secondary,Values Education,Values Education,3,No,,0.96,Ready for Upload,LET Secondary Values Education Q&A. Correct answer sourced from PDF answer key.
17,17,7,2. VALUES EDUCATION LET.pdf,/Users/lyndon/All reviewers/-LET REVIEWER 2026/C. MAJOR SUBJECTS/H. VALUES EDUCATION/2. VALUES EDUCATION LET.pdf,The Filipino’s lack of nationalism and dependence on foreign power is a result of:,,,Of the school fixed curricula,,Some religions are becoming a money making business,,Of the disintegration of families as a basic unit of society 8/19,,Of the domination of media and new communication technologies,,,,B,Correct answer sourced from the PDF answer key: B.,LET Secondary,Values Education,Values Education,3,No,,0.96,Ready for Upload,LET Secondary Values Education Q&A. Correct answer sourced from PDF answer key.
18,18,8,2. VALUES EDUCATION LET.pdf,/Users/lyndon/All reviewers/-LET REVIEWER 2026/C. MAJOR SUBJECTS/H. VALUES EDUCATION/2. VALUES EDUCATION LET.pdf,Which of the following statements is the most effective means of acquiring moral values?,,,By reading literature on moral development,,By following the advices given by the significant others,,By listening to significant others for their moral values,,By examining what she/he caught and by reflecting on what she/he learned,,,,A,Correct answer sourced from the PDF answer key: A.,LET Secondary,Values Education,Values Education,3,No,,0.96,Ready for Upload,LET Secondary Values Education Q&A. Correct answer sourced from PDF answer key.
19,19,8,2. VALUES EDUCATION LET.pdf,/Users/lyndon/All reviewers/-LET REVIEWER 2026/C. MAJOR SUBJECTS/H. VALUES EDUCATION/2. VALUES EDUCATION LET.pdf,What is the basic premise in the development of the human being?,,,The development of human being is limitless,,There in a supreme being more powerful than oneself,,The human being’s potential are means to development,,The human being’s endowed with faculties for optimum development,,,,B,Correct answer sourced from the PDF answer key: B.,LET Secondary,Values Education,Values Education,3,No,,0.96,Ready for Upload,LET Secondary Values Education Q&A. Correct answer sourced from PDF answer key.
20,20,8,2. VALUES EDUCATION LET.pdf,/Users/lyndon/All reviewers/-LET REVIEWER 2026/C. MAJOR SUBJECTS/H. VALUES EDUCATION/2. VALUES EDUCATION LET.pdf,"When we compare test scores of college students with their cumulative grade point at the time of testing, what kind of validity are we establishing?",,,Criterion related,,Predictive,,Concurrent,,Content 9/19,,,,A,Correct answer sourced from the PDF answer key: A.,LET Secondary,Values Education,Values Education,3,No,,0.96,Ready for Upload,LET Secondary Values Education Q&A. Correct answer sourced from PDF answer key.
21,21,9,2. VALUES EDUCATION LET.pdf,/Users/lyndon/All reviewers/-LET REVIEWER 2026/C. MAJOR SUBJECTS/H. VALUES EDUCATION/2. VALUES EDUCATION LET.pdf,"Which strategy/technique can bring awareness of what we think, feel, do and also gives an opportunity to get in touch with oneself?",,,Affirmation,,Disclosure,,Introspection,,Centering,,,,C,Correct answer sourced from the PDF answer key: C.,LET Secondary,Values Education,Values Education,3,No,,0.96,Ready for Upload,LET Secondary Values Education Q&A. Correct answer sourced from PDF answer key.
22,22,9,2. VALUES EDUCATION LET.pdf,/Users/lyndon/All reviewers/-LET REVIEWER 2026/C. MAJOR SUBJECTS/H. VALUES EDUCATION/2. VALUES EDUCATION LET.pdf,It is designed to solved the social ills of society through personal transformation and also renewal and no strengthen the moral fiber of the Filipino people:,,,Sustainable development,,Moral recovery program,,People empowerment,,Economic development foundation,,,,D,Correct answer sourced from the PDF answer key: D.,LET Secondary,Values Education,Values Education,3,No,,0.96,Ready for Upload,LET Secondary Values Education Q&A. Correct answer sourced from PDF answer key.
23,23,9,2. VALUES EDUCATION LET.pdf,/Users/lyndon/All reviewers/-LET REVIEWER 2026/C. MAJOR SUBJECTS/H. VALUES EDUCATION/2. VALUES EDUCATION LET.pdf,Parents who implement harsh not accompanied by reasoning teach children to be:,,,Insightful about their own behavior,,Moral recovery program,,People empowerment,,Economic development foundation,,,,A,Correct answer sourced from the PDF answer key: A.,LET Secondary,Values Education,Values Education,3,No,,0.96,Ready for Upload,LET Secondary Values Education Q&A. Correct answer sourced from PDF answer key.
24,24,10,2. VALUES EDUCATION LET.pdf,/Users/lyndon/All reviewers/-LET REVIEWER 2026/C. MAJOR SUBJECTS/H. VALUES EDUCATION/2. VALUES EDUCATION LET.pdf,Teaching values in the classroom means that the teacher works on lesson objectives in the _______ domain: I. Affective II. Cognitive III. Psychomotor,,,"I, II and III",,I only,,I and II,,I and III,,,,C,Correct answer sourced from the PDF answer key: C.,LET Secondary,Values Education,Values Education,3,No,,0.96,Ready for Upload,LET Secondary Values Education Q&A. Correct answer sourced from PDF answer key.
25,25,10,2. VALUES EDUCATION LET.pdf,/Users/lyndon/All reviewers/-LET REVIEWER 2026/C. MAJOR SUBJECTS/H. VALUES EDUCATION/2. VALUES EDUCATION LET.pdf,"Excessive money borrowing, malicious gossips and other unworthy practices are actualizations which could directly affect the teacher’s credibility with what group?",,,Community,,Parents,,School officials,,Students,,,,B,Correct answer sourced from the PDF answer key: B.,LET Secondary,Values Education,Values Education,3,No,,0.96,Ready for Upload,LET Secondary Values Education Q&A. Correct answer sourced from PDF answer key.
26,26,10,2. VALUES EDUCATION LET.pdf,/Users/lyndon/All reviewers/-LET REVIEWER 2026/C. MAJOR SUBJECTS/H. VALUES EDUCATION/2. VALUES EDUCATION LET.pdf,What is best for frustrated teacher to do evaluate his beliefs and values?,,,Self-disclosure,,Affirmation 11/19,,Introspection,,Feedback,,,,C,Correct answer sourced from the PDF answer key: C.,LET Secondary,Values Education,Values Education,3,No,,0.96,Ready for Upload,LET Secondary Values Education Q&A. Correct answer sourced from PDF answer key.
27,27,11,2. VALUES EDUCATION LET.pdf,/Users/lyndon/All reviewers/-LET REVIEWER 2026/C. MAJOR SUBJECTS/H. VALUES EDUCATION/2. VALUES EDUCATION LET.pdf,Which of the following is an indication of a moral person? She/he ________:,,,Is killed to act on his/her own decisions,,Is gifted with emotion to judge which is good and bad,,Sticks to his personal conviction without listening to other,,Is endowed with the faculty to choose to be good and to love,,,,A,Correct answer sourced from the PDF answer key: A.,LET Secondary,Values Education,Values Education,3,No,,0.96,Ready for Upload,LET Secondary Values Education Q&A. Correct answer sourced from PDF answer key.
28,28,11,2. VALUES EDUCATION LET.pdf,/Users/lyndon/All reviewers/-LET REVIEWER 2026/C. MAJOR SUBJECTS/H. VALUES EDUCATION/2. VALUES EDUCATION LET.pdf,A boy is an attention seeker and always does what pleases his parents. What level of morality?,,,Pre-conventional,,Universal ethical,,Conventional,,Post conventional,,,,C,Correct answer sourced from the PDF answer key: C.,LET Secondary,Values Education,Values Education,3,No,,0.96,Ready for Upload,LET Secondary Values Education Q&A. Correct answer sourced from PDF answer key.
29,29,11,2. VALUES EDUCATION LET.pdf,/Users/lyndon/All reviewers/-LET REVIEWER 2026/C. MAJOR SUBJECTS/H. VALUES EDUCATION/2. VALUES EDUCATION LET.pdf,"To facilitate testing and measurement which provide data for evaluation, objectives in values development are translated into behaviors that are:",,,Cognitive and behavioral,,Reliable and time bound,,"Measurable, observable or describable 12/19",,"Specific, measurable and attainable",,,,A,Correct answer sourced from the PDF answer key: A.,LET Secondary,Values Education,Values Education,3,No,,0.96,Ready for Upload,LET Secondary Values Education Q&A. Correct answer sourced from PDF answer key.
30,30,12,2. VALUES EDUCATION LET.pdf,/Users/lyndon/All reviewers/-LET REVIEWER 2026/C. MAJOR SUBJECTS/H. VALUES EDUCATION/2. VALUES EDUCATION LET.pdf,The ‘Politics of Service “ and the Moral Recovery Program core values are congruent because:,,,They manifest processes of democratization and decentralization,,They affirm the commitment in the Philippine society,,They are designed to draw personal transformation and renewal,,The reinforce the response and contribution of outstanding leaders,,,,B,Correct answer sourced from the PDF answer key: B.,LET Secondary,Values Education,Values Education,3,No,,0.96,Ready for Upload,LET Secondary Values Education Q&A. Correct answer sourced from PDF answer key.
31,31,12,2. VALUES EDUCATION LET.pdf,/Users/lyndon/All reviewers/-LET REVIEWER 2026/C. MAJOR SUBJECTS/H. VALUES EDUCATION/2. VALUES EDUCATION LET.pdf,"“Maka-Diyos, Maka-Bayan, Maka-Tao are the four pillars of:",,,The politics service,,The principle of subsidiary,,The Kabisig Peoples’ Movement,,Public service as a public trust,,,,A,Correct answer sourced from the PDF answer key: A.,LET Secondary,Values Education,Values Education,3,No,,0.96,Ready for Upload,LET Secondary Values Education Q&A. Correct answer sourced from PDF answer key.
32,32,12,2. VALUES EDUCATION LET.pdf,/Users/lyndon/All reviewers/-LET REVIEWER 2026/C. MAJOR SUBJECTS/H. VALUES EDUCATION/2. VALUES EDUCATION LET.pdf,The feudal structure of the Filipino social environment where there are great gaps between the rich and the poor majority develops:,,,Feeling of inferiority,,Low tolerance,,Strong family orientation,,Passivity and dependence 13/19,,,,B,Correct answer sourced from the PDF answer key: B.,LET Secondary,Values Education,Values Education,3,No,,0.96,Ready for Upload,LET Secondary Values Education Q&A. Correct answer sourced from PDF answer key.
33,33,13,2. VALUES EDUCATION LET.pdf,/Users/lyndon/All reviewers/-LET REVIEWER 2026/C. MAJOR SUBJECTS/H. VALUES EDUCATION/2. VALUES EDUCATION LET.pdf,The DepEd Values Education framework is called:,,,Prescriptive and can be imposed,,"The subject of education, to learn and be taught",,"The object of education, the center of the curriculum",,Grounded on the rational understanding of the Filipino,,,,B,Correct answer sourced from the PDF answer key: B.,LET Secondary,Values Education,Values Education,3,No,,0.96,Ready for Upload,LET Secondary Values Education Q&A. Correct answer sourced from PDF answer key.
34,34,13,2. VALUES EDUCATION LET.pdf,/Users/lyndon/All reviewers/-LET REVIEWER 2026/C. MAJOR SUBJECTS/H. VALUES EDUCATION/2. VALUES EDUCATION LET.pdf,One of the following does not belong to the spiritual faculties of man:,,,Conscience,,Will,,Intellect,,Passion,,,,B,Correct answer sourced from the PDF answer key: B.,LET Secondary,Values Education,Values Education,3,No,,0.96,Ready for Upload,LET Secondary Values Education Q&A. Correct answer sourced from PDF answer key.
35,35,13,2. VALUES EDUCATION LET.pdf,/Users/lyndon/All reviewers/-LET REVIEWER 2026/C. MAJOR SUBJECTS/H. VALUES EDUCATION/2. VALUES EDUCATION LET.pdf,Which of the following is/are considered the effective child-rearing practice/s? I. Totally accept the child for what she/he is II. Depend strongly the child’s conviction III. Reinforce good behavior by reward IV. Spend time with the child,,,I and IV,,IV only 14/19,,I only,,"I, II, and III",,,,C,Correct answer sourced from the PDF answer key: C.,LET Secondary,Values Education,Values Education,3,No,,0.96,Ready for Upload,LET Secondary Values Education Q&A. Correct answer sourced from PDF answer key.
36,36,14,2. VALUES EDUCATION LET.pdf,/Users/lyndon/All reviewers/-LET REVIEWER 2026/C. MAJOR SUBJECTS/H. VALUES EDUCATION/2. VALUES EDUCATION LET.pdf,Which of the following value integration approaches is done when the teachers is asked to add an any activity to the lessons plan that a particular value is touched?,,,Unnatural integration,,Natural integration,,Vertical integration,,Eclectic integration,,,,D,Correct answer sourced from the PDF answer key: D.,LET Secondary,Values Education,Values Education,3,No,,0.96,Ready for Upload,LET Secondary Values Education Q&A. Correct answer sourced from PDF answer key.
37,37,14,2. VALUES EDUCATION LET.pdf,/Users/lyndon/All reviewers/-LET REVIEWER 2026/C. MAJOR SUBJECTS/H. VALUES EDUCATION/2. VALUES EDUCATION LET.pdf,Which of the following situation could the true essence of nationalism be reinforced among the learners using the inculcation approach?,,,Mobilizing the learners to join rallies of national concerns,,Promoting the use of locally made products to help the Philippine economy.,,Providing moral dilemma situation on the issue of going abroad as the OFW’s,,Telling the students to speak in Filipino at all times regardless of the situation,,,,D,Correct answer sourced from the PDF answer key: D.,LET Secondary,Values Education,Values Education,3,No,,0.96,Ready for Upload,LET Secondary Values Education Q&A. Correct answer sourced from PDF answer key.
38,38,14,2. VALUES EDUCATION LET.pdf,/Users/lyndon/All reviewers/-LET REVIEWER 2026/C. MAJOR SUBJECTS/H. VALUES EDUCATION/2. VALUES EDUCATION LET.pdf,Which of the following is violated by entertainment programs as a vehicle for moral recovery?,,,Design films that have social relevance,,Making films that upholds social values 15/19,,Producing films that exhibit human exploitation,,Encouraging the educated and trained to be involved in movie industry,,,,B,Correct answer sourced from the PDF answer key: B.,LET Secondary,Values Education,Values Education,3,No,,0.96,Ready for Upload,LET Secondary Values Education Q&A. Correct answer sourced from PDF answer key.
39,39,15,2. VALUES EDUCATION LET.pdf,/Users/lyndon/All reviewers/-LET REVIEWER 2026/C. MAJOR SUBJECTS/H. VALUES EDUCATION/2. VALUES EDUCATION LET.pdf,"What is amplified by this statement; “Bill Gates, one of the richest men in the world, had made a great contribution by introducing the computer in all business, industries an schools”?",,,Non material change,,Technological change,,Social change,,Cultural change,,,,D,Correct answer sourced from the PDF answer key: D.,LET Secondary,Values Education,Values Education,3,No,,0.96,Ready for Upload,LET Secondary Values Education Q&A. Correct answer sourced from PDF answer key.
40,40,15,2. VALUES EDUCATION LET.pdf,/Users/lyndon/All reviewers/-LET REVIEWER 2026/C. MAJOR SUBJECTS/H. VALUES EDUCATION/2. VALUES EDUCATION LET.pdf,"Values formation begins with reality though the external sense, these images of reality are personal through ________.",,,Careful planning for the training of the child,,Education of the child through his/her environment,,Recognition of the weakness and strengths of the child,,The knowing faculties of internal senses and intellect of the child,,,,A,Correct answer sourced from the PDF answer key: A.,LET Secondary,Values Education,Values Education,3,No,,0.96,Ready for Upload,LET Secondary Values Education Q&A. Correct answer sourced from PDF answer key.
41,41,15,2. VALUES EDUCATION LET.pdf,/Users/lyndon/All reviewers/-LET REVIEWER 2026/C. MAJOR SUBJECTS/H. VALUES EDUCATION/2. VALUES EDUCATION LET.pdf,Which of the following signify human nature according to theory of Hobbes? Human being are:,,,Composed of body and soul,,Physical objects 16/19,,Moral agent,,Vegetative,,,,A,Correct answer sourced from the PDF answer key: A.,LET Secondary,Values Education,Values Education,3,No,,0.96,Ready for Upload,LET Secondary Values Education Q&A. Correct answer sourced from PDF answer key.
42,42,16,2. VALUES EDUCATION LET.pdf,/Users/lyndon/All reviewers/-LET REVIEWER 2026/C. MAJOR SUBJECTS/H. VALUES EDUCATION/2. VALUES EDUCATION LET.pdf,Which virtue aids one to face life’s difficulties and trials?,,,Justice,,Prudence,,Temperance,,Fortitude,,,,A,Correct answer sourced from the PDF answer key: A.,LET Secondary,Values Education,Values Education,3,No,,0.96,Ready for Upload,LET Secondary Values Education Q&A. Correct answer sourced from PDF answer key.
43,43,16,2. VALUES EDUCATION LET.pdf,/Users/lyndon/All reviewers/-LET REVIEWER 2026/C. MAJOR SUBJECTS/H. VALUES EDUCATION/2. VALUES EDUCATION LET.pdf,One way to raise one’s level of cognitive consciousness or awareness is to begin thinking with:,,,Teaching as a process,,“if-then” logical paradigm,,Dynamic interaction,,The “Pros-Cons” technique,,,,C,Correct answer sourced from the PDF answer key: C.,LET Secondary,Values Education,Values Education,3,No,,0.96,Ready for Upload,LET Secondary Values Education Q&A. Correct answer sourced from PDF answer key.
44,44,16,2. VALUES EDUCATION LET.pdf,/Users/lyndon/All reviewers/-LET REVIEWER 2026/C. MAJOR SUBJECTS/H. VALUES EDUCATION/2. VALUES EDUCATION LET.pdf,The cognitive aspect of the valuing process wherein the individual has a full understanding of the consequences of each option being considered is:,,,Prizing and cherishing,,Choosing freely,,Choosing from alternatives 17/19,,Choosing reflective,,,,B,Correct answer sourced from the PDF answer key: B.,LET Secondary,Values Education,Values Education,3,No,,0.96,Ready for Upload,LET Secondary Values Education Q&A. Correct answer sourced from PDF answer key.
45,45,17,2. VALUES EDUCATION LET.pdf,/Users/lyndon/All reviewers/-LET REVIEWER 2026/C. MAJOR SUBJECTS/H. VALUES EDUCATION/2. VALUES EDUCATION LET.pdf,The main reason for pursuing all other value is:,,,That man’s personhood is transcendent,,The inner worth of the human person,,The each person is endowed with faculty of free choice,,That each individual capable of rising above the materials.,,,,D,Correct answer sourced from the PDF answer key: D.,LET Secondary,Values Education,Values Education,3,No,,0.96,Ready for Upload,LET Secondary Values Education Q&A. Correct answer sourced from PDF answer key.
46,46,17,2. VALUES EDUCATION LET.pdf,/Users/lyndon/All reviewers/-LET REVIEWER 2026/C. MAJOR SUBJECTS/H. VALUES EDUCATION/2. VALUES EDUCATION LET.pdf,Values have a social function when:,,,They become the vehicle for the transmission of learning,,"Commonly held values unite families, tribe, societies and nation",,The process is not just cognitive but involves all the faculties of the learner,,They have a direct and immediate relevance to the personal life of the learner,,,,C,Correct answer sourced from the PDF answer key: C.,LET Secondary,Values Education,Values Education,3,No,,0.96,Ready for Upload,LET Secondary Values Education Q&A. Correct answer sourced from PDF answer key.
47,47,17,2. VALUES EDUCATION LET.pdf,/Users/lyndon/All reviewers/-LET REVIEWER 2026/C. MAJOR SUBJECTS/H. VALUES EDUCATION/2. VALUES EDUCATION LET.pdf,The Affective Cognitive Experiences for Self Direction Methodology:,,,Defend on the learner’s creativity,,Constitute the content of values education,,Increase the teachers wealth of experiences,,Make use of the experiential and the confluent learning approaches,,,,A,Correct answer sourced from the PDF answer key: A.,LET Secondary,Values Education,Values Education,3,No,,0.96,Ready for Upload,LET Secondary Values Education Q&A. Correct answer sourced from PDF answer key.
48,48,18,2. VALUES EDUCATION LET.pdf,/Users/lyndon/All reviewers/-LET REVIEWER 2026/C. MAJOR SUBJECTS/H. VALUES EDUCATION/2. VALUES EDUCATION LET.pdf,"At the core of the valuing process is an ongoing process of using one’s Innate capacities and potentials in full, creative and joyful ways called:",,,Self direction,,Introspection,,Self actualization,,Symbolic self completion,,,,A,Correct answer sourced from the PDF answer key: A.,LET Secondary,Values Education,Values Education,3,No,,0.96,Ready for Upload,LET Secondary Values Education Q&A. Correct answer sourced from PDF answer key.
49,49,18,2. VALUES EDUCATION LET.pdf,/Users/lyndon/All reviewers/-LET REVIEWER 2026/C. MAJOR SUBJECTS/H. VALUES EDUCATION/2. VALUES EDUCATION LET.pdf,The supreme and overarching value that characterizes education on the basis of the foregoing philosophy of the human person is:,,,Human personality,,Human dignity,,Human conscience,,Human body,,,,B,Correct answer sourced from the PDF answer key: B.,LET Secondary,Values Education,Values Education,3,No,,0.96,Ready for Upload,LET Secondary Values Education Q&A. Correct answer sourced from PDF answer key.
50,50,18,2. VALUES EDUCATION LET.pdf,/Users/lyndon/All reviewers/-LET REVIEWER 2026/C. MAJOR SUBJECTS/H. VALUES EDUCATION/2. VALUES EDUCATION LET.pdf,Which of the following is/are condition/s to economic efficiency? I. Deep sense of work ethics II. The use of capital for family enterprises III. Accelerated productivity through job efficiency IV. Self-reliance and discipline economy,,,"I, III and IV 19/19",,II and IV,,"II, III and IV",,I and II,,,,D,Correct answer sourced from the PDF answer key: D.,LET Secondary,Values Education,Values Education,3,No,,0.96,Ready for Upload,LET Secondary Values Education Q&A. Correct answer sourced from PDF answer key.
51,1,1,VAL.ED. PART 01.pdf,/Users/lyndon/All reviewers/-LET REVIEWER 2026/C. MAJOR SUBJECTS/H. VALUES EDUCATION/2026 VALUES EDUCATION/VAL.ED. PART 01.pdf,The philosophical foundation of Values Education emphasizes:,,,Intellectual reasoning,,Moral principles and human dignity,,Physical development,,Social norms,,,,B,Correct answer sourced from the PDF answer key: B.,LET Secondary,Values Education,Values Education,3,No,,0.96,Ready for Upload,LET Secondary Values Education Q&A. Correct answer sourced from PDF answer key.
52,2,1,VAL.ED. PART 01.pdf,/Users/lyndon/All reviewers/-LET REVIEWER 2026/C. MAJOR SUBJECTS/H. VALUES EDUCATION/2026 VALUES EDUCATION/VAL.ED. PART 01.pdf,"The root word of ""ethics"" comes from the Greek word “ethos” which means:",,,Knowledge,,Habit or character,,Spirit,,Mind,,,,B,Correct answer sourced from the PDF answer key: B.,LET Secondary,Values Education,Values Education,3,No,,0.96,Ready for Upload,LET Secondary Values Education Q&A. Correct answer sourced from PDF answer key.
53,3,1,VAL.ED. PART 01.pdf,/Users/lyndon/All reviewers/-LET REVIEWER 2026/C. MAJOR SUBJECTS/H. VALUES EDUCATION/2026 VALUES EDUCATION/VAL.ED. PART 01.pdf,The ultimate goal of Values Education is:,,,Knowledge acquisition,,Moral and spiritual development,,Academic excellence,,Skill enhancement,,,,B,Correct answer sourced from the PDF answer key: B.,LET Secondary,Values Education,Values Education,3,No,,0.96,Ready for Upload,LET Secondary Values Education Q&A. Correct answer sourced from PDF answer key.
54,4,1,VAL.ED. PART 01.pdf,/Users/lyndon/All reviewers/-LET REVIEWER 2026/C. MAJOR SUBJECTS/H. VALUES EDUCATION/2026 VALUES EDUCATION/VAL.ED. PART 01.pdf,A teacher who guides students toward making right moral choices demonstrates:,,,Indoctrination,,Moral facilitation,,Value imposition,,Moral reasoning,,,,B,Correct answer sourced from the PDF answer key: B.,LET Secondary,Values Education,Values Education,3,No,,0.96,Ready for Upload,LET Secondary Values Education Q&A. Correct answer sourced from PDF answer key.
55,5,1,VAL.ED. PART 01.pdf,/Users/lyndon/All reviewers/-LET REVIEWER 2026/C. MAJOR SUBJECTS/H. VALUES EDUCATION/2026 VALUES EDUCATION/VAL.ED. PART 01.pdf,Values that are accepted by all cultures such as honesty and justice are called:,,,Relative values,,Universal values,,Cultural values,,Personal values,,,,B,Correct answer sourced from the PDF answer key: B.,LET Secondary,Values Education,Values Education,3,No,,0.96,Ready for Upload,LET Secondary Values Education Q&A. Correct answer sourced from PDF answer key.
56,6,1,VAL.ED. PART 01.pdf,/Users/lyndon/All reviewers/-LET REVIEWER 2026/C. MAJOR SUBJECTS/H. VALUES EDUCATION/2026 VALUES EDUCATION/VAL.ED. PART 01.pdf,The process of clarifying one’s beliefs and principles is known as:,,,Value clarification,,Value instruction,,Value transmission,,Indoctrination,,,,A,Correct answer sourced from the PDF answer key: A.,LET Secondary,Values Education,Values Education,3,No,,0.96,Ready for Upload,LET Secondary Values Education Q&A. Correct answer sourced from PDF answer key.
57,7,1,VAL.ED. PART 01.pdf,/Users/lyndon/All reviewers/-LET REVIEWER 2026/C. MAJOR SUBJECTS/H. VALUES EDUCATION/2026 VALUES EDUCATION/VAL.ED. PART 01.pdf,Which of the following is a cognitive theory of moral development?,,,Freud’s psychoanalytic theory,,Kohlberg’s stages of moral reasoning,,Bandura’s social learning theory,,Maslow’s hierarchy of needs,,,,B,Correct answer sourced from the PDF answer key: B.,LET Secondary,Values Education,Values Education,3,No,,0.96,Ready for Upload,LET Secondary Values Education Q&A. Correct answer sourced from PDF answer key.
58,8,1,VAL.ED. PART 01.pdf,/Users/lyndon/All reviewers/-LET REVIEWER 2026/C. MAJOR SUBJECTS/H. VALUES EDUCATION/2026 VALUES EDUCATION/VAL.ED. PART 01.pdf,“Man is by nature good” is a belief attributed to:,,,Confucius,,Aristotle,,Nietzsche,,Machiavelli,,,,A,Correct answer sourced from the PDF answer key: A.,LET Secondary,Values Education,Values Education,3,No,,0.96,Ready for Upload,LET Secondary Values Education Q&A. Correct answer sourced from PDF answer key.
59,9,1,VAL.ED. PART 01.pdf,/Users/lyndon/All reviewers/-LET REVIEWER 2026/C. MAJOR SUBJECTS/H. VALUES EDUCATION/2026 VALUES EDUCATION/VAL.ED. PART 01.pdf,The moral foundation that emphasizes “doing good and avoiding evil” came from:,,,Utilitarianism,,Natural law ethics,,Pragmatism,,Existentialism,,,,B,Correct answer sourced from the PDF answer key: B.,LET Secondary,Values Education,Values Education,3,No,,0.96,Ready for Upload,LET Secondary Values Education Q&A. Correct answer sourced from PDF answer key.
60,10,1,VAL.ED. PART 01.pdf,/Users/lyndon/All reviewers/-LET REVIEWER 2026/C. MAJOR SUBJECTS/H. VALUES EDUCATION/2026 VALUES EDUCATION/VAL.ED. PART 01.pdf,A person who acts according to conscience even when nobody is watching shows:,,,Integrity Comprehensive LET Reviewer 2025/2026 InsightfulMinds PH Reviewer,,Conformity,,Dependence,,Compliance,,,,A,Correct answer sourced from the PDF answer key: A.,LET Secondary,Values Education,Values Education,3,No,,0.96,Ready for Upload,LET Secondary Values Education Q&A. Correct answer sourced from PDF answer key.
61,11,2,VAL.ED. PART 01.pdf,/Users/lyndon/All reviewers/-LET REVIEWER 2026/C. MAJOR SUBJECTS/H. VALUES EDUCATION/2026 VALUES EDUCATION/VAL.ED. PART 01.pdf,The primary source of values for a child is:,,,The school,,The media,,The family,,The government,,,,C,Correct answer sourced from the PDF answer key: C.,LET Secondary,Values Education,Values Education,3,No,,0.96,Ready for Upload,LET Secondary Values Education Q&A. Correct answer sourced from PDF answer key.
62,12,2,VAL.ED. PART 01.pdf,/Users/lyndon/All reviewers/-LET REVIEWER 2026/C. MAJOR SUBJECTS/H. VALUES EDUCATION/2026 VALUES EDUCATION/VAL.ED. PART 01.pdf,Which Filipino value reflects a sense of “shared identity and community spirit”?,,,Pakikipagkapwa-tao,,Bahala na,,Hiya,,Ningas-kugon,,,,A,Correct answer sourced from the PDF answer key: A.,LET Secondary,Values Education,Values Education,3,No,,0.96,Ready for Upload,LET Secondary Values Education Q&A. Correct answer sourced from PDF answer key.
63,13,2,VAL.ED. PART 01.pdf,/Users/lyndon/All reviewers/-LET REVIEWER 2026/C. MAJOR SUBJECTS/H. VALUES EDUCATION/2026 VALUES EDUCATION/VAL.ED. PART 01.pdf,Which philosophy emphasizes the uniqueness and freedom of every person?,,,Realism,,Existentialism,,Idealism,,Pragmatism,,,,B,Correct answer sourced from the PDF answer key: B.,LET Secondary,Values Education,Values Education,3,No,,0.96,Ready for Upload,LET Secondary Values Education Q&A. Correct answer sourced from PDF answer key.
64,14,2,VAL.ED. PART 01.pdf,/Users/lyndon/All reviewers/-LET REVIEWER 2026/C. MAJOR SUBJECTS/H. VALUES EDUCATION/2026 VALUES EDUCATION/VAL.ED. PART 01.pdf,“Educating the whole person” includes development of:,,,Cognitive and psychomotor skills,,"Moral, emotional, and spiritual dimensions",,Aesthetic judgment,,Logical reasoning,,,,B,Correct answer sourced from the PDF answer key: B.,LET Secondary,Values Education,Values Education,3,No,,0.96,Ready for Upload,LET Secondary Values Education Q&A. Correct answer sourced from PDF answer key.
65,15,2,VAL.ED. PART 01.pdf,/Users/lyndon/All reviewers/-LET REVIEWER 2026/C. MAJOR SUBJECTS/H. VALUES EDUCATION/2026 VALUES EDUCATION/VAL.ED. PART 01.pdf,The ability to make rational and moral judgments is called:,,,Conscience,,Intellect,,Emotion,,Will PART II – MORAL AND HUMAN DEVELOPMENT,,,,A,Correct answer sourced from the PDF answer key: A.,LET Secondary,Values Education,Values Education,3,No,,0.96,Ready for Upload,LET Secondary Values Education Q&A. Correct answer sourced from PDF answer key.
66,16,2,VAL.ED. PART 01.pdf,/Users/lyndon/All reviewers/-LET REVIEWER 2026/C. MAJOR SUBJECTS/H. VALUES EDUCATION/2026 VALUES EDUCATION/VAL.ED. PART 01.pdf,Lawrence Kohlberg identified how many stages of moral development?,,,Four,,Five,,Six,,Seven,,,,C,Correct answer sourced from the PDF answer key: C.,LET Secondary,Values Education,Values Education,3,No,,0.96,Ready for Upload,LET Secondary Values Education Q&A. Correct answer sourced from PDF answer key.
67,17,2,VAL.ED. PART 01.pdf,/Users/lyndon/All reviewers/-LET REVIEWER 2026/C. MAJOR SUBJECTS/H. VALUES EDUCATION/2026 VALUES EDUCATION/VAL.ED. PART 01.pdf,"In Kohlberg’s theory, Stage 1 emphasizes:",,,Obedience and punishment avoidance,,Social contract,,Universal ethics,,Law and order,,,,A,Correct answer sourced from the PDF answer key: A.,LET Secondary,Values Education,Values Education,3,No,,0.96,Ready for Upload,LET Secondary Values Education Q&A. Correct answer sourced from PDF answer key.
68,18,2,VAL.ED. PART 01.pdf,/Users/lyndon/All reviewers/-LET REVIEWER 2026/C. MAJOR SUBJECTS/H. VALUES EDUCATION/2026 VALUES EDUCATION/VAL.ED. PART 01.pdf,"According to Carol Gilligan, women’s moral reasoning is often based on:",,,Justice and law,,Rules and obedience,,Care and responsibility,,Competition,,,,C,Correct answer sourced from the PDF answer key: C.,LET Secondary,Values Education,Values Education,3,No,,0.96,Ready for Upload,LET Secondary Values Education Q&A. Correct answer sourced from PDF answer key.
69,19,2,VAL.ED. PART 01.pdf,/Users/lyndon/All reviewers/-LET REVIEWER 2026/C. MAJOR SUBJECTS/H. VALUES EDUCATION/2026 VALUES EDUCATION/VAL.ED. PART 01.pdf,"In Erikson’s theory, adolescence is marked by the crisis of:",,,Industry vs. inferiority,,Identity vs. role confusion,,Initiative vs. guilt,,Intimacy vs. isolation,,,,B,Correct answer sourced from the PDF answer key: B.,LET Secondary,Values Education,Values Education,3,No,,0.96,Ready for Upload,LET Secondary Values Education Q&A. Correct answer sourced from PDF answer key.
70,20,2,VAL.ED. PART 01.pdf,/Users/lyndon/All reviewers/-LET REVIEWER 2026/C. MAJOR SUBJECTS/H. VALUES EDUCATION/2026 VALUES EDUCATION/VAL.ED. PART 01.pdf,A teacher helping students empathize with others promotes:,,,Cognitive development Comprehensive LET Reviewer 2025/2026 InsightfulMinds PH Reviewer,,Moral sensitivity,,Discipline,,Punishment,,,,B,Correct answer sourced from the PDF answer key: B.,LET Secondary,Values Education,Values Education,3,No,,0.96,Ready for Upload,LET Secondary Values Education Q&A. Correct answer sourced from PDF answer key.
71,21,3,VAL.ED. PART 01.pdf,/Users/lyndon/All reviewers/-LET REVIEWER 2026/C. MAJOR SUBJECTS/H. VALUES EDUCATION/2026 VALUES EDUCATION/VAL.ED. PART 01.pdf,The ability to see a moral issue from another person’s viewpoint is called:,,,Perspective taking,,Self-control,,Rationalization,,Moral absolutism,,,,A,Correct answer sourced from the PDF answer key: A.,LET Secondary,Values Education,Values Education,3,No,,0.96,Ready for Upload,LET Secondary Values Education Q&A. Correct answer sourced from PDF answer key.
72,22,3,VAL.ED. PART 01.pdf,/Users/lyndon/All reviewers/-LET REVIEWER 2026/C. MAJOR SUBJECTS/H. VALUES EDUCATION/2026 VALUES EDUCATION/VAL.ED. PART 01.pdf,"According to Bandura, moral behavior is learned primarily through:",,,Punishment,,Rewards,,Modeling and observation,,Innate ability,,,,C,Correct answer sourced from the PDF answer key: C.,LET Secondary,Values Education,Values Education,3,No,,0.96,Ready for Upload,LET Secondary Values Education Q&A. Correct answer sourced from PDF answer key.
73,23,3,VAL.ED. PART 01.pdf,/Users/lyndon/All reviewers/-LET REVIEWER 2026/C. MAJOR SUBJECTS/H. VALUES EDUCATION/2026 VALUES EDUCATION/VAL.ED. PART 01.pdf,"In Freud’s personality theory, the moral conscience is part of the:",,,Id,,Ego,,Superego,,Libido,,,,C,Correct answer sourced from the PDF answer key: C.,LET Secondary,Values Education,Values Education,3,No,,0.96,Ready for Upload,LET Secondary Values Education Q&A. Correct answer sourced from PDF answer key.
74,24,3,VAL.ED. PART 01.pdf,/Users/lyndon/All reviewers/-LET REVIEWER 2026/C. MAJOR SUBJECTS/H. VALUES EDUCATION/2026 VALUES EDUCATION/VAL.ED. PART 01.pdf,A student returns a lost wallet without expecting any reward. This demonstrates:,,,Conventional morality,,Post-conventional morality,,Pre-conventional morality,,Amoral behavior,,,,B,Correct answer sourced from the PDF answer key: B.,LET Secondary,Values Education,Values Education,3,No,,0.96,Ready for Upload,LET Secondary Values Education Q&A. Correct answer sourced from PDF answer key.
75,25,3,VAL.ED. PART 01.pdf,/Users/lyndon/All reviewers/-LET REVIEWER 2026/C. MAJOR SUBJECTS/H. VALUES EDUCATION/2026 VALUES EDUCATION/VAL.ED. PART 01.pdf,Which moral theory is concerned with the greatest happiness for the greatest number?,,,Deontological ethics,,Utilitarianism,,Natural law,,Hedonism,,,,B,Correct answer sourced from the PDF answer key: B.,LET Secondary,Values Education,Values Education,3,No,,0.96,Ready for Upload,LET Secondary Values Education Q&A. Correct answer sourced from PDF answer key.
76,26,3,VAL.ED. PART 01.pdf,/Users/lyndon/All reviewers/-LET REVIEWER 2026/C. MAJOR SUBJECTS/H. VALUES EDUCATION/2026 VALUES EDUCATION/VAL.ED. PART 01.pdf,“Do not kill” and “respect for life” are examples of:,,,Social norms,,Universal moral principles,,Cultural relativism,,Situational ethics,,,,B,Correct answer sourced from the PDF answer key: B.,LET Secondary,Values Education,Values Education,3,No,,0.96,Ready for Upload,LET Secondary Values Education Q&A. Correct answer sourced from PDF answer key.
77,27,3,VAL.ED. PART 01.pdf,/Users/lyndon/All reviewers/-LET REVIEWER 2026/C. MAJOR SUBJECTS/H. VALUES EDUCATION/2026 VALUES EDUCATION/VAL.ED. PART 01.pdf,The “Golden Rule” — “Do unto others as you would have them do unto you” — expresses:,,,Reciprocity,,Empathy,,Moral universalism,,All of the above,,,,D,Correct answer sourced from the PDF answer key: D.,LET Secondary,Values Education,Values Education,3,No,,0.96,Ready for Upload,LET Secondary Values Education Q&A. Correct answer sourced from PDF answer key.
78,28,3,VAL.ED. PART 01.pdf,/Users/lyndon/All reviewers/-LET REVIEWER 2026/C. MAJOR SUBJECTS/H. VALUES EDUCATION/2026 VALUES EDUCATION/VAL.ED. PART 01.pdf,A teacher praises honesty among students. This is an example of:,,,Value modeling,,Value clarification,,Value imposition,,Value distortion,,,,A,Correct answer sourced from the PDF answer key: A.,LET Secondary,Values Education,Values Education,3,No,,0.96,Ready for Upload,LET Secondary Values Education Q&A. Correct answer sourced from PDF answer key.
79,29,3,VAL.ED. PART 01.pdf,/Users/lyndon/All reviewers/-LET REVIEWER 2026/C. MAJOR SUBJECTS/H. VALUES EDUCATION/2026 VALUES EDUCATION/VAL.ED. PART 01.pdf,A student who refuses to cheat because it violates fairness acts on:,,,Moral reasoning,,Peer influence,,Obedience to authority,,Fear of punishment,,,,A,Correct answer sourced from the PDF answer key: A.,LET Secondary,Values Education,Values Education,3,No,,0.96,Ready for Upload,LET Secondary Values Education Q&A. Correct answer sourced from PDF answer key.
80,30,3,VAL.ED. PART 01.pdf,/Users/lyndon/All reviewers/-LET REVIEWER 2026/C. MAJOR SUBJECTS/H. VALUES EDUCATION/2026 VALUES EDUCATION/VAL.ED. PART 01.pdf,A person guided by universal ethical principles belongs to which Kohlberg level?,,,Pre-conventional,,Conventional,,Post-conventional,,"Transitional Comprehensive LET Reviewer 2025/2026 InsightfulMinds PH Reviewer PART III – TEACHING APPROACHES, CURRICULUM, AND ASSESSMENT",,,,C,Correct answer sourced from the PDF answer key: C.,LET Secondary,Values Education,Values Education,3,No,,0.96,Ready for Upload,LET Secondary Values Education Q&A. Correct answer sourced from PDF answer key.
81,31,4,VAL.ED. PART 01.pdf,/Users/lyndon/All reviewers/-LET REVIEWER 2026/C. MAJOR SUBJECTS/H. VALUES EDUCATION/2026 VALUES EDUCATION/VAL.ED. PART 01.pdf,The main goal of teaching Values Education is to:,,,Impose beliefs,,Nurture moral and spiritual growth,,Promote uniform thinking,,Train in cognitive skills,,,,B,Correct answer sourced from the PDF answer key: B.,LET Secondary,Values Education,Values Education,3,No,,0.96,Ready for Upload,LET Secondary Values Education Q&A. Correct answer sourced from PDF answer key.
82,32,4,VAL.ED. PART 01.pdf,/Users/lyndon/All reviewers/-LET REVIEWER 2026/C. MAJOR SUBJECTS/H. VALUES EDUCATION/2026 VALUES EDUCATION/VAL.ED. PART 01.pdf,The Values Education framework in the Philippines is guided by:,,,RA 9155,,Values Education Framework for Basic Education (DepEd),,RA 1425,,ASEAN Charter,,,,B,Correct answer sourced from the PDF answer key: B.,LET Secondary,Values Education,Values Education,3,No,,0.96,Ready for Upload,LET Secondary Values Education Q&A. Correct answer sourced from PDF answer key.
83,33,4,VAL.ED. PART 01.pdf,/Users/lyndon/All reviewers/-LET REVIEWER 2026/C. MAJOR SUBJECTS/H. VALUES EDUCATION/2026 VALUES EDUCATION/VAL.ED. PART 01.pdf,Which teaching approach focuses on analyzing moral dilemmas?,,,Value inculcation,,Moral reasoning approach,,Role playing,,Storytelling,,,,B,Correct answer sourced from the PDF answer key: B.,LET Secondary,Values Education,Values Education,3,No,,0.96,Ready for Upload,LET Secondary Values Education Q&A. Correct answer sourced from PDF answer key.
84,34,4,VAL.ED. PART 01.pdf,/Users/lyndon/All reviewers/-LET REVIEWER 2026/C. MAJOR SUBJECTS/H. VALUES EDUCATION/2026 VALUES EDUCATION/VAL.ED. PART 01.pdf,Value clarification aims to help students:,,,Accept all values uncritically,,Examine and reflect on personal beliefs,,Memorize moral codes,,Follow rules blindly,,,,,,LET Secondary,Values Education,Values Education,3,No,,0.70,Needs Answer,LET Secondary Values Education Q&A. Correct answer sourced from PDF answer key.
85,35,4,VAL.ED. PART 01.pdf,/Users/lyndon/All reviewers/-LET REVIEWER 2026/C. MAJOR SUBJECTS/H. VALUES EDUCATION/2026 VALUES EDUCATION/VAL.ED. PART 01.pdf,Role playing in Values Education develops:,,,Emotional empathy and moral imagination,,Memorization,,Logical reasoning,,Silence and conformity,,,,A,Correct answer sourced from the PDF answer key: A.,LET Secondary,Values Education,Values Education,3,No,,0.96,Ready for Upload,LET Secondary Values Education Q&A. Correct answer sourced from PDF answer key.
86,36,4,VAL.ED. PART 01.pdf,/Users/lyndon/All reviewers/-LET REVIEWER 2026/C. MAJOR SUBJECTS/H. VALUES EDUCATION/2026 VALUES EDUCATION/VAL.ED. PART 01.pdf,The affective domain in learning refers to:,,,Thinking skills,,Emotional and attitudinal development,,Physical coordination,,Cognitive understanding,,,,,,LET Secondary,Values Education,Values Education,3,No,,0.70,Needs Answer,LET Secondary Values Education Q&A. Correct answer sourced from PDF answer key.
87,37,4,VAL.ED. PART 01.pdf,/Users/lyndon/All reviewers/-LET REVIEWER 2026/C. MAJOR SUBJECTS/H. VALUES EDUCATION/2026 VALUES EDUCATION/VAL.ED. PART 01.pdf,"In teaching Values Education, the teacher acts primarily as a:",,,Dictator,,Moral facilitator and guide,,Disciplinarian,,Follower,,,,B,Correct answer sourced from the PDF answer key: B.,LET Secondary,Values Education,Values Education,3,No,,0.96,Ready for Upload,LET Secondary Values Education Q&A. Correct answer sourced from PDF answer key.
88,38,4,VAL.ED. PART 01.pdf,/Users/lyndon/All reviewers/-LET REVIEWER 2026/C. MAJOR SUBJECTS/H. VALUES EDUCATION/2026 VALUES EDUCATION/VAL.ED. PART 01.pdf,The “hidden curriculum” refers to:,,,Official lesson plans,,Unstated values transmitted by school culture,,Textbook content,,Teacher training manuals,,,,,,LET Secondary,Values Education,Values Education,3,No,,0.70,Needs Answer,LET Secondary Values Education Q&A. Correct answer sourced from PDF answer key.
89,39,4,VAL.ED. PART 01.pdf,/Users/lyndon/All reviewers/-LET REVIEWER 2026/C. MAJOR SUBJECTS/H. VALUES EDUCATION/2026 VALUES EDUCATION/VAL.ED. PART 01.pdf,Assessment in Values Education should focus on:,,,Moral reasoning and behavior,,Penmanship,,Rote memory,,Attendance,,,,A,Correct answer sourced from the PDF answer key: A.,LET Secondary,Values Education,Values Education,3,No,,0.96,Ready for Upload,LET Secondary Values Education Q&A. Correct answer sourced from PDF answer key.
90,40,4,VAL.ED. PART 01.pdf,/Users/lyndon/All reviewers/-LET REVIEWER 2026/C. MAJOR SUBJECTS/H. VALUES EDUCATION/2026 VALUES EDUCATION/VAL.ED. PART 01.pdf,Which technique helps students identify their priorities among competing values?,,,Value ranking,,Value modeling,,Memorization,,Lecturing,,,,A,Correct answer sourced from the PDF answer key: A.,LET Secondary,Values Education,Values Education,3,No,,0.96,Ready for Upload,LET Secondary Values Education Q&A. Correct answer sourced from PDF answer key.
91,41,4,VAL.ED. PART 01.pdf,/Users/lyndon/All reviewers/-LET REVIEWER 2026/C. MAJOR SUBJECTS/H. VALUES EDUCATION/2026 VALUES EDUCATION/VAL.ED. PART 01.pdf,Reflective journaling helps learners:,,,Copy teacher’s beliefs,,Develop self-awareness and moral insight Comprehensive LET Reviewer 2025/2026 InsightfulMinds PH Reviewer,,Avoid tests,,Focus only on facts,,,,B,Correct answer sourced from the PDF answer key: B.,LET Secondary,Values Education,Values Education,3,No,,0.96,Ready for Upload,LET Secondary Values Education Q&A. Correct answer sourced from PDF answer key.
92,42,5,VAL.ED. PART 01.pdf,/Users/lyndon/All reviewers/-LET REVIEWER 2026/C. MAJOR SUBJECTS/H. VALUES EDUCATION/2026 VALUES EDUCATION/VAL.ED. PART 01.pdf,Community service as part of Values Education encourages:,,,Civic responsibility,,Isolation,,Competition,,Selfishness,,,,A,Correct answer sourced from the PDF answer key: A.,LET Secondary,Values Education,Values Education,3,No,,0.96,Ready for Upload,LET Secondary Values Education Q&A. Correct answer sourced from PDF answer key.
93,43,5,VAL.ED. PART 01.pdf,/Users/lyndon/All reviewers/-LET REVIEWER 2026/C. MAJOR SUBJECTS/H. VALUES EDUCATION/2026 VALUES EDUCATION/VAL.ED. PART 01.pdf,"In moral dilemma discussions, the teacher should:",,,Impose personal opinions,,Encourage critical reasoning and respect,,Avoid participation,,Grade based on agreement,,,,B,Correct answer sourced from the PDF answer key: B.,LET Secondary,Values Education,Values Education,3,No,,0.96,Ready for Upload,LET Secondary Values Education Q&A. Correct answer sourced from PDF answer key.
94,44,5,VAL.ED. PART 01.pdf,/Users/lyndon/All reviewers/-LET REVIEWER 2026/C. MAJOR SUBJECTS/H. VALUES EDUCATION/2026 VALUES EDUCATION/VAL.ED. PART 01.pdf,The integration of Filipino values in lessons is called:,,,Values infusion,,Values clarification,,Values opposition,,Value neutrality,,,,A,Correct answer sourced from the PDF answer key: A.,LET Secondary,Values Education,Values Education,3,No,,0.96,Ready for Upload,LET Secondary Values Education Q&A. Correct answer sourced from PDF answer key.
95,45,5,VAL.ED. PART 01.pdf,/Users/lyndon/All reviewers/-LET REVIEWER 2026/C. MAJOR SUBJECTS/H. VALUES EDUCATION/2026 VALUES EDUCATION/VAL.ED. PART 01.pdf,"When evaluating affective outcomes, teachers use:",,,Likert scales and observation,,Speed tests,,True-or-false tests,,Matching types,,,,A,Correct answer sourced from the PDF answer key: A.,LET Secondary,Values Education,Values Education,3,No,,0.96,Ready for Upload,LET Secondary Values Education Q&A. Correct answer sourced from PDF answer key.
96,46,5,VAL.ED. PART 01.pdf,/Users/lyndon/All reviewers/-LET REVIEWER 2026/C. MAJOR SUBJECTS/H. VALUES EDUCATION/2026 VALUES EDUCATION/VAL.ED. PART 01.pdf,The key principle of Values Education is:,,,Moral autonomy,,Obedience,,Competition,,Material success,,,,A,Correct answer sourced from the PDF answer key: A.,LET Secondary,Values Education,Values Education,3,No,,0.96,Ready for Upload,LET Secondary Values Education Q&A. Correct answer sourced from PDF answer key.
97,47,5,VAL.ED. PART 01.pdf,/Users/lyndon/All reviewers/-LET REVIEWER 2026/C. MAJOR SUBJECTS/H. VALUES EDUCATION/2026 VALUES EDUCATION/VAL.ED. PART 01.pdf,The process of internalizing moral values into habits is called:,,,Moral formation,,Indoctrination,,Repetition,,Obedience training,,,,A,Correct answer sourced from the PDF answer key: A.,LET Secondary,Values Education,Values Education,3,No,,0.96,Ready for Upload,LET Secondary Values Education Q&A. Correct answer sourced from PDF answer key.
98,48,5,VAL.ED. PART 01.pdf,/Users/lyndon/All reviewers/-LET REVIEWER 2026/C. MAJOR SUBJECTS/H. VALUES EDUCATION/2026 VALUES EDUCATION/VAL.ED. PART 01.pdf,Teachers model honesty and fairness through:,,,Exemplary conduct and consistency,,Punitive control,,Silence,,Rules alone,,,,,,LET Secondary,Values Education,Values Education,3,No,,0.70,Needs Answer,LET Secondary Values Education Q&A. Correct answer sourced from PDF answer key.
99,49,5,VAL.ED. PART 01.pdf,/Users/lyndon/All reviewers/-LET REVIEWER 2026/C. MAJOR SUBJECTS/H. VALUES EDUCATION/2026 VALUES EDUCATION/VAL.ED. PART 01.pdf,The integration of faith and reason is emphasized by:,,,St. Thomas Aquinas,,Aristotle,,John Dewey,,Kant,,,,A,Correct answer sourced from the PDF answer key: A.,LET Secondary,Values Education,Values Education,3,No,,0.96,Ready for Upload,LET Secondary Values Education Q&A. Correct answer sourced from PDF answer key.
100,50,5,VAL.ED. PART 01.pdf,/Users/lyndon/All reviewers/-LET REVIEWER 2026/C. MAJOR SUBJECTS/H. VALUES EDUCATION/2026 VALUES EDUCATION/VAL.ED. PART 01.pdf,The ultimate test of Values Education is:,,,Application in daily life and moral action,,High exam scores,,Class participation,,Recitation skills Comprehensive LET Reviewer 2025/2026 InsightfulMinds PH Reviewer LET Reviewer Values Education Part 1 2025/2026,,,,A,Correct answer sourced from the PDF answer key: A.,LET Secondary,Values Education,Values Education,3,No,,0.96,Ready for Upload,LET Secondary Values Education Q&A. Correct answer sourced from PDF answer key.
101,1,1,VAL.ED. PART 02.pdf,/Users/lyndon/All reviewers/-LET REVIEWER 2026/C. MAJOR SUBJECTS/H. VALUES EDUCATION/2026 VALUES EDUCATION/VAL.ED. PART 02.pdf,The philosophical study of what is morally right and wrong is called:,,,Aesthetics,,Ethics,,Metaphysics,,Epistemology,,,,B,Correct answer sourced from the PDF answer key: B.,LET Secondary,Values Education,Values Education,3,No,,0.96,Ready for Upload,LET Secondary Values Education Q&A. Correct answer sourced from PDF answer key.
102,2,1,VAL.ED. PART 02.pdf,/Users/lyndon/All reviewers/-LET REVIEWER 2026/C. MAJOR SUBJECTS/H. VALUES EDUCATION/2026 VALUES EDUCATION/VAL.ED. PART 02.pdf,Aristotle’s concept of the “Golden Mean” emphasizes:,,,Avoiding all emotions,,Living a life of extreme pleasure,,Moderation between excess and deficiency,,Doing what others expect,,,,C,Correct answer sourced from the PDF answer key: C.,LET Secondary,Values Education,Values Education,3,No,,0.96,Ready for Upload,LET Secondary Values Education Q&A. Correct answer sourced from PDF answer key.
103,3,1,VAL.ED. PART 02.pdf,/Users/lyndon/All reviewers/-LET REVIEWER 2026/C. MAJOR SUBJECTS/H. VALUES EDUCATION/2026 VALUES EDUCATION/VAL.ED. PART 02.pdf,Immanuel Kant’s moral philosophy is based on:,,,The principle of utility,,The categorical imperative,,Moral relativism,,Hedonism,,,,B,Correct answer sourced from the PDF answer key: B.,LET Secondary,Values Education,Values Education,3,No,,0.96,Ready for Upload,LET Secondary Values Education Q&A. Correct answer sourced from PDF answer key.
104,4,1,VAL.ED. PART 02.pdf,/Users/lyndon/All reviewers/-LET REVIEWER 2026/C. MAJOR SUBJECTS/H. VALUES EDUCATION/2026 VALUES EDUCATION/VAL.ED. PART 02.pdf,“The end justifies the means” best describes:,,,Utilitarianism,,Kantian ethics,,Natural law theory,,Stoicism,,,,A,Correct answer sourced from the PDF answer key: A.,LET Secondary,Values Education,Values Education,3,No,,0.96,Ready for Upload,LET Secondary Values Education Q&A. Correct answer sourced from PDF answer key.
105,5,1,VAL.ED. PART 02.pdf,/Users/lyndon/All reviewers/-LET REVIEWER 2026/C. MAJOR SUBJECTS/H. VALUES EDUCATION/2026 VALUES EDUCATION/VAL.ED. PART 02.pdf,Which philosopher argued that moral virtue is formed through habit?,,,Socrates,,Plato,,Aristotle,,Aquinas,,,,C,Correct answer sourced from the PDF answer key: C.,LET Secondary,Values Education,Values Education,3,No,,0.96,Ready for Upload,LET Secondary Values Education Q&A. Correct answer sourced from PDF answer key.
106,6,1,VAL.ED. PART 02.pdf,/Users/lyndon/All reviewers/-LET REVIEWER 2026/C. MAJOR SUBJECTS/H. VALUES EDUCATION/2026 VALUES EDUCATION/VAL.ED. PART 02.pdf,A teacher encourages critical reflection on moral issues. This approach is:,,,Indoctrination,,Moral reasoning,,Moral authoritarianism,,Value conditioning,,,,B,Correct answer sourced from the PDF answer key: B.,LET Secondary,Values Education,Values Education,3,No,,0.96,Ready for Upload,LET Secondary Values Education Q&A. Correct answer sourced from PDF answer key.
107,7,1,VAL.ED. PART 02.pdf,/Users/lyndon/All reviewers/-LET REVIEWER 2026/C. MAJOR SUBJECTS/H. VALUES EDUCATION/2026 VALUES EDUCATION/VAL.ED. PART 02.pdf,"“Moral worth depends on the intention of the act, not its outcome” reflects:",,,Consequentialism,,Utilitarian ethics,,Deontological ethics,,Pragmatism,,,,C,Correct answer sourced from the PDF answer key: C.,LET Secondary,Values Education,Values Education,3,No,,0.96,Ready for Upload,LET Secondary Values Education Q&A. Correct answer sourced from PDF answer key.
108,8,1,VAL.ED. PART 02.pdf,/Users/lyndon/All reviewers/-LET REVIEWER 2026/C. MAJOR SUBJECTS/H. VALUES EDUCATION/2026 VALUES EDUCATION/VAL.ED. PART 02.pdf,The belief that moral truth varies across cultures is called:,,,Ethical absolutism,,Moral relativism,,Moral universalism,,Moral realism,,,,B,Correct answer sourced from the PDF answer key: B.,LET Secondary,Values Education,Values Education,3,No,,0.96,Ready for Upload,LET Secondary Values Education Q&A. Correct answer sourced from PDF answer key.
109,9,1,VAL.ED. PART 02.pdf,/Users/lyndon/All reviewers/-LET REVIEWER 2026/C. MAJOR SUBJECTS/H. VALUES EDUCATION/2026 VALUES EDUCATION/VAL.ED. PART 02.pdf,"According to Thomas Aquinas, the highest law that governs all creation is:",,,Natural law,,Human law,,Divine law,,Eternal law,,,,D,Correct answer sourced from the PDF answer key: D.,LET Secondary,Values Education,Values Education,3,No,,0.96,Ready for Upload,LET Secondary Values Education Q&A. Correct answer sourced from PDF answer key.
110,10,1,VAL.ED. PART 02.pdf,/Users/lyndon/All reviewers/-LET REVIEWER 2026/C. MAJOR SUBJECTS/H. VALUES EDUCATION/2026 VALUES EDUCATION/VAL.ED. PART 02.pdf,The virtue of prudence refers to:,,,Justice in action Comprehensive LET Reviewer 2025/2026 InsightfulMinds PH Reviewer,,Doing one’s duty without question,,Wise decision-making in moral situations,,Obedience to authority,,,,C,Correct answer sourced from the PDF answer key: C.,LET Secondary,Values Education,Values Education,3,No,,0.96,Ready for Upload,LET Secondary Values Education Q&A. Correct answer sourced from PDF answer key.
111,11,2,VAL.ED. PART 02.pdf,/Users/lyndon/All reviewers/-LET REVIEWER 2026/C. MAJOR SUBJECTS/H. VALUES EDUCATION/2026 VALUES EDUCATION/VAL.ED. PART 02.pdf,A student who respects others regardless of beliefs demonstrates:,,,Social conformity,,Tolerance,,Relativism,,Authority obedience,,,,B,Correct answer sourced from the PDF answer key: B.,LET Secondary,Values Education,Values Education,3,No,,0.96,Ready for Upload,LET Secondary Values Education Q&A. Correct answer sourced from PDF answer key.
112,12,2,VAL.ED. PART 02.pdf,/Users/lyndon/All reviewers/-LET REVIEWER 2026/C. MAJOR SUBJECTS/H. VALUES EDUCATION/2026 VALUES EDUCATION/VAL.ED. PART 02.pdf,“Freedom with responsibility” means:,,,Doing whatever one desires,,Acting based on reason and accountability,,Avoiding social rules,,Submitting to others,,,,,,LET Secondary,Values Education,Values Education,3,No,,0.70,Needs Answer,LET Secondary Values Education Q&A. Correct answer sourced from PDF answer key.
113,13,2,VAL.ED. PART 02.pdf,/Users/lyndon/All reviewers/-LET REVIEWER 2026/C. MAJOR SUBJECTS/H. VALUES EDUCATION/2026 VALUES EDUCATION/VAL.ED. PART 02.pdf,Jean-Paul Sartre’s existentialism emphasizes:,,,The illusion of choice,,Determinism,,Individual freedom and responsibility,,Group conformity,,,,C,Correct answer sourced from the PDF answer key: C.,LET Secondary,Values Education,Values Education,3,No,,0.96,Ready for Upload,LET Secondary Values Education Q&A. Correct answer sourced from PDF answer key.
114,14,2,VAL.ED. PART 02.pdf,/Users/lyndon/All reviewers/-LET REVIEWER 2026/C. MAJOR SUBJECTS/H. VALUES EDUCATION/2026 VALUES EDUCATION/VAL.ED. PART 02.pdf,Which of the following is an example of moral absolutism?,,,“Stealing is wrong regardless of reason.”,,“Lying is acceptable to save a life.”,,“Ethics depend on culture.”,,“Morality changes with time.”,,,,A,Correct answer sourced from the PDF answer key: A.,LET Secondary,Values Education,Values Education,3,No,,0.96,Ready for Upload,LET Secondary Values Education Q&A. Correct answer sourced from PDF answer key.
115,15,2,VAL.ED. PART 02.pdf,/Users/lyndon/All reviewers/-LET REVIEWER 2026/C. MAJOR SUBJECTS/H. VALUES EDUCATION/2026 VALUES EDUCATION/VAL.ED. PART 02.pdf,Which moral theory focuses on the moral character of the person rather than the act?,,,Deontological ethics,,Virtue ethics,,Utilitarianism,,Hedonism PART II – FILIPINO VALUES AND MORAL DEVELOPMENT,,,,B,Correct answer sourced from the PDF answer key: B.,LET Secondary,Values Education,Values Education,3,No,,0.96,Ready for Upload,LET Secondary Values Education Q&A. Correct answer sourced from PDF answer key.
116,16,2,VAL.ED. PART 02.pdf,/Users/lyndon/All reviewers/-LET REVIEWER 2026/C. MAJOR SUBJECTS/H. VALUES EDUCATION/2026 VALUES EDUCATION/VAL.ED. PART 02.pdf,Which Filipino value highlights family solidarity and loyalty?,,,Bayanihan,,Pakikisama,,Utang na loob,,Paggalang,,,,C,Correct answer sourced from the PDF answer key: C.,LET Secondary,Values Education,Values Education,3,No,,0.96,Ready for Upload,LET Secondary Values Education Q&A. Correct answer sourced from PDF answer key.
117,17,2,VAL.ED. PART 02.pdf,/Users/lyndon/All reviewers/-LET REVIEWER 2026/C. MAJOR SUBJECTS/H. VALUES EDUCATION/2026 VALUES EDUCATION/VAL.ED. PART 02.pdf,“Pakikipagkapwa-tao” is best translated as:,,,Unity with nature,,Shared humanity,,Individual achievement,,Self-interest,,,,B,Correct answer sourced from the PDF answer key: B.,LET Secondary,Values Education,Values Education,3,No,,0.96,Ready for Upload,LET Secondary Values Education Q&A. Correct answer sourced from PDF answer key.
118,18,2,VAL.ED. PART 02.pdf,/Users/lyndon/All reviewers/-LET REVIEWER 2026/C. MAJOR SUBJECTS/H. VALUES EDUCATION/2026 VALUES EDUCATION/VAL.ED. PART 02.pdf,The tendency to avoid conflict by maintaining smooth interpersonal relationships is called:,,,Hiya,,Pakikisama,,Bahala na,,Amor propio,,,,B,Correct answer sourced from the PDF answer key: B.,LET Secondary,Values Education,Values Education,3,No,,0.96,Ready for Upload,LET Secondary Values Education Q&A. Correct answer sourced from PDF answer key.
119,19,2,VAL.ED. PART 02.pdf,/Users/lyndon/All reviewers/-LET REVIEWER 2026/C. MAJOR SUBJECTS/H. VALUES EDUCATION/2026 VALUES EDUCATION/VAL.ED. PART 02.pdf,The concept of “Bayanihan” represents:,,,Community cooperation,,Dependence on others,,Individual competition,,Religious devotion,,,,A,Correct answer sourced from the PDF answer key: A.,LET Secondary,Values Education,Values Education,3,No,,0.96,Ready for Upload,LET Secondary Values Education Q&A. Correct answer sourced from PDF answer key.
120,20,2,VAL.ED. PART 02.pdf,/Users/lyndon/All reviewers/-LET REVIEWER 2026/C. MAJOR SUBJECTS/H. VALUES EDUCATION/2026 VALUES EDUCATION/VAL.ED. PART 02.pdf,“Utang na loob” may become negative when it leads to:,,,Gratitude Comprehensive LET Reviewer 2025/2026 InsightfulMinds PH Reviewer,,Abuse of loyalty or corruption,,Empathy,,Respect,,,,B,Correct answer sourced from the PDF answer key: B.,LET Secondary,Values Education,Values Education,3,No,,0.96,Ready for Upload,LET Secondary Values Education Q&A. Correct answer sourced from PDF answer key.
121,21,3,VAL.ED. PART 02.pdf,/Users/lyndon/All reviewers/-LET REVIEWER 2026/C. MAJOR SUBJECTS/H. VALUES EDUCATION/2026 VALUES EDUCATION/VAL.ED. PART 02.pdf,Filipino moral values are deeply rooted in:,,,Materialism,,Familism and spirituality,,Competition,,Westernization,,,,B,Correct answer sourced from the PDF answer key: B.,LET Secondary,Values Education,Values Education,3,No,,0.96,Ready for Upload,LET Secondary Values Education Q&A. Correct answer sourced from PDF answer key.
122,22,3,VAL.ED. PART 02.pdf,/Users/lyndon/All reviewers/-LET REVIEWER 2026/C. MAJOR SUBJECTS/H. VALUES EDUCATION/2026 VALUES EDUCATION/VAL.ED. PART 02.pdf,The core of Filipino interpersonal relationships is:,,,Pakikipagkapwa,,Hiya,,Bahala na,,Utang na loob,,,,A,Correct answer sourced from the PDF answer key: A.,LET Secondary,Values Education,Values Education,3,No,,0.96,Ready for Upload,LET Secondary Values Education Q&A. Correct answer sourced from PDF answer key.
123,23,3,VAL.ED. PART 02.pdf,/Users/lyndon/All reviewers/-LET REVIEWER 2026/C. MAJOR SUBJECTS/H. VALUES EDUCATION/2026 VALUES EDUCATION/VAL.ED. PART 02.pdf,“Bahala na” as a Filipino value reflects:,,,Fatalism and courage,,Laziness,,Irresponsibility,,Indifference,,,,A,Correct answer sourced from the PDF answer key: A.,LET Secondary,Values Education,Values Education,3,No,,0.96,Ready for Upload,LET Secondary Values Education Q&A. Correct answer sourced from PDF answer key.
124,24,3,VAL.ED. PART 02.pdf,/Users/lyndon/All reviewers/-LET REVIEWER 2026/C. MAJOR SUBJECTS/H. VALUES EDUCATION/2026 VALUES EDUCATION/VAL.ED. PART 02.pdf,The moral development theory most applicable in Filipino collectivist culture is:,,,Kohlberg’s justice theory,,Gilligan’s care theory,,Piaget’s cognitive stages,,Skinner’s behaviorism,,,,B,Correct answer sourced from the PDF answer key: B.,LET Secondary,Values Education,Values Education,3,No,,0.96,Ready for Upload,LET Secondary Values Education Q&A. Correct answer sourced from PDF answer key.
125,25,3,VAL.ED. PART 02.pdf,/Users/lyndon/All reviewers/-LET REVIEWER 2026/C. MAJOR SUBJECTS/H. VALUES EDUCATION/2026 VALUES EDUCATION/VAL.ED. PART 02.pdf,Which Filipino virtue promotes concern for others and community welfare?,,,Pakikipagkapwa-tao,,Bahala na,,Hiya,,Ningas kugon,,,,A,Correct answer sourced from the PDF answer key: A.,LET Secondary,Values Education,Values Education,3,No,,0.96,Ready for Upload,LET Secondary Values Education Q&A. Correct answer sourced from PDF answer key.
126,26,3,VAL.ED. PART 02.pdf,/Users/lyndon/All reviewers/-LET REVIEWER 2026/C. MAJOR SUBJECTS/H. VALUES EDUCATION/2026 VALUES EDUCATION/VAL.ED. PART 02.pdf,“Amor propio” means:,,,Love of others,,Self-esteem or self-respect,,Pride in community,,Obedience,,,,B,Correct answer sourced from the PDF answer key: B.,LET Secondary,Values Education,Values Education,3,No,,0.96,Ready for Upload,LET Secondary Values Education Q&A. Correct answer sourced from PDF answer key.
127,27,3,VAL.ED. PART 02.pdf,/Users/lyndon/All reviewers/-LET REVIEWER 2026/C. MAJOR SUBJECTS/H. VALUES EDUCATION/2026 VALUES EDUCATION/VAL.ED. PART 02.pdf,Which Filipino value promotes compassion and shared humanity?,,,Pakikiramay,,Bahala na,,Utang na loob,,Pakikisama,,,,A,Correct answer sourced from the PDF answer key: A.,LET Secondary,Values Education,Values Education,3,No,,0.96,Ready for Upload,LET Secondary Values Education Q&A. Correct answer sourced from PDF answer key.
128,28,3,VAL.ED. PART 02.pdf,/Users/lyndon/All reviewers/-LET REVIEWER 2026/C. MAJOR SUBJECTS/H. VALUES EDUCATION/2026 VALUES EDUCATION/VAL.ED. PART 02.pdf,The tendency to start tasks enthusiastically but fail to sustain them is:,,,Ningas kugon,,Bayanihan,,Hiya,,Amor propio,,,,A,Correct answer sourced from the PDF answer key: A.,LET Secondary,Values Education,Values Education,3,No,,0.96,Ready for Upload,LET Secondary Values Education Q&A. Correct answer sourced from PDF answer key.
129,29,3,VAL.ED. PART 02.pdf,/Users/lyndon/All reviewers/-LET REVIEWER 2026/C. MAJOR SUBJECTS/H. VALUES EDUCATION/2026 VALUES EDUCATION/VAL.ED. PART 02.pdf,Which Filipino moral trait is essential for nation-building?,,,Pakikipagkapwa-tao,,Bahala na,,Utang na loob,,Pakikisama,,,,A,Correct answer sourced from the PDF answer key: A.,LET Secondary,Values Education,Values Education,3,No,,0.96,Ready for Upload,LET Secondary Values Education Q&A. Correct answer sourced from PDF answer key.
130,30,3,VAL.ED. PART 02.pdf,/Users/lyndon/All reviewers/-LET REVIEWER 2026/C. MAJOR SUBJECTS/H. VALUES EDUCATION/2026 VALUES EDUCATION/VAL.ED. PART 02.pdf,“Hiya” serves as a:,,,Social control mechanism,,Expression of freedom,,Tool for manipulation,,Religious act Comprehensive LET Reviewer 2025/2026 InsightfulMinds PH Reviewer PART III – TEACHING VALUES EDUCATION AND CURRICULUM,,,,A,Correct answer sourced from the PDF answer key: A.,LET Secondary,Values Education,Values Education,3,No,,0.96,Ready for Upload,LET Secondary Values Education Q&A. Correct answer sourced from PDF answer key.
131,31,4,VAL.ED. PART 02.pdf,/Users/lyndon/All reviewers/-LET REVIEWER 2026/C. MAJOR SUBJECTS/H. VALUES EDUCATION/2026 VALUES EDUCATION/VAL.ED. PART 02.pdf,The primary goal of teaching Values Education is to:,,,Enforce discipline,,Develop moral reasoning and action,,Increase memorization,,Promote competition,,,,B,Correct answer sourced from the PDF answer key: B.,LET Secondary,Values Education,Values Education,3,No,,0.96,Ready for Upload,LET Secondary Values Education Q&A. Correct answer sourced from PDF answer key.
132,32,4,VAL.ED. PART 02.pdf,/Users/lyndon/All reviewers/-LET REVIEWER 2026/C. MAJOR SUBJECTS/H. VALUES EDUCATION/2026 VALUES EDUCATION/VAL.ED. PART 02.pdf,"In Values Education, the teacher’s role is to:",,,Lecture on morals,,Facilitate reflection and critical thinking,,Impose beliefs,,Avoid moral issues,,,,B,Correct answer sourced from the PDF answer key: B.,LET Secondary,Values Education,Values Education,3,No,,0.96,Ready for Upload,LET Secondary Values Education Q&A. Correct answer sourced from PDF answer key.
133,33,4,VAL.ED. PART 02.pdf,/Users/lyndon/All reviewers/-LET REVIEWER 2026/C. MAJOR SUBJECTS/H. VALUES EDUCATION/2026 VALUES EDUCATION/VAL.ED. PART 02.pdf,The affective domain refers to:,,,Knowledge,,Attitudes and values,,Skills,,Concepts,,,,B,Correct answer sourced from the PDF answer key: B.,LET Secondary,Values Education,Values Education,3,No,,0.96,Ready for Upload,LET Secondary Values Education Q&A. Correct answer sourced from PDF answer key.
134,34,4,VAL.ED. PART 02.pdf,/Users/lyndon/All reviewers/-LET REVIEWER 2026/C. MAJOR SUBJECTS/H. VALUES EDUCATION/2026 VALUES EDUCATION/VAL.ED. PART 02.pdf,Which method helps students clarify their own beliefs?,,,Lecture,,Role playing,,Value clarification,,Drills,,,,C,Correct answer sourced from the PDF answer key: C.,LET Secondary,Values Education,Values Education,3,No,,0.96,Ready for Upload,LET Secondary Values Education Q&A. Correct answer sourced from PDF answer key.
135,35,4,VAL.ED. PART 02.pdf,/Users/lyndon/All reviewers/-LET REVIEWER 2026/C. MAJOR SUBJECTS/H. VALUES EDUCATION/2026 VALUES EDUCATION/VAL.ED. PART 02.pdf,The moral dilemma method encourages students to:,,,Memorize laws,,Apply reasoning to ethical problems,,Follow authority,,Avoid judgment,,,,B,Correct answer sourced from the PDF answer key: B.,LET Secondary,Values Education,Values Education,3,No,,0.96,Ready for Upload,LET Secondary Values Education Q&A. Correct answer sourced from PDF answer key.
136,36,4,VAL.ED. PART 02.pdf,/Users/lyndon/All reviewers/-LET REVIEWER 2026/C. MAJOR SUBJECTS/H. VALUES EDUCATION/2026 VALUES EDUCATION/VAL.ED. PART 02.pdf,Assessment in Values Education focuses on:,,,Behavioral change and reasoning,,Speed of response,,Memory,,Attendance,,,,A,Correct answer sourced from the PDF answer key: A.,LET Secondary,Values Education,Values Education,3,No,,0.96,Ready for Upload,LET Secondary Values Education Q&A. Correct answer sourced from PDF answer key.
137,37,4,VAL.ED. PART 02.pdf,/Users/lyndon/All reviewers/-LET REVIEWER 2026/C. MAJOR SUBJECTS/H. VALUES EDUCATION/2026 VALUES EDUCATION/VAL.ED. PART 02.pdf,The integration of values in other subjects is called:,,,Values infusion,,Values isolation,,Moral deduction,,Indoctrination,,,,A,Correct answer sourced from the PDF answer key: A.,LET Secondary,Values Education,Values Education,3,No,,0.96,Ready for Upload,LET Secondary Values Education Q&A. Correct answer sourced from PDF answer key.
138,38,4,VAL.ED. PART 02.pdf,/Users/lyndon/All reviewers/-LET REVIEWER 2026/C. MAJOR SUBJECTS/H. VALUES EDUCATION/2026 VALUES EDUCATION/VAL.ED. PART 02.pdf,Role modeling by the teacher promotes:,,,Value internalization,,Imitation without thought,,Dependence,,Obedience,,,,A,Correct answer sourced from the PDF answer key: A.,LET Secondary,Values Education,Values Education,3,No,,0.96,Ready for Upload,LET Secondary Values Education Q&A. Correct answer sourced from PDF answer key.
139,39,4,VAL.ED. PART 02.pdf,/Users/lyndon/All reviewers/-LET REVIEWER 2026/C. MAJOR SUBJECTS/H. VALUES EDUCATION/2026 VALUES EDUCATION/VAL.ED. PART 02.pdf,Reflective journaling encourages:,,,Personal moral awareness,,Passive learning,,Group pressure,,Compliance,,,,,,LET Secondary,Values Education,Values Education,3,No,,0.70,Needs Answer,LET Secondary Values Education Q&A. Correct answer sourced from PDF answer key.
140,40,4,VAL.ED. PART 02.pdf,/Users/lyndon/All reviewers/-LET REVIEWER 2026/C. MAJOR SUBJECTS/H. VALUES EDUCATION/2026 VALUES EDUCATION/VAL.ED. PART 02.pdf,A teacher who promotes community outreach projects applies:,,,Service learning,,Indoctrination,,Drill method,,Dictation,,,,A,Correct answer sourced from the PDF answer key: A.,LET Secondary,Values Education,Values Education,3,No,,0.96,Ready for Upload,LET Secondary Values Education Q&A. Correct answer sourced from PDF answer key.
141,41,4,VAL.ED. PART 02.pdf,/Users/lyndon/All reviewers/-LET REVIEWER 2026/C. MAJOR SUBJECTS/H. VALUES EDUCATION/2026 VALUES EDUCATION/VAL.ED. PART 02.pdf,The main component of the Values Education curriculum is:,,,Self-awareness and moral decision-making,,Memorization Comprehensive LET Reviewer 2025/2026 InsightfulMinds PH Reviewer,,Competition,,Obedience,,,,A,Correct answer sourced from the PDF answer key: A.,LET Secondary,Values Education,Values Education,3,No,,0.96,Ready for Upload,LET Secondary Values Education Q&A. Correct answer sourced from PDF answer key.
142,42,5,VAL.ED. PART 02.pdf,/Users/lyndon/All reviewers/-LET REVIEWER 2026/C. MAJOR SUBJECTS/H. VALUES EDUCATION/2026 VALUES EDUCATION/VAL.ED. PART 02.pdf,Which of the following is a core teaching strategy in Values Education?,,,Group reflection,,Textbook memorization,,Lecture only,,Multiple choice drills,,,,A,Correct answer sourced from the PDF answer key: A.,LET Secondary,Values Education,Values Education,3,No,,0.96,Ready for Upload,LET Secondary Values Education Q&A. Correct answer sourced from PDF answer key.
143,43,5,VAL.ED. PART 02.pdf,/Users/lyndon/All reviewers/-LET REVIEWER 2026/C. MAJOR SUBJECTS/H. VALUES EDUCATION/2026 VALUES EDUCATION/VAL.ED. PART 02.pdf,The term “hidden curriculum” refers to:,,,Unwritten values taught by school culture,,Secret lessons,,Co-curricular programs,,Lesson plans,,,,,,LET Secondary,Values Education,Values Education,3,No,,0.70,Needs Answer,LET Secondary Values Education Q&A. Correct answer sourced from PDF answer key.
144,44,5,VAL.ED. PART 02.pdf,/Users/lyndon/All reviewers/-LET REVIEWER 2026/C. MAJOR SUBJECTS/H. VALUES EDUCATION/2026 VALUES EDUCATION/VAL.ED. PART 02.pdf,"To foster value internalization, a teacher must:",,,Provide consistent moral examples,,Avoid expressing opinions,,Impose strict punishments,,Grade based on memorization,,,,,,LET Secondary,Values Education,Values Education,3,No,,0.70,Needs Answer,LET Secondary Values Education Q&A. Correct answer sourced from PDF answer key.
145,45,5,VAL.ED. PART 02.pdf,/Users/lyndon/All reviewers/-LET REVIEWER 2026/C. MAJOR SUBJECTS/H. VALUES EDUCATION/2026 VALUES EDUCATION/VAL.ED. PART 02.pdf,The principle of holistic education means:,,,"Integrating cognitive, affective, and moral domains",,Focusing on knowledge,,Ignoring emotions,,Teaching only values,,,,A,Correct answer sourced from the PDF answer key: A.,LET Secondary,Values Education,Values Education,3,No,,0.96,Ready for Upload,LET Secondary Values Education Q&A. Correct answer sourced from PDF answer key.
146,46,5,VAL.ED. PART 02.pdf,/Users/lyndon/All reviewers/-LET REVIEWER 2026/C. MAJOR SUBJECTS/H. VALUES EDUCATION/2026 VALUES EDUCATION/VAL.ED. PART 02.pdf,“Learning by doing” reflects which educational philosophy?,,,Progressivism,,Idealism,,Realism,,Perennialism,,,,A,Correct answer sourced from the PDF answer key: A.,LET Secondary,Values Education,Values Education,3,No,,0.96,Ready for Upload,LET Secondary Values Education Q&A. Correct answer sourced from PDF answer key.
147,47,5,VAL.ED. PART 02.pdf,/Users/lyndon/All reviewers/-LET REVIEWER 2026/C. MAJOR SUBJECTS/H. VALUES EDUCATION/2026 VALUES EDUCATION/VAL.ED. PART 02.pdf,The best way to assess affective learning outcomes is through:,,,Anecdotal records and observation,,Objective tests,,Recitation,,Attendance,,,,A,Correct answer sourced from the PDF answer key: A.,LET Secondary,Values Education,Values Education,3,No,,0.96,Ready for Upload,LET Secondary Values Education Q&A. Correct answer sourced from PDF answer key.
148,48,5,VAL.ED. PART 02.pdf,/Users/lyndon/All reviewers/-LET REVIEWER 2026/C. MAJOR SUBJECTS/H. VALUES EDUCATION/2026 VALUES EDUCATION/VAL.ED. PART 02.pdf,A student participating in peer mediation develops:,,,Conflict resolution and empathy,,Competition,,Obedience,,Independence only,,,,A,Correct answer sourced from the PDF answer key: A.,LET Secondary,Values Education,Values Education,3,No,,0.96,Ready for Upload,LET Secondary Values Education Q&A. Correct answer sourced from PDF answer key.
149,49,5,VAL.ED. PART 02.pdf,/Users/lyndon/All reviewers/-LET REVIEWER 2026/C. MAJOR SUBJECTS/H. VALUES EDUCATION/2026 VALUES EDUCATION/VAL.ED. PART 02.pdf,A teacher who evaluates both reasoning and action applies:,,,Authentic assessment,,Multiple-choice testing,,True-or-false test,,Oral exam only,,,,A,Correct answer sourced from the PDF answer key: A.,LET Secondary,Values Education,Values Education,3,No,,0.96,Ready for Upload,LET Secondary Values Education Q&A. Correct answer sourced from PDF answer key.
150,50,5,VAL.ED. PART 02.pdf,/Users/lyndon/All reviewers/-LET REVIEWER 2026/C. MAJOR SUBJECTS/H. VALUES EDUCATION/2026 VALUES EDUCATION/VAL.ED. PART 02.pdf,The most significant outcome of Values Education is:,,,Living out values in real life,,High grades,,Participation,,Attendance Comprehensive LET Reviewer 2025/2026 InsightfulMinds PH Reviewer LET Reviewer Values Education Part 2 2025/2026,,,,,,LET Secondary,Values Education,Values Education,3,No,,0.70,Needs Answer,LET Secondary Values Education Q&A. Correct answer sourced from PDF answer key.
151,1,1,VAL.ED. PART 03.pdf,/Users/lyndon/All reviewers/-LET REVIEWER 2026/C. MAJOR SUBJECTS/H. VALUES EDUCATION/2026 VALUES EDUCATION/VAL.ED. PART 03.pdf,The branch of ethics concerned with the systematic study of moral principles is:,,,Meta-ethics,,Descriptive ethics,,Normative ethics,,Applied ethics,,,,C,Correct answer sourced from the PDF answer key: C.,LET Secondary,Values Education,Values Education,3,No,,0.96,Ready for Upload,LET Secondary Values Education Q&A. Correct answer sourced from PDF answer key.
152,2,1,VAL.ED. PART 03.pdf,/Users/lyndon/All reviewers/-LET REVIEWER 2026/C. MAJOR SUBJECTS/H. VALUES EDUCATION/2026 VALUES EDUCATION/VAL.ED. PART 03.pdf,The theory that defines right action as that which produces the greatest happiness is:,,,Deontology,,Utilitarianism,,Virtue ethics,,Relativism,,,,B,Correct answer sourced from the PDF answer key: B.,LET Secondary,Values Education,Values Education,3,No,,0.96,Ready for Upload,LET Secondary Values Education Q&A. Correct answer sourced from PDF answer key.
153,3,1,VAL.ED. PART 03.pdf,/Users/lyndon/All reviewers/-LET REVIEWER 2026/C. MAJOR SUBJECTS/H. VALUES EDUCATION/2026 VALUES EDUCATION/VAL.ED. PART 03.pdf,Kant’s categorical imperative requires that we:,,,Act to promote happiness,,Act according to maxims that could be universal laws,,Seek personal benefit,,Follow emotions,,,,B,Correct answer sourced from the PDF answer key: B.,LET Secondary,Values Education,Values Education,3,No,,0.96,Ready for Upload,LET Secondary Values Education Q&A. Correct answer sourced from PDF answer key.
154,4,1,VAL.ED. PART 03.pdf,/Users/lyndon/All reviewers/-LET REVIEWER 2026/C. MAJOR SUBJECTS/H. VALUES EDUCATION/2026 VALUES EDUCATION/VAL.ED. PART 03.pdf,The philosophy that values practical consequences of actions is:,,,Idealism,,Pragmatism,,Realism,,Existentialism,,,,B,Correct answer sourced from the PDF answer key: B.,LET Secondary,Values Education,Values Education,3,No,,0.96,Ready for Upload,LET Secondary Values Education Q&A. Correct answer sourced from PDF answer key.
155,5,1,VAL.ED. PART 03.pdf,/Users/lyndon/All reviewers/-LET REVIEWER 2026/C. MAJOR SUBJECTS/H. VALUES EDUCATION/2026 VALUES EDUCATION/VAL.ED. PART 03.pdf,"According to Aristotle, the highest good is:",,,Wealth,,Pleasure,,Eudaimonia (human flourishing),,Fame,,,,C,Correct answer sourced from the PDF answer key: C.,LET Secondary,Values Education,Values Education,3,No,,0.96,Ready for Upload,LET Secondary Values Education Q&A. Correct answer sourced from PDF answer key.
156,6,1,VAL.ED. PART 03.pdf,/Users/lyndon/All reviewers/-LET REVIEWER 2026/C. MAJOR SUBJECTS/H. VALUES EDUCATION/2026 VALUES EDUCATION/VAL.ED. PART 03.pdf,Which theory claims that moral truth is based on God’s command?,,,Natural law,,Divine command theory,,Deontological ethics,,Ethical egoism,,,,B,Correct answer sourced from the PDF answer key: B.,LET Secondary,Values Education,Values Education,3,No,,0.96,Ready for Upload,LET Secondary Values Education Q&A. Correct answer sourced from PDF answer key.
157,7,1,VAL.ED. PART 03.pdf,/Users/lyndon/All reviewers/-LET REVIEWER 2026/C. MAJOR SUBJECTS/H. VALUES EDUCATION/2026 VALUES EDUCATION/VAL.ED. PART 03.pdf,Nietzsche’s “master morality” emphasizes:,,,Compassion and humility,,Strength and self-overcoming,,Equality,,Submission,,,,B,Correct answer sourced from the PDF answer key: B.,LET Secondary,Values Education,Values Education,3,No,,0.96,Ready for Upload,LET Secondary Values Education Q&A. Correct answer sourced from PDF answer key.
158,8,1,VAL.ED. PART 03.pdf,/Users/lyndon/All reviewers/-LET REVIEWER 2026/C. MAJOR SUBJECTS/H. VALUES EDUCATION/2026 VALUES EDUCATION/VAL.ED. PART 03.pdf,“The good of the many outweighs the good of the few” expresses:,,,Utilitarianism,,Hedonism,,Existentialism,,Virtue ethics,,,,A,Correct answer sourced from the PDF answer key: A.,LET Secondary,Values Education,Values Education,3,No,,0.96,Ready for Upload,LET Secondary Values Education Q&A. Correct answer sourced from PDF answer key.
159,9,1,VAL.ED. PART 03.pdf,/Users/lyndon/All reviewers/-LET REVIEWER 2026/C. MAJOR SUBJECTS/H. VALUES EDUCATION/2026 VALUES EDUCATION/VAL.ED. PART 03.pdf,The idea that “there are no absolute moral truths” reflects:,,,Moral objectivism,,Ethical relativism,,Utilitarianism,,Virtue ethics,,,,B,Correct answer sourced from the PDF answer key: B.,LET Secondary,Values Education,Values Education,3,No,,0.96,Ready for Upload,LET Secondary Values Education Q&A. Correct answer sourced from PDF answer key.
160,10,1,VAL.ED. PART 03.pdf,/Users/lyndon/All reviewers/-LET REVIEWER 2026/C. MAJOR SUBJECTS/H. VALUES EDUCATION/2026 VALUES EDUCATION/VAL.ED. PART 03.pdf,The philosophy that emphasizes individual choice and responsibility is:,,,Existentialism Comprehensive LET Reviewer 2025/2026 InsightfulMinds PH Reviewer,,Realism,,Idealism,,Positivism,,,,A,Correct answer sourced from the PDF answer key: A.,LET Secondary,Values Education,Values Education,3,No,,0.96,Ready for Upload,LET Secondary Values Education Q&A. Correct answer sourced from PDF answer key.
161,11,2,VAL.ED. PART 03.pdf,/Users/lyndon/All reviewers/-LET REVIEWER 2026/C. MAJOR SUBJECTS/H. VALUES EDUCATION/2026 VALUES EDUCATION/VAL.ED. PART 03.pdf,“Man is a moral being capable of choosing between good and evil” is grounded in:,,,Human freedom,,Social determinism,,Naturalism,,Fatalism,,,,A,Correct answer sourced from the PDF answer key: A.,LET Secondary,Values Education,Values Education,3,No,,0.96,Ready for Upload,LET Secondary Values Education Q&A. Correct answer sourced from PDF answer key.
162,12,2,VAL.ED. PART 03.pdf,/Users/lyndon/All reviewers/-LET REVIEWER 2026/C. MAJOR SUBJECTS/H. VALUES EDUCATION/2026 VALUES EDUCATION/VAL.ED. PART 03.pdf,The “Ethics of Care” primarily emphasizes:,,,Justice and fairness,,Relationships and compassion,,Obedience to law,,Social control,,,,,,LET Secondary,Values Education,Values Education,3,No,,0.70,Needs Answer,LET Secondary Values Education Q&A. Correct answer sourced from PDF answer key.
163,13,2,VAL.ED. PART 03.pdf,/Users/lyndon/All reviewers/-LET REVIEWER 2026/C. MAJOR SUBJECTS/H. VALUES EDUCATION/2026 VALUES EDUCATION/VAL.ED. PART 03.pdf,"In moral reasoning, “What if everyone did the same?” is a test of:",,,Categorical imperative,,Utilitarian principle,,Divine law,,Moral relativism,,,,A,Correct answer sourced from the PDF answer key: A.,LET Secondary,Values Education,Values Education,3,No,,0.96,Ready for Upload,LET Secondary Values Education Q&A. Correct answer sourced from PDF answer key.
164,14,2,VAL.ED. PART 03.pdf,/Users/lyndon/All reviewers/-LET REVIEWER 2026/C. MAJOR SUBJECTS/H. VALUES EDUCATION/2026 VALUES EDUCATION/VAL.ED. PART 03.pdf,"The theory that moral judgment must consider intention, act, and consequence together is:",,,Situation ethics,,Moral absolutism,,Nihilism,,Cultural relativism,,,,A,Correct answer sourced from the PDF answer key: A.,LET Secondary,Values Education,Values Education,3,No,,0.96,Ready for Upload,LET Secondary Values Education Q&A. Correct answer sourced from PDF answer key.
165,15,2,VAL.ED. PART 03.pdf,/Users/lyndon/All reviewers/-LET REVIEWER 2026/C. MAJOR SUBJECTS/H. VALUES EDUCATION/2026 VALUES EDUCATION/VAL.ED. PART 03.pdf,The belief that people are inherently free and responsible defines:,,,Existentialist ethics,,Behaviorism,,Idealism,,Stoicism PART II – FILIPINO MORAL AND CULTURAL VALUES,,,,A,Correct answer sourced from the PDF answer key: A.,LET Secondary,Values Education,Values Education,3,No,,0.96,Ready for Upload,LET Secondary Values Education Q&A. Correct answer sourced from PDF answer key.
166,16,2,VAL.ED. PART 03.pdf,/Users/lyndon/All reviewers/-LET REVIEWER 2026/C. MAJOR SUBJECTS/H. VALUES EDUCATION/2026 VALUES EDUCATION/VAL.ED. PART 03.pdf,Which Filipino value stresses reciprocal obligation?,,,Utang na loob,,Bayanihan,,Hiya,,Pakikiramay,,,,A,Correct answer sourced from the PDF answer key: A.,LET Secondary,Values Education,Values Education,3,No,,0.96,Ready for Upload,LET Secondary Values Education Q&A. Correct answer sourced from PDF answer key.
167,17,2,VAL.ED. PART 03.pdf,/Users/lyndon/All reviewers/-LET REVIEWER 2026/C. MAJOR SUBJECTS/H. VALUES EDUCATION/2026 VALUES EDUCATION/VAL.ED. PART 03.pdf,The value that promotes smooth interpersonal relationship is:,,,Bahala na,,Pakikisama,,Ningas kugon,,Amor propio,,,,B,Correct answer sourced from the PDF answer key: B.,LET Secondary,Values Education,Values Education,3,No,,0.96,Ready for Upload,LET Secondary Values Education Q&A. Correct answer sourced from PDF answer key.
168,18,2,VAL.ED. PART 03.pdf,/Users/lyndon/All reviewers/-LET REVIEWER 2026/C. MAJOR SUBJECTS/H. VALUES EDUCATION/2026 VALUES EDUCATION/VAL.ED. PART 03.pdf,“Pakikipagkapwa-tao” is essential for:,,,Isolation,,Harmony and empathy,,Individual success,,Competition,,,,B,Correct answer sourced from the PDF answer key: B.,LET Secondary,Values Education,Values Education,3,No,,0.96,Ready for Upload,LET Secondary Values Education Q&A. Correct answer sourced from PDF answer key.
169,19,2,VAL.ED. PART 03.pdf,/Users/lyndon/All reviewers/-LET REVIEWER 2026/C. MAJOR SUBJECTS/H. VALUES EDUCATION/2026 VALUES EDUCATION/VAL.ED. PART 03.pdf,“Bayanihan” is the spirit of:,,,Cooperation,,Authority,,Wealth,,Dependence,,,,A,Correct answer sourced from the PDF answer key: A.,LET Secondary,Values Education,Values Education,3,No,,0.96,Ready for Upload,LET Secondary Values Education Q&A. Correct answer sourced from PDF answer key.
170,20,2,VAL.ED. PART 03.pdf,/Users/lyndon/All reviewers/-LET REVIEWER 2026/C. MAJOR SUBJECTS/H. VALUES EDUCATION/2026 VALUES EDUCATION/VAL.ED. PART 03.pdf,“Bahala na” becomes positive when it:,,,Encourages faith and courage Comprehensive LET Reviewer 2025/2026 InsightfulMinds PH Reviewer,,Promotes passivity,,Justifies irresponsibility,,Rejects planning,,,,A,Correct answer sourced from the PDF answer key: A.,LET Secondary,Values Education,Values Education,3,No,,0.96,Ready for Upload,LET Secondary Values Education Q&A. Correct answer sourced from PDF answer key.
171,21,3,VAL.ED. PART 03.pdf,/Users/lyndon/All reviewers/-LET REVIEWER 2026/C. MAJOR SUBJECTS/H. VALUES EDUCATION/2026 VALUES EDUCATION/VAL.ED. PART 03.pdf,Which Filipino value means shared identity and human solidarity?,,,Pakikipagkapwa,,Hiya,,Amor propio,,Bahala na,,,,A,Correct answer sourced from the PDF answer key: A.,LET Secondary,Values Education,Values Education,3,No,,0.96,Ready for Upload,LET Secondary Values Education Q&A. Correct answer sourced from PDF answer key.
172,22,3,VAL.ED. PART 03.pdf,/Users/lyndon/All reviewers/-LET REVIEWER 2026/C. MAJOR SUBJECTS/H. VALUES EDUCATION/2026 VALUES EDUCATION/VAL.ED. PART 03.pdf,“Amor propio” may lead to conflict when:,,,Self-respect turns to excessive pride,,Gratitude is practiced,,People show humility,,Respect is observed,,,,A,Correct answer sourced from the PDF answer key: A.,LET Secondary,Values Education,Values Education,3,No,,0.96,Ready for Upload,LET Secondary Values Education Q&A. Correct answer sourced from PDF answer key.
173,23,3,VAL.ED. PART 03.pdf,/Users/lyndon/All reviewers/-LET REVIEWER 2026/C. MAJOR SUBJECTS/H. VALUES EDUCATION/2026 VALUES EDUCATION/VAL.ED. PART 03.pdf,A Filipino student helping a classmate without expecting reward shows:,,,Pakikiramay,,Pakikipagkapwa,,Hiya,,Bahala na,,,,B,Correct answer sourced from the PDF answer key: B.,LET Secondary,Values Education,Values Education,3,No,,0.96,Ready for Upload,LET Secondary Values Education Q&A. Correct answer sourced from PDF answer key.
174,24,3,VAL.ED. PART 03.pdf,/Users/lyndon/All reviewers/-LET REVIEWER 2026/C. MAJOR SUBJECTS/H. VALUES EDUCATION/2026 VALUES EDUCATION/VAL.ED. PART 03.pdf,“Ningas kugon” describes:,,,Persistent effort,,Short-lived enthusiasm,,Cooperative spirit,,Humility,,,,B,Correct answer sourced from the PDF answer key: B.,LET Secondary,Values Education,Values Education,3,No,,0.96,Ready for Upload,LET Secondary Values Education Q&A. Correct answer sourced from PDF answer key.
175,25,3,VAL.ED. PART 03.pdf,/Users/lyndon/All reviewers/-LET REVIEWER 2026/C. MAJOR SUBJECTS/H. VALUES EDUCATION/2026 VALUES EDUCATION/VAL.ED. PART 03.pdf,Which Filipino moral trait can counteract corruption?,,,Katapatan (honesty),,Hiya,,Utang na loob,,Bahala na,,,,A,Correct answer sourced from the PDF answer key: A.,LET Secondary,Values Education,Values Education,3,No,,0.96,Ready for Upload,LET Secondary Values Education Q&A. Correct answer sourced from PDF answer key.
176,26,3,VAL.ED. PART 03.pdf,/Users/lyndon/All reviewers/-LET REVIEWER 2026/C. MAJOR SUBJECTS/H. VALUES EDUCATION/2026 VALUES EDUCATION/VAL.ED. PART 03.pdf,“Hiya” serves as a moral guide by:,,,Encouraging proper social behavior,,Promoting fear,,Limiting freedom,,Rejecting accountability,,,,,,LET Secondary,Values Education,Values Education,3,No,,0.70,Needs Answer,LET Secondary Values Education Q&A. Correct answer sourced from PDF answer key.
177,27,3,VAL.ED. PART 03.pdf,/Users/lyndon/All reviewers/-LET REVIEWER 2026/C. MAJOR SUBJECTS/H. VALUES EDUCATION/2026 VALUES EDUCATION/VAL.ED. PART 03.pdf,The Filipino concept of “pakikiramay” means:,,,Sharing in others’ suffering,,Ignoring others’ problems,,Boasting,,Refusing help,,,,,,LET Secondary,Values Education,Values Education,3,No,,0.70,Needs Answer,LET Secondary Values Education Q&A. Correct answer sourced from PDF answer key.
178,28,3,VAL.ED. PART 03.pdf,/Users/lyndon/All reviewers/-LET REVIEWER 2026/C. MAJOR SUBJECTS/H. VALUES EDUCATION/2026 VALUES EDUCATION/VAL.ED. PART 03.pdf,The core of Filipino moral philosophy is:,,,Pakikipagkapwa-tao,,Material success,,Religious ritual,,Competition,,,,A,Correct answer sourced from the PDF answer key: A.,LET Secondary,Values Education,Values Education,3,No,,0.96,Ready for Upload,LET Secondary Values Education Q&A. Correct answer sourced from PDF answer key.
179,29,3,VAL.ED. PART 03.pdf,/Users/lyndon/All reviewers/-LET REVIEWER 2026/C. MAJOR SUBJECTS/H. VALUES EDUCATION/2026 VALUES EDUCATION/VAL.ED. PART 03.pdf,A Filipino who refuses to lie even under pressure demonstrates:,,,Moral integrity,,Pakikisama,,Hiya,,Amor propio,,,,A,Correct answer sourced from the PDF answer key: A.,LET Secondary,Values Education,Values Education,3,No,,0.96,Ready for Upload,LET Secondary Values Education Q&A. Correct answer sourced from PDF answer key.
180,30,3,VAL.ED. PART 03.pdf,/Users/lyndon/All reviewers/-LET REVIEWER 2026/C. MAJOR SUBJECTS/H. VALUES EDUCATION/2026 VALUES EDUCATION/VAL.ED. PART 03.pdf,A teacher integrating Filipino values in lessons practices:,,,Values infusion,,Indoctrination,,Isolation,,"Memorization Comprehensive LET Reviewer 2025/2026 InsightfulMinds PH Reviewer PART III – PEDAGOGY, CURRICULUM, AND VALUES INTEGRATION",,,,A,Correct answer sourced from the PDF answer key: A.,LET Secondary,Values Education,Values Education,3,No,,0.96,Ready for Upload,LET Secondary Values Education Q&A. Correct answer sourced from PDF answer key.
181,31,4,VAL.ED. PART 03.pdf,/Users/lyndon/All reviewers/-LET REVIEWER 2026/C. MAJOR SUBJECTS/H. VALUES EDUCATION/2026 VALUES EDUCATION/VAL.ED. PART 03.pdf,The affective domain involves:,,,Skills and coordination,,"Feelings, attitudes, and values",,Cognitive understanding,,Facts and data,,,,B,Correct answer sourced from the PDF answer key: B.,LET Secondary,Values Education,Values Education,3,No,,0.96,Ready for Upload,LET Secondary Values Education Q&A. Correct answer sourced from PDF answer key.
182,32,4,VAL.ED. PART 03.pdf,/Users/lyndon/All reviewers/-LET REVIEWER 2026/C. MAJOR SUBJECTS/H. VALUES EDUCATION/2026 VALUES EDUCATION/VAL.ED. PART 03.pdf,The best way to teach values is through:,,,Modeling and reflection,,Lecture,,Drills,,Testing,,,,A,Correct answer sourced from the PDF answer key: A.,LET Secondary,Values Education,Values Education,3,No,,0.96,Ready for Upload,LET Secondary Values Education Q&A. Correct answer sourced from PDF answer key.
183,33,4,VAL.ED. PART 03.pdf,/Users/lyndon/All reviewers/-LET REVIEWER 2026/C. MAJOR SUBJECTS/H. VALUES EDUCATION/2026 VALUES EDUCATION/VAL.ED. PART 03.pdf,The Values Clarification approach helps learners:,,,Reflect on their beliefs and make informed choices,,Memorize values,,Accept authority blindly,,Compete,,,,,,LET Secondary,Values Education,Values Education,3,No,,0.70,Needs Answer,LET Secondary Values Education Q&A. Correct answer sourced from PDF answer key.
184,34,4,VAL.ED. PART 03.pdf,/Users/lyndon/All reviewers/-LET REVIEWER 2026/C. MAJOR SUBJECTS/H. VALUES EDUCATION/2026 VALUES EDUCATION/VAL.ED. PART 03.pdf,"In the Values Education framework, the highest level of valuing is:",,,Accepting,,Organizing,,Characterizing by a value system,,Responding,,,,,,LET Secondary,Values Education,Values Education,3,No,,0.70,Needs Answer,LET Secondary Values Education Q&A. Correct answer sourced from PDF answer key.
185,35,4,VAL.ED. PART 03.pdf,/Users/lyndon/All reviewers/-LET REVIEWER 2026/C. MAJOR SUBJECTS/H. VALUES EDUCATION/2026 VALUES EDUCATION/VAL.ED. PART 03.pdf,The teaching method that uses real-life ethical problems is:,,,Moral dilemma discussion,,Indoctrination,,Lecture,,Dictation,,,,A,Correct answer sourced from the PDF answer key: A.,LET Secondary,Values Education,Values Education,3,No,,0.96,Ready for Upload,LET Secondary Values Education Q&A. Correct answer sourced from PDF answer key.
186,36,4,VAL.ED. PART 03.pdf,/Users/lyndon/All reviewers/-LET REVIEWER 2026/C. MAJOR SUBJECTS/H. VALUES EDUCATION/2026 VALUES EDUCATION/VAL.ED. PART 03.pdf,Reflective journaling helps students develop:,,,Self-awareness,,Memory,,Compliance,,Routine,,,,A,Correct answer sourced from the PDF answer key: A.,LET Secondary,Values Education,Values Education,3,No,,0.96,Ready for Upload,LET Secondary Values Education Q&A. Correct answer sourced from PDF answer key.
187,37,4,VAL.ED. PART 03.pdf,/Users/lyndon/All reviewers/-LET REVIEWER 2026/C. MAJOR SUBJECTS/H. VALUES EDUCATION/2026 VALUES EDUCATION/VAL.ED. PART 03.pdf,The “hidden curriculum” refers to:,,,Unwritten lessons from school culture,,Academic content,,Grading policy,,Curriculum guides,,,,,,LET Secondary,Values Education,Values Education,3,No,88,0.70,Duplicate,LET Secondary Values Education Q&A. Correct answer sourced from PDF answer key.
188,38,4,VAL.ED. PART 03.pdf,/Users/lyndon/All reviewers/-LET REVIEWER 2026/C. MAJOR SUBJECTS/H. VALUES EDUCATION/2026 VALUES EDUCATION/VAL.ED. PART 03.pdf,A teacher who practices what she teaches demonstrates:,,,Moral integrity,,Indoctrination,,Obedience,,Authority,,,,A,Correct answer sourced from the PDF answer key: A.,LET Secondary,Values Education,Values Education,3,No,,0.96,Ready for Upload,LET Secondary Values Education Q&A. Correct answer sourced from PDF answer key.
189,39,4,VAL.ED. PART 03.pdf,/Users/lyndon/All reviewers/-LET REVIEWER 2026/C. MAJOR SUBJECTS/H. VALUES EDUCATION/2026 VALUES EDUCATION/VAL.ED. PART 03.pdf,"When students volunteer in outreach projects, this applies:",,,Service learning,,Indoctrination,,Competition,,Coercion,,,,A,Correct answer sourced from the PDF answer key: A.,LET Secondary,Values Education,Values Education,3,No,,0.96,Ready for Upload,LET Secondary Values Education Q&A. Correct answer sourced from PDF answer key.
190,40,4,VAL.ED. PART 03.pdf,/Users/lyndon/All reviewers/-LET REVIEWER 2026/C. MAJOR SUBJECTS/H. VALUES EDUCATION/2026 VALUES EDUCATION/VAL.ED. PART 03.pdf,"To assess affective learning, the best tool is:",,,Observation checklist,,True-or-false test,,Essay test,,Quiz bee,,,,A,Correct answer sourced from the PDF answer key: A.,LET Secondary,Values Education,Values Education,3,No,,0.96,Ready for Upload,LET Secondary Values Education Q&A. Correct answer sourced from PDF answer key.
191,41,4,VAL.ED. PART 03.pdf,/Users/lyndon/All reviewers/-LET REVIEWER 2026/C. MAJOR SUBJECTS/H. VALUES EDUCATION/2026 VALUES EDUCATION/VAL.ED. PART 03.pdf,The moral development approach aims to:,,,Develop reasoning and judgment,,Train obedience Comprehensive LET Reviewer 2025/2026 InsightfulMinds PH Reviewer,,Promote conformity,,Focus on grades,,,,,,LET Secondary,Values Education,Values Education,3,No,,0.70,Needs Answer,LET Secondary Values Education Q&A. Correct answer sourced from PDF answer key.
192,42,5,VAL.ED. PART 03.pdf,/Users/lyndon/All reviewers/-LET REVIEWER 2026/C. MAJOR SUBJECTS/H. VALUES EDUCATION/2026 VALUES EDUCATION/VAL.ED. PART 03.pdf,Which learning activity enhances empathy?,,,Role playing,,Drill,,Dictation,,Copying,,,,A,Correct answer sourced from the PDF answer key: A.,LET Secondary,Values Education,Values Education,3,No,,0.96,Ready for Upload,LET Secondary Values Education Q&A. Correct answer sourced from PDF answer key.
193,43,5,VAL.ED. PART 03.pdf,/Users/lyndon/All reviewers/-LET REVIEWER 2026/C. MAJOR SUBJECTS/H. VALUES EDUCATION/2026 VALUES EDUCATION/VAL.ED. PART 03.pdf,The process of forming habits of moral behavior is:,,,Moral formation,,Indoctrination,,Punishment,,Memorization,,,,A,Correct answer sourced from the PDF answer key: A.,LET Secondary,Values Education,Values Education,3,No,,0.96,Ready for Upload,LET Secondary Values Education Q&A. Correct answer sourced from PDF answer key.
194,44,5,VAL.ED. PART 03.pdf,/Users/lyndon/All reviewers/-LET REVIEWER 2026/C. MAJOR SUBJECTS/H. VALUES EDUCATION/2026 VALUES EDUCATION/VAL.ED. PART 03.pdf,The DepEd K to 12 curriculum integrates values through:,,,Core Learning Areas,,Separate subject only,,Hidden lessons,,Co-curricular programs,,,,A,Correct answer sourced from the PDF answer key: A.,LET Secondary,Values Education,Values Education,3,No,,0.96,Ready for Upload,LET Secondary Values Education Q&A. Correct answer sourced from PDF answer key.
195,45,5,VAL.ED. PART 03.pdf,/Users/lyndon/All reviewers/-LET REVIEWER 2026/C. MAJOR SUBJECTS/H. VALUES EDUCATION/2026 VALUES EDUCATION/VAL.ED. PART 03.pdf,"When evaluating moral growth, teachers consider:",,,Reasoning and consistency in actions,,Grades,,Seatwork,,Compliance,,,,A,Correct answer sourced from the PDF answer key: A.,LET Secondary,Values Education,Values Education,3,No,,0.96,Ready for Upload,LET Secondary Values Education Q&A. Correct answer sourced from PDF answer key.
196,46,5,VAL.ED. PART 03.pdf,/Users/lyndon/All reviewers/-LET REVIEWER 2026/C. MAJOR SUBJECTS/H. VALUES EDUCATION/2026 VALUES EDUCATION/VAL.ED. PART 03.pdf,The ultimate aim of Values Education is:,,,Moral maturity and ethical living,,Academic competition,,Discipline only,,Group conformity,,,,A,Correct answer sourced from the PDF answer key: A.,LET Secondary,Values Education,Values Education,3,No,,0.96,Ready for Upload,LET Secondary Values Education Q&A. Correct answer sourced from PDF answer key.
197,47,5,VAL.ED. PART 03.pdf,/Users/lyndon/All reviewers/-LET REVIEWER 2026/C. MAJOR SUBJECTS/H. VALUES EDUCATION/2026 VALUES EDUCATION/VAL.ED. PART 03.pdf,“Learning by doing” and community projects reflect:,,,Experiential learning,,Memorization,,Indoctrination,,Simulation only,,,,A,Correct answer sourced from the PDF answer key: A.,LET Secondary,Values Education,Values Education,3,No,,0.96,Ready for Upload,LET Secondary Values Education Q&A. Correct answer sourced from PDF answer key.
198,48,5,VAL.ED. PART 03.pdf,/Users/lyndon/All reviewers/-LET REVIEWER 2026/C. MAJOR SUBJECTS/H. VALUES EDUCATION/2026 VALUES EDUCATION/VAL.ED. PART 03.pdf,A teacher integrates honesty in all subjects. This is an example of:,,,Values infusion,,Indoctrination,,Compliance,,Isolation,,,,A,Correct answer sourced from the PDF answer key: A.,LET Secondary,Values Education,Values Education,3,No,,0.96,Ready for Upload,LET Secondary Values Education Q&A. Correct answer sourced from PDF answer key.
199,49,5,VAL.ED. PART 03.pdf,/Users/lyndon/All reviewers/-LET REVIEWER 2026/C. MAJOR SUBJECTS/H. VALUES EDUCATION/2026 VALUES EDUCATION/VAL.ED. PART 03.pdf,Authentic assessment in Values Education measures:,,,Real moral application and reflection,,Cognitive recall,,Seatwork accuracy,,Attendance,,,,A,Correct answer sourced from the PDF answer key: A.,LET Secondary,Values Education,Values Education,3,No,,0.96,Ready for Upload,LET Secondary Values Education Q&A. Correct answer sourced from PDF answer key.
200,50,5,VAL.ED. PART 03.pdf,/Users/lyndon/All reviewers/-LET REVIEWER 2026/C. MAJOR SUBJECTS/H. VALUES EDUCATION/2026 VALUES EDUCATION/VAL.ED. PART 03.pdf,The final goal of moral education is:,,,Living out internalized values in life,,Passing exams,,Pleasing teachers,,Following rules only Comprehensive LET Reviewer 2025/2026 InsightfulMinds PH Reviewer LET Reviewer Values Education Part 3 2025/2026,,,,A,Correct answer sourced from the PDF answer key: A.,LET Secondary,Values Education,Values Education,3,No,,0.96,Ready for Upload,LET Secondary Values Education Q&A. Correct answer sourced from PDF answer key.
201,1,1,VAL.ED. PART 04.pdf,/Users/lyndon/All reviewers/-LET REVIEWER 2026/C. MAJOR SUBJECTS/H. VALUES EDUCATION/2026 VALUES EDUCATION/VAL.ED. PART 04.pdf,Which moral issue concerns the ethical use of genetic information?,,,Bioethics,,Business ethics,,Political ethics,,Environmental ethics,,,,A,Correct answer sourced from the PDF answer key: A.,LET Secondary,Values Education,Values Education,3,No,,0.96,Ready for Upload,LET Secondary Values Education Q&A. Correct answer sourced from PDF answer key.
202,2,1,VAL.ED. PART 04.pdf,/Users/lyndon/All reviewers/-LET REVIEWER 2026/C. MAJOR SUBJECTS/H. VALUES EDUCATION/2026 VALUES EDUCATION/VAL.ED. PART 04.pdf,The moral concern in climate change is mainly about:,,,Economic development,,Environmental stewardship,,Political conflict,,Industrial competition,,,,B,Correct answer sourced from the PDF answer key: B.,LET Secondary,Values Education,Values Education,3,No,,0.96,Ready for Upload,LET Secondary Values Education Q&A. Correct answer sourced from PDF answer key.
203,3,1,VAL.ED. PART 04.pdf,/Users/lyndon/All reviewers/-LET REVIEWER 2026/C. MAJOR SUBJECTS/H. VALUES EDUCATION/2026 VALUES EDUCATION/VAL.ED. PART 04.pdf,The ethical debate on euthanasia centers on:,,,Privacy,,Right to life and dignity in death,,Economic welfare,,Political belief,,,,B,Correct answer sourced from the PDF answer key: B.,LET Secondary,Values Education,Values Education,3,No,,0.96,Ready for Upload,LET Secondary Values Education Q&A. Correct answer sourced from PDF answer key.
204,4,1,VAL.ED. PART 04.pdf,/Users/lyndon/All reviewers/-LET REVIEWER 2026/C. MAJOR SUBJECTS/H. VALUES EDUCATION/2026 VALUES EDUCATION/VAL.ED. PART 04.pdf,The principle of stewardship teaches that humans:,,,Own nature,,Are caretakers of creation,,Must exploit natural resources,,Ignore ecological balance,,,,,,LET Secondary,Values Education,Values Education,3,No,,0.70,Needs Answer,LET Secondary Values Education Q&A. Correct answer sourced from PDF answer key.
205,5,1,VAL.ED. PART 04.pdf,/Users/lyndon/All reviewers/-LET REVIEWER 2026/C. MAJOR SUBJECTS/H. VALUES EDUCATION/2026 VALUES EDUCATION/VAL.ED. PART 04.pdf,Corruption in public service violates the value of:,,,Loyalty,,Integrity and accountability,,Obedience,,Modesty,,,,B,Correct answer sourced from the PDF answer key: B.,LET Secondary,Values Education,Values Education,3,No,,0.96,Ready for Upload,LET Secondary Values Education Q&A. Correct answer sourced from PDF answer key.
206,6,1,VAL.ED. PART 04.pdf,/Users/lyndon/All reviewers/-LET REVIEWER 2026/C. MAJOR SUBJECTS/H. VALUES EDUCATION/2026 VALUES EDUCATION/VAL.ED. PART 04.pdf,The issue of social justice is grounded in:,,,Equality and fairness,,Authority,,Competition,,Silence,,,,A,Correct answer sourced from the PDF answer key: A.,LET Secondary,Values Education,Values Education,3,No,,0.96,Ready for Upload,LET Secondary Values Education Q&A. Correct answer sourced from PDF answer key.
207,7,1,VAL.ED. PART 04.pdf,/Users/lyndon/All reviewers/-LET REVIEWER 2026/C. MAJOR SUBJECTS/H. VALUES EDUCATION/2026 VALUES EDUCATION/VAL.ED. PART 04.pdf,The ethical concern in social media use is:,,,Digital literacy,,Responsible communication and truth,,Entertainment,,Profit,,,,B,Correct answer sourced from the PDF answer key: B.,LET Secondary,Values Education,Values Education,3,No,,0.96,Ready for Upload,LET Secondary Values Education Q&A. Correct answer sourced from PDF answer key.
208,8,1,VAL.ED. PART 04.pdf,/Users/lyndon/All reviewers/-LET REVIEWER 2026/C. MAJOR SUBJECTS/H. VALUES EDUCATION/2026 VALUES EDUCATION/VAL.ED. PART 04.pdf,The value undermined by fake news is:,,,Honesty,,Patriotism,,Creativity,,Industry,,,,A,Correct answer sourced from the PDF answer key: A.,LET Secondary,Values Education,Values Education,3,No,,0.96,Ready for Upload,LET Secondary Values Education Q&A. Correct answer sourced from PDF answer key.
209,9,1,VAL.ED. PART 04.pdf,/Users/lyndon/All reviewers/-LET REVIEWER 2026/C. MAJOR SUBJECTS/H. VALUES EDUCATION/2026 VALUES EDUCATION/VAL.ED. PART 04.pdf,The moral issue in consumerism is:,,,Overemphasis on materialism,,Saving money,,Practicing simplicity,,Promoting equality,,,,A,Correct answer sourced from the PDF answer key: A.,LET Secondary,Values Education,Values Education,3,No,,0.96,Ready for Upload,LET Secondary Values Education Q&A. Correct answer sourced from PDF answer key.
210,10,1,VAL.ED. PART 04.pdf,/Users/lyndon/All reviewers/-LET REVIEWER 2026/C. MAJOR SUBJECTS/H. VALUES EDUCATION/2026 VALUES EDUCATION/VAL.ED. PART 04.pdf,Gender equality in education promotes:,,,Justice and inclusion Comprehensive LET Reviewer 2025/2026 InsightfulMinds PH Reviewer,,Competition,,Separation,,Division,,,,A,Correct answer sourced from the PDF answer key: A.,LET Secondary,Values Education,Values Education,3,No,,0.96,Ready for Upload,LET Secondary Values Education Q&A. Correct answer sourced from PDF answer key.
211,11,2,VAL.ED. PART 04.pdf,/Users/lyndon/All reviewers/-LET REVIEWER 2026/C. MAJOR SUBJECTS/H. VALUES EDUCATION/2026 VALUES EDUCATION/VAL.ED. PART 04.pdf,The principle of subsidiarity means that:,,,Decisions should be made by the lowest competent authority,,Higher authorities should control everything,,Only national leaders decide,,Individual freedom is secondary,,,,A,Correct answer sourced from the PDF answer key: A.,LET Secondary,Values Education,Values Education,3,No,,0.96,Ready for Upload,LET Secondary Values Education Q&A. Correct answer sourced from PDF answer key.
212,12,2,VAL.ED. PART 04.pdf,/Users/lyndon/All reviewers/-LET REVIEWER 2026/C. MAJOR SUBJECTS/H. VALUES EDUCATION/2026 VALUES EDUCATION/VAL.ED. PART 04.pdf,Moral education aims to build:,,,Character and conscience,,Fear of punishment,,Memorization skills,,Political obedience,,,,A,Correct answer sourced from the PDF answer key: A.,LET Secondary,Values Education,Values Education,3,No,,0.96,Ready for Upload,LET Secondary Values Education Q&A. Correct answer sourced from PDF answer key.
213,13,2,VAL.ED. PART 04.pdf,/Users/lyndon/All reviewers/-LET REVIEWER 2026/C. MAJOR SUBJECTS/H. VALUES EDUCATION/2026 VALUES EDUCATION/VAL.ED. PART 04.pdf,The ethical use of technology is guided by:,,,Respect for human dignity and truth,,Efficiency only,,Profit gain,,Curiosity,,,,A,Correct answer sourced from the PDF answer key: A.,LET Secondary,Values Education,Values Education,3,No,,0.96,Ready for Upload,LET Secondary Values Education Q&A. Correct answer sourced from PDF answer key.
214,14,2,VAL.ED. PART 04.pdf,/Users/lyndon/All reviewers/-LET REVIEWER 2026/C. MAJOR SUBJECTS/H. VALUES EDUCATION/2026 VALUES EDUCATION/VAL.ED. PART 04.pdf,A just wage in employment reflects the principle of:,,,Human dignity,,Productivity,,Ambition,,Growth,,,,A,Correct answer sourced from the PDF answer key: A.,LET Secondary,Values Education,Values Education,3,No,,0.96,Ready for Upload,LET Secondary Values Education Q&A. Correct answer sourced from PDF answer key.
215,15,2,VAL.ED. PART 04.pdf,/Users/lyndon/All reviewers/-LET REVIEWER 2026/C. MAJOR SUBJECTS/H. VALUES EDUCATION/2026 VALUES EDUCATION/VAL.ED. PART 04.pdf,Social responsibility means:,,,Acting for the common good,,Thinking only of oneself,,Avoiding social issues,,Obeying without question PART II – MORAL DECISION-MAKING AND ETHICAL REASONING,,,,A,Correct answer sourced from the PDF answer key: A.,LET Secondary,Values Education,Values Education,3,No,,0.96,Ready for Upload,LET Secondary Values Education Q&A. Correct answer sourced from PDF answer key.
216,16,2,VAL.ED. PART 04.pdf,/Users/lyndon/All reviewers/-LET REVIEWER 2026/C. MAJOR SUBJECTS/H. VALUES EDUCATION/2026 VALUES EDUCATION/VAL.ED. PART 04.pdf,The first step in moral decision-making is:,,,Identifying the moral issue,,Judging alternatives,,Acting on choice,,Evaluating outcome,,,,,,LET Secondary,Values Education,Values Education,3,No,,0.70,Needs Answer,LET Secondary Values Education Q&A. Correct answer sourced from PDF answer key.
217,17,2,VAL.ED. PART 04.pdf,/Users/lyndon/All reviewers/-LET REVIEWER 2026/C. MAJOR SUBJECTS/H. VALUES EDUCATION/2026 VALUES EDUCATION/VAL.ED. PART 04.pdf,A person who acts according to conscience shows:,,,Moral autonomy,,Dependence,,Fear,,Ignorance,,,,A,Correct answer sourced from the PDF answer key: A.,LET Secondary,Values Education,Values Education,3,No,,0.96,Ready for Upload,LET Secondary Values Education Q&A. Correct answer sourced from PDF answer key.
218,18,2,VAL.ED. PART 04.pdf,/Users/lyndon/All reviewers/-LET REVIEWER 2026/C. MAJOR SUBJECTS/H. VALUES EDUCATION/2026 VALUES EDUCATION/VAL.ED. PART 04.pdf,The cognitive aspect of moral decision-making is:,,,Knowing right from wrong,,Feeling guilty,,Acting impulsively,,Following others,,,,,,LET Secondary,Values Education,Values Education,3,No,,0.70,Needs Answer,LET Secondary Values Education Q&A. Correct answer sourced from PDF answer key.
219,19,2,VAL.ED. PART 04.pdf,/Users/lyndon/All reviewers/-LET REVIEWER 2026/C. MAJOR SUBJECTS/H. VALUES EDUCATION/2026 VALUES EDUCATION/VAL.ED. PART 04.pdf,A teacher deciding to report cheating despite pressure shows:,,,Integrity,,Disobedience,,Self-interest,,Avoidance,,,,A,Correct answer sourced from the PDF answer key: A.,LET Secondary,Values Education,Values Education,3,No,,0.96,Ready for Upload,LET Secondary Values Education Q&A. Correct answer sourced from PDF answer key.
220,20,2,VAL.ED. PART 04.pdf,/Users/lyndon/All reviewers/-LET REVIEWER 2026/C. MAJOR SUBJECTS/H. VALUES EDUCATION/2026 VALUES EDUCATION/VAL.ED. PART 04.pdf,The emotional component of morality refers to:,,,Feelings that motivate right action Comprehensive LET Reviewer 2025/2026 InsightfulMinds PH Reviewer,,Rules of conduct,,Logical reasoning,,Physical ability,,,,,,LET Secondary,Values Education,Values Education,3,No,,0.70,Needs Answer,LET Secondary Values Education Q&A. Correct answer sourced from PDF answer key.
221,21,3,VAL.ED. PART 04.pdf,/Users/lyndon/All reviewers/-LET REVIEWER 2026/C. MAJOR SUBJECTS/H. VALUES EDUCATION/2026 VALUES EDUCATION/VAL.ED. PART 04.pdf,"When moral norms conflict, the best principle to follow is:",,,Choose the greater good,,Follow the easier way,,Avoid involvement,,Wait for others’ decision,,,,A,Correct answer sourced from the PDF answer key: A.,LET Secondary,Values Education,Values Education,3,No,,0.96,Ready for Upload,LET Secondary Values Education Q&A. Correct answer sourced from PDF answer key.
222,22,3,VAL.ED. PART 04.pdf,/Users/lyndon/All reviewers/-LET REVIEWER 2026/C. MAJOR SUBJECTS/H. VALUES EDUCATION/2026 VALUES EDUCATION/VAL.ED. PART 04.pdf,The Golden Rule teaches:,,,Treat others as you want to be treated,,Treat others as you prefer,,Think only of oneself,,Follow the majority,,,,,,LET Secondary,Values Education,Values Education,3,No,,0.70,Needs Answer,LET Secondary Values Education Q&A. Correct answer sourced from PDF answer key.
223,23,3,VAL.ED. PART 04.pdf,/Users/lyndon/All reviewers/-LET REVIEWER 2026/C. MAJOR SUBJECTS/H. VALUES EDUCATION/2026 VALUES EDUCATION/VAL.ED. PART 04.pdf,"In moral judgment, “means justify the end” violates:",,,Kantian ethics,,Utilitarian ethics,,Hedonism,,Relativism,,,,A,Correct answer sourced from the PDF answer key: A.,LET Secondary,Values Education,Values Education,3,No,,0.96,Ready for Upload,LET Secondary Values Education Q&A. Correct answer sourced from PDF answer key.
224,24,3,VAL.ED. PART 04.pdf,/Users/lyndon/All reviewers/-LET REVIEWER 2026/C. MAJOR SUBJECTS/H. VALUES EDUCATION/2026 VALUES EDUCATION/VAL.ED. PART 04.pdf,A person who acts morally only when observed shows:,,,Extrinsic motivation,,Conscience,,Moral maturity,,Authentic integrity,,,,A,Correct answer sourced from the PDF answer key: A.,LET Secondary,Values Education,Values Education,3,No,,0.96,Ready for Upload,LET Secondary Values Education Q&A. Correct answer sourced from PDF answer key.
225,25,3,VAL.ED. PART 04.pdf,/Users/lyndon/All reviewers/-LET REVIEWER 2026/C. MAJOR SUBJECTS/H. VALUES EDUCATION/2026 VALUES EDUCATION/VAL.ED. PART 04.pdf,The development of conscience is primarily influenced by:,,,"Family, faith, and experience",,Punishment,,Fear,,Peer pressure,,,,A,Correct answer sourced from the PDF answer key: A.,LET Secondary,Values Education,Values Education,3,No,,0.96,Ready for Upload,LET Secondary Values Education Q&A. Correct answer sourced from PDF answer key.
226,26,3,VAL.ED. PART 04.pdf,/Users/lyndon/All reviewers/-LET REVIEWER 2026/C. MAJOR SUBJECTS/H. VALUES EDUCATION/2026 VALUES EDUCATION/VAL.ED. PART 04.pdf,The virtue of prudence means:,,,Wise decision-making,,Courage to fight,,Material success,,Avoiding work,,,,,,LET Secondary,Values Education,Values Education,3,No,,0.70,Needs Answer,LET Secondary Values Education Q&A. Correct answer sourced from PDF answer key.
227,27,3,VAL.ED. PART 04.pdf,/Users/lyndon/All reviewers/-LET REVIEWER 2026/C. MAJOR SUBJECTS/H. VALUES EDUCATION/2026 VALUES EDUCATION/VAL.ED. PART 04.pdf,Justice as a moral virtue focuses on:,,,Giving each one his due,,Seeking comfort,,Avoiding rules,,Pleasing superiors,,,,A,Correct answer sourced from the PDF answer key: A.,LET Secondary,Values Education,Values Education,3,No,,0.96,Ready for Upload,LET Secondary Values Education Q&A. Correct answer sourced from PDF answer key.
228,28,3,VAL.ED. PART 04.pdf,/Users/lyndon/All reviewers/-LET REVIEWER 2026/C. MAJOR SUBJECTS/H. VALUES EDUCATION/2026 VALUES EDUCATION/VAL.ED. PART 04.pdf,A person who forgives despite being wronged practices:,,,Compassion and mercy,,Pride,,Indifference,,Resentment,,,,A,Correct answer sourced from the PDF answer key: A.,LET Secondary,Values Education,Values Education,3,No,,0.96,Ready for Upload,LET Secondary Values Education Q&A. Correct answer sourced from PDF answer key.
229,29,3,VAL.ED. PART 04.pdf,/Users/lyndon/All reviewers/-LET REVIEWER 2026/C. MAJOR SUBJECTS/H. VALUES EDUCATION/2026 VALUES EDUCATION/VAL.ED. PART 04.pdf,"When facing ethical dilemmas, moral reasoning must consider:",,,"Intention, means, and consequences",,Authority alone,,Personal gain,,Punishment,,,,A,Correct answer sourced from the PDF answer key: A.,LET Secondary,Values Education,Values Education,3,No,,0.96,Ready for Upload,LET Secondary Values Education Q&A. Correct answer sourced from PDF answer key.
230,30,3,VAL.ED. PART 04.pdf,/Users/lyndon/All reviewers/-LET REVIEWER 2026/C. MAJOR SUBJECTS/H. VALUES EDUCATION/2026 VALUES EDUCATION/VAL.ED. PART 04.pdf,The test of a morally good act includes:,,,"Good intention, good means, good end",,Good intention only,,Result regardless of means,,"Approval of others Comprehensive LET Reviewer 2025/2026 InsightfulMinds PH Reviewer PART III – VALUES PEDAGOGY, INTEGRATION, AND ASSESSMENT",,,,,,LET Secondary,Values Education,Values Education,3,No,,0.70,Needs Answer,LET Secondary Values Education Q&A. Correct answer sourced from PDF answer key.
231,31,4,VAL.ED. PART 04.pdf,/Users/lyndon/All reviewers/-LET REVIEWER 2026/C. MAJOR SUBJECTS/H. VALUES EDUCATION/2026 VALUES EDUCATION/VAL.ED. PART 04.pdf,The Values Development Approach emphasizes:,,,Moral reasoning and reflection,,Rote learning,,Lecture method,,Drills,,,,A,Correct answer sourced from the PDF answer key: A.,LET Secondary,Values Education,Values Education,3,No,,0.96,Ready for Upload,LET Secondary Values Education Q&A. Correct answer sourced from PDF answer key.
232,32,4,VAL.ED. PART 04.pdf,/Users/lyndon/All reviewers/-LET REVIEWER 2026/C. MAJOR SUBJECTS/H. VALUES EDUCATION/2026 VALUES EDUCATION/VAL.ED. PART 04.pdf,A teacher who provides role models and reflection activities applies:,,,Modeling approach,,Indoctrination,,Authoritarian method,,Reward system,,,,A,Correct answer sourced from the PDF answer key: A.,LET Secondary,Values Education,Values Education,3,No,,0.96,Ready for Upload,LET Secondary Values Education Q&A. Correct answer sourced from PDF answer key.
233,33,4,VAL.ED. PART 04.pdf,/Users/lyndon/All reviewers/-LET REVIEWER 2026/C. MAJOR SUBJECTS/H. VALUES EDUCATION/2026 VALUES EDUCATION/VAL.ED. PART 04.pdf,Values are best developed through:,,,Meaningful experiences and reflection,,Constant memorization,,Punishment,,Lecture,,,,A,Correct answer sourced from the PDF answer key: A.,LET Secondary,Values Education,Values Education,3,No,,0.96,Ready for Upload,LET Secondary Values Education Q&A. Correct answer sourced from PDF answer key.
234,34,4,VAL.ED. PART 04.pdf,/Users/lyndon/All reviewers/-LET REVIEWER 2026/C. MAJOR SUBJECTS/H. VALUES EDUCATION/2026 VALUES EDUCATION/VAL.ED. PART 04.pdf,The affective domain involves:,,,Feelings and attitudes,,Physical coordination,,Computation,,Technical skill,,,,A,Correct answer sourced from the PDF answer key: A.,LET Secondary,Values Education,Values Education,3,No,181,0.96,Duplicate,LET Secondary Values Education Q&A. Correct answer sourced from PDF answer key.
235,35,4,VAL.ED. PART 04.pdf,/Users/lyndon/All reviewers/-LET REVIEWER 2026/C. MAJOR SUBJECTS/H. VALUES EDUCATION/2026 VALUES EDUCATION/VAL.ED. PART 04.pdf,Assessment of values must include:,,,Observable behavior and reflection,,Written tests only,,Seatwork,,Computation,,,,A,Correct answer sourced from the PDF answer key: A.,LET Secondary,Values Education,Values Education,3,No,,0.96,Ready for Upload,LET Secondary Values Education Q&A. Correct answer sourced from PDF answer key.
236,36,4,VAL.ED. PART 04.pdf,/Users/lyndon/All reviewers/-LET REVIEWER 2026/C. MAJOR SUBJECTS/H. VALUES EDUCATION/2026 VALUES EDUCATION/VAL.ED. PART 04.pdf,The ultimate goal of Values Education is:,,,Internalization of moral principles,,Academic achievement,,Discipline only,,Obedience,,,,A,Correct answer sourced from the PDF answer key: A.,LET Secondary,Values Education,Values Education,3,No,53,0.96,Duplicate,LET Secondary Values Education Q&A. Correct answer sourced from PDF answer key.
237,37,4,VAL.ED. PART 04.pdf,/Users/lyndon/All reviewers/-LET REVIEWER 2026/C. MAJOR SUBJECTS/H. VALUES EDUCATION/2026 VALUES EDUCATION/VAL.ED. PART 04.pdf,The integration of values across subjects is called:,,,Values infusion,,Moral absolutism,,Indoctrination,,Hidden learning,,,,A,Correct answer sourced from the PDF answer key: A.,LET Secondary,Values Education,Values Education,3,No,,0.96,Ready for Upload,LET Secondary Values Education Q&A. Correct answer sourced from PDF answer key.
238,38,4,VAL.ED. PART 04.pdf,/Users/lyndon/All reviewers/-LET REVIEWER 2026/C. MAJOR SUBJECTS/H. VALUES EDUCATION/2026 VALUES EDUCATION/VAL.ED. PART 04.pdf,Role-playing is most effective in developing:,,,Empathy and perspective-taking,,Memory,,Calculation skills,,Obedience,,,,A,Correct answer sourced from the PDF answer key: A.,LET Secondary,Values Education,Values Education,3,No,,0.96,Ready for Upload,LET Secondary Values Education Q&A. Correct answer sourced from PDF answer key.
239,39,4,VAL.ED. PART 04.pdf,/Users/lyndon/All reviewers/-LET REVIEWER 2026/C. MAJOR SUBJECTS/H. VALUES EDUCATION/2026 VALUES EDUCATION/VAL.ED. PART 04.pdf,The “hidden curriculum” refers to:,,,Implicit lessons of conduct and values,,Textbooks,,Lesson plan,,Testing,,,,A,Correct answer sourced from the PDF answer key: A.,LET Secondary,Values Education,Values Education,3,No,88,0.96,Duplicate,LET Secondary Values Education Q&A. Correct answer sourced from PDF answer key.
240,40,4,VAL.ED. PART 04.pdf,/Users/lyndon/All reviewers/-LET REVIEWER 2026/C. MAJOR SUBJECTS/H. VALUES EDUCATION/2026 VALUES EDUCATION/VAL.ED. PART 04.pdf,The affective learning outcome at the highest level is:,,,Characterization by a value system,,Responding,,Receiving,,Valuing,,,,A,Correct answer sourced from the PDF answer key: A.,LET Secondary,Values Education,Values Education,3,No,,0.96,Ready for Upload,LET Secondary Values Education Q&A. Correct answer sourced from PDF answer key.
241,41,4,VAL.ED. PART 04.pdf,/Users/lyndon/All reviewers/-LET REVIEWER 2026/C. MAJOR SUBJECTS/H. VALUES EDUCATION/2026 VALUES EDUCATION/VAL.ED. PART 04.pdf,The Moral Dilemma approach is based on the theory of:,,,Lawrence Kohlberg,,Jean Piaget Comprehensive LET Reviewer 2025/2026 InsightfulMinds PH Reviewer,,John Dewey,,Carl Rogers,,,,A,Correct answer sourced from the PDF answer key: A.,LET Secondary,Values Education,Values Education,3,No,,0.96,Ready for Upload,LET Secondary Values Education Q&A. Correct answer sourced from PDF answer key.
242,42,5,VAL.ED. PART 04.pdf,/Users/lyndon/All reviewers/-LET REVIEWER 2026/C. MAJOR SUBJECTS/H. VALUES EDUCATION/2026 VALUES EDUCATION/VAL.ED. PART 04.pdf,The key to effective values teaching is:,,,Consistency between words and actions,,Strict enforcement,,High grades,,Silence,,,,A,Correct answer sourced from the PDF answer key: A.,LET Secondary,Values Education,Values Education,3,No,,0.96,Ready for Upload,LET Secondary Values Education Q&A. Correct answer sourced from PDF answer key.
243,43,5,VAL.ED. PART 04.pdf,/Users/lyndon/All reviewers/-LET REVIEWER 2026/C. MAJOR SUBJECTS/H. VALUES EDUCATION/2026 VALUES EDUCATION/VAL.ED. PART 04.pdf,"To measure empathy, the best tool is:",,,Observation and reflective journal,,Multiple-choice test,,Objective quiz,,True-or-false test,,,,A,Correct answer sourced from the PDF answer key: A.,LET Secondary,Values Education,Values Education,3,No,,0.96,Ready for Upload,LET Secondary Values Education Q&A. Correct answer sourced from PDF answer key.
244,44,5,VAL.ED. PART 04.pdf,/Users/lyndon/All reviewers/-LET REVIEWER 2026/C. MAJOR SUBJECTS/H. VALUES EDUCATION/2026 VALUES EDUCATION/VAL.ED. PART 04.pdf,“Learning by serving” best describes:,,,Service learning,,Simulation,,Memorization,,Competition,,,,A,Correct answer sourced from the PDF answer key: A.,LET Secondary,Values Education,Values Education,3,No,,0.96,Ready for Upload,LET Secondary Values Education Q&A. Correct answer sourced from PDF answer key.
245,45,5,VAL.ED. PART 04.pdf,/Users/lyndon/All reviewers/-LET REVIEWER 2026/C. MAJOR SUBJECTS/H. VALUES EDUCATION/2026 VALUES EDUCATION/VAL.ED. PART 04.pdf,The teacher’s credibility as a model depends on:,,,Integrity and authenticity,,Position,,Appearance,,Authority,,,,A,Correct answer sourced from the PDF answer key: A.,LET Secondary,Values Education,Values Education,3,No,,0.96,Ready for Upload,LET Secondary Values Education Q&A. Correct answer sourced from PDF answer key.
246,46,5,VAL.ED. PART 04.pdf,/Users/lyndon/All reviewers/-LET REVIEWER 2026/C. MAJOR SUBJECTS/H. VALUES EDUCATION/2026 VALUES EDUCATION/VAL.ED. PART 04.pdf,Which method promotes active moral reasoning among learners?,,,Small group discussion,,Silent reading,,Copying,,Drill,,,,A,Correct answer sourced from the PDF answer key: A.,LET Secondary,Values Education,Values Education,3,No,,0.96,Ready for Upload,LET Secondary Values Education Q&A. Correct answer sourced from PDF answer key.
247,47,5,VAL.ED. PART 04.pdf,/Users/lyndon/All reviewers/-LET REVIEWER 2026/C. MAJOR SUBJECTS/H. VALUES EDUCATION/2026 VALUES EDUCATION/VAL.ED. PART 04.pdf,Students who internalize honesty even outside school show:,,,Value internalization,,Compliance,,Fear,,Obedience,,,,A,Correct answer sourced from the PDF answer key: A.,LET Secondary,Values Education,Values Education,3,No,,0.96,Ready for Upload,LET Secondary Values Education Q&A. Correct answer sourced from PDF answer key.
248,48,5,VAL.ED. PART 04.pdf,/Users/lyndon/All reviewers/-LET REVIEWER 2026/C. MAJOR SUBJECTS/H. VALUES EDUCATION/2026 VALUES EDUCATION/VAL.ED. PART 04.pdf,The role of the teacher in Values Education is primarily to:,,,Guide and facilitate reflection,,Impose beliefs,,Lecture continuously,,Enforce rules,,,,,,LET Secondary,Values Education,Values Education,3,No,,0.70,Needs Answer,LET Secondary Values Education Q&A. Correct answer sourced from PDF answer key.
249,49,5,VAL.ED. PART 04.pdf,/Users/lyndon/All reviewers/-LET REVIEWER 2026/C. MAJOR SUBJECTS/H. VALUES EDUCATION/2026 VALUES EDUCATION/VAL.ED. PART 04.pdf,The curriculum for Values Education focuses on:,,,Character formation and ethical living,,Technical skills,,Memorization,,Achievement tests,,,,A,Correct answer sourced from the PDF answer key: A.,LET Secondary,Values Education,Values Education,3,No,,0.96,Ready for Upload,LET Secondary Values Education Q&A. Correct answer sourced from PDF answer key.
250,50,5,VAL.ED. PART 04.pdf,/Users/lyndon/All reviewers/-LET REVIEWER 2026/C. MAJOR SUBJECTS/H. VALUES EDUCATION/2026 VALUES EDUCATION/VAL.ED. PART 04.pdf,The best evidence of values education success is:,,,Consistent moral behavior in real life,,High exam scores,,Perfect attendance,,Obedience to authority Comprehensive LET Reviewer 2025/2026 InsightfulMinds PH Reviewer LET Reviewer Values Education Part 4 2025/2026,,,,A,Correct answer sourced from the PDF answer key: A.,LET Secondary,Values Education,Values Education,3,No,,0.96,Ready for Upload,LET Secondary Values Education Q&A. Correct answer sourced from PDF answer key.
251,1,1,VAL.ED. PART 05.pdf,/Users/lyndon/All reviewers/-LET REVIEWER 2026/C. MAJOR SUBJECTS/H. VALUES EDUCATION/2026 VALUES EDUCATION/VAL.ED. PART 05.pdf,The Filipino value of “pakikipagkapwa-tao” emphasizes:,,,Personal independence,,Relating with others as fellow humans,,Competition for success,,Avoiding interaction,,,,B,Correct answer sourced from the PDF answer key: B.,LET Secondary,Values Education,Values Education,3,No,,0.96,Ready for Upload,LET Secondary Values Education Q&A. Correct answer sourced from PDF answer key.
252,2,1,VAL.ED. PART 05.pdf,/Users/lyndon/All reviewers/-LET REVIEWER 2026/C. MAJOR SUBJECTS/H. VALUES EDUCATION/2026 VALUES EDUCATION/VAL.ED. PART 05.pdf,The “utang na loob” value becomes negative when it leads to:,,,Gratitude,,Blind loyalty or corruption,,Friendship,,Cooperation,,,,,,LET Secondary,Values Education,Values Education,3,No,,0.70,Needs Answer,LET Secondary Values Education Q&A. Correct answer sourced from PDF answer key.
253,3,1,VAL.ED. PART 05.pdf,/Users/lyndon/All reviewers/-LET REVIEWER 2026/C. MAJOR SUBJECTS/H. VALUES EDUCATION/2026 VALUES EDUCATION/VAL.ED. PART 05.pdf,The moral core of “bayanihan” is:,,,Helping others without expecting reward,,Political gain,,Competition,,Dependence,,,,,,LET Secondary,Values Education,Values Education,3,No,,0.70,Needs Answer,LET Secondary Values Education Q&A. Correct answer sourced from PDF answer key.
254,4,1,VAL.ED. PART 05.pdf,/Users/lyndon/All reviewers/-LET REVIEWER 2026/C. MAJOR SUBJECTS/H. VALUES EDUCATION/2026 VALUES EDUCATION/VAL.ED. PART 05.pdf,Hiya as a Filipino value is positive when it means:,,,Sensitivity to social appropriateness,,Fear of authority,,Shame for self,,Inferiority,,,,,,LET Secondary,Values Education,Values Education,3,No,,0.70,Needs Answer,LET Secondary Values Education Q&A. Correct answer sourced from PDF answer key.
255,5,1,VAL.ED. PART 05.pdf,/Users/lyndon/All reviewers/-LET REVIEWER 2026/C. MAJOR SUBJECTS/H. VALUES EDUCATION/2026 VALUES EDUCATION/VAL.ED. PART 05.pdf,Pakikisama turns immoral when it:,,,Encourages conformity for the common good,,Tolerates wrongdoing for peace,,Promotes harmony,,Supports cooperation,,,,,,LET Secondary,Values Education,Values Education,3,No,,0.70,Needs Answer,LET Secondary Values Education Q&A. Correct answer sourced from PDF answer key.
256,6,1,VAL.ED. PART 05.pdf,/Users/lyndon/All reviewers/-LET REVIEWER 2026/C. MAJOR SUBJECTS/H. VALUES EDUCATION/2026 VALUES EDUCATION/VAL.ED. PART 05.pdf,The Filipino value of family solidarity expresses:,,,Close family ties and mutual support,,Economic dependence,,Avoidance of responsibility,,Competition within family,,,,,,LET Secondary,Values Education,Values Education,3,No,,0.70,Needs Answer,LET Secondary Values Education Q&A. Correct answer sourced from PDF answer key.
257,7,1,VAL.ED. PART 05.pdf,/Users/lyndon/All reviewers/-LET REVIEWER 2026/C. MAJOR SUBJECTS/H. VALUES EDUCATION/2026 VALUES EDUCATION/VAL.ED. PART 05.pdf,The “bahala na” attitude becomes moral when it shows:,,,Faith and courage,,Laziness,,Carelessness,,Irresponsibility,,,,A,Correct answer sourced from the PDF answer key: A.,LET Secondary,Values Education,Values Education,3,No,,0.96,Ready for Upload,LET Secondary Values Education Q&A. Correct answer sourced from PDF answer key.
258,8,1,VAL.ED. PART 05.pdf,/Users/lyndon/All reviewers/-LET REVIEWER 2026/C. MAJOR SUBJECTS/H. VALUES EDUCATION/2026 VALUES EDUCATION/VAL.ED. PART 05.pdf,The root of Filipino hospitality is:,,,Acceptance and generosity toward others,,Economic necessity,,Social pressure,,Fear of rejection,,,,,,LET Secondary,Values Education,Values Education,3,No,,0.70,Needs Answer,LET Secondary Values Education Q&A. Correct answer sourced from PDF answer key.
259,9,1,VAL.ED. PART 05.pdf,/Users/lyndon/All reviewers/-LET REVIEWER 2026/C. MAJOR SUBJECTS/H. VALUES EDUCATION/2026 VALUES EDUCATION/VAL.ED. PART 05.pdf,Filipino respect for elders is shown by:,,,Using “po” and “opo” in conversation,,Avoiding conversations,,Always obeying blindly,,Ignoring elders,,,,A,Correct answer sourced from the PDF answer key: A.,LET Secondary,Values Education,Values Education,3,No,,0.96,Ready for Upload,LET Secondary Values Education Q&A. Correct answer sourced from PDF answer key.
260,10,1,VAL.ED. PART 05.pdf,/Users/lyndon/All reviewers/-LET REVIEWER 2026/C. MAJOR SUBJECTS/H. VALUES EDUCATION/2026 VALUES EDUCATION/VAL.ED. PART 05.pdf,“Delicadeza” refers to:,,,Moral sensitivity and sense of propriety Comprehensive LET Reviewer 2025/2026 InsightfulMinds PH Reviewer,,Avoiding others,,Excessive politeness,,Blind obedience,,,,A,Correct answer sourced from the PDF answer key: A.,LET Secondary,Values Education,Values Education,3,No,,0.96,Ready for Upload,LET Secondary Values Education Q&A. Correct answer sourced from PDF answer key.
261,11,2,VAL.ED. PART 05.pdf,/Users/lyndon/All reviewers/-LET REVIEWER 2026/C. MAJOR SUBJECTS/H. VALUES EDUCATION/2026 VALUES EDUCATION/VAL.ED. PART 05.pdf,The Filipino value of “kagandahang-loob” means:,,,Compassionate generosity and inner goodness,,Physical beauty,,Social prestige,,Intelligence,,,,A,Correct answer sourced from the PDF answer key: A.,LET Secondary,Values Education,Values Education,3,No,,0.96,Ready for Upload,LET Secondary Values Education Q&A. Correct answer sourced from PDF answer key.
262,12,2,VAL.ED. PART 05.pdf,/Users/lyndon/All reviewers/-LET REVIEWER 2026/C. MAJOR SUBJECTS/H. VALUES EDUCATION/2026 VALUES EDUCATION/VAL.ED. PART 05.pdf,A Filipino who practices “utang na loob” properly shows:,,,Gratitude and reciprocity,,Corruption,,Dependence,,Pride,,,,,,LET Secondary,Values Education,Values Education,3,No,,0.70,Needs Answer,LET Secondary Values Education Q&A. Correct answer sourced from PDF answer key.
263,13,2,VAL.ED. PART 05.pdf,/Users/lyndon/All reviewers/-LET REVIEWER 2026/C. MAJOR SUBJECTS/H. VALUES EDUCATION/2026 VALUES EDUCATION/VAL.ED. PART 05.pdf,Amor propio can lead to conflict when:,,,One’s pride is easily hurt,,Used with humility,,Linked to honesty,,Guided by empathy,,,,,,LET Secondary,Values Education,Values Education,3,No,,0.70,Needs Answer,LET Secondary Values Education Q&A. Correct answer sourced from PDF answer key.
264,14,2,VAL.ED. PART 05.pdf,/Users/lyndon/All reviewers/-LET REVIEWER 2026/C. MAJOR SUBJECTS/H. VALUES EDUCATION/2026 VALUES EDUCATION/VAL.ED. PART 05.pdf,Filipino values education emphasizes:,,,Human dignity and interpersonal relationships,,Economic growth,,Academic competition,,Authority,,,,A,Correct answer sourced from the PDF answer key: A.,LET Secondary,Values Education,Values Education,3,No,,0.96,Ready for Upload,LET Secondary Values Education Q&A. Correct answer sourced from PDF answer key.
265,15,2,VAL.ED. PART 05.pdf,/Users/lyndon/All reviewers/-LET REVIEWER 2026/C. MAJOR SUBJECTS/H. VALUES EDUCATION/2026 VALUES EDUCATION/VAL.ED. PART 05.pdf,The Filipino concept of kapwa highlights:,,,Shared identity and connectedness with others,,Isolation,,Independence,,"Self-interest PART II – FAMILY LIFE, HUMAN RELATIONSHIPS, AND PERSONAL DEVELOPMENT",,,,,,LET Secondary,Values Education,Values Education,3,No,,0.70,Needs Answer,LET Secondary Values Education Q&A. Correct answer sourced from PDF answer key.
266,16,2,VAL.ED. PART 05.pdf,/Users/lyndon/All reviewers/-LET REVIEWER 2026/C. MAJOR SUBJECTS/H. VALUES EDUCATION/2026 VALUES EDUCATION/VAL.ED. PART 05.pdf,The family is called the foundation of society because it:,,,Forms moral character and social values,,Provides jobs,,Creates laws,,Builds institutions,,,,,,LET Secondary,Values Education,Values Education,3,No,,0.70,Needs Answer,LET Secondary Values Education Q&A. Correct answer sourced from PDF answer key.
267,17,2,VAL.ED. PART 05.pdf,/Users/lyndon/All reviewers/-LET REVIEWER 2026/C. MAJOR SUBJECTS/H. VALUES EDUCATION/2026 VALUES EDUCATION/VAL.ED. PART 05.pdf,Responsible parenthood means:,,,Providing holistic care and moral guidance to children,,Producing many children,,Gaining social status,,Maintaining image,,,,A,Correct answer sourced from the PDF answer key: A.,LET Secondary,Values Education,Values Education,3,No,,0.96,Ready for Upload,LET Secondary Values Education Q&A. Correct answer sourced from PDF answer key.
268,18,2,VAL.ED. PART 05.pdf,/Users/lyndon/All reviewers/-LET REVIEWER 2026/C. MAJOR SUBJECTS/H. VALUES EDUCATION/2026 VALUES EDUCATION/VAL.ED. PART 05.pdf,A well-balanced family relationship is characterized by:,,,Open communication and mutual respect,,Authority and fear,,Competition,,Isolation,,,,A,Correct answer sourced from the PDF answer key: A.,LET Secondary,Values Education,Values Education,3,No,,0.96,Ready for Upload,LET Secondary Values Education Q&A. Correct answer sourced from PDF answer key.
269,19,2,VAL.ED. PART 05.pdf,/Users/lyndon/All reviewers/-LET REVIEWER 2026/C. MAJOR SUBJECTS/H. VALUES EDUCATION/2026 VALUES EDUCATION/VAL.ED. PART 05.pdf,Family values education in school aims to:,,,Strengthen moral life and family relationships,,Teach only economic skills,,Replace parents,,Promote conformity,,,,A,Correct answer sourced from the PDF answer key: A.,LET Secondary,Values Education,Values Education,3,No,,0.96,Ready for Upload,LET Secondary Values Education Q&A. Correct answer sourced from PDF answer key.
270,20,2,VAL.ED. PART 05.pdf,/Users/lyndon/All reviewers/-LET REVIEWER 2026/C. MAJOR SUBJECTS/H. VALUES EDUCATION/2026 VALUES EDUCATION/VAL.ED. PART 05.pdf,"When a child helps parents without being told, it reflects:",,,Initiative and responsibility Comprehensive LET Reviewer 2025/2026 InsightfulMinds PH Reviewer,,Fear,,Laziness,,Obedience,,,,A,Correct answer sourced from the PDF answer key: A.,LET Secondary,Values Education,Values Education,3,No,,0.96,Ready for Upload,LET Secondary Values Education Q&A. Correct answer sourced from PDF answer key.
271,21,3,VAL.ED. PART 05.pdf,/Users/lyndon/All reviewers/-LET REVIEWER 2026/C. MAJOR SUBJECTS/H. VALUES EDUCATION/2026 VALUES EDUCATION/VAL.ED. PART 05.pdf,Peer influence becomes negative when it leads to:,,,Conformity to wrongdoing,,Shared learning,,Friendship,,Growth,,,,,,LET Secondary,Values Education,Values Education,3,No,,0.70,Needs Answer,LET Secondary Values Education Q&A. Correct answer sourced from PDF answer key.
272,22,3,VAL.ED. PART 05.pdf,/Users/lyndon/All reviewers/-LET REVIEWER 2026/C. MAJOR SUBJECTS/H. VALUES EDUCATION/2026 VALUES EDUCATION/VAL.ED. PART 05.pdf,The virtue that helps maintain fidelity in marriage is:,,,Faithfulness and integrity,,Obedience,,Avoidance,,Fear,,,,,,LET Secondary,Values Education,Values Education,3,No,,0.70,Needs Answer,LET Secondary Values Education Q&A. Correct answer sourced from PDF answer key.
273,23,3,VAL.ED. PART 05.pdf,/Users/lyndon/All reviewers/-LET REVIEWER 2026/C. MAJOR SUBJECTS/H. VALUES EDUCATION/2026 VALUES EDUCATION/VAL.ED. PART 05.pdf,A healthy relationship is built on:,,,Trust and respect,,Dependence,,Fear,,Power,,,,A,Correct answer sourced from the PDF answer key: A.,LET Secondary,Values Education,Values Education,3,No,,0.96,Ready for Upload,LET Secondary Values Education Q&A. Correct answer sourced from PDF answer key.
274,24,3,VAL.ED. PART 05.pdf,/Users/lyndon/All reviewers/-LET REVIEWER 2026/C. MAJOR SUBJECTS/H. VALUES EDUCATION/2026 VALUES EDUCATION/VAL.ED. PART 05.pdf,The virtue of chastity promotes:,,,Respect for one’s sexuality,,Repression,,Avoidance of love,,Ignorance,,,,A,Correct answer sourced from the PDF answer key: A.,LET Secondary,Values Education,Values Education,3,No,,0.96,Ready for Upload,LET Secondary Values Education Q&A. Correct answer sourced from PDF answer key.
275,25,3,VAL.ED. PART 05.pdf,/Users/lyndon/All reviewers/-LET REVIEWER 2026/C. MAJOR SUBJECTS/H. VALUES EDUCATION/2026 VALUES EDUCATION/VAL.ED. PART 05.pdf,Domestic abuse is morally wrong because it violates:,,,Human dignity and love,,Economic order,,Custom,,Privacy,,,,,,LET Secondary,Values Education,Values Education,3,No,,0.70,Needs Answer,LET Secondary Values Education Q&A. Correct answer sourced from PDF answer key.
276,26,3,VAL.ED. PART 05.pdf,/Users/lyndon/All reviewers/-LET REVIEWER 2026/C. MAJOR SUBJECTS/H. VALUES EDUCATION/2026 VALUES EDUCATION/VAL.ED. PART 05.pdf,A family that prays together develops:,,,Spiritual unity and faith,,Dependency,,Isolation,,Laziness,,,,,,LET Secondary,Values Education,Values Education,3,No,,0.70,Needs Answer,LET Secondary Values Education Q&A. Correct answer sourced from PDF answer key.
277,27,3,VAL.ED. PART 05.pdf,/Users/lyndon/All reviewers/-LET REVIEWER 2026/C. MAJOR SUBJECTS/H. VALUES EDUCATION/2026 VALUES EDUCATION/VAL.ED. PART 05.pdf,Parental example in honesty teaches:,,,Moral integrity by modeling,,Strict obedience,,Silence,,Fear,,,,A,Correct answer sourced from the PDF answer key: A.,LET Secondary,Values Education,Values Education,3,No,,0.96,Ready for Upload,LET Secondary Values Education Q&A. Correct answer sourced from PDF answer key.
278,28,3,VAL.ED. PART 05.pdf,/Users/lyndon/All reviewers/-LET REVIEWER 2026/C. MAJOR SUBJECTS/H. VALUES EDUCATION/2026 VALUES EDUCATION/VAL.ED. PART 05.pdf,The virtue of humility in relationships leads to:,,,Understanding and reconciliation,,Superiority,,Domination,,Avoidance,,,,,,LET Secondary,Values Education,Values Education,3,No,,0.70,Needs Answer,LET Secondary Values Education Q&A. Correct answer sourced from PDF answer key.
279,29,3,VAL.ED. PART 05.pdf,/Users/lyndon/All reviewers/-LET REVIEWER 2026/C. MAJOR SUBJECTS/H. VALUES EDUCATION/2026 VALUES EDUCATION/VAL.ED. PART 05.pdf,Adolescents form moral identity through:,,,Reflection and value clarification,,Following trends,,Ignoring advice,,Imitating peers blindly,,,,A,Correct answer sourced from the PDF answer key: A.,LET Secondary,Values Education,Values Education,3,No,,0.96,Ready for Upload,LET Secondary Values Education Q&A. Correct answer sourced from PDF answer key.
280,30,3,VAL.ED. PART 05.pdf,/Users/lyndon/All reviewers/-LET REVIEWER 2026/C. MAJOR SUBJECTS/H. VALUES EDUCATION/2026 VALUES EDUCATION/VAL.ED. PART 05.pdf,The foundation of lasting relationships is:,,,Commitment and love,,Attraction,,Pleasure,,"Control Comprehensive LET Reviewer 2025/2026 InsightfulMinds PH Reviewer PART III – GLOBAL ETHICS, CITIZENSHIP, AND MORAL LEADERSHIP",,,,A,Correct answer sourced from the PDF answer key: A.,LET Secondary,Values Education,Values Education,3,No,,0.96,Ready for Upload,LET Secondary Values Education Q&A. Correct answer sourced from PDF answer key.
281,31,4,VAL.ED. PART 05.pdf,/Users/lyndon/All reviewers/-LET REVIEWER 2026/C. MAJOR SUBJECTS/H. VALUES EDUCATION/2026 VALUES EDUCATION/VAL.ED. PART 05.pdf,Global citizenship promotes:,,,Respect for human rights and global solidarity,,National isolation,,Economic rivalry,,Cultural superiority,,,,,,LET Secondary,Values Education,Values Education,3,No,,0.70,Needs Answer,LET Secondary Values Education Q&A. Correct answer sourced from PDF answer key.
282,32,4,VAL.ED. PART 05.pdf,/Users/lyndon/All reviewers/-LET REVIEWER 2026/C. MAJOR SUBJECTS/H. VALUES EDUCATION/2026 VALUES EDUCATION/VAL.ED. PART 05.pdf,The key moral issue in globalization is:,,,Equity and justice among nations,,Competition,,Power struggle,,Consumption,,,,A,Correct answer sourced from the PDF answer key: A.,LET Secondary,Values Education,Values Education,3,No,,0.96,Ready for Upload,LET Secondary Values Education Q&A. Correct answer sourced from PDF answer key.
283,33,4,VAL.ED. PART 05.pdf,/Users/lyndon/All reviewers/-LET REVIEWER 2026/C. MAJOR SUBJECTS/H. VALUES EDUCATION/2026 VALUES EDUCATION/VAL.ED. PART 05.pdf,Environmental ethics teaches:,,,Responsibility for sustainable living,,Unlimited exploitation,,Economic greed,,Technological growth only,,,,,,LET Secondary,Values Education,Values Education,3,No,,0.70,Needs Answer,LET Secondary Values Education Q&A. Correct answer sourced from PDF answer key.
284,34,4,VAL.ED. PART 05.pdf,/Users/lyndon/All reviewers/-LET REVIEWER 2026/C. MAJOR SUBJECTS/H. VALUES EDUCATION/2026 VALUES EDUCATION/VAL.ED. PART 05.pdf,The Universal Declaration of Human Rights is based on:,,,Human dignity and equality,,Political convenience,,Economic need,,Cultural relativism,,,,A,Correct answer sourced from the PDF answer key: A.,LET Secondary,Values Education,Values Education,3,No,,0.96,Ready for Upload,LET Secondary Values Education Q&A. Correct answer sourced from PDF answer key.
285,35,4,VAL.ED. PART 05.pdf,/Users/lyndon/All reviewers/-LET REVIEWER 2026/C. MAJOR SUBJECTS/H. VALUES EDUCATION/2026 VALUES EDUCATION/VAL.ED. PART 05.pdf,A global ethical leader promotes:,,,"Integrity, service, and peace",,Power and wealth,,Fear,,Control,,,,A,Correct answer sourced from the PDF answer key: A.,LET Secondary,Values Education,Values Education,3,No,,0.96,Ready for Upload,LET Secondary Values Education Q&A. Correct answer sourced from PDF answer key.
286,36,4,VAL.ED. PART 05.pdf,/Users/lyndon/All reviewers/-LET REVIEWER 2026/C. MAJOR SUBJECTS/H. VALUES EDUCATION/2026 VALUES EDUCATION/VAL.ED. PART 05.pdf,"“Think globally, act locally” refers to:",,,Global awareness with local action,,Ignoring local issues,,Following foreign trends,,Global dependence,,,,A,Correct answer sourced from the PDF answer key: A.,LET Secondary,Values Education,Values Education,3,No,,0.96,Ready for Upload,LET Secondary Values Education Q&A. Correct answer sourced from PDF answer key.
287,37,4,VAL.ED. PART 05.pdf,/Users/lyndon/All reviewers/-LET REVIEWER 2026/C. MAJOR SUBJECTS/H. VALUES EDUCATION/2026 VALUES EDUCATION/VAL.ED. PART 05.pdf,Cyber ethics emphasizes:,,,Responsible use of technology and online behavior,,Unlimited expression,,Privacy violation,,Popularity,,,,A,Correct answer sourced from the PDF answer key: A.,LET Secondary,Values Education,Values Education,3,No,,0.96,Ready for Upload,LET Secondary Values Education Q&A. Correct answer sourced from PDF answer key.
288,38,4,VAL.ED. PART 05.pdf,/Users/lyndon/All reviewers/-LET REVIEWER 2026/C. MAJOR SUBJECTS/H. VALUES EDUCATION/2026 VALUES EDUCATION/VAL.ED. PART 05.pdf,Promoting peace education aims to:,,,"Develop understanding, dialogue, and respect",,Avoid issues,,Encourage fear,,Promote silence,,,,,,LET Secondary,Values Education,Values Education,3,No,,0.70,Needs Answer,LET Secondary Values Education Q&A. Correct answer sourced from PDF answer key.
289,39,4,VAL.ED. PART 05.pdf,/Users/lyndon/All reviewers/-LET REVIEWER 2026/C. MAJOR SUBJECTS/H. VALUES EDUCATION/2026 VALUES EDUCATION/VAL.ED. PART 05.pdf,"In global ethics, moral relativism can lead to:",,,Lack of universal standards of right and wrong,,Cultural understanding,,Unity,,Justice,,,,,,LET Secondary,Values Education,Values Education,3,No,,0.70,Needs Answer,LET Secondary Values Education Q&A. Correct answer sourced from PDF answer key.
290,40,4,VAL.ED. PART 05.pdf,/Users/lyndon/All reviewers/-LET REVIEWER 2026/C. MAJOR SUBJECTS/H. VALUES EDUCATION/2026 VALUES EDUCATION/VAL.ED. PART 05.pdf,The virtue of solidarity calls people to:,,,Work together for justice and peace,,Stay neutral,,Compete,,Avoid involvement,,,,,,LET Secondary,Values Education,Values Education,3,No,,0.70,Needs Answer,LET Secondary Values Education Q&A. Correct answer sourced from PDF answer key.
291,41,4,VAL.ED. PART 05.pdf,/Users/lyndon/All reviewers/-LET REVIEWER 2026/C. MAJOR SUBJECTS/H. VALUES EDUCATION/2026 VALUES EDUCATION/VAL.ED. PART 05.pdf,Civic responsibility includes:,,,Obeying laws and contributing to the common good,,Personal comfort Comprehensive LET Reviewer 2025/2026 InsightfulMinds PH Reviewer,,Avoiding taxes,,Indifference,,,,,,LET Secondary,Values Education,Values Education,3,No,,0.70,Needs Answer,LET Secondary Values Education Q&A. Correct answer sourced from PDF answer key.
292,42,5,VAL.ED. PART 05.pdf,/Users/lyndon/All reviewers/-LET REVIEWER 2026/C. MAJOR SUBJECTS/H. VALUES EDUCATION/2026 VALUES EDUCATION/VAL.ED. PART 05.pdf,A servant leader practices:,,,Leading through service and humility,,Dominance,,Control,,Pride,,,,,,LET Secondary,Values Education,Values Education,3,No,,0.70,Needs Answer,LET Secondary Values Education Q&A. Correct answer sourced from PDF answer key.
293,43,5,VAL.ED. PART 05.pdf,/Users/lyndon/All reviewers/-LET REVIEWER 2026/C. MAJOR SUBJECTS/H. VALUES EDUCATION/2026 VALUES EDUCATION/VAL.ED. PART 05.pdf,Global moral education aims to:,,,Form ethical global citizens,,Teach politics,,Promote wealth,,Avoid differences,,,,A,Correct answer sourced from the PDF answer key: A.,LET Secondary,Values Education,Values Education,3,No,,0.96,Ready for Upload,LET Secondary Values Education Q&A. Correct answer sourced from PDF answer key.
294,44,5,VAL.ED. PART 05.pdf,/Users/lyndon/All reviewers/-LET REVIEWER 2026/C. MAJOR SUBJECTS/H. VALUES EDUCATION/2026 VALUES EDUCATION/VAL.ED. PART 05.pdf,Corruption destroys society because it:,,,Undermines justice and public trust,,Increases jobs,,Builds unity,,Promotes culture,,,,,,LET Secondary,Values Education,Values Education,3,No,,0.70,Needs Answer,LET Secondary Values Education Q&A. Correct answer sourced from PDF answer key.
295,45,5,VAL.ED. PART 05.pdf,/Users/lyndon/All reviewers/-LET REVIEWER 2026/C. MAJOR SUBJECTS/H. VALUES EDUCATION/2026 VALUES EDUCATION/VAL.ED. PART 05.pdf,Interfaith dialogue encourages:,,,Respect among diverse religions,,Conversion,,Conflict,,Isolation,,,,,,LET Secondary,Values Education,Values Education,3,No,,0.70,Needs Answer,LET Secondary Values Education Q&A. Correct answer sourced from PDF answer key.
296,46,5,VAL.ED. PART 05.pdf,/Users/lyndon/All reviewers/-LET REVIEWER 2026/C. MAJOR SUBJECTS/H. VALUES EDUCATION/2026 VALUES EDUCATION/VAL.ED. PART 05.pdf,Ethical use of resources means:,,,Conservation and sustainability,,Wastefulness,,Ownership,,Profit,,,,A,Correct answer sourced from the PDF answer key: A.,LET Secondary,Values Education,Values Education,3,No,,0.96,Ready for Upload,LET Secondary Values Education Q&A. Correct answer sourced from PDF answer key.
297,47,5,VAL.ED. PART 05.pdf,/Users/lyndon/All reviewers/-LET REVIEWER 2026/C. MAJOR SUBJECTS/H. VALUES EDUCATION/2026 VALUES EDUCATION/VAL.ED. PART 05.pdf,Social media ethics require:,,,"Truth, respect, and responsibility",,Freedom without limit,,Popularity,,Manipulation,,,,,,LET Secondary,Values Education,Values Education,3,No,,0.70,Needs Answer,LET Secondary Values Education Q&A. Correct answer sourced from PDF answer key.
298,48,5,VAL.ED. PART 05.pdf,/Users/lyndon/All reviewers/-LET REVIEWER 2026/C. MAJOR SUBJECTS/H. VALUES EDUCATION/2026 VALUES EDUCATION/VAL.ED. PART 05.pdf,The United Nations promotes global peace through:,,,Cooperation among nations,,Isolationism,,War,,Competition,,,,,,LET Secondary,Values Education,Values Education,3,No,,0.70,Needs Answer,LET Secondary Values Education Q&A. Correct answer sourced from PDF answer key.
299,49,5,VAL.ED. PART 05.pdf,/Users/lyndon/All reviewers/-LET REVIEWER 2026/C. MAJOR SUBJECTS/H. VALUES EDUCATION/2026 VALUES EDUCATION/VAL.ED. PART 05.pdf,A morally upright citizen demonstrates:,,,Integrity in public and private life,,Silence,,Obedience,,Popularity,,,,A,Correct answer sourced from the PDF answer key: A.,LET Secondary,Values Education,Values Education,3,No,,0.96,Ready for Upload,LET Secondary Values Education Q&A. Correct answer sourced from PDF answer key.
300,50,5,VAL.ED. PART 05.pdf,/Users/lyndon/All reviewers/-LET REVIEWER 2026/C. MAJOR SUBJECTS/H. VALUES EDUCATION/2026 VALUES EDUCATION/VAL.ED. PART 05.pdf,The ultimate goal of values education is:,,,"Formation of morally responsible, compassionate persons",,Academic success,,Power,,Popularity Comprehensive LET Reviewer 2025/2026 InsightfulMinds PH Reviewer LET Reviewer Values Education Part 5 2025/2026,,,,,,LET Secondary,Values Education,Values Education,3,No,53,0.70,Duplicate,LET Secondary Values Education Q&A. Correct answer sourced from PDF answer key.
301,1,1,VAL.ED. PART 06.pdf,/Users/lyndon/All reviewers/-LET REVIEWER 2026/C. MAJOR SUBJECTS/H. VALUES EDUCATION/2026 VALUES EDUCATION/VAL.ED. PART 06.pdf,The primary goal of values education is to:,,,Develop moral character and ethical behavior,,Improve academic grades,,Train for employment,,Enforce discipline,,,,A,Correct answer sourced from the PDF answer key: A.,LET Secondary,Values Education,Values Education,3,No,,0.96,Ready for Upload,LET Secondary Values Education Q&A. Correct answer sourced from PDF answer key.
302,2,1,VAL.ED. PART 06.pdf,/Users/lyndon/All reviewers/-LET REVIEWER 2026/C. MAJOR SUBJECTS/H. VALUES EDUCATION/2026 VALUES EDUCATION/VAL.ED. PART 06.pdf,Values integration in teaching means:,,,Incorporating moral principles within subject content,,Teaching religion,,Memorizing virtues,,Ignoring moral aspects,,,,,,LET Secondary,Values Education,Values Education,3,No,,0.70,Needs Answer,LET Secondary Values Education Q&A. Correct answer sourced from PDF answer key.
303,3,1,VAL.ED. PART 06.pdf,/Users/lyndon/All reviewers/-LET REVIEWER 2026/C. MAJOR SUBJECTS/H. VALUES EDUCATION/2026 VALUES EDUCATION/VAL.ED. PART 06.pdf,The spiral approach in values education curriculum means:,,,Revisiting values in deeper contexts each grade level,,Teaching all values once,,Using only lectures,,Teaching values randomly,,,,A,Correct answer sourced from the PDF answer key: A.,LET Secondary,Values Education,Values Education,3,No,,0.96,Ready for Upload,LET Secondary Values Education Q&A. Correct answer sourced from PDF answer key.
304,4,1,VAL.ED. PART 06.pdf,/Users/lyndon/All reviewers/-LET REVIEWER 2026/C. MAJOR SUBJECTS/H. VALUES EDUCATION/2026 VALUES EDUCATION/VAL.ED. PART 06.pdf,Which of the following best reflects holistic values development?,,,"Cognitive, affective, and behavioral learning domains",,Cognitive domain only,,Affective domain only,,Physical training,,,,A,Correct answer sourced from the PDF answer key: A.,LET Secondary,Values Education,Values Education,3,No,,0.96,Ready for Upload,LET Secondary Values Education Q&A. Correct answer sourced from PDF answer key.
305,5,1,VAL.ED. PART 06.pdf,/Users/lyndon/All reviewers/-LET REVIEWER 2026/C. MAJOR SUBJECTS/H. VALUES EDUCATION/2026 VALUES EDUCATION/VAL.ED. PART 06.pdf,"In lesson planning, values should be:",,,Clearly identified and intentionally integrated,,Added spontaneously,,Ignored in objectives,,Implied only,,,,A,Correct answer sourced from the PDF answer key: A.,LET Secondary,Values Education,Values Education,3,No,,0.96,Ready for Upload,LET Secondary Values Education Q&A. Correct answer sourced from PDF answer key.
306,6,1,VAL.ED. PART 06.pdf,/Users/lyndon/All reviewers/-LET REVIEWER 2026/C. MAJOR SUBJECTS/H. VALUES EDUCATION/2026 VALUES EDUCATION/VAL.ED. PART 06.pdf,The integrative approach in teaching values:,,,Connects values to real-life and other subjects,,Focuses on rules,,Ignores experience,,Avoids reflection,,,,A,Correct answer sourced from the PDF answer key: A.,LET Secondary,Values Education,Values Education,3,No,,0.96,Ready for Upload,LET Secondary Values Education Q&A. Correct answer sourced from PDF answer key.
307,7,1,VAL.ED. PART 06.pdf,/Users/lyndon/All reviewers/-LET REVIEWER 2026/C. MAJOR SUBJECTS/H. VALUES EDUCATION/2026 VALUES EDUCATION/VAL.ED. PART 06.pdf,A core value in the Philippine Values Education Framework is:,,,Human dignity,,Wealth,,Status,,Fame,,,,A,Correct answer sourced from the PDF answer key: A.,LET Secondary,Values Education,Values Education,3,No,,0.96,Ready for Upload,LET Secondary Values Education Q&A. Correct answer sourced from PDF answer key.
308,8,1,VAL.ED. PART 06.pdf,/Users/lyndon/All reviewers/-LET REVIEWER 2026/C. MAJOR SUBJECTS/H. VALUES EDUCATION/2026 VALUES EDUCATION/VAL.ED. PART 06.pdf,The Hidden Curriculum refers to:,,,Implicit values learned through school culture,,Unwritten school rules only,,Secret lessons,,Optional programs,,,,,,LET Secondary,Values Education,Values Education,3,No,88,0.70,Duplicate,LET Secondary Values Education Q&A. Correct answer sourced from PDF answer key.
309,9,1,VAL.ED. PART 06.pdf,/Users/lyndon/All reviewers/-LET REVIEWER 2026/C. MAJOR SUBJECTS/H. VALUES EDUCATION/2026 VALUES EDUCATION/VAL.ED. PART 06.pdf,The best example of values clarification is:,,,Guiding learners to reflect and decide on their beliefs,,Memorizing moral codes,,Following orders,,Repeating mottos,,,,,,LET Secondary,Values Education,Values Education,3,No,,0.70,Needs Answer,LET Secondary Values Education Q&A. Correct answer sourced from PDF answer key.
310,10,1,VAL.ED. PART 06.pdf,/Users/lyndon/All reviewers/-LET REVIEWER 2026/C. MAJOR SUBJECTS/H. VALUES EDUCATION/2026 VALUES EDUCATION/VAL.ED. PART 06.pdf,Moral reasoning development involves:,,,Moving from obedience to internal moral principles Comprehensive LET Reviewer 2025/2026 InsightfulMinds PH Reviewer,,Blind obedience,,Punishment,,Fear-based motivation,,,,A,Correct answer sourced from the PDF answer key: A.,LET Secondary,Values Education,Values Education,3,No,,0.96,Ready for Upload,LET Secondary Values Education Q&A. Correct answer sourced from PDF answer key.
311,11,2,VAL.ED. PART 06.pdf,/Users/lyndon/All reviewers/-LET REVIEWER 2026/C. MAJOR SUBJECTS/H. VALUES EDUCATION/2026 VALUES EDUCATION/VAL.ED. PART 06.pdf,"In designing learning outcomes, the teacher must:",,,Include values-based performance indicators,,Focus on facts only,,Avoid affective goals,,Use only tests,,,,A,Correct answer sourced from the PDF answer key: A.,LET Secondary,Values Education,Values Education,3,No,,0.96,Ready for Upload,LET Secondary Values Education Q&A. Correct answer sourced from PDF answer key.
312,12,2,VAL.ED. PART 06.pdf,/Users/lyndon/All reviewers/-LET REVIEWER 2026/C. MAJOR SUBJECTS/H. VALUES EDUCATION/2026 VALUES EDUCATION/VAL.ED. PART 06.pdf,The Values Education Framework (DepEd) focuses on:,,,"Love of God, People, Country, and Environment",,Only academic success,,Obedience,,Independence,,,,A,Correct answer sourced from the PDF answer key: A.,LET Secondary,Values Education,Values Education,3,No,,0.96,Ready for Upload,LET Secondary Values Education Q&A. Correct answer sourced from PDF answer key.
313,13,2,VAL.ED. PART 06.pdf,/Users/lyndon/All reviewers/-LET REVIEWER 2026/C. MAJOR SUBJECTS/H. VALUES EDUCATION/2026 VALUES EDUCATION/VAL.ED. PART 06.pdf,The integrative curriculum for values is most effective when:,,,All subjects support moral and spiritual formation,,Values are taught separately,,Moral lessons are memorized,,Activities are uniform,,,,,,LET Secondary,Values Education,Values Education,3,No,,0.70,Needs Answer,LET Secondary Values Education Q&A. Correct answer sourced from PDF answer key.
314,14,2,VAL.ED. PART 06.pdf,/Users/lyndon/All reviewers/-LET REVIEWER 2026/C. MAJOR SUBJECTS/H. VALUES EDUCATION/2026 VALUES EDUCATION/VAL.ED. PART 06.pdf,A teacher integrates honesty in a math class by:,,,Ensuring fairness in tests and group work,,Giving moral lectures,,Punishing cheaters,,Ignoring grades,,,,A,Correct answer sourced from the PDF answer key: A.,LET Secondary,Values Education,Values Education,3,No,,0.96,Ready for Upload,LET Secondary Values Education Q&A. Correct answer sourced from PDF answer key.
315,15,2,VAL.ED. PART 06.pdf,/Users/lyndon/All reviewers/-LET REVIEWER 2026/C. MAJOR SUBJECTS/H. VALUES EDUCATION/2026 VALUES EDUCATION/VAL.ED. PART 06.pdf,The values continuum helps students:,,,Understand the range of moral positions,,Choose randomly,,Follow others,,Avoid decisions,,,,A,Correct answer sourced from the PDF answer key: A.,LET Secondary,Values Education,Values Education,3,No,,0.96,Ready for Upload,LET Secondary Values Education Q&A. Correct answer sourced from PDF answer key.
316,16,2,VAL.ED. PART 06.pdf,/Users/lyndon/All reviewers/-LET REVIEWER 2026/C. MAJOR SUBJECTS/H. VALUES EDUCATION/2026 VALUES EDUCATION/VAL.ED. PART 06.pdf,"In the affective domain, valuing means:",,,Commitment to a personal belief or attitude,,Simple awareness,,Memorization,,Ignoring feelings,,,,A,Correct answer sourced from the PDF answer key: A.,LET Secondary,Values Education,Values Education,3,No,,0.96,Ready for Upload,LET Secondary Values Education Q&A. Correct answer sourced from PDF answer key.
317,17,2,VAL.ED. PART 06.pdf,/Users/lyndon/All reviewers/-LET REVIEWER 2026/C. MAJOR SUBJECTS/H. VALUES EDUCATION/2026 VALUES EDUCATION/VAL.ED. PART 06.pdf,Modeling as a method in values education means:,,,Demonstrating virtues in action,,Giving moral talks,,Using visual aids only,,Assigning readings,,,,,,LET Secondary,Values Education,Values Education,3,No,,0.70,Needs Answer,LET Secondary Values Education Q&A. Correct answer sourced from PDF answer key.
318,18,2,VAL.ED. PART 06.pdf,/Users/lyndon/All reviewers/-LET REVIEWER 2026/C. MAJOR SUBJECTS/H. VALUES EDUCATION/2026 VALUES EDUCATION/VAL.ED. PART 06.pdf,A values-laden curriculum emphasizes:,,,Integration of virtues in all learning experiences,,Competitive learning,,Skill mastery only,,Exam results,,,,,,LET Secondary,Values Education,Values Education,3,No,,0.70,Needs Answer,LET Secondary Values Education Q&A. Correct answer sourced from PDF answer key.
319,19,2,VAL.ED. PART 06.pdf,/Users/lyndon/All reviewers/-LET REVIEWER 2026/C. MAJOR SUBJECTS/H. VALUES EDUCATION/2026 VALUES EDUCATION/VAL.ED. PART 06.pdf,Values integration in science can be done through:,,,Environmental responsibility and ethical use of technology,,Memorizing formulas,,Experiments only,,Avoiding ethics,,,,,,LET Secondary,Values Education,Values Education,3,No,,0.70,Needs Answer,LET Secondary Values Education Q&A. Correct answer sourced from PDF answer key.
320,20,2,VAL.ED. PART 06.pdf,/Users/lyndon/All reviewers/-LET REVIEWER 2026/C. MAJOR SUBJECTS/H. VALUES EDUCATION/2026 VALUES EDUCATION/VAL.ED. PART 06.pdf,The most authentic way to teach values is:,,,Through consistent teacher example and lived experience,,Lectures on ethics,,Rules enforcement,,Reading books Comprehensive LET Reviewer 2025/2026 InsightfulMinds PH Reviewer PART II – VALUES TEACHING AND LEARNING STRATEGIES,,,,A,Correct answer sourced from the PDF answer key: A.,LET Secondary,Values Education,Values Education,3,No,,0.96,Ready for Upload,LET Secondary Values Education Q&A. Correct answer sourced from PDF answer key.
321,21,3,VAL.ED. PART 06.pdf,/Users/lyndon/All reviewers/-LET REVIEWER 2026/C. MAJOR SUBJECTS/H. VALUES EDUCATION/2026 VALUES EDUCATION/VAL.ED. PART 06.pdf,Role-playing in values education is used to:,,,Develop empathy and perspective-taking,,Entertain learners,,Fill class time,,Enforce rules,,,,,,LET Secondary,Values Education,Values Education,3,No,,0.70,Needs Answer,LET Secondary Values Education Q&A. Correct answer sourced from PDF answer key.
322,22,3,VAL.ED. PART 06.pdf,/Users/lyndon/All reviewers/-LET REVIEWER 2026/C. MAJOR SUBJECTS/H. VALUES EDUCATION/2026 VALUES EDUCATION/VAL.ED. PART 06.pdf,Value analysis as a method develops:,,,Critical moral reasoning,,Memorization,,Conformity,,Punishment,,,,A,Correct answer sourced from the PDF answer key: A.,LET Secondary,Values Education,Values Education,3,No,,0.96,Ready for Upload,LET Secondary Values Education Q&A. Correct answer sourced from PDF answer key.
323,23,3,VAL.ED. PART 06.pdf,/Users/lyndon/All reviewers/-LET REVIEWER 2026/C. MAJOR SUBJECTS/H. VALUES EDUCATION/2026 VALUES EDUCATION/VAL.ED. PART 06.pdf,Moral dilemma discussions aim to:,,,Deepen reasoning and moral judgment,,Impose teacher opinions,,Avoid conflict,,Preach morality,,,,A,Correct answer sourced from the PDF answer key: A.,LET Secondary,Values Education,Values Education,3,No,,0.96,Ready for Upload,LET Secondary Values Education Q&A. Correct answer sourced from PDF answer key.
324,24,3,VAL.ED. PART 06.pdf,/Users/lyndon/All reviewers/-LET REVIEWER 2026/C. MAJOR SUBJECTS/H. VALUES EDUCATION/2026 VALUES EDUCATION/VAL.ED. PART 06.pdf,Service-learning promotes:,,,Experiential learning through community involvement,,Grading convenience,,Lecture replacement,,Homework reduction,,,,,,LET Secondary,Values Education,Values Education,3,No,,0.70,Needs Answer,LET Secondary Values Education Q&A. Correct answer sourced from PDF answer key.
325,25,3,VAL.ED. PART 06.pdf,/Users/lyndon/All reviewers/-LET REVIEWER 2026/C. MAJOR SUBJECTS/H. VALUES EDUCATION/2026 VALUES EDUCATION/VAL.ED. PART 06.pdf,Reflective journaling enhances:,,,Self-awareness and moral growth,,Writing speed,,Note-taking,,Grading ease,,,,A,Correct answer sourced from the PDF answer key: A.,LET Secondary,Values Education,Values Education,3,No,,0.96,Ready for Upload,LET Secondary Values Education Q&A. Correct answer sourced from PDF answer key.
326,26,3,VAL.ED. PART 06.pdf,/Users/lyndon/All reviewers/-LET REVIEWER 2026/C. MAJOR SUBJECTS/H. VALUES EDUCATION/2026 VALUES EDUCATION/VAL.ED. PART 06.pdf,Cooperative learning supports moral development by:,,,Promoting teamwork and responsibility,,Competition,,Isolation,,Obedience,,,,,,LET Secondary,Values Education,Values Education,3,No,,0.70,Needs Answer,LET Secondary Values Education Q&A. Correct answer sourced from PDF answer key.
327,27,3,VAL.ED. PART 06.pdf,/Users/lyndon/All reviewers/-LET REVIEWER 2026/C. MAJOR SUBJECTS/H. VALUES EDUCATION/2026 VALUES EDUCATION/VAL.ED. PART 06.pdf,A value clarification strategy begins with:,,,Presenting a value issue or situation,,Giving lectures,,Reading a text,,Testing facts,,,,A,Correct answer sourced from the PDF answer key: A.,LET Secondary,Values Education,Values Education,3,No,,0.96,Ready for Upload,LET Secondary Values Education Q&A. Correct answer sourced from PDF answer key.
328,28,3,VAL.ED. PART 06.pdf,/Users/lyndon/All reviewers/-LET REVIEWER 2026/C. MAJOR SUBJECTS/H. VALUES EDUCATION/2026 VALUES EDUCATION/VAL.ED. PART 06.pdf,A good value-laden story:,,,Promotes moral insight and empathy,,Focuses on events only,,Avoids feelings,,Teaches facts,,,,,,LET Secondary,Values Education,Values Education,3,No,,0.70,Needs Answer,LET Secondary Values Education Q&A. Correct answer sourced from PDF answer key.
329,29,3,VAL.ED. PART 06.pdf,/Users/lyndon/All reviewers/-LET REVIEWER 2026/C. MAJOR SUBJECTS/H. VALUES EDUCATION/2026 VALUES EDUCATION/VAL.ED. PART 06.pdf,Dialogical teaching encourages:,,,Respectful exchange of moral ideas,,Teacher dominance,,Silence,,Authority,,,,,,LET Secondary,Values Education,Values Education,3,No,,0.70,Needs Answer,LET Secondary Values Education Q&A. Correct answer sourced from PDF answer key.
330,30,3,VAL.ED. PART 06.pdf,/Users/lyndon/All reviewers/-LET REVIEWER 2026/C. MAJOR SUBJECTS/H. VALUES EDUCATION/2026 VALUES EDUCATION/VAL.ED. PART 06.pdf,The experiential learning cycle in values education involves:,,,Experience → Reflection → Conceptualization → Application,,Reading → Memorizing → Testing,,Writing → Speaking → Reporting,,Listening → Obeying → Imitating,,,,A,Correct answer sourced from the PDF answer key: A.,LET Secondary,Values Education,Values Education,3,No,,0.96,Ready for Upload,LET Secondary Values Education Q&A. Correct answer sourced from PDF answer key.
331,31,3,VAL.ED. PART 06.pdf,/Users/lyndon/All reviewers/-LET REVIEWER 2026/C. MAJOR SUBJECTS/H. VALUES EDUCATION/2026 VALUES EDUCATION/VAL.ED. PART 06.pdf,A good classroom environment for values learning should be:,,,"Respectful, inclusive, and democratic",,Strict and fearful Comprehensive LET Reviewer 2025/2026 InsightfulMinds PH Reviewer,,Rule-based,,Controlled,,,,,,LET Secondary,Values Education,Values Education,3,No,,0.70,Needs Answer,LET Secondary Values Education Q&A. Correct answer sourced from PDF answer key.
332,32,4,VAL.ED. PART 06.pdf,/Users/lyndon/All reviewers/-LET REVIEWER 2026/C. MAJOR SUBJECTS/H. VALUES EDUCATION/2026 VALUES EDUCATION/VAL.ED. PART 06.pdf,Storytelling as a strategy helps students:,,,Learn values through moral imagination,,Memorize lessons,,Copy actions,,Analyze facts,,,,A,Correct answer sourced from the PDF answer key: A.,LET Secondary,Values Education,Values Education,3,No,,0.96,Ready for Upload,LET Secondary Values Education Q&A. Correct answer sourced from PDF answer key.
333,33,4,VAL.ED. PART 06.pdf,/Users/lyndon/All reviewers/-LET REVIEWER 2026/C. MAJOR SUBJECTS/H. VALUES EDUCATION/2026 VALUES EDUCATION/VAL.ED. PART 06.pdf,A teacher’s lifestyle serves as:,,,The most powerful moral influence,,Optional model,,Private matter,,Irrelevant to teaching,,,,,,LET Secondary,Values Education,Values Education,3,No,,0.70,Needs Answer,LET Secondary Values Education Q&A. Correct answer sourced from PDF answer key.
334,34,4,VAL.ED. PART 06.pdf,/Users/lyndon/All reviewers/-LET REVIEWER 2026/C. MAJOR SUBJECTS/H. VALUES EDUCATION/2026 VALUES EDUCATION/VAL.ED. PART 06.pdf,Case studies in values learning:,,,Help analyze real-life ethical issues,,Are purely academic,,Avoid emotion,,Focus on grades,,,,A,Correct answer sourced from the PDF answer key: A.,LET Secondary,Values Education,Values Education,3,No,,0.96,Ready for Upload,LET Secondary Values Education Q&A. Correct answer sourced from PDF answer key.
335,35,4,VAL.ED. PART 06.pdf,/Users/lyndon/All reviewers/-LET REVIEWER 2026/C. MAJOR SUBJECTS/H. VALUES EDUCATION/2026 VALUES EDUCATION/VAL.ED. PART 06.pdf,"In cooperative values learning, teachers should emphasize:",,,Respect for others’ opinions and shared responsibility,,Competition,,Individualism,,"Obedience PART III – ASSESSMENT, EVALUATION, AND REFLECTIVE PRACTICE",,,,A,Correct answer sourced from the PDF answer key: A.,LET Secondary,Values Education,Values Education,3,No,,0.96,Ready for Upload,LET Secondary Values Education Q&A. Correct answer sourced from PDF answer key.
336,36,4,VAL.ED. PART 06.pdf,/Users/lyndon/All reviewers/-LET REVIEWER 2026/C. MAJOR SUBJECTS/H. VALUES EDUCATION/2026 VALUES EDUCATION/VAL.ED. PART 06.pdf,The most effective assessment in values education is:,,,Performance-based and reflective evaluation,,Multiple-choice tests,,True-or-false quizzes,,Oral drills,,,,A,Correct answer sourced from the PDF answer key: A.,LET Secondary,Values Education,Values Education,3,No,,0.96,Ready for Upload,LET Secondary Values Education Q&A. Correct answer sourced from PDF answer key.
337,37,4,VAL.ED. PART 06.pdf,/Users/lyndon/All reviewers/-LET REVIEWER 2026/C. MAJOR SUBJECTS/H. VALUES EDUCATION/2026 VALUES EDUCATION/VAL.ED. PART 06.pdf,Self-assessment promotes:,,,Personal accountability and reflection,,Competition,,Grading ease,,Comparison,,,,,,LET Secondary,Values Education,Values Education,3,No,,0.70,Needs Answer,LET Secondary Values Education Q&A. Correct answer sourced from PDF answer key.
338,38,4,VAL.ED. PART 06.pdf,/Users/lyndon/All reviewers/-LET REVIEWER 2026/C. MAJOR SUBJECTS/H. VALUES EDUCATION/2026 VALUES EDUCATION/VAL.ED. PART 06.pdf,Portfolio assessment in values education shows:,,,Growth in attitudes and moral insight,,Test results,,Behavior grades only,,Peer ratings,,,,,,LET Secondary,Values Education,Values Education,3,No,,0.70,Needs Answer,LET Secondary Values Education Q&A. Correct answer sourced from PDF answer key.
339,39,4,VAL.ED. PART 06.pdf,/Users/lyndon/All reviewers/-LET REVIEWER 2026/C. MAJOR SUBJECTS/H. VALUES EDUCATION/2026 VALUES EDUCATION/VAL.ED. PART 06.pdf,The best evidence of internalized values is:,,,Consistent moral behavior in real situations,,Verbal answers,,Recitation,,Notes,,,,A,Correct answer sourced from the PDF answer key: A.,LET Secondary,Values Education,Values Education,3,No,,0.96,Ready for Upload,LET Secondary Values Education Q&A. Correct answer sourced from PDF answer key.
340,40,4,VAL.ED. PART 06.pdf,/Users/lyndon/All reviewers/-LET REVIEWER 2026/C. MAJOR SUBJECTS/H. VALUES EDUCATION/2026 VALUES EDUCATION/VAL.ED. PART 06.pdf,Peer assessment develops:,,,Responsibility and moral judgment,,Popularity,,Grading convenience,,Imitation,,,,,,LET Secondary,Values Education,Values Education,3,No,,0.70,Needs Answer,LET Secondary Values Education Q&A. Correct answer sourced from PDF answer key.
341,41,4,VAL.ED. PART 06.pdf,/Users/lyndon/All reviewers/-LET REVIEWER 2026/C. MAJOR SUBJECTS/H. VALUES EDUCATION/2026 VALUES EDUCATION/VAL.ED. PART 06.pdf,Reflective practice for teachers involves:,,,Evaluating one’s moral and teaching decisions,,Assigning grades Comprehensive LET Reviewer 2025/2026 InsightfulMinds PH Reviewer,,Reading textbooks,,Following orders,,,,,,LET Secondary,Values Education,Values Education,3,No,,0.70,Needs Answer,LET Secondary Values Education Q&A. Correct answer sourced from PDF answer key.
342,42,5,VAL.ED. PART 06.pdf,/Users/lyndon/All reviewers/-LET REVIEWER 2026/C. MAJOR SUBJECTS/H. VALUES EDUCATION/2026 VALUES EDUCATION/VAL.ED. PART 06.pdf,The affective domain in assessment includes:,,,"Feelings, attitudes, and values",,Skills only,,Knowledge,,Memory,,,,A,Correct answer sourced from the PDF answer key: A.,LET Secondary,Values Education,Values Education,3,No,,0.96,Ready for Upload,LET Secondary Values Education Q&A. Correct answer sourced from PDF answer key.
343,43,5,VAL.ED. PART 06.pdf,/Users/lyndon/All reviewers/-LET REVIEWER 2026/C. MAJOR SUBJECTS/H. VALUES EDUCATION/2026 VALUES EDUCATION/VAL.ED. PART 06.pdf,"In assessing moral reasoning, teachers use:",,,Case analysis and discussion outcomes,,Written tests only,,Projects,,Lectures,,,,A,Correct answer sourced from the PDF answer key: A.,LET Secondary,Values Education,Values Education,3,No,,0.96,Ready for Upload,LET Secondary Values Education Q&A. Correct answer sourced from PDF answer key.
344,44,5,VAL.ED. PART 06.pdf,/Users/lyndon/All reviewers/-LET REVIEWER 2026/C. MAJOR SUBJECTS/H. VALUES EDUCATION/2026 VALUES EDUCATION/VAL.ED. PART 06.pdf,A student who volunteers in community work shows:,,,Applied moral understanding and service,,Requirement fulfillment,,Obedience,,Curiosity,,,,A,Correct answer sourced from the PDF answer key: A.,LET Secondary,Values Education,Values Education,3,No,,0.96,Ready for Upload,LET Secondary Values Education Q&A. Correct answer sourced from PDF answer key.
345,45,5,VAL.ED. PART 06.pdf,/Users/lyndon/All reviewers/-LET REVIEWER 2026/C. MAJOR SUBJECTS/H. VALUES EDUCATION/2026 VALUES EDUCATION/VAL.ED. PART 06.pdf,The rubric for values assessment should include:,,,"Reflection, empathy, and action",,Memorization,,Speed,,Grammar,,,,A,Correct answer sourced from the PDF answer key: A.,LET Secondary,Values Education,Values Education,3,No,,0.96,Ready for Upload,LET Secondary Values Education Q&A. Correct answer sourced from PDF answer key.
346,46,5,VAL.ED. PART 06.pdf,/Users/lyndon/All reviewers/-LET REVIEWER 2026/C. MAJOR SUBJECTS/H. VALUES EDUCATION/2026 VALUES EDUCATION/VAL.ED. PART 06.pdf,Behavioral observation in values education is useful for:,,,Evaluating lived moral actions,,Attendance,,Test readiness,,Memory,,,,,,LET Secondary,Values Education,Values Education,3,No,,0.70,Needs Answer,LET Secondary Values Education Q&A. Correct answer sourced from PDF answer key.
347,47,5,VAL.ED. PART 06.pdf,/Users/lyndon/All reviewers/-LET REVIEWER 2026/C. MAJOR SUBJECTS/H. VALUES EDUCATION/2026 VALUES EDUCATION/VAL.ED. PART 06.pdf,Formative assessment in values education aims to:,,,Support growth during learning,,Give final grades,,Punish misconduct,,Compare students,,,,,,LET Secondary,Values Education,Values Education,3,No,,0.70,Needs Answer,LET Secondary Values Education Q&A. Correct answer sourced from PDF answer key.
348,48,5,VAL.ED. PART 06.pdf,/Users/lyndon/All reviewers/-LET REVIEWER 2026/C. MAJOR SUBJECTS/H. VALUES EDUCATION/2026 VALUES EDUCATION/VAL.ED. PART 06.pdf,Summative assessment evaluates:,,,Overall moral development after instruction,,Effort only,,Attendance,,Participation,,,,,,LET Secondary,Values Education,Values Education,3,No,,0.70,Needs Answer,LET Secondary Values Education Q&A. Correct answer sourced from PDF answer key.
349,49,5,VAL.ED. PART 06.pdf,/Users/lyndon/All reviewers/-LET REVIEWER 2026/C. MAJOR SUBJECTS/H. VALUES EDUCATION/2026 VALUES EDUCATION/VAL.ED. PART 06.pdf,Reflective dialogue after activities helps students:,,,Internalize meaning from experiences,,Pass time,,Complain,,Avoid reflection,,,,D,Correct answer sourced from the PDF answer key: D.,LET Secondary,Values Education,Values Education,3,No,,0.96,Ready for Upload,LET Secondary Values Education Q&A. Correct answer sourced from PDF answer key.
350,50,5,VAL.ED. PART 06.pdf,/Users/lyndon/All reviewers/-LET REVIEWER 2026/C. MAJOR SUBJECTS/H. VALUES EDUCATION/2026 VALUES EDUCATION/VAL.ED. PART 06.pdf,The ultimate indicator of effective values education is:,,,Transformation of moral character and action,,Exam scores,,Obedience,,Recitation Comprehensive LET Reviewer 2025/2026 InsightfulMinds PH Reviewer LET Reviewer Values Education Part 6 2025/2026,,,,A,Correct answer sourced from the PDF answer key: A.,LET Secondary,Values Education,Values Education,3,No,,0.96,Ready for Upload,LET Secondary Values Education Q&A. Correct answer sourced from PDF answer key.
351,1,1,VAL.ED. PART 07.pdf,/Users/lyndon/All reviewers/-LET REVIEWER 2026/C. MAJOR SUBJECTS/H. VALUES EDUCATION/2026 VALUES EDUCATION/VAL.ED. PART 07.pdf,Ethics is defined as:,,,The study of moral principles guiding human behavior,,The enforcement of laws,,The study of emotions,,The application of logic,,,,A,Correct answer sourced from the PDF answer key: A.,LET Secondary,Values Education,Values Education,3,No,,0.96,Ready for Upload,LET Secondary Values Education Q&A. Correct answer sourced from PDF answer key.
352,2,1,VAL.ED. PART 07.pdf,/Users/lyndon/All reviewers/-LET REVIEWER 2026/C. MAJOR SUBJECTS/H. VALUES EDUCATION/2026 VALUES EDUCATION/VAL.ED. PART 07.pdf,The ultimate goal of ethics is:,,,To determine right and wrong actions,,To obey laws,,To gain knowledge,,To follow customs,,,,A,Correct answer sourced from the PDF answer key: A.,LET Secondary,Values Education,Values Education,3,No,,0.96,Ready for Upload,LET Secondary Values Education Q&A. Correct answer sourced from PDF answer key.
353,3,1,VAL.ED. PART 07.pdf,/Users/lyndon/All reviewers/-LET REVIEWER 2026/C. MAJOR SUBJECTS/H. VALUES EDUCATION/2026 VALUES EDUCATION/VAL.ED. PART 07.pdf,Immanuel Kant’s moral philosophy is based on:,,,Duty and good will,,Pleasure and pain,,Consequences,,Authority,,,,,,LET Secondary,Values Education,Values Education,3,No,103,0.70,Duplicate,LET Secondary Values Education Q&A. Correct answer sourced from PDF answer key.
354,4,1,VAL.ED. PART 07.pdf,/Users/lyndon/All reviewers/-LET REVIEWER 2026/C. MAJOR SUBJECTS/H. VALUES EDUCATION/2026 VALUES EDUCATION/VAL.ED. PART 07.pdf,The utilitarian theory of Jeremy Bentham emphasizes:,,,The greatest happiness for the greatest number,,Obedience to rules,,The sanctity of tradition,,The will of God,,,,A,Correct answer sourced from the PDF answer key: A.,LET Secondary,Values Education,Values Education,3,No,,0.96,Ready for Upload,LET Secondary Values Education Q&A. Correct answer sourced from PDF answer key.
355,5,1,VAL.ED. PART 07.pdf,/Users/lyndon/All reviewers/-LET REVIEWER 2026/C. MAJOR SUBJECTS/H. VALUES EDUCATION/2026 VALUES EDUCATION/VAL.ED. PART 07.pdf,Aristotle’s virtue ethics stresses:,,,Developing good character through habit,,Avoiding all pleasure,,Obedience to authority,,Fear of punishment,,,,A,Correct answer sourced from the PDF answer key: A.,LET Secondary,Values Education,Values Education,3,No,,0.96,Ready for Upload,LET Secondary Values Education Q&A. Correct answer sourced from PDF answer key.
356,6,1,VAL.ED. PART 07.pdf,/Users/lyndon/All reviewers/-LET REVIEWER 2026/C. MAJOR SUBJECTS/H. VALUES EDUCATION/2026 VALUES EDUCATION/VAL.ED. PART 07.pdf,"According to Socrates, knowledge leads to:",,,Virtue and moral goodness,,Power,,Wealth,,Authority,,,,,,LET Secondary,Values Education,Values Education,3,No,,0.70,Needs Answer,LET Secondary Values Education Q&A. Correct answer sourced from PDF answer key.
357,7,1,VAL.ED. PART 07.pdf,/Users/lyndon/All reviewers/-LET REVIEWER 2026/C. MAJOR SUBJECTS/H. VALUES EDUCATION/2026 VALUES EDUCATION/VAL.ED. PART 07.pdf,The teleological theory judges actions by:,,,Their consequences or ends,,Their motives,,Their conformity to rules,,Their legality,,,,,,LET Secondary,Values Education,Values Education,3,No,,0.70,Needs Answer,LET Secondary Values Education Q&A. Correct answer sourced from PDF answer key.
358,8,1,VAL.ED. PART 07.pdf,/Users/lyndon/All reviewers/-LET REVIEWER 2026/C. MAJOR SUBJECTS/H. VALUES EDUCATION/2026 VALUES EDUCATION/VAL.ED. PART 07.pdf,The deontological theory judges morality based on:,,,The action’s adherence to moral duty,,The result of the act,,The number of people benefitting,,The actor’s emotions,,,,,,LET Secondary,Values Education,Values Education,3,No,,0.70,Needs Answer,LET Secondary Values Education Q&A. Correct answer sourced from PDF answer key.
359,9,1,VAL.ED. PART 07.pdf,/Users/lyndon/All reviewers/-LET REVIEWER 2026/C. MAJOR SUBJECTS/H. VALUES EDUCATION/2026 VALUES EDUCATION/VAL.ED. PART 07.pdf,Moral relativism means:,,,Morality depends on culture and situation,,Morality is absolute,,Morality never changes,,Morality is divine,,,,A,Correct answer sourced from the PDF answer key: A.,LET Secondary,Values Education,Values Education,3,No,,0.96,Ready for Upload,LET Secondary Values Education Q&A. Correct answer sourced from PDF answer key.
360,10,1,VAL.ED. PART 07.pdf,/Users/lyndon/All reviewers/-LET REVIEWER 2026/C. MAJOR SUBJECTS/H. VALUES EDUCATION/2026 VALUES EDUCATION/VAL.ED. PART 07.pdf,A person who acts according to conscience is guided by:,,,Inner sense of moral rightness Comprehensive LET Reviewer 2025/2026 InsightfulMinds PH Reviewer,,Laws alone,,Emotions,,Authority,,,,,,LET Secondary,Values Education,Values Education,3,No,,0.70,Needs Answer,LET Secondary Values Education Q&A. Correct answer sourced from PDF answer key.
361,11,2,VAL.ED. PART 07.pdf,/Users/lyndon/All reviewers/-LET REVIEWER 2026/C. MAJOR SUBJECTS/H. VALUES EDUCATION/2026 VALUES EDUCATION/VAL.ED. PART 07.pdf,The categorical imperative demands that we:,,,Act only according to universal moral laws,,Follow emotions,,Avoid judgment,,Seek pleasure,,,,,,LET Secondary,Values Education,Values Education,3,No,,0.70,Needs Answer,LET Secondary Values Education Q&A. Correct answer sourced from PDF answer key.
362,12,2,VAL.ED. PART 07.pdf,/Users/lyndon/All reviewers/-LET REVIEWER 2026/C. MAJOR SUBJECTS/H. VALUES EDUCATION/2026 VALUES EDUCATION/VAL.ED. PART 07.pdf,Pragmatic ethics focuses on:,,,The usefulness of actions in producing good results,,Tradition,,Intuition,,Power,,,,,,LET Secondary,Values Education,Values Education,3,No,,0.70,Needs Answer,LET Secondary Values Education Q&A. Correct answer sourced from PDF answer key.
363,13,2,VAL.ED. PART 07.pdf,/Users/lyndon/All reviewers/-LET REVIEWER 2026/C. MAJOR SUBJECTS/H. VALUES EDUCATION/2026 VALUES EDUCATION/VAL.ED. PART 07.pdf,The golden mean in Aristotle’s ethics means:,,,Virtue lies between extremes,,Always choose the middle class,,Avoid action,,Choose majority opinion,,,,,,LET Secondary,Values Education,Values Education,3,No,,0.70,Needs Answer,LET Secondary Values Education Q&A. Correct answer sourced from PDF answer key.
364,14,2,VAL.ED. PART 07.pdf,/Users/lyndon/All reviewers/-LET REVIEWER 2026/C. MAJOR SUBJECTS/H. VALUES EDUCATION/2026 VALUES EDUCATION/VAL.ED. PART 07.pdf,Moral absolutism asserts that:,,,Certain moral principles are universally valid,,Morality changes with context,,All acts are neutral,,Culture dictates values,,,,,,LET Secondary,Values Education,Values Education,3,No,,0.70,Needs Answer,LET Secondary Values Education Q&A. Correct answer sourced from PDF answer key.
365,15,2,VAL.ED. PART 07.pdf,/Users/lyndon/All reviewers/-LET REVIEWER 2026/C. MAJOR SUBJECTS/H. VALUES EDUCATION/2026 VALUES EDUCATION/VAL.ED. PART 07.pdf,Existentialist ethics emphasizes:,,,"Freedom, responsibility, and authentic choice",,Obedience to tradition,,Divine command,,Conformity,,,,A,Correct answer sourced from the PDF answer key: A.,LET Secondary,Values Education,Values Education,3,No,,0.96,Ready for Upload,LET Secondary Values Education Q&A. Correct answer sourced from PDF answer key.
366,16,2,VAL.ED. PART 07.pdf,/Users/lyndon/All reviewers/-LET REVIEWER 2026/C. MAJOR SUBJECTS/H. VALUES EDUCATION/2026 VALUES EDUCATION/VAL.ED. PART 07.pdf,"For John Stuart Mill, higher pleasures refer to:",,,Intellectual and moral joys over physical ones,,Physical comfort,,Emotional pleasure,,Wealth accumulation,,,,,,LET Secondary,Values Education,Values Education,3,No,,0.70,Needs Answer,LET Secondary Values Education Q&A. Correct answer sourced from PDF answer key.
367,17,2,VAL.ED. PART 07.pdf,/Users/lyndon/All reviewers/-LET REVIEWER 2026/C. MAJOR SUBJECTS/H. VALUES EDUCATION/2026 VALUES EDUCATION/VAL.ED. PART 07.pdf,Ethical egoism teaches that:,,,Actions are right if they promote one’s own good,,Always serve others first,,Follow group interest,,Obey rules,,,,,,LET Secondary,Values Education,Values Education,3,No,,0.70,Needs Answer,LET Secondary Values Education Q&A. Correct answer sourced from PDF answer key.
368,18,2,VAL.ED. PART 07.pdf,/Users/lyndon/All reviewers/-LET REVIEWER 2026/C. MAJOR SUBJECTS/H. VALUES EDUCATION/2026 VALUES EDUCATION/VAL.ED. PART 07.pdf,The moral agent is:,,,A person capable of moral reasoning and action,,A law enforcer,,A follower,,A religious leader,,,,,,LET Secondary,Values Education,Values Education,3,No,,0.70,Needs Answer,LET Secondary Values Education Q&A. Correct answer sourced from PDF answer key.
369,19,2,VAL.ED. PART 07.pdf,/Users/lyndon/All reviewers/-LET REVIEWER 2026/C. MAJOR SUBJECTS/H. VALUES EDUCATION/2026 VALUES EDUCATION/VAL.ED. PART 07.pdf,"In moral philosophy, freedom means:",,,Acting according to reason and conscience,,Doing anything one wants,,Ignoring rules,,Avoiding choices,,,,,,LET Secondary,Values Education,Values Education,3,No,,0.70,Needs Answer,LET Secondary Values Education Q&A. Correct answer sourced from PDF answer key.
370,20,2,VAL.ED. PART 07.pdf,/Users/lyndon/All reviewers/-LET REVIEWER 2026/C. MAJOR SUBJECTS/H. VALUES EDUCATION/2026 VALUES EDUCATION/VAL.ED. PART 07.pdf,Natural law ethics is based on:,,,The idea that moral principles are rooted in human nature and reason,,Social contracts,,Authority,,Emotions Comprehensive LET Reviewer 2025/2026 InsightfulMinds PH Reviewer PART II – FILIPINO VALUES AND SPIRITUALITY,,,,A,Correct answer sourced from the PDF answer key: A.,LET Secondary,Values Education,Values Education,3,No,,0.96,Ready for Upload,LET Secondary Values Education Q&A. Correct answer sourced from PDF answer key.
371,21,3,VAL.ED. PART 07.pdf,/Users/lyndon/All reviewers/-LET REVIEWER 2026/C. MAJOR SUBJECTS/H. VALUES EDUCATION/2026 VALUES EDUCATION/VAL.ED. PART 07.pdf,The core of Filipino values according to Jaime Bulatao is:,,,Utang na loob,,Pakikipagkapwa-tao,,Bayanihan,,Pakikisama,,,,B,Correct answer sourced from the PDF answer key: B.,LET Secondary,Values Education,Values Education,3,No,,0.96,Ready for Upload,LET Secondary Values Education Q&A. Correct answer sourced from PDF answer key.
372,22,3,VAL.ED. PART 07.pdf,/Users/lyndon/All reviewers/-LET REVIEWER 2026/C. MAJOR SUBJECTS/H. VALUES EDUCATION/2026 VALUES EDUCATION/VAL.ED. PART 07.pdf,Utang na loob best reflects:,,,Gratitude and reciprocity,,Competition,,Self-interest,,Isolation,,,,A,Correct answer sourced from the PDF answer key: A.,LET Secondary,Values Education,Values Education,3,No,,0.96,Ready for Upload,LET Secondary Values Education Q&A. Correct answer sourced from PDF answer key.
373,23,3,VAL.ED. PART 07.pdf,/Users/lyndon/All reviewers/-LET REVIEWER 2026/C. MAJOR SUBJECTS/H. VALUES EDUCATION/2026 VALUES EDUCATION/VAL.ED. PART 07.pdf,Hiya as a Filipino value means:,,,Sense of propriety and self-respect,,Fear,,Pride,,Shyness,,,,A,Correct answer sourced from the PDF answer key: A.,LET Secondary,Values Education,Values Education,3,No,,0.96,Ready for Upload,LET Secondary Values Education Q&A. Correct answer sourced from PDF answer key.
374,24,3,VAL.ED. PART 07.pdf,/Users/lyndon/All reviewers/-LET REVIEWER 2026/C. MAJOR SUBJECTS/H. VALUES EDUCATION/2026 VALUES EDUCATION/VAL.ED. PART 07.pdf,Pakikipagkapwa-tao emphasizes:,,,Recognition of shared humanity and respect for others,,Obedience,,Superiority,,Dependence,,,,A,Correct answer sourced from the PDF answer key: A.,LET Secondary,Values Education,Values Education,3,No,,0.96,Ready for Upload,LET Secondary Values Education Q&A. Correct answer sourced from PDF answer key.
375,25,3,VAL.ED. PART 07.pdf,/Users/lyndon/All reviewers/-LET REVIEWER 2026/C. MAJOR SUBJECTS/H. VALUES EDUCATION/2026 VALUES EDUCATION/VAL.ED. PART 07.pdf,Bayanihan expresses:,,,Communal unity and cooperation,,Independence,,Isolation,,Rivalry,,,,A,Correct answer sourced from the PDF answer key: A.,LET Secondary,Values Education,Values Education,3,No,,0.96,Ready for Upload,LET Secondary Values Education Q&A. Correct answer sourced from PDF answer key.
376,26,3,VAL.ED. PART 07.pdf,/Users/lyndon/All reviewers/-LET REVIEWER 2026/C. MAJOR SUBJECTS/H. VALUES EDUCATION/2026 VALUES EDUCATION/VAL.ED. PART 07.pdf,Filipino spirituality is characterized by:,,,Integrating faith with everyday life,,Separation of religion and action,,Ritualism,,Materialism,,,,A,Correct answer sourced from the PDF answer key: A.,LET Secondary,Values Education,Values Education,3,No,,0.96,Ready for Upload,LET Secondary Values Education Q&A. Correct answer sourced from PDF answer key.
377,27,3,VAL.ED. PART 07.pdf,/Users/lyndon/All reviewers/-LET REVIEWER 2026/C. MAJOR SUBJECTS/H. VALUES EDUCATION/2026 VALUES EDUCATION/VAL.ED. PART 07.pdf,Kapwa as a concept means:,,,Shared identity and oneness with others,,Private self only,,Competition,,Isolation,,,,A,Correct answer sourced from the PDF answer key: A.,LET Secondary,Values Education,Values Education,3,No,,0.96,Ready for Upload,LET Secondary Values Education Q&A. Correct answer sourced from PDF answer key.
378,28,3,VAL.ED. PART 07.pdf,/Users/lyndon/All reviewers/-LET REVIEWER 2026/C. MAJOR SUBJECTS/H. VALUES EDUCATION/2026 VALUES EDUCATION/VAL.ED. PART 07.pdf,Bahala na expresses:,,,Faith in divine providence with human effort,,Indifference,,Laziness,,Hopelessness,,,,,,LET Secondary,Values Education,Values Education,3,No,,0.70,Needs Answer,LET Secondary Values Education Q&A. Correct answer sourced from PDF answer key.
379,29,3,VAL.ED. PART 07.pdf,/Users/lyndon/All reviewers/-LET REVIEWER 2026/C. MAJOR SUBJECTS/H. VALUES EDUCATION/2026 VALUES EDUCATION/VAL.ED. PART 07.pdf,Pakikiramdam in Filipino psychology means:,,,Sensitivity to others’ feelings,,Obedience,,Distance,,Fear,,,,,,LET Secondary,Values Education,Values Education,3,No,,0.70,Needs Answer,LET Secondary Values Education Q&A. Correct answer sourced from PDF answer key.
380,30,3,VAL.ED. PART 07.pdf,/Users/lyndon/All reviewers/-LET REVIEWER 2026/C. MAJOR SUBJECTS/H. VALUES EDUCATION/2026 VALUES EDUCATION/VAL.ED. PART 07.pdf,The Filipino value damayan is expressed by:,,,Helping others in times of crisis,,Avoiding problems,,Giving advice,,Competing,,,,,,LET Secondary,Values Education,Values Education,3,No,,0.70,Needs Answer,LET Secondary Values Education Q&A. Correct answer sourced from PDF answer key.
381,31,3,VAL.ED. PART 07.pdf,/Users/lyndon/All reviewers/-LET REVIEWER 2026/C. MAJOR SUBJECTS/H. VALUES EDUCATION/2026 VALUES EDUCATION/VAL.ED. PART 07.pdf,Paninindigan refers to:,,,Standing firm on one’s moral principles,,Following others Comprehensive LET Reviewer 2025/2026 InsightfulMinds PH Reviewer,,Avoiding conflict,,Pleasing people,,,,,,LET Secondary,Values Education,Values Education,3,No,,0.70,Needs Answer,LET Secondary Values Education Q&A. Correct answer sourced from PDF answer key.
382,32,4,VAL.ED. PART 07.pdf,/Users/lyndon/All reviewers/-LET REVIEWER 2026/C. MAJOR SUBJECTS/H. VALUES EDUCATION/2026 VALUES EDUCATION/VAL.ED. PART 07.pdf,Filipino spirituality emphasizes:,,,Faith in God and concern for others,,Obedience to power,,Self-centeredness,,Fatalism,,,,A,Correct answer sourced from the PDF answer key: A.,LET Secondary,Values Education,Values Education,3,No,,0.96,Ready for Upload,LET Secondary Values Education Q&A. Correct answer sourced from PDF answer key.
383,33,4,VAL.ED. PART 07.pdf,/Users/lyndon/All reviewers/-LET REVIEWER 2026/C. MAJOR SUBJECTS/H. VALUES EDUCATION/2026 VALUES EDUCATION/VAL.ED. PART 07.pdf,A Filipino value that strengthens social relationships is:,,,Pakikisama,,Individualism,,Self-promotion,,Aggressiveness,,,,A,Correct answer sourced from the PDF answer key: A.,LET Secondary,Values Education,Values Education,3,No,,0.96,Ready for Upload,LET Secondary Values Education Q&A. Correct answer sourced from PDF answer key.
384,34,4,VAL.ED. PART 07.pdf,/Users/lyndon/All reviewers/-LET REVIEWER 2026/C. MAJOR SUBJECTS/H. VALUES EDUCATION/2026 VALUES EDUCATION/VAL.ED. PART 07.pdf,Religious tolerance in Filipino culture shows:,,,Respect for diverse faiths,,Indifference to belief,,Conversion pressure,,Dogmatism,,,,,,LET Secondary,Values Education,Values Education,3,No,,0.70,Needs Answer,LET Secondary Values Education Q&A. Correct answer sourced from PDF answer key.
385,35,4,VAL.ED. PART 07.pdf,/Users/lyndon/All reviewers/-LET REVIEWER 2026/C. MAJOR SUBJECTS/H. VALUES EDUCATION/2026 VALUES EDUCATION/VAL.ED. PART 07.pdf,The value of paggalang means:,,,Showing respect to others regardless of status,,Fear of authority,,Avoiding conversation,,Obedience PART III – APPLIED ETHICS AND PROFESSIONAL VALUES,,,,,,LET Secondary,Values Education,Values Education,3,No,,0.70,Needs Answer,LET Secondary Values Education Q&A. Correct answer sourced from PDF answer key.
386,36,4,VAL.ED. PART 07.pdf,/Users/lyndon/All reviewers/-LET REVIEWER 2026/C. MAJOR SUBJECTS/H. VALUES EDUCATION/2026 VALUES EDUCATION/VAL.ED. PART 07.pdf,Applied ethics focuses on:,,,Application of moral principles in real-life issues,,Theoretical philosophy,,Customs,,Religion,,,,A,Correct answer sourced from the PDF answer key: A.,LET Secondary,Values Education,Values Education,3,No,,0.96,Ready for Upload,LET Secondary Values Education Q&A. Correct answer sourced from PDF answer key.
387,37,4,VAL.ED. PART 07.pdf,/Users/lyndon/All reviewers/-LET REVIEWER 2026/C. MAJOR SUBJECTS/H. VALUES EDUCATION/2026 VALUES EDUCATION/VAL.ED. PART 07.pdf,Bioethics concerns:,,,Ethical issues in medicine and life sciences,,Engineering,,Business,,Politics,,,,A,Correct answer sourced from the PDF answer key: A.,LET Secondary,Values Education,Values Education,3,No,,0.96,Ready for Upload,LET Secondary Values Education Q&A. Correct answer sourced from PDF answer key.
388,38,4,VAL.ED. PART 07.pdf,/Users/lyndon/All reviewers/-LET REVIEWER 2026/C. MAJOR SUBJECTS/H. VALUES EDUCATION/2026 VALUES EDUCATION/VAL.ED. PART 07.pdf,Environmental ethics promotes:,,,Responsibility for nature and sustainability,,Economic growth only,,Industrialization,,Control over nature,,,,,,LET Secondary,Values Education,Values Education,3,No,,0.70,Needs Answer,LET Secondary Values Education Q&A. Correct answer sourced from PDF answer key.
389,39,4,VAL.ED. PART 07.pdf,/Users/lyndon/All reviewers/-LET REVIEWER 2026/C. MAJOR SUBJECTS/H. VALUES EDUCATION/2026 VALUES EDUCATION/VAL.ED. PART 07.pdf,Professional ethics guides teachers to:,,,Maintain integrity and service to learners,,Compete with peers,,Seek power,,Avoid responsibility,,,,,,LET Secondary,Values Education,Values Education,3,No,,0.70,Needs Answer,LET Secondary Values Education Q&A. Correct answer sourced from PDF answer key.
390,40,4,VAL.ED. PART 07.pdf,/Users/lyndon/All reviewers/-LET REVIEWER 2026/C. MAJOR SUBJECTS/H. VALUES EDUCATION/2026 VALUES EDUCATION/VAL.ED. PART 07.pdf,Cyber ethics deals with:,,,Responsible online and digital behavior,,Programming,,Internet addiction,,Technology use,,,,,,LET Secondary,Values Education,Values Education,3,No,,0.70,Needs Answer,LET Secondary Values Education Q&A. Correct answer sourced from PDF answer key.
391,41,4,VAL.ED. PART 07.pdf,/Users/lyndon/All reviewers/-LET REVIEWER 2026/C. MAJOR SUBJECTS/H. VALUES EDUCATION/2026 VALUES EDUCATION/VAL.ED. PART 07.pdf,Business ethics promotes:,,,"Fairness, transparency, and accountability",,Maximizing profit only Comprehensive LET Reviewer 2025/2026 InsightfulMinds PH Reviewer,,Rivalry,,Advertising,,,,A,Correct answer sourced from the PDF answer key: A.,LET Secondary,Values Education,Values Education,3,No,,0.96,Ready for Upload,LET Secondary Values Education Q&A. Correct answer sourced from PDF answer key.
392,42,5,VAL.ED. PART 07.pdf,/Users/lyndon/All reviewers/-LET REVIEWER 2026/C. MAJOR SUBJECTS/H. VALUES EDUCATION/2026 VALUES EDUCATION/VAL.ED. PART 07.pdf,Work ethics means:,,,"Discipline, honesty, and diligence at work",,Working fast only,,Following orders,,Earning more,,,,A,Correct answer sourced from the PDF answer key: A.,LET Secondary,Values Education,Values Education,3,No,,0.96,Ready for Upload,LET Secondary Values Education Q&A. Correct answer sourced from PDF answer key.
393,43,5,VAL.ED. PART 07.pdf,/Users/lyndon/All reviewers/-LET REVIEWER 2026/C. MAJOR SUBJECTS/H. VALUES EDUCATION/2026 VALUES EDUCATION/VAL.ED. PART 07.pdf,Integrity as a professional value means:,,,Consistency between moral belief and action,,Obedience,,Power,,Appearance,,,,A,Correct answer sourced from the PDF answer key: A.,LET Secondary,Values Education,Values Education,3,No,,0.96,Ready for Upload,LET Secondary Values Education Q&A. Correct answer sourced from PDF answer key.
394,44,5,VAL.ED. PART 07.pdf,/Users/lyndon/All reviewers/-LET REVIEWER 2026/C. MAJOR SUBJECTS/H. VALUES EDUCATION/2026 VALUES EDUCATION/VAL.ED. PART 07.pdf,Social responsibility requires:,,,Using freedom to promote the common good,,Individual success,,Competition,,Isolation,,,,,,LET Secondary,Values Education,Values Education,3,No,,0.70,Needs Answer,LET Secondary Values Education Q&A. Correct answer sourced from PDF answer key.
395,45,5,VAL.ED. PART 07.pdf,/Users/lyndon/All reviewers/-LET REVIEWER 2026/C. MAJOR SUBJECTS/H. VALUES EDUCATION/2026 VALUES EDUCATION/VAL.ED. PART 07.pdf,The code of ethics for professional teachers promotes:,,,"Commitment to service, learning, and moral conduct",,Career ambition,,Status,,Popularity,,,,,,LET Secondary,Values Education,Values Education,3,No,,0.70,Needs Answer,LET Secondary Values Education Q&A. Correct answer sourced from PDF answer key.
396,46,5,VAL.ED. PART 07.pdf,/Users/lyndon/All reviewers/-LET REVIEWER 2026/C. MAJOR SUBJECTS/H. VALUES EDUCATION/2026 VALUES EDUCATION/VAL.ED. PART 07.pdf,A teacher showing justice and fairness in grading exemplifies:,,,Moral impartiality,,Authority,,Favoritism,,Control,,,,,,LET Secondary,Values Education,Values Education,3,No,,0.70,Needs Answer,LET Secondary Values Education Q&A. Correct answer sourced from PDF answer key.
397,47,5,VAL.ED. PART 07.pdf,/Users/lyndon/All reviewers/-LET REVIEWER 2026/C. MAJOR SUBJECTS/H. VALUES EDUCATION/2026 VALUES EDUCATION/VAL.ED. PART 07.pdf,Global citizenship involves:,,,Awareness of global interdependence and moral responsibility,,Local loyalty only,,Cultural uniformity,,Nationalism alone,,,,,,LET Secondary,Values Education,Values Education,3,No,,0.70,Needs Answer,LET Secondary Values Education Q&A. Correct answer sourced from PDF answer key.
398,48,5,VAL.ED. PART 07.pdf,/Users/lyndon/All reviewers/-LET REVIEWER 2026/C. MAJOR SUBJECTS/H. VALUES EDUCATION/2026 VALUES EDUCATION/VAL.ED. PART 07.pdf,Media literacy in values education means:,,,Critical awareness of values conveyed by media,,Memorizing facts,,Watching films,,Avoiding technology,,,,,,LET Secondary,Values Education,Values Education,3,No,,0.70,Needs Answer,LET Secondary Values Education Q&A. Correct answer sourced from PDF answer key.
399,49,5,VAL.ED. PART 07.pdf,/Users/lyndon/All reviewers/-LET REVIEWER 2026/C. MAJOR SUBJECTS/H. VALUES EDUCATION/2026 VALUES EDUCATION/VAL.ED. PART 07.pdf,The golden rule teaches:,,,Do unto others what you want them to do unto you,,Follow others,,Obey authority,,Compete,,,,,,LET Secondary,Values Education,Values Education,3,No,222,0.70,Duplicate,LET Secondary Values Education Q&A. Correct answer sourced from PDF answer key.
400,50,5,VAL.ED. PART 07.pdf,/Users/lyndon/All reviewers/-LET REVIEWER 2026/C. MAJOR SUBJECTS/H. VALUES EDUCATION/2026 VALUES EDUCATION/VAL.ED. PART 07.pdf,The ultimate test of moral education is:,,,"Living according to truth, justice, and love",,Passing exams,,Obedience,,Ritualism Comprehensive LET Reviewer 2025/2026 InsightfulMinds PH Reviewer LET Reviewer Values Education Part 7 2025/2026,,,,,,LET Secondary,Values Education,Values Education,3,No,,0.70,Needs Answer,LET Secondary Values Education Q&A. Correct answer sourced from PDF answer key.
401,1,1,VAL.ED. PART 08.pdf,/Users/lyndon/All reviewers/-LET REVIEWER 2026/C. MAJOR SUBJECTS/H. VALUES EDUCATION/2026 VALUES EDUCATION/VAL.ED. PART 08.pdf,"According to Lawrence Kohlberg, moral development progresses through:",,,Stages of moral reasoning from obedience to universal ethics,,Sudden insights,,Unchanging instincts,,Emotional conditioning,,,,A,Correct answer sourced from the PDF answer key: A.,LET Secondary,Values Education,Values Education,3,No,,0.96,Ready for Upload,LET Secondary Values Education Q&A. Correct answer sourced from PDF answer key.
402,2,1,VAL.ED. PART 08.pdf,/Users/lyndon/All reviewers/-LET REVIEWER 2026/C. MAJOR SUBJECTS/H. VALUES EDUCATION/2026 VALUES EDUCATION/VAL.ED. PART 08.pdf,The pre-conventional level of moral reasoning focuses on:,,,Avoiding punishment and seeking rewards,,Internal moral principles,,Social approval,,Justice and rights,,,,,,LET Secondary,Values Education,Values Education,3,No,,0.70,Needs Answer,LET Secondary Values Education Q&A. Correct answer sourced from PDF answer key.
403,3,1,VAL.ED. PART 08.pdf,/Users/lyndon/All reviewers/-LET REVIEWER 2026/C. MAJOR SUBJECTS/H. VALUES EDUCATION/2026 VALUES EDUCATION/VAL.ED. PART 08.pdf,"At the conventional level, moral reasoning is based on:",,,Social conformity and law obedience,,Fear,,Personal gain,,Instinct,,,,,,LET Secondary,Values Education,Values Education,3,No,,0.70,Needs Answer,LET Secondary Values Education Q&A. Correct answer sourced from PDF answer key.
404,4,1,VAL.ED. PART 08.pdf,/Users/lyndon/All reviewers/-LET REVIEWER 2026/C. MAJOR SUBJECTS/H. VALUES EDUCATION/2026 VALUES EDUCATION/VAL.ED. PART 08.pdf,The post-conventional stage is characterized by:,,,Moral principles beyond law and convention,,Blind obedience,,Fear-based decisions,,Social approval,,,,,,LET Secondary,Values Education,Values Education,3,No,,0.70,Needs Answer,LET Secondary Values Education Q&A. Correct answer sourced from PDF answer key.
405,5,1,VAL.ED. PART 08.pdf,/Users/lyndon/All reviewers/-LET REVIEWER 2026/C. MAJOR SUBJECTS/H. VALUES EDUCATION/2026 VALUES EDUCATION/VAL.ED. PART 08.pdf,Carol Gilligan’s moral theory emphasizes:,,,Ethics of care and relationships,,Justice and law,,Obedience,,Competition,,,,A,Correct answer sourced from the PDF answer key: A.,LET Secondary,Values Education,Values Education,3,No,,0.96,Ready for Upload,LET Secondary Values Education Q&A. Correct answer sourced from PDF answer key.
406,6,1,VAL.ED. PART 08.pdf,/Users/lyndon/All reviewers/-LET REVIEWER 2026/C. MAJOR SUBJECTS/H. VALUES EDUCATION/2026 VALUES EDUCATION/VAL.ED. PART 08.pdf,Jean Piaget viewed moral development as moving from:,,,Heteronomous to autonomous morality,,Obedience to fear,,Emotion to rule-following,,Reward to punishment,,,,,,LET Secondary,Values Education,Values Education,3,No,,0.70,Needs Answer,LET Secondary Values Education Q&A. Correct answer sourced from PDF answer key.
407,7,1,VAL.ED. PART 08.pdf,/Users/lyndon/All reviewers/-LET REVIEWER 2026/C. MAJOR SUBJECTS/H. VALUES EDUCATION/2026 VALUES EDUCATION/VAL.ED. PART 08.pdf,"A child who says, “Stealing is wrong because it’s against the law” is in which stage?",,,Conventional,,Pre-conventional,,Post-conventional,,Moral autonomy,,,,A,Correct answer sourced from the PDF answer key: A.,LET Secondary,Values Education,Values Education,3,No,,0.96,Ready for Upload,LET Secondary Values Education Q&A. Correct answer sourced from PDF answer key.
408,8,1,VAL.ED. PART 08.pdf,/Users/lyndon/All reviewers/-LET REVIEWER 2026/C. MAJOR SUBJECTS/H. VALUES EDUCATION/2026 VALUES EDUCATION/VAL.ED. PART 08.pdf,A person who acts out of universal human rights is at what stage?,,,Post-conventional,,Conventional,,Pre-conventional,,Social contract,,,,A,Correct answer sourced from the PDF answer key: A.,LET Secondary,Values Education,Values Education,3,No,,0.96,Ready for Upload,LET Secondary Values Education Q&A. Correct answer sourced from PDF answer key.
409,9,1,VAL.ED. PART 08.pdf,/Users/lyndon/All reviewers/-LET REVIEWER 2026/C. MAJOR SUBJECTS/H. VALUES EDUCATION/2026 VALUES EDUCATION/VAL.ED. PART 08.pdf,Bandura’s social learning theory highlights:,,,Learning moral behavior by observing models,,Innate morality,,Punishment,,Obedience,,,,,,LET Secondary,Values Education,Values Education,3,No,,0.70,Needs Answer,LET Secondary Values Education Q&A. Correct answer sourced from PDF answer key.
410,10,1,VAL.ED. PART 08.pdf,/Users/lyndon/All reviewers/-LET REVIEWER 2026/C. MAJOR SUBJECTS/H. VALUES EDUCATION/2026 VALUES EDUCATION/VAL.ED. PART 08.pdf,The affective component of moral behavior refers to:,,,Emotions and conscience in moral decision-making Comprehensive LET Reviewer 2025/2026 InsightfulMinds PH Reviewer,,Logical reasoning,,Skill mastery,,Rules,,,,,,LET Secondary,Values Education,Values Education,3,No,,0.70,Needs Answer,LET Secondary Values Education Q&A. Correct answer sourced from PDF answer key.
411,11,2,VAL.ED. PART 08.pdf,/Users/lyndon/All reviewers/-LET REVIEWER 2026/C. MAJOR SUBJECTS/H. VALUES EDUCATION/2026 VALUES EDUCATION/VAL.ED. PART 08.pdf,Cognitive moral development focuses on:,,,Reasoning behind moral choices,,Behavior control,,Punishment,,Emotional response,,,,A,Correct answer sourced from the PDF answer key: A.,LET Secondary,Values Education,Values Education,3,No,,0.96,Ready for Upload,LET Secondary Values Education Q&A. Correct answer sourced from PDF answer key.
412,12,2,VAL.ED. PART 08.pdf,/Users/lyndon/All reviewers/-LET REVIEWER 2026/C. MAJOR SUBJECTS/H. VALUES EDUCATION/2026 VALUES EDUCATION/VAL.ED. PART 08.pdf,Empathy is essential in moral development because it:,,,Enables understanding and care for others,,Leads to compliance,,Encourages imitation,,Prevents mistakes,,,,,,LET Secondary,Values Education,Values Education,3,No,,0.70,Needs Answer,LET Secondary Values Education Q&A. Correct answer sourced from PDF answer key.
413,13,2,VAL.ED. PART 08.pdf,/Users/lyndon/All reviewers/-LET REVIEWER 2026/C. MAJOR SUBJECTS/H. VALUES EDUCATION/2026 VALUES EDUCATION/VAL.ED. PART 08.pdf,"According to Erik Erikson, values education supports development of:",,,Identity and integrity,,Intelligence,,Physical skills,,Instincts,,,,A,Correct answer sourced from the PDF answer key: A.,LET Secondary,Values Education,Values Education,3,No,,0.96,Ready for Upload,LET Secondary Values Education Q&A. Correct answer sourced from PDF answer key.
414,14,2,VAL.ED. PART 08.pdf,/Users/lyndon/All reviewers/-LET REVIEWER 2026/C. MAJOR SUBJECTS/H. VALUES EDUCATION/2026 VALUES EDUCATION/VAL.ED. PART 08.pdf,The hidden curriculum plays a role in:,,,Implicit transmission of moral values through school culture,,Subject grading,,Lesson repetition,,Tests,,,,,,LET Secondary,Values Education,Values Education,3,No,,0.70,Needs Answer,LET Secondary Values Education Q&A. Correct answer sourced from PDF answer key.
415,15,2,VAL.ED. PART 08.pdf,/Users/lyndon/All reviewers/-LET REVIEWER 2026/C. MAJOR SUBJECTS/H. VALUES EDUCATION/2026 VALUES EDUCATION/VAL.ED. PART 08.pdf,Moral maturity means:,,,Acting based on internalized principles,,Following rules,,Avoiding punishment,,Pleasing authority,,,,,,LET Secondary,Values Education,Values Education,3,No,,0.70,Needs Answer,LET Secondary Values Education Q&A. Correct answer sourced from PDF answer key.
416,16,2,VAL.ED. PART 08.pdf,/Users/lyndon/All reviewers/-LET REVIEWER 2026/C. MAJOR SUBJECTS/H. VALUES EDUCATION/2026 VALUES EDUCATION/VAL.ED. PART 08.pdf,A student who helps a peer because “it’s fair” shows:,,,Conventional reasoning,,Pre-conventional thinking,,Egocentrism,,Obedience,,,,,,LET Secondary,Values Education,Values Education,3,No,,0.70,Needs Answer,LET Secondary Values Education Q&A. Correct answer sourced from PDF answer key.
417,17,2,VAL.ED. PART 08.pdf,/Users/lyndon/All reviewers/-LET REVIEWER 2026/C. MAJOR SUBJECTS/H. VALUES EDUCATION/2026 VALUES EDUCATION/VAL.ED. PART 08.pdf,Values clarification strategy helps students:,,,Reflect on and make personal value choices,,Memorize codes,,Avoid decisions,,Follow others,,,,,,LET Secondary,Values Education,Values Education,3,No,,0.70,Needs Answer,LET Secondary Values Education Q&A. Correct answer sourced from PDF answer key.
418,18,2,VAL.ED. PART 08.pdf,/Users/lyndon/All reviewers/-LET REVIEWER 2026/C. MAJOR SUBJECTS/H. VALUES EDUCATION/2026 VALUES EDUCATION/VAL.ED. PART 08.pdf,Moral autonomy means:,,,Acting according to self-chosen moral principles,,Obeying others,,Avoiding responsibility,,Following habit,,,,A,Correct answer sourced from the PDF answer key: A.,LET Secondary,Values Education,Values Education,3,No,,0.96,Ready for Upload,LET Secondary Values Education Q&A. Correct answer sourced from PDF answer key.
419,19,2,VAL.ED. PART 08.pdf,/Users/lyndon/All reviewers/-LET REVIEWER 2026/C. MAJOR SUBJECTS/H. VALUES EDUCATION/2026 VALUES EDUCATION/VAL.ED. PART 08.pdf,Social influence on moral learning emphasizes:,,,Peer modeling and reinforcement,,Isolation,,Individual learning only,,Imitation without reflection,,,,,,LET Secondary,Values Education,Values Education,3,No,,0.70,Needs Answer,LET Secondary Values Education Q&A. Correct answer sourced from PDF answer key.
420,20,2,VAL.ED. PART 08.pdf,/Users/lyndon/All reviewers/-LET REVIEWER 2026/C. MAJOR SUBJECTS/H. VALUES EDUCATION/2026 VALUES EDUCATION/VAL.ED. PART 08.pdf,The affective domain of learning includes:,,,"Feelings, attitudes, and values",,Skills,,Facts,,Memory Comprehensive LET Reviewer 2025/2026 InsightfulMinds PH Reviewer PART II – PHILIPPINE ETHICAL AND CULTURAL THOUGHT,,,,,,LET Secondary,Values Education,Values Education,3,No,,0.70,Needs Answer,LET Secondary Values Education Q&A. Correct answer sourced from PDF answer key.
421,21,3,VAL.ED. PART 08.pdf,/Users/lyndon/All reviewers/-LET REVIEWER 2026/C. MAJOR SUBJECTS/H. VALUES EDUCATION/2026 VALUES EDUCATION/VAL.ED. PART 08.pdf,Jose Rizal’s moral vision emphasizes:,,,Love of country and moral courage,,Material success,,Blind obedience,,Power,,,,A,Correct answer sourced from the PDF answer key: A.,LET Secondary,Values Education,Values Education,3,No,,0.96,Ready for Upload,LET Secondary Values Education Q&A. Correct answer sourced from PDF answer key.
422,22,3,VAL.ED. PART 08.pdf,/Users/lyndon/All reviewers/-LET REVIEWER 2026/C. MAJOR SUBJECTS/H. VALUES EDUCATION/2026 VALUES EDUCATION/VAL.ED. PART 08.pdf,Apolinario Mabini’s “True Decalogue” focuses on:,,,Moral and civic duties for national integrity,,Political reform,,War tactics,,Obedience to power,,,,A,Correct answer sourced from the PDF answer key: A.,LET Secondary,Values Education,Values Education,3,No,,0.96,Ready for Upload,LET Secondary Values Education Q&A. Correct answer sourced from PDF answer key.
423,23,3,VAL.ED. PART 08.pdf,/Users/lyndon/All reviewers/-LET REVIEWER 2026/C. MAJOR SUBJECTS/H. VALUES EDUCATION/2026 VALUES EDUCATION/VAL.ED. PART 08.pdf,Andres Bonifacio’s values reflect:,,,"Patriotism, courage, and self-reliance",,Fear of authority,,Submission,,Wealth,,,,A,Correct answer sourced from the PDF answer key: A.,LET Secondary,Values Education,Values Education,3,No,,0.96,Ready for Upload,LET Secondary Values Education Q&A. Correct answer sourced from PDF answer key.
424,24,3,VAL.ED. PART 08.pdf,/Users/lyndon/All reviewers/-LET REVIEWER 2026/C. MAJOR SUBJECTS/H. VALUES EDUCATION/2026 VALUES EDUCATION/VAL.ED. PART 08.pdf,Filipino spirituality combines:,,,Faith in God and human compassion,,Dogmatism,,Secularism,,Ritualism,,,,A,Correct answer sourced from the PDF answer key: A.,LET Secondary,Values Education,Values Education,3,No,,0.96,Ready for Upload,LET Secondary Values Education Q&A. Correct answer sourced from PDF answer key.
425,25,3,VAL.ED. PART 08.pdf,/Users/lyndon/All reviewers/-LET REVIEWER 2026/C. MAJOR SUBJECTS/H. VALUES EDUCATION/2026 VALUES EDUCATION/VAL.ED. PART 08.pdf,The Filipino concept of kapwa means:,,,Shared self and community-oriented identity,,Individualism,,Competition,,Independence,,,,A,Correct answer sourced from the PDF answer key: A.,LET Secondary,Values Education,Values Education,3,No,,0.96,Ready for Upload,LET Secondary Values Education Q&A. Correct answer sourced from PDF answer key.
426,26,3,VAL.ED. PART 08.pdf,/Users/lyndon/All reviewers/-LET REVIEWER 2026/C. MAJOR SUBJECTS/H. VALUES EDUCATION/2026 VALUES EDUCATION/VAL.ED. PART 08.pdf,Pakikiramdam implies:,,,Sensitivity and empathy in relationships,,Avoiding others,,Obedience,,Distance,,,,A,Correct answer sourced from the PDF answer key: A.,LET Secondary,Values Education,Values Education,3,No,,0.96,Ready for Upload,LET Secondary Values Education Q&A. Correct answer sourced from PDF answer key.
427,27,3,VAL.ED. PART 08.pdf,/Users/lyndon/All reviewers/-LET REVIEWER 2026/C. MAJOR SUBJECTS/H. VALUES EDUCATION/2026 VALUES EDUCATION/VAL.ED. PART 08.pdf,Bayanihan teaches:,,,Volunteerism and collective action,,Individual success,,Rivalry,,Materialism,,,,,,LET Secondary,Values Education,Values Education,3,No,,0.70,Needs Answer,LET Secondary Values Education Q&A. Correct answer sourced from PDF answer key.
428,28,3,VAL.ED. PART 08.pdf,/Users/lyndon/All reviewers/-LET REVIEWER 2026/C. MAJOR SUBJECTS/H. VALUES EDUCATION/2026 VALUES EDUCATION/VAL.ED. PART 08.pdf,The Filipino value of utang na loob promotes:,,,Gratitude and reciprocity,,Dependence,,Pride,,Avoidance,,,,A,Correct answer sourced from the PDF answer key: A.,LET Secondary,Values Education,Values Education,3,No,,0.96,Ready for Upload,LET Secondary Values Education Q&A. Correct answer sourced from PDF answer key.
429,29,3,VAL.ED. PART 08.pdf,/Users/lyndon/All reviewers/-LET REVIEWER 2026/C. MAJOR SUBJECTS/H. VALUES EDUCATION/2026 VALUES EDUCATION/VAL.ED. PART 08.pdf,Paggalang shows:,,,Respect for others regardless of age or status,,Fear,,Silence,,Power,,,,,,LET Secondary,Values Education,Values Education,3,No,,0.70,Needs Answer,LET Secondary Values Education Q&A. Correct answer sourced from PDF answer key.
430,30,3,VAL.ED. PART 08.pdf,/Users/lyndon/All reviewers/-LET REVIEWER 2026/C. MAJOR SUBJECTS/H. VALUES EDUCATION/2026 VALUES EDUCATION/VAL.ED. PART 08.pdf,Paninindigan means:,,,Standing firm on moral conviction,,Pleasing others,,Avoiding conflict,,Imitation,,,,A,Correct answer sourced from the PDF answer key: A.,LET Secondary,Values Education,Values Education,3,No,,0.96,Ready for Upload,LET Secondary Values Education Q&A. Correct answer sourced from PDF answer key.
431,31,3,VAL.ED. PART 08.pdf,/Users/lyndon/All reviewers/-LET REVIEWER 2026/C. MAJOR SUBJECTS/H. VALUES EDUCATION/2026 VALUES EDUCATION/VAL.ED. PART 08.pdf,Pakikisama aims to maintain:,,,Social harmony and unity,,Competition Comprehensive LET Reviewer 2025/2026 InsightfulMinds PH Reviewer,,Superiority,,Conflict,,,,A,Correct answer sourced from the PDF answer key: A.,LET Secondary,Values Education,Values Education,3,No,,0.96,Ready for Upload,LET Secondary Values Education Q&A. Correct answer sourced from PDF answer key.
432,32,4,VAL.ED. PART 08.pdf,/Users/lyndon/All reviewers/-LET REVIEWER 2026/C. MAJOR SUBJECTS/H. VALUES EDUCATION/2026 VALUES EDUCATION/VAL.ED. PART 08.pdf,Hiya as a Filipino value means:,,,Sense of dignity and respect for social order,,Fear,,Pride,,Isolation,,,,,,LET Secondary,Values Education,Values Education,3,No,373,0.70,Duplicate,LET Secondary Values Education Q&A. Correct answer sourced from PDF answer key.
433,33,4,VAL.ED. PART 08.pdf,/Users/lyndon/All reviewers/-LET REVIEWER 2026/C. MAJOR SUBJECTS/H. VALUES EDUCATION/2026 VALUES EDUCATION/VAL.ED. PART 08.pdf,Filipino ethics promotes:,,,"Harmony, respect, and communal well-being",,Materialism,,Competition,,Isolation,,,,A,Correct answer sourced from the PDF answer key: A.,LET Secondary,Values Education,Values Education,3,No,,0.96,Ready for Upload,LET Secondary Values Education Q&A. Correct answer sourced from PDF answer key.
434,34,4,VAL.ED. PART 08.pdf,/Users/lyndon/All reviewers/-LET REVIEWER 2026/C. MAJOR SUBJECTS/H. VALUES EDUCATION/2026 VALUES EDUCATION/VAL.ED. PART 08.pdf,Faith and reason in Filipino ethics are:,,,Complementary sources of moral guidance,,Contradictory,,Opposed,,Independent,,,,,,LET Secondary,Values Education,Values Education,3,No,,0.70,Needs Answer,LET Secondary Values Education Q&A. Correct answer sourced from PDF answer key.
435,35,4,VAL.ED. PART 08.pdf,/Users/lyndon/All reviewers/-LET REVIEWER 2026/C. MAJOR SUBJECTS/H. VALUES EDUCATION/2026 VALUES EDUCATION/VAL.ED. PART 08.pdf,The Code of Ethics for Filipino Teachers emphasizes:,,,"Service, integrity, and dedication to learners",,Compliance only,,Competition,,Fame PART III – VALUES ASSESSMENT AND CONTEMPORARY ISSUES,,,,A,Correct answer sourced from the PDF answer key: A.,LET Secondary,Values Education,Values Education,3,No,,0.96,Ready for Upload,LET Secondary Values Education Q&A. Correct answer sourced from PDF answer key.
436,36,4,VAL.ED. PART 08.pdf,/Users/lyndon/All reviewers/-LET REVIEWER 2026/C. MAJOR SUBJECTS/H. VALUES EDUCATION/2026 VALUES EDUCATION/VAL.ED. PART 08.pdf,The best tool for assessing values learning is:,,,Reflective journal and portfolio,,Multiple-choice test,,Oral quiz,,Attendance,,,,,,LET Secondary,Values Education,Values Education,3,No,,0.70,Needs Answer,LET Secondary Values Education Q&A. Correct answer sourced from PDF answer key.
437,37,4,VAL.ED. PART 08.pdf,/Users/lyndon/All reviewers/-LET REVIEWER 2026/C. MAJOR SUBJECTS/H. VALUES EDUCATION/2026 VALUES EDUCATION/VAL.ED. PART 08.pdf,Self-assessment in values education promotes:,,,Responsibility and self-awareness,,Competition,,Punishment,,Grades,,,,A,Correct answer sourced from the PDF answer key: A.,LET Secondary,Values Education,Values Education,3,No,,0.96,Ready for Upload,LET Secondary Values Education Q&A. Correct answer sourced from PDF answer key.
438,38,4,VAL.ED. PART 08.pdf,/Users/lyndon/All reviewers/-LET REVIEWER 2026/C. MAJOR SUBJECTS/H. VALUES EDUCATION/2026 VALUES EDUCATION/VAL.ED. PART 08.pdf,Behavioral observation measures:,,,Consistency between moral talk and action,,Knowledge recall,,Speed,,Obedience,,,,,,LET Secondary,Values Education,Values Education,3,No,,0.70,Needs Answer,LET Secondary Values Education Q&A. Correct answer sourced from PDF answer key.
439,39,4,VAL.ED. PART 08.pdf,/Users/lyndon/All reviewers/-LET REVIEWER 2026/C. MAJOR SUBJECTS/H. VALUES EDUCATION/2026 VALUES EDUCATION/VAL.ED. PART 08.pdf,Service-learning is a form of:,,,Experiential moral education through community action,,Extra-curricular task,,Reward activity,,Lecture,,,,,,LET Secondary,Values Education,Values Education,3,No,,0.70,Needs Answer,LET Secondary Values Education Q&A. Correct answer sourced from PDF answer key.
440,40,4,VAL.ED. PART 08.pdf,/Users/lyndon/All reviewers/-LET REVIEWER 2026/C. MAJOR SUBJECTS/H. VALUES EDUCATION/2026 VALUES EDUCATION/VAL.ED. PART 08.pdf,Peer evaluation develops:,,,Cooperation and moral discernment,,Comparison,,Jealousy,,Grades,,,,,,LET Secondary,Values Education,Values Education,3,No,,0.70,Needs Answer,LET Secondary Values Education Q&A. Correct answer sourced from PDF answer key.
441,41,4,VAL.ED. PART 08.pdf,/Users/lyndon/All reviewers/-LET REVIEWER 2026/C. MAJOR SUBJECTS/H. VALUES EDUCATION/2026 VALUES EDUCATION/VAL.ED. PART 08.pdf,The rubric for values assessment should include:,,,"Reflection, empathy, and moral action",,Memorization Comprehensive LET Reviewer 2025/2026 InsightfulMinds PH Reviewer,,Attendance,,Obedience,,,,A,Correct answer sourced from the PDF answer key: A.,LET Secondary,Values Education,Values Education,3,No,345,0.96,Duplicate,LET Secondary Values Education Q&A. Correct answer sourced from PDF answer key.
442,42,5,VAL.ED. PART 08.pdf,/Users/lyndon/All reviewers/-LET REVIEWER 2026/C. MAJOR SUBJECTS/H. VALUES EDUCATION/2026 VALUES EDUCATION/VAL.ED. PART 08.pdf,Formative assessment focuses on:,,,Supporting continuous moral growth,,Giving final grades,,Measuring scores,,Ranking,,,,,,LET Secondary,Values Education,Values Education,3,No,,0.70,Needs Answer,LET Secondary Values Education Q&A. Correct answer sourced from PDF answer key.
443,43,5,VAL.ED. PART 08.pdf,/Users/lyndon/All reviewers/-LET REVIEWER 2026/C. MAJOR SUBJECTS/H. VALUES EDUCATION/2026 VALUES EDUCATION/VAL.ED. PART 08.pdf,Summative assessment evaluates:,,,Overall internalization of values after instruction,,Attendance,,Participation,,Punctuality,,,,,,LET Secondary,Values Education,Values Education,3,No,348,0.70,Duplicate,LET Secondary Values Education Q&A. Correct answer sourced from PDF answer key.
444,44,5,VAL.ED. PART 08.pdf,/Users/lyndon/All reviewers/-LET REVIEWER 2026/C. MAJOR SUBJECTS/H. VALUES EDUCATION/2026 VALUES EDUCATION/VAL.ED. PART 08.pdf,Portfolio assessment documents:,,,Growth in values understanding and practice,,Test results,,Attitudes only,,Creativity,,,,,,LET Secondary,Values Education,Values Education,3,No,,0.70,Needs Answer,LET Secondary Values Education Q&A. Correct answer sourced from PDF answer key.
445,45,5,VAL.ED. PART 08.pdf,/Users/lyndon/All reviewers/-LET REVIEWER 2026/C. MAJOR SUBJECTS/H. VALUES EDUCATION/2026 VALUES EDUCATION/VAL.ED. PART 08.pdf,Reflective dialogue after activities promotes:,,,Moral insight and internalization,,Silence,,Obedience,,Grading,,,,,,LET Secondary,Values Education,Values Education,3,No,,0.70,Needs Answer,LET Secondary Values Education Q&A. Correct answer sourced from PDF answer key.
446,46,5,VAL.ED. PART 08.pdf,/Users/lyndon/All reviewers/-LET REVIEWER 2026/C. MAJOR SUBJECTS/H. VALUES EDUCATION/2026 VALUES EDUCATION/VAL.ED. PART 08.pdf,Community-based learning strengthens:,,,Civic responsibility and social awareness,,Isolation,,Individualism,,Competition,,,,A,Correct answer sourced from the PDF answer key: A.,LET Secondary,Values Education,Values Education,3,No,,0.96,Ready for Upload,LET Secondary Values Education Q&A. Correct answer sourced from PDF answer key.
447,47,5,VAL.ED. PART 08.pdf,/Users/lyndon/All reviewers/-LET REVIEWER 2026/C. MAJOR SUBJECTS/H. VALUES EDUCATION/2026 VALUES EDUCATION/VAL.ED. PART 08.pdf,A student who volunteers regularly shows:,,,Internalized moral commitment,,Compliance,,Requirement completion,,Popularity,,,,,,LET Secondary,Values Education,Values Education,3,No,,0.70,Needs Answer,LET Secondary Values Education Q&A. Correct answer sourced from PDF answer key.
448,48,5,VAL.ED. PART 08.pdf,/Users/lyndon/All reviewers/-LET REVIEWER 2026/C. MAJOR SUBJECTS/H. VALUES EDUCATION/2026 VALUES EDUCATION/VAL.ED. PART 08.pdf,Ethical decision-making involves:,,,"Recognizing, evaluating, and acting on moral issues",,Following rules blindly,,Avoiding choice,,Emotion,,,,,,LET Secondary,Values Education,Values Education,3,No,,0.70,Needs Answer,LET Secondary Values Education Q&A. Correct answer sourced from PDF answer key.
449,49,5,VAL.ED. PART 08.pdf,/Users/lyndon/All reviewers/-LET REVIEWER 2026/C. MAJOR SUBJECTS/H. VALUES EDUCATION/2026 VALUES EDUCATION/VAL.ED. PART 08.pdf,The affective domain emphasizes:,,,"Attitudes, values, and emotional maturity",,Facts,,Skills,,Memory,,,,A,Correct answer sourced from the PDF answer key: A.,LET Secondary,Values Education,Values Education,3,No,,0.96,Ready for Upload,LET Secondary Values Education Q&A. Correct answer sourced from PDF answer key.
450,50,5,VAL.ED. PART 08.pdf,/Users/lyndon/All reviewers/-LET REVIEWER 2026/C. MAJOR SUBJECTS/H. VALUES EDUCATION/2026 VALUES EDUCATION/VAL.ED. PART 08.pdf,The ultimate test of values education is:,,,A transformed moral character and responsible citizenship,,Academic success,,Obedience,,Status Comprehensive LET Reviewer 2025/2026 InsightfulMinds PH Reviewer LET Reviewer Values Education Part 8 2025/2026,,,,,,LET Secondary,Values Education,Values Education,3,No,100,0.70,Duplicate,LET Secondary Values Education Q&A. Correct answer sourced from PDF answer key.
451,1,1,VAL.ED. PART 09.pdf,/Users/lyndon/All reviewers/-LET REVIEWER 2026/C. MAJOR SUBJECTS/H. VALUES EDUCATION/2026 VALUES EDUCATION/VAL.ED. PART 09.pdf,The Golden Rule (“Do unto others what you want others to do unto you”) expresses:,,,Reciprocity in moral relationships,,Legal obedience,,Authority compliance,,Cultural relativism,,,,A,Correct answer sourced from the PDF answer key: A.,LET Secondary,Values Education,Values Education,3,No,,0.96,Ready for Upload,LET Secondary Values Education Q&A. Correct answer sourced from PDF answer key.
452,2,1,VAL.ED. PART 09.pdf,/Users/lyndon/All reviewers/-LET REVIEWER 2026/C. MAJOR SUBJECTS/H. VALUES EDUCATION/2026 VALUES EDUCATION/VAL.ED. PART 09.pdf,Universal ethics means:,,,Values that apply to all human beings regardless of culture or religion,,Laws specific to each country,,Religious dogmas,,National policies,,,,,,LET Secondary,Values Education,Values Education,3,No,,0.70,Needs Answer,LET Secondary Values Education Q&A. Correct answer sourced from PDF answer key.
453,3,1,VAL.ED. PART 09.pdf,/Users/lyndon/All reviewers/-LET REVIEWER 2026/C. MAJOR SUBJECTS/H. VALUES EDUCATION/2026 VALUES EDUCATION/VAL.ED. PART 09.pdf,The UNESCO Universal Declaration on Ethical Principles promotes:,,,"Human dignity, equality, and peace",,Economic competition,,Political power,,Cultural uniformity,,,,A,Correct answer sourced from the PDF answer key: A.,LET Secondary,Values Education,Values Education,3,No,,0.96,Ready for Upload,LET Secondary Values Education Q&A. Correct answer sourced from PDF answer key.
454,4,1,VAL.ED. PART 09.pdf,/Users/lyndon/All reviewers/-LET REVIEWER 2026/C. MAJOR SUBJECTS/H. VALUES EDUCATION/2026 VALUES EDUCATION/VAL.ED. PART 09.pdf,Ethical globalization refers to:,,,Promoting moral responsibility across global communities,,Economic expansion,,Cultural domination,,Religious assimilation,,,,A,Correct answer sourced from the PDF answer key: A.,LET Secondary,Values Education,Values Education,3,No,,0.96,Ready for Upload,LET Secondary Values Education Q&A. Correct answer sourced from PDF answer key.
455,5,1,VAL.ED. PART 09.pdf,/Users/lyndon/All reviewers/-LET REVIEWER 2026/C. MAJOR SUBJECTS/H. VALUES EDUCATION/2026 VALUES EDUCATION/VAL.ED. PART 09.pdf,The principle of human dignity affirms that:,,,Every person has inherent worth and must be respected,,Respect is earned through power,,Only some people deserve rights,,Dignity is optional,,,,D,Correct answer sourced from the PDF answer key: D.,LET Secondary,Values Education,Values Education,3,No,,0.96,Ready for Upload,LET Secondary Values Education Q&A. Correct answer sourced from PDF answer key.
456,6,1,VAL.ED. PART 09.pdf,/Users/lyndon/All reviewers/-LET REVIEWER 2026/C. MAJOR SUBJECTS/H. VALUES EDUCATION/2026 VALUES EDUCATION/VAL.ED. PART 09.pdf,Cultural relativism argues that:,,,Morality depends on cultural context,,Morality is universal,,Ethics should be uniform,,Religion defines all ethics,,,,,,LET Secondary,Values Education,Values Education,3,No,,0.70,Needs Answer,LET Secondary Values Education Q&A. Correct answer sourced from PDF answer key.
457,7,1,VAL.ED. PART 09.pdf,/Users/lyndon/All reviewers/-LET REVIEWER 2026/C. MAJOR SUBJECTS/H. VALUES EDUCATION/2026 VALUES EDUCATION/VAL.ED. PART 09.pdf,Ethical universalism asserts that:,,,There are moral truths valid for all humans,,Values differ by culture,,Ethics depend on government,,No moral truth exists,,,,,,LET Secondary,Values Education,Values Education,3,No,,0.70,Needs Answer,LET Secondary Values Education Q&A. Correct answer sourced from PDF answer key.
458,8,1,VAL.ED. PART 09.pdf,/Users/lyndon/All reviewers/-LET REVIEWER 2026/C. MAJOR SUBJECTS/H. VALUES EDUCATION/2026 VALUES EDUCATION/VAL.ED. PART 09.pdf,The ethic of stewardship teaches:,,,Responsible use and protection of resources,,Consumption and control,,Ownership rights,,Exploitation,,,,,,LET Secondary,Values Education,Values Education,3,No,,0.70,Needs Answer,LET Secondary Values Education Q&A. Correct answer sourced from PDF answer key.
459,9,1,VAL.ED. PART 09.pdf,/Users/lyndon/All reviewers/-LET REVIEWER 2026/C. MAJOR SUBJECTS/H. VALUES EDUCATION/2026 VALUES EDUCATION/VAL.ED. PART 09.pdf,The common good principle promotes:,,,Collective well-being over selfish interest,,Individualism,,Personal gain,,Competition,,,,A,Correct answer sourced from the PDF answer key: A.,LET Secondary,Values Education,Values Education,3,No,,0.96,Ready for Upload,LET Secondary Values Education Q&A. Correct answer sourced from PDF answer key.
460,10,1,VAL.ED. PART 09.pdf,/Users/lyndon/All reviewers/-LET REVIEWER 2026/C. MAJOR SUBJECTS/H. VALUES EDUCATION/2026 VALUES EDUCATION/VAL.ED. PART 09.pdf,A teacher promoting social justice in the classroom models:,,,Ethical leadership and fairness Comprehensive LET Reviewer 2025/2026 InsightfulMinds PH Reviewer,,Authority,,Strict control,,Neutrality,,,,A,Correct answer sourced from the PDF answer key: A.,LET Secondary,Values Education,Values Education,3,No,,0.96,Ready for Upload,LET Secondary Values Education Q&A. Correct answer sourced from PDF answer key.
461,11,2,VAL.ED. PART 09.pdf,/Users/lyndon/All reviewers/-LET REVIEWER 2026/C. MAJOR SUBJECTS/H. VALUES EDUCATION/2026 VALUES EDUCATION/VAL.ED. PART 09.pdf,Environmental ethics emphasizes:,,,Moral duty to care for nature and all living beings,,Economic control,,Resource ownership,,Scientific neutrality,,,,A,Correct answer sourced from the PDF answer key: A.,LET Secondary,Values Education,Values Education,3,No,,0.96,Ready for Upload,LET Secondary Values Education Q&A. Correct answer sourced from PDF answer key.
462,12,2,VAL.ED. PART 09.pdf,/Users/lyndon/All reviewers/-LET REVIEWER 2026/C. MAJOR SUBJECTS/H. VALUES EDUCATION/2026 VALUES EDUCATION/VAL.ED. PART 09.pdf,The ethics of responsibility means:,,,Accountability for one’s moral choices and consequences,,Avoiding decision-making,,Delegating moral duty,,Conforming to majority,,,,A,Correct answer sourced from the PDF answer key: A.,LET Secondary,Values Education,Values Education,3,No,,0.96,Ready for Upload,LET Secondary Values Education Q&A. Correct answer sourced from PDF answer key.
463,13,2,VAL.ED. PART 09.pdf,/Users/lyndon/All reviewers/-LET REVIEWER 2026/C. MAJOR SUBJECTS/H. VALUES EDUCATION/2026 VALUES EDUCATION/VAL.ED. PART 09.pdf,Global citizenship education (GCED) aims to develop:,,,"Active, responsible, and empathetic world citizens",,Obedient workers,,Isolated learners,,Economic consumers,,,,,,LET Secondary,Values Education,Values Education,3,No,,0.70,Needs Answer,LET Secondary Values Education Q&A. Correct answer sourced from PDF answer key.
464,14,2,VAL.ED. PART 09.pdf,/Users/lyndon/All reviewers/-LET REVIEWER 2026/C. MAJOR SUBJECTS/H. VALUES EDUCATION/2026 VALUES EDUCATION/VAL.ED. PART 09.pdf,A values-based curriculum promotes:,,,Integration of moral learning in all subjects,,Academic ranking,,Political bias,,Memorization,,,,A,Correct answer sourced from the PDF answer key: A.,LET Secondary,Values Education,Values Education,3,No,,0.96,Ready for Upload,LET Secondary Values Education Q&A. Correct answer sourced from PDF answer key.
465,15,2,VAL.ED. PART 09.pdf,/Users/lyndon/All reviewers/-LET REVIEWER 2026/C. MAJOR SUBJECTS/H. VALUES EDUCATION/2026 VALUES EDUCATION/VAL.ED. PART 09.pdf,The principle of subsidiarity emphasizes:,,,Decision-making at the most local competent level,,Centralized control,,Government dominance,,Economic authority,,,,,,LET Secondary,Values Education,Values Education,3,No,,0.70,Needs Answer,LET Secondary Values Education Q&A. Correct answer sourced from PDF answer key.
466,16,2,VAL.ED. PART 09.pdf,/Users/lyndon/All reviewers/-LET REVIEWER 2026/C. MAJOR SUBJECTS/H. VALUES EDUCATION/2026 VALUES EDUCATION/VAL.ED. PART 09.pdf,Ethical pluralism encourages:,,,Respect for diverse moral perspectives,,One moral system for all,,Elimination of diversity,,Legalism,,,,,,LET Secondary,Values Education,Values Education,3,No,,0.70,Needs Answer,LET Secondary Values Education Q&A. Correct answer sourced from PDF answer key.
467,17,2,VAL.ED. PART 09.pdf,/Users/lyndon/All reviewers/-LET REVIEWER 2026/C. MAJOR SUBJECTS/H. VALUES EDUCATION/2026 VALUES EDUCATION/VAL.ED. PART 09.pdf,The ethic of dialogue in intercultural education values:,,,Respectful exchange and understanding between different cultures,,Silence,,Argument,,Isolation,,,,,,LET Secondary,Values Education,Values Education,3,No,,0.70,Needs Answer,LET Secondary Values Education Q&A. Correct answer sourced from PDF answer key.
468,18,2,VAL.ED. PART 09.pdf,/Users/lyndon/All reviewers/-LET REVIEWER 2026/C. MAJOR SUBJECTS/H. VALUES EDUCATION/2026 VALUES EDUCATION/VAL.ED. PART 09.pdf,Integrity as a moral virtue means:,,,Consistency between moral principles and actions,,Obedience without conviction,,Avoiding decisions,,Following orders,,,,A,Correct answer sourced from the PDF answer key: A.,LET Secondary,Values Education,Values Education,3,No,,0.96,Ready for Upload,LET Secondary Values Education Q&A. Correct answer sourced from PDF answer key.
469,19,2,VAL.ED. PART 09.pdf,/Users/lyndon/All reviewers/-LET REVIEWER 2026/C. MAJOR SUBJECTS/H. VALUES EDUCATION/2026 VALUES EDUCATION/VAL.ED. PART 09.pdf,Accountability in ethics involves:,,,Taking responsibility for the impact of one’s actions,,Blaming others,,Avoiding transparency,,Ignoring outcomes,,,,A,Correct answer sourced from the PDF answer key: A.,LET Secondary,Values Education,Values Education,3,No,,0.96,Ready for Upload,LET Secondary Values Education Q&A. Correct answer sourced from PDF answer key.
470,20,2,VAL.ED. PART 09.pdf,/Users/lyndon/All reviewers/-LET REVIEWER 2026/C. MAJOR SUBJECTS/H. VALUES EDUCATION/2026 VALUES EDUCATION/VAL.ED. PART 09.pdf,The virtue of humility encourages:,,,Recognizing one’s limitations and valuing others,,Weakness,,Pride,,Arrogance Comprehensive LET Reviewer 2025/2026 InsightfulMinds PH Reviewer PART II – PEACE EDUCATION AND CONFLICT RESOLUTION,,,,,,LET Secondary,Values Education,Values Education,3,No,,0.70,Needs Answer,LET Secondary Values Education Q&A. Correct answer sourced from PDF answer key.
471,21,3,VAL.ED. PART 09.pdf,/Users/lyndon/All reviewers/-LET REVIEWER 2026/C. MAJOR SUBJECTS/H. VALUES EDUCATION/2026 VALUES EDUCATION/VAL.ED. PART 09.pdf,The main goal of peace education is to:,,,"Promote understanding, cooperation, and non-violence",,Avoid discussion,,Encourage competition,,Reward obedience,,,,A,Correct answer sourced from the PDF answer key: A.,LET Secondary,Values Education,Values Education,3,No,,0.96,Ready for Upload,LET Secondary Values Education Q&A. Correct answer sourced from PDF answer key.
472,22,3,VAL.ED. PART 09.pdf,/Users/lyndon/All reviewers/-LET REVIEWER 2026/C. MAJOR SUBJECTS/H. VALUES EDUCATION/2026 VALUES EDUCATION/VAL.ED. PART 09.pdf,The culture of peace according to UNESCO involves:,,,"Tolerance, justice, and respect for human rights",,Military strength,,Economic control,,Isolation,,,,A,Correct answer sourced from the PDF answer key: A.,LET Secondary,Values Education,Values Education,3,No,,0.96,Ready for Upload,LET Secondary Values Education Q&A. Correct answer sourced from PDF answer key.
473,23,3,VAL.ED. PART 09.pdf,/Users/lyndon/All reviewers/-LET REVIEWER 2026/C. MAJOR SUBJECTS/H. VALUES EDUCATION/2026 VALUES EDUCATION/VAL.ED. PART 09.pdf,Conflict resolution means:,,,Peaceful problem-solving through communication and empathy,,Avoiding disagreements,,Suppression,,Violence,,,,,,LET Secondary,Values Education,Values Education,3,No,,0.70,Needs Answer,LET Secondary Values Education Q&A. Correct answer sourced from PDF answer key.
474,24,3,VAL.ED. PART 09.pdf,/Users/lyndon/All reviewers/-LET REVIEWER 2026/C. MAJOR SUBJECTS/H. VALUES EDUCATION/2026 VALUES EDUCATION/VAL.ED. PART 09.pdf,Mediation in peace education refers to:,,,Neutral facilitation between conflicting parties,,Authority enforcement,,Obedience to power,,Blame assignment,,,,A,Correct answer sourced from the PDF answer key: A.,LET Secondary,Values Education,Values Education,3,No,,0.96,Ready for Upload,LET Secondary Values Education Q&A. Correct answer sourced from PDF answer key.
475,25,3,VAL.ED. PART 09.pdf,/Users/lyndon/All reviewers/-LET REVIEWER 2026/C. MAJOR SUBJECTS/H. VALUES EDUCATION/2026 VALUES EDUCATION/VAL.ED. PART 09.pdf,Empathy training helps students:,,,Understand and share others’ feelings for better relationships,,Argue better,,Control peers,,Win debates,,,,,,LET Secondary,Values Education,Values Education,3,No,,0.70,Needs Answer,LET Secondary Values Education Q&A. Correct answer sourced from PDF answer key.
476,26,3,VAL.ED. PART 09.pdf,/Users/lyndon/All reviewers/-LET REVIEWER 2026/C. MAJOR SUBJECTS/H. VALUES EDUCATION/2026 VALUES EDUCATION/VAL.ED. PART 09.pdf,Transformative peace education seeks:,,,Personal and structural change toward justice and harmony,,Tolerance only,,Silence,,Avoidance,,,,A,Correct answer sourced from the PDF answer key: A.,LET Secondary,Values Education,Values Education,3,No,,0.96,Ready for Upload,LET Secondary Values Education Q&A. Correct answer sourced from PDF answer key.
477,27,3,VAL.ED. PART 09.pdf,/Users/lyndon/All reviewers/-LET REVIEWER 2026/C. MAJOR SUBJECTS/H. VALUES EDUCATION/2026 VALUES EDUCATION/VAL.ED. PART 09.pdf,Negative peace means:,,,Absence of direct violence but presence of injustice,,Total harmony,,Economic equality,,War,,,,A,Correct answer sourced from the PDF answer key: A.,LET Secondary,Values Education,Values Education,3,No,,0.96,Ready for Upload,LET Secondary Values Education Q&A. Correct answer sourced from PDF answer key.
478,28,3,VAL.ED. PART 09.pdf,/Users/lyndon/All reviewers/-LET REVIEWER 2026/C. MAJOR SUBJECTS/H. VALUES EDUCATION/2026 VALUES EDUCATION/VAL.ED. PART 09.pdf,Positive peace implies:,,,"Justice, equality, and cooperation in relationships",,Silence,,No war only,,Neutrality,,,,A,Correct answer sourced from the PDF answer key: A.,LET Secondary,Values Education,Values Education,3,No,,0.96,Ready for Upload,LET Secondary Values Education Q&A. Correct answer sourced from PDF answer key.
479,29,3,VAL.ED. PART 09.pdf,/Users/lyndon/All reviewers/-LET REVIEWER 2026/C. MAJOR SUBJECTS/H. VALUES EDUCATION/2026 VALUES EDUCATION/VAL.ED. PART 09.pdf,The peaceable classroom promotes:,,,Democratic participation and respect,,Competition,,Control,,Division,,,,A,Correct answer sourced from the PDF answer key: A.,LET Secondary,Values Education,Values Education,3,No,,0.96,Ready for Upload,LET Secondary Values Education Q&A. Correct answer sourced from PDF answer key.
480,30,3,VAL.ED. PART 09.pdf,/Users/lyndon/All reviewers/-LET REVIEWER 2026/C. MAJOR SUBJECTS/H. VALUES EDUCATION/2026 VALUES EDUCATION/VAL.ED. PART 09.pdf,Conflict transformation focuses on:,,,Changing relationships and structures causing conflict,,Avoiding tension,,Punishing opponents,,Ignoring issues,,,,,,LET Secondary,Values Education,Values Education,3,No,,0.70,Needs Answer,LET Secondary Values Education Q&A. Correct answer sourced from PDF answer key.
481,31,3,VAL.ED. PART 09.pdf,/Users/lyndon/All reviewers/-LET REVIEWER 2026/C. MAJOR SUBJECTS/H. VALUES EDUCATION/2026 VALUES EDUCATION/VAL.ED. PART 09.pdf,Tolerance education encourages:,,,Respect for diversity and coexistence,,Agreement on all things Comprehensive LET Reviewer 2025/2026 InsightfulMinds PH Reviewer,,Isolation,,Competition,,,,A,Correct answer sourced from the PDF answer key: A.,LET Secondary,Values Education,Values Education,3,No,,0.96,Ready for Upload,LET Secondary Values Education Q&A. Correct answer sourced from PDF answer key.
482,32,4,VAL.ED. PART 09.pdf,/Users/lyndon/All reviewers/-LET REVIEWER 2026/C. MAJOR SUBJECTS/H. VALUES EDUCATION/2026 VALUES EDUCATION/VAL.ED. PART 09.pdf,The value of forgiveness promotes:,,,Healing and reconciliation,,Avoidance,,Weakness,,Revenge,,,,A,Correct answer sourced from the PDF answer key: A.,LET Secondary,Values Education,Values Education,3,No,,0.96,Ready for Upload,LET Secondary Values Education Q&A. Correct answer sourced from PDF answer key.
483,33,4,VAL.ED. PART 09.pdf,/Users/lyndon/All reviewers/-LET REVIEWER 2026/C. MAJOR SUBJECTS/H. VALUES EDUCATION/2026 VALUES EDUCATION/VAL.ED. PART 09.pdf,Active non-violence means:,,,Pursuing justice through peaceful means,,Doing nothing,,Surrender,,Silence,,,,A,Correct answer sourced from the PDF answer key: A.,LET Secondary,Values Education,Values Education,3,No,,0.96,Ready for Upload,LET Secondary Values Education Q&A. Correct answer sourced from PDF answer key.
484,34,4,VAL.ED. PART 09.pdf,/Users/lyndon/All reviewers/-LET REVIEWER 2026/C. MAJOR SUBJECTS/H. VALUES EDUCATION/2026 VALUES EDUCATION/VAL.ED. PART 09.pdf,Dialogue in peace education develops:,,,Empathy and mutual understanding,,Debate,,Silence,,Authority,,,,A,Correct answer sourced from the PDF answer key: A.,LET Secondary,Values Education,Values Education,3,No,,0.96,Ready for Upload,LET Secondary Values Education Q&A. Correct answer sourced from PDF answer key.
485,35,4,VAL.ED. PART 09.pdf,/Users/lyndon/All reviewers/-LET REVIEWER 2026/C. MAJOR SUBJECTS/H. VALUES EDUCATION/2026 VALUES EDUCATION/VAL.ED. PART 09.pdf,Justice and peace are:,,,Interdependent moral goals,,Opposed,,Independent,,"Temporary PART III – HUMAN RIGHTS, ENVIRONMENTAL, AND GLOBAL CITIZENSHIP VALUES",,,,,,LET Secondary,Values Education,Values Education,3,No,,0.70,Needs Answer,LET Secondary Values Education Q&A. Correct answer sourced from PDF answer key.
486,36,4,VAL.ED. PART 09.pdf,/Users/lyndon/All reviewers/-LET REVIEWER 2026/C. MAJOR SUBJECTS/H. VALUES EDUCATION/2026 VALUES EDUCATION/VAL.ED. PART 09.pdf,The Universal Declaration of Human Rights (UDHR) was adopted in:,,,1948,,1965,,1987,,1951,,,,A,Correct answer sourced from the PDF answer key: A.,LET Secondary,Values Education,Values Education,3,No,,0.96,Ready for Upload,LET Secondary Values Education Q&A. Correct answer sourced from PDF answer key.
487,37,4,VAL.ED. PART 09.pdf,/Users/lyndon/All reviewers/-LET REVIEWER 2026/C. MAJOR SUBJECTS/H. VALUES EDUCATION/2026 VALUES EDUCATION/VAL.ED. PART 09.pdf,The right to education is found in:,,,Article 26 of the UDHR,,Article 14,,Article 12,,Article 10,,,,A,Correct answer sourced from the PDF answer key: A.,LET Secondary,Values Education,Values Education,3,No,,0.96,Ready for Upload,LET Secondary Values Education Q&A. Correct answer sourced from PDF answer key.
488,38,4,VAL.ED. PART 09.pdf,/Users/lyndon/All reviewers/-LET REVIEWER 2026/C. MAJOR SUBJECTS/H. VALUES EDUCATION/2026 VALUES EDUCATION/VAL.ED. PART 09.pdf,Human rights education (HRE) aims to:,,,"Promote dignity, equality, and participation in society",,Teach laws only,,Focus on grades,,Promote uniformity,,,,A,Correct answer sourced from the PDF answer key: A.,LET Secondary,Values Education,Values Education,3,No,,0.96,Ready for Upload,LET Secondary Values Education Q&A. Correct answer sourced from PDF answer key.
489,39,4,VAL.ED. PART 09.pdf,/Users/lyndon/All reviewers/-LET REVIEWER 2026/C. MAJOR SUBJECTS/H. VALUES EDUCATION/2026 VALUES EDUCATION/VAL.ED. PART 09.pdf,Children’s rights emphasize:,,,"Protection, provision, and participation",,Power,,Privilege,,Obedience,,,,A,Correct answer sourced from the PDF answer key: A.,LET Secondary,Values Education,Values Education,3,No,,0.96,Ready for Upload,LET Secondary Values Education Q&A. Correct answer sourced from PDF answer key.
490,40,4,VAL.ED. PART 09.pdf,/Users/lyndon/All reviewers/-LET REVIEWER 2026/C. MAJOR SUBJECTS/H. VALUES EDUCATION/2026 VALUES EDUCATION/VAL.ED. PART 09.pdf,Freedom of expression is best exercised with:,,,Responsibility and respect for others,,Total freedom,,Silence,,Rebellion,,,,,,LET Secondary,Values Education,Values Education,3,No,,0.70,Needs Answer,LET Secondary Values Education Q&A. Correct answer sourced from PDF answer key.
491,41,4,VAL.ED. PART 09.pdf,/Users/lyndon/All reviewers/-LET REVIEWER 2026/C. MAJOR SUBJECTS/H. VALUES EDUCATION/2026 VALUES EDUCATION/VAL.ED. PART 09.pdf,Sustainable development integrates:,,,"Economic growth, social justice, and environmental care Comprehensive LET Reviewer 2025/2026 InsightfulMinds PH Reviewer",,Industrial progress only,,Consumerism,,Technology,,,,,,LET Secondary,Values Education,Values Education,3,No,,0.70,Needs Answer,LET Secondary Values Education Q&A. Correct answer sourced from PDF answer key.
492,42,5,VAL.ED. PART 09.pdf,/Users/lyndon/All reviewers/-LET REVIEWER 2026/C. MAJOR SUBJECTS/H. VALUES EDUCATION/2026 VALUES EDUCATION/VAL.ED. PART 09.pdf,Environmental stewardship promotes:,,,Ethical responsibility for ecological balance,,Use of all resources,,Ownership,,Development only,,,,,,LET Secondary,Values Education,Values Education,3,No,,0.70,Needs Answer,LET Secondary Values Education Q&A. Correct answer sourced from PDF answer key.
493,43,5,VAL.ED. PART 09.pdf,/Users/lyndon/All reviewers/-LET REVIEWER 2026/C. MAJOR SUBJECTS/H. VALUES EDUCATION/2026 VALUES EDUCATION/VAL.ED. PART 09.pdf,Climate ethics focuses on:,,,"Justice, responsibility, and sustainability in facing climate change",,Political neutrality,,Denial,,Technology,,,,,,LET Secondary,Values Education,Values Education,3,No,,0.70,Needs Answer,LET Secondary Values Education Q&A. Correct answer sourced from PDF answer key.
494,44,5,VAL.ED. PART 09.pdf,/Users/lyndon/All reviewers/-LET REVIEWER 2026/C. MAJOR SUBJECTS/H. VALUES EDUCATION/2026 VALUES EDUCATION/VAL.ED. PART 09.pdf,Eco-literacy means:,,,Awareness of ecological systems and sustainable living,,Knowing plant names only,,Farming,,Geography,,,,,,LET Secondary,Values Education,Values Education,3,No,,0.70,Needs Answer,LET Secondary Values Education Q&A. Correct answer sourced from PDF answer key.
495,45,5,VAL.ED. PART 09.pdf,/Users/lyndon/All reviewers/-LET REVIEWER 2026/C. MAJOR SUBJECTS/H. VALUES EDUCATION/2026 VALUES EDUCATION/VAL.ED. PART 09.pdf,The principle of intergenerational justice means:,,,Preserving resources for future generations,,Using resources now,,Exploiting nature,,Focusing on profit,,,,A,Correct answer sourced from the PDF answer key: A.,LET Secondary,Values Education,Values Education,3,No,,0.96,Ready for Upload,LET Secondary Values Education Q&A. Correct answer sourced from PDF answer key.
496,46,5,VAL.ED. PART 09.pdf,/Users/lyndon/All reviewers/-LET REVIEWER 2026/C. MAJOR SUBJECTS/H. VALUES EDUCATION/2026 VALUES EDUCATION/VAL.ED. PART 09.pdf,Global solidarity calls for:,,,Cooperation for common human welfare,,National isolation,,Political control,,Economic independence,,,,,,LET Secondary,Values Education,Values Education,3,No,,0.70,Needs Answer,LET Secondary Values Education Q&A. Correct answer sourced from PDF answer key.
497,47,5,VAL.ED. PART 09.pdf,/Users/lyndon/All reviewers/-LET REVIEWER 2026/C. MAJOR SUBJECTS/H. VALUES EDUCATION/2026 VALUES EDUCATION/VAL.ED. PART 09.pdf,Social responsibility implies:,,,Accountability toward community and environment,,Self-interest,,Profit-seeking,,Avoidance,,,,,,LET Secondary,Values Education,Values Education,3,No,,0.70,Needs Answer,LET Secondary Values Education Q&A. Correct answer sourced from PDF answer key.
498,48,5,VAL.ED. PART 09.pdf,/Users/lyndon/All reviewers/-LET REVIEWER 2026/C. MAJOR SUBJECTS/H. VALUES EDUCATION/2026 VALUES EDUCATION/VAL.ED. PART 09.pdf,Digital citizenship includes:,,,Responsible and ethical use of technology,,Gaming,,Freedom without limits,,Tech avoidance,,,,A,Correct answer sourced from the PDF answer key: A.,LET Secondary,Values Education,Values Education,3,No,,0.96,Ready for Upload,LET Secondary Values Education Q&A. Correct answer sourced from PDF answer key.
499,49,5,VAL.ED. PART 09.pdf,/Users/lyndon/All reviewers/-LET REVIEWER 2026/C. MAJOR SUBJECTS/H. VALUES EDUCATION/2026 VALUES EDUCATION/VAL.ED. PART 09.pdf,Cyber ethics teaches:,,,"Respect, privacy, and integrity online",,Unlimited sharing,,Competition,,Entertainment,,,,A,Correct answer sourced from the PDF answer key: A.,LET Secondary,Values Education,Values Education,3,No,,0.96,Ready for Upload,LET Secondary Values Education Q&A. Correct answer sourced from PDF answer key.
500,50,5,VAL.ED. PART 09.pdf,/Users/lyndon/All reviewers/-LET REVIEWER 2026/C. MAJOR SUBJECTS/H. VALUES EDUCATION/2026 VALUES EDUCATION/VAL.ED. PART 09.pdf,The highest aim of global values education is:,,,"Formation of morally responsible, compassionate world citizens",,Academic success,,Political fame,,Cultural dominance Comprehensive LET Reviewer 2025/2026 InsightfulMinds PH Reviewer LET Reviewer Values Education Part 9 2025/2026,,,,,,LET Secondary,Values Education,Values Education,3,No,,0.70,Needs Answer,LET Secondary Values Education Q&A. Correct answer sourced from PDF answer key.
501,1,1,VAL.ED. PART 10.pdf,/Users/lyndon/All reviewers/-LET REVIEWER 2026/C. MAJOR SUBJECTS/H. VALUES EDUCATION/2026 VALUES EDUCATION/VAL.ED. PART 10.pdf,The ultimate goal of Values Education is the:,,,Formation of a morally upright and socially responsible person,,Memorization of moral codes,,Obedience to rules,,Academic excellence only,,,,,,LET Secondary,Values Education,Values Education,3,No,,0.70,Needs Answer,LET Secondary Values Education Q&A. Correct answer sourced from PDF answer key.
502,2,1,VAL.ED. PART 10.pdf,/Users/lyndon/All reviewers/-LET REVIEWER 2026/C. MAJOR SUBJECTS/H. VALUES EDUCATION/2026 VALUES EDUCATION/VAL.ED. PART 10.pdf,The philosophy of humanism in Values Education emphasizes:,,,Dignity and worth of the individual,,Material achievement,,Authority dependence,,Dogmatism,,,,,,LET Secondary,Values Education,Values Education,3,No,,0.70,Needs Answer,LET Secondary Values Education Q&A. Correct answer sourced from PDF answer key.
503,3,1,VAL.ED. PART 10.pdf,/Users/lyndon/All reviewers/-LET REVIEWER 2026/C. MAJOR SUBJECTS/H. VALUES EDUCATION/2026 VALUES EDUCATION/VAL.ED. PART 10.pdf,Axiology is the branch of philosophy concerned with:,,,Values and ethics,,Logic and reasoning,,Knowledge,,Politics,,,,,,LET Secondary,Values Education,Values Education,3,No,,0.70,Needs Answer,LET Secondary Values Education Q&A. Correct answer sourced from PDF answer key.
504,4,1,VAL.ED. PART 10.pdf,/Users/lyndon/All reviewers/-LET REVIEWER 2026/C. MAJOR SUBJECTS/H. VALUES EDUCATION/2026 VALUES EDUCATION/VAL.ED. PART 10.pdf,The spiritual dimension of human values deals with:,,,"Faith, meaning, and transcendence",,Body fitness,,Technology,,Intelligence,,,,A,Correct answer sourced from the PDF answer key: A.,LET Secondary,Values Education,Values Education,3,No,,0.96,Ready for Upload,LET Secondary Values Education Q&A. Correct answer sourced from PDF answer key.
505,5,1,VAL.ED. PART 10.pdf,/Users/lyndon/All reviewers/-LET REVIEWER 2026/C. MAJOR SUBJECTS/H. VALUES EDUCATION/2026 VALUES EDUCATION/VAL.ED. PART 10.pdf,Moral relativism means that:,,,Moral judgments depend on cultural or individual context,,Morality is fixed and universal,,Religion defines all morality,,There are absolute truths only,,,,,,LET Secondary,Values Education,Values Education,3,No,,0.70,Needs Answer,LET Secondary Values Education Q&A. Correct answer sourced from PDF answer key.
506,6,1,VAL.ED. PART 10.pdf,/Users/lyndon/All reviewers/-LET REVIEWER 2026/C. MAJOR SUBJECTS/H. VALUES EDUCATION/2026 VALUES EDUCATION/VAL.ED. PART 10.pdf,Moral absolutism claims that:,,,Certain moral principles are universally valid,,Morality changes,,Culture dictates values,,Ethics depend on majority vote,,,,,,LET Secondary,Values Education,Values Education,3,No,,0.70,Needs Answer,LET Secondary Values Education Q&A. Correct answer sourced from PDF answer key.
507,7,1,VAL.ED. PART 10.pdf,/Users/lyndon/All reviewers/-LET REVIEWER 2026/C. MAJOR SUBJECTS/H. VALUES EDUCATION/2026 VALUES EDUCATION/VAL.ED. PART 10.pdf,The existentialist approach to values emphasizes:,,,Personal choice and authenticity,,Authority,,Habit,,Tradition,,,,,,LET Secondary,Values Education,Values Education,3,No,,0.70,Needs Answer,LET Secondary Values Education Q&A. Correct answer sourced from PDF answer key.
508,8,1,VAL.ED. PART 10.pdf,/Users/lyndon/All reviewers/-LET REVIEWER 2026/C. MAJOR SUBJECTS/H. VALUES EDUCATION/2026 VALUES EDUCATION/VAL.ED. PART 10.pdf,The human act in ethics is judged based on:,,,"Object, intention, and circumstances",,Feelings,,Results alone,,Rules only,,,,A,Correct answer sourced from the PDF answer key: A.,LET Secondary,Values Education,Values Education,3,No,,0.96,Ready for Upload,LET Secondary Values Education Q&A. Correct answer sourced from PDF answer key.
509,9,1,VAL.ED. PART 10.pdf,/Users/lyndon/All reviewers/-LET REVIEWER 2026/C. MAJOR SUBJECTS/H. VALUES EDUCATION/2026 VALUES EDUCATION/VAL.ED. PART 10.pdf,Conscience is best described as:,,,The inner voice that guides moral choices,,Law enforcement,,Habit,,Emotion,,,,A,Correct answer sourced from the PDF answer key: A.,LET Secondary,Values Education,Values Education,3,No,,0.96,Ready for Upload,LET Secondary Values Education Q&A. Correct answer sourced from PDF answer key.
510,10,1,VAL.ED. PART 10.pdf,/Users/lyndon/All reviewers/-LET REVIEWER 2026/C. MAJOR SUBJECTS/H. VALUES EDUCATION/2026 VALUES EDUCATION/VAL.ED. PART 10.pdf,"Virtue ethics, as taught by Aristotle, focuses on:",,,Character development and moral habits Comprehensive LET Reviewer 2025/2026 InsightfulMinds PH Reviewer,,Rules,,Punishment,,Authority,,,,,,LET Secondary,Values Education,Values Education,3,No,,0.70,Needs Answer,LET Secondary Values Education Q&A. Correct answer sourced from PDF answer key.
511,11,2,VAL.ED. PART 10.pdf,/Users/lyndon/All reviewers/-LET REVIEWER 2026/C. MAJOR SUBJECTS/H. VALUES EDUCATION/2026 VALUES EDUCATION/VAL.ED. PART 10.pdf,Deontological ethics emphasizes:,,,Duty and moral obligation,,Consequences,,Feelings,,Results,,,,,,LET Secondary,Values Education,Values Education,3,No,,0.70,Needs Answer,LET Secondary Values Education Q&A. Correct answer sourced from PDF answer key.
512,12,2,VAL.ED. PART 10.pdf,/Users/lyndon/All reviewers/-LET REVIEWER 2026/C. MAJOR SUBJECTS/H. VALUES EDUCATION/2026 VALUES EDUCATION/VAL.ED. PART 10.pdf,Utilitarian ethics teaches that:,,,The best action brings the greatest good to the greatest number,,Rules are always right,,Self-interest prevails,,Laws define morality,,,,A,Correct answer sourced from the PDF answer key: A.,LET Secondary,Values Education,Values Education,3,No,,0.96,Ready for Upload,LET Secondary Values Education Q&A. Correct answer sourced from PDF answer key.
513,13,2,VAL.ED. PART 10.pdf,/Users/lyndon/All reviewers/-LET REVIEWER 2026/C. MAJOR SUBJECTS/H. VALUES EDUCATION/2026 VALUES EDUCATION/VAL.ED. PART 10.pdf,Moral development theory helps teachers:,,,Understand students’ moral reasoning levels,,Grade behavior,,Enforce discipline,,Avoid moral topics,,,,,,LET Secondary,Values Education,Values Education,3,No,,0.70,Needs Answer,LET Secondary Values Education Q&A. Correct answer sourced from PDF answer key.
514,14,2,VAL.ED. PART 10.pdf,/Users/lyndon/All reviewers/-LET REVIEWER 2026/C. MAJOR SUBJECTS/H. VALUES EDUCATION/2026 VALUES EDUCATION/VAL.ED. PART 10.pdf,Values clarification process includes:,,,"Choosing, prizing, and acting on values",,Memorizing rules,,Copying authority,,Avoiding reflection,,,,,,LET Secondary,Values Education,Values Education,3,No,,0.70,Needs Answer,LET Secondary Values Education Q&A. Correct answer sourced from PDF answer key.
515,15,2,VAL.ED. PART 10.pdf,/Users/lyndon/All reviewers/-LET REVIEWER 2026/C. MAJOR SUBJECTS/H. VALUES EDUCATION/2026 VALUES EDUCATION/VAL.ED. PART 10.pdf,Values inculcation refers to:,,,Direct teaching of desirable values and behaviors,,Value neutrality,,Avoiding moral issues,,Academic skills,,,,A,Correct answer sourced from the PDF answer key: A.,LET Secondary,Values Education,Values Education,3,No,,0.96,Ready for Upload,LET Secondary Values Education Q&A. Correct answer sourced from PDF answer key.
516,16,2,VAL.ED. PART 10.pdf,/Users/lyndon/All reviewers/-LET REVIEWER 2026/C. MAJOR SUBJECTS/H. VALUES EDUCATION/2026 VALUES EDUCATION/VAL.ED. PART 10.pdf,The rationale for Values Education in schools is to:,,,"Develop moral, civic, and personal responsibility",,Train obedience,,Avoid conflict,,Promote uniformity,,,,A,Correct answer sourced from the PDF answer key: A.,LET Secondary,Values Education,Values Education,3,No,,0.96,Ready for Upload,LET Secondary Values Education Q&A. Correct answer sourced from PDF answer key.
517,17,2,VAL.ED. PART 10.pdf,/Users/lyndon/All reviewers/-LET REVIEWER 2026/C. MAJOR SUBJECTS/H. VALUES EDUCATION/2026 VALUES EDUCATION/VAL.ED. PART 10.pdf,Holistic development in Values Education includes:,,,"Cognitive, affective, and behavioral growth",,Academic skills only,,Emotional control only,,Knowledge,,,,,,LET Secondary,Values Education,Values Education,3,No,,0.70,Needs Answer,LET Secondary Values Education Q&A. Correct answer sourced from PDF answer key.
518,18,2,VAL.ED. PART 10.pdf,/Users/lyndon/All reviewers/-LET REVIEWER 2026/C. MAJOR SUBJECTS/H. VALUES EDUCATION/2026 VALUES EDUCATION/VAL.ED. PART 10.pdf,Moral reasoning focuses on:,,,Why people make moral decisions,,How to punish wrongdoers,,What rules to memorize,,Following majority,,,,,,LET Secondary,Values Education,Values Education,3,No,,0.70,Needs Answer,LET Secondary Values Education Q&A. Correct answer sourced from PDF answer key.
519,19,2,VAL.ED. PART 10.pdf,/Users/lyndon/All reviewers/-LET REVIEWER 2026/C. MAJOR SUBJECTS/H. VALUES EDUCATION/2026 VALUES EDUCATION/VAL.ED. PART 10.pdf,Education for character emphasizes:,,,Habitual moral action and internalized virtue,,Memorization,,Behavior compliance,,Grading,,,,A,Correct answer sourced from the PDF answer key: A.,LET Secondary,Values Education,Values Education,3,No,,0.96,Ready for Upload,LET Secondary Values Education Q&A. Correct answer sourced from PDF answer key.
520,20,2,VAL.ED. PART 10.pdf,/Users/lyndon/All reviewers/-LET REVIEWER 2026/C. MAJOR SUBJECTS/H. VALUES EDUCATION/2026 VALUES EDUCATION/VAL.ED. PART 10.pdf,Transformative learning involves:,,,Reflection that changes perspective and moral behavior,,Reading only,,Memorization,,Obedience Comprehensive LET Reviewer 2025/2026 InsightfulMinds PH Reviewer PART II – VALUES INTEGRATION AND TEACHING STRATEGIES,,,,,,LET Secondary,Values Education,Values Education,3,No,,0.70,Needs Answer,LET Secondary Values Education Q&A. Correct answer sourced from PDF answer key.
521,21,3,VAL.ED. PART 10.pdf,/Users/lyndon/All reviewers/-LET REVIEWER 2026/C. MAJOR SUBJECTS/H. VALUES EDUCATION/2026 VALUES EDUCATION/VAL.ED. PART 10.pdf,Values integration in education means:,,,Embedding moral principles in all subject areas,,Teaching only in religion class,,Avoiding controversial topics,,Limiting moral learning,,,,,,LET Secondary,Values Education,Values Education,3,No,,0.70,Needs Answer,LET Secondary Values Education Q&A. Correct answer sourced from PDF answer key.
522,22,3,VAL.ED. PART 10.pdf,/Users/lyndon/All reviewers/-LET REVIEWER 2026/C. MAJOR SUBJECTS/H. VALUES EDUCATION/2026 VALUES EDUCATION/VAL.ED. PART 10.pdf,The integrative approach in Values Education connects:,,,Moral values to real-life situations and other subjects,,Moral theory only,,Academic tests,,Rules,,,,A,Correct answer sourced from the PDF answer key: A.,LET Secondary,Values Education,Values Education,3,No,,0.96,Ready for Upload,LET Secondary Values Education Q&A. Correct answer sourced from PDF answer key.
523,23,3,VAL.ED. PART 10.pdf,/Users/lyndon/All reviewers/-LET REVIEWER 2026/C. MAJOR SUBJECTS/H. VALUES EDUCATION/2026 VALUES EDUCATION/VAL.ED. PART 10.pdf,The role-modeling strategy relies on:,,,Teacher’s example of moral conduct,,Grades,,Rewards,,Memorization,,,,A,Correct answer sourced from the PDF answer key: A.,LET Secondary,Values Education,Values Education,3,No,,0.96,Ready for Upload,LET Secondary Values Education Q&A. Correct answer sourced from PDF answer key.
524,24,3,VAL.ED. PART 10.pdf,/Users/lyndon/All reviewers/-LET REVIEWER 2026/C. MAJOR SUBJECTS/H. VALUES EDUCATION/2026 VALUES EDUCATION/VAL.ED. PART 10.pdf,The value clarification technique develops:,,,Reflective moral thinking and self-awareness,,Competition,,Reward seeking,,Compliance,,,,,,LET Secondary,Values Education,Values Education,3,No,,0.70,Needs Answer,LET Secondary Values Education Q&A. Correct answer sourced from PDF answer key.
525,25,3,VAL.ED. PART 10.pdf,/Users/lyndon/All reviewers/-LET REVIEWER 2026/C. MAJOR SUBJECTS/H. VALUES EDUCATION/2026 VALUES EDUCATION/VAL.ED. PART 10.pdf,Moral dilemma discussion enhances:,,,Critical thinking and ethical reasoning,,Silence,,Memorization,,Obedience,,,,A,Correct answer sourced from the PDF answer key: A.,LET Secondary,Values Education,Values Education,3,No,,0.96,Ready for Upload,LET Secondary Values Education Q&A. Correct answer sourced from PDF answer key.
526,26,3,VAL.ED. PART 10.pdf,/Users/lyndon/All reviewers/-LET REVIEWER 2026/C. MAJOR SUBJECTS/H. VALUES EDUCATION/2026 VALUES EDUCATION/VAL.ED. PART 10.pdf,The experiential learning approach allows learners to:,,,Learn values through real-life participation and reflection,,Listen only,,Memorize,,Read books,,,,,,LET Secondary,Values Education,Values Education,3,No,,0.70,Needs Answer,LET Secondary Values Education Q&A. Correct answer sourced from PDF answer key.
527,27,3,VAL.ED. PART 10.pdf,/Users/lyndon/All reviewers/-LET REVIEWER 2026/C. MAJOR SUBJECTS/H. VALUES EDUCATION/2026 VALUES EDUCATION/VAL.ED. PART 10.pdf,Cooperative learning supports moral development by:,,,"Promoting teamwork, empathy, and social responsibility",,Competition,,Silence,,Independence,,,,A,Correct answer sourced from the PDF answer key: A.,LET Secondary,Values Education,Values Education,3,No,326,0.96,Duplicate,LET Secondary Values Education Q&A. Correct answer sourced from PDF answer key.
528,28,3,VAL.ED. PART 10.pdf,/Users/lyndon/All reviewers/-LET REVIEWER 2026/C. MAJOR SUBJECTS/H. VALUES EDUCATION/2026 VALUES EDUCATION/VAL.ED. PART 10.pdf,Simulation and role play techniques help students:,,,Experience moral decisions in realistic contexts,,Avoid mistakes,,Follow directions,,Compete,,,,,,LET Secondary,Values Education,Values Education,3,No,,0.70,Needs Answer,LET Secondary Values Education Q&A. Correct answer sourced from PDF answer key.
529,29,3,VAL.ED. PART 10.pdf,/Users/lyndon/All reviewers/-LET REVIEWER 2026/C. MAJOR SUBJECTS/H. VALUES EDUCATION/2026 VALUES EDUCATION/VAL.ED. PART 10.pdf,Service-learning integrates:,,,Community service with academic reflection and moral action,,Extra-curricular activity,,Classroom rules,,Homework,,,,A,Correct answer sourced from the PDF answer key: A.,LET Secondary,Values Education,Values Education,3,No,,0.96,Ready for Upload,LET Secondary Values Education Q&A. Correct answer sourced from PDF answer key.
530,30,3,VAL.ED. PART 10.pdf,/Users/lyndon/All reviewers/-LET REVIEWER 2026/C. MAJOR SUBJECTS/H. VALUES EDUCATION/2026 VALUES EDUCATION/VAL.ED. PART 10.pdf,Hidden curriculum refers to:,,,Unspoken moral messages from school culture and teacher behavior,,Extra lessons,,Hidden grades,,Homework,,,,,,LET Secondary,Values Education,Values Education,3,No,,0.70,Needs Answer,LET Secondary Values Education Q&A. Correct answer sourced from PDF answer key.
531,31,3,VAL.ED. PART 10.pdf,/Users/lyndon/All reviewers/-LET REVIEWER 2026/C. MAJOR SUBJECTS/H. VALUES EDUCATION/2026 VALUES EDUCATION/VAL.ED. PART 10.pdf,Interdisciplinary values teaching means:,,,Linking moral themes across all subject areas,,Teaching values separately Comprehensive LET Reviewer 2025/2026 InsightfulMinds PH Reviewer,,Grading system,,Religion class only,,,,,,LET Secondary,Values Education,Values Education,3,No,,0.70,Needs Answer,LET Secondary Values Education Q&A. Correct answer sourced from PDF answer key.
532,32,4,VAL.ED. PART 10.pdf,/Users/lyndon/All reviewers/-LET REVIEWER 2026/C. MAJOR SUBJECTS/H. VALUES EDUCATION/2026 VALUES EDUCATION/VAL.ED. PART 10.pdf,The teacher’s role in Values Education is primarily:,,,Facilitator and moral exemplar,,Authority,,Judge,,Dictator,,,,A,Correct answer sourced from the PDF answer key: A.,LET Secondary,Values Education,Values Education,3,No,,0.96,Ready for Upload,LET Secondary Values Education Q&A. Correct answer sourced from PDF answer key.
533,33,4,VAL.ED. PART 10.pdf,/Users/lyndon/All reviewers/-LET REVIEWER 2026/C. MAJOR SUBJECTS/H. VALUES EDUCATION/2026 VALUES EDUCATION/VAL.ED. PART 10.pdf,Peer education is effective in Values Education because:,,,Students influence each other’s moral behavior,,Teachers control learning,,Peer pressure only,,Silence,,,,,,LET Secondary,Values Education,Values Education,3,No,,0.70,Needs Answer,LET Secondary Values Education Q&A. Correct answer sourced from PDF answer key.
534,34,4,VAL.ED. PART 10.pdf,/Users/lyndon/All reviewers/-LET REVIEWER 2026/C. MAJOR SUBJECTS/H. VALUES EDUCATION/2026 VALUES EDUCATION/VAL.ED. PART 10.pdf,Critical pedagogy in Values Education promotes:,,,Awareness of social injustice and moral empowerment,,Obedience,,Competition,,Conformity,,,,A,Correct answer sourced from the PDF answer key: A.,LET Secondary,Values Education,Values Education,3,No,,0.96,Ready for Upload,LET Secondary Values Education Q&A. Correct answer sourced from PDF answer key.
535,35,4,VAL.ED. PART 10.pdf,/Users/lyndon/All reviewers/-LET REVIEWER 2026/C. MAJOR SUBJECTS/H. VALUES EDUCATION/2026 VALUES EDUCATION/VAL.ED. PART 10.pdf,Values integration across the curriculum ensures:,,,Consistency in promoting moral outcomes in all learning areas,,Moral isolation,,Limited scope,,Subject separation PART III – VALUES ASSESSMENT AND CONTEMPORARY ISSUES,,,,,,LET Secondary,Values Education,Values Education,3,No,,0.70,Needs Answer,LET Secondary Values Education Q&A. Correct answer sourced from PDF answer key.
536,36,4,VAL.ED. PART 10.pdf,/Users/lyndon/All reviewers/-LET REVIEWER 2026/C. MAJOR SUBJECTS/H. VALUES EDUCATION/2026 VALUES EDUCATION/VAL.ED. PART 10.pdf,The best method to assess value internalization is:,,,Portfolio and reflective journal,,Multiple-choice exam,,Seatwork,,Attendance,,,,A,Correct answer sourced from the PDF answer key: A.,LET Secondary,Values Education,Values Education,3,No,,0.96,Ready for Upload,LET Secondary Values Education Q&A. Correct answer sourced from PDF answer key.
537,37,4,VAL.ED. PART 10.pdf,/Users/lyndon/All reviewers/-LET REVIEWER 2026/C. MAJOR SUBJECTS/H. VALUES EDUCATION/2026 VALUES EDUCATION/VAL.ED. PART 10.pdf,Observation in Values assessment focuses on:,,,Behavioral manifestation of moral values,,Written skills,,Memory,,Obedience,,,,,,LET Secondary,Values Education,Values Education,3,No,,0.70,Needs Answer,LET Secondary Values Education Q&A. Correct answer sourced from PDF answer key.
538,38,4,VAL.ED. PART 10.pdf,/Users/lyndon/All reviewers/-LET REVIEWER 2026/C. MAJOR SUBJECTS/H. VALUES EDUCATION/2026 VALUES EDUCATION/VAL.ED. PART 10.pdf,Formative assessment in Values Education aims to:,,,Support ongoing growth and reflection,,Grade performance only,,Rank learners,,Give tests,,,,,,LET Secondary,Values Education,Values Education,3,No,347,0.70,Duplicate,LET Secondary Values Education Q&A. Correct answer sourced from PDF answer key.
539,39,4,VAL.ED. PART 10.pdf,/Users/lyndon/All reviewers/-LET REVIEWER 2026/C. MAJOR SUBJECTS/H. VALUES EDUCATION/2026 VALUES EDUCATION/VAL.ED. PART 10.pdf,Summative assessment measures:,,,Overall development after a learning phase,,Class attendance,,Compliance,,Recitation,,,,,,LET Secondary,Values Education,Values Education,3,No,,0.70,Needs Answer,LET Secondary Values Education Q&A. Correct answer sourced from PDF answer key.
540,40,4,VAL.ED. PART 10.pdf,/Users/lyndon/All reviewers/-LET REVIEWER 2026/C. MAJOR SUBJECTS/H. VALUES EDUCATION/2026 VALUES EDUCATION/VAL.ED. PART 10.pdf,Rubrics for values evaluation must include:,,,"Indicators for empathy, reflection, and action",,Only attendance,,Grades,,Participation,,,,A,Correct answer sourced from the PDF answer key: A.,LET Secondary,Values Education,Values Education,3,No,,0.96,Ready for Upload,LET Secondary Values Education Q&A. Correct answer sourced from PDF answer key.
541,41,4,VAL.ED. PART 10.pdf,/Users/lyndon/All reviewers/-LET REVIEWER 2026/C. MAJOR SUBJECTS/H. VALUES EDUCATION/2026 VALUES EDUCATION/VAL.ED. PART 10.pdf,Peer feedback encourages:,,,Reflection and moral accountability,,Competition Comprehensive LET Reviewer 2025/2026 InsightfulMinds PH Reviewer,,Scoring,,Conflict,,,,A,Correct answer sourced from the PDF answer key: A.,LET Secondary,Values Education,Values Education,3,No,,0.96,Ready for Upload,LET Secondary Values Education Q&A. Correct answer sourced from PDF answer key.
542,42,5,VAL.ED. PART 10.pdf,/Users/lyndon/All reviewers/-LET REVIEWER 2026/C. MAJOR SUBJECTS/H. VALUES EDUCATION/2026 VALUES EDUCATION/VAL.ED. PART 10.pdf,Values inquiry strategy helps learners:,,,Investigate moral issues through reasoning and evidence,,Copy authority,,Avoid reflection,,Focus on rules,,,,A,Correct answer sourced from the PDF answer key: A.,LET Secondary,Values Education,Values Education,3,No,,0.96,Ready for Upload,LET Secondary Values Education Q&A. Correct answer sourced from PDF answer key.
543,43,5,VAL.ED. PART 10.pdf,/Users/lyndon/All reviewers/-LET REVIEWER 2026/C. MAJOR SUBJECTS/H. VALUES EDUCATION/2026 VALUES EDUCATION/VAL.ED. PART 10.pdf,Ethical decision-making process includes:,,,"Recognizing, evaluating, and acting on moral issues responsibly",,Avoiding problems,,Following orders,,Scoring,,,,,,LET Secondary,Values Education,Values Education,3,No,,0.70,Needs Answer,LET Secondary Values Education Q&A. Correct answer sourced from PDF answer key.
544,44,5,VAL.ED. PART 10.pdf,/Users/lyndon/All reviewers/-LET REVIEWER 2026/C. MAJOR SUBJECTS/H. VALUES EDUCATION/2026 VALUES EDUCATION/VAL.ED. PART 10.pdf,Guidance and counseling in Values Education focus on:,,,Assisting personal and moral growth,,Controlling behavior,,Assigning grades,,Punishment,,,,,,LET Secondary,Values Education,Values Education,3,No,,0.70,Needs Answer,LET Secondary Values Education Q&A. Correct answer sourced from PDF answer key.
545,45,5,VAL.ED. PART 10.pdf,/Users/lyndon/All reviewers/-LET REVIEWER 2026/C. MAJOR SUBJECTS/H. VALUES EDUCATION/2026 VALUES EDUCATION/VAL.ED. PART 10.pdf,Teacher integrity impacts:,,,Student moral trust and development,,Grades only,,Compliance,,Reputation,,,,A,Correct answer sourced from the PDF answer key: A.,LET Secondary,Values Education,Values Education,3,No,,0.96,Ready for Upload,LET Secondary Values Education Q&A. Correct answer sourced from PDF answer key.
546,46,5,VAL.ED. PART 10.pdf,/Users/lyndon/All reviewers/-LET REVIEWER 2026/C. MAJOR SUBJECTS/H. VALUES EDUCATION/2026 VALUES EDUCATION/VAL.ED. PART 10.pdf,Social media ethics involves:,,,"Respect, responsibility, and truth in online behavior",,Popularity,,Posting freely,,Competition,,,,A,Correct answer sourced from the PDF answer key: A.,LET Secondary,Values Education,Values Education,3,No,,0.96,Ready for Upload,LET Secondary Values Education Q&A. Correct answer sourced from PDF answer key.
547,47,5,VAL.ED. PART 10.pdf,/Users/lyndon/All reviewers/-LET REVIEWER 2026/C. MAJOR SUBJECTS/H. VALUES EDUCATION/2026 VALUES EDUCATION/VAL.ED. PART 10.pdf,Cyberbullying prevention in schools promotes:,,,Digital citizenship and empathy,,Silence,,Rules only,,Avoidance,,,,A,Correct answer sourced from the PDF answer key: A.,LET Secondary,Values Education,Values Education,3,No,,0.96,Ready for Upload,LET Secondary Values Education Q&A. Correct answer sourced from PDF answer key.
548,48,5,VAL.ED. PART 10.pdf,/Users/lyndon/All reviewers/-LET REVIEWER 2026/C. MAJOR SUBJECTS/H. VALUES EDUCATION/2026 VALUES EDUCATION/VAL.ED. PART 10.pdf,Global citizenship education in Values Education develops:,,,"Awareness, responsibility, and active participation for world peace",,Obedience,,Memorization,,Political bias,,,,A,Correct answer sourced from the PDF answer key: A.,LET Secondary,Values Education,Values Education,3,No,,0.96,Ready for Upload,LET Secondary Values Education Q&A. Correct answer sourced from PDF answer key.
549,49,5,VAL.ED. PART 10.pdf,/Users/lyndon/All reviewers/-LET REVIEWER 2026/C. MAJOR SUBJECTS/H. VALUES EDUCATION/2026 VALUES EDUCATION/VAL.ED. PART 10.pdf,The teacher as moral leader must:,,,"Model honesty, fairness, and service",,Be neutral,,Enforce rules only,,Focus on grades,,,,,,LET Secondary,Values Education,Values Education,3,No,,0.70,Needs Answer,LET Secondary Values Education Q&A. Correct answer sourced from PDF answer key.
550,50,5,VAL.ED. PART 10.pdf,/Users/lyndon/All reviewers/-LET REVIEWER 2026/C. MAJOR SUBJECTS/H. VALUES EDUCATION/2026 VALUES EDUCATION/VAL.ED. PART 10.pdf,The ultimate measure of Values Education success is:,,,Moral transformation reflected in consistent ethical living,,High exam scores,,Classroom control,,Compliance Comprehensive LET Reviewer 2025/2026 InsightfulMinds PH Reviewer LET Reviewer Values Education Part 10 2025/2026,,,,A,Correct answer sourced from the PDF answer key: A.,LET Secondary,Values Education,Values Education,3,No,,0.96,Ready for Upload,LET Secondary Values Education Q&A. Correct answer sourced from PDF answer key.
551,1,1,VALUES EDUCATION 100 items.pdf,/Users/lyndon/All reviewers/-LET REVIEWER 2026/C. MAJOR SUBJECTS/H. VALUES EDUCATION/Reviewers/VALUES EDUCATION 100 items.pdf,Detach one (1) answer sheet from the bottom of your Examinee ID/Answer Sheet Set.,,,,,,,,,,,,,C,Correct answer sourced from the PDF answer key: C.,LET Secondary,Values Education,Values Education,3,No,,0.96,Incomplete,LET Secondary Values Education Q&A. Correct answer sourced from PDF answer key.
552,2,1,VALUES EDUCATION 100 items.pdf,/Users/lyndon/All reviewers/-LET REVIEWER 2026/C. MAJOR SUBJECTS/H. VALUES EDUCATION/Reviewers/VALUES EDUCATION 100 items.pdf,Write the Subject title “VALUES EDUCATION” on the box provided,,,,,,,,,,,,,C,Correct answer sourced from the PDF answer key: C.,LET Secondary,Values Education,Values Education,3,No,,0.96,Incomplete,LET Secondary Values Education Q&A. Correct answer sourced from PDF answer key.
553,3,1,VALUES EDUCATION 100 items.pdf,/Users/lyndon/All reviewers/-LET REVIEWER 2026/C. MAJOR SUBJECTS/H. VALUES EDUCATION/Reviewers/VALUES EDUCATION 100 items.pdf,Shade Set Box “A” on your answer sheer if your test booklet is Set A; Set Box “B” if your test booklet is Set B.,,,,,,,,,,,,,D,Correct answer sourced from the PDF answer key: D.,LET Secondary,Values Education,Values Education,3,No,,0.96,Incomplete,LET Secondary Values Education Q&A. Correct answer sourced from PDF answer key.
554,1,1,VALUES EDUCATION 100 items.pdf,/Users/lyndon/All reviewers/-LET REVIEWER 2026/C. MAJOR SUBJECTS/H. VALUES EDUCATION/Reviewers/VALUES EDUCATION 100 items.pdf,The Filipinos have constituted themselves into a nation – state to pursue the goal of social progress and total human liberation and development of their:,,,Intellectual dimension,,Political dimension,,Moral dimension,,Social dimension,,,,C,Correct answer sourced from the PDF answer key: C.,LET Secondary,Values Education,Values Education,3,No,1,0.96,Duplicate,LET Secondary Values Education Q&A. Correct answer sourced from PDF answer key.
555,2,1,VALUES EDUCATION 100 items.pdf,/Users/lyndon/All reviewers/-LET REVIEWER 2026/C. MAJOR SUBJECTS/H. VALUES EDUCATION/Reviewers/VALUES EDUCATION 100 items.pdf,"The process of working out a sense of morality through the active structuring of one’s own social experiences, the outcome of which is a preference that is considered desirable or acceptable by a referent group:",,,Values analysis,,Values modification,,Moral development,,Values clarification,,,,C,Correct answer sourced from the PDF answer key: C.,LET Secondary,Values Education,Values Education,3,No,2,0.96,Duplicate,LET Secondary Values Education Q&A. Correct answer sourced from PDF answer key.
556,3,1,VALUES EDUCATION 100 items.pdf,/Users/lyndon/All reviewers/-LET REVIEWER 2026/C. MAJOR SUBJECTS/H. VALUES EDUCATION/Reviewers/VALUES EDUCATION 100 items.pdf,"Children in this level or moral development conceive the “right” or the “moral” as the literal or strict obedience to rules, that they should submit to these rules as an obligation to power and authority to avoid punishment by elders:",,,The pre-conventional stage,,The heteronymous stage,,The pre-moral stage,,The autonomous stage,,,,D,Correct answer sourced from the PDF answer key: D.,LET Secondary,Values Education,Values Education,3,No,3,0.96,Duplicate,LET Secondary Values Education Q&A. Correct answer sourced from PDF answer key.
557,4,1,VALUES EDUCATION 100 items.pdf,/Users/lyndon/All reviewers/-LET REVIEWER 2026/C. MAJOR SUBJECTS/H. VALUES EDUCATION/Reviewers/VALUES EDUCATION 100 items.pdf,"Value-laden ideas as that tells about the learners’ behavior such as his attitude, interest, aspirations, worries and beliefs:",,,To realize a certain urgent demand for something important,,For one or something is worth or what one prize in life,,To have power or vigor to do a specific thing,,Basic attitude and core beliefs,,,,B,Correct answer sourced from the PDF answer key: B.,LET Secondary,Values Education,Values Education,3,No,4,0.96,Duplicate,LET Secondary Values Education Q&A. Correct answer sourced from PDF answer key.
558,6,2,VALUES EDUCATION 100 items.pdf,/Users/lyndon/All reviewers/-LET REVIEWER 2026/C. MAJOR SUBJECTS/H. VALUES EDUCATION/Reviewers/VALUES EDUCATION 100 items.pdf,Empowering the person’s will to do good is exercising in him called:,,,Fullness of truth,,Rationalization,,Love and fairness,,Freedom and responsibility,,,,A,Correct answer sourced from the PDF answer key: A.,LET Secondary,Values Education,Values Education,3,No,6,0.96,Duplicate,LET Secondary Values Education Q&A. Correct answer sourced from PDF answer key.
559,7,2,VALUES EDUCATION 100 items.pdf,/Users/lyndon/All reviewers/-LET REVIEWER 2026/C. MAJOR SUBJECTS/H. VALUES EDUCATION/Reviewers/VALUES EDUCATION 100 items.pdf,"The deepest source of man’s most authentic actions, the most privileged place in which God speaks to him, and the highest peak of the person’s humanity called:",,,Practical judgment,,Spiritually,,Truth and goodness,,Consciousness or central sense,,,,C,Correct answer sourced from the PDF answer key: C.,LET Secondary,Values Education,Values Education,3,No,7,0.96,Duplicate,LET Secondary Values Education Q&A. Correct answer sourced from PDF answer key.
560,8,2,VALUES EDUCATION 100 items.pdf,/Users/lyndon/All reviewers/-LET REVIEWER 2026/C. MAJOR SUBJECTS/H. VALUES EDUCATION/Reviewers/VALUES EDUCATION 100 items.pdf,"The valuing process as a teaching strategy focuses on aspects of one’s own life in general, understands without judging, pursues reflection and:",,,Focuses on a major approach,,Includes illustrating the strategy,,End with the limitation of the approach,,Develops thoughtful self-direction,,,,D,Correct answer sourced from the PDF answer key: D.,LET Secondary,Values Education,Values Education,3,No,8,0.96,Duplicate,LET Secondary Values Education Q&A. Correct answer sourced from PDF answer key.
561,9,2,VALUES EDUCATION 100 items.pdf,/Users/lyndon/All reviewers/-LET REVIEWER 2026/C. MAJOR SUBJECTS/H. VALUES EDUCATION/Reviewers/VALUES EDUCATION 100 items.pdf,Developing more complex moral reasoning patterns through successive and sequential stages among learners may be best stimulated through the:,,,Moral development approach,,Cognitive development approach,,Developmental approach,,Moral dilemma strategy,,,,D,Correct answer sourced from the PDF answer key: D.,LET Secondary,Values Education,Values Education,3,No,9,0.96,Duplicate,LET Secondary Values Education Q&A. Correct answer sourced from PDF answer key.
562,10,2,VALUES EDUCATION 100 items.pdf,/Users/lyndon/All reviewers/-LET REVIEWER 2026/C. MAJOR SUBJECTS/H. VALUES EDUCATION/Reviewers/VALUES EDUCATION 100 items.pdf,"The most flexible and effective strategy in encouraging a person to introspect about his thoughts and ideas, consider other alternatives, and arrive at a purposeful stance for himself and in relation to other called:",,,Ethical or moral norm,,Universal moral law,,Eternal law,,Natural law,,,,B,Correct answer sourced from the PDF answer key: B.,LET Secondary,Values Education,Values Education,3,No,10,0.96,Duplicate,LET Secondary Values Education Q&A. Correct answer sourced from PDF answer key.
563,12,3,VALUES EDUCATION 100 items.pdf,/Users/lyndon/All reviewers/-LET REVIEWER 2026/C. MAJOR SUBJECTS/H. VALUES EDUCATION/Reviewers/VALUES EDUCATION 100 items.pdf,"Values vary in different generation, cultures, and societies and within persons themselves. This means that:",,,Values are dynamic,,Values are transmitted,,Values are learned,,Values are caught from various source,,,,D,Correct answer sourced from the PDF answer key: D.,LET Secondary,Values Education,Values Education,3,No,12,0.96,Duplicate,LET Secondary Values Education Q&A. Correct answer sourced from PDF answer key.
564,13,3,VALUES EDUCATION 100 items.pdf,/Users/lyndon/All reviewers/-LET REVIEWER 2026/C. MAJOR SUBJECTS/H. VALUES EDUCATION/Reviewers/VALUES EDUCATION 100 items.pdf,"To help the Filipino develop his human potential, contribute to the growth of the Philippine culture and built appropriate structures and institutions is the task of:",,,Education,,Society and nation,,The Philippine Constitution,,Political leaders,,,,B,Correct answer sourced from the PDF answer key: B.,LET Secondary,Values Education,Values Education,3,No,13,0.96,Duplicate,LET Secondary Values Education Q&A. Correct answer sourced from PDF answer key.
565,14,3,VALUES EDUCATION 100 items.pdf,/Users/lyndon/All reviewers/-LET REVIEWER 2026/C. MAJOR SUBJECTS/H. VALUES EDUCATION/Reviewers/VALUES EDUCATION 100 items.pdf,"In the experiential learning process, which of the following phases encourages students to share their feelings and thoughts with one another?",,,Application phase,,Value processing phase,,Directive phase,,Introspective phase,,,,B,Correct answer sourced from the PDF answer key: B.,LET Secondary,Values Education,Values Education,3,No,14,0.96,Duplicate,LET Secondary Values Education Q&A. Correct answer sourced from PDF answer key.
566,15,3,VALUES EDUCATION 100 items.pdf,/Users/lyndon/All reviewers/-LET REVIEWER 2026/C. MAJOR SUBJECTS/H. VALUES EDUCATION/Reviewers/VALUES EDUCATION 100 items.pdf,The teacher becomes a director of value learning and enriches the learning through cognitive and effective inputs:,,,Abstraction,,Activity,,Analysis,,Application,,,,C,Correct answer sourced from the PDF answer key: C.,LET Secondary,Values Education,Values Education,3,No,15,0.96,Duplicate,LET Secondary Values Education Q&A. Correct answer sourced from PDF answer key.
567,16,3,VALUES EDUCATION 100 items.pdf,/Users/lyndon/All reviewers/-LET REVIEWER 2026/C. MAJOR SUBJECTS/H. VALUES EDUCATION/Reviewers/VALUES EDUCATION 100 items.pdf,One of the reasons mass media play a vital and important role in our society is that called:,,,Of the school fixed curricula,,Some religions are becoming a money-making business,,Of the disintegration of families as a basic unit of society,,Of the domination of media and new communication technologies,,,,D,Correct answer sourced from the PDF answer key: D.,LET Secondary,Values Education,Values Education,3,No,16,0.96,Duplicate,LET Secondary Values Education Q&A. Correct answer sourced from PDF answer key.
568,18,4,VALUES EDUCATION 100 items.pdf,/Users/lyndon/All reviewers/-LET REVIEWER 2026/C. MAJOR SUBJECTS/H. VALUES EDUCATION/Reviewers/VALUES EDUCATION 100 items.pdf,Which of the following statements is the most effective means of acquiring moral values?,,,By reading literature on moral development,,By following the advices given by the significant others,,By listening to significant others for their moral values,,By examining what she/he caught and by reflecting on what she/he learned,,,,A,Correct answer sourced from the PDF answer key: A.,LET Secondary,Values Education,Values Education,3,No,18,0.96,Duplicate,LET Secondary Values Education Q&A. Correct answer sourced from PDF answer key.
569,19,4,VALUES EDUCATION 100 items.pdf,/Users/lyndon/All reviewers/-LET REVIEWER 2026/C. MAJOR SUBJECTS/H. VALUES EDUCATION/Reviewers/VALUES EDUCATION 100 items.pdf,What is the basic premise in the development of the human being?,,,The development of human being is limitless,,There in a supreme being more powerful than oneself,,The human being’s potential are means to development,,The human being’s endowed with faculties for optimum development,,,,B,Correct answer sourced from the PDF answer key: B.,LET Secondary,Values Education,Values Education,3,No,19,0.96,Duplicate,LET Secondary Values Education Q&A. Correct answer sourced from PDF answer key.
570,20,4,VALUES EDUCATION 100 items.pdf,/Users/lyndon/All reviewers/-LET REVIEWER 2026/C. MAJOR SUBJECTS/H. VALUES EDUCATION/Reviewers/VALUES EDUCATION 100 items.pdf,"When we compare test scores of college students with their cumulative grade point at the time of testing, what kind of validity are we establishing?",,,Criterion related,,Predictive,,Concurrent,,Content,,,,A,Correct answer sourced from the PDF answer key: A.,LET Secondary,Values Education,Values Education,3,No,20,0.96,Duplicate,LET Secondary Values Education Q&A. Correct answer sourced from PDF answer key.
571,21,4,VALUES EDUCATION 100 items.pdf,/Users/lyndon/All reviewers/-LET REVIEWER 2026/C. MAJOR SUBJECTS/H. VALUES EDUCATION/Reviewers/VALUES EDUCATION 100 items.pdf,"Which strategy/technique can bring awareness of what we think, feel, do and also gives an opportunity to get in touch with oneself?",,,Affirmation,,Disclosure,,Introspection,,Centering,,,,C,Correct answer sourced from the PDF answer key: C.,LET Secondary,Values Education,Values Education,3,No,21,0.96,Duplicate,LET Secondary Values Education Q&A. Correct answer sourced from PDF answer key.
572,22,4,VALUES EDUCATION 100 items.pdf,/Users/lyndon/All reviewers/-LET REVIEWER 2026/C. MAJOR SUBJECTS/H. VALUES EDUCATION/Reviewers/VALUES EDUCATION 100 items.pdf,It is designed to solved the social ills of society through personal transformation and also renewal and no strengthen the moral fiber of the Filipino people:,,,Insightful about their own behavior,,Moral recovery program,,People empowerment,,Economic development foundation,,,,D,Correct answer sourced from the PDF answer key: D.,LET Secondary,Values Education,Values Education,3,No,22,0.96,Duplicate,LET Secondary Values Education Q&A. Correct answer sourced from PDF answer key.
573,24,5,VALUES EDUCATION 100 items.pdf,/Users/lyndon/All reviewers/-LET REVIEWER 2026/C. MAJOR SUBJECTS/H. VALUES EDUCATION/Reviewers/VALUES EDUCATION 100 items.pdf,Teaching values in the classroom means that the teacher works on lesson objectives in the domain: I. Affective II. Cognitive III. Psychomotor,,,"I, II and III",,I only,,I and II,,I and III,,,,C,Correct answer sourced from the PDF answer key: C.,LET Secondary,Values Education,Values Education,3,No,,0.96,Ready for Upload,LET Secondary Values Education Q&A. Correct answer sourced from PDF answer key.
574,25,5,VALUES EDUCATION 100 items.pdf,/Users/lyndon/All reviewers/-LET REVIEWER 2026/C. MAJOR SUBJECTS/H. VALUES EDUCATION/Reviewers/VALUES EDUCATION 100 items.pdf,"Excessive money borrowing, malicious gossips and other unworthy practices are actualizations which could directly affect the teacher’s credibility with what group?",,,Community,,Parents,,School officials,,Students,,,,B,Correct answer sourced from the PDF answer key: B.,LET Secondary,Values Education,Values Education,3,No,25,0.96,Duplicate,LET Secondary Values Education Q&A. Correct answer sourced from PDF answer key.
575,26,5,VALUES EDUCATION 100 items.pdf,/Users/lyndon/All reviewers/-LET REVIEWER 2026/C. MAJOR SUBJECTS/H. VALUES EDUCATION/Reviewers/VALUES EDUCATION 100 items.pdf,Which of the following should be considered in order to combat the negative factors that destroy the solidarity of the Filipino family?,,,Strengthen faithfulness of husband to their wives,,Seek help from all sectors of the community,,Be responsible member of their families,,Believe in a formidable family,,,,B,Correct answer sourced from the PDF answer key: B.,LET Secondary,Values Education,Values Education,3,No,,0.96,Ready for Upload,LET Secondary Values Education Q&A. Correct answer sourced from PDF answer key.
576,27,5,VALUES EDUCATION 100 items.pdf,/Users/lyndon/All reviewers/-LET REVIEWER 2026/C. MAJOR SUBJECTS/H. VALUES EDUCATION/Reviewers/VALUES EDUCATION 100 items.pdf,Which behavior shows that you can think/act locally and globally at the same time?,,,Patronize indigenous culture,,Maintain global awareness on various issues,,Travel to many attractive places around the world,,"Be proud of the local products, export the same for consumption",,,,D,Correct answer sourced from the PDF answer key: D.,LET Secondary,Values Education,Values Education,3,No,,0.96,Ready for Upload,LET Secondary Values Education Q&A. Correct answer sourced from PDF answer key.
577,28,5,VALUES EDUCATION 100 items.pdf,/Users/lyndon/All reviewers/-LET REVIEWER 2026/C. MAJOR SUBJECTS/H. VALUES EDUCATION/Reviewers/VALUES EDUCATION 100 items.pdf,"What are the factors that contribute to the family’s success in values formation for their children? I. Effective child rearing methods II. Empathy and well directed love foe the children III. Schooling experiences and religious instruction IV. Permissive and modern ways of bringing up children a. I, II and IV",,,,,"I, III and IV",,"II, III and IV",,II and IV,,,,C,Correct answer sourced from the PDF answer key: C.,LET Secondary,Values Education,Values Education,3,No,,0.96,Incomplete,LET Secondary Values Education Q&A. Correct answer sourced from PDF answer key.
578,29,6,VALUES EDUCATION 100 items.pdf,/Users/lyndon/All reviewers/-LET REVIEWER 2026/C. MAJOR SUBJECTS/H. VALUES EDUCATION/Reviewers/VALUES EDUCATION 100 items.pdf,Which is a technique used in a qualitative evaluation of values development?,,,Teacher made examination,,Semantic differential scale,,Achievement test,,Diagnostic test,,,,A,Correct answer sourced from the PDF answer key: A.,LET Secondary,Values Education,Values Education,3,No,,0.96,Ready for Upload,LET Secondary Values Education Q&A. Correct answer sourced from PDF answer key.
579,30,6,VALUES EDUCATION 100 items.pdf,/Users/lyndon/All reviewers/-LET REVIEWER 2026/C. MAJOR SUBJECTS/H. VALUES EDUCATION/Reviewers/VALUES EDUCATION 100 items.pdf,What level of affective domain is developed if the teacher wanted to enhance the student’s sensitivity to the feelings and needs of others?,,,Receiving,,Responding,,Characterization,,Valuing,,,,A,Correct answer sourced from the PDF answer key: A.,LET Secondary,Values Education,Values Education,3,No,,0.96,Ready for Upload,LET Secondary Values Education Q&A. Correct answer sourced from PDF answer key.
580,31,6,VALUES EDUCATION 100 items.pdf,/Users/lyndon/All reviewers/-LET REVIEWER 2026/C. MAJOR SUBJECTS/H. VALUES EDUCATION/Reviewers/VALUES EDUCATION 100 items.pdf,Our will is to come to the fullest love the supreme goodness which is called:,,,Animal,,Universe,,Man,,God,,,,B,Correct answer sourced from the PDF answer key: B.,LET Secondary,Values Education,Values Education,3,No,,0.96,Ready for Upload,LET Secondary Values Education Q&A. Correct answer sourced from PDF answer key.
581,32,6,VALUES EDUCATION 100 items.pdf,/Users/lyndon/All reviewers/-LET REVIEWER 2026/C. MAJOR SUBJECTS/H. VALUES EDUCATION/Reviewers/VALUES EDUCATION 100 items.pdf,"Values Education seeks to form the spiritual faculties of the INTELLECT whose function, purpose, goal and the highest human fulfillment is called:",,,"To acknowledge, internalize and uphold wisdom",,To think and to choose goodness and virtue,,To think and know truth and wisdom,,None of the above,,,,D,Correct answer sourced from the PDF answer key: D.,LET Secondary,Values Education,Values Education,3,No,,0.96,Ready for Upload,LET Secondary Values Education Q&A. Correct answer sourced from PDF answer key.
582,33,6,VALUES EDUCATION 100 items.pdf,/Users/lyndon/All reviewers/-LET REVIEWER 2026/C. MAJOR SUBJECTS/H. VALUES EDUCATION/Reviewers/VALUES EDUCATION 100 items.pdf,"Values Education seeks to form the spiritual faculties of the WILL whose function, purpose, goal and highest human fulfillment is:",,,"To control, fell, direct and understand",,"To do/act, to choose/love, goodness and virtue",,"To know, decide and act for the common good",,None of the above,,,,C,Correct answer sourced from the PDF answer key: C.,LET Secondary,Values Education,Values Education,3,No,,0.96,Ready for Upload,LET Secondary Values Education Q&A. Correct answer sourced from PDF answer key.
583,34,6,VALUES EDUCATION 100 items.pdf,/Users/lyndon/All reviewers/-LET REVIEWER 2026/C. MAJOR SUBJECTS/H. VALUES EDUCATION/Reviewers/VALUES EDUCATION 100 items.pdf,"If a person believes she has the right over her own body and therefore, believes her unborn child can be aborted?",,,She does not violate anything b. She id expressing moral values,,,,She is expressing behavioral values,,"The decision is but normal, it is acceptable in other countries",,,,A,Correct answer sourced from the PDF answer key: A.,LET Secondary,Values Education,Values Education,3,No,,0.96,Incomplete,LET Secondary Values Education Q&A. Correct answer sourced from PDF answer key.
584,35,7,VALUES EDUCATION 100 items.pdf,/Users/lyndon/All reviewers/-LET REVIEWER 2026/C. MAJOR SUBJECTS/H. VALUES EDUCATION/Reviewers/VALUES EDUCATION 100 items.pdf,A type of justice among equals which demands respects for the property or reputation of others to ensure solidarity and fellowship among men is:,,,Commutative,,Legal justice,,Social justice,,Distributive,,,,A,Correct answer sourced from the PDF answer key: A.,LET Secondary,Values Education,Values Education,3,No,,0.96,Ready for Upload,LET Secondary Values Education Q&A. Correct answer sourced from PDF answer key.
585,36,7,VALUES EDUCATION 100 items.pdf,/Users/lyndon/All reviewers/-LET REVIEWER 2026/C. MAJOR SUBJECTS/H. VALUES EDUCATION/Reviewers/VALUES EDUCATION 100 items.pdf,Television is an ally of education on values when:,,,It only entertains the viewer,,It fosters and concepts all opinions,,It encourages several patrons and sponsors,,It is placed at the service of man through objective and truthful information,,,,C,Correct answer sourced from the PDF answer key: C.,LET Secondary,Values Education,Values Education,3,No,,0.96,Ready for Upload,LET Secondary Values Education Q&A. Correct answer sourced from PDF answer key.
586,37,7,VALUES EDUCATION 100 items.pdf,/Users/lyndon/All reviewers/-LET REVIEWER 2026/C. MAJOR SUBJECTS/H. VALUES EDUCATION/Reviewers/VALUES EDUCATION 100 items.pdf,The objective of the intellect is:,,,Goodness,,Truth,,Love,,Understanding,,,,D,Correct answer sourced from the PDF answer key: D.,LET Secondary,Values Education,Values Education,3,No,,0.96,Ready for Upload,LET Secondary Values Education Q&A. Correct answer sourced from PDF answer key.
587,38,7,VALUES EDUCATION 100 items.pdf,/Users/lyndon/All reviewers/-LET REVIEWER 2026/C. MAJOR SUBJECTS/H. VALUES EDUCATION/Reviewers/VALUES EDUCATION 100 items.pdf,"In the education of values, it is important to establish the child’s emotional stability and self-confidence. This could be best achieved through:",,,Ambivalent child,,Authoritarian child,,Authoritative child,,Permissive child,,,,D,Correct answer sourced from the PDF answer key: D.,LET Secondary,Values Education,Values Education,3,No,,0.96,Ready for Upload,LET Secondary Values Education Q&A. Correct answer sourced from PDF answer key.
588,39,7,VALUES EDUCATION 100 items.pdf,/Users/lyndon/All reviewers/-LET REVIEWER 2026/C. MAJOR SUBJECTS/H. VALUES EDUCATION/Reviewers/VALUES EDUCATION 100 items.pdf,The following are the expected scope of the values education teaching learning process except one:,,,Involves not just cognitive but all the faculties of the learner,,The learner conforms to the ideas and opinions of the majority,,One learners value the way children learn things from their parents,,Has direct and immediate relevance to the relevance to the personal life of the learner,,,,A,Correct answer sourced from the PDF answer key: A.,LET Secondary,Values Education,Values Education,3,No,,0.96,Ready for Upload,LET Secondary Values Education Q&A. Correct answer sourced from PDF answer key.
589,40,7,VALUES EDUCATION 100 items.pdf,/Users/lyndon/All reviewers/-LET REVIEWER 2026/C. MAJOR SUBJECTS/H. VALUES EDUCATION/Reviewers/VALUES EDUCATION 100 items.pdf,"As a rational organism, man acquires knowledge of the universal truth through the intellect in three steps:",,,"Cognition, imagination and memory b. Observation, reasoning and judgment",,,,"Reasoning, apprehension and judgment",,"Simple, apprehension, judgment and reasoning",,,,A,Correct answer sourced from the PDF answer key: A.,LET Secondary,Values Education,Values Education,3,No,,0.96,Incomplete,LET Secondary Values Education Q&A. Correct answer sourced from PDF answer key.
590,41,8,VALUES EDUCATION 100 items.pdf,/Users/lyndon/All reviewers/-LET REVIEWER 2026/C. MAJOR SUBJECTS/H. VALUES EDUCATION/Reviewers/VALUES EDUCATION 100 items.pdf,A more general summative evaluation of a values development program should be carried out because:,,,Values cannot be developed as easily as cognitive skills,,The immediate outcome is more important than its long-term effects,,Behavior indicators are apparent after a relatively long period of time,,It facilities testing and measurement which provide data for further development,,,,B,Correct answer sourced from the PDF answer key: B.,LET Secondary,Values Education,Values Education,3,No,,0.96,Ready for Upload,LET Secondary Values Education Q&A. Correct answer sourced from PDF answer key.
591,42,8,VALUES EDUCATION 100 items.pdf,/Users/lyndon/All reviewers/-LET REVIEWER 2026/C. MAJOR SUBJECTS/H. VALUES EDUCATION/Reviewers/VALUES EDUCATION 100 items.pdf,Continuous exposure of Filipinos to foreign TV programs results in:,,,The implanting of basic values,,The domination of ruling class,,The cultural penetration and influences,,The transmission of foreign messages,,,,A,Correct answer sourced from the PDF answer key: A.,LET Secondary,Values Education,Values Education,3,No,,0.96,Ready for Upload,LET Secondary Values Education Q&A. Correct answer sourced from PDF answer key.
592,43,8,VALUES EDUCATION 100 items.pdf,/Users/lyndon/All reviewers/-LET REVIEWER 2026/C. MAJOR SUBJECTS/H. VALUES EDUCATION/Reviewers/VALUES EDUCATION 100 items.pdf,"The interaction an individual experiences, acquires and learn from his family, his church, the school and other social institutions help him to:",,,Be consistent in his attitudes and actions,,"Adopt moral beliefs, attitudes and values",,Stand for the hard right against the easy wrong,,Discover his character in the choice of life wants to live,,,,B,Correct answer sourced from the PDF answer key: B.,LET Secondary,Values Education,Values Education,3,No,,0.96,Ready for Upload,LET Secondary Values Education Q&A. Correct answer sourced from PDF answer key.
593,44,8,VALUES EDUCATION 100 items.pdf,/Users/lyndon/All reviewers/-LET REVIEWER 2026/C. MAJOR SUBJECTS/H. VALUES EDUCATION/Reviewers/VALUES EDUCATION 100 items.pdf,"If the church wants to be truly effective in promoting moral and spiritual values, it should:",,,It shows in deeds what it preaches by mouth,,Stand condemned if it fails to live its preaching,,Study and pronounce the mission of preaching,,Set the example with regards to the implementation of justice,,,,C,Correct answer sourced from the PDF answer key: C.,LET Secondary,Values Education,Values Education,3,No,,0.96,Ready for Upload,LET Secondary Values Education Q&A. Correct answer sourced from PDF answer key.
594,45,8,VALUES EDUCATION 100 items.pdf,/Users/lyndon/All reviewers/-LET REVIEWER 2026/C. MAJOR SUBJECTS/H. VALUES EDUCATION/Reviewers/VALUES EDUCATION 100 items.pdf,A value is said to be a powerful emotional commitment when:,,,It can be used explicitly to judge the worth of things,,People care deeply about the things that they value,,It contains ideas about two or more conflicting desires,,It is supported by feelings of sympathy for poor people or other,,,,A,Correct answer sourced from the PDF answer key: A.,LET Secondary,Values Education,Values Education,3,No,,0.96,Ready for Upload,LET Secondary Values Education Q&A. Correct answer sourced from PDF answer key.
595,46,8,VALUES EDUCATION 100 items.pdf,/Users/lyndon/All reviewers/-LET REVIEWER 2026/C. MAJOR SUBJECTS/H. VALUES EDUCATION/Reviewers/VALUES EDUCATION 100 items.pdf,"If values are associated with past experiences or with persons with whom those experiences were encountered, they are:",,,Hierarchical b. Subjective,,,,Transmitted,,Relative,,,,A,Correct answer sourced from the PDF answer key: A.,LET Secondary,Values Education,Values Education,3,No,,0.96,Incomplete,LET Secondary Values Education Q&A. Correct answer sourced from PDF answer key.
596,47,9,VALUES EDUCATION 100 items.pdf,/Users/lyndon/All reviewers/-LET REVIEWER 2026/C. MAJOR SUBJECTS/H. VALUES EDUCATION/Reviewers/VALUES EDUCATION 100 items.pdf,"Exponents of values define value as the stance that the self takes to the world through the feelings, ideas, imagination and:",,,Emotional expressions,,Internalization,,degrees of importance,,behavior of the individual,,,,B,Correct answer sourced from the PDF answer key: B.,LET Secondary,Values Education,Values Education,3,No,,0.96,Ready for Upload,LET Secondary Values Education Q&A. Correct answer sourced from PDF answer key.
597,48,9,VALUES EDUCATION 100 items.pdf,/Users/lyndon/All reviewers/-LET REVIEWER 2026/C. MAJOR SUBJECTS/H. VALUES EDUCATION/Reviewers/VALUES EDUCATION 100 items.pdf,The goal of values education in the Philippines is to provide and promote values at all three levels of the education system for the development of the human person committed to:,,,An abiding faith in God as a reflection of spirituality,,The development of sense of nationalism,,The development of cultural values,,Building just and human society,,,,D,Correct answer sourced from the PDF answer key: D.,LET Secondary,Values Education,Values Education,3,No,,0.96,Ready for Upload,LET Secondary Values Education Q&A. Correct answer sourced from PDF answer key.
598,49,9,VALUES EDUCATION 100 items.pdf,/Users/lyndon/All reviewers/-LET REVIEWER 2026/C. MAJOR SUBJECTS/H. VALUES EDUCATION/Reviewers/VALUES EDUCATION 100 items.pdf,The concept that everything is connected top everything else refers to:,,,Sharing and involvement,,Interdependence,,Collective effort,,Harmony in diversity,,,,D,Correct answer sourced from the PDF answer key: D.,LET Secondary,Values Education,Values Education,3,No,,0.96,Ready for Upload,LET Secondary Values Education Q&A. Correct answer sourced from PDF answer key.
599,50,9,VALUES EDUCATION 100 items.pdf,/Users/lyndon/All reviewers/-LET REVIEWER 2026/C. MAJOR SUBJECTS/H. VALUES EDUCATION/Reviewers/VALUES EDUCATION 100 items.pdf,Significant role models strongly influence the values of our young positively or negatively. Who among the following have generally the greatest influence on the young?,,,Favorite book characters,,Teachers,,Actor/actress idols,,Parents,,,,B,Correct answer sourced from the PDF answer key: B.,LET Secondary,Values Education,Values Education,3,No,,0.96,Ready for Upload,LET Secondary Values Education Q&A. Correct answer sourced from PDF answer key.
600,51,9,VALUES EDUCATION 100 items.pdf,/Users/lyndon/All reviewers/-LET REVIEWER 2026/C. MAJOR SUBJECTS/H. VALUES EDUCATION/Reviewers/VALUES EDUCATION 100 items.pdf,What approach is used when a science teacher emphasizes the value of intellectual honesty and respect for the emergence of new knowledge in teaching science concepts and acquiring scientific skills?,,,Parents are always the best role models,,Values are the first taught and caught in the family,,The family and home environment are roots of the Filipinos character,,The conduct of the Filipino is very much determined by the social values of the family,,,,C,Correct answer sourced from the PDF answer key: C.,LET Secondary,Values Education,Values Education,3,No,,0.96,Ready for Upload,LET Secondary Values Education Q&A. Correct answer sourced from PDF answer key.
601,53,10,VALUES EDUCATION 100 items.pdf,/Users/lyndon/All reviewers/-LET REVIEWER 2026/C. MAJOR SUBJECTS/H. VALUES EDUCATION/Reviewers/VALUES EDUCATION 100 items.pdf,"For the goal of developing a sense of integrity and accountability, government officials and employees should:",,,Keep performance records,,Be given value clarification seminars,,"Get rid of useless, meaningless rules",,"Be given recognition, awards or incentives",,,,B,Correct answer sourced from the PDF answer key: B.,LET Secondary,Values Education,Values Education,3,No,,0.96,Ready for Upload,LET Secondary Values Education Q&A. Correct answer sourced from PDF answer key.
602,54,10,VALUES EDUCATION 100 items.pdf,/Users/lyndon/All reviewers/-LET REVIEWER 2026/C. MAJOR SUBJECTS/H. VALUES EDUCATION/Reviewers/VALUES EDUCATION 100 items.pdf,Which of the following operative Filipino Values most specifically need some modification so that they can propel other values for the common good and social justice?,,,Obedience and respect to leaders,,Utangnaloob and pakikisama,,Ningas cogon and bahala,,Hospitality and bayanihan,,,,B,Correct answer sourced from the PDF answer key: B.,LET Secondary,Values Education,Values Education,3,No,,0.96,Ready for Upload,LET Secondary Values Education Q&A. Correct answer sourced from PDF answer key.
603,55,10,VALUES EDUCATION 100 items.pdf,/Users/lyndon/All reviewers/-LET REVIEWER 2026/C. MAJOR SUBJECTS/H. VALUES EDUCATION/Reviewers/VALUES EDUCATION 100 items.pdf,Values Education requires parents to fulfill three main goals except on:,,,To instruct in universal truths and moral principles,,To help from a delicate and certain conscience,,To encourage the practice of virtues,,To view a child as mini adult,,,,C,Correct answer sourced from the PDF answer key: C.,LET Secondary,Values Education,Values Education,3,No,,0.96,Ready for Upload,LET Secondary Values Education Q&A. Correct answer sourced from PDF answer key.
604,56,10,VALUES EDUCATION 100 items.pdf,/Users/lyndon/All reviewers/-LET REVIEWER 2026/C. MAJOR SUBJECTS/H. VALUES EDUCATION/Reviewers/VALUES EDUCATION 100 items.pdf,The following are the task of politicians except one:,,,To be brave and dutiful,,"Not only to lead, but to educate citizens as well",,To sponsor and encourage people to behave in a certain way,,"To manipulate the political system, to ensure order accordance w/ the existing laws",,,,D,Correct answer sourced from the PDF answer key: D.,LET Secondary,Values Education,Values Education,3,No,,0.96,Ready for Upload,LET Secondary Values Education Q&A. Correct answer sourced from PDF answer key.
605,57,10,VALUES EDUCATION 100 items.pdf,/Users/lyndon/All reviewers/-LET REVIEWER 2026/C. MAJOR SUBJECTS/H. VALUES EDUCATION/Reviewers/VALUES EDUCATION 100 items.pdf,Which of the following practices is exclusive to an authoritarian family?,,,Dependent,,Free,,Incarnate,,Being,,,,B,Correct answer sourced from the PDF answer key: B.,LET Secondary,Values Education,Values Education,3,No,,0.96,Ready for Upload,LET Secondary Values Education Q&A. Correct answer sourced from PDF answer key.
606,59,11,VALUES EDUCATION 100 items.pdf,/Users/lyndon/All reviewers/-LET REVIEWER 2026/C. MAJOR SUBJECTS/H. VALUES EDUCATION/Reviewers/VALUES EDUCATION 100 items.pdf,"In which of these cases, does peer pressure become most critical?",,,When the peers’ values contradict with parental moral instruction,,When the parents disapprove of the peers of his/her child,,When the adolescent badly gives in to peer pressure,,When parents are unaware of his/her child’s peers,,,,D,Correct answer sourced from the PDF answer key: D.,LET Secondary,Values Education,Values Education,3,No,,0.96,Ready for Upload,LET Secondary Values Education Q&A. Correct answer sourced from PDF answer key.
607,60,11,VALUES EDUCATION 100 items.pdf,/Users/lyndon/All reviewers/-LET REVIEWER 2026/C. MAJOR SUBJECTS/H. VALUES EDUCATION/Reviewers/VALUES EDUCATION 100 items.pdf,Which technique/method in values education is most appropriate when you want your student to take a stand and justify that on a moral issue?,,,Values clarification,,Inculcation,,Moral dilemma,,Role playing,,,,C,Correct answer sourced from the PDF answer key: C.,LET Secondary,Values Education,Values Education,3,No,,0.96,Ready for Upload,LET Secondary Values Education Q&A. Correct answer sourced from PDF answer key.
608,61,11,VALUES EDUCATION 100 items.pdf,/Users/lyndon/All reviewers/-LET REVIEWER 2026/C. MAJOR SUBJECTS/H. VALUES EDUCATION/Reviewers/VALUES EDUCATION 100 items.pdf,Which of the following will help strengthen family?,,,Engaging in civic work,,Lending hand to the poor,,Communication with family members,,"Working, playing and praying together",,,,D,Correct answer sourced from the PDF answer key: D.,LET Secondary,Values Education,Values Education,3,No,,0.96,Ready for Upload,LET Secondary Values Education Q&A. Correct answer sourced from PDF answer key.
609,62,11,VALUES EDUCATION 100 items.pdf,/Users/lyndon/All reviewers/-LET REVIEWER 2026/C. MAJOR SUBJECTS/H. VALUES EDUCATION/Reviewers/VALUES EDUCATION 100 items.pdf,"Which of the following gives premium to individualistic desire, pleasure and conscience?",,,Pragmatism,,Liberation,,Utilization,,Hedonism,,,,A,Correct answer sourced from the PDF answer key: A.,LET Secondary,Values Education,Values Education,3,No,,0.96,Ready for Upload,LET Secondary Values Education Q&A. Correct answer sourced from PDF answer key.
610,63,11,VALUES EDUCATION 100 items.pdf,/Users/lyndon/All reviewers/-LET REVIEWER 2026/C. MAJOR SUBJECTS/H. VALUES EDUCATION/Reviewers/VALUES EDUCATION 100 items.pdf,Which of the following strategies should be directly observed to foster accountability?,,,Encourage growth of self esteem,,Demand official receipts in business transaction,,School curricula should be oriented to self-reliance,,Award government employees who demonstrate desirable behavior,,,,C,Correct answer sourced from the PDF answer key: C.,LET Secondary,Values Education,Values Education,3,No,,0.96,Ready for Upload,LET Secondary Values Education Q&A. Correct answer sourced from PDF answer key.
611,64,11,VALUES EDUCATION 100 items.pdf,/Users/lyndon/All reviewers/-LET REVIEWER 2026/C. MAJOR SUBJECTS/H. VALUES EDUCATION/Reviewers/VALUES EDUCATION 100 items.pdf,Which of the following is a manifestation of a lack discipline?,,,Palusot syndrome b. Sustainable projects,,,,Observance of time schedule,,Qualification standardization,,,,A,Correct answer sourced from the PDF answer key: A.,LET Secondary,Values Education,Values Education,3,No,,0.96,Incomplete,LET Secondary Values Education Q&A. Correct answer sourced from PDF answer key.
612,65,12,VALUES EDUCATION 100 items.pdf,/Users/lyndon/All reviewers/-LET REVIEWER 2026/C. MAJOR SUBJECTS/H. VALUES EDUCATION/Reviewers/VALUES EDUCATION 100 items.pdf,What is implied in this statement: “Adapting to change id=s adapting to modernity”,,,Change does not necessarily mean forgetting tradition,,"If one has to change, it must be a change for the better",,All changes are new and modern,,Not all changes are modern,,,,D,Correct answer sourced from the PDF answer key: D.,LET Secondary,Values Education,Values Education,3,No,,0.96,Ready for Upload,LET Secondary Values Education Q&A. Correct answer sourced from PDF answer key.
613,66,12,VALUES EDUCATION 100 items.pdf,/Users/lyndon/All reviewers/-LET REVIEWER 2026/C. MAJOR SUBJECTS/H. VALUES EDUCATION/Reviewers/VALUES EDUCATION 100 items.pdf,What is the school’s ethical responsibility?,,,Understand the child’s pattern of growth and development,,Instill the spirit of absolute freedom in action,,Teach values separately from concept,,Transmit culture,,,,C,Correct answer sourced from the PDF answer key: C.,LET Secondary,Values Education,Values Education,3,No,,0.96,Ready for Upload,LET Secondary Values Education Q&A. Correct answer sourced from PDF answer key.
614,67,12,VALUES EDUCATION 100 items.pdf,/Users/lyndon/All reviewers/-LET REVIEWER 2026/C. MAJOR SUBJECTS/H. VALUES EDUCATION/Reviewers/VALUES EDUCATION 100 items.pdf,On which must you base your class assessment affective learning?,,,Class activity,,Text book,,Topic,,Learning objective,,,,C,Correct answer sourced from the PDF answer key: C.,LET Secondary,Values Education,Values Education,3,No,,0.96,Ready for Upload,LET Secondary Values Education Q&A. Correct answer sourced from PDF answer key.
615,68,12,VALUES EDUCATION 100 items.pdf,/Users/lyndon/All reviewers/-LET REVIEWER 2026/C. MAJOR SUBJECTS/H. VALUES EDUCATION/Reviewers/VALUES EDUCATION 100 items.pdf,Which assessment technique can help a Values Education Teacher determine if a favorable change in her students’ thoughts and attitudes has taken place?,,,Making students do a sociogram,,Organizing them for a group project,,Giving them cognitive question to answer,,Asking students to write a brief autobiography,,,,B,Correct answer sourced from the PDF answer key: B.,LET Secondary,Values Education,Values Education,3,No,,0.96,Ready for Upload,LET Secondary Values Education Q&A. Correct answer sourced from PDF answer key.
616,69,12,VALUES EDUCATION 100 items.pdf,/Users/lyndon/All reviewers/-LET REVIEWER 2026/C. MAJOR SUBJECTS/H. VALUES EDUCATION/Reviewers/VALUES EDUCATION 100 items.pdf,Which of the following is the correct order of the valuing process?,,,"Prizing, choosing, acting",,"Acting, choosing, prizing",,"Choosing, prizing, acting",,"Choosing, acting, prizing",,,,A,Correct answer sourced from the PDF answer key: A.,LET Secondary,Values Education,Values Education,3,No,,0.96,Ready for Upload,LET Secondary Values Education Q&A. Correct answer sourced from PDF answer key.
617,70,12,VALUES EDUCATION 100 items.pdf,/Users/lyndon/All reviewers/-LET REVIEWER 2026/C. MAJOR SUBJECTS/H. VALUES EDUCATION/Reviewers/VALUES EDUCATION 100 items.pdf,What type of conscience judges “what is good and what is evil as evil?,,,Goodness,,Harmony,,Peace,,Understanding,,,,A,Correct answer sourced from the PDF answer key: A.,LET Secondary,Values Education,Values Education,3,No,,0.96,Ready for Upload,LET Secondary Values Education Q&A. Correct answer sourced from PDF answer key.
618,72,13,VALUES EDUCATION 100 items.pdf,/Users/lyndon/All reviewers/-LET REVIEWER 2026/C. MAJOR SUBJECTS/H. VALUES EDUCATION/Reviewers/VALUES EDUCATION 100 items.pdf,Which of the following is an indication of the human being’s inclination towards spirituality?,,,Becoming a religious person,,Becoming spiritual as one grows older,,Elevating one’s material self to spiritual self,,Satisfying one’s material needs ahead of spiritual needs,,,,C,Correct answer sourced from the PDF answer key: C.,LET Secondary,Values Education,Values Education,3,No,,0.96,Ready for Upload,LET Secondary Values Education Q&A. Correct answer sourced from PDF answer key.
619,73,13,VALUES EDUCATION 100 items.pdf,/Users/lyndon/All reviewers/-LET REVIEWER 2026/C. MAJOR SUBJECTS/H. VALUES EDUCATION/Reviewers/VALUES EDUCATION 100 items.pdf,What could be the first help for school aged children top develop their sense of competence and industry?,,,Strict rules to follow for better accomplishment,,Give opportunities for work so they accomplish more,,Facilitate personal satisfaction and pride in their accomplishment,,Don’t reinforce every accomplishment; they may become dependent on reinforcement,,,,B,Correct answer sourced from the PDF answer key: B.,LET Secondary,Values Education,Values Education,3,No,,0.96,Ready for Upload,LET Secondary Values Education Q&A. Correct answer sourced from PDF answer key.
620,74,13,VALUES EDUCATION 100 items.pdf,/Users/lyndon/All reviewers/-LET REVIEWER 2026/C. MAJOR SUBJECTS/H. VALUES EDUCATION/Reviewers/VALUES EDUCATION 100 items.pdf,"Since private property has a social dimension, what is demand by justice?",,,Keep he property as hidden capital,,Give away what we have to those who have none,,Develop what we have and share the fruit of development with others,,Donate what we have to government for distribution to those who have less,,,,B,Correct answer sourced from the PDF answer key: B.,LET Secondary,Values Education,Values Education,3,No,,0.96,Ready for Upload,LET Secondary Values Education Q&A. Correct answer sourced from PDF answer key.
621,75,13,VALUES EDUCATION 100 items.pdf,/Users/lyndon/All reviewers/-LET REVIEWER 2026/C. MAJOR SUBJECTS/H. VALUES EDUCATION/Reviewers/VALUES EDUCATION 100 items.pdf,Which of the following is NOT an effective time management?,,,Setting goals and priorities,,Avoiding procrastination,,Acting on impulse and delays,,Evaluating progress towards goals,,,,C,Correct answer sourced from the PDF answer key: C.,LET Secondary,Values Education,Values Education,3,No,,0.96,Ready for Upload,LET Secondary Values Education Q&A. Correct answer sourced from PDF answer key.
622,76,13,VALUES EDUCATION 100 items.pdf,/Users/lyndon/All reviewers/-LET REVIEWER 2026/C. MAJOR SUBJECTS/H. VALUES EDUCATION/Reviewers/VALUES EDUCATION 100 items.pdf,What is best for frustrated teacher to do evaluate his beliefs and values?,,,Self-disclosure,,Affirmation,,Introspection,,Feedback,,,,C,Correct answer sourced from the PDF answer key: C.,LET Secondary,Values Education,Values Education,3,No,26,0.96,Duplicate,LET Secondary Values Education Q&A. Correct answer sourced from PDF answer key.
623,77,13,VALUES EDUCATION 100 items.pdf,/Users/lyndon/All reviewers/-LET REVIEWER 2026/C. MAJOR SUBJECTS/H. VALUES EDUCATION/Reviewers/VALUES EDUCATION 100 items.pdf,Which of the following is an indication of a moral person? She/he :,,,Is killed to act on his /her own decisions b. Is gifted with emotion to judge which is good and bad,,,,Sticks to his personal conviction without listening to other,,Is endowed with the faculty to choose to be good and to love,,,,A,Correct answer sourced from the PDF answer key: A.,LET Secondary,Values Education,Values Education,3,No,,0.96,Incomplete,LET Secondary Values Education Q&A. Correct answer sourced from PDF answer key.
624,78,14,VALUES EDUCATION 100 items.pdf,/Users/lyndon/All reviewers/-LET REVIEWER 2026/C. MAJOR SUBJECTS/H. VALUES EDUCATION/Reviewers/VALUES EDUCATION 100 items.pdf,A boy is an attention seeker and always does what pleases his parents. What level of morality?,,,Pre-conventional,,Universal ethical,,Conventional,,Post conventional,,,,C,Correct answer sourced from the PDF answer key: C.,LET Secondary,Values Education,Values Education,3,No,28,0.96,Duplicate,LET Secondary Values Education Q&A. Correct answer sourced from PDF answer key.
625,79,14,VALUES EDUCATION 100 items.pdf,/Users/lyndon/All reviewers/-LET REVIEWER 2026/C. MAJOR SUBJECTS/H. VALUES EDUCATION/Reviewers/VALUES EDUCATION 100 items.pdf,"To facilitate testing and measurement which provide data for evaluation, objectives in values development are translated into behaviors that are:",,,Cognitive and behavioral,,Reliable and time bound,,"Measurable, observable or describable",,"Specific, measurable and attainable",,,,A,Correct answer sourced from the PDF answer key: A.,LET Secondary,Values Education,Values Education,3,No,29,0.96,Duplicate,LET Secondary Values Education Q&A. Correct answer sourced from PDF answer key.
626,80,14,VALUES EDUCATION 100 items.pdf,/Users/lyndon/All reviewers/-LET REVIEWER 2026/C. MAJOR SUBJECTS/H. VALUES EDUCATION/Reviewers/VALUES EDUCATION 100 items.pdf,The ‘Politics of Service “and the Moral Recovery Program core values are congruent because:,,,They manifest processes of democratization and decentralization,,They affirm the commitment in the Philippine society,,They are designed to draw personal transformation and renewal,,The reinforce the response and contribution of outstanding leaders,,,,B,Correct answer sourced from the PDF answer key: B.,LET Secondary,Values Education,Values Education,3,No,30,0.96,Duplicate,LET Secondary Values Education Q&A. Correct answer sourced from PDF answer key.
627,81,14,VALUES EDUCATION 100 items.pdf,/Users/lyndon/All reviewers/-LET REVIEWER 2026/C. MAJOR SUBJECTS/H. VALUES EDUCATION/Reviewers/VALUES EDUCATION 100 items.pdf,"“Maka-Diyos, Maka-Bayan, Maka-Tao are the four pillars of:",,,The politics service,,The principle of subsidiary,,The Kabisig Peoples’ Movement,,Public service as a public trust,,,,A,Correct answer sourced from the PDF answer key: A.,LET Secondary,Values Education,Values Education,3,No,31,0.96,Duplicate,LET Secondary Values Education Q&A. Correct answer sourced from PDF answer key.
628,82,14,VALUES EDUCATION 100 items.pdf,/Users/lyndon/All reviewers/-LET REVIEWER 2026/C. MAJOR SUBJECTS/H. VALUES EDUCATION/Reviewers/VALUES EDUCATION 100 items.pdf,The feudal structure of the Filipino social environment where there are great gaps between the rich and the poor majority develops:,,,Feeling of inferiority,,Low tolerance,,Strong family orientation,,Passivity and dependence,,,,B,Correct answer sourced from the PDF answer key: B.,LET Secondary,Values Education,Values Education,3,No,32,0.96,Duplicate,LET Secondary Values Education Q&A. Correct answer sourced from PDF answer key.
629,83,14,VALUES EDUCATION 100 items.pdf,/Users/lyndon/All reviewers/-LET REVIEWER 2026/C. MAJOR SUBJECTS/H. VALUES EDUCATION/Reviewers/VALUES EDUCATION 100 items.pdf,The DepEd Values Education framework is called:,,,Prescriptive and can be imposed,,"The subject of education, to learn and be taught",,"The object of education, the center of the curriculum d. Grounded on the rational understanding of the Filipino",,,,,,B,Correct answer sourced from the PDF answer key: B.,LET Secondary,Values Education,Values Education,3,No,33,0.96,Duplicate,LET Secondary Values Education Q&A. Correct answer sourced from PDF answer key.
630,84,15,VALUES EDUCATION 100 items.pdf,/Users/lyndon/All reviewers/-LET REVIEWER 2026/C. MAJOR SUBJECTS/H. VALUES EDUCATION/Reviewers/VALUES EDUCATION 100 items.pdf,One of the following does not belong to the spiritual faculties of man:,,,Conscience,,Will,,Intellect,,Passion,,,,B,Correct answer sourced from the PDF answer key: B.,LET Secondary,Values Education,Values Education,3,No,34,0.96,Duplicate,LET Secondary Values Education Q&A. Correct answer sourced from PDF answer key.
631,85,15,VALUES EDUCATION 100 items.pdf,/Users/lyndon/All reviewers/-LET REVIEWER 2026/C. MAJOR SUBJECTS/H. VALUES EDUCATION/Reviewers/VALUES EDUCATION 100 items.pdf,Which of the following is/are considered the effective child-rearing practice/s? I. Totally accept the child for what she/he is II. Depend strongly the child’s conviction III. Reinforce good behavior by reward IV. Spend time with the child,,,I and IV,,IV only,,I only,,"I, II, and III",,,,C,Correct answer sourced from the PDF answer key: C.,LET Secondary,Values Education,Values Education,3,No,35,0.96,Duplicate,LET Secondary Values Education Q&A. Correct answer sourced from PDF answer key.
632,86,15,VALUES EDUCATION 100 items.pdf,/Users/lyndon/All reviewers/-LET REVIEWER 2026/C. MAJOR SUBJECTS/H. VALUES EDUCATION/Reviewers/VALUES EDUCATION 100 items.pdf,Which of the following value integration approaches is done when the teachers is asked to add an any activity to the lessons plan that a particular value is touched?,,,Unnatural integration,,Natural integration,,Vertical integration,,Eclectic integration,,,,D,Correct answer sourced from the PDF answer key: D.,LET Secondary,Values Education,Values Education,3,No,36,0.96,Duplicate,LET Secondary Values Education Q&A. Correct answer sourced from PDF answer key.
633,87,15,VALUES EDUCATION 100 items.pdf,/Users/lyndon/All reviewers/-LET REVIEWER 2026/C. MAJOR SUBJECTS/H. VALUES EDUCATION/Reviewers/VALUES EDUCATION 100 items.pdf,Which of the following situation could the true essence of nationalism be reinforced among the learners using the inculcation approach?,,,Mobilizing the learners to join rallies of national concerns,,Promoting the use of locally made products to help the Philippine economy.,,Providing moral dilemma situation on the issue of going abroad as the OFW’s,,Telling the students to speak in Filipino at all times regardless of the situation,,,,D,Correct answer sourced from the PDF answer key: D.,LET Secondary,Values Education,Values Education,3,No,37,0.96,Duplicate,LET Secondary Values Education Q&A. Correct answer sourced from PDF answer key.
634,88,15,VALUES EDUCATION 100 items.pdf,/Users/lyndon/All reviewers/-LET REVIEWER 2026/C. MAJOR SUBJECTS/H. VALUES EDUCATION/Reviewers/VALUES EDUCATION 100 items.pdf,Which of the following is violated by entertainment programs as a vehicle for moral recovery?,,,Non material change,,Technological change,,Social change,,Cultural change,,,,B,Correct answer sourced from the PDF answer key: B.,LET Secondary,Values Education,Values Education,3,No,38,0.96,Duplicate,LET Secondary Values Education Q&A. Correct answer sourced from PDF answer key.
635,90,16,VALUES EDUCATION 100 items.pdf,/Users/lyndon/All reviewers/-LET REVIEWER 2026/C. MAJOR SUBJECTS/H. VALUES EDUCATION/Reviewers/VALUES EDUCATION 100 items.pdf,"Values formation begins with reality though the external sense, these images of reality are personal through .",,,Careful planning for the training of the child,,Education of the child through his/her environment,,Recognition of the weakness and strengths of the child,,The knowing faculties of internal senses and intellect of the child,,,,A,Correct answer sourced from the PDF answer key: A.,LET Secondary,Values Education,Values Education,3,No,,0.96,Ready for Upload,LET Secondary Values Education Q&A. Correct answer sourced from PDF answer key.
636,91,16,VALUES EDUCATION 100 items.pdf,/Users/lyndon/All reviewers/-LET REVIEWER 2026/C. MAJOR SUBJECTS/H. VALUES EDUCATION/Reviewers/VALUES EDUCATION 100 items.pdf,Which of the following signify human nature according to theory of Hobbes? Human being is:,,,Composed of body and soul,,Physical objects,,Moral agent,,Vegetative,,,,A,Correct answer sourced from the PDF answer key: A.,LET Secondary,Values Education,Values Education,3,No,,0.96,Ready for Upload,LET Secondary Values Education Q&A. Correct answer sourced from PDF answer key.
637,92,16,VALUES EDUCATION 100 items.pdf,/Users/lyndon/All reviewers/-LET REVIEWER 2026/C. MAJOR SUBJECTS/H. VALUES EDUCATION/Reviewers/VALUES EDUCATION 100 items.pdf,Which virtue aids one to face life’s difficulties and trials?,,,Justice,,Prudence,,Temperance,,Fortitude,,,,A,Correct answer sourced from the PDF answer key: A.,LET Secondary,Values Education,Values Education,3,No,42,0.96,Duplicate,LET Secondary Values Education Q&A. Correct answer sourced from PDF answer key.
638,93,16,VALUES EDUCATION 100 items.pdf,/Users/lyndon/All reviewers/-LET REVIEWER 2026/C. MAJOR SUBJECTS/H. VALUES EDUCATION/Reviewers/VALUES EDUCATION 100 items.pdf,One way to raise one’s level of cognitive consciousness or awareness is to begin thinking with:,,,Teaching as a process,,“if-then” logical paradigm,,Dynamic interaction,,The “Pros-Cons” technique,,,,C,Correct answer sourced from the PDF answer key: C.,LET Secondary,Values Education,Values Education,3,No,43,0.96,Duplicate,LET Secondary Values Education Q&A. Correct answer sourced from PDF answer key.
639,94,16,VALUES EDUCATION 100 items.pdf,/Users/lyndon/All reviewers/-LET REVIEWER 2026/C. MAJOR SUBJECTS/H. VALUES EDUCATION/Reviewers/VALUES EDUCATION 100 items.pdf,The cognitive aspect of the valuing process wherein the individual has a full understanding of the consequences of each option being considered is:,,,That man’s personhood is transcendent,,The inner worth of the human person,,Each person is endowed with faculty of free choice,,Each individual capable of rising above the materials.,,,,B,Correct answer sourced from the PDF answer key: B.,LET Secondary,Values Education,Values Education,3,No,44,0.96,Duplicate,LET Secondary Values Education Q&A. Correct answer sourced from PDF answer key.
640,96,17,VALUES EDUCATION 100 items.pdf,/Users/lyndon/All reviewers/-LET REVIEWER 2026/C. MAJOR SUBJECTS/H. VALUES EDUCATION/Reviewers/VALUES EDUCATION 100 items.pdf,Values have a social function when:,,,They become the vehicle for the transmission of learning,,"Commonly held values unite families, tribe, societies and nation",,The process is not just cognitive but involves all the faculties of the learner,,They have a direct and immediate relevance to the personal life of the learner,,,,B,Correct answer sourced from the PDF answer key: B.,LET Secondary,Values Education,Values Education,3,No,46,0.96,Duplicate,LET Secondary Values Education Q&A. Correct answer sourced from PDF answer key.
641,97,17,VALUES EDUCATION 100 items.pdf,/Users/lyndon/All reviewers/-LET REVIEWER 2026/C. MAJOR SUBJECTS/H. VALUES EDUCATION/Reviewers/VALUES EDUCATION 100 items.pdf,The Affective Cognitive Experiences for Self-Direction Methodology:,,,Defend on the learner’s creativity,,Constitute the content of values education,,Increase the teacher’s wealth of experiences,,Make use of the experiential and the confluent learning approaches,,,,A,Correct answer sourced from the PDF answer key: A.,LET Secondary,Values Education,Values Education,3,No,47,0.96,Duplicate,LET Secondary Values Education Q&A. Correct answer sourced from PDF answer key.
642,98,17,VALUES EDUCATION 100 items.pdf,/Users/lyndon/All reviewers/-LET REVIEWER 2026/C. MAJOR SUBJECTS/H. VALUES EDUCATION/Reviewers/VALUES EDUCATION 100 items.pdf,"At the core of the valuing process is an ongoing process of using one’s Innate capacities and potentials in full, creative and joyful ways called:",,,Self-direction,,Introspection,,Self-actualization,,Symbolic self-completion,,,,A,Correct answer sourced from the PDF answer key: A.,LET Secondary,Values Education,Values Education,3,No,48,0.96,Duplicate,LET Secondary Values Education Q&A. Correct answer sourced from PDF answer key.
643,99,17,VALUES EDUCATION 100 items.pdf,/Users/lyndon/All reviewers/-LET REVIEWER 2026/C. MAJOR SUBJECTS/H. VALUES EDUCATION/Reviewers/VALUES EDUCATION 100 items.pdf,The supreme and overarching value that characterizes education on the basis of the foregoing philosophy of the human person is:,,,Human personality,,Human dignity,,Human conscience,,Human body,,,,B,Correct answer sourced from the PDF answer key: B.,LET Secondary,Values Education,Values Education,3,No,49,0.96,Duplicate,LET Secondary Values Education Q&A. Correct answer sourced from PDF answer key.
644,100,17,VALUES EDUCATION 100 items.pdf,/Users/lyndon/All reviewers/-LET REVIEWER 2026/C. MAJOR SUBJECTS/H. VALUES EDUCATION/Reviewers/VALUES EDUCATION 100 items.pdf,Which of the following is/are condition/s to economic efficiency? I. Deep sense of work ethics II. The use of capital for family enterprises III. Accelerated productivity through job efficiency IV. Self-reliance and discipline economy,,,"I, III and IV",,"II and IV c. II, III and IV",,,,I and II,,,,D,Correct answer sourced from the PDF answer key: D.,LET Secondary,Values Education,Values Education,3,No,50,0.96,Duplicate,LET Secondary Values Education Q&A. Correct answer sourced from PDF answer key.
645,1,1,Values Education Part 1.pdf,/Users/lyndon/All reviewers/-LET REVIEWER 2026/C. MAJOR SUBJECTS/H. VALUES EDUCATION/Version 1/Values Education Part 1.pdf,The Filipinos have constituted themselves into a nation – state to pursue the goal of social progress and total human liberation and development of their:,,,Intellectual dimension,,Political dimension,,Moral dimension,,Social dimension,,,,C,Correct answer sourced from the PDF answer key: C.,LET Secondary,Values Education,Values Education,3,No,1,0.96,Duplicate,LET Secondary Values Education Q&A. Correct answer sourced from PDF answer key.
646,2,1,Values Education Part 1.pdf,/Users/lyndon/All reviewers/-LET REVIEWER 2026/C. MAJOR SUBJECTS/H. VALUES EDUCATION/Version 1/Values Education Part 1.pdf,"The process of working out a sense of morality through the active structuring of one’s own social experiences, the outcome of which is a preference that is considered desirable or acceptable by a referent group:",,,Values analysis,,Values modification,,Moral development,,Values clarification,,,,C,Correct answer sourced from the PDF answer key: C.,LET Secondary,Values Education,Values Education,3,No,2,0.96,Duplicate,LET Secondary Values Education Q&A. Correct answer sourced from PDF answer key.
647,3,1,Values Education Part 1.pdf,/Users/lyndon/All reviewers/-LET REVIEWER 2026/C. MAJOR SUBJECTS/H. VALUES EDUCATION/Version 1/Values Education Part 1.pdf,"Children in this level or moral development conceive the “right” or the “moral” as the literal or strict obedience to rules, that they should submit to these rules as an obligation to power and authority to avoid punishment by elders:",,,The pre-conventional stage,,The heteronymous stage,,The pre-moral stage,,The autonomous stage,,,,D,Correct answer sourced from the PDF answer key: D.,LET Secondary,Values Education,Values Education,3,No,3,0.96,Duplicate,LET Secondary Values Education Q&A. Correct answer sourced from PDF answer key.
648,4,1,Values Education Part 1.pdf,/Users/lyndon/All reviewers/-LET REVIEWER 2026/C. MAJOR SUBJECTS/H. VALUES EDUCATION/Version 1/Values Education Part 1.pdf,"Value-laden ideas as that tells about the learners’ behavior such as his attitude, interest, aspirations, worries and beliefs:",,,Value indicators,,Valuing,,Creative goodwill,,Behavior indicators,,,,B,Correct answer sourced from the PDF answer key: B.,LET Secondary,Values Education,Values Education,3,No,4,0.96,Duplicate,LET Secondary Values Education Q&A. Correct answer sourced from PDF answer key.
649,5,1,Values Education Part 1.pdf,/Users/lyndon/All reviewers/-LET REVIEWER 2026/C. MAJOR SUBJECTS/H. VALUES EDUCATION/Version 1/Values Education Part 1.pdf,"In layman’s language, the term VALUE means one of the following:",,,To realize a certain urgent demand for something important,,For one or something is worth or what one prize in life,,To have power or vigor to do a specific thing,,Basic attitude and core beliefs,,,,B,Correct answer sourced from the PDF answer key: B.,LET Secondary,Values Education,Values Education,3,No,5,0.96,Duplicate,LET Secondary Values Education Q&A. Correct answer sourced from PDF answer key.
650,6,1,Values Education Part 1.pdf,/Users/lyndon/All reviewers/-LET REVIEWER 2026/C. MAJOR SUBJECTS/H. VALUES EDUCATION/Version 1/Values Education Part 1.pdf,Empowering the person’s will to do good is exercising in him called:,,,Fullness of truth,,Rationalization,,Love and fairness,,Freedom and responsibility,,,,A,Correct answer sourced from the PDF answer key: A.,LET Secondary,Values Education,Values Education,3,No,6,0.96,Duplicate,LET Secondary Values Education Q&A. Correct answer sourced from PDF answer key.
651,7,1,Values Education Part 1.pdf,/Users/lyndon/All reviewers/-LET REVIEWER 2026/C. MAJOR SUBJECTS/H. VALUES EDUCATION/Version 1/Values Education Part 1.pdf,"The deepest source of man’s most authentic actions, the most privileged place in which God speaks to him, and the highest peak of the person’s humanity called:",,,Practical judgment,,Spiritually,,Truth and goodness,,Consciousness or central sense,,,,C,Correct answer sourced from the PDF answer key: C.,LET Secondary,Values Education,Values Education,3,No,7,0.96,Duplicate,LET Secondary Values Education Q&A. Correct answer sourced from PDF answer key.
652,8,1,Values Education Part 1.pdf,/Users/lyndon/All reviewers/-LET REVIEWER 2026/C. MAJOR SUBJECTS/H. VALUES EDUCATION/Version 1/Values Education Part 1.pdf,"The valuing process as a teaching strategy focuses on aspects of one’s own life in general, understands without judging, pursues reflection and:",,,Focuses on a major approach,,Includes illustrating the strategy,,End with the limitation of the approach,,Develops thoughtful self- direction,,,,D,Correct answer sourced from the PDF answer key: D.,LET Secondary,Values Education,Values Education,3,No,8,0.96,Duplicate,LET Secondary Values Education Q&A. Correct answer sourced from PDF answer key.
653,9,2,Values Education Part 1.pdf,/Users/lyndon/All reviewers/-LET REVIEWER 2026/C. MAJOR SUBJECTS/H. VALUES EDUCATION/Version 1/Values Education Part 1.pdf,Developing more complex moral reasoning patterns through successive and sequential stages among learners may be best stimulated through the:,,,Moral development approach,,Cognitive development approach,,Developmental approach,,Moral dilemma strategy,,,,D,Correct answer sourced from the PDF answer key: D.,LET Secondary,Values Education,Values Education,3,No,9,0.96,Duplicate,LET Secondary Values Education Q&A. Correct answer sourced from PDF answer key.
654,10,2,Values Education Part 1.pdf,/Users/lyndon/All reviewers/-LET REVIEWER 2026/C. MAJOR SUBJECTS/H. VALUES EDUCATION/Version 1/Values Education Part 1.pdf,"The most flexible and effective strategy in encouraging a person to introspect about his thoughts and ideas, consider other alternatives, and arrive at a purposeful stance for himself and in relation to other called:",,,Discussion,,Moral dilemma,,Total person experimental learning,,Clarifying response,,,,B,Correct answer sourced from the PDF answer key: B.,LET Secondary,Values Education,Values Education,3,No,10,0.96,Duplicate,LET Secondary Values Education Q&A. Correct answer sourced from PDF answer key.
655,11,2,Values Education Part 1.pdf,/Users/lyndon/All reviewers/-LET REVIEWER 2026/C. MAJOR SUBJECTS/H. VALUES EDUCATION/Version 1/Values Education Part 1.pdf,"The wisdom or God or the divine reason and will, which directs all the actions and movement of thing:",,,Ethical or moral norm,,Universal moral law,,Eternal law,,Natural law,,,,A,Correct answer sourced from the PDF answer key: A.,LET Secondary,Values Education,Values Education,3,No,11,0.96,Duplicate,LET Secondary Values Education Q&A. Correct answer sourced from PDF answer key.
656,12,2,Values Education Part 1.pdf,/Users/lyndon/All reviewers/-LET REVIEWER 2026/C. MAJOR SUBJECTS/H. VALUES EDUCATION/Version 1/Values Education Part 1.pdf,"Values vary in different generation, cultures, and societies and within persons themselves. This means that:",,,Values are dynamic,,Values are transmitted,,Values are learned,,Values are caught from various source,,,,D,Correct answer sourced from the PDF answer key: D.,LET Secondary,Values Education,Values Education,3,No,12,0.96,Duplicate,LET Secondary Values Education Q&A. Correct answer sourced from PDF answer key.
657,13,2,Values Education Part 1.pdf,/Users/lyndon/All reviewers/-LET REVIEWER 2026/C. MAJOR SUBJECTS/H. VALUES EDUCATION/Version 1/Values Education Part 1.pdf,"To help the Filipino develop his human potential, contribute to the growth of the Philippine culture and built appropriate structures and institutions is the task of:",,,Education,,Society and nation,,The Philippine Constitution,,Political leaders,,,,B,Correct answer sourced from the PDF answer key: B.,LET Secondary,Values Education,Values Education,3,No,13,0.96,Duplicate,LET Secondary Values Education Q&A. Correct answer sourced from PDF answer key.
658,14,2,Values Education Part 1.pdf,/Users/lyndon/All reviewers/-LET REVIEWER 2026/C. MAJOR SUBJECTS/H. VALUES EDUCATION/Version 1/Values Education Part 1.pdf,"In the experiential learning process, which of the following phases encourages students to share their feelings and thoughts with one another?",,,Application phase,,Value processing phase,,Directive phase,,Introspective phase,,,,B,Correct answer sourced from the PDF answer key: B.,LET Secondary,Values Education,Values Education,3,No,14,0.96,Duplicate,LET Secondary Values Education Q&A. Correct answer sourced from PDF answer key.
659,15,2,Values Education Part 1.pdf,/Users/lyndon/All reviewers/-LET REVIEWER 2026/C. MAJOR SUBJECTS/H. VALUES EDUCATION/Version 1/Values Education Part 1.pdf,The teacher becomes a director of value learning and enriches the learning through cognitive and effective inputs:,,,Abstraction,,Activity,,Analysis,,Application,,,,C,Correct answer sourced from the PDF answer key: C.,LET Secondary,Values Education,Values Education,3,No,15,0.96,Duplicate,LET Secondary Values Education Q&A. Correct answer sourced from PDF answer key.
660,16,2,Values Education Part 1.pdf,/Users/lyndon/All reviewers/-LET REVIEWER 2026/C. MAJOR SUBJECTS/H. VALUES EDUCATION/Version 1/Values Education Part 1.pdf,One of the reasons mass media play a vital and important role in our society is that called:,,,They have a great role in the formation of Filipino values,,They cater to the uplifted of the common good,,They correct the miseducation of the Filipino’s,,Filipino today are products of media,,,,D,Correct answer sourced from the PDF answer key: D.,LET Secondary,Values Education,Values Education,3,No,16,0.96,Duplicate,LET Secondary Values Education Q&A. Correct answer sourced from PDF answer key.
661,17,3,Values Education Part 1.pdf,/Users/lyndon/All reviewers/-LET REVIEWER 2026/C. MAJOR SUBJECTS/H. VALUES EDUCATION/Version 1/Values Education Part 1.pdf,The Filipino’s lack of nationalism and dependence on foreign power is a result of:,,,Of the school fixed curricula,,Some religions are becoming a money making business,,Of the disintegration of families as a basic unit of society,,Of the domination of media and new communication technologies,,,,B,Correct answer sourced from the PDF answer key: B.,LET Secondary,Values Education,Values Education,3,No,17,0.96,Duplicate,LET Secondary Values Education Q&A. Correct answer sourced from PDF answer key.
662,18,3,Values Education Part 1.pdf,/Users/lyndon/All reviewers/-LET REVIEWER 2026/C. MAJOR SUBJECTS/H. VALUES EDUCATION/Version 1/Values Education Part 1.pdf,Which of the following statements is the most effective means of acquiring moral values?,,,By reading literature on moral development,,By following the advices given by the significant others,,By listening to significant others for their moral values,,By examining what she/he caught and by reflecting on what she/he learned,,,,A,Correct answer sourced from the PDF answer key: A.,LET Secondary,Values Education,Values Education,3,No,18,0.96,Duplicate,LET Secondary Values Education Q&A. Correct answer sourced from PDF answer key.
663,19,3,Values Education Part 1.pdf,/Users/lyndon/All reviewers/-LET REVIEWER 2026/C. MAJOR SUBJECTS/H. VALUES EDUCATION/Version 1/Values Education Part 1.pdf,What is the basic premise in the development of the human being?,,,The development of human being is limitless,,There in a supreme being more powerful than oneself,,The human being’s potential are means to development,,The human being’s endowed with faculties for optimum development,,,,B,Correct answer sourced from the PDF answer key: B.,LET Secondary,Values Education,Values Education,3,No,19,0.96,Duplicate,LET Secondary Values Education Q&A. Correct answer sourced from PDF answer key.
664,20,3,Values Education Part 1.pdf,/Users/lyndon/All reviewers/-LET REVIEWER 2026/C. MAJOR SUBJECTS/H. VALUES EDUCATION/Version 1/Values Education Part 1.pdf,"When we compare test scores of college students with their cumulative grade point at the time of testing, what kind of validity are we establishing?",,,Criterion related,,Predictive,,Concurrent,,Content,,,,A,Correct answer sourced from the PDF answer key: A.,LET Secondary,Values Education,Values Education,3,No,20,0.96,Duplicate,LET Secondary Values Education Q&A. Correct answer sourced from PDF answer key.
665,21,3,Values Education Part 1.pdf,/Users/lyndon/All reviewers/-LET REVIEWER 2026/C. MAJOR SUBJECTS/H. VALUES EDUCATION/Version 1/Values Education Part 1.pdf,"Which strategy/technique can bring awareness of what we think, feel, do and also gives an opportunity to get in touch with oneself?",,,Affirmation,,Disclosure,,Introspection,,Centering,,,,C,Correct answer sourced from the PDF answer key: C.,LET Secondary,Values Education,Values Education,3,No,21,0.96,Duplicate,LET Secondary Values Education Q&A. Correct answer sourced from PDF answer key.
666,22,3,Values Education Part 1.pdf,/Users/lyndon/All reviewers/-LET REVIEWER 2026/C. MAJOR SUBJECTS/H. VALUES EDUCATION/Version 1/Values Education Part 1.pdf,It is designed to solved the social ills of society through personal transformation and also renewal and no strengthen the moral fiber of the Filipino people:,,,Sustainable development,,Moral recovery program,,People empowerment,,Economic development foundation,,,,D,Correct answer sourced from the PDF answer key: D.,LET Secondary,Values Education,Values Education,3,No,22,0.96,Duplicate,LET Secondary Values Education Q&A. Correct answer sourced from PDF answer key.
667,23,4,Values Education Part 1.pdf,/Users/lyndon/All reviewers/-LET REVIEWER 2026/C. MAJOR SUBJECTS/H. VALUES EDUCATION/Version 1/Values Education Part 1.pdf,Parents who implement harsh not accompanied by reasoning teach children to be:,,,Insightful about their own behavior,,Moral recovery program,,People empowerment,,Economic development foundation,,,,A,Correct answer sourced from the PDF answer key: A.,LET Secondary,Values Education,Values Education,3,No,23,0.96,Duplicate,LET Secondary Values Education Q&A. Correct answer sourced from PDF answer key.
668,24,4,Values Education Part 1.pdf,/Users/lyndon/All reviewers/-LET REVIEWER 2026/C. MAJOR SUBJECTS/H. VALUES EDUCATION/Version 1/Values Education Part 1.pdf,Teaching values in the classroom means that the teacher works on lesson objectives in the _______ domain: I. Affective II. Cognitive III. Psychomotor,,,"I, II and III",,I only,,I and II,,I and III,,,,C,Correct answer sourced from the PDF answer key: C.,LET Secondary,Values Education,Values Education,3,No,24,0.96,Duplicate,LET Secondary Values Education Q&A. Correct answer sourced from PDF answer key.
669,25,4,Values Education Part 1.pdf,/Users/lyndon/All reviewers/-LET REVIEWER 2026/C. MAJOR SUBJECTS/H. VALUES EDUCATION/Version 1/Values Education Part 1.pdf,"Excessive money borrowing, malicious gossips and other unworthy practices are actualizations which could directly affect the teacher’s credibility with what group?",,,Community,,Parents,,School officials,,Students,,,,B,Correct answer sourced from the PDF answer key: B.,LET Secondary,Values Education,Values Education,3,No,25,0.96,Duplicate,LET Secondary Values Education Q&A. Correct answer sourced from PDF answer key.
670,1,1,Values Education Part 2.pdf,/Users/lyndon/All reviewers/-LET REVIEWER 2026/C. MAJOR SUBJECTS/H. VALUES EDUCATION/Version 1/Values Education Part 2.pdf,What is best for frustrated teacher to do evaluate his beliefs and values?,,,Self-disclosure,,Affirmation,,Introspection,,Feedback,,,,C,Correct answer sourced from the PDF answer key: C.,LET Secondary,Values Education,Values Education,3,No,26,0.96,Duplicate,LET Secondary Values Education Q&A. Correct answer sourced from PDF answer key.
671,2,1,Values Education Part 2.pdf,/Users/lyndon/All reviewers/-LET REVIEWER 2026/C. MAJOR SUBJECTS/H. VALUES EDUCATION/Version 1/Values Education Part 2.pdf,Which of the following is an indication of a moral person? She/he ________:,,,Is killed to act on his /her own decisions,,Is gifted with emotion to judge which is good and bad,,Sticks to his personal conviction without listening to other,,Is endowed with the faculty to choose to be good and to love,,,,A,Correct answer sourced from the PDF answer key: A.,LET Secondary,Values Education,Values Education,3,No,27,0.96,Duplicate,LET Secondary Values Education Q&A. Correct answer sourced from PDF answer key.
672,3,1,Values Education Part 2.pdf,/Users/lyndon/All reviewers/-LET REVIEWER 2026/C. MAJOR SUBJECTS/H. VALUES EDUCATION/Version 1/Values Education Part 2.pdf,A boy is an attention seeker and always does what pleases his parents. What level of morality?,,,Pre-conventional,,Universal ethical,,Conventional,,Post conventional,,,,C,Correct answer sourced from the PDF answer key: C.,LET Secondary,Values Education,Values Education,3,No,28,0.96,Duplicate,LET Secondary Values Education Q&A. Correct answer sourced from PDF answer key.
673,4,1,Values Education Part 2.pdf,/Users/lyndon/All reviewers/-LET REVIEWER 2026/C. MAJOR SUBJECTS/H. VALUES EDUCATION/Version 1/Values Education Part 2.pdf,"To facilitate testing and measurement which provide data for evaluation , objectives in values development are translated into behaviors that are:",,,Cognitive and behavioral,,Reliable and time bound,,"Measurable, observable or describable",,"Specific, measurable and attainable",,,,A,Correct answer sourced from the PDF answer key: A.,LET Secondary,Values Education,Values Education,3,No,29,0.96,Duplicate,LET Secondary Values Education Q&A. Correct answer sourced from PDF answer key.
674,5,1,Values Education Part 2.pdf,/Users/lyndon/All reviewers/-LET REVIEWER 2026/C. MAJOR SUBJECTS/H. VALUES EDUCATION/Version 1/Values Education Part 2.pdf,The ‘Politics of Service “ and the Moral Recovery Program core values are congruent because:,,,They manifest processes of democratization and decentralization,,They affirm the commitment in the Philippine society,,They are designed to draw personal transformation and renewal,,The reinforce the response and contribution of outstanding leaders,,,,B,Correct answer sourced from the PDF answer key: B.,LET Secondary,Values Education,Values Education,3,No,30,0.96,Duplicate,LET Secondary Values Education Q&A. Correct answer sourced from PDF answer key.
675,6,1,Values Education Part 2.pdf,/Users/lyndon/All reviewers/-LET REVIEWER 2026/C. MAJOR SUBJECTS/H. VALUES EDUCATION/Version 1/Values Education Part 2.pdf,"“Maka-Diyos, Maka-Bayan, Maka-Tao are the four pillars of:",,,The politics service,,The principle of subsidiary,,The Kabisig Peoples’ Movement,,Public service as a public trust,,,,A,Correct answer sourced from the PDF answer key: A.,LET Secondary,Values Education,Values Education,3,No,31,0.96,Duplicate,LET Secondary Values Education Q&A. Correct answer sourced from PDF answer key.
676,7,1,Values Education Part 2.pdf,/Users/lyndon/All reviewers/-LET REVIEWER 2026/C. MAJOR SUBJECTS/H. VALUES EDUCATION/Version 1/Values Education Part 2.pdf,The feudal structure of the Filipino social environment where there are great gaps between the rich and the poor majority develops:,,,Feeling of inferiority,,Low tolerance,,Strong family orientation,,Passivity and dependence,,,,B,Correct answer sourced from the PDF answer key: B.,LET Secondary,Values Education,Values Education,3,No,32,0.96,Duplicate,LET Secondary Values Education Q&A. Correct answer sourced from PDF answer key.
677,8,2,Values Education Part 2.pdf,/Users/lyndon/All reviewers/-LET REVIEWER 2026/C. MAJOR SUBJECTS/H. VALUES EDUCATION/Version 1/Values Education Part 2.pdf,The DepEd Values Education framework is called:,,,Prescriptive and can be imposed,,"The subject of education, to learn and be taught",,"The object of education, the center of the curriculum",,Grounded on the rational understanding of the Filipino,,,,B,Correct answer sourced from the PDF answer key: B.,LET Secondary,Values Education,Values Education,3,No,33,0.96,Duplicate,LET Secondary Values Education Q&A. Correct answer sourced from PDF answer key.
678,9,2,Values Education Part 2.pdf,/Users/lyndon/All reviewers/-LET REVIEWER 2026/C. MAJOR SUBJECTS/H. VALUES EDUCATION/Version 1/Values Education Part 2.pdf,One of the following does not belong to the spiritual faculties of man:,,,Conscience,,Will,,Intellect,,Passion,,,,B,Correct answer sourced from the PDF answer key: B.,LET Secondary,Values Education,Values Education,3,No,34,0.96,Duplicate,LET Secondary Values Education Q&A. Correct answer sourced from PDF answer key.
679,10,2,Values Education Part 2.pdf,/Users/lyndon/All reviewers/-LET REVIEWER 2026/C. MAJOR SUBJECTS/H. VALUES EDUCATION/Version 1/Values Education Part 2.pdf,Which of the following is/are considered the effective child-rearing practice/s? I. Totally accept the child for what she/he is II. Depend strongly the child’s conviction III. Reinforce good behavior by reward IV. Spend time with the child,,,I and IV,,IV only,,I only,,"I, II, and III",,,,C,Correct answer sourced from the PDF answer key: C.,LET Secondary,Values Education,Values Education,3,No,35,0.96,Duplicate,LET Secondary Values Education Q&A. Correct answer sourced from PDF answer key.
680,11,2,Values Education Part 2.pdf,/Users/lyndon/All reviewers/-LET REVIEWER 2026/C. MAJOR SUBJECTS/H. VALUES EDUCATION/Version 1/Values Education Part 2.pdf,Which of the following value integration approaches is done when the teachers is asked to add an any activity to the lessons plan that a particular value is touched?,,,Unnatural integration,,Natural integration,,Vertical integration,,Eclectic integration,,,,D,Correct answer sourced from the PDF answer key: D.,LET Secondary,Values Education,Values Education,3,No,36,0.96,Duplicate,LET Secondary Values Education Q&A. Correct answer sourced from PDF answer key.
681,12,2,Values Education Part 2.pdf,/Users/lyndon/All reviewers/-LET REVIEWER 2026/C. MAJOR SUBJECTS/H. VALUES EDUCATION/Version 1/Values Education Part 2.pdf,Which of the following situation could the true essence of nationalism be reinforced among the learners using the inculcation approach?,,,Mobilizing the learners to join rallies of national concerns,,Promoting the use of locally made products to help the Philippine economy.,,Providing moral dilemma situation on the issue of going abroad as the OFW’s,,Telling the students to speak in Filipino at all times regardless of the situation,,,,D,Correct answer sourced from the PDF answer key: D.,LET Secondary,Values Education,Values Education,3,No,37,0.96,Duplicate,LET Secondary Values Education Q&A. Correct answer sourced from PDF answer key.
682,13,2,Values Education Part 2.pdf,/Users/lyndon/All reviewers/-LET REVIEWER 2026/C. MAJOR SUBJECTS/H. VALUES EDUCATION/Version 1/Values Education Part 2.pdf,Which of the following is violated by entertainment programs as a vehicle for moral recovery?,,,Design films that have social relevance,,Making films that upholds social values,,Producing films that exhibit human exploitation,,Encouraging the educated and trained to be involved in movie industry,,,,B,Correct answer sourced from the PDF answer key: B.,LET Secondary,Values Education,Values Education,3,No,38,0.96,Duplicate,LET Secondary Values Education Q&A. Correct answer sourced from PDF answer key.
683,14,3,Values Education Part 2.pdf,/Users/lyndon/All reviewers/-LET REVIEWER 2026/C. MAJOR SUBJECTS/H. VALUES EDUCATION/Version 1/Values Education Part 2.pdf,"What is amplified by this statement; “Bill Gates, one of the richest men in the world, had made a great contribution by introducing the computer in all business, industries an schools”?",,,Non material change,,Technological change,,Social change,,Cultural change,,,,D,Correct answer sourced from the PDF answer key: D.,LET Secondary,Values Education,Values Education,3,No,39,0.96,Duplicate,LET Secondary Values Education Q&A. Correct answer sourced from PDF answer key.
684,15,3,Values Education Part 2.pdf,/Users/lyndon/All reviewers/-LET REVIEWER 2026/C. MAJOR SUBJECTS/H. VALUES EDUCATION/Version 1/Values Education Part 2.pdf,"Values formation begins with reality though the external sense, these images of reality are personal through ________.",,,Careful planning for the training of the child,,Education of the child through his/her environment,,Recognition of the weakness and strengths of the child,,The knowing faculties of internal senses and intellect of the child,,,,A,Correct answer sourced from the PDF answer key: A.,LET Secondary,Values Education,Values Education,3,No,40,0.96,Duplicate,LET Secondary Values Education Q&A. Correct answer sourced from PDF answer key.
685,16,3,Values Education Part 2.pdf,/Users/lyndon/All reviewers/-LET REVIEWER 2026/C. MAJOR SUBJECTS/H. VALUES EDUCATION/Version 1/Values Education Part 2.pdf,Which of the following signify human nature according to theory of Hobbes? Human being are:,,,Composed of body and soul,,Physical objects,,Moral agent,,Vegetative,,,,A,Correct answer sourced from the PDF answer key: A.,LET Secondary,Values Education,Values Education,3,No,41,0.96,Duplicate,LET Secondary Values Education Q&A. Correct answer sourced from PDF answer key.
686,17,3,Values Education Part 2.pdf,/Users/lyndon/All reviewers/-LET REVIEWER 2026/C. MAJOR SUBJECTS/H. VALUES EDUCATION/Version 1/Values Education Part 2.pdf,Which virtue aids one to face life’s difficulties and trials?,,,Justice,,Prudence,,Temperance,,Fortitude,,,,A,Correct answer sourced from the PDF answer key: A.,LET Secondary,Values Education,Values Education,3,No,42,0.96,Duplicate,LET Secondary Values Education Q&A. Correct answer sourced from PDF answer key.
687,18,3,Values Education Part 2.pdf,/Users/lyndon/All reviewers/-LET REVIEWER 2026/C. MAJOR SUBJECTS/H. VALUES EDUCATION/Version 1/Values Education Part 2.pdf,One way to raise one’s level of cognitive consciousness or awareness is to begin thinking with:,,,Teaching as a process,,“if-then” logical paradigm,,Dynamic interaction,,The “Pros-Cons” technique,,,,C,Correct answer sourced from the PDF answer key: C.,LET Secondary,Values Education,Values Education,3,No,43,0.96,Duplicate,LET Secondary Values Education Q&A. Correct answer sourced from PDF answer key.
688,19,3,Values Education Part 2.pdf,/Users/lyndon/All reviewers/-LET REVIEWER 2026/C. MAJOR SUBJECTS/H. VALUES EDUCATION/Version 1/Values Education Part 2.pdf,The cognitive aspect of the valuing process wherein the individual has a full understanding of the consequences of each option being considered is:,,,Prizing and cherishing,,Choosing freely,,Choosing from alternatives,,Choosing reflective,,,,B,Correct answer sourced from the PDF answer key: B.,LET Secondary,Values Education,Values Education,3,No,44,0.96,Duplicate,LET Secondary Values Education Q&A. Correct answer sourced from PDF answer key.
689,20,3,Values Education Part 2.pdf,/Users/lyndon/All reviewers/-LET REVIEWER 2026/C. MAJOR SUBJECTS/H. VALUES EDUCATION/Version 1/Values Education Part 2.pdf,The main reason for pursuing all other value is:,,,That man’s personhood is transcendent,,The inner worth of the human person,,The each person is endowed with faculty of free choice,,That each individual capable of rising above the materials.,,,,D,Correct answer sourced from the PDF answer key: D.,LET Secondary,Values Education,Values Education,3,No,45,0.96,Duplicate,LET Secondary Values Education Q&A. Correct answer sourced from PDF answer key.
690,21,3,Values Education Part 2.pdf,/Users/lyndon/All reviewers/-LET REVIEWER 2026/C. MAJOR SUBJECTS/H. VALUES EDUCATION/Version 1/Values Education Part 2.pdf,Values have a social function when:,,,They become the vehicle for the transmission of learning,,"Commonly held values unite families, tribe, societies and nation",,The process is not just cognitive but involves all the faculties of the learner,,They have a direct and immediate relevance to the personal life of the learner,,,,C,Correct answer sourced from the PDF answer key: C.,LET Secondary,Values Education,Values Education,3,No,46,0.96,Duplicate,LET Secondary Values Education Q&A. Correct answer sourced from PDF answer key.
691,22,4,Values Education Part 2.pdf,/Users/lyndon/All reviewers/-LET REVIEWER 2026/C. MAJOR SUBJECTS/H. VALUES EDUCATION/Version 1/Values Education Part 2.pdf,The Affective Cognitive Experiences for Self Direction Methodology:,,,Defend on the learner’s creativity,,Constitute the content of values education,,Increase the teachers wealth of experiences,,Make use of the experiential and the confluent learning approaches,,,,A,Correct answer sourced from the PDF answer key: A.,LET Secondary,Values Education,Values Education,3,No,47,0.96,Duplicate,LET Secondary Values Education Q&A. Correct answer sourced from PDF answer key.
692,23,4,Values Education Part 2.pdf,/Users/lyndon/All reviewers/-LET REVIEWER 2026/C. MAJOR SUBJECTS/H. VALUES EDUCATION/Version 1/Values Education Part 2.pdf,"At the core of the valuing process is an ongoing process of using one’s Innate capacities and potentials in full, creative and joyful ways called:",,,Self direction,,Introspection,,Self actualization,,Symbolic self completion,,,,A,Correct answer sourced from the PDF answer key: A.,LET Secondary,Values Education,Values Education,3,No,48,0.96,Duplicate,LET Secondary Values Education Q&A. Correct answer sourced from PDF answer key.
693,24,4,Values Education Part 2.pdf,/Users/lyndon/All reviewers/-LET REVIEWER 2026/C. MAJOR SUBJECTS/H. VALUES EDUCATION/Version 1/Values Education Part 2.pdf,The supreme and overarching value that characterizes education on the basis of the foregoing philosophy of the human person is:,,,Human personality,,Human dignity,,Human conscience,,Human body,,,,B,Correct answer sourced from the PDF answer key: B.,LET Secondary,Values Education,Values Education,3,No,49,0.96,Duplicate,LET Secondary Values Education Q&A. Correct answer sourced from PDF answer key.
694,25,4,Values Education Part 2.pdf,/Users/lyndon/All reviewers/-LET REVIEWER 2026/C. MAJOR SUBJECTS/H. VALUES EDUCATION/Version 1/Values Education Part 2.pdf,Which of the following is/are condition/s to economic efficiency? I. Deep sense of work ethics II. The use of capital for family enterprises III. Accelerated productivity through job efficiency IV. Self-reliance and discipline economy,,,"I, III and IV",,II and IV,,"II, III and IV",,I and II,,,,D,Correct answer sourced from the PDF answer key: D.,LET Secondary,Values Education,Values Education,3,No,50,0.96,Duplicate,LET Secondary Values Education Q&A. Correct answer sourced from PDF answer key.
695,1,1,Values Education Part 3.pdf,/Users/lyndon/All reviewers/-LET REVIEWER 2026/C. MAJOR SUBJECTS/H. VALUES EDUCATION/Version 1/Values Education Part 3.pdf,What approach is used when a science teacher emphasizes the value of intellectual honesty and respect for the emergence of new knowledge in teaching science concepts and acquiring scientific skills?,,,Values integration,,Value analysis,,Values inculcation,,Values clarification,,,,C,Correct answer sourced from the PDF answer key: C.,LET Secondary,Values Education,Values Education,3,No,600,0.96,Duplicate,LET Secondary Values Education Q&A. Correct answer sourced from PDF answer key.
696,2,1,Values Education Part 3.pdf,/Users/lyndon/All reviewers/-LET REVIEWER 2026/C. MAJOR SUBJECTS/H. VALUES EDUCATION/Version 1/Values Education Part 3.pdf,The family is still and the most dominating factor affecting values development because:,,,Parents are always the best role models,,Values are the first taught and caught in the family,,The family and home environment are roots of the Filipinos character,,The conduct of the Filipino is very much determined by the social values of the family,,,,C,Correct answer sourced from the PDF answer key: C.,LET Secondary,Values Education,Values Education,3,No,,0.96,Ready for Upload,LET Secondary Values Education Q&A. Correct answer sourced from PDF answer key.
697,3,1,Values Education Part 3.pdf,/Users/lyndon/All reviewers/-LET REVIEWER 2026/C. MAJOR SUBJECTS/H. VALUES EDUCATION/Version 1/Values Education Part 3.pdf,"For the goal of developing a sense of integrity and accountability, government officials and employees should:",,,Keep performance records,,Be given value clarification seminars,,"Get rid of useless, meaningless rules",,"Be given recognition, awards or incentives",,,,B,Correct answer sourced from the PDF answer key: B.,LET Secondary,Values Education,Values Education,3,No,601,0.96,Duplicate,LET Secondary Values Education Q&A. Correct answer sourced from PDF answer key.
698,4,1,Values Education Part 3.pdf,/Users/lyndon/All reviewers/-LET REVIEWER 2026/C. MAJOR SUBJECTS/H. VALUES EDUCATION/Version 1/Values Education Part 3.pdf,Which of the following operative Filipino Values most specifically need some modification so that they can propel other values for the common good and social justice?,,,Obedience and respect to leaders,,Utangnaloob and pakikisama,,Ningas cogon and bahala,,Hospitality and bayanihan,,,,B,Correct answer sourced from the PDF answer key: B.,LET Secondary,Values Education,Values Education,3,No,602,0.96,Duplicate,LET Secondary Values Education Q&A. Correct answer sourced from PDF answer key.
699,5,1,Values Education Part 3.pdf,/Users/lyndon/All reviewers/-LET REVIEWER 2026/C. MAJOR SUBJECTS/H. VALUES EDUCATION/Version 1/Values Education Part 3.pdf,Values Education requires parents to fulfill three main goals except on:,,,To instruct in universal truths and moral principles,,To help from a delicate and certain conscience,,To encourage the practice of virtues,,To view a child as mini adult,,,,C,Correct answer sourced from the PDF answer key: C.,LET Secondary,Values Education,Values Education,3,No,603,0.96,Duplicate,LET Secondary Values Education Q&A. Correct answer sourced from PDF answer key.
700,6,1,Values Education Part 3.pdf,/Users/lyndon/All reviewers/-LET REVIEWER 2026/C. MAJOR SUBJECTS/H. VALUES EDUCATION/Version 1/Values Education Part 3.pdf,The following are the task of politicians except one:,,,To be brave and dutiful,,"Not only to lead, but to educate citizens as well",,To sponsor and encourage people to behave in a certain way,,"To manipulate the political system, to ensure order accordance w/ the existing laws",,,,D,Correct answer sourced from the PDF answer key: D.,LET Secondary,Values Education,Values Education,3,No,604,0.96,Duplicate,LET Secondary Values Education Q&A. Correct answer sourced from PDF answer key.
701,7,1,Values Education Part 3.pdf,/Users/lyndon/All reviewers/-LET REVIEWER 2026/C. MAJOR SUBJECTS/H. VALUES EDUCATION/Version 1/Values Education Part 3.pdf,Which of the following practices is exclusive to an authoritarian family?,,,There is consultation with the family members before making decisions,,Parents inculcate the right and responsibilities of every member,,Parents know everything more than any member of the family,,There is freedom in the practice of democratic rules,,,,B,Correct answer sourced from the PDF answer key: B.,LET Secondary,Values Education,Values Education,3,No,605,0.96,Duplicate,LET Secondary Values Education Q&A. Correct answer sourced from PDF answer key.
702,8,2,Values Education Part 3.pdf,/Users/lyndon/All reviewers/-LET REVIEWER 2026/C. MAJOR SUBJECTS/H. VALUES EDUCATION/Version 1/Values Education Part 3.pdf,Every human person can’t live without others. This means that the human person is essentially a\an _________ being:,,,Dependent,,Free,,Incarnate,,Being,,,,B,Correct answer sourced from the PDF answer key: B.,LET Secondary,Values Education,Values Education,3,No,,0.96,Ready for Upload,LET Secondary Values Education Q&A. Correct answer sourced from PDF answer key.
703,9,2,Values Education Part 3.pdf,/Users/lyndon/All reviewers/-LET REVIEWER 2026/C. MAJOR SUBJECTS/H. VALUES EDUCATION/Version 1/Values Education Part 3.pdf,"In which of these cases, does peer pressure become most critical?",,,When the peers values contradict with parental moral instruction,,When the parents disapprove of the peers of his/her child,,When the adolescent badly gives in to peer pressure,,When parents are unaware of his/her child’s peers,,,,D,Correct answer sourced from the PDF answer key: D.,LET Secondary,Values Education,Values Education,3,No,606,0.96,Duplicate,LET Secondary Values Education Q&A. Correct answer sourced from PDF answer key.
704,10,2,Values Education Part 3.pdf,/Users/lyndon/All reviewers/-LET REVIEWER 2026/C. MAJOR SUBJECTS/H. VALUES EDUCATION/Version 1/Values Education Part 3.pdf,Which technique/method in values education is most appropriate when you want your student to take a stand and justify that on a moral issue?,,,Values clarification,,Inculcation,,Moral dilemma,,Role playing,,,,C,Correct answer sourced from the PDF answer key: C.,LET Secondary,Values Education,Values Education,3,No,607,0.96,Duplicate,LET Secondary Values Education Q&A. Correct answer sourced from PDF answer key.
705,11,2,Values Education Part 3.pdf,/Users/lyndon/All reviewers/-LET REVIEWER 2026/C. MAJOR SUBJECTS/H. VALUES EDUCATION/Version 1/Values Education Part 3.pdf,Which of the following will help strengthen family?,,,Engaging in civic work,,Lending hand to the poor,,Communication with family members,,"Working, playing and praying together",,,,D,Correct answer sourced from the PDF answer key: D.,LET Secondary,Values Education,Values Education,3,No,608,0.96,Duplicate,LET Secondary Values Education Q&A. Correct answer sourced from PDF answer key.
706,12,2,Values Education Part 3.pdf,/Users/lyndon/All reviewers/-LET REVIEWER 2026/C. MAJOR SUBJECTS/H. VALUES EDUCATION/Version 1/Values Education Part 3.pdf,"Which of the following gives premium to individualistic desire, pleasure and conscience?",,,Pragmatism,,Liberation,,Utilization,,Hedonism,,,,A,Correct answer sourced from the PDF answer key: A.,LET Secondary,Values Education,Values Education,3,No,609,0.96,Duplicate,LET Secondary Values Education Q&A. Correct answer sourced from PDF answer key.
707,13,2,Values Education Part 3.pdf,/Users/lyndon/All reviewers/-LET REVIEWER 2026/C. MAJOR SUBJECTS/H. VALUES EDUCATION/Version 1/Values Education Part 3.pdf,Which of the following strategies should be directly observed to foster accountability?,,,Encourage growth of self esteem,,Demand official receipts in business transaction,,School curricula should be oriented to self- reliance,,Award government employees who demonstrate desirable behavior,,,,C,Correct answer sourced from the PDF answer key: C.,LET Secondary,Values Education,Values Education,3,No,610,0.96,Duplicate,LET Secondary Values Education Q&A. Correct answer sourced from PDF answer key.
708,14,2,Values Education Part 3.pdf,/Users/lyndon/All reviewers/-LET REVIEWER 2026/C. MAJOR SUBJECTS/H. VALUES EDUCATION/Version 1/Values Education Part 3.pdf,Which of the following is a manifestation of a lack discipline?,,,Palusot syndrome,,Sustainable projects,,Observance of time schedule,,Qualification standardization,,,,A,Correct answer sourced from the PDF answer key: A.,LET Secondary,Values Education,Values Education,3,No,611,0.96,Duplicate,LET Secondary Values Education Q&A. Correct answer sourced from PDF answer key.
709,15,2,Values Education Part 3.pdf,/Users/lyndon/All reviewers/-LET REVIEWER 2026/C. MAJOR SUBJECTS/H. VALUES EDUCATION/Version 1/Values Education Part 3.pdf,What is implied in this statement: “ Adapting to change id=s adapting to modernity”,,,Change does not necessarily mean forgetting tradition,,"If one has to change, it must be a change for the better",,All changes are new and modern,,Not all changes are modern,,,,D,Correct answer sourced from the PDF answer key: D.,LET Secondary,Values Education,Values Education,3,No,612,0.96,Duplicate,LET Secondary Values Education Q&A. Correct answer sourced from PDF answer key.
710,16,2,Values Education Part 3.pdf,/Users/lyndon/All reviewers/-LET REVIEWER 2026/C. MAJOR SUBJECTS/H. VALUES EDUCATION/Version 1/Values Education Part 3.pdf,What is the school’s ethical responsibility?,,,Understand the child’s pattern of growth and development,,Instill the spirit of absolute freedom in action,,Teach values separately from concept,,Transmit culture,,,,C,Correct answer sourced from the PDF answer key: C.,LET Secondary,Values Education,Values Education,3,No,613,0.96,Duplicate,LET Secondary Values Education Q&A. Correct answer sourced from PDF answer key.
711,17,3,Values Education Part 3.pdf,/Users/lyndon/All reviewers/-LET REVIEWER 2026/C. MAJOR SUBJECTS/H. VALUES EDUCATION/Version 1/Values Education Part 3.pdf,On which must you base your class assessment affective learning?,,,Class activity,,Text book,,Topic,,Learning objective,,,,C,Correct answer sourced from the PDF answer key: C.,LET Secondary,Values Education,Values Education,3,No,614,0.96,Duplicate,LET Secondary Values Education Q&A. Correct answer sourced from PDF answer key.
712,18,3,Values Education Part 3.pdf,/Users/lyndon/All reviewers/-LET REVIEWER 2026/C. MAJOR SUBJECTS/H. VALUES EDUCATION/Version 1/Values Education Part 3.pdf,Which assessment technique can help a Values Education Teacher determine if a favorable change in her students’ thoughts and attitudes has taken place?,,,Making students do a sociogram,,Organizing them for a group project,,Giving them cognitive question to answer,,Asking students to write a brief autobiography,,,,B,Correct answer sourced from the PDF answer key: B.,LET Secondary,Values Education,Values Education,3,No,615,0.96,Duplicate,LET Secondary Values Education Q&A. Correct answer sourced from PDF answer key.
713,19,3,Values Education Part 3.pdf,/Users/lyndon/All reviewers/-LET REVIEWER 2026/C. MAJOR SUBJECTS/H. VALUES EDUCATION/Version 1/Values Education Part 3.pdf,Which of the following is the correct order of the valuing process?,,,"Prizing, choosing, acting",,"Acting, choosing, prizing",,"Choosing, prizing, acting",,"Choosing, acting, prizing",,,,A,Correct answer sourced from the PDF answer key: A.,LET Secondary,Values Education,Values Education,3,No,616,0.96,Duplicate,LET Secondary Values Education Q&A. Correct answer sourced from PDF answer key.
714,20,3,Values Education Part 3.pdf,/Users/lyndon/All reviewers/-LET REVIEWER 2026/C. MAJOR SUBJECTS/H. VALUES EDUCATION/Version 1/Values Education Part 3.pdf,What type of conscience judges “what is good and what is evil as evil?,,,Lax conscience,,True conscience,,Partially true conscience,,Scrupulous conscience,,,,A,Correct answer sourced from the PDF answer key: A.,LET Secondary,Values Education,Values Education,3,No,617,0.96,Duplicate,LET Secondary Values Education Q&A. Correct answer sourced from PDF answer key.
715,21,3,Values Education Part 3.pdf,/Users/lyndon/All reviewers/-LET REVIEWER 2026/C. MAJOR SUBJECTS/H. VALUES EDUCATION/Version 1/Values Education Part 3.pdf,The objective of the will is:,,,Goodness,,Harmony,,Peace,,Understanding,,,,D,Correct answer sourced from the PDF answer key: D.,LET Secondary,Values Education,Values Education,3,No,,0.96,Ready for Upload,LET Secondary Values Education Q&A. Correct answer sourced from PDF answer key.
716,22,3,Values Education Part 3.pdf,/Users/lyndon/All reviewers/-LET REVIEWER 2026/C. MAJOR SUBJECTS/H. VALUES EDUCATION/Version 1/Values Education Part 3.pdf,Which of the following is an indication of the human being’s inclination towards spirituality?,,,Becoming a religious person,,Becoming spiritual as one grows older,,Elevating one’s material self to spiritual self,,Satisfying one’s material needs ahead of spiritual needs,,,,C,Correct answer sourced from the PDF answer key: C.,LET Secondary,Values Education,Values Education,3,No,618,0.96,Duplicate,LET Secondary Values Education Q&A. Correct answer sourced from PDF answer key.
717,23,3,Values Education Part 3.pdf,/Users/lyndon/All reviewers/-LET REVIEWER 2026/C. MAJOR SUBJECTS/H. VALUES EDUCATION/Version 1/Values Education Part 3.pdf,What could be the first help for school aged children top develop their sense of competence and industry?,,,Strict rules to follow for better accomplishment,,Give opportunities for work so they accomplish more,,Facilitate personal satisfaction and pride in their accomplishment,,Don’t reinforce every accomplishment; they may become dependent on reinforcement,,,,B,Correct answer sourced from the PDF answer key: B.,LET Secondary,Values Education,Values Education,3,No,619,0.96,Duplicate,LET Secondary Values Education Q&A. Correct answer sourced from PDF answer key.
718,24,3,Values Education Part 3.pdf,/Users/lyndon/All reviewers/-LET REVIEWER 2026/C. MAJOR SUBJECTS/H. VALUES EDUCATION/Version 1/Values Education Part 3.pdf,"Since private property has a social dimension, what is demand by justice?",,,Keep he property as hidden capital,,Give away what we have to those who have none,,Develop what we have and share the fruit of development with others,,Donate what we have to government for distribution to those who have less,,,,B,Correct answer sourced from the PDF answer key: B.,LET Secondary,Values Education,Values Education,3,No,620,0.96,Duplicate,LET Secondary Values Education Q&A. Correct answer sourced from PDF answer key.
719,25,4,Values Education Part 3.pdf,/Users/lyndon/All reviewers/-LET REVIEWER 2026/C. MAJOR SUBJECTS/H. VALUES EDUCATION/Version 1/Values Education Part 3.pdf,Which of the following is NOT an effective time management?,,,Setting goals and priorities,,Avoiding procrastination,,Acting on impulse and delays,,Evaluating progress towards goals,,,,C,Correct answer sourced from the PDF answer key: C.,LET Secondary,Values Education,Values Education,3,No,621,0.96,Duplicate,LET Secondary Values Education Q&A. Correct answer sourced from PDF answer key.
720,1,1,Values Education Part 4.pdf,/Users/lyndon/All reviewers/-LET REVIEWER 2026/C. MAJOR SUBJECTS/H. VALUES EDUCATION/Version 1/Values Education Part 4.pdf,Which of the following should be considered in order to combat the negative factors that destroy the solidarity of the Filipino family?,,,Strengthen faithfulness of husband to their wives,,Seek help from all sectors of the community,,Be responsible member of their families,,Believe in a formidable family,,,,B,Correct answer sourced from the PDF answer key: B.,LET Secondary,Values Education,Values Education,3,No,575,0.96,Duplicate,LET Secondary Values Education Q&A. Correct answer sourced from PDF answer key.
721,2,1,Values Education Part 4.pdf,/Users/lyndon/All reviewers/-LET REVIEWER 2026/C. MAJOR SUBJECTS/H. VALUES EDUCATION/Version 1/Values Education Part 4.pdf,Which behavior shows that you can think/act locally and globally at the same time?,,,Patronize indigenous culture,,Maintain global awareness on various issues,,Travel to many attractive places around the world,,"Be proud of the local products, export the same for consumption",,,,D,Correct answer sourced from the PDF answer key: D.,LET Secondary,Values Education,Values Education,3,No,576,0.96,Duplicate,LET Secondary Values Education Q&A. Correct answer sourced from PDF answer key.
722,3,1,Values Education Part 4.pdf,/Users/lyndon/All reviewers/-LET REVIEWER 2026/C. MAJOR SUBJECTS/H. VALUES EDUCATION/Version 1/Values Education Part 4.pdf,What are the factors that contribute to the family’s success in values formation for their children? I. Effective child rearing methods II. Empathy and well directed love foe the children III. Schooling experiences and religious instruction IV. Permissive and modern ways of bringing up children,,,"I, II and IV",,"I, III and IV",,"II, III and IV",,II and IV,,,,C,Correct answer sourced from the PDF answer key: C.,LET Secondary,Values Education,Values Education,3,No,,0.96,Ready for Upload,LET Secondary Values Education Q&A. Correct answer sourced from PDF answer key.
723,4,1,Values Education Part 4.pdf,/Users/lyndon/All reviewers/-LET REVIEWER 2026/C. MAJOR SUBJECTS/H. VALUES EDUCATION/Version 1/Values Education Part 4.pdf,Which is a technique used in a qualitative evaluation of values development?,,,Teacher made examination,,Semantic differential scale,,Achievement test,,Diagnostic test,,,,A,Correct answer sourced from the PDF answer key: A.,LET Secondary,Values Education,Values Education,3,No,578,0.96,Duplicate,LET Secondary Values Education Q&A. Correct answer sourced from PDF answer key.
724,5,1,Values Education Part 4.pdf,/Users/lyndon/All reviewers/-LET REVIEWER 2026/C. MAJOR SUBJECTS/H. VALUES EDUCATION/Version 1/Values Education Part 4.pdf,What level of affective domain is develop if he teacher wanted to enhance the student’s sensitivity to the feelings and needs of others?,,,Receiving,,Responding,,Characterization,,Valuing,,,,A,Correct answer sourced from the PDF answer key: A.,LET Secondary,Values Education,Values Education,3,No,,0.96,Ready for Upload,LET Secondary Values Education Q&A. Correct answer sourced from PDF answer key.
725,6,1,Values Education Part 4.pdf,/Users/lyndon/All reviewers/-LET REVIEWER 2026/C. MAJOR SUBJECTS/H. VALUES EDUCATION/Version 1/Values Education Part 4.pdf,Our will is to come to the fullest love the supreme goodness which is called:,,,Animal,,Universe,,Man,,God,,,,B,Correct answer sourced from the PDF answer key: B.,LET Secondary,Values Education,Values Education,3,No,580,0.96,Duplicate,LET Secondary Values Education Q&A. Correct answer sourced from PDF answer key.
726,7,1,Values Education Part 4.pdf,/Users/lyndon/All reviewers/-LET REVIEWER 2026/C. MAJOR SUBJECTS/H. VALUES EDUCATION/Version 1/Values Education Part 4.pdf,"Values Education seeks to form the spiritual faculties of the INTELLECT whose function, purpose, goal and the highest human fulfillment is called:",,,"To acknowledge, internalize and uphold wisdom",,To think and to choose goodness and virtue,,To think and know truth and wisdom,,None of the above,,,,D,Correct answer sourced from the PDF answer key: D.,LET Secondary,Values Education,Values Education,3,No,581,0.96,Duplicate,LET Secondary Values Education Q&A. Correct answer sourced from PDF answer key.
727,8,1,Values Education Part 4.pdf,/Users/lyndon/All reviewers/-LET REVIEWER 2026/C. MAJOR SUBJECTS/H. VALUES EDUCATION/Version 1/Values Education Part 4.pdf,"Values Education seeks to form the spiritual faculties of the WILL whose function, purpose, goal and highest human fulfillment is:",,,"To control, fell, direct and understand",,"To do/act, to choose/love, goodness and virtue",,"To know, decide and act for the common good",,None of the above,,,,C,Correct answer sourced from the PDF answer key: C.,LET Secondary,Values Education,Values Education,3,No,582,0.96,Duplicate,LET Secondary Values Education Q&A. Correct answer sourced from PDF answer key.
728,9,2,Values Education Part 4.pdf,/Users/lyndon/All reviewers/-LET REVIEWER 2026/C. MAJOR SUBJECTS/H. VALUES EDUCATION/Version 1/Values Education Part 4.pdf,"If a person believes she has the right over her own body and therefore, believes her unborn child can be aborted?",,,She does not violate anything,,She id expressing moral values,,She is expressing behavioral values,,"The decision is but normal, it is acceptable in other countries",,,,A,Correct answer sourced from the PDF answer key: A.,LET Secondary,Values Education,Values Education,3,No,583,0.96,Duplicate,LET Secondary Values Education Q&A. Correct answer sourced from PDF answer key.
729,10,2,Values Education Part 4.pdf,/Users/lyndon/All reviewers/-LET REVIEWER 2026/C. MAJOR SUBJECTS/H. VALUES EDUCATION/Version 1/Values Education Part 4.pdf,A type of justice among equals which demands respects for the property or reputation of others to ensure solidarity and fellowship among men is:,,,Commutative,,Legal justice,,Social justice,,Distributive,,,,A,Correct answer sourced from the PDF answer key: A.,LET Secondary,Values Education,Values Education,3,No,584,0.96,Duplicate,LET Secondary Values Education Q&A. Correct answer sourced from PDF answer key.
730,11,2,Values Education Part 4.pdf,/Users/lyndon/All reviewers/-LET REVIEWER 2026/C. MAJOR SUBJECTS/H. VALUES EDUCATION/Version 1/Values Education Part 4.pdf,Television is an ally of education on values when:,,,It only entertain the viewer,,It foster and concepts all opinions,,It encourage several patrons and sponsors,,It is placed at the service of man through objective and truthful information,,,,C,Correct answer sourced from the PDF answer key: C.,LET Secondary,Values Education,Values Education,3,No,585,0.96,Duplicate,LET Secondary Values Education Q&A. Correct answer sourced from PDF answer key.
731,12,2,Values Education Part 4.pdf,/Users/lyndon/All reviewers/-LET REVIEWER 2026/C. MAJOR SUBJECTS/H. VALUES EDUCATION/Version 1/Values Education Part 4.pdf,The objective of the intellect is:,,,Goodness,,Truth,,Love,,Understanding,,,,D,Correct answer sourced from the PDF answer key: D.,LET Secondary,Values Education,Values Education,3,No,586,0.96,Duplicate,LET Secondary Values Education Q&A. Correct answer sourced from PDF answer key.
732,13,2,Values Education Part 4.pdf,/Users/lyndon/All reviewers/-LET REVIEWER 2026/C. MAJOR SUBJECTS/H. VALUES EDUCATION/Version 1/Values Education Part 4.pdf,"In the education of values, it is important to establish the child’s emotional stability and self-confidence. This could be best achieved through:",,,Ambivalent child,,Authoritarian child,,Authoritative child,,Permissive child,,,,D,Correct answer sourced from the PDF answer key: D.,LET Secondary,Values Education,Values Education,3,No,587,0.96,Duplicate,LET Secondary Values Education Q&A. Correct answer sourced from PDF answer key.
733,14,2,Values Education Part 4.pdf,/Users/lyndon/All reviewers/-LET REVIEWER 2026/C. MAJOR SUBJECTS/H. VALUES EDUCATION/Version 1/Values Education Part 4.pdf,The following are the expected scope of the values education teaching learning process except one:,,,Involves not just cognitive but all the faculties of the learner,,The learner conforms to the ideas and opinions of the majority,,One learners value the way children learn things from their parents,,Has direct and immediate relevance to the relevance to the personal life of the learner,,,,A,Correct answer sourced from the PDF answer key: A.,LET Secondary,Values Education,Values Education,3,No,588,0.96,Duplicate,LET Secondary Values Education Q&A. Correct answer sourced from PDF answer key.
734,15,2,Values Education Part 4.pdf,/Users/lyndon/All reviewers/-LET REVIEWER 2026/C. MAJOR SUBJECTS/H. VALUES EDUCATION/Version 1/Values Education Part 4.pdf,"As a rational organism, man acquires knowledge of the universal truth through the intellect in three steps:",,,"Cognition, imagination and memory",,"Observation, reasoning and judgment",,"Reasoning, apprehension and judgment",,"Simple, apprehension, judgment and reasoning",,,,A,Correct answer sourced from the PDF answer key: A.,LET Secondary,Values Education,Values Education,3,No,589,0.96,Duplicate,LET Secondary Values Education Q&A. Correct answer sourced from PDF answer key.
735,16,3,Values Education Part 4.pdf,/Users/lyndon/All reviewers/-LET REVIEWER 2026/C. MAJOR SUBJECTS/H. VALUES EDUCATION/Version 1/Values Education Part 4.pdf,A more general summative evaluation of a values development program should be carried out because:,,,Values cannot be develop as easily as cognitive skills,,The immediate outcome is more important than its long term effects,,Behavior indicators are apparent after a relatively long period of time,,It facilities testing and measurement which provide data for further development,,,,B,Correct answer sourced from the PDF answer key: B.,LET Secondary,Values Education,Values Education,3,No,590,0.96,Duplicate,LET Secondary Values Education Q&A. Correct answer sourced from PDF answer key.
736,17,3,Values Education Part 4.pdf,/Users/lyndon/All reviewers/-LET REVIEWER 2026/C. MAJOR SUBJECTS/H. VALUES EDUCATION/Version 1/Values Education Part 4.pdf,Continuous exposure of Filipinos to foreign TV programs result in:,,,The implanting of basic values,,The domination of ruling class,,The cultural penetration and influences,,The transmission of foreign messages,,,,A,Correct answer sourced from the PDF answer key: A.,LET Secondary,Values Education,Values Education,3,No,,0.96,Ready for Upload,LET Secondary Values Education Q&A. Correct answer sourced from PDF answer key.
737,18,3,Values Education Part 4.pdf,/Users/lyndon/All reviewers/-LET REVIEWER 2026/C. MAJOR SUBJECTS/H. VALUES EDUCATION/Version 1/Values Education Part 4.pdf,"The interaction an individual experiences, acquires and learn from his family, his church, the school and other social institutions helps him to:",,,Be consistent in his attitudes and actions,,"Adopt moral beliefs, attitudes and values",,Stand for the hard right against the easy wrong,,Discover his character in the choice of life wants to live,,,,B,Correct answer sourced from the PDF answer key: B.,LET Secondary,Values Education,Values Education,3,No,,0.96,Ready for Upload,LET Secondary Values Education Q&A. Correct answer sourced from PDF answer key.
738,19,3,Values Education Part 4.pdf,/Users/lyndon/All reviewers/-LET REVIEWER 2026/C. MAJOR SUBJECTS/H. VALUES EDUCATION/Version 1/Values Education Part 4.pdf,"If the church wants to be truly effective in promoting moral and spiritual values, it should:",,,It shows in deeds what it preaches by mouth,,Stand condemned if it fails to live its preaching,,Study and pronounce the mission of preaching,,Set the example with regards to the implementation of justice,,,,A,Correct answer sourced from the PDF answer key: A.,LET Secondary,Values Education,Values Education,3,No,593,0.96,Duplicate,LET Secondary Values Education Q&A. Correct answer sourced from PDF answer key.
739,20,3,Values Education Part 4.pdf,/Users/lyndon/All reviewers/-LET REVIEWER 2026/C. MAJOR SUBJECTS/H. VALUES EDUCATION/Version 1/Values Education Part 4.pdf,A value is said to be a powerful emotional commitment when:,,,It can be used explicitly to judge the worth of things,,People care deeply about the things that they value,,It contains ideas about two or more conflicting desires,,It is supported by feelings of sympathy for poor people or other,,,,A,Correct answer sourced from the PDF answer key: A.,LET Secondary,Values Education,Values Education,3,No,594,0.96,Duplicate,LET Secondary Values Education Q&A. Correct answer sourced from PDF answer key.
740,21,4,Values Education Part 4.pdf,/Users/lyndon/All reviewers/-LET REVIEWER 2026/C. MAJOR SUBJECTS/H. VALUES EDUCATION/Version 1/Values Education Part 4.pdf,If values are associated with past experiences or with persons with whom those experiences were encountered they are:,,,Hierarchical,,Subjective,,Transmitted,,Relative,,,,A,Correct answer sourced from the PDF answer key: A.,LET Secondary,Values Education,Values Education,3,No,595,0.96,Duplicate,LET Secondary Values Education Q&A. Correct answer sourced from PDF answer key.
741,22,4,Values Education Part 4.pdf,/Users/lyndon/All reviewers/-LET REVIEWER 2026/C. MAJOR SUBJECTS/H. VALUES EDUCATION/Version 1/Values Education Part 4.pdf,"Exponents of values define value as the stance that the self takes to the world through the feelings, ideas, imagination and:",,,Emotional expressions,,Internalization,,degrees of importance,,behavior of the individual,,,,B,Correct answer sourced from the PDF answer key: B.,LET Secondary,Values Education,Values Education,3,No,596,0.96,Duplicate,LET Secondary Values Education Q&A. Correct answer sourced from PDF answer key.
742,23,4,Values Education Part 4.pdf,/Users/lyndon/All reviewers/-LET REVIEWER 2026/C. MAJOR SUBJECTS/H. VALUES EDUCATION/Version 1/Values Education Part 4.pdf,The goal of values education in the Philippines is to provide and promote values at all three levels of the education system for the development of the human person committed to:,,,An abiding faith in God as a reflection of spirituality,,The development of sense of nationalism,,The development of cultural values,,Building just and human society,,,,D,Correct answer sourced from the PDF answer key: D.,LET Secondary,Values Education,Values Education,3,No,597,0.96,Duplicate,LET Secondary Values Education Q&A. Correct answer sourced from PDF answer key.
743,24,4,Values Education Part 4.pdf,/Users/lyndon/All reviewers/-LET REVIEWER 2026/C. MAJOR SUBJECTS/H. VALUES EDUCATION/Version 1/Values Education Part 4.pdf,The concept that everything is connected top everything else refers to:,,,Sharing and involvement,,Interdependence,,Collective effort,,Harmony in diversity,,,,D,Correct answer sourced from the PDF answer key: D.,LET Secondary,Values Education,Values Education,3,No,598,0.96,Duplicate,LET Secondary Values Education Q&A. Correct answer sourced from PDF answer key.
744,25,4,Values Education Part 4.pdf,/Users/lyndon/All reviewers/-LET REVIEWER 2026/C. MAJOR SUBJECTS/H. VALUES EDUCATION/Version 1/Values Education Part 4.pdf,Significant role models strongly influence the values of our young positively or negatively. Who among the following have generally the greatest influence on the young?,,,Favorite book characters,,Teachers,,Actor/actress idols,,Parents,,,,B,Correct answer sourced from the PDF answer key: B.,LET Secondary,Values Education,Values Education,3,No,599,0.96,Duplicate,LET Secondary Values Education Q&A. Correct answer sourced from PDF answer key.
