No.,Original No.,Page,Source PDF,Source Path,Question,Passage Reference,Question Image Reference,Choice A,Choice A Image Reference,Choice B,Choice B Image Reference,Choice C,Choice C Image Reference,Choice D,Choice D Image Reference,Choice E,Choice E Image Reference,Correct Answer,Explanation,LET Exam Type,Subject Area,Topic,Difficulty,Has Image,Duplicate Of,Confidence,Status,Notes
1,1,1,1.pdf,/Users/lyndon/All reviewers/-LET REVIEWER 2026/C. MAJOR SUBJECTS/G. T L E/A. Q&A Drills/1.pdf,Which of the following should be taken into account before preparing the farm lots?,,,Soil and water supply,,Sunlight and air circulation,,Accessibility and proximity to market,,all of the above,,,,D,Correct answer sourced from the trailing answer key: D.,LET Secondary,Technology and Livelihood Education,Agriculture and Fishery Arts,3,No,,0.96,Ready for Upload,LET Secondary TLE Q&A drill. Correct answer sourced from trailing answer key.
2,2,1,1.pdf,/Users/lyndon/All reviewers/-LET REVIEWER 2026/C. MAJOR SUBJECTS/G. T L E/A. Q&A Drills/1.pdf,Which of the ff. is a characteristic of good soil?,,,should be viable,,fresh and mature,,damage free and free from seed – borne diseases,,all of the above,,,,D,Correct answer sourced from the trailing answer key: D.,LET Secondary,Technology and Livelihood Education,Agriculture and Fishery Arts,3,No,,0.96,Ready for Upload,LET Secondary TLE Q&A drill. Correct answer sourced from trailing answer key.
3,3,1,1.pdf,/Users/lyndon/All reviewers/-LET REVIEWER 2026/C. MAJOR SUBJECTS/G. T L E/A. Q&A Drills/1.pdf,It is the first and most important tillage operation in preparing the land for to make it more moisture – retentive,,,Cleaning,,Plowing,,Harrowing,,Pulverizing,,,,B,Correct answer sourced from the trailing answer key: B.,LET Secondary,Technology and Livelihood Education,TLE General,3,No,,0.96,Ready for Upload,LET Secondary TLE Q&A drill. Correct answer sourced from trailing answer key.
4,4,1,1.pdf,/Users/lyndon/All reviewers/-LET REVIEWER 2026/C. MAJOR SUBJECTS/G. T L E/A. Q&A Drills/1.pdf,"Is an organic material consisting of very fine routed animal waste, plant parts and other organic and biodegradable material",,,Biomass,,Compost,,Heap,,Fertilizer,,,,B,Correct answer sourced from the trailing answer key: B.,LET Secondary,Technology and Livelihood Education,TLE General,3,No,,0.96,Ready for Upload,LET Secondary TLE Q&A drill. Correct answer sourced from trailing answer key.
5,5,1,1.pdf,/Users/lyndon/All reviewers/-LET REVIEWER 2026/C. MAJOR SUBJECTS/G. T L E/A. Q&A Drills/1.pdf,This method of fish – culture is characterized by the use of net enclosures in shallow protected areas in inland waters,,,Cage method,,Fishpen method,,Aquarium method,,Open – water method,,,,B,Correct answer sourced from the trailing answer key: B.,LET Secondary,Technology and Livelihood Education,Agriculture and Fishery Arts,3,No,,0.96,Ready for Upload,LET Secondary TLE Q&A drill. Correct answer sourced from trailing answer key.
6,6,1,1.pdf,/Users/lyndon/All reviewers/-LET REVIEWER 2026/C. MAJOR SUBJECTS/G. T L E/A. Q&A Drills/1.pdf,The objective of applying fertilizers to fish ponds,,,Promote fish growth,,Enhance production,,Neutralize acidity,,Enhance the color of the water,,,,B,Correct answer sourced from the trailing answer key: B.,LET Secondary,Technology and Livelihood Education,Agriculture and Fishery Arts,3,No,,0.96,Ready for Upload,LET Secondary TLE Q&A drill. Correct answer sourced from trailing answer key.
7,7,1,1.pdf,/Users/lyndon/All reviewers/-LET REVIEWER 2026/C. MAJOR SUBJECTS/G. T L E/A. Q&A Drills/1.pdf,"This type of plants contains nitrogen in its roots which is converted to nitrates by rhizolia, thus, contributing to soil fertility",,,Vine crops,,Root crops,,Legumes,,Tubers,,,,C,Correct answer sourced from the trailing answer key: C.,LET Secondary,Technology and Livelihood Education,Agriculture and Fishery Arts,3,No,,0.96,Ready for Upload,LET Secondary TLE Q&A drill. Correct answer sourced from trailing answer key.
8,8,1,1.pdf,/Users/lyndon/All reviewers/-LET REVIEWER 2026/C. MAJOR SUBJECTS/G. T L E/A. Q&A Drills/1.pdf,Which of the ff. is NOT an aspect of fish – culture?,,,Fish cultivation,,Fish propagation,,Fish conservation,,Fish marketing,,,,D,Correct answer sourced from the trailing answer key: D.,LET Secondary,Technology and Livelihood Education,Agriculture and Fishery Arts,3,No,,0.96,Ready for Upload,LET Secondary TLE Q&A drill. Correct answer sourced from trailing answer key.
9,9,1,1.pdf,/Users/lyndon/All reviewers/-LET REVIEWER 2026/C. MAJOR SUBJECTS/G. T L E/A. Q&A Drills/1.pdf,The object is represented by the sides seen at one time,,,perspective,,projection,,Orthographic,,Isometric,,,,D,Correct answer sourced from the trailing answer key: D.,LET Secondary,Technology and Livelihood Education,TLE General,3,No,,0.96,Ready for Upload,LET Secondary TLE Q&A drill. Correct answer sourced from trailing answer key.
10,10,1,1.pdf,/Users/lyndon/All reviewers/-LET REVIEWER 2026/C. MAJOR SUBJECTS/G. T L E/A. Q&A Drills/1.pdf,The system of representing the true shape of any object arranged on a plane in two or more views at right angle to each other,,,Perspective,,Dimension,,Orthographic,,Oblique drawing,,,,D,Correct answer sourced from the trailing answer key: D.,LET Secondary,Technology and Livelihood Education,TLE General,3,No,,0.96,Ready for Upload,LET Secondary TLE Q&A drill. Correct answer sourced from trailing answer key.
11,11,1,1.pdf,/Users/lyndon/All reviewers/-LET REVIEWER 2026/C. MAJOR SUBJECTS/G. T L E/A. Q&A Drills/1.pdf,Isometric projection is drawn on tree axes namely the vertical and 2 ____________ degree lines.,,,90,,60,,40,,30,,,,D,Correct answer sourced from the trailing answer key: D.,LET Secondary,Technology and Livelihood Education,Industrial Arts,3,No,,0.96,Ready for Upload,LET Secondary TLE Q&A drill. Correct answer sourced from trailing answer key.
12,12,1,1.pdf,/Users/lyndon/All reviewers/-LET REVIEWER 2026/C. MAJOR SUBJECTS/G. T L E/A. Q&A Drills/1.pdf,It is part of the electrical circuit which converts electrical energy into another form to do work,,,Voltage,,Load,,Current,,Ampere,,,,B,Correct answer sourced from the trailing answer key: B.,LET Secondary,Technology and Livelihood Education,ICT and Electronics,3,No,,0.96,Ready for Upload,LET Secondary TLE Q&A drill. Correct answer sourced from trailing answer key.
13,13,1,1.pdf,/Users/lyndon/All reviewers/-LET REVIEWER 2026/C. MAJOR SUBJECTS/G. T L E/A. Q&A Drills/1.pdf,The system on which the flow of electricity is always in one direction,,,Power,,Integrated circuit,,Alternating current,,Direct current,,,,D,Correct answer sourced from the trailing answer key: D.,LET Secondary,Technology and Livelihood Education,TLE General,3,No,,0.96,Ready for Upload,LET Secondary TLE Q&A drill. Correct answer sourced from trailing answer key.
14,14,1,1.pdf,/Users/lyndon/All reviewers/-LET REVIEWER 2026/C. MAJOR SUBJECTS/G. T L E/A. Q&A Drills/1.pdf,The amount of heat required to take 1 lb. of water to change its temperature 1 degree F,,,British Thermal Unit (BTU),,Voltage,,Watt,,Calorie,,,,A,Correct answer sourced from the trailing answer key: A.,LET Secondary,Technology and Livelihood Education,TLE General,3,No,,0.96,Ready for Upload,LET Secondary TLE Q&A drill. Correct answer sourced from trailing answer key.
15,15,2,1.pdf,/Users/lyndon/All reviewers/-LET REVIEWER 2026/C. MAJOR SUBJECTS/G. T L E/A. Q&A Drills/1.pdf,Property of metal w/c can be hammered and flattened into sheets without breaking,,,Ductility,,Brittleness,,Elasticity,,Malleability,,,,D,Correct answer sourced from the trailing answer key: D.,LET Secondary,Technology and Livelihood Education,TLE General,3,No,,0.96,Ready for Upload,LET Secondary TLE Q&A drill. Correct answer sourced from trailing answer key.
16,16,2,1.pdf,/Users/lyndon/All reviewers/-LET REVIEWER 2026/C. MAJOR SUBJECTS/G. T L E/A. Q&A Drills/1.pdf,A system of principles to conduct life,,,Beliefs,,Values,,Philosophy,,Goals and Objectives,,,,C,Correct answer sourced from the trailing answer key: C.,LET Secondary,Technology and Livelihood Education,TLE General,3,No,,0.96,Ready for Upload,LET Secondary TLE Q&A drill. Correct answer sourced from trailing answer key.
17,17,2,1.pdf,/Users/lyndon/All reviewers/-LET REVIEWER 2026/C. MAJOR SUBJECTS/G. T L E/A. Q&A Drills/1.pdf,"Process of reaching solution to a problem which is based on family goals,",,,Assessment,,Reorganization,,Decision – Making,,Problem Solving,,,,A,Correct answer sourced from the trailing answer key: A.,LET Secondary,Technology and Livelihood Education,Home Economics,3,No,,0.96,Ready for Upload,LET Secondary TLE Q&A drill. Correct answer sourced from trailing answer key.
18,18,2,1.pdf,/Users/lyndon/All reviewers/-LET REVIEWER 2026/C. MAJOR SUBJECTS/G. T L E/A. Q&A Drills/1.pdf,"To achieve a satisfying family life, each member is expected to live his role with corresponding ______________",,,loyalty,,responsibilities,,needs,,care,,,,B,Correct answer sourced from the trailing answer key: B.,LET Secondary,Technology and Livelihood Education,Agriculture and Fishery Arts,3,No,,0.96,Ready for Upload,LET Secondary TLE Q&A drill. Correct answer sourced from trailing answer key.
19,19,2,1.pdf,/Users/lyndon/All reviewers/-LET REVIEWER 2026/C. MAJOR SUBJECTS/G. T L E/A. Q&A Drills/1.pdf,Human resources which the family can use to achieve its goals,,,Energy,,Abilities and skills,,Knowledge,,all of the above,,,,D,Correct answer sourced from the trailing answer key: D.,LET Secondary,Technology and Livelihood Education,Home Economics,3,No,,0.96,Ready for Upload,LET Secondary TLE Q&A drill. Correct answer sourced from trailing answer key.
20,20,2,1.pdf,/Users/lyndon/All reviewers/-LET REVIEWER 2026/C. MAJOR SUBJECTS/G. T L E/A. Q&A Drills/1.pdf,Earnings of corporations which are distributed among stocksholders,,,profit,,Retained earnings,,Stocks,,Dividends,,,,D,Correct answer sourced from the trailing answer key: D.,LET Secondary,Technology and Livelihood Education,TLE General,3,No,,0.96,Ready for Upload,LET Secondary TLE Q&A drill. Correct answer sourced from trailing answer key.
21,21,2,1.pdf,/Users/lyndon/All reviewers/-LET REVIEWER 2026/C. MAJOR SUBJECTS/G. T L E/A. Q&A Drills/1.pdf,Brings about a successful entrepreneurial activity,,,careful planning,,good luck,,big capital,,proper connection,,,,A,Correct answer sourced from the trailing answer key: A.,LET Secondary,Technology and Livelihood Education,Entrepreneurship and Business Management,3,No,,0.96,Ready for Upload,LET Secondary TLE Q&A drill. Correct answer sourced from trailing answer key.
22,22,2,1.pdf,/Users/lyndon/All reviewers/-LET REVIEWER 2026/C. MAJOR SUBJECTS/G. T L E/A. Q&A Drills/1.pdf,"As an entrepreneur, he must be aware if his business is good. He must then identify a good business through?",,,"availability of supply, interest in business, capacity and skills",,pricing of the products and services,,human – resources oriented,,profit – oriented,,,,B,Correct answer sourced from the trailing answer key: B.,LET Secondary,Technology and Livelihood Education,Entrepreneurship and Business Management,3,No,,0.96,Ready for Upload,LET Secondary TLE Q&A drill. Correct answer sourced from trailing answer key.
23,23,2,1.pdf,/Users/lyndon/All reviewers/-LET REVIEWER 2026/C. MAJOR SUBJECTS/G. T L E/A. Q&A Drills/1.pdf,"It is the profile of an entrepreneur’s intuitions, philosophy, ideals, perception and details of a planned project",,,Thesis,,Project proposal,,Project description,,Rationale,,,,D,Correct answer sourced from the trailing answer key: D.,LET Secondary,Technology and Livelihood Education,Entrepreneurship and Business Management,3,No,,0.96,Ready for Upload,LET Secondary TLE Q&A drill. Correct answer sourced from trailing answer key.
24,24,2,1.pdf,/Users/lyndon/All reviewers/-LET REVIEWER 2026/C. MAJOR SUBJECTS/G. T L E/A. Q&A Drills/1.pdf,"Provides the entrepreneur information on market, sources and consumption of products and services",,,Consultancy assistance,,Organizational assistance,,Training assistance,,Marketing assistance,,,,D,Correct answer sourced from the trailing answer key: D.,LET Secondary,Technology and Livelihood Education,Entrepreneurship and Business Management,3,No,,0.96,Ready for Upload,LET Secondary TLE Q&A drill. Correct answer sourced from trailing answer key.
25,25,2,1.pdf,/Users/lyndon/All reviewers/-LET REVIEWER 2026/C. MAJOR SUBJECTS/G. T L E/A. Q&A Drills/1.pdf,There are agencies that provide counseling or consultancy serviced to entrepreneurs who have difficulty solving their own business problems,,,Technology and livelihood Center,,National Manpower and youth Council,,UP Institute of Small Scale Industries,,All of the above,,,,A,Correct answer sourced from the trailing answer key: A.,LET Secondary,Technology and Livelihood Education,Entrepreneurship and Business Management,3,No,,0.96,Ready for Upload,LET Secondary TLE Q&A drill. Correct answer sourced from trailing answer key.
26,1,1,2.pdf,/Users/lyndon/All reviewers/-LET REVIEWER 2026/C. MAJOR SUBJECTS/G. T L E/A. Q&A Drills/2.pdf,"A person who installs pipes, fixtures and other apparatus to convey and supply water in buildings and to dispose and discharge waste water.",,,Carpenter,,Plumber,,Mason,,Mechanic,,,,B,Correct answer sourced from the trailing answer key: B.,LET Secondary,Technology and Livelihood Education,TLE General,3,No,,0.96,Ready for Upload,LET Secondary TLE Q&A drill. Correct answer sourced from trailing answer key.
27,2,1,2.pdf,/Users/lyndon/All reviewers/-LET REVIEWER 2026/C. MAJOR SUBJECTS/G. T L E/A. Q&A Drills/2.pdf,It is a receptacle or vault used to collect organic waste discharged from the house sewer.,,,Septic tank,,Manhole,,Water tank,,Waste tank,,,,A,Correct answer sourced from the trailing answer key: A.,LET Secondary,Technology and Livelihood Education,TLE General,3,No,,0.96,Ready for Upload,LET Secondary TLE Q&A drill. Correct answer sourced from trailing answer key.
28,3,1,2.pdf,/Users/lyndon/All reviewers/-LET REVIEWER 2026/C. MAJOR SUBJECTS/G. T L E/A. Q&A Drills/2.pdf,The semi-liquid substance accumulated at the bottom of the septic tank.,,,Scum,,Sediment,,Sludge,,Silt,,,,C,Correct answer sourced from the trailing answer key: C.,LET Secondary,Technology and Livelihood Education,TLE General,3,No,,0.96,Ready for Upload,LET Secondary TLE Q&A drill. Correct answer sourced from trailing answer key.
29,4,1,2.pdf,/Users/lyndon/All reviewers/-LET REVIEWER 2026/C. MAJOR SUBJECTS/G. T L E/A. Q&A Drills/2.pdf,An underground tunnel that carries off the drainage and waste matter from a home or town is called:,,,Drainage system,,b. Fixture,,Sewerage,,d. Sewer,,,,D,Correct answer sourced from the trailing answer key: D.,LET Secondary,Technology and Livelihood Education,Home Economics,3,No,,0.96,Ready for Upload,LET Secondary TLE Q&A drill. Correct answer sourced from trailing answer key.
30,5,1,2.pdf,/Users/lyndon/All reviewers/-LET REVIEWER 2026/C. MAJOR SUBJECTS/G. T L E/A. Q&A Drills/2.pdf,The pipe that conveys waste from various fixture other than from the water closet.,,,Waste pipe,,Soil pipe,,Vent pipe,,Drain pipe,,,,A,Correct answer sourced from the trailing answer key: A.,LET Secondary,Technology and Livelihood Education,TLE General,3,No,,0.96,Ready for Upload,LET Secondary TLE Q&A drill. Correct answer sourced from trailing answer key.
31,6,1,2.pdf,/Users/lyndon/All reviewers/-LET REVIEWER 2026/C. MAJOR SUBJECTS/G. T L E/A. Q&A Drills/2.pdf,It is a fitting or device that provides liquid seal to prevent the back passage of air.,,,Loop,,Fixture,,Sewer,,Trap,,,,D,Correct answer sourced from the trailing answer key: D.,LET Secondary,Technology and Livelihood Education,TLE General,3,No,,0.96,Ready for Upload,LET Secondary TLE Q&A drill. Correct answer sourced from trailing answer key.
32,7,1,2.pdf,/Users/lyndon/All reviewers/-LET REVIEWER 2026/C. MAJOR SUBJECTS/G. T L E/A. Q&A Drills/2.pdf,The tools used to tighten or loosen hexagonal fittings like unions and other metal fittings.,,,Pipe vise,,Pliers,,Wrenches,,Threader,,,,C,Correct answer sourced from the trailing answer key: C.,LET Secondary,Technology and Livelihood Education,TLE General,3,No,,0.96,Ready for Upload,LET Secondary TLE Q&A drill. Correct answer sourced from trailing answer key.
33,8,1,2.pdf,/Users/lyndon/All reviewers/-LET REVIEWER 2026/C. MAJOR SUBJECTS/G. T L E/A. Q&A Drills/2.pdf,The kind of fitting used to connect fixed pipe and fixtures is a ________.,,,Wye fitting,,Coupling,,Union fitting,,Reducer,,,,C,Correct answer sourced from the trailing answer key: C.,LET Secondary,Technology and Livelihood Education,TLE General,3,No,,0.96,Ready for Upload,LET Secondary TLE Q&A drill. Correct answer sourced from trailing answer key.
34,9,2,2.pdf,/Users/lyndon/All reviewers/-LET REVIEWER 2026/C. MAJOR SUBJECTS/G. T L E/A. Q&A Drills/2.pdf,A fitting or device installed at the inlet of a water pump to prevent backflow of water.,,,Ball valve,,Check valve*,,Blackwater valve,,Gate valve,,,,B,Correct answer sourced from the trailing answer key: B.,LET Secondary,Technology and Livelihood Education,TLE General,3,No,,0.96,Ready for Upload,LET Secondary TLE Q&A drill. Correct answer sourced from trailing answer key.
35,10,2,2.pdf,/Users/lyndon/All reviewers/-LET REVIEWER 2026/C. MAJOR SUBJECTS/G. T L E/A. Q&A Drills/2.pdf,It is a device installed in water lines that can be closed or opened to allow installation or troubleshooting of fixtures.,,,Check valve,,Gate valve,,Ball valve*,,Float valve,,,,C,Correct answer sourced from the trailing answer key: C.,LET Secondary,Technology and Livelihood Education,TLE General,3,No,,0.96,Ready for Upload,LET Secondary TLE Q&A drill. Correct answer sourced from trailing answer key.
36,11,2,2.pdf,/Users/lyndon/All reviewers/-LET REVIEWER 2026/C. MAJOR SUBJECTS/G. T L E/A. Q&A Drills/2.pdf,A schedule 40 pipe is:,,,Thicker than schedule 20,,Thicker than schedule 80,,Thinner than schedule 10,,None among the choices,,,,A,Correct answer sourced from the trailing answer key: A.,LET Secondary,Technology and Livelihood Education,TLE General,3,No,,0.96,Ready for Upload,LET Secondary TLE Q&A drill. Correct answer sourced from trailing answer key.
37,12,2,2.pdf,/Users/lyndon/All reviewers/-LET REVIEWER 2026/C. MAJOR SUBJECTS/G. T L E/A. Q&A Drills/2.pdf,What material is used to seal off threaded fittings to avoid leakage?,,,Masking tape,,Teflon tape,,Scotch tape,,Adhesive gum,,,,B,Correct answer sourced from the trailing answer key: B.,LET Secondary,Technology and Livelihood Education,TLE General,3,No,,0.96,Ready for Upload,LET Secondary TLE Q&A drill. Correct answer sourced from trailing answer key.
38,13,2,2.pdf,/Users/lyndon/All reviewers/-LET REVIEWER 2026/C. MAJOR SUBJECTS/G. T L E/A. Q&A Drills/2.pdf,What must be installed to prevent siphonage or backflow of the water seal in the drainage system?,,,Vent pipe,,Drain pipe,,Soil pipe,,Cleanout,,,,A,Correct answer sourced from the trailing answer key: A.,LET Secondary,Technology and Livelihood Education,TLE General,3,No,,0.96,Ready for Upload,LET Secondary TLE Q&A drill. Correct answer sourced from trailing answer key.
39,14,2,2.pdf,/Users/lyndon/All reviewers/-LET REVIEWER 2026/C. MAJOR SUBJECTS/G. T L E/A. Q&A Drills/2.pdf,Which of the following is NOT required by the National Plumbing Code?,,,Drainage pipe should be inclined properly for a downward gravity flow of water.,,Drainage pipe should be provided with adequate cleanout.,,No vent pipe is needed.,,All pipe joints must be well-fitted and tightly connected.,,,,C,Correct answer sourced from the trailing answer key: C.,LET Secondary,Technology and Livelihood Education,Industrial Arts,3,No,,0.96,Ready for Upload,LET Secondary TLE Q&A drill. Correct answer sourced from trailing answer key.
40,15,2,2.pdf,/Users/lyndon/All reviewers/-LET REVIEWER 2026/C. MAJOR SUBJECTS/G. T L E/A. Q&A Drills/2.pdf,What is the ideal inclination of a horizontal waste pipe as recommended by the National Plumbing Code?,,,2% slope,,3% slope,,4% slope,,0% slope or level position,,,,A,Correct answer sourced from the trailing answer key: A.,LET Secondary,Technology and Livelihood Education,Industrial Arts,3,No,,0.96,Ready for Upload,LET Secondary TLE Q&A drill. Correct answer sourced from trailing answer key.
41,16,2,2.pdf,/Users/lyndon/All reviewers/-LET REVIEWER 2026/C. MAJOR SUBJECTS/G. T L E/A. Q&A Drills/2.pdf,"For purposes of troubleshooting in case of stoppage of flow, what must be installed in the pipe system?",,,Vent pipe,,Cleanout,,Drain,,Tee fitting,,,,B,Correct answer sourced from the trailing answer key: B.,LET Secondary,Technology and Livelihood Education,TLE General,3,No,,0.96,Ready for Upload,LET Secondary TLE Q&A drill. Correct answer sourced from trailing answer key.
42,17,3,2.pdf,/Users/lyndon/All reviewers/-LET REVIEWER 2026/C. MAJOR SUBJECTS/G. T L E/A. Q&A Drills/2.pdf,Plastic pipes are commonly used in water fixture installation nowadays. Which of the following is preferred?,,,Polyvinyl chloride (PVC)*,,Chlorinated PVC (CPVC),,Cross-linked polyethylene (PEX),,Polyethylene,,,,A,Correct answer sourced from the trailing answer key: A.,LET Secondary,Technology and Livelihood Education,TLE General,3,No,,0.96,Ready for Upload,LET Secondary TLE Q&A drill. Correct answer sourced from trailing answer key.
43,18,3,2.pdf,/Users/lyndon/All reviewers/-LET REVIEWER 2026/C. MAJOR SUBJECTS/G. T L E/A. Q&A Drills/2.pdf,The Plumbing Code on House Drain provides that there must be no more than two closets that shall discharge into a ________ pipe diameter.,,,3 inches or 75 mm,,80 mm,,less than 75 mm,,70 mm,,,,A,Correct answer sourced from the trailing answer key: A.,LET Secondary,Technology and Livelihood Education,Industrial Arts,3,No,,0.96,Ready for Upload,LET Secondary TLE Q&A drill. Correct answer sourced from trailing answer key.
44,19,3,2.pdf,/Users/lyndon/All reviewers/-LET REVIEWER 2026/C. MAJOR SUBJECTS/G. T L E/A. Q&A Drills/2.pdf,A metal or plastic fitting used to connect smaller pipe from a larger pipe.,,,Reducer,,Elbow,,Union,,Coupling,,,,A,Correct answer sourced from the trailing answer key: A.,LET Secondary,Technology and Livelihood Education,TLE General,3,No,,0.96,Ready for Upload,LET Secondary TLE Q&A drill. Correct answer sourced from trailing answer key.
45,20,3,2.pdf,/Users/lyndon/All reviewers/-LET REVIEWER 2026/C. MAJOR SUBJECTS/G. T L E/A. Q&A Drills/2.pdf,"As a basic prerequisite for most plumbing project, what should be connected for each faucet, toilet, and fixtures?",,,Fixture shutoffs,,b. Main shutoffs,,Intermediate shutoffs,,Valves,,,,A,Correct answer sourced from the trailing answer key: A.,LET Secondary,Technology and Livelihood Education,Industrial Arts,3,No,,0.96,Ready for Upload,LET Secondary TLE Q&A drill. Correct answer sourced from trailing answer key.
46,21,3,2.pdf,/Users/lyndon/All reviewers/-LET REVIEWER 2026/C. MAJOR SUBJECTS/G. T L E/A. Q&A Drills/2.pdf,A plumber wants to tighten and loosen pipes. Which tool is appropriate?,,,Pipe cutter,,Flux,,Pipe wrench,,Butane torch,,,,C,Correct answer sourced from the trailing answer key: C.,LET Secondary,Technology and Livelihood Education,Industrial Arts,3,No,,0.96,Ready for Upload,LET Secondary TLE Q&A drill. Correct answer sourced from trailing answer key.
47,22,3,2.pdf,/Users/lyndon/All reviewers/-LET REVIEWER 2026/C. MAJOR SUBJECTS/G. T L E/A. Q&A Drills/2.pdf,A plumber wants to cut metal pipe. Which tool is appropriate?,,,Hacksaw,,b. Back saw,,c. Handsaw,,d. Drywall knife,,,,A,Correct answer sourced from the trailing answer key: A.,LET Secondary,Technology and Livelihood Education,Industrial Arts,3,No,,0.96,Ready for Upload,LET Secondary TLE Q&A drill. Correct answer sourced from trailing answer key.
48,23,3,2.pdf,/Users/lyndon/All reviewers/-LET REVIEWER 2026/C. MAJOR SUBJECTS/G. T L E/A. Q&A Drills/2.pdf,Metal with semi-rigid auger whose end is usually fitted with a hook or corkscrew is called ________.,,,plumber's snake,,b. plunger,,valve,,d. bushing,,,,A,Correct answer sourced from the trailing answer key: A.,LET Secondary,Technology and Livelihood Education,TLE General,3,No,,0.96,Ready for Upload,LET Secondary TLE Q&A drill. Correct answer sourced from trailing answer key.
49,24,4,2.pdf,/Users/lyndon/All reviewers/-LET REVIEWER 2026/C. MAJOR SUBJECTS/G. T L E/A. Q&A Drills/2.pdf,"If your toilet has trouble, you use rubber funnel-shape instrument attached to the end of the handle for unblocking. What is this tool?",,,plumber's snake,,valve,,plunger,,d. bushing,,,,C,Correct answer sourced from the trailing answer key: C.,LET Secondary,Technology and Livelihood Education,TLE General,3,No,,0.96,Ready for Upload,LET Secondary TLE Q&A drill. Correct answer sourced from trailing answer key.
50,25,4,2.pdf,/Users/lyndon/All reviewers/-LET REVIEWER 2026/C. MAJOR SUBJECTS/G. T L E/A. Q&A Drills/2.pdf,Which plumbing tool is used for gripping large pipes and irregular objects?,,,monkey wrench,,chain wrench,,yoke vise,,d. pipe wrench,,,,B,Correct answer sourced from the trailing answer key: B.,LET Secondary,Technology and Livelihood Education,Industrial Arts,3,No,,0.96,Ready for Upload,LET Secondary TLE Q&A drill. Correct answer sourced from trailing answer key.
51,26,4,2.pdf,/Users/lyndon/All reviewers/-LET REVIEWER 2026/C. MAJOR SUBJECTS/G. T L E/A. Q&A Drills/2.pdf,A plumber wants to create thread outside pipe by hand. Which tool is appropriate?,,,Pipe cutter,,Pipe threader,,Yoke vise,,Pipe wrench,,,,B,Correct answer sourced from the trailing answer key: B.,LET Secondary,Technology and Livelihood Education,Industrial Arts,3,No,,0.96,Ready for Upload,LET Secondary TLE Q&A drill. Correct answer sourced from trailing answer key.
52,27,4,2.pdf,/Users/lyndon/All reviewers/-LET REVIEWER 2026/C. MAJOR SUBJECTS/G. T L E/A. Q&A Drills/2.pdf,A plumber wants to cut pipes. Which holding tool is needed?,,,Vise grip,,Pipe threader,,c. Yoke vise,,Pipe wrench,,,,C,Correct answer sourced from the trailing answer key: C.,LET Secondary,Technology and Livelihood Education,Industrial Arts,3,No,,0.96,Ready for Upload,LET Secondary TLE Q&A drill. Correct answer sourced from trailing answer key.
53,28,4,2.pdf,/Users/lyndon/All reviewers/-LET REVIEWER 2026/C. MAJOR SUBJECTS/G. T L E/A. Q&A Drills/2.pdf,A plumber wants to hold pipe by hand. What tool is needed?,,,Vise grip,,Pipe threader,,c. Yoke vise,,Pipe wrench,,,,A,Correct answer sourced from the trailing answer key: A.,LET Secondary,Technology and Livelihood Education,Industrial Arts,3,No,,0.96,Ready for Upload,LET Secondary TLE Q&A drill. Correct answer sourced from trailing answer key.
54,29,4,2.pdf,/Users/lyndon/All reviewers/-LET REVIEWER 2026/C. MAJOR SUBJECTS/G. T L E/A. Q&A Drills/2.pdf,"The following are good plumbing practices, EXCEPT:",,,rainwater harvesting,,water conservation,,gray water recycling,,d. excessive water consumption,,,,D,Correct answer sourced from the trailing answer key: D.,LET Secondary,Technology and Livelihood Education,Industrial Arts,3,No,,0.96,Ready for Upload,LET Secondary TLE Q&A drill. Correct answer sourced from trailing answer key.
55,30,4,2.pdf,/Users/lyndon/All reviewers/-LET REVIEWER 2026/C. MAJOR SUBJECTS/G. T L E/A. Q&A Drills/2.pdf,Water contaminants are being forced back into the water piping system. Which term is referred to?,,,Water flow,,b. Back flow,,c. Pressure,,d. Harvesting,,,,B,Correct answer sourced from the trailing answer key: B.,LET Secondary,Technology and Livelihood Education,TLE General,3,No,,0.96,Ready for Upload,LET Secondary TLE Q&A drill. Correct answer sourced from trailing answer key.
56,31,4,2.pdf,/Users/lyndon/All reviewers/-LET REVIEWER 2026/C. MAJOR SUBJECTS/G. T L E/A. Q&A Drills/2.pdf,"The following are examples of plumbing fixtures, EXCEPT:",,,water closet,,b. drainage,,c. shower,,d. urinals,,,,B,Correct answer sourced from the trailing answer key: B.,LET Secondary,Technology and Livelihood Education,Industrial Arts,3,No,,0.96,Ready for Upload,LET Secondary TLE Q&A drill. Correct answer sourced from trailing answer key.
57,32,5,2.pdf,/Users/lyndon/All reviewers/-LET REVIEWER 2026/C. MAJOR SUBJECTS/G. T L E/A. Q&A Drills/2.pdf,"Which statement is NOT true about plumbing standards based on Republic Act 1378 which is known as ""Plumbing Law""?",,,Each fixture directly connected to the drainage system shall be equipped with a water- sealed trap.,,Plumbing shall be designed and adjusted to use the maximum quantity of water consistent with proper performance and cleaning.,,Water closet must be located in a room which is properly lighted and ventilated.,,"d. No substance which will clog the pipes, produce explosive mixtures, destroy the pipes or their joints or interfere unduly with the sewage disposal process shall be allowed to enter the building drainage system.",,,,B,Correct answer sourced from the trailing answer key: B.,LET Secondary,Technology and Livelihood Education,Industrial Arts,3,No,,0.96,Ready for Upload,LET Secondary TLE Q&A drill. Correct answer sourced from trailing answer key.
58,33,5,2.pdf,/Users/lyndon/All reviewers/-LET REVIEWER 2026/C. MAJOR SUBJECTS/G. T L E/A. Q&A Drills/2.pdf,"A compartment that receives solid or liquid waste, located below the normal grade of the gravity system is called________.",,,septic,,sump,,trap,,interceptor,,,,A,Correct answer sourced from the trailing answer key: A.,LET Secondary,Technology and Livelihood Education,TLE General,3,No,,0.96,Ready for Upload,LET Secondary TLE Q&A drill. Correct answer sourced from trailing answer key.
59,34,5,2.pdf,/Users/lyndon/All reviewers/-LET REVIEWER 2026/C. MAJOR SUBJECTS/G. T L E/A. Q&A Drills/2.pdf,Which is true toxic substance?,,,Hazardous to human health,,A fixture drain for a laboratory,,Not hazardous to human health,,Bedpan washer and sterilizer drain,,,,A,Correct answer sourced from the trailing answer key: A.,LET Secondary,Technology and Livelihood Education,TLE General,3,No,,0.96,Ready for Upload,LET Secondary TLE Q&A drill. Correct answer sourced from trailing answer key.
60,35,5,2.pdf,/Users/lyndon/All reviewers/-LET REVIEWER 2026/C. MAJOR SUBJECTS/G. T L E/A. Q&A Drills/2.pdf,"Water that is safe for drinking, cooking, and personal use is ________.",,,Potable,,Purified,,Clean,,healthy,,,,A,Correct answer sourced from the trailing answer key: A.,LET Secondary,Technology and Livelihood Education,Home Economics,3,No,,0.96,Ready for Upload,LET Secondary TLE Q&A drill. Correct answer sourced from trailing answer key.
61,36,5,2.pdf,/Users/lyndon/All reviewers/-LET REVIEWER 2026/C. MAJOR SUBJECTS/G. T L E/A. Q&A Drills/2.pdf,Which among the following best describes a toilet bowl?,,,A room or booth containing a toilet,,The Box Type compartment holding water for flushing the toilet,,An opening in the wall or ceiling near,,"d. The device that provides a supply of water and/or its disposal, e.g. sinks, tubs, toilet",,,,B,Correct answer sourced from the trailing answer key: B.,LET Secondary,Technology and Livelihood Education,TLE General,3,No,,0.96,Ready for Upload,LET Secondary TLE Q&A drill. Correct answer sourced from trailing answer key.
62,37,5,2.pdf,/Users/lyndon/All reviewers/-LET REVIEWER 2026/C. MAJOR SUBJECTS/G. T L E/A. Q&A Drills/2.pdf,Plumbing ventilation means to________.,,,carry sewer gas out and relieve pressure of the drainage system,,discourage corrosion in the drainage piping,,maintain the trap seals,,give pressure differentials in the public sewer,,,,A,Correct answer sourced from the trailing answer key: A.,LET Secondary,Technology and Livelihood Education,Industrial Arts,3,No,,0.96,Ready for Upload,LET Secondary TLE Q&A drill. Correct answer sourced from trailing answer key.
63,38,5,2.pdf,/Users/lyndon/All reviewers/-LET REVIEWER 2026/C. MAJOR SUBJECTS/G. T L E/A. Q&A Drills/2.pdf,Rainwater from the roof down to the ground passes through what pipe?,,,Down spout,,b. Conductor,,c. Gutter,,d. Vent,,,,A,Correct answer sourced from the trailing answer key: A.,LET Secondary,Technology and Livelihood Education,TLE General,3,No,,0.96,Ready for Upload,LET Secondary TLE Q&A drill. Correct answer sourced from trailing answer key.
64,39,5,2.pdf,/Users/lyndon/All reviewers/-LET REVIEWER 2026/C. MAJOR SUBJECTS/G. T L E/A. Q&A Drills/2.pdf,A pipe that conveys only liquid waste is called ________.,,,vent pipe,,b. soil pipe,,c. main pipe,,d. waste pipe,,,,D,Correct answer sourced from the trailing answer key: D.,LET Secondary,Technology and Livelihood Education,TLE General,3,No,,0.96,Ready for Upload,LET Secondary TLE Q&A drill. Correct answer sourced from trailing answer key.
65,40,6,2.pdf,/Users/lyndon/All reviewers/-LET REVIEWER 2026/C. MAJOR SUBJECTS/G. T L E/A. Q&A Drills/2.pdf,"If you install water supply inside the building, what is the diameter of pipes needed?",,,4 inches,,1 inch,,0.75 inch,,0.5 inch,,,,D,Correct answer sourced from the trailing answer key: D.,LET Secondary,Technology and Livelihood Education,TLE General,3,No,,0.96,Ready for Upload,LET Secondary TLE Q&A drill. Correct answer sourced from trailing answer key.
66,41,6,2.pdf,/Users/lyndon/All reviewers/-LET REVIEWER 2026/C. MAJOR SUBJECTS/G. T L E/A. Q&A Drills/2.pdf,In which type of pipes does portable water travel,,,ABS pipes,,Galvanized pipes,,Cast iron pipes,,PVC pipes (orange),,,,B,Correct answer sourced from the trailing answer key: B.,LET Secondary,Technology and Livelihood Education,TLE General,3,No,,0.96,Ready for Upload,LET Secondary TLE Q&A drill. Correct answer sourced from trailing answer key.
67,42,6,2.pdf,/Users/lyndon/All reviewers/-LET REVIEWER 2026/C. MAJOR SUBJECTS/G. T L E/A. Q&A Drills/2.pdf,"If your water system has leak, where can you shut off the flow of water?",,,Gate valve,,Globe valve,,Check valve,,Angle valve,,,,A,Correct answer sourced from the trailing answer key: A.,LET Secondary,Technology and Livelihood Education,TLE General,3,No,,0.96,Ready for Upload,LET Secondary TLE Q&A drill. Correct answer sourced from trailing answer key.
68,43,6,2.pdf,/Users/lyndon/All reviewers/-LET REVIEWER 2026/C. MAJOR SUBJECTS/G. T L E/A. Q&A Drills/2.pdf,A plumber wants to install a liquid seal to prevent sewer gasses from entering the building. What device is needed?,,,Union,,b. Trap,,Backflow preventer,,d. Pump,,,,C,Correct answer sourced from the trailing answer key: C.,LET Secondary,Technology and Livelihood Education,Industrial Arts,3,No,,0.96,Ready for Upload,LET Secondary TLE Q&A drill. Correct answer sourced from trailing answer key.
69,44,6,2.pdf,/Users/lyndon/All reviewers/-LET REVIEWER 2026/C. MAJOR SUBJECTS/G. T L E/A. Q&A Drills/2.pdf,A plumber wants to shut off the flow of water just 90 degrees turn. Which valve is appropriate?,,,Gate valve,,Globe valve,,Check valve,,Angle valve,,,,B,Correct answer sourced from the trailing answer key: B.,LET Secondary,Technology and Livelihood Education,Industrial Arts,3,No,,0.96,Ready for Upload,LET Secondary TLE Q&A drill. Correct answer sourced from trailing answer key.
70,45,6,2.pdf,/Users/lyndon/All reviewers/-LET REVIEWER 2026/C. MAJOR SUBJECTS/G. T L E/A. Q&A Drills/2.pdf,What do you call those flexible waterproof ribbon for covering threaded pipes joints to prevent leakage?,,,Rubber bond,,Masking tape,,Teflon tape,,Tape,,,,C,Correct answer sourced from the trailing answer key: C.,LET Secondary,Technology and Livelihood Education,TLE General,3,No,,0.96,Ready for Upload,LET Secondary TLE Q&A drill. Correct answer sourced from trailing answer key.
71,46,6,2.pdf,/Users/lyndon/All reviewers/-LET REVIEWER 2026/C. MAJOR SUBJECTS/G. T L E/A. Q&A Drills/2.pdf,"If the end of a PVC pipe is fitted with a male adopter, what fitting will be used to stop the flow of the water?",,,Elbow,,Coupling,,Cap,,Plug,,,,C,Correct answer sourced from the trailing answer key: C.,LET Secondary,Technology and Livelihood Education,TLE General,3,No,,0.96,Ready for Upload,LET Secondary TLE Q&A drill. Correct answer sourced from trailing answer key.
72,47,6,2.pdf,/Users/lyndon/All reviewers/-LET REVIEWER 2026/C. MAJOR SUBJECTS/G. T L E/A. Q&A Drills/2.pdf,How many PVC pipes can be installed in a 7.50 meter distance?,,,2 pcs.,,2.5 pcs.,,3 pcs.,,3.5 pcs.,,,,B,Correct answer sourced from the trailing answer key: B.,LET Secondary,Technology and Livelihood Education,TLE General,3,No,,0.96,Ready for Upload,LET Secondary TLE Q&A drill. Correct answer sourced from trailing answer key.
73,48,7,2.pdf,/Users/lyndon/All reviewers/-LET REVIEWER 2026/C. MAJOR SUBJECTS/G. T L E/A. Q&A Drills/2.pdf,"If the end of the PVC pipe is fitted with a female adopter, what fitting will be used to stop the flow of the water?",,,Elbow,,Coupling,,Cap,,Plug,,,,D,Correct answer sourced from the trailing answer key: D.,LET Secondary,Technology and Livelihood Education,TLE General,3,No,,0.96,Ready for Upload,LET Secondary TLE Q&A drill. Correct answer sourced from trailing answer key.
74,49,7,2.pdf,/Users/lyndon/All reviewers/-LET REVIEWER 2026/C. MAJOR SUBJECTS/G. T L E/A. Q&A Drills/2.pdf,A plumber wants to connect two length of pipes. Which fitting is necessary?,,,Coupling,,Elbow,,Tee,,Pipe wrench,,,,A,Correct answer sourced from the trailing answer key: A.,LET Secondary,Technology and Livelihood Education,Industrial Arts,3,No,,0.96,Ready for Upload,LET Secondary TLE Q&A drill. Correct answer sourced from trailing answer key.
75,50,7,2.pdf,/Users/lyndon/All reviewers/-LET REVIEWER 2026/C. MAJOR SUBJECTS/G. T L E/A. Q&A Drills/2.pdf,"If there is leaking in the water supply of lavatory, sink, and water closet, which valve are you going to shut off?",,,Gate valve,,Globe valve,,Check valve,,Angle valve,,,,D,Correct answer sourced from the trailing answer key: D.,LET Secondary,Technology and Livelihood Education,TLE General,3,No,,0.96,Ready for Upload,LET Secondary TLE Q&A drill. Correct answer sourced from trailing answer key.
76,51,7,2.pdf,/Users/lyndon/All reviewers/-LET REVIEWER 2026/C. MAJOR SUBJECTS/G. T L E/A. Q&A Drills/2.pdf,"If you install a soil pipe, what is the standard pitch or slope?",,,5%,,10%,,2%,,1%,,,,C,Correct answer sourced from the trailing answer key: C.,LET Secondary,Technology and Livelihood Education,Agriculture and Fishery Arts,3,No,,0.96,Ready for Upload,LET Secondary TLE Q&A drill. Correct answer sourced from trailing answer key.
77,52,7,2.pdf,/Users/lyndon/All reviewers/-LET REVIEWER 2026/C. MAJOR SUBJECTS/G. T L E/A. Q&A Drills/2.pdf,"If you put source of potable water, what is the minimum safe distance from the septic tank?",,,15 meters,,10 meters,,5 meters,,20 meters,,,,A,Correct answer sourced from the trailing answer key: A.,LET Secondary,Technology and Livelihood Education,TLE General,3,No,,0.96,Ready for Upload,LET Secondary TLE Q&A drill. Correct answer sourced from trailing answer key.
78,53,7,2.pdf,/Users/lyndon/All reviewers/-LET REVIEWER 2026/C. MAJOR SUBJECTS/G. T L E/A. Q&A Drills/2.pdf,"No cesspool, septic tank or drain fields shall be located within how many meter radius from the well?",,,15 meters,,10 meters,,50 meters,,45 meters,,,,D,Correct answer sourced from the trailing answer key: D.,LET Secondary,Technology and Livelihood Education,TLE General,3,No,,0.96,Ready for Upload,LET Secondary TLE Q&A drill. Correct answer sourced from trailing answer key.
79,54,7,2.pdf,/Users/lyndon/All reviewers/-LET REVIEWER 2026/C. MAJOR SUBJECTS/G. T L E/A. Q&A Drills/2.pdf,"If you plan to drill for a well that can supply water for public use, what is the minimum meter radius from a well to the residences?",,,150 meters,,100 meters,,50 meters,,200 meters,,,,B,Correct answer sourced from the trailing answer key: B.,LET Secondary,Technology and Livelihood Education,TLE General,3,No,,0.96,Ready for Upload,LET Secondary TLE Q&A drill. Correct answer sourced from trailing answer key.
80,55,7,2.pdf,/Users/lyndon/All reviewers/-LET REVIEWER 2026/C. MAJOR SUBJECTS/G. T L E/A. Q&A Drills/2.pdf,"Every trap for bath tubs, lavatories, sink, and other similar fixture shall be_________.",,,self-regulating,,tight,,fix,,self cleaning,,,,D,Correct answer sourced from the trailing answer key: D.,LET Secondary,Technology and Livelihood Education,TLE General,3,No,,0.96,Ready for Upload,LET Secondary TLE Q&A drill. Correct answer sourced from trailing answer key.
81,56,8,2.pdf,/Users/lyndon/All reviewers/-LET REVIEWER 2026/C. MAJOR SUBJECTS/G. T L E/A. Q&A Drills/2.pdf,There should be no concrete sanitary sewers existing within how many meter radius from the well?,,,15 meters,,10 meters,,50 meters,,45 meters,,,,A,Correct answer sourced from the trailing answer key: A.,LET Secondary,Technology and Livelihood Education,Industrial Arts,3,No,,0.96,Ready for Upload,LET Secondary TLE Q&A drill. Correct answer sourced from trailing answer key.
82,57,8,2.pdf,/Users/lyndon/All reviewers/-LET REVIEWER 2026/C. MAJOR SUBJECTS/G. T L E/A. Q&A Drills/2.pdf,The standard length of a PVC pipe is_________.,,,12 ft.,,2.0 m,,6.0 m,,10 ft.,,,,D,Correct answer sourced from the trailing answer key: D.,LET Secondary,Technology and Livelihood Education,TLE General,3,No,,0.96,Ready for Upload,LET Secondary TLE Q&A drill. Correct answer sourced from trailing answer key.
83,58,8,2.pdf,/Users/lyndon/All reviewers/-LET REVIEWER 2026/C. MAJOR SUBJECTS/G. T L E/A. Q&A Drills/2.pdf,"If you want to estimate the number of G.I. pipes needed from your house to the main supply, what is the standard length of a G.I. pipe that you are going to use?",,,20.0 m,,6 ft.,,3.0 m,,20 ft.,,,,B,Correct answer sourced from the trailing answer key: B.,LET Secondary,Technology and Livelihood Education,TLE General,3,No,,0.96,Ready for Upload,LET Secondary TLE Q&A drill. Correct answer sourced from trailing answer key.
84,59,8,2.pdf,/Users/lyndon/All reviewers/-LET REVIEWER 2026/C. MAJOR SUBJECTS/G. T L E/A. Q&A Drills/2.pdf,"If you want to estimate the number of PVC pipes needed from your house to the main supply, what is the standard length of a PVC pipe that you are going to use?",,,20.0 m,,6 ft.,,3.0 m,,20 ft.,,,,C,Correct answer sourced from the trailing answer key: C.,LET Secondary,Technology and Livelihood Education,TLE General,3,No,,0.96,Ready for Upload,LET Secondary TLE Q&A drill. Correct answer sourced from trailing answer key.
85,60,8,2.pdf,/Users/lyndon/All reviewers/-LET REVIEWER 2026/C. MAJOR SUBJECTS/G. T L E/A. Q&A Drills/2.pdf,"All plumbing fixtures must have P-trap, EXCEPT:",,,lavatory,,water closet,,sink,,bath tub,,,,A,Correct answer sourced from the trailing answer key: A.,LET Secondary,Technology and Livelihood Education,Industrial Arts,3,No,,0.96,Ready for Upload,LET Secondary TLE Q&A drill. Correct answer sourced from trailing answer key.
86,1,1,3.pdf,/Users/lyndon/All reviewers/-LET REVIEWER 2026/C. MAJOR SUBJECTS/G. T L E/A. Q&A Drills/3.pdf,Which is the kinetic energy of falling water?,,,thermo energy,,hydrogen energy,,solar energy,,mechanical energy,,,,B,Correct answer sourced from the trailing answer key: B.,LET Secondary,Technology and Livelihood Education,TLE General,3,No,,0.96,Ready for Upload,LET Secondary TLE Q&A drill. Correct answer sourced from trailing answer key.
87,2,1,3.pdf,/Users/lyndon/All reviewers/-LET REVIEWER 2026/C. MAJOR SUBJECTS/G. T L E/A. Q&A Drills/3.pdf,Which is a solar collector that is capable of producing voltage when exposed to radiant energy (sunlight)?,,,photoelectric,,Photovoltaic system,,Photoemission system,,Solar light,,,,B,Correct answer sourced from the trailing answer key: B.,LET Secondary,Technology and Livelihood Education,ICT and Electronics,3,No,,0.96,Ready for Upload,LET Secondary TLE Q&A drill. Correct answer sourced from trailing answer key.
88,3,1,3.pdf,/Users/lyndon/All reviewers/-LET REVIEWER 2026/C. MAJOR SUBJECTS/G. T L E/A. Q&A Drills/3.pdf,Energy derived or extracted from the internal heat of earth is called ______ energy.,,,volcanic,,geothermal,,thermal,,chemical,,,,B,Correct answer sourced from the trailing answer key: B.,LET Secondary,Technology and Livelihood Education,TLE General,3,No,,0.96,Ready for Upload,LET Secondary TLE Q&A drill. Correct answer sourced from trailing answer key.
89,4,1,3.pdf,/Users/lyndon/All reviewers/-LET REVIEWER 2026/C. MAJOR SUBJECTS/G. T L E/A. Q&A Drills/3.pdf,Which refers to the extraction of electrons form a substance by sunlight in incident electromagnetic radiation?,,,Photoelectric effect,,Photovoltaic effect,,Photoemission,,Electron microscopy,,,,A,Correct answer sourced from the trailing answer key: A.,LET Secondary,Technology and Livelihood Education,TLE General,3,No,,0.96,Ready for Upload,LET Secondary TLE Q&A drill. Correct answer sourced from trailing answer key.
90,5,1,3.pdf,/Users/lyndon/All reviewers/-LET REVIEWER 2026/C. MAJOR SUBJECTS/G. T L E/A. Q&A Drills/3.pdf,Which statement is true?,,,bigger size of wire has higher resistance,,bigger size of wire has lower resistance,,long wire has lesser resistance,,short wire has higher resistance,,,,B,Correct answer sourced from the trailing answer key: B.,LET Secondary,Technology and Livelihood Education,TLE General,3,No,,0.96,Ready for Upload,LET Secondary TLE Q&A drill. Correct answer sourced from trailing answer key.
91,6,1,3.pdf,/Users/lyndon/All reviewers/-LET REVIEWER 2026/C. MAJOR SUBJECTS/G. T L E/A. Q&A Drills/3.pdf,A small light bulb with a resistance of 1000 ohms is connected across a 120-v line. What is the current through the bulb?,,,1.2 A,,0.012 A,,0.12 A,,12 A,,,,C,Correct answer sourced from the trailing answer key: C.,LET Secondary,Technology and Livelihood Education,ICT and Electronics,3,No,,0.96,Ready for Upload,LET Secondary TLE Q&A drill. Correct answer sourced from trailing answer key.
92,7,1,3.pdf,/Users/lyndon/All reviewers/-LET REVIEWER 2026/C. MAJOR SUBJECTS/G. T L E/A. Q&A Drills/3.pdf,A 200.v lamp ha a resistance of 400 ohms. The power rating in watts of lamp is _____________ .,,,100w,,600w,,200w,,250w,,,,A,Correct answer sourced from the trailing answer key: A.,LET Secondary,Technology and Livelihood Education,ICT and Electronics,3,No,,0.96,Ready for Upload,LET Secondary TLE Q&A drill. Correct answer sourced from trailing answer key.
93,8,1,3.pdf,/Users/lyndon/All reviewers/-LET REVIEWER 2026/C. MAJOR SUBJECTS/G. T L E/A. Q&A Drills/3.pdf,"If 18 resistance, each of a value of 36 ohms, are connected in parallel, then the total resistance is _____ .",,,36 ohms,,2 ohms,,648 ohms,,54 ohms,,,,B,Correct answer sourced from the trailing answer key: B.,LET Secondary,Technology and Livelihood Education,ICT and Electronics,3,No,,0.96,Ready for Upload,LET Secondary TLE Q&A drill. Correct answer sourced from trailing answer key.
94,9,1,3.pdf,/Users/lyndon/All reviewers/-LET REVIEWER 2026/C. MAJOR SUBJECTS/G. T L E/A. Q&A Drills/3.pdf,A toaster takes 10A from a 120v line. The power used is ___ .,,,12.w,,130w,,1200w,,120w,,,,C,Correct answer sourced from the trailing answer key: C.,LET Secondary,Technology and Livelihood Education,TLE General,3,No,,0.96,Ready for Upload,LET Secondary TLE Q&A drill. Correct answer sourced from trailing answer key.
95,10,1,3.pdf,/Users/lyndon/All reviewers/-LET REVIEWER 2026/C. MAJOR SUBJECTS/G. T L E/A. Q&A Drills/3.pdf,"What is the of a 100w, 110v incandescent lamp?",,,121 ohms,,115 ohms,,125 ohms,,12.1 ohms,,,,A,Correct answer sourced from the trailing answer key: A.,LET Secondary,Technology and Livelihood Education,TLE General,3,No,,0.96,Ready for Upload,LET Secondary TLE Q&A drill. Correct answer sourced from trailing answer key.
96,11,1,3.pdf,/Users/lyndon/All reviewers/-LET REVIEWER 2026/C. MAJOR SUBJECTS/G. T L E/A. Q&A Drills/3.pdf,How many kilowatts is the water heater if it draws a current of 10 amperes and ha resistance of 23 ohms?,,,12 Kw,,2 300 Kw,,230 Kw,,2.3 Kw,,,,D,Correct answer sourced from the trailing answer key: D.,LET Secondary,Technology and Livelihood Education,ICT and Electronics,3,No,,0.96,Ready for Upload,LET Secondary TLE Q&A drill. Correct answer sourced from trailing answer key.
97,12,1,3.pdf,/Users/lyndon/All reviewers/-LET REVIEWER 2026/C. MAJOR SUBJECTS/G. T L E/A. Q&A Drills/3.pdf,The resistance of an electrical wire is inversely proportional to its ______.,,,length,,cross sectional area,,temperature,,material,,,,B,Correct answer sourced from the trailing answer key: B.,LET Secondary,Technology and Livelihood Education,TLE General,3,No,,0.96,Ready for Upload,LET Secondary TLE Q&A drill. Correct answer sourced from trailing answer key.
98,13,2,3.pdf,/Users/lyndon/All reviewers/-LET REVIEWER 2026/C. MAJOR SUBJECTS/G. T L E/A. Q&A Drills/3.pdf,A fluorescent lamp unit collected to a 110v AC line takes 1.2A and requires 110w power. What is its power factor?,,,0.9 Kw,,2 300 Kw,,230 Kw,,2.3 Kw,,,,B,Correct answer sourced from the trailing answer key: B.,LET Secondary,Technology and Livelihood Education,TLE General,3,No,,0.96,Ready for Upload,LET Secondary TLE Q&A drill. Correct answer sourced from trailing answer key.
99,14,2,3.pdf,/Users/lyndon/All reviewers/-LET REVIEWER 2026/C. MAJOR SUBJECTS/G. T L E/A. Q&A Drills/3.pdf,An electric heater uses 20kw-hr 8 hours. If the voltage across the heater is 240 volts. What is the heater resistance?,,,2.5 ohms,,83.3 ohms,,23.04 ohms,,2.30 ohms,,,,C,Correct answer sourced from the trailing answer key: C.,LET Secondary,Technology and Livelihood Education,ICT and Electronics,3,No,,0.96,Ready for Upload,LET Secondary TLE Q&A drill. Correct answer sourced from trailing answer key.
100,15,2,3.pdf,/Users/lyndon/All reviewers/-LET REVIEWER 2026/C. MAJOR SUBJECTS/G. T L E/A. Q&A Drills/3.pdf,The resistance of a 230v incandescent lamp is 300 ohms. What current is required to operate the lamp?,,,0.85 A,,0.77 A,,1.30 A,,7.74 A,,,,B,Correct answer sourced from the trailing answer key: B.,LET Secondary,Technology and Livelihood Education,ICT and Electronics,3,No,,0.96,Ready for Upload,LET Secondary TLE Q&A drill. Correct answer sourced from trailing answer key.
101,16,2,3.pdf,/Users/lyndon/All reviewers/-LET REVIEWER 2026/C. MAJOR SUBJECTS/G. T L E/A. Q&A Drills/3.pdf,A group of lamps operates a current of 12 A and a voltage of 120v. What is the total power of the lamps?,,,1.44kw,,1.20kw,,1.34 kw,,14.4kw,,,,A,Correct answer sourced from the trailing answer key: A.,LET Secondary,Technology and Livelihood Education,ICT and Electronics,3,No,,0.96,Ready for Upload,LET Secondary TLE Q&A drill. Correct answer sourced from trailing answer key.
102,17,2,3.pdf,/Users/lyndon/All reviewers/-LET REVIEWER 2026/C. MAJOR SUBJECTS/G. T L E/A. Q&A Drills/3.pdf,What is the maximum load capacity of 15 A circuit breaker protecting a branch circuits that supplies a continuous load?,,,15 A,,10 A,,12 A,,14 A,,,,C,Correct answer sourced from the trailing answer key: C.,LET Secondary,Technology and Livelihood Education,ICT and Electronics,3,No,,0.96,Ready for Upload,LET Secondary TLE Q&A drill. Correct answer sourced from trailing answer key.
103,18,2,3.pdf,/Users/lyndon/All reviewers/-LET REVIEWER 2026/C. MAJOR SUBJECTS/G. T L E/A. Q&A Drills/3.pdf,What is the horsepower rating of an electric water pump if it has a power rating of 1.75 kw?,,,2 hp B.2.3 Hp,,,,2.5 Hp,,23Hp,,,,B,Correct answer sourced from the trailing answer key: B.,LET Secondary,Technology and Livelihood Education,TLE General,3,No,,0.96,Incomplete,LET Secondary TLE Q&A drill. Correct answer sourced from trailing answer key.
104,19,2,3.pdf,/Users/lyndon/All reviewers/-LET REVIEWER 2026/C. MAJOR SUBJECTS/G. T L E/A. Q&A Drills/3.pdf,How many kilowatts does a certain appliance consumes for 5 hrs. of use if it has a power rating of 1.5Hp,,,56. Kw,,7.5 Kw,,5.6 Kw,,754 hp,,,,C,Correct answer sourced from the trailing answer key: C.,LET Secondary,Technology and Livelihood Education,TLE General,3,No,,0.96,Ready for Upload,LET Secondary TLE Q&A drill. Correct answer sourced from trailing answer key.
105,20,2,3.pdf,/Users/lyndon/All reviewers/-LET REVIEWER 2026/C. MAJOR SUBJECTS/G. T L E/A. Q&A Drills/3.pdf,A cell supplies a load current 0.5A for a period 20 hours until its terminal voltage falls to an unacceptable level. How long can it be expected to supply a current of 100mA?,,,50 hours,,100 hours,,60 hours,,70 hours,,,,B,Correct answer sourced from the trailing answer key: B.,LET Secondary,Technology and Livelihood Education,ICT and Electronics,3,No,,0.96,Ready for Upload,LET Secondary TLE Q&A drill. Correct answer sourced from trailing answer key.
106,21,2,3.pdf,/Users/lyndon/All reviewers/-LET REVIEWER 2026/C. MAJOR SUBJECTS/G. T L E/A. Q&A Drills/3.pdf,"A battery is rated 200 Ah. If it used to supply a constant current of 8A, how long can the battery last until I become unusable?",,,20 hours,,25 hours,,15 hours,,2.5 hours,,,,B,Correct answer sourced from the trailing answer key: B.,LET Secondary,Technology and Livelihood Education,ICT and Electronics,3,No,,0.96,Ready for Upload,LET Secondary TLE Q&A drill. Correct answer sourced from trailing answer key.
107,22,2,3.pdf,/Users/lyndon/All reviewers/-LET REVIEWER 2026/C. MAJOR SUBJECTS/G. T L E/A. Q&A Drills/3.pdf,The resistance of 500 meters of a certain wire is 125 ohms. What length of the same wire will have a resistance of 60ohms?,,,24 meters,,255 meters,,240 meters,,235 metes,,,,C,Correct answer sourced from the trailing answer key: C.,LET Secondary,Technology and Livelihood Education,ICT and Electronics,3,No,,0.96,Ready for Upload,LET Secondary TLE Q&A drill. Correct answer sourced from trailing answer key.
108,23,2,3.pdf,/Users/lyndon/All reviewers/-LET REVIEWER 2026/C. MAJOR SUBJECTS/G. T L E/A. Q&A Drills/3.pdf,"If three equal resistance are connected in parallel, the equivalent resisitance of the circuit will be ____ the value one resistor.",,,three times,,half,,one-third,,the same,,,,C,Correct answer sourced from the trailing answer key: C.,LET Secondary,Technology and Livelihood Education,ICT and Electronics,3,No,,0.96,Ready for Upload,LET Secondary TLE Q&A drill. Correct answer sourced from trailing answer key.
109,24,3,3.pdf,/Users/lyndon/All reviewers/-LET REVIEWER 2026/C. MAJOR SUBJECTS/G. T L E/A. Q&A Drills/3.pdf,"Find the cost of using a 100w , 220 V lamp for 20 hours at Php 3.00 per kW hr.",,,php 6.00,,php. 9.00,,php. 10.00,,php 60. 00,,,,A,Correct answer sourced from the trailing answer key: A.,LET Secondary,Technology and Livelihood Education,TLE General,3,No,,0.96,Ready for Upload,LET Secondary TLE Q&A drill. Correct answer sourced from trailing answer key.
110,25,3,3.pdf,/Users/lyndon/All reviewers/-LET REVIEWER 2026/C. MAJOR SUBJECTS/G. T L E/A. Q&A Drills/3.pdf,Which box with a blank cover is inserted in one more runs in one or more runs of raceway to facilitate pulling of the conductors?,,,Blank box,,junction box,,terminal box,,pull box,,,,D,Correct answer sourced from the trailing answer key: D.,LET Secondary,Technology and Livelihood Education,TLE General,3,No,,0.96,Ready for Upload,LET Secondary TLE Q&A drill. Correct answer sourced from trailing answer key.
111,26,3,3.pdf,/Users/lyndon/All reviewers/-LET REVIEWER 2026/C. MAJOR SUBJECTS/G. T L E/A. Q&A Drills/3.pdf,Which box with a blank cover for joining runs of conduits and providing space for connection and branching of enclosed conductors?,,,Blank box,,Junction box,,Terminal box,,Pull box,,,,B,Correct answer sourced from the trailing answer key: B.,LET Secondary,Technology and Livelihood Education,TLE General,3,No,,0.96,Ready for Upload,LET Secondary TLE Q&A drill. Correct answer sourced from trailing answer key.
112,27,3,3.pdf,/Users/lyndon/All reviewers/-LET REVIEWER 2026/C. MAJOR SUBJECTS/G. T L E/A. Q&A Drills/3.pdf,"The minimum sized of wire used in electrical wiring is the no. 14 AWG. Under the SI standard, what is the diameter of this wire?",,,1.2 mm,,1.6mm,,1.5mm,,2.0mm,,,,B,Correct answer sourced from the trailing answer key: B.,LET Secondary,Technology and Livelihood Education,TLE General,3,No,,0.96,Ready for Upload,LET Secondary TLE Q&A drill. Correct answer sourced from trailing answer key.
113,28,3,3.pdf,/Users/lyndon/All reviewers/-LET REVIEWER 2026/C. MAJOR SUBJECTS/G. T L E/A. Q&A Drills/3.pdf,A thin walled steel raceway of circular form with a corrosion-resistant coating for protection of wires or cables is ____ .,,,rigid metal conduit,,flexible metal pipe,,metal moulding,,electrical metallic Tubing,,,,D,Correct answer sourced from the trailing answer key: D.,LET Secondary,Technology and Livelihood Education,TLE General,3,No,,0.96,Ready for Upload,LET Secondary TLE Q&A drill. Correct answer sourced from trailing answer key.
114,29,3,3.pdf,/Users/lyndon/All reviewers/-LET REVIEWER 2026/C. MAJOR SUBJECTS/G. T L E/A. Q&A Drills/3.pdf,Armored cable is commercially known as ________ .,,,Bx cable,,flat cable,,metallic cable,,duplex,,,,A,Correct answer sourced from the trailing answer key: A.,LET Secondary,Technology and Livelihood Education,TLE General,3,No,,0.96,Ready for Upload,LET Secondary TLE Q&A drill. Correct answer sourced from trailing answer key.
115,30,3,3.pdf,/Users/lyndon/All reviewers/-LET REVIEWER 2026/C. MAJOR SUBJECTS/G. T L E/A. Q&A Drills/3.pdf,Which type of cable is fabricated assembly of insulated conductors enclosed in a flexible metal shealth?,,,Underground cable,,Armored cable,,Flat cable,,Flexible cable,,,,B,Correct answer sourced from the trailing answer key: B.,LET Secondary,Technology and Livelihood Education,TLE General,3,No,,0.96,Ready for Upload,LET Secondary TLE Q&A drill. Correct answer sourced from trailing answer key.
116,31,3,3.pdf,/Users/lyndon/All reviewers/-LET REVIEWER 2026/C. MAJOR SUBJECTS/G. T L E/A. Q&A Drills/3.pdf,Flat cable assembly shaller be installed for _________________ . I. concealed work only II. exposed work only,,,I only,,II only,,I and II,,Cannot be determined,,,,B,Correct answer sourced from the trailing answer key: B.,LET Secondary,Technology and Livelihood Education,TLE General,3,No,,0.96,Ready for Upload,LET Secondary TLE Q&A drill. Correct answer sourced from trailing answer key.
117,32,3,3.pdf,/Users/lyndon/All reviewers/-LET REVIEWER 2026/C. MAJOR SUBJECTS/G. T L E/A. Q&A Drills/3.pdf,"An assembly of two pieces of material provided with grooves for holding one or more conducts at a definite spacing from the surface wired over and from each other, and with holes for fastening in position is called _______ .",,,split knob,,cleat,,spool insulator,,strain insulator,,,,B,Correct answer sourced from the trailing answer key: B.,LET Secondary,Technology and Livelihood Education,TLE General,3,No,,0.96,Ready for Upload,LET Secondary TLE Q&A drill. Correct answer sourced from trailing answer key.
118,33,3,3.pdf,/Users/lyndon/All reviewers/-LET REVIEWER 2026/C. MAJOR SUBJECTS/G. T L E/A. Q&A Drills/3.pdf,"Which is a wiring method that uses knobs , tubes and flexible non-metalic tubing for the protection and support of single insulated conductors concealed in hollow spaces of walls ceilings of buildings?",,,knob and tube wiring,,Open wiring on insulators,,Concealed knob and tubes,,Open wiring with knob and tubes,,,,C,Correct answer sourced from the trailing answer key: C.,LET Secondary,Technology and Livelihood Education,TLE General,3,No,,0.96,Ready for Upload,LET Secondary TLE Q&A drill. Correct answer sourced from trailing answer key.
119,34,4,3.pdf,/Users/lyndon/All reviewers/-LET REVIEWER 2026/C. MAJOR SUBJECTS/G. T L E/A. Q&A Drills/3.pdf,Which terms refers so that switch or outlet body that is embedded or hidden in the wall?,,,Surface type,,Flush type,,Concealed type,,Open type,,,,C,Correct answer sourced from the trailing answer key: C.,LET Secondary,Technology and Livelihood Education,TLE General,3,No,,0.96,Ready for Upload,LET Secondary TLE Q&A drill. Correct answer sourced from trailing answer key.
120,35,4,3.pdf,/Users/lyndon/All reviewers/-LET REVIEWER 2026/C. MAJOR SUBJECTS/G. T L E/A. Q&A Drills/3.pdf,The use of surface non-raceway is not permitted in all the following EXCEPT one. Which is the exception?,,,Dry locations,,Where subject to severe physical damage,,Where voltage is over 300v,,Where concealed,,,,A,Correct answer sourced from the trailing answer key: A.,LET Secondary,Technology and Livelihood Education,TLE General,3,No,,0.96,Ready for Upload,LET Secondary TLE Q&A drill. Correct answer sourced from trailing answer key.
121,36,4,3.pdf,/Users/lyndon/All reviewers/-LET REVIEWER 2026/C. MAJOR SUBJECTS/G. T L E/A. Q&A Drills/3.pdf,"When the entire switch or outlet body is visible and extends beyond the wall surface, the device is said to be _________ .",,,wall type,,surface type,,flush type,,open type,,,,B,Correct answer sourced from the trailing answer key: B.,LET Secondary,Technology and Livelihood Education,TLE General,3,No,,0.96,Ready for Upload,LET Secondary TLE Q&A drill. Correct answer sourced from trailing answer key.
122,37,4,3.pdf,/Users/lyndon/All reviewers/-LET REVIEWER 2026/C. MAJOR SUBJECTS/G. T L E/A. Q&A Drills/3.pdf,What device automatically breaks the circuit the moment an overload or short circuit occurs?,,,Breaker switch,,Overload,,circuit breaker,,main switch,,,,A,Correct answer sourced from the trailing answer key: A.,LET Secondary,Technology and Livelihood Education,ICT and Electronics,3,No,,0.96,Ready for Upload,LET Secondary TLE Q&A drill. Correct answer sourced from trailing answer key.
123,38,4,3.pdf,/Users/lyndon/All reviewers/-LET REVIEWER 2026/C. MAJOR SUBJECTS/G. T L E/A. Q&A Drills/3.pdf,Which term is used when two conductors are imbedded in one solid mass of rubber insulation?,,,two in one,,Duplex,,Stranded,,Duplex,,,,D,Correct answer sourced from the trailing answer key: D.,LET Secondary,Technology and Livelihood Education,TLE General,3,No,,0.96,Ready for Upload,LET Secondary TLE Q&A drill. Correct answer sourced from trailing answer key.
124,39,4,3.pdf,/Users/lyndon/All reviewers/-LET REVIEWER 2026/C. MAJOR SUBJECTS/G. T L E/A. Q&A Drills/3.pdf,What type of sockets is used for outdoor or wet location wiring installation?,,,Water proof socket,,special purpose,,weatherproof socket,,Outdoor socket,,,,C,Correct answer sourced from the trailing answer key: C.,LET Secondary,Technology and Livelihood Education,TLE General,3,No,,0.96,Ready for Upload,LET Secondary TLE Q&A drill. Correct answer sourced from trailing answer key.
125,40,4,3.pdf,/Users/lyndon/All reviewers/-LET REVIEWER 2026/C. MAJOR SUBJECTS/G. T L E/A. Q&A Drills/3.pdf,What is the smaller size of wire permitted by the code to be used in wiring installation?,,,2.0mm,,3.5mm,,2.0mm,,1.25mm,,,,A,Correct answer sourced from the trailing answer key: A.,LET Secondary,Technology and Livelihood Education,TLE General,3,No,,0.96,Ready for Upload,LET Secondary TLE Q&A drill. Correct answer sourced from trailing answer key.
126,41,4,3.pdf,/Users/lyndon/All reviewers/-LET REVIEWER 2026/C. MAJOR SUBJECTS/G. T L E/A. Q&A Drills/3.pdf,Which of the following uses is permitted by the code to be used for surface non-metallic raceway?,,,Dry location,,Where concealed,,Where subject to physical damage,,Where voltage is over 300v,,,,A,Correct answer sourced from the trailing answer key: A.,LET Secondary,Technology and Livelihood Education,TLE General,3,No,,0.96,Ready for Upload,LET Secondary TLE Q&A drill. Correct answer sourced from trailing answer key.
127,42,4,3.pdf,/Users/lyndon/All reviewers/-LET REVIEWER 2026/C. MAJOR SUBJECTS/G. T L E/A. Q&A Drills/3.pdf,Service entrance using copper conductors shall have sufficient capacity and shall not be smaller than ________.,,,5.5mm,,3.5mm,,14mm,,8.0mm,,,,D,Correct answer sourced from the trailing answer key: D.,LET Secondary,Technology and Livelihood Education,TLE General,3,No,,0.96,Ready for Upload,LET Secondary TLE Q&A drill. Correct answer sourced from trailing answer key.
128,43,4,3.pdf,/Users/lyndon/All reviewers/-LET REVIEWER 2026/C. MAJOR SUBJECTS/G. T L E/A. Q&A Drills/3.pdf,"If two identical lamps give normal light when connected in parallel in 230v line are reconnected in series in the same, the bulb will ______________.",,,give more light,,not light,,give less light,,blows out,,,,C,Correct answer sourced from the trailing answer key: C.,LET Secondary,Technology and Livelihood Education,TLE General,3,No,,0.96,Ready for Upload,LET Secondary TLE Q&A drill. Correct answer sourced from trailing answer key.
129,44,4,3.pdf,/Users/lyndon/All reviewers/-LET REVIEWER 2026/C. MAJOR SUBJECTS/G. T L E/A. Q&A Drills/3.pdf,"When flexible metal conduit is installed as a fixed raceway, it shall be secured within _______ on each side of every outlet box.",,,250mm,,300mm,,100mm,,150mm,,,,B,Correct answer sourced from the trailing answer key: B.,LET Secondary,Technology and Livelihood Education,TLE General,3,No,,0.96,Ready for Upload,LET Secondary TLE Q&A drill. Correct answer sourced from trailing answer key.
130,45,5,3.pdf,/Users/lyndon/All reviewers/-LET REVIEWER 2026/C. MAJOR SUBJECTS/G. T L E/A. Q&A Drills/3.pdf,A short circuit can be detected by using_________ .,,,an ohmmeter,,a meggar,,an oscillscope,,an ammeter,,,,A,Correct answer sourced from the trailing answer key: A.,LET Secondary,Technology and Livelihood Education,ICT and Electronics,3,No,,0.96,Ready for Upload,LET Secondary TLE Q&A drill. Correct answer sourced from trailing answer key.
131,46,5,3.pdf,/Users/lyndon/All reviewers/-LET REVIEWER 2026/C. MAJOR SUBJECTS/G. T L E/A. Q&A Drills/3.pdf,The electrical plants for residential house include the following items EXCEPT one. Which one is this?,,,substation plan,,location plan,,floor plan showing location service,,Layout of wiring plan for general lightning and receptacles outlets,,,,A,Correct answer sourced from the trailing answer key: A.,LET Secondary,Technology and Livelihood Education,TLE General,3,No,,0.96,Ready for Upload,LET Secondary TLE Q&A drill. Correct answer sourced from trailing answer key.
132,47,5,3.pdf,/Users/lyndon/All reviewers/-LET REVIEWER 2026/C. MAJOR SUBJECTS/G. T L E/A. Q&A Drills/3.pdf,"If installed in raceway, conductors of size _____ and larger shall be stranded.",,,5.5mm,,8.0mm,,14mm,,3.5mm,,,,B,Correct answer sourced from the trailing answer key: B.,LET Secondary,Technology and Livelihood Education,TLE General,3,No,,0.96,Ready for Upload,LET Secondary TLE Q&A drill. Correct answer sourced from trailing answer key.
133,48,5,3.pdf,/Users/lyndon/All reviewers/-LET REVIEWER 2026/C. MAJOR SUBJECTS/G. T L E/A. Q&A Drills/3.pdf,"At least _______of free conductor shall be left each outlet, junction and switch for splices or connection of fixtures o devices.",,,250mm,,175mm,,150mm,,300mm,,,,C,Correct answer sourced from the trailing answer key: C.,LET Secondary,Technology and Livelihood Education,TLE General,3,No,,0.96,Ready for Upload,LET Secondary TLE Q&A drill. Correct answer sourced from trailing answer key.
134,49,5,3.pdf,/Users/lyndon/All reviewers/-LET REVIEWER 2026/C. MAJOR SUBJECTS/G. T L E/A. Q&A Drills/3.pdf,"A certain residential house has lightning load of 1.1 kVA and a appliance load of 10a at 220v single phase, two wires 60hz. The branch circuit fuse protection for lightning and appliances loads are ______ and_______, respective ly",,,20A and 60A,,20 and 30,,15A and 30A,,15A and 20A,,,,D,Correct answer sourced from the trailing answer key: D.,LET Secondary,Technology and Livelihood Education,ICT and Electronics,3,No,,0.96,Ready for Upload,LET Secondary TLE Q&A drill. Correct answer sourced from trailing answer key.
135,50,5,3.pdf,/Users/lyndon/All reviewers/-LET REVIEWER 2026/C. MAJOR SUBJECTS/G. T L E/A. Q&A Drills/3.pdf,Live vegetation or trees _________ used for support of overhead conductors spans.,,,shall be,,should be,,shall not be,,should not be,,,,C,Correct answer sourced from the trailing answer key: C.,LET Secondary,Technology and Livelihood Education,TLE General,3,No,,0.96,Ready for Upload,LET Secondary TLE Q&A drill. Correct answer sourced from trailing answer key.
136,51,5,3.pdf,/Users/lyndon/All reviewers/-LET REVIEWER 2026/C. MAJOR SUBJECTS/G. T L E/A. Q&A Drills/3.pdf,Light fixtures suspended from the ceiling by chains should wire so that the wires ______________ .,,,will be grounded,,will not touch the chains,,will support the fixture,,will not support fixture,,,,D,Correct answer sourced from the trailing answer key: D.,LET Secondary,Technology and Livelihood Education,TLE General,3,No,,0.96,Ready for Upload,LET Secondary TLE Q&A drill. Correct answer sourced from trailing answer key.
137,52,5,3.pdf,/Users/lyndon/All reviewers/-LET REVIEWER 2026/C. MAJOR SUBJECTS/G. T L E/A. Q&A Drills/3.pdf,In rigid metal conduit wiring conduit of 15-20 mm diameter shall be supported at least every _________.,,,2 500mm,,3 500mm,,1 800mm,,3 000mm,,,,D,Correct answer sourced from the trailing answer key: D.,LET Secondary,Technology and Livelihood Education,TLE General,3,No,,0.96,Ready for Upload,LET Secondary TLE Q&A drill. Correct answer sourced from trailing answer key.
138,53,5,3.pdf,/Users/lyndon/All reviewers/-LET REVIEWER 2026/C. MAJOR SUBJECTS/G. T L E/A. Q&A Drills/3.pdf,Why do conductors need additional wiring insulators?,,,electrical wiring needs to be protected from mechanical harm,,wires are connected by joints therefore needs reinsulations,,wire touches wood surface therefore need protection,,wires skin is weak,,,,A,Correct answer sourced from the trailing answer key: A.,LET Secondary,Technology and Livelihood Education,TLE General,3,No,,0.96,Ready for Upload,LET Secondary TLE Q&A drill. Correct answer sourced from trailing answer key.
139,54,5,3.pdf,/Users/lyndon/All reviewers/-LET REVIEWER 2026/C. MAJOR SUBJECTS/G. T L E/A. Q&A Drills/3.pdf,What is the total number of mechanical degrees that electrical pipe run maybe bent between pull points?,,,360 degrees,,180 degrees,,120 degrees,,270 degrees,,,,A,Correct answer sourced from the trailing answer key: A.,LET Secondary,Technology and Livelihood Education,TLE General,3,No,,0.96,Ready for Upload,LET Secondary TLE Q&A drill. Correct answer sourced from trailing answer key.
140,55,5,3.pdf,/Users/lyndon/All reviewers/-LET REVIEWER 2026/C. MAJOR SUBJECTS/G. T L E/A. Q&A Drills/3.pdf,Rigid non-metallic conduit shall be supported within ______ of each box cabinet or other termination.,,,600mm,,800mm,,900mm,,760mm,,,,C,Correct answer sourced from the trailing answer key: C.,LET Secondary,Technology and Livelihood Education,TLE General,3,No,,0.96,Ready for Upload,LET Secondary TLE Q&A drill. Correct answer sourced from trailing answer key.
141,56,6,3.pdf,/Users/lyndon/All reviewers/-LET REVIEWER 2026/C. MAJOR SUBJECTS/G. T L E/A. Q&A Drills/3.pdf,Electrical metallic tubing smaller than ___ electrical trade size shall NOT be used.,,,12mm,,10mm,,15mm,,20mm,,,,C,Correct answer sourced from the trailing answer key: C.,LET Secondary,Technology and Livelihood Education,TLE General,3,No,,0.96,Ready for Upload,LET Secondary TLE Q&A drill. Correct answer sourced from trailing answer key.
142,57,6,3.pdf,/Users/lyndon/All reviewers/-LET REVIEWER 2026/C. MAJOR SUBJECTS/G. T L E/A. Q&A Drills/3.pdf,"Type AC cable shall be secured by approved staples, straps, hanger or similar fitting at intervals NOT exceeding ________ .",,,1 250mm,,1 300mm,,1 500mm,,1 000mm,,,,B,Correct answer sourced from the trailing answer key: B.,LET Secondary,Technology and Livelihood Education,TLE General,3,No,,0.96,Ready for Upload,LET Secondary TLE Q&A drill. Correct answer sourced from trailing answer key.
143,58,6,3.pdf,/Users/lyndon/All reviewers/-LET REVIEWER 2026/C. MAJOR SUBJECTS/G. T L E/A. Q&A Drills/3.pdf,In concealed knob and tubewiring the clearance to be maintainde between conductors is _______ .,,,65mm B . 45mm,,,,76mm,,50mm,,,,C,Correct answer sourced from the trailing answer key: C.,LET Secondary,Technology and Livelihood Education,TLE General,3,No,,0.96,Incomplete,LET Secondary TLE Q&A drill. Correct answer sourced from trailing answer key.
144,59,6,3.pdf,/Users/lyndon/All reviewers/-LET REVIEWER 2026/C. MAJOR SUBJECTS/G. T L E/A. Q&A Drills/3.pdf,"Three bulbs are connected in parallel and controlled by a single switch. If one of the three 3 bulbs is busted, what will happen to the remaining bulbs.",,,Will not lit,,Its brightness is reduced,,its brightness increases,,its birghtness is maintiained.,,,,D,Correct answer sourced from the trailing answer key: D.,LET Secondary,Technology and Livelihood Education,TLE General,3,No,,0.96,Ready for Upload,LET Secondary TLE Q&A drill. Correct answer sourced from trailing answer key.
145,60,6,3.pdf,/Users/lyndon/All reviewers/-LET REVIEWER 2026/C. MAJOR SUBJECTS/G. T L E/A. Q&A Drills/3.pdf,Which is a synchronous alternating- current machine that changes mechanical power into electrical power?,,,dynamo,,Motor,,Alternator,,Lathe machine,,,,C,Correct answer sourced from the trailing answer key: C.,LET Secondary,Technology and Livelihood Education,ICT and Electronics,3,No,,0.96,Ready for Upload,LET Secondary TLE Q&A drill. Correct answer sourced from trailing answer key.
146,61,6,3.pdf,/Users/lyndon/All reviewers/-LET REVIEWER 2026/C. MAJOR SUBJECTS/G. T L E/A. Q&A Drills/3.pdf,The word electron was derived from the Greek word electron which means ________.,,,to rub,,to rub,,amber,,friction,,,,B,Correct answer sourced from the trailing answer key: B.,LET Secondary,Technology and Livelihood Education,TLE General,3,No,,0.96,Ready for Upload,LET Secondary TLE Q&A drill. Correct answer sourced from trailing answer key.
147,62,6,3.pdf,/Users/lyndon/All reviewers/-LET REVIEWER 2026/C. MAJOR SUBJECTS/G. T L E/A. Q&A Drills/3.pdf,The peak to peak voltage in a 117 Vac outlet is _______.,,,620 V,,165.5V,,331V,,220V,,,,D,Correct answer sourced from the trailing answer key: D.,LET Secondary,Technology and Livelihood Education,ICT and Electronics,3,No,,0.96,Ready for Upload,LET Secondary TLE Q&A drill. Correct answer sourced from trailing answer key.
148,63,6,3.pdf,/Users/lyndon/All reviewers/-LET REVIEWER 2026/C. MAJOR SUBJECTS/G. T L E/A. Q&A Drills/3.pdf,Which is a type of modulation where the amplitude of the carriers is change in accordance with demodulating signal?,,,FM,,PDM,,"A,",,PCM,,,,C,Correct answer sourced from the trailing answer key: C.,LET Secondary,Technology and Livelihood Education,TLE General,3,No,,0.96,Ready for Upload,LET Secondary TLE Q&A drill. Correct answer sourced from trailing answer key.
149,64,6,3.pdf,/Users/lyndon/All reviewers/-LET REVIEWER 2026/C. MAJOR SUBJECTS/G. T L E/A. Q&A Drills/3.pdf,The actual flow of current is form ______ .,,,negative to positive,,positive to negative,,positive to positive,,negative to negative,,,,A,Correct answer sourced from the trailing answer key: A.,LET Secondary,Technology and Livelihood Education,ICT and Electronics,3,No,,0.96,Ready for Upload,LET Secondary TLE Q&A drill. Correct answer sourced from trailing answer key.
150,65,6,3.pdf,/Users/lyndon/All reviewers/-LET REVIEWER 2026/C. MAJOR SUBJECTS/G. T L E/A. Q&A Drills/3.pdf,The rate of doing work is called ________ .,,,energy,,power,,voltage,,resistance,,,,D,Correct answer sourced from the trailing answer key: D.,LET Secondary,Technology and Livelihood Education,TLE General,3,No,,0.96,Ready for Upload,LET Secondary TLE Q&A drill. Correct answer sourced from trailing answer key.
151,66,6,3.pdf,/Users/lyndon/All reviewers/-LET REVIEWER 2026/C. MAJOR SUBJECTS/G. T L E/A. Q&A Drills/3.pdf,MilliHenry is equal to _______.,,,10th Henry,,100th Hnery,,1000th Henry,,1000000th Henry,,,,C,Correct answer sourced from the trailing answer key: C.,LET Secondary,Technology and Livelihood Education,TLE General,3,No,,0.96,Ready for Upload,LET Secondary TLE Q&A drill. Correct answer sourced from trailing answer key.
152,67,6,3.pdf,/Users/lyndon/All reviewers/-LET REVIEWER 2026/C. MAJOR SUBJECTS/G. T L E/A. Q&A Drills/3.pdf,An inductor opposes any changes in ______________ .,,,voltage,,current,,frequency,,modulation,,,,B,Correct answer sourced from the trailing answer key: B.,LET Secondary,Technology and Livelihood Education,TLE General,3,No,,0.96,Ready for Upload,LET Secondary TLE Q&A drill. Correct answer sourced from trailing answer key.
153,68,7,3.pdf,/Users/lyndon/All reviewers/-LET REVIEWER 2026/C. MAJOR SUBJECTS/G. T L E/A. Q&A Drills/3.pdf,A circuit having two or more current paths is _____________ connection.,,,parallel,,series,,series-parallel,,cannot be determined,,,,A,Correct answer sourced from the trailing answer key: A.,LET Secondary,Technology and Livelihood Education,ICT and Electronics,3,No,,0.96,Ready for Upload,LET Secondary TLE Q&A drill. Correct answer sourced from trailing answer key.
154,69,7,3.pdf,/Users/lyndon/All reviewers/-LET REVIEWER 2026/C. MAJOR SUBJECTS/G. T L E/A. Q&A Drills/3.pdf,Which is an electrical unit of measuring a power?,,,ohms,,non linear,,potentiometer,,resisitance,,,,C,Correct answer sourced from the trailing answer key: C.,LET Secondary,Technology and Livelihood Education,TLE General,3,No,,0.96,Ready for Upload,LET Secondary TLE Q&A drill. Correct answer sourced from trailing answer key.
155,70,7,3.pdf,/Users/lyndon/All reviewers/-LET REVIEWER 2026/C. MAJOR SUBJECTS/G. T L E/A. Q&A Drills/3.pdf,Which is an electric device that is used to limit or oppose the flow of currrent in a circuit?,,,linear,,non linear,,potentiometer,,resistance,,,,A,Correct answer sourced from the trailing answer key: A.,LET Secondary,Technology and Livelihood Education,ICT and Electronics,3,No,,0.96,Ready for Upload,LET Secondary TLE Q&A drill. Correct answer sourced from trailing answer key.
156,71,7,3.pdf,/Users/lyndon/All reviewers/-LET REVIEWER 2026/C. MAJOR SUBJECTS/G. T L E/A. Q&A Drills/3.pdf,Which is an electronic device that is used to limit or oppose the flow of current in a circuit?,,,capacitor,,resistor,,diode,,inductor,,,,B,Correct answer sourced from the trailing answer key: B.,LET Secondary,Technology and Livelihood Education,ICT and Electronics,3,No,,0.96,Ready for Upload,LET Secondary TLE Q&A drill. Correct answer sourced from trailing answer key.
157,72,7,3.pdf,/Users/lyndon/All reviewers/-LET REVIEWER 2026/C. MAJOR SUBJECTS/G. T L E/A. Q&A Drills/3.pdf,An instrument that is used to measure the amount of resistance in a circuit is called _______ .,,,DC voltmeter,,ohmmeter,,AC volmeter,,ammeter,,,,B,Correct answer sourced from the trailing answer key: B.,LET Secondary,Technology and Livelihood Education,ICT and Electronics,3,No,,0.96,Ready for Upload,LET Secondary TLE Q&A drill. Correct answer sourced from trailing answer key.
158,73,7,3.pdf,/Users/lyndon/All reviewers/-LET REVIEWER 2026/C. MAJOR SUBJECTS/G. T L E/A. Q&A Drills/3.pdf,Solder is a mixture of _______ .,,,tin lead,,zinc and lead,,zinc and tin,,copper and lead,,,,A,Correct answer sourced from the trailing answer key: A.,LET Secondary,Technology and Livelihood Education,TLE General,3,No,,0.96,Ready for Upload,LET Secondary TLE Q&A drill. Correct answer sourced from trailing answer key.
159,74,7,3.pdf,/Users/lyndon/All reviewers/-LET REVIEWER 2026/C. MAJOR SUBJECTS/G. T L E/A. Q&A Drills/3.pdf,The commonly used soldering lead is ________ .,,,40-60,,60-40,,50-50,,50-40,,,,B,Correct answer sourced from the trailing answer key: B.,LET Secondary,Technology and Livelihood Education,TLE General,3,No,,0.96,Ready for Upload,LET Secondary TLE Q&A drill. Correct answer sourced from trailing answer key.
160,75,7,3.pdf,/Users/lyndon/All reviewers/-LET REVIEWER 2026/C. MAJOR SUBJECTS/G. T L E/A. Q&A Drills/3.pdf,A standard 220VAC has a frequency of _______ .,,,45Hz,,30Hz,,50Hz,,60Hz,,,,D,Correct answer sourced from the trailing answer key: D.,LET Secondary,Technology and Livelihood Education,TLE General,3,No,,0.96,Ready for Upload,LET Secondary TLE Q&A drill. Correct answer sourced from trailing answer key.
161,76,7,3.pdf,/Users/lyndon/All reviewers/-LET REVIEWER 2026/C. MAJOR SUBJECTS/G. T L E/A. Q&A Drills/3.pdf,A low frequency speaker is sometimes known as _______ .,,,tweeter,,squeaker,,base collector,,collector base emitter,,,,C,Correct answer sourced from the trailing answer key: C.,LET Secondary,Technology and Livelihood Education,TLE General,3,No,,0.96,Ready for Upload,LET Secondary TLE Q&A drill. Correct answer sourced from trailing answer key.
162,77,7,3.pdf,/Users/lyndon/All reviewers/-LET REVIEWER 2026/C. MAJOR SUBJECTS/G. T L E/A. Q&A Drills/3.pdf,The three leads of common transistor are a/an ________ .,,,collector bias emitter,,emitter collector bias,,base collector,,collector base emitter,,,,D,Correct answer sourced from the trailing answer key: D.,LET Secondary,Technology and Livelihood Education,TLE General,3,No,,0.96,Ready for Upload,LET Secondary TLE Q&A drill. Correct answer sourced from trailing answer key.
163,78,7,3.pdf,/Users/lyndon/All reviewers/-LET REVIEWER 2026/C. MAJOR SUBJECTS/G. T L E/A. Q&A Drills/3.pdf,Connecting lead from the negative to the positive of a battery will produce a/an ________ .,,,high resistance circuit,,low current path,,short circuit,,open circuit,,,,C,Correct answer sourced from the trailing answer key: C.,LET Secondary,Technology and Livelihood Education,TLE General,3,No,,0.96,Ready for Upload,LET Secondary TLE Q&A drill. Correct answer sourced from trailing answer key.
164,79,7,3.pdf,/Users/lyndon/All reviewers/-LET REVIEWER 2026/C. MAJOR SUBJECTS/G. T L E/A. Q&A Drills/3.pdf,What is the approximate characteristics voltage that develop across a red LED?,,,1.7 V,,0.6 V,,3.4 V,,6V,,,,C,Correct answer sourced from the trailing answer key: C.,LET Secondary,Technology and Livelihood Education,ICT and Electronics,3,No,,0.96,Ready for Upload,LET Secondary TLE Q&A drill. Correct answer sourced from trailing answer key.
165,80,7,3.pdf,/Users/lyndon/All reviewers/-LET REVIEWER 2026/C. MAJOR SUBJECTS/G. T L E/A. Q&A Drills/3.pdf,"If two resistors are places in series, the final resistance is ____________ .",,,higher,,lower,,the same,,cannot be determined,,,,A,Correct answer sourced from the trailing answer key: A.,LET Secondary,Technology and Livelihood Education,ICT and Electronics,3,No,,0.96,Ready for Upload,LET Secondary TLE Q&A drill. Correct answer sourced from trailing answer key.
166,81,8,3.pdf,/Users/lyndon/All reviewers/-LET REVIEWER 2026/C. MAJOR SUBJECTS/G. T L E/A. Q&A Drills/3.pdf,Which is TRUE of a series DC motor with no load?,,,Tendo stop or not start,,Maybe damaged by excessive speed,,Has reverse direction,,becomes an AC generator,,,,B,Correct answer sourced from the trailing answer key: B.,LET Secondary,Technology and Livelihood Education,TLE General,3,No,,0.96,Ready for Upload,LET Secondary TLE Q&A drill. Correct answer sourced from trailing answer key.
167,82,8,3.pdf,/Users/lyndon/All reviewers/-LET REVIEWER 2026/C. MAJOR SUBJECTS/G. T L E/A. Q&A Drills/3.pdf,"A fuse marked 250V, 650m can be used in circuits with an “open-fuse” supply voltage _________ .",,,125 volts,,500 volts,,5000 volts,,250 volts,,,,A,Correct answer sourced from the trailing answer key: A.,LET Secondary,Technology and Livelihood Education,ICT and Electronics,3,No,,0.96,Ready for Upload,LET Secondary TLE Q&A drill. Correct answer sourced from trailing answer key.
168,83,8,3.pdf,/Users/lyndon/All reviewers/-LET REVIEWER 2026/C. MAJOR SUBJECTS/G. T L E/A. Q&A Drills/3.pdf,"To prevent transistor from getting hot, use _________ .",,,silicon grease,,insulator,,heat sink,,exhaust fan,,,,C,Correct answer sourced from the trailing answer key: C.,LET Secondary,Technology and Livelihood Education,TLE General,3,No,,0.96,Ready for Upload,LET Secondary TLE Q&A drill. Correct answer sourced from trailing answer key.
169,84,8,3.pdf,/Users/lyndon/All reviewers/-LET REVIEWER 2026/C. MAJOR SUBJECTS/G. T L E/A. Q&A Drills/3.pdf,"To obtain a higher value of resistance, resistors are _______ .",,,reverse,,parallel,,forward,,series,,,,D,Correct answer sourced from the trailing answer key: D.,LET Secondary,Technology and Livelihood Education,ICT and Electronics,3,No,,0.96,Ready for Upload,LET Secondary TLE Q&A drill. Correct answer sourced from trailing answer key.
170,85,8,3.pdf,/Users/lyndon/All reviewers/-LET REVIEWER 2026/C. MAJOR SUBJECTS/G. T L E/A. Q&A Drills/3.pdf,Which fuse has its internal fusible wire wrapped around an insulator?,,,a slow-blow type fuse,,An inductive fuse,,a capacitive,,intended for high voltage fuse,,,,D,Correct answer sourced from the trailing answer key: D.,LET Secondary,Technology and Livelihood Education,ICT and Electronics,3,No,,0.96,Ready for Upload,LET Secondary TLE Q&A drill. Correct answer sourced from trailing answer key.
171,86,8,3.pdf,/Users/lyndon/All reviewers/-LET REVIEWER 2026/C. MAJOR SUBJECTS/G. T L E/A. Q&A Drills/3.pdf,Which would be considered “basic components of a power supply?,,,"Zener, regulator, transformer",,"Regulate, diode, AC power, load",,"Transformer, bridge, capacitor, load",,"Filter, regulator, rectifier, transformer",,,,B,Correct answer sourced from the trailing answer key: B.,LET Secondary,Technology and Livelihood Education,TLE General,3,No,,0.96,Ready for Upload,LET Secondary TLE Q&A drill. Correct answer sourced from trailing answer key.
172,87,8,3.pdf,/Users/lyndon/All reviewers/-LET REVIEWER 2026/C. MAJOR SUBJECTS/G. T L E/A. Q&A Drills/3.pdf,When two capacitors the rise and fall of alternating current and voltage?,,,Graph,,Sine wave,,Fluctuation,,Cycle,,,,B,Correct answer sourced from the trailing answer key: B.,LET Secondary,Technology and Livelihood Education,ICT and Electronics,3,No,,0.96,Ready for Upload,LET Secondary TLE Q&A drill. Correct answer sourced from trailing answer key.
173,88,8,3.pdf,/Users/lyndon/All reviewers/-LET REVIEWER 2026/C. MAJOR SUBJECTS/G. T L E/A. Q&A Drills/3.pdf,When two capacitors are connected in parallel the capacitance will ______ .,,,increase,,since wave,,decrease,,increase and decrease,,,,A,Correct answer sourced from the trailing answer key: A.,LET Secondary,Technology and Livelihood Education,TLE General,3,No,,0.96,Ready for Upload,LET Secondary TLE Q&A drill. Correct answer sourced from trailing answer key.
174,89,8,3.pdf,/Users/lyndon/All reviewers/-LET REVIEWER 2026/C. MAJOR SUBJECTS/G. T L E/A. Q&A Drills/3.pdf,Which circuit ha the most gain?,,,common emitter,,common collector,,common base,,emitter follower,,,,A,Correct answer sourced from the trailing answer key: A.,LET Secondary,Technology and Livelihood Education,ICT and Electronics,3,No,,0.96,Ready for Upload,LET Secondary TLE Q&A drill. Correct answer sourced from trailing answer key.
175,90,8,3.pdf,/Users/lyndon/All reviewers/-LET REVIEWER 2026/C. MAJOR SUBJECTS/G. T L E/A. Q&A Drills/3.pdf,Which rectifier circuit uses four diodes for its rectification?,,,Half-wave rectifier,,full-wave Center Tap,,Full-wave Bridge rectifier,,Split type,,,,C,Correct answer sourced from the trailing answer key: C.,LET Secondary,Technology and Livelihood Education,ICT and Electronics,3,No,,0.96,Ready for Upload,LET Secondary TLE Q&A drill. Correct answer sourced from trailing answer key.
176,91,8,3.pdf,/Users/lyndon/All reviewers/-LET REVIEWER 2026/C. MAJOR SUBJECTS/G. T L E/A. Q&A Drills/3.pdf,"When a resistor is open, the resistance ______.",,,increase,,gets zero,,decrease,,is infinite,,,,D,Correct answer sourced from the trailing answer key: D.,LET Secondary,Technology and Livelihood Education,ICT and Electronics,3,No,,0.96,Ready for Upload,LET Secondary TLE Q&A drill. Correct answer sourced from trailing answer key.
177,92,8,3.pdf,/Users/lyndon/All reviewers/-LET REVIEWER 2026/C. MAJOR SUBJECTS/G. T L E/A. Q&A Drills/3.pdf,A low voltage power supply converts __________ .,,,Ac voltage output,,Pulsating DC voltage,,DC output voltage,,AC and DC voltage outputs,,,,B,Correct answer sourced from the trailing answer key: B.,LET Secondary,Technology and Livelihood Education,ICT and Electronics,3,No,,0.96,Ready for Upload,LET Secondary TLE Q&A drill. Correct answer sourced from trailing answer key.
178,93,8,3.pdf,/Users/lyndon/All reviewers/-LET REVIEWER 2026/C. MAJOR SUBJECTS/G. T L E/A. Q&A Drills/3.pdf,When checking an open resistor using an ohmmeter the resistance reads _______ .,,,zero level,,high resistance but within the tolerance,,infinite,,low but not zero,,,,C,Correct answer sourced from the trailing answer key: C.,LET Secondary,Technology and Livelihood Education,ICT and Electronics,3,No,,0.96,Ready for Upload,LET Secondary TLE Q&A drill. Correct answer sourced from trailing answer key.
179,94,9,3.pdf,/Users/lyndon/All reviewers/-LET REVIEWER 2026/C. MAJOR SUBJECTS/G. T L E/A. Q&A Drills/3.pdf,Moving one plate of a capacitor further away from the other will ________.,,,decrease capacitance,,increase capacitance,,decrease voltage rating,,increasing mutual transductor,,,,A,Correct answer sourced from the trailing answer key: A.,LET Secondary,Technology and Livelihood Education,TLE General,3,No,,0.96,Ready for Upload,LET Secondary TLE Q&A drill. Correct answer sourced from trailing answer key.
180,95,9,3.pdf,/Users/lyndon/All reviewers/-LET REVIEWER 2026/C. MAJOR SUBJECTS/G. T L E/A. Q&A Drills/3.pdf,"In checking capacitor to see if it is shorted, open or leaky, you would use the ohmmeter range.",,,lowest,,highest,,middle,,You cannot check the capacitor this way,,,,B,Correct answer sourced from the trailing answer key: B.,LET Secondary,Technology and Livelihood Education,ICT and Electronics,3,No,,0.96,Ready for Upload,LET Secondary TLE Q&A drill. Correct answer sourced from trailing answer key.
181,96,9,3.pdf,/Users/lyndon/All reviewers/-LET REVIEWER 2026/C. MAJOR SUBJECTS/G. T L E/A. Q&A Drills/3.pdf,A schematic diagram shows the components of an electronic circuit by means of ______ .,,,a symbol,,a construction,,physical appearance,,linear appearance,,,,A,Correct answer sourced from the trailing answer key: A.,LET Secondary,Technology and Livelihood Education,ICT and Electronics,3,No,,0.96,Ready for Upload,LET Secondary TLE Q&A drill. Correct answer sourced from trailing answer key.
182,97,9,3.pdf,/Users/lyndon/All reviewers/-LET REVIEWER 2026/C. MAJOR SUBJECTS/G. T L E/A. Q&A Drills/3.pdf,"If there are only two resistors with the same values in parallel circuit, which formula ,may be used o find its total resistance?",,,Rt=R/n,,Rt = (R1xR2)(R1+R2),,1/Rt=1/R1+1/R2+ …. 1/Rn,,Rt=(R1+R2)(R1Xr2),,,,B,Correct answer sourced from the trailing answer key: B.,LET Secondary,Technology and Livelihood Education,ICT and Electronics,3,No,,0.96,Ready for Upload,LET Secondary TLE Q&A drill. Correct answer sourced from trailing answer key.
183,98,9,3.pdf,/Users/lyndon/All reviewers/-LET REVIEWER 2026/C. MAJOR SUBJECTS/G. T L E/A. Q&A Drills/3.pdf,"Imagine three resistor in parallel, with the values of 22ohms, 17 ohms and 33 ohms. If a 12 V battery is connected across this combination, what is the current drawn from the battery?",,,1.4A,,15mA,,150mA,,1.5A,,,,A,Correct answer sourced from the trailing answer key: A.,LET Secondary,Technology and Livelihood Education,ICT and Electronics,3,No,,0.96,Ready for Upload,LET Secondary TLE Q&A drill. Correct answer sourced from trailing answer key.
184,99,9,3.pdf,/Users/lyndon/All reviewers/-LET REVIEWER 2026/C. MAJOR SUBJECTS/G. T L E/A. Q&A Drills/3.pdf,Which of the following is non- polarized electronic component?,,,transistor,,resistor,,Diode,,electrolytic capacitor,,,,B,Correct answer sourced from the trailing answer key: B.,LET Secondary,Technology and Livelihood Education,TLE General,3,No,,0.96,Ready for Upload,LET Secondary TLE Q&A drill. Correct answer sourced from trailing answer key.
185,100,9,3.pdf,/Users/lyndon/All reviewers/-LET REVIEWER 2026/C. MAJOR SUBJECTS/G. T L E/A. Q&A Drills/3.pdf,The voltage rating found in a capacitor is called _________ voltage.,,,peak reverse,,working,,blow-up,,breakdown,,,,B,Correct answer sourced from the trailing answer key: B.,LET Secondary,Technology and Livelihood Education,ICT and Electronics,3,No,,0.96,Ready for Upload,LET Secondary TLE Q&A drill. Correct answer sourced from trailing answer key.
186,1,1,4.pdf,/Users/lyndon/All reviewers/-LET REVIEWER 2026/C. MAJOR SUBJECTS/G. T L E/A. Q&A Drills/4.pdf,Which hand tool is used solely for cutting metals,,,Utility knife,,Saw,,Magnifying Glass,,Paint brush,,,,B,Correct answer sourced from the trailing answer key: B.,LET Secondary,Technology and Livelihood Education,TLE General,3,No,,0.96,Ready for Upload,LET Secondary TLE Q&A drill. Correct answer sourced from trailing answer key.
187,2,1,4.pdf,/Users/lyndon/All reviewers/-LET REVIEWER 2026/C. MAJOR SUBJECTS/G. T L E/A. Q&A Drills/4.pdf,What is the reason why threads become stripped?,,,Screws are over tightened,,Screws are heated,,Screws are molded,,Screws are painted,,,,A,Correct answer sourced from the trailing answer key: A.,LET Secondary,Technology and Livelihood Education,TLE General,3,No,,0.96,Ready for Upload,LET Secondary TLE Q&A drill. Correct answer sourced from trailing answer key.
188,3,1,4.pdf,/Users/lyndon/All reviewers/-LET REVIEWER 2026/C. MAJOR SUBJECTS/G. T L E/A. Q&A Drills/4.pdf,In what instrument is the Ohm meter found?,,,Ammeter,,Tube tester,,capacitor tester,,VOM,,,,D,Correct answer sourced from the trailing answer key: D.,LET Secondary,Technology and Livelihood Education,ICT and Electronics,3,No,,0.96,Ready for Upload,LET Secondary TLE Q&A drill. Correct answer sourced from trailing answer key.
189,4,1,4.pdf,/Users/lyndon/All reviewers/-LET REVIEWER 2026/C. MAJOR SUBJECTS/G. T L E/A. Q&A Drills/4.pdf,From what part of the ohmmeter do you resistance reading?,,,range multiplier,,reading scale,,test probes,,pointer,,,,A,Correct answer sourced from the trailing answer key: A.,LET Secondary,Technology and Livelihood Education,ICT and Electronics,3,No,,0.96,Ready for Upload,LET Secondary TLE Q&A drill. Correct answer sourced from trailing answer key.
190,5,1,4.pdf,/Users/lyndon/All reviewers/-LET REVIEWER 2026/C. MAJOR SUBJECTS/G. T L E/A. Q&A Drills/4.pdf,Which instrument serves as 3 measuring instruments in one?,,,Audio generator,,Oscilloscope,,Signal generator,,VOM,,,,D,Correct answer sourced from the trailing answer key: D.,LET Secondary,Technology and Livelihood Education,TLE General,3,No,,0.96,Ready for Upload,LET Secondary TLE Q&A drill. Correct answer sourced from trailing answer key.
191,6,1,4.pdf,/Users/lyndon/All reviewers/-LET REVIEWER 2026/C. MAJOR SUBJECTS/G. T L E/A. Q&A Drills/4.pdf,Which device produces simple waveforms?,,,audio amplifier,,VOM,,Signal tracer,,Signal generator,,,,D,Correct answer sourced from the trailing answer key: D.,LET Secondary,Technology and Livelihood Education,TLE General,3,No,,0.96,Ready for Upload,LET Secondary TLE Q&A drill. Correct answer sourced from trailing answer key.
192,7,1,4.pdf,/Users/lyndon/All reviewers/-LET REVIEWER 2026/C. MAJOR SUBJECTS/G. T L E/A. Q&A Drills/4.pdf,What is another name for connection diagram?,,,Wiring diagram,,Block diagram,,Pictorial diagram,,Schematic diagram,,,,D,Correct answer sourced from the trailing answer key: D.,LET Secondary,Technology and Livelihood Education,TLE General,3,No,,0.96,Ready for Upload,LET Secondary TLE Q&A drill. Correct answer sourced from trailing answer key.
193,8,1,4.pdf,/Users/lyndon/All reviewers/-LET REVIEWER 2026/C. MAJOR SUBJECTS/G. T L E/A. Q&A Drills/4.pdf,Which equipment is used to discharge electrical charges produced by the human body?,,,Audio generator,,Signal generator,,ESD,,VOM,,,,C,Correct answer sourced from the trailing answer key: C.,LET Secondary,Technology and Livelihood Education,TLE General,3,No,,0.96,Ready for Upload,LET Secondary TLE Q&A drill. Correct answer sourced from trailing answer key.
194,9,1,4.pdf,/Users/lyndon/All reviewers/-LET REVIEWER 2026/C. MAJOR SUBJECTS/G. T L E/A. Q&A Drills/4.pdf,Which term refers to the set of rules practices to ensure no accident prevention?,,,safety practices,,rules and regulation,,Policy order,,Action plan,,,,A,Correct answer sourced from the trailing answer key: A.,LET Secondary,Technology and Livelihood Education,TLE General,3,No,,0.96,Ready for Upload,LET Secondary TLE Q&A drill. Correct answer sourced from trailing answer key.
195,10,1,4.pdf,/Users/lyndon/All reviewers/-LET REVIEWER 2026/C. MAJOR SUBJECTS/G. T L E/A. Q&A Drills/4.pdf,What is the best place of electronic hand tools and equipment?,,,tool box,,tool cabinet,,tool room,,tool bag,,,,A,Correct answer sourced from the trailing answer key: A.,LET Secondary,Technology and Livelihood Education,TLE General,3,No,,0.96,Ready for Upload,LET Secondary TLE Q&A drill. Correct answer sourced from trailing answer key.
196,11,1,4.pdf,/Users/lyndon/All reviewers/-LET REVIEWER 2026/C. MAJOR SUBJECTS/G. T L E/A. Q&A Drills/4.pdf,What tools are not recommended to be used in electronics works?,,,brand new tools,,branded tools,,damaged tools,,Locally produced tools,,,,C,Correct answer sourced from the trailing answer key: C.,LET Secondary,Technology and Livelihood Education,ICT and Electronics,3,No,,0.96,Ready for Upload,LET Secondary TLE Q&A drill. Correct answer sourced from trailing answer key.
197,12,1,4.pdf,/Users/lyndon/All reviewers/-LET REVIEWER 2026/C. MAJOR SUBJECTS/G. T L E/A. Q&A Drills/4.pdf,Which type of lines is used to show mechanical linkage between components or part components on schematic diagram?,,,Connecting lines,,Dashed lines,,medium lines,,Thin lines,,,,A,Correct answer sourced from the trailing answer key: A.,LET Secondary,Technology and Livelihood Education,TLE General,3,No,,0.96,Ready for Upload,LET Secondary TLE Q&A drill. Correct answer sourced from trailing answer key.
198,13,1,4.pdf,/Users/lyndon/All reviewers/-LET REVIEWER 2026/C. MAJOR SUBJECTS/G. T L E/A. Q&A Drills/4.pdf,What does VOM mean?,,,Ac voltmeter,,Ohmmeter,,DC Milliameter,,Volt-Ohm-Milliammeter,,,,D,Correct answer sourced from the trailing answer key: D.,LET Secondary,Technology and Livelihood Education,TLE General,3,No,,0.96,Ready for Upload,LET Secondary TLE Q&A drill. Correct answer sourced from trailing answer key.
199,14,2,4.pdf,/Users/lyndon/All reviewers/-LET REVIEWER 2026/C. MAJOR SUBJECTS/G. T L E/A. Q&A Drills/4.pdf,Which fool is used to cut the insulation without cutting the wire?,,,Utility knife,,Hacksaw,,Side cutter,,Wire stripper,,,,D,Correct answer sourced from the trailing answer key: D.,LET Secondary,Technology and Livelihood Education,TLE General,3,No,,0.96,Ready for Upload,LET Secondary TLE Q&A drill. Correct answer sourced from trailing answer key.
200,15,2,4.pdf,/Users/lyndon/All reviewers/-LET REVIEWER 2026/C. MAJOR SUBJECTS/G. T L E/A. Q&A Drills/4.pdf,What does LED stand for?,,,light emitting display,,Low energy display,,Light emitting diode,,Light emitting detector,,,,C,Correct answer sourced from the trailing answer key: C.,LET Secondary,Technology and Livelihood Education,TLE General,3,No,,0.96,Ready for Upload,LET Secondary TLE Q&A drill. Correct answer sourced from trailing answer key.
201,16,2,4.pdf,/Users/lyndon/All reviewers/-LET REVIEWER 2026/C. MAJOR SUBJECTS/G. T L E/A. Q&A Drills/4.pdf,Which picture or sketch shows the component of a circuit and how these components are connected together?,,,Wiring diagram,,Block diagram,,Pictorial diagram,,Schematic diagram,,,,C,Correct answer sourced from the trailing answer key: C.,LET Secondary,Technology and Livelihood Education,ICT and Electronics,3,No,,0.96,Ready for Upload,LET Secondary TLE Q&A drill. Correct answer sourced from trailing answer key.
202,17,2,4.pdf,/Users/lyndon/All reviewers/-LET REVIEWER 2026/C. MAJOR SUBJECTS/G. T L E/A. Q&A Drills/4.pdf,"3 Pcs. Of resistor in which the values are 1- ohms, 2 ohms, and 50 ohms. If the 20 ohms is open what will be the reading in the ohmmeter?",,,60 ohms,,0 ohms,,infinite,,80 Ohms,,,,C,Correct answer sourced from the trailing answer key: C.,LET Secondary,Technology and Livelihood Education,ICT and Electronics,3,No,,0.96,Ready for Upload,LET Secondary TLE Q&A drill. Correct answer sourced from trailing answer key.
203,18,2,4.pdf,/Users/lyndon/All reviewers/-LET REVIEWER 2026/C. MAJOR SUBJECTS/G. T L E/A. Q&A Drills/4.pdf,Why does an AM receiver or pick-up sign despite the far distance from the transmitter compared to the FM receiver?,,,The Am receiver picks up signal easily because of the transistor,,The Am receiver picks up signal easily because the signal transmitted by Am transmitted is by means of line to sight.,,The Am receiver picks up signal easily because the transmitted by Am transmitter is by means of line to ground,,The Am receiver picks up signal easily because the signals transmitted by Am transmitter is by means of the line to sight,,,,C,Correct answer sourced from the trailing answer key: C.,LET Secondary,Technology and Livelihood Education,TLE General,3,No,,0.96,Ready for Upload,LET Secondary TLE Q&A drill. Correct answer sourced from trailing answer key.
204,19,2,4.pdf,/Users/lyndon/All reviewers/-LET REVIEWER 2026/C. MAJOR SUBJECTS/G. T L E/A. Q&A Drills/4.pdf,Why is it needed to antenna in higher or an elevated area particular in a mountainous place? I. All signals transmitted by the transmitter station is by mean of line to ground; the higher antenna the more signal can be received II. The antenna is placed in higher or elevated area in order to capture the direction. III. Signals transmitted by the transmitter station is by means of line to sight the higher antenna the more signal can be received.,,,I only,,III only,,III only,,"I, II and III",,,,B,Correct answer sourced from the trailing answer key: B.,LET Secondary,Technology and Livelihood Education,TLE General,3,No,,0.96,Ready for Upload,LET Secondary TLE Q&A drill. Correct answer sourced from trailing answer key.
205,20,2,4.pdf,/Users/lyndon/All reviewers/-LET REVIEWER 2026/C. MAJOR SUBJECTS/G. T L E/A. Q&A Drills/4.pdf,A service electronics technician cleaned the terminal of the component using sand paper or knife before it soldered to the PCB. What is the main purpose of that cleaning?,,,To attracted more charges,,To remove the insulator so that soldering can be made easily,,"To attract electron, protons and neutron",,To maximize the desired voltages,,,,B,Correct answer sourced from the trailing answer key: B.,LET Secondary,Technology and Livelihood Education,ICT and Electronics,3,No,,0.96,Ready for Upload,LET Secondary TLE Q&A drill. Correct answer sourced from trailing answer key.
206,21,2,4.pdf,/Users/lyndon/All reviewers/-LET REVIEWER 2026/C. MAJOR SUBJECTS/G. T L E/A. Q&A Drills/4.pdf,A diode is an electronic part that is expected to do one of the following functions all times. Which one?,,,Allow current to flow in both directions,,Multiply voltage,,Allow current to flow in one directions only,,Do not allow current flow,,,,C,Correct answer sourced from the trailing answer key: C.,LET Secondary,Technology and Livelihood Education,ICT and Electronics,3,No,,0.96,Ready for Upload,LET Secondary TLE Q&A drill. Correct answer sourced from trailing answer key.
207,22,3,4.pdf,/Users/lyndon/All reviewers/-LET REVIEWER 2026/C. MAJOR SUBJECTS/G. T L E/A. Q&A Drills/4.pdf,There are four types of diodes. The diode that acts as a regular is the _______________ diode.,,,silicon,,crystal,,lightning,,zener,,,,D,Correct answer sourced from the trailing answer key: D.,LET Secondary,Technology and Livelihood Education,ICT and Electronics,3,No,,0.96,Ready for Upload,LET Secondary TLE Q&A drill. Correct answer sourced from trailing answer key.
208,23,3,4.pdf,/Users/lyndon/All reviewers/-LET REVIEWER 2026/C. MAJOR SUBJECTS/G. T L E/A. Q&A Drills/4.pdf,You will find an electrode nearest the white band on a rectifier. What is it?,,,anode,,cathode,,gate,,Main terminal,,,,B,Correct answer sourced from the trailing answer key: B.,LET Secondary,Technology and Livelihood Education,TLE General,3,No,,0.96,Ready for Upload,LET Secondary TLE Q&A drill. Correct answer sourced from trailing answer key.
209,24,3,4.pdf,/Users/lyndon/All reviewers/-LET REVIEWER 2026/C. MAJOR SUBJECTS/G. T L E/A. Q&A Drills/4.pdf,"When a diode is tested and the reading is zero, it means that the diode is _____ .",,,shorted,,open,,leaky,,good,,,,A,Correct answer sourced from the trailing answer key: A.,LET Secondary,Technology and Livelihood Education,ICT and Electronics,3,No,,0.96,Ready for Upload,LET Secondary TLE Q&A drill. Correct answer sourced from trailing answer key.
210,25,3,4.pdf,/Users/lyndon/All reviewers/-LET REVIEWER 2026/C. MAJOR SUBJECTS/G. T L E/A. Q&A Drills/4.pdf,If the transistor is an NPN type the base is _______ .,,,negative and positive,,negative,,positive,,common,,,,C,Correct answer sourced from the trailing answer key: C.,LET Secondary,Technology and Livelihood Education,TLE General,3,No,,0.96,Ready for Upload,LET Secondary TLE Q&A drill. Correct answer sourced from trailing answer key.
211,26,3,4.pdf,/Users/lyndon/All reviewers/-LET REVIEWER 2026/C. MAJOR SUBJECTS/G. T L E/A. Q&A Drills/4.pdf,If the arrow of the transistor is pointing inward it tells us the transistor is ______ .,,,NPN,,PNP,,bipolar,,injunction,,,,B,Correct answer sourced from the trailing answer key: B.,LET Secondary,Technology and Livelihood Education,TLE General,3,No,,0.96,Ready for Upload,LET Secondary TLE Q&A drill. Correct answer sourced from trailing answer key.
212,27,3,4.pdf,/Users/lyndon/All reviewers/-LET REVIEWER 2026/C. MAJOR SUBJECTS/G. T L E/A. Q&A Drills/4.pdf,"In the electronic sysmbol of a transistor,the electrode with an arrow is the ________ .",,,emitter,,base,,collector,,cathode,,,,A,Correct answer sourced from the trailing answer key: A.,LET Secondary,Technology and Livelihood Education,TLE General,3,No,,0.96,Ready for Upload,LET Secondary TLE Q&A drill. Correct answer sourced from trailing answer key.
213,28,3,4.pdf,/Users/lyndon/All reviewers/-LET REVIEWER 2026/C. MAJOR SUBJECTS/G. T L E/A. Q&A Drills/4.pdf,The production of magnetic field by current in a conductor is called _______ .,,,electromagnetism,,ferromagnetic C.magnetic,,,,diagmagnetic,,,,A,Correct answer sourced from the trailing answer key: A.,LET Secondary,Technology and Livelihood Education,ICT and Electronics,3,No,,0.96,Incomplete,LET Secondary TLE Q&A drill. Correct answer sourced from trailing answer key.
214,29,3,4.pdf,/Users/lyndon/All reviewers/-LET REVIEWER 2026/C. MAJOR SUBJECTS/G. T L E/A. Q&A Drills/4.pdf,The type of current which the amplitude drops to zero periodically and is produced in rectifier is known as ________ .,,,Pulsating direct current,,damped alternating current,,varying direct current,,saw tooth wave,,,,A,Correct answer sourced from the trailing answer key: A.,LET Secondary,Technology and Livelihood Education,ICT and Electronics,3,No,,0.96,Ready for Upload,LET Secondary TLE Q&A drill. Correct answer sourced from trailing answer key.
215,30,3,4.pdf,/Users/lyndon/All reviewers/-LET REVIEWER 2026/C. MAJOR SUBJECTS/G. T L E/A. Q&A Drills/4.pdf,Printed on the dial of an Am radio is an RF band covering _______.,,,kHz 76-90 Mhz,,88-108 Mhz,,16Hz-20 kHz,,535-1605 kHZ,,,,D,Correct answer sourced from the trailing answer key: D.,LET Secondary,Technology and Livelihood Education,TLE General,3,No,,0.96,Ready for Upload,LET Secondary TLE Q&A drill. Correct answer sourced from trailing answer key.
216,31,3,4.pdf,/Users/lyndon/All reviewers/-LET REVIEWER 2026/C. MAJOR SUBJECTS/G. T L E/A. Q&A Drills/4.pdf,An ordinary radio can be tuned in different stations. The electronic component responsible for this function is the _______ .,,,tuning capacitor,,oscillator,,IF transforms,,detector diode,,,,A,Correct answer sourced from the trailing answer key: A.,LET Secondary,Technology and Livelihood Education,TLE General,3,No,,0.96,Ready for Upload,LET Secondary TLE Q&A drill. Correct answer sourced from trailing answer key.
217,32,3,4.pdf,/Users/lyndon/All reviewers/-LET REVIEWER 2026/C. MAJOR SUBJECTS/G. T L E/A. Q&A Drills/4.pdf,The condition of a loud speaker is tested more accurately using one of the range listed below. Which one?,,,Rx1K,,Rx10,,Rx1,,Rx10K,,,,A,Correct answer sourced from the trailing answer key: A.,LET Secondary,Technology and Livelihood Education,TLE General,3,No,,0.96,Ready for Upload,LET Secondary TLE Q&A drill. Correct answer sourced from trailing answer key.
218,33,3,4.pdf,/Users/lyndon/All reviewers/-LET REVIEWER 2026/C. MAJOR SUBJECTS/G. T L E/A. Q&A Drills/4.pdf,Working efficient is a good work habit. Tinning the tip of soldering iron refers to _____ .,,,cleaning the tip with a sand paper,,making the tip pointed,,cutting the tip,,applying flux the tip,,,,A,Correct answer sourced from the trailing answer key: A.,LET Secondary,Technology and Livelihood Education,TLE General,3,No,,0.96,Ready for Upload,LET Secondary TLE Q&A drill. Correct answer sourced from trailing answer key.
219,34,4,4.pdf,/Users/lyndon/All reviewers/-LET REVIEWER 2026/C. MAJOR SUBJECTS/G. T L E/A. Q&A Drills/4.pdf,The common cause of erratic or distorted sound of a transistor radio is a defective _______ .,,,amplifier,,volumn control,,antenna,,tuner,,,,B,Correct answer sourced from the trailing answer key: B.,LET Secondary,Technology and Livelihood Education,TLE General,3,No,,0.96,Ready for Upload,LET Secondary TLE Q&A drill. Correct answer sourced from trailing answer key.
220,35,4,4.pdf,/Users/lyndon/All reviewers/-LET REVIEWER 2026/C. MAJOR SUBJECTS/G. T L E/A. Q&A Drills/4.pdf,An appliances with 110V Ac supply is accidentally plugged to 220V Ac outlet. What component is usually destroyed?,,,switch,,Ac plug,,Line fuse,,Power transformer,,,,C,Correct answer sourced from the trailing answer key: C.,LET Secondary,Technology and Livelihood Education,TLE General,3,No,,0.96,Ready for Upload,LET Secondary TLE Q&A drill. Correct answer sourced from trailing answer key.
221,36,4,4.pdf,/Users/lyndon/All reviewers/-LET REVIEWER 2026/C. MAJOR SUBJECTS/G. T L E/A. Q&A Drills/4.pdf,Which form of electricity has current flow always in the same direction?,,,Voltage,,Power,,Alternating current,,direct current,,,,D,Correct answer sourced from the trailing answer key: D.,LET Secondary,Technology and Livelihood Education,ICT and Electronics,3,No,,0.96,Ready for Upload,LET Secondary TLE Q&A drill. Correct answer sourced from trailing answer key.
222,37,4,4.pdf,/Users/lyndon/All reviewers/-LET REVIEWER 2026/C. MAJOR SUBJECTS/G. T L E/A. Q&A Drills/4.pdf,The form of electricity has currently flow always in the same direction?,,,power,,resistance,,electromagnetism,,frequency,,,,B,Correct answer sourced from the trailing answer key: B.,LET Secondary,Technology and Livelihood Education,ICT and Electronics,3,No,,0.96,Ready for Upload,LET Secondary TLE Q&A drill. Correct answer sourced from trailing answer key.
223,38,4,4.pdf,/Users/lyndon/All reviewers/-LET REVIEWER 2026/C. MAJOR SUBJECTS/G. T L E/A. Q&A Drills/4.pdf,Which part of an electrical circuit converts electrical energy into another form of energy to do work?,,,load,,circuit,,source,,control,,,,A,Correct answer sourced from the trailing answer key: A.,LET Secondary,Technology and Livelihood Education,ICT and Electronics,3,No,,0.96,Ready for Upload,LET Secondary TLE Q&A drill. Correct answer sourced from trailing answer key.
224,39,4,4.pdf,/Users/lyndon/All reviewers/-LET REVIEWER 2026/C. MAJOR SUBJECTS/G. T L E/A. Q&A Drills/4.pdf,A law that states that the current is directly proportional to voltage and inversely proportional to resistance is known as ___________ .,,,PEC,,Law of resistivity,,Kirchoff’s law,,Ohm’s law,,,,D,Correct answer sourced from the trailing answer key: D.,LET Secondary,Technology and Livelihood Education,ICT and Electronics,3,No,,0.96,Ready for Upload,LET Secondary TLE Q&A drill. Correct answer sourced from trailing answer key.
225,40,4,4.pdf,/Users/lyndon/All reviewers/-LET REVIEWER 2026/C. MAJOR SUBJECTS/G. T L E/A. Q&A Drills/4.pdf,Circuit breakers are used to protect house hold electrical circuits. What is the capacity rating of the breaker used for convenience outlets of general purpose circuits?,,,20 Amperes,,30 Amperes,,15 Amperes,,60 Amperes,,,,A,Correct answer sourced from the trailing answer key: A.,LET Secondary,Technology and Livelihood Education,ICT and Electronics,3,No,,0.96,Ready for Upload,LET Secondary TLE Q&A drill. Correct answer sourced from trailing answer key.
226,41,4,4.pdf,/Users/lyndon/All reviewers/-LET REVIEWER 2026/C. MAJOR SUBJECTS/G. T L E/A. Q&A Drills/4.pdf,Which of the following is the correct definition of the term “entrepreneur”? A person who _____ .,,,pursues opportunity without regard to resources,,starts a new business with the aim of making profit,,"seeks to create value for local communities, people or customers by starting new ventures which exploit new products, processes or markets",,"seeks to generate value through creation or expansion of economic activity, by identifying and exploiting new products, processes or markets",,,,C,Correct answer sourced from the trailing answer key: C.,LET Secondary,Technology and Livelihood Education,Entrepreneurship and Business Management,3,No,,0.96,Ready for Upload,LET Secondary TLE Q&A drill. Correct answer sourced from trailing answer key.
227,42,4,4.pdf,/Users/lyndon/All reviewers/-LET REVIEWER 2026/C. MAJOR SUBJECTS/G. T L E/A. Q&A Drills/4.pdf,Which of the following skills are NOT needed by an entrepreneur?,,,Technical skills,,Personal entrepreneurial skills,,Working skills,,Business management skills,,,,C,Correct answer sourced from the trailing answer key: C.,LET Secondary,Technology and Livelihood Education,Entrepreneurship and Business Management,3,No,,0.96,Ready for Upload,LET Secondary TLE Q&A drill. Correct answer sourced from trailing answer key.
228,43,4,4.pdf,/Users/lyndon/All reviewers/-LET REVIEWER 2026/C. MAJOR SUBJECTS/G. T L E/A. Q&A Drills/4.pdf,Which of the following statement is INAPPROPRIATE in starting a business?,,,study the concepts and principles of entrepreneurial skills,,Cope with failures of the business,,Undergo training on entrepreneurial skills,,know what characteristics are needed to become an entrepreneur,,,,B,Correct answer sourced from the trailing answer key: B.,LET Secondary,Technology and Livelihood Education,Entrepreneurship and Business Management,3,No,,0.96,Ready for Upload,LET Secondary TLE Q&A drill. Correct answer sourced from trailing answer key.
229,44,5,4.pdf,/Users/lyndon/All reviewers/-LET REVIEWER 2026/C. MAJOR SUBJECTS/G. T L E/A. Q&A Drills/4.pdf,Which of the following is NOT a source of fund for Ms. Burgos future business?,,,seek assistance from central bank of the Philippines,,borrow money from friends and relatives,,Avail of the government program on financing micro-macro business,,Use part of her retirement benefit.,,,,A,Correct answer sourced from the trailing answer key: A.,LET Secondary,Technology and Livelihood Education,Entrepreneurship and Business Management,3,No,,0.96,Ready for Upload,LET Secondary TLE Q&A drill. Correct answer sourced from trailing answer key.
230,45,5,4.pdf,/Users/lyndon/All reviewers/-LET REVIEWER 2026/C. MAJOR SUBJECTS/G. T L E/A. Q&A Drills/4.pdf,"If her business idea is a boutique, what quality of a future entrepreneur is INAPPROPRAIATE?",,,relaxed,,hard worker,,Risk-taker,,Innovative,,,,A,Correct answer sourced from the trailing answer key: A.,LET Secondary,Technology and Livelihood Education,Entrepreneurship and Business Management,3,No,,0.96,Ready for Upload,LET Secondary TLE Q&A drill. Correct answer sourced from trailing answer key.
231,46,5,4.pdf,/Users/lyndon/All reviewers/-LET REVIEWER 2026/C. MAJOR SUBJECTS/G. T L E/A. Q&A Drills/4.pdf,Which of the following is NOT a characteristic of an entrepreneur?,,,coping with failure,,Irritated,,Opportunity Seeker,,Persistent,,,,B,Correct answer sourced from the trailing answer key: B.,LET Secondary,Technology and Livelihood Education,Entrepreneurship and Business Management,3,No,,0.96,Ready for Upload,LET Secondary TLE Q&A drill. Correct answer sourced from trailing answer key.
232,47,5,4.pdf,/Users/lyndon/All reviewers/-LET REVIEWER 2026/C. MAJOR SUBJECTS/G. T L E/A. Q&A Drills/4.pdf,Which among these characteristics of an entrepreneur?,,,Coping with failure,,Goal setter,,Futuristic,,Impassive,,,,D,Correct answer sourced from the trailing answer key: D.,LET Secondary,Technology and Livelihood Education,Entrepreneurship and Business Management,3,No,,0.96,Ready for Upload,LET Secondary TLE Q&A drill. Correct answer sourced from trailing answer key.
233,48,5,4.pdf,/Users/lyndon/All reviewers/-LET REVIEWER 2026/C. MAJOR SUBJECTS/G. T L E/A. Q&A Drills/4.pdf,Which of the following is a primary cause of failure in small businesses?,,,Poor financial control,,Poor location,,Management mistakes,,Improper inventory control,,,,B,Correct answer sourced from the trailing answer key: B.,LET Secondary,Technology and Livelihood Education,Entrepreneurship and Business Management,3,No,,0.96,Ready for Upload,LET Secondary TLE Q&A drill. Correct answer sourced from trailing answer key.
234,49,5,4.pdf,/Users/lyndon/All reviewers/-LET REVIEWER 2026/C. MAJOR SUBJECTS/G. T L E/A. Q&A Drills/4.pdf,Which these traits gets an entrepreneur off of his/her feet and puts him/her into action turning daydreams into reality?,,,Perseverance,,Ambition,,Creativity,,Enthusiasm,,,,D,Correct answer sourced from the trailing answer key: D.,LET Secondary,Technology and Livelihood Education,Entrepreneurship and Business Management,3,No,,0.96,Ready for Upload,LET Secondary TLE Q&A drill. Correct answer sourced from trailing answer key.
235,50,5,4.pdf,/Users/lyndon/All reviewers/-LET REVIEWER 2026/C. MAJOR SUBJECTS/G. T L E/A. Q&A Drills/4.pdf,Which entrepreneurial traits gives an entrepreneur a positive outlook in life which gives the energy to pursue his/her endeavors?,,,Perseverance,,Ambition,,Creativity,,Enthusiasm,,,,B,Correct answer sourced from the trailing answer key: B.,LET Secondary,Technology and Livelihood Education,Entrepreneurship and Business Management,3,No,,0.96,Ready for Upload,LET Secondary TLE Q&A drill. Correct answer sourced from trailing answer key.
236,51,5,4.pdf,/Users/lyndon/All reviewers/-LET REVIEWER 2026/C. MAJOR SUBJECTS/G. T L E/A. Q&A Drills/4.pdf,With which trait is an entrepreneur able to withstand the troubles that come with a starting business?,,,Perseverance,,Ambition,,Creativity,,Enthusiasm,,,,A,Correct answer sourced from the trailing answer key: A.,LET Secondary,Technology and Livelihood Education,Entrepreneurship and Business Management,3,No,,0.96,Ready for Upload,LET Secondary TLE Q&A drill. Correct answer sourced from trailing answer key.
237,52,5,4.pdf,/Users/lyndon/All reviewers/-LET REVIEWER 2026/C. MAJOR SUBJECTS/G. T L E/A. Q&A Drills/4.pdf,Which general function or market involves the physical meeting point for buyers and seller at the point of production or via some other means of m communication?,,,Specific functions,,Exchange functions,,Physical functions,,Facilitating functions,,,,B,Correct answer sourced from the trailing answer key: B.,LET Secondary,Technology and Livelihood Education,Entrepreneurship and Business Management,3,No,,0.96,Ready for Upload,LET Secondary TLE Q&A drill. Correct answer sourced from trailing answer key.
238,53,5,4.pdf,/Users/lyndon/All reviewers/-LET REVIEWER 2026/C. MAJOR SUBJECTS/G. T L E/A. Q&A Drills/4.pdf,Which types of marketing functions enables the actual flow of commodities through space and time producers to consumer and their transformation to desirable to the consumer?,,,Specific functions,,Exchange functions,,Physical functions,,Facilitating functions,,,,C,Correct answer sourced from the trailing answer key: C.,LET Secondary,Technology and Livelihood Education,Entrepreneurship and Business Management,3,No,,0.96,Ready for Upload,LET Secondary TLE Q&A drill. Correct answer sourced from trailing answer key.
239,54,5,4.pdf,/Users/lyndon/All reviewers/-LET REVIEWER 2026/C. MAJOR SUBJECTS/G. T L E/A. Q&A Drills/4.pdf,"From a societal view point, which of the following statements about marketing objective is NOT true?",,,Assist in the efficient allocation of resources,,create wealth and promote economic growth,,improve income distribution among different sectors of the economy,,Maintain instability of supply and demand for marketed goods,,,,D,Correct answer sourced from the trailing answer key: D.,LET Secondary,Technology and Livelihood Education,Entrepreneurship and Business Management,3,No,,0.96,Ready for Upload,LET Secondary TLE Q&A drill. Correct answer sourced from trailing answer key.
240,55,6,4.pdf,/Users/lyndon/All reviewers/-LET REVIEWER 2026/C. MAJOR SUBJECTS/G. T L E/A. Q&A Drills/4.pdf,Which is considered a vehicle for information target market about the enterprise and the products or services?,,,Product,,Price,,Place,,Promotion,,,,C,Correct answer sourced from the trailing answer key: C.,LET Secondary,Technology and Livelihood Education,Entrepreneurship and Business Management,3,No,,0.96,Ready for Upload,LET Secondary TLE Q&A drill. Correct answer sourced from trailing answer key.
241,56,6,4.pdf,/Users/lyndon/All reviewers/-LET REVIEWER 2026/C. MAJOR SUBJECTS/G. T L E/A. Q&A Drills/4.pdf,At the stage of marketing effort does an entrepreneur concentrate on targeting a new market of buyer and talking market share from competitions by price cutting or relaunching the product?,,,introduction,,growth,,place,,Decline,,,,C,Correct answer sourced from the trailing answer key: C.,LET Secondary,Technology and Livelihood Education,Entrepreneurship and Business Management,3,No,,0.96,Ready for Upload,LET Secondary TLE Q&A drill. Correct answer sourced from trailing answer key.
242,57,6,4.pdf,/Users/lyndon/All reviewers/-LET REVIEWER 2026/C. MAJOR SUBJECTS/G. T L E/A. Q&A Drills/4.pdf,Which of the following is NOT appropriate in running a small-scale business?,,,keeping clear records,,verifying profit and loss,,Managing cash flow,,Distribution channel,,,,C,Correct answer sourced from the trailing answer key: C.,LET Secondary,Technology and Livelihood Education,Entrepreneurship and Business Management,3,No,,0.96,Ready for Upload,LET Secondary TLE Q&A drill. Correct answer sourced from trailing answer key.
243,58,6,4.pdf,/Users/lyndon/All reviewers/-LET REVIEWER 2026/C. MAJOR SUBJECTS/G. T L E/A. Q&A Drills/4.pdf,Which marketing channel operates with capital owned directly by the operators and their partners. Or in some cases by shareholders?,,,Co-operatives,,"Independent, locally-based private enterprise",,Marketing board and other state enterprises,,Transitional companies,,,,B,Correct answer sourced from the trailing answer key: B.,LET Secondary,Technology and Livelihood Education,Entrepreneurship and Business Management,3,No,,0.96,Ready for Upload,LET Secondary TLE Q&A drill. Correct answer sourced from trailing answer key.
244,59,6,4.pdf,/Users/lyndon/All reviewers/-LET REVIEWER 2026/C. MAJOR SUBJECTS/G. T L E/A. Q&A Drills/4.pdf,At which stage of product life cycle must an entrepreneur decide whether s/he wants to try to rejuvenate the product by inventing in development and aggressive marketing or to quietly admit and exit the market?,,,introduction,,growth,,place,,Decline,,,,D,Correct answer sourced from the trailing answer key: D.,LET Secondary,Technology and Livelihood Education,Entrepreneurship and Business Management,3,No,,0.96,Ready for Upload,LET Secondary TLE Q&A drill. Correct answer sourced from trailing answer key.
245,60,6,4.pdf,/Users/lyndon/All reviewers/-LET REVIEWER 2026/C. MAJOR SUBJECTS/G. T L E/A. Q&A Drills/4.pdf,A marketing mix that can have both tangible and intangible aspects and is the thing you offer to satisfy you customer wants and needs is _______ .,,,product,,packaging,,price,,promotion,,,,A,Correct answer sourced from the trailing answer key: A.,LET Secondary,Technology and Livelihood Education,Entrepreneurship and Business Management,3,No,,0.96,Ready for Upload,LET Secondary TLE Q&A drill. Correct answer sourced from trailing answer key.
246,61,6,4.pdf,/Users/lyndon/All reviewers/-LET REVIEWER 2026/C. MAJOR SUBJECTS/G. T L E/A. Q&A Drills/4.pdf,Which term refers to mathematical business decision that makes orderly delineated sequences of mathematical operatives that leads to a solution?,,,Conceptual model,,Quantitative model,,Algorithms,,Decision,,,,C,Correct answer sourced from the trailing answer key: C.,LET Secondary,Technology and Livelihood Education,Entrepreneurship and Business Management,3,No,,0.96,Ready for Upload,LET Secondary TLE Q&A drill. Correct answer sourced from trailing answer key.
247,62,6,4.pdf,/Users/lyndon/All reviewers/-LET REVIEWER 2026/C. MAJOR SUBJECTS/G. T L E/A. Q&A Drills/4.pdf,"Every day we have to calculate the discounted of shopping mall, allocate how much food and shopping and when we get a loan from the bank we calculate the interest. This simply means we need _______ .",,,money,,calculation,,mathematics,,percentage,,,,C,Correct answer sourced from the trailing answer key: C.,LET Secondary,Technology and Livelihood Education,Home Economics,3,No,,0.96,Ready for Upload,LET Secondary TLE Q&A drill. Correct answer sourced from trailing answer key.
248,63,6,4.pdf,/Users/lyndon/All reviewers/-LET REVIEWER 2026/C. MAJOR SUBJECTS/G. T L E/A. Q&A Drills/4.pdf,Which is also known as Quantitative Finance that is concerned with financial markets and taking observed market prices as inputs?,,,Mathematical in marketing,,Mathematical finance,,Net Income Report,,Income statement,,,,B,Correct answer sourced from the trailing answer key: B.,LET Secondary,Technology and Livelihood Education,Entrepreneurship and Business Management,3,No,,0.96,Ready for Upload,LET Secondary TLE Q&A drill. Correct answer sourced from trailing answer key.
249,64,7,4.pdf,/Users/lyndon/All reviewers/-LET REVIEWER 2026/C. MAJOR SUBJECTS/G. T L E/A. Q&A Drills/4.pdf,What financial reports reflects the net income sales?,,,Statement of Cash flow,,Balance Sheet,,Net income report,,Income Statement,,,,D,Correct answer sourced from the trailing answer key: D.,LET Secondary,Technology and Livelihood Education,Entrepreneurship and Business Management,3,No,,0.96,Ready for Upload,LET Secondary TLE Q&A drill. Correct answer sourced from trailing answer key.
250,65,7,4.pdf,/Users/lyndon/All reviewers/-LET REVIEWER 2026/C. MAJOR SUBJECTS/G. T L E/A. Q&A Drills/4.pdf,What is the remainder after all the expenses have been deducted from revenues?,,,Repair income,,Gross income,,Net income,,Service income,,,,B,Correct answer sourced from the trailing answer key: B.,LET Secondary,Technology and Livelihood Education,TLE General,3,No,,0.96,Ready for Upload,LET Secondary TLE Q&A drill. Correct answer sourced from trailing answer key.
251,66,7,4.pdf,/Users/lyndon/All reviewers/-LET REVIEWER 2026/C. MAJOR SUBJECTS/G. T L E/A. Q&A Drills/4.pdf,On what financial statements are assets that are used in the operation of business found?,,,Income statement,,Statement of owners Capital,,Balance sheet,,Statement of Cash low,,,,C,Correct answer sourced from the trailing answer key: C.,LET Secondary,Technology and Livelihood Education,Entrepreneurship and Business Management,3,No,,0.96,Ready for Upload,LET Secondary TLE Q&A drill. Correct answer sourced from trailing answer key.
252,67,7,4.pdf,/Users/lyndon/All reviewers/-LET REVIEWER 2026/C. MAJOR SUBJECTS/G. T L E/A. Q&A Drills/4.pdf,The sum of all the expenses from the operation of the business can be found on the ________ .,,,balance sheet,,statement of cash flow,,income statement,,Statement of owners capital,,,,C,Correct answer sourced from the trailing answer key: C.,LET Secondary,Technology and Livelihood Education,Entrepreneurship and Business Management,3,No,,0.96,Ready for Upload,LET Secondary TLE Q&A drill. Correct answer sourced from trailing answer key.
253,68,7,4.pdf,/Users/lyndon/All reviewers/-LET REVIEWER 2026/C. MAJOR SUBJECTS/G. T L E/A. Q&A Drills/4.pdf,To which financial reports are Liabilities and capital added?,,,Statement of cash flow,,Statement of owners of owners capital,,income statement,,Balance sheet,,,,D,Correct answer sourced from the trailing answer key: D.,LET Secondary,Technology and Livelihood Education,Entrepreneurship and Business Management,3,No,,0.96,Ready for Upload,LET Secondary TLE Q&A drill. Correct answer sourced from trailing answer key.
254,69,7,4.pdf,/Users/lyndon/All reviewers/-LET REVIEWER 2026/C. MAJOR SUBJECTS/G. T L E/A. Q&A Drills/4.pdf,What financial statement shows all the received cash from both ongoing operations and external investments sources?,,,Statement of cash flow,,Statement of owners of owners capital,,income statement,,Balance sheet,,,,A,Correct answer sourced from the trailing answer key: A.,LET Secondary,Technology and Livelihood Education,TLE General,3,No,,0.96,Ready for Upload,LET Secondary TLE Q&A drill. Correct answer sourced from trailing answer key.
255,70,7,4.pdf,/Users/lyndon/All reviewers/-LET REVIEWER 2026/C. MAJOR SUBJECTS/G. T L E/A. Q&A Drills/4.pdf,The earning power of the business firm is reported on the __________ .,,,Balance sheet,,income statement,,Statement of cash flow,,Statement of owners of owners capital,,,,B,Correct answer sourced from the trailing answer key: B.,LET Secondary,Technology and Livelihood Education,Entrepreneurship and Business Management,3,No,,0.96,Ready for Upload,LET Secondary TLE Q&A drill. Correct answer sourced from trailing answer key.
256,71,7,4.pdf,/Users/lyndon/All reviewers/-LET REVIEWER 2026/C. MAJOR SUBJECTS/G. T L E/A. Q&A Drills/4.pdf,The balance sheet provides the information about ________________ .,,,all the sales of the firm,,all the expenses of the firm,,list of cash received and payments of the firm,,list of all assets of the firm,,,,D,Correct answer sourced from the trailing answer key: D.,LET Secondary,Technology and Livelihood Education,TLE General,3,No,,0.96,Ready for Upload,LET Secondary TLE Q&A drill. Correct answer sourced from trailing answer key.
257,72,7,4.pdf,/Users/lyndon/All reviewers/-LET REVIEWER 2026/C. MAJOR SUBJECTS/G. T L E/A. Q&A Drills/4.pdf,Recording the increase of income of a Computer Repair Shop should be written on the _________ column.,,,Asset,,Income,,Credit,,Debit,,,,C,Correct answer sourced from the trailing answer key: C.,LET Secondary,Technology and Livelihood Education,ICT and Electronics,3,No,,0.96,Ready for Upload,LET Secondary TLE Q&A drill. Correct answer sourced from trailing answer key.
258,73,7,4.pdf,/Users/lyndon/All reviewers/-LET REVIEWER 2026/C. MAJOR SUBJECTS/G. T L E/A. Q&A Drills/4.pdf,"In journalizing the, owner’s withdrawal from his firm should be written on the ____________.",,,capital,,debit,,credit,,expenses,,,,B,Correct answer sourced from the trailing answer key: B.,LET Secondary,Technology and Livelihood Education,TLE General,3,No,,0.96,Ready for Upload,LET Secondary TLE Q&A drill. Correct answer sourced from trailing answer key.
259,74,7,4.pdf,/Users/lyndon/All reviewers/-LET REVIEWER 2026/C. MAJOR SUBJECTS/G. T L E/A. Q&A Drills/4.pdf,"When a business purchased computer set worth P, 65,000.00 for the office; debit computer set, P65,000.00; credit is __________________ .",,,"Accounts payable, P 65,000.00",,"Capital, P 65,000.00",,"Computer set expenses P 65,000.00",,"Cash P 65,000.00",,,,D,Correct answer sourced from the trailing answer key: D.,LET Secondary,Technology and Livelihood Education,ICT and Electronics,3,No,,0.96,Ready for Upload,LET Secondary TLE Q&A drill. Correct answer sourced from trailing answer key.
260,75,7,4.pdf,/Users/lyndon/All reviewers/-LET REVIEWER 2026/C. MAJOR SUBJECTS/G. T L E/A. Q&A Drills/4.pdf,"Ms. Alien receives her payment from tutorial of Mrs, Yap’s son; debit cash credit, ______ .",,,payment,,cash,,fee,,assets,,,,C,Correct answer sourced from the trailing answer key: C.,LET Secondary,Technology and Livelihood Education,TLE General,3,No,,0.96,Ready for Upload,LET Secondary TLE Q&A drill. Correct answer sourced from trailing answer key.
261,76,8,4.pdf,/Users/lyndon/All reviewers/-LET REVIEWER 2026/C. MAJOR SUBJECTS/G. T L E/A. Q&A Drills/4.pdf,"Mr. Albert Patac bought and invested coffee Vending Machine worth P 35,000.00. Debit machine; machine credit _______ .",,,"Cash P 35,000.00",,"A Patac, capital P 35,000.00",,"Asset P 35,000.00",,"Expenses, P35,000.00",,,,B,Correct answer sourced from the trailing answer key: B.,LET Secondary,Technology and Livelihood Education,TLE General,3,No,,0.96,Ready for Upload,LET Secondary TLE Q&A drill. Correct answer sourced from trailing answer key.
262,77,8,4.pdf,/Users/lyndon/All reviewers/-LET REVIEWER 2026/C. MAJOR SUBJECTS/G. T L E/A. Q&A Drills/4.pdf,Purchased office supplies and equipment on credit card are ________ .,,,"debit office, supplies, credit cash",,"debit office supplies, credit accounts payable",,"debit office supplies and equipment, credit cash",,"debit office supplies and equipment, credit accounts payable",,,,D,Correct answer sourced from the trailing answer key: D.,LET Secondary,Technology and Livelihood Education,TLE General,3,No,,0.96,Ready for Upload,LET Secondary TLE Q&A drill. Correct answer sourced from trailing answer key.
263,78,8,4.pdf,/Users/lyndon/All reviewers/-LET REVIEWER 2026/C. MAJOR SUBJECTS/G. T L E/A. Q&A Drills/4.pdf,"To find the current liability, one must look at the _______ .",,,mortage payable,,loans payable,,bonds payable,,salaries,,,,D,Correct answer sourced from the trailing answer key: D.,LET Secondary,Technology and Livelihood Education,ICT and Electronics,3,No,,0.96,Ready for Upload,LET Secondary TLE Q&A drill. Correct answer sourced from trailing answer key.
264,79,8,4.pdf,/Users/lyndon/All reviewers/-LET REVIEWER 2026/C. MAJOR SUBJECTS/G. T L E/A. Q&A Drills/4.pdf,The resources that s firm acquires through creditors is called ________ .,,,liability,,capital,,assets,,income,,,,A,Correct answer sourced from the trailing answer key: A.,LET Secondary,Technology and Livelihood Education,TLE General,3,No,,0.96,Ready for Upload,LET Secondary TLE Q&A drill. Correct answer sourced from trailing answer key.
265,80,8,4.pdf,/Users/lyndon/All reviewers/-LET REVIEWER 2026/C. MAJOR SUBJECTS/G. T L E/A. Q&A Drills/4.pdf,Business owned that will be due not to exceed a year is referred to as ________ .,,,current asset,,current liability,,fixed asset,,fixed liability,,,,B,Correct answer sourced from the trailing answer key: B.,LET Secondary,Technology and Livelihood Education,Entrepreneurship and Business Management,3,No,,0.96,Ready for Upload,LET Secondary TLE Q&A drill. Correct answer sourced from trailing answer key.
266,81,8,4.pdf,/Users/lyndon/All reviewers/-LET REVIEWER 2026/C. MAJOR SUBJECTS/G. T L E/A. Q&A Drills/4.pdf,Which is owed by the business that requires prompt payment?,,,Non-current liability,,Non-current asset,,fixed asset,,fixed liability,,,,D,Correct answer sourced from the trailing answer key: D.,LET Secondary,Technology and Livelihood Education,Entrepreneurship and Business Management,3,No,,0.96,Ready for Upload,LET Secondary TLE Q&A drill. Correct answer sourced from trailing answer key.
267,82,8,4.pdf,/Users/lyndon/All reviewers/-LET REVIEWER 2026/C. MAJOR SUBJECTS/G. T L E/A. Q&A Drills/4.pdf,Which refers to a business obligation that requires 15 months of payment?,,,Current liability,,long-term liability,,current asset,,current liability,,,,B,Correct answer sourced from the trailing answer key: B.,LET Secondary,Technology and Livelihood Education,Entrepreneurship and Business Management,3,No,,0.96,Ready for Upload,LET Secondary TLE Q&A drill. Correct answer sourced from trailing answer key.
268,83,8,4.pdf,/Users/lyndon/All reviewers/-LET REVIEWER 2026/C. MAJOR SUBJECTS/G. T L E/A. Q&A Drills/4.pdf,Which of these terms best applies o current asset?,,,Account receivable,,Account payable,,Notes receivable,,Notes payable,,,,A,Correct answer sourced from the trailing answer key: A.,LET Secondary,Technology and Livelihood Education,ICT and Electronics,3,No,,0.96,Ready for Upload,LET Secondary TLE Q&A drill. Correct answer sourced from trailing answer key.
269,84,8,4.pdf,/Users/lyndon/All reviewers/-LET REVIEWER 2026/C. MAJOR SUBJECTS/G. T L E/A. Q&A Drills/4.pdf,What is an example of non-current assets?,,,Prepaid expenses,,Cash in the bank,,Accounts receivable,,Properties and equipment,,,,D,Correct answer sourced from the trailing answer key: D.,LET Secondary,Technology and Livelihood Education,ICT and Electronics,3,No,,0.96,Ready for Upload,LET Secondary TLE Q&A drill. Correct answer sourced from trailing answer key.
270,85,8,4.pdf,/Users/lyndon/All reviewers/-LET REVIEWER 2026/C. MAJOR SUBJECTS/G. T L E/A. Q&A Drills/4.pdf,What are resources owned for the operation of the business?,,,assets,,liability,,capital,,expenses,,,,A,Correct answer sourced from the trailing answer key: A.,LET Secondary,Technology and Livelihood Education,Entrepreneurship and Business Management,3,No,,0.96,Ready for Upload,LET Secondary TLE Q&A drill. Correct answer sourced from trailing answer key.
271,86,8,4.pdf,/Users/lyndon/All reviewers/-LET REVIEWER 2026/C. MAJOR SUBJECTS/G. T L E/A. Q&A Drills/4.pdf,Some resources of the firm acquired their asset through obligation. What does this refer to?,,,Expenses,,Assets,,Liability,,capital,,,,C,Correct answer sourced from the trailing answer key: C.,LET Secondary,Technology and Livelihood Education,TLE General,3,No,,0.96,Ready for Upload,LET Secondary TLE Q&A drill. Correct answer sourced from trailing answer key.
272,87,8,4.pdf,/Users/lyndon/All reviewers/-LET REVIEWER 2026/C. MAJOR SUBJECTS/G. T L E/A. Q&A Drills/4.pdf,"After a month, Mr. Patac was able to get all coins he earned form his coffee vending machine worth P 11, 755.00 and paid his water bill P 750.00 and electricity P 1,300.00.",,,"P 9,705.00",,"P 10, 455.00",,"P 11, 755.00",,"P. 11, 005.00",,,,C,Correct answer sourced from the trailing answer key: C.,LET Secondary,Technology and Livelihood Education,TLE General,3,No,,0.96,Ready for Upload,LET Secondary TLE Q&A drill. Correct answer sourced from trailing answer key.
273,88,9,4.pdf,/Users/lyndon/All reviewers/-LET REVIEWER 2026/C. MAJOR SUBJECTS/G. T L E/A. Q&A Drills/4.pdf,How much is the net sales of Mr. Patac after a month of his business?,,,"P. 11, 005.00",,"P 10, 455.00",,"P 9,705.00",,"P 11, 755.00",,,,C,Correct answer sourced from the trailing answer key: C.,LET Secondary,Technology and Livelihood Education,Entrepreneurship and Business Management,3,No,,0.96,Ready for Upload,LET Secondary TLE Q&A drill. Correct answer sourced from trailing answer key.
274,89,9,4.pdf,/Users/lyndon/All reviewers/-LET REVIEWER 2026/C. MAJOR SUBJECTS/G. T L E/A. Q&A Drills/4.pdf,"Mr. Patac bought motorcycle worth P 72,000.00 to monitor his expanding coffee vending machine business. After five (5) years, the said motorcycle will become P 15,000.00 value. How much is he going to set aside per month for depreciation?",,,"P 57,000.00",,"P 11,400.00",,P 950.00,,P 850.00,,,,C,Correct answer sourced from the trailing answer key: C.,LET Secondary,Technology and Livelihood Education,Entrepreneurship and Business Management,3,No,,0.96,Ready for Upload,LET Secondary TLE Q&A drill. Correct answer sourced from trailing answer key.
275,90,9,4.pdf,/Users/lyndon/All reviewers/-LET REVIEWER 2026/C. MAJOR SUBJECTS/G. T L E/A. Q&A Drills/4.pdf,"Giving 10% depreciation for the 5 additional units of coffee Vending machine that is worth P 35,000.00 each. How much is the depreciation cost of each machine?",,,"P 17,000.00",,"P 3,500.00",,"P 4,250.00",,"P 1,750.00",,,,B,Correct answer sourced from the trailing answer key: B.,LET Secondary,Technology and Livelihood Education,TLE General,3,No,,0.96,Ready for Upload,LET Secondary TLE Q&A drill. Correct answer sourced from trailing answer key.
276,91,9,4.pdf,/Users/lyndon/All reviewers/-LET REVIEWER 2026/C. MAJOR SUBJECTS/G. T L E/A. Q&A Drills/4.pdf,"What is the term that describes the total of cash, plus purchase, plus the customers obligation to the business?",,,Assets,,Inventory,,Profit,,liability,,,,A,Correct answer sourced from the trailing answer key: A.,LET Secondary,Technology and Livelihood Education,Entrepreneurship and Business Management,3,No,,0.96,Ready for Upload,LET Secondary TLE Q&A drill. Correct answer sourced from trailing answer key.
277,92,9,4.pdf,/Users/lyndon/All reviewers/-LET REVIEWER 2026/C. MAJOR SUBJECTS/G. T L E/A. Q&A Drills/4.pdf,Which term refers to gross increase in owner’s equity arising from increase in assets received in exchange for the delivery of goods or services to customers?,,,Assets,,liability,,income,,expenses,,,,C,Correct answer sourced from the trailing answer key: C.,LET Secondary,Technology and Livelihood Education,Entrepreneurship and Business Management,3,No,,0.96,Ready for Upload,LET Secondary TLE Q&A drill. Correct answer sourced from trailing answer key.
278,93,9,4.pdf,/Users/lyndon/All reviewers/-LET REVIEWER 2026/C. MAJOR SUBJECTS/G. T L E/A. Q&A Drills/4.pdf,Which term refers to decreases in owner’s equity that increases because goods or service are delivered to customers?,,,Profit,,Expenses,,Earnings,,Revenue,,,,B,Correct answer sourced from the trailing answer key: B.,LET Secondary,Technology and Livelihood Education,Entrepreneurship and Business Management,3,No,,0.96,Ready for Upload,LET Secondary TLE Q&A drill. Correct answer sourced from trailing answer key.
279,94,9,4.pdf,/Users/lyndon/All reviewers/-LET REVIEWER 2026/C. MAJOR SUBJECTS/G. T L E/A. Q&A Drills/4.pdf,Which is considered to be the best way to assess entrepreneurial project or business ventures?,,,environmental analysis,,SWOT analysis,,competition analysis,,PEST analysis,,,,B,Correct answer sourced from the trailing answer key: B.,LET Secondary,Technology and Livelihood Education,Entrepreneurship and Business Management,3,No,,0.96,Ready for Upload,LET Secondary TLE Q&A drill. Correct answer sourced from trailing answer key.
280,95,9,4.pdf,/Users/lyndon/All reviewers/-LET REVIEWER 2026/C. MAJOR SUBJECTS/G. T L E/A. Q&A Drills/4.pdf,An analysis that provides the details for opportunities and threats of a business to make batter decision regarding marketing plan is termed ______ .,,,environmental analysis,,SWOT analysis,,competition analysis,,PEST analysis,,,,D,Correct answer sourced from the trailing answer key: D.,LET Secondary,Technology and Livelihood Education,Entrepreneurship and Business Management,3,No,,0.96,Ready for Upload,LET Secondary TLE Q&A drill. Correct answer sourced from trailing answer key.
281,96,9,4.pdf,/Users/lyndon/All reviewers/-LET REVIEWER 2026/C. MAJOR SUBJECTS/G. T L E/A. Q&A Drills/4.pdf,The acronym SWOT stands for _____ .,,,Strengths-Weaknesses-Option-Threats,,Strengths-Weaknesses-Opportunity- Testing,,Strengths-Weaknesses- Operations- Tactics,,Strengths-Weakness-Opportunities- Threats,,,,D,Correct answer sourced from the trailing answer key: D.,LET Secondary,Technology and Livelihood Education,TLE General,3,No,,0.96,Ready for Upload,LET Secondary TLE Q&A drill. Correct answer sourced from trailing answer key.
282,97,10,4.pdf,/Users/lyndon/All reviewers/-LET REVIEWER 2026/C. MAJOR SUBJECTS/G. T L E/A. Q&A Drills/4.pdf,Which question is asked at the first stage in the marketing planning process of an enterprise?,,,Where are we now?,,Where are we heading?,,Are we on course?,,Where would we like to be?,,,,A,Correct answer sourced from the trailing answer key: A.,LET Secondary,Technology and Livelihood Education,Entrepreneurship and Business Management,3,No,,0.96,Ready for Upload,LET Secondary TLE Q&A drill. Correct answer sourced from trailing answer key.
283,98,10,4.pdf,/Users/lyndon/All reviewers/-LET REVIEWER 2026/C. MAJOR SUBJECTS/G. T L E/A. Q&A Drills/4.pdf,Which of these stages is the final stage in the marketing planning process flow chart?,,,Control,,Marketing planning,,Setting marketing objectives,,Setting the product price,,,,A,Correct answer sourced from the trailing answer key: A.,LET Secondary,Technology and Livelihood Education,Entrepreneurship and Business Management,3,No,,0.96,Ready for Upload,LET Secondary TLE Q&A drill. Correct answer sourced from trailing answer key.
284,99,10,4.pdf,/Users/lyndon/All reviewers/-LET REVIEWER 2026/C. MAJOR SUBJECTS/G. T L E/A. Q&A Drills/4.pdf,An entrepreneur might select a target market probably because the target market _____ .,,,is attractive to the business and matches its supply capabilities,,is large and well-served with existing products,,is fully understood by the entrepreneur,,has a proven track record for buying product,,,,A,Correct answer sourced from the trailing answer key: A.,LET Secondary,Technology and Livelihood Education,Entrepreneurship and Business Management,3,No,,0.96,Ready for Upload,LET Secondary TLE Q&A drill. Correct answer sourced from trailing answer key.
285,100,10,4.pdf,/Users/lyndon/All reviewers/-LET REVIEWER 2026/C. MAJOR SUBJECTS/G. T L E/A. Q&A Drills/4.pdf,A carefully thought structured formal commercial report that is extraordinarily well documented and clearly written to safe any wastage of further investments project is called ______ .,,,portfolio,,business plan,,resume,,feasibility,,,,A,Correct answer sourced from the trailing answer key: A.,LET Secondary,Technology and Livelihood Education,TLE General,3,No,,0.96,Ready for Upload,LET Secondary TLE Q&A drill. Correct answer sourced from trailing answer key.
286,1,1,5.pdf,/Users/lyndon/All reviewers/-LET REVIEWER 2026/C. MAJOR SUBJECTS/G. T L E/A. Q&A Drills/5.pdf,Fifty millimeters length of a piece of lumber is how many decimeters?,,,5,,0.05,,0.005,,0.5,,,,A,Correct answer sourced from the trailing answer key: A.,LET Secondary,Technology and Livelihood Education,Industrial Arts,3,No,,0.96,Ready for Upload,LET Secondary TLE Q&A drill. Correct answer sourced from trailing answer key.
287,2,1,5.pdf,/Users/lyndon/All reviewers/-LET REVIEWER 2026/C. MAJOR SUBJECTS/G. T L E/A. Q&A Drills/5.pdf,How tall is a ten – meter building in inches?,,,3.937,,39.37,,393.7,,"3,937",,,,C,Correct answer sourced from the trailing answer key: C.,LET Secondary,Technology and Livelihood Education,TLE General,3,No,,0.96,Ready for Upload,LET Secondary TLE Q&A drill. Correct answer sourced from trailing answer key.
288,3,1,5.pdf,/Users/lyndon/All reviewers/-LET REVIEWER 2026/C. MAJOR SUBJECTS/G. T L E/A. Q&A Drills/5.pdf,A carpenter wants to measure long distances. Which tool is appropriate?,,,Ruler,,level,,Plum bob,,pull push rule,,,,D,Correct answer sourced from the trailing answer key: D.,LET Secondary,Technology and Livelihood Education,TLE General,3,No,,0.96,Ready for Upload,LET Secondary TLE Q&A drill. Correct answer sourced from trailing answer key.
289,4,1,5.pdf,/Users/lyndon/All reviewers/-LET REVIEWER 2026/C. MAJOR SUBJECTS/G. T L E/A. Q&A Drills/5.pdf,A carpenter wants to mark very rough objects. Which tool is appropriate?,,,Chalk line,,extension rule,,level,,border line,,,,A,Correct answer sourced from the trailing answer key: A.,LET Secondary,Technology and Livelihood Education,TLE General,3,No,,0.96,Ready for Upload,LET Secondary TLE Q&A drill. Correct answer sourced from trailing answer key.
290,5,1,5.pdf,/Users/lyndon/All reviewers/-LET REVIEWER 2026/C. MAJOR SUBJECTS/G. T L E/A. Q&A Drills/5.pdf,A carpenter wants to obtain vertical line. Which tool is appropriate?,,,Ruler,,level,,Plum bob,,pull push rule,,,,C,Correct answer sourced from the trailing answer key: C.,LET Secondary,Technology and Livelihood Education,TLE General,3,No,,0.96,Ready for Upload,LET Secondary TLE Q&A drill. Correct answer sourced from trailing answer key.
291,6,1,5.pdf,/Users/lyndon/All reviewers/-LET REVIEWER 2026/C. MAJOR SUBJECTS/G. T L E/A. Q&A Drills/5.pdf,A carpenter wants to cut lumber across the grain. Which tool is appropriate?,,,crosscut saw,,Rip cut saw,,back saw,,hack saw,,,,A,Correct answer sourced from the trailing answer key: A.,LET Secondary,Technology and Livelihood Education,Industrial Arts,3,No,,0.96,Ready for Upload,LET Secondary TLE Q&A drill. Correct answer sourced from trailing answer key.
292,7,1,5.pdf,/Users/lyndon/All reviewers/-LET REVIEWER 2026/C. MAJOR SUBJECTS/G. T L E/A. Q&A Drills/5.pdf,A carpenter wants to fasten and remove nails. Which tool is appropriate?,,,hammer,,Ball-pen hammer,,Claw hammer,,sledge hammer,,,,C,Correct answer sourced from the trailing answer key: C.,LET Secondary,Technology and Livelihood Education,TLE General,3,No,,0.96,Ready for Upload,LET Secondary TLE Q&A drill. Correct answer sourced from trailing answer key.
293,8,1,5.pdf,/Users/lyndon/All reviewers/-LET REVIEWER 2026/C. MAJOR SUBJECTS/G. T L E/A. Q&A Drills/5.pdf,A carpenter wants to smoothen wood surface. Which tool is appropriate?,,,File,,sand paper,,back saw,,Plane,,,,D,Correct answer sourced from the trailing answer key: D.,LET Secondary,Technology and Livelihood Education,Industrial Arts,3,No,,0.96,Ready for Upload,LET Secondary TLE Q&A drill. Correct answer sourced from trailing answer key.
294,9,1,5.pdf,/Users/lyndon/All reviewers/-LET REVIEWER 2026/C. MAJOR SUBJECTS/G. T L E/A. Q&A Drills/5.pdf,A mason wants to create a smooth finish of concrete after floating. Which tool is appropriate?,,,brick hammer,,concrete trowel,,plane,,float,,,,B,Correct answer sourced from the trailing answer key: B.,LET Secondary,Technology and Livelihood Education,Industrial Arts,3,No,,0.96,Ready for Upload,LET Secondary TLE Q&A drill. Correct answer sourced from trailing answer key.
295,10,1,5.pdf,/Users/lyndon/All reviewers/-LET REVIEWER 2026/C. MAJOR SUBJECTS/G. T L E/A. Q&A Drills/5.pdf,"A mason wants to set or cut brick, block or stone. Which tool is appropriate?",,,claw hammer,,Crandall,,Mason’s hammer,,star drill,,,,C,Correct answer sourced from the trailing answer key: C.,LET Secondary,Technology and Livelihood Education,Industrial Arts,3,No,,0.96,Ready for Upload,LET Secondary TLE Q&A drill. Correct answer sourced from trailing answer key.
296,11,1,5.pdf,/Users/lyndon/All reviewers/-LET REVIEWER 2026/C. MAJOR SUBJECTS/G. T L E/A. Q&A Drills/5.pdf,A mason wants to repair mortar joints. Which tool is appropriate?,,,pointing trowel,,Crandall,,Cold chisel,,Concrete towel,,,,A,Correct answer sourced from the trailing answer key: A.,LET Secondary,Technology and Livelihood Education,Industrial Arts,3,No,,0.96,Ready for Upload,LET Secondary TLE Q&A drill. Correct answer sourced from trailing answer key.
297,12,1,5.pdf,/Users/lyndon/All reviewers/-LET REVIEWER 2026/C. MAJOR SUBJECTS/G. T L E/A. Q&A Drills/5.pdf,A mason wants to mix and move mortar in brick laying. Which tool is appropriate?,,,pointing trowel,,Crandall,,Cold chisel,,brick towel,,,,D,Correct answer sourced from the trailing answer key: D.,LET Secondary,Technology and Livelihood Education,Industrial Arts,3,No,,0.96,Ready for Upload,LET Secondary TLE Q&A drill. Correct answer sourced from trailing answer key.
298,13,1,5.pdf,/Users/lyndon/All reviewers/-LET REVIEWER 2026/C. MAJOR SUBJECTS/G. T L E/A. Q&A Drills/5.pdf,A mason wants to mix concrete. Which tool is appropriate?,,,Shovel,,buttering,,Trowel,,Float,,,,A,Correct answer sourced from the trailing answer key: A.,LET Secondary,Technology and Livelihood Education,Industrial Arts,3,No,,0.96,Ready for Upload,LET Secondary TLE Q&A drill. Correct answer sourced from trailing answer key.
299,14,2,5.pdf,/Users/lyndon/All reviewers/-LET REVIEWER 2026/C. MAJOR SUBJECTS/G. T L E/A. Q&A Drills/5.pdf,A mason lays bricks. Which tool holds the mortar?,,,shovel,,hawk,,trowel,,float,,,,B,Correct answer sourced from the trailing answer key: B.,LET Secondary,Technology and Livelihood Education,Industrial Arts,3,No,,0.96,Ready for Upload,LET Secondary TLE Q&A drill. Correct answer sourced from trailing answer key.
300,15,2,5.pdf,/Users/lyndon/All reviewers/-LET REVIEWER 2026/C. MAJOR SUBJECTS/G. T L E/A. Q&A Drills/5.pdf,Which is flat with handle at the back usually made of wood?,,,Shovel,,buttering,,Trowel,,Float,,,,D,Correct answer sourced from the trailing answer key: D.,LET Secondary,Technology and Livelihood Education,Industrial Arts,3,No,,0.96,Ready for Upload,LET Secondary TLE Q&A drill. Correct answer sourced from trailing answer key.
301,16,2,5.pdf,/Users/lyndon/All reviewers/-LET REVIEWER 2026/C. MAJOR SUBJECTS/G. T L E/A. Q&A Drills/5.pdf,Which tool is used in shaping and forming concrete edges?,,,Shovel,,buttering,,edger,,float,,,,C,Correct answer sourced from the trailing answer key: C.,LET Secondary,Technology and Livelihood Education,Industrial Arts,3,No,,0.96,Ready for Upload,LET Secondary TLE Q&A drill. Correct answer sourced from trailing answer key.
302,17,2,5.pdf,/Users/lyndon/All reviewers/-LET REVIEWER 2026/C. MAJOR SUBJECTS/G. T L E/A. Q&A Drills/5.pdf,A mason wants to mix concrete for column and slab. Which mixture is appropriate?,,,1 : 2 : 4,,1 : 1 ½ : 3,,1 : 2 ½ : 5,,1 : 3 : 6,,,,B,Correct answer sourced from the trailing answer key: B.,LET Secondary,Technology and Livelihood Education,Industrial Arts,3,No,,0.96,Ready for Upload,LET Secondary TLE Q&A drill. Correct answer sourced from trailing answer key.
303,18,2,5.pdf,/Users/lyndon/All reviewers/-LET REVIEWER 2026/C. MAJOR SUBJECTS/G. T L E/A. Q&A Drills/5.pdf,A mason wants to mix class B mixture. Which mixture is correct?,,,1 : 2 : 4,,1 : 1 ½ : 3,,1 : 2 ½ : 5,,1 : 3 : 6,,,,C,Correct answer sourced from the trailing answer key: C.,LET Secondary,Technology and Livelihood Education,Industrial Arts,3,No,,0.96,Ready for Upload,LET Secondary TLE Q&A drill. Correct answer sourced from trailing answer key.
304,19,2,5.pdf,/Users/lyndon/All reviewers/-LET REVIEWER 2026/C. MAJOR SUBJECTS/G. T L E/A. Q&A Drills/5.pdf,A mason wants to mix concrete for a slab in the ground. Which mixture is appropriate?,,,1 : 2 : 4,,1 : 1 ½ : 3,,1 : 2 ½ : 5,,1 : 3 : 6,,,,A,Correct answer sourced from the trailing answer key: A.,LET Secondary,Technology and Livelihood Education,Industrial Arts,3,No,,0.96,Ready for Upload,LET Secondary TLE Q&A drill. Correct answer sourced from trailing answer key.
305,20,2,5.pdf,/Users/lyndon/All reviewers/-LET REVIEWER 2026/C. MAJOR SUBJECTS/G. T L E/A. Q&A Drills/5.pdf,A mason wants to mix concrete for hollow block filler. Which mixture is appropriate?,,,1 : 2 : 4,,1 : 1 ½ : 3,,1 : 2 ½ : 5,,1 : 3 : 6,,,,D,Correct answer sourced from the trailing answer key: D.,LET Secondary,Technology and Livelihood Education,Industrial Arts,3,No,,0.96,Ready for Upload,LET Secondary TLE Q&A drill. Correct answer sourced from trailing answer key.
306,21,2,5.pdf,/Users/lyndon/All reviewers/-LET REVIEWER 2026/C. MAJOR SUBJECTS/G. T L E/A. Q&A Drills/5.pdf,A plumber wants lighten and loosen pipe. Which tool is appropriate?,,,pipe cutter,,flux,,pipe wrench,,butane torch,,,,C,Correct answer sourced from the trailing answer key: C.,LET Secondary,Technology and Livelihood Education,Industrial Arts,3,No,,0.96,Ready for Upload,LET Secondary TLE Q&A drill. Correct answer sourced from trailing answer key.
307,22,2,5.pdf,/Users/lyndon/All reviewers/-LET REVIEWER 2026/C. MAJOR SUBJECTS/G. T L E/A. Q&A Drills/5.pdf,A plumber wants to cut metal pipe. Which tool is appropriate?,,,hacksaw,,back saw,,handsaw,,dry wall knife,,,,A,Correct answer sourced from the trailing answer key: A.,LET Secondary,Technology and Livelihood Education,Industrial Arts,3,No,47,0.96,Duplicate,LET Secondary TLE Q&A drill. Correct answer sourced from trailing answer key.
308,23,2,5.pdf,/Users/lyndon/All reviewers/-LET REVIEWER 2026/C. MAJOR SUBJECTS/G. T L E/A. Q&A Drills/5.pdf,Metal with semi rigid auger whose end is usually fitted with a hook or corkscrew is called ___________ .,,,plumber,,plunger,,valve,,bushing,,,,A,Correct answer sourced from the trailing answer key: A.,LET Secondary,Technology and Livelihood Education,TLE General,3,No,,0.96,Ready for Upload,LET Secondary TLE Q&A drill. Correct answer sourced from trailing answer key.
309,24,2,5.pdf,/Users/lyndon/All reviewers/-LET REVIEWER 2026/C. MAJOR SUBJECTS/G. T L E/A. Q&A Drills/5.pdf,If your toilet has trouble you use rubber funnel-shape instrument attached to the end of the handle for unblocking. What is this tool?,,,plumber’s snake,,vavle,,Plunger,,bushing,,,,C,Correct answer sourced from the trailing answer key: C.,LET Secondary,Technology and Livelihood Education,TLE General,3,No,49,0.96,Duplicate,LET Secondary TLE Q&A drill. Correct answer sourced from trailing answer key.
310,25,2,5.pdf,/Users/lyndon/All reviewers/-LET REVIEWER 2026/C. MAJOR SUBJECTS/G. T L E/A. Q&A Drills/5.pdf,Which plumbing tool is used for gripping large pipes and irregular objects?,,,Monkey wrench,,Chain wrench,,Yoke vise,,Pipe wrench,,,,B,Correct answer sourced from the trailing answer key: B.,LET Secondary,Technology and Livelihood Education,Industrial Arts,3,No,50,0.96,Duplicate,LET Secondary TLE Q&A drill. Correct answer sourced from trailing answer key.
311,26,3,5.pdf,/Users/lyndon/All reviewers/-LET REVIEWER 2026/C. MAJOR SUBJECTS/G. T L E/A. Q&A Drills/5.pdf,A plumber wants to create thread outside pipe by hand. Which tool is appropriate?,,,pipe cutter,,pipe threader,,Yoke vise,,Pipe wrech,,,,B,Correct answer sourced from the trailing answer key: B.,LET Secondary,Technology and Livelihood Education,Industrial Arts,3,No,51,0.96,Duplicate,LET Secondary TLE Q&A drill. Correct answer sourced from trailing answer key.
312,27,3,5.pdf,/Users/lyndon/All reviewers/-LET REVIEWER 2026/C. MAJOR SUBJECTS/G. T L E/A. Q&A Drills/5.pdf,A plumber wants to cut pipes. Which holding tool is needed?,,,pipe cutter,,pipe threader,,Yoke vise,,Pipe wrech,,,,C,Correct answer sourced from the trailing answer key: C.,LET Secondary,Technology and Livelihood Education,Industrial Arts,3,No,52,0.96,Duplicate,LET Secondary TLE Q&A drill. Correct answer sourced from trailing answer key.
313,28,3,5.pdf,/Users/lyndon/All reviewers/-LET REVIEWER 2026/C. MAJOR SUBJECTS/G. T L E/A. Q&A Drills/5.pdf,", A plumber wants to hold pipe by hand. What tool is needed?",,,pipe cutter,,pipe threader,,Yoke vise,,Pipe wrech,,,,A,Correct answer sourced from the trailing answer key: A.,LET Secondary,Technology and Livelihood Education,Industrial Arts,3,No,53,0.96,Duplicate,LET Secondary TLE Q&A drill. Correct answer sourced from trailing answer key.
314,29,3,5.pdf,/Users/lyndon/All reviewers/-LET REVIEWER 2026/C. MAJOR SUBJECTS/G. T L E/A. Q&A Drills/5.pdf,The following are good plumbing practices EXCEPT _________________ .,,,rainwater harvesting,,water conservation,,gray water recycling,,excessive water consumption,,,,D,Correct answer sourced from the trailing answer key: D.,LET Secondary,Technology and Livelihood Education,Industrial Arts,3,No,,0.96,Ready for Upload,LET Secondary TLE Q&A drill. Correct answer sourced from trailing answer key.
315,30,3,5.pdf,/Users/lyndon/All reviewers/-LET REVIEWER 2026/C. MAJOR SUBJECTS/G. T L E/A. Q&A Drills/5.pdf,Water contaminants are being forced back into the water piping system. Which term referred to?,,,Water flow,,Back flow,,pressure,,Harvesting,,,,B,Correct answer sourced from the trailing answer key: B.,LET Secondary,Technology and Livelihood Education,TLE General,3,No,,0.96,Ready for Upload,LET Secondary TLE Q&A drill. Correct answer sourced from trailing answer key.
316,31,3,5.pdf,/Users/lyndon/All reviewers/-LET REVIEWER 2026/C. MAJOR SUBJECTS/G. T L E/A. Q&A Drills/5.pdf,The following are examples of plumbing fixtures EXCEPT ____________ .,,,water closet,,drainage,,shower,,urinals,,,,B,Correct answer sourced from the trailing answer key: B.,LET Secondary,Technology and Livelihood Education,Industrial Arts,3,No,,0.96,Ready for Upload,LET Secondary TLE Q&A drill. Correct answer sourced from trailing answer key.
317,32,3,5.pdf,/Users/lyndon/All reviewers/-LET REVIEWER 2026/C. MAJOR SUBJECTS/G. T L E/A. Q&A Drills/5.pdf,Which statements is NOT true about plumbing standard based on Republic Act 1378 which is known as “Plumbing law”?,,,Each fixture directly connected to the drainage system shall be equipped with water-sealed trap.,,Plumbing shall b design and adjusted to use the maximum quantity of water consistent with proper performers and cleaning.,,Water closet must be located in a room which is properly lighted and ventilated,,No substance which will clog the pipes produce explosive mixtures destroy the pipes or their joints or interfere unduly with the sewage disposal process shall be allowed to enter the building drainage system,,,,B,Correct answer sourced from the trailing answer key: B.,LET Secondary,Technology and Livelihood Education,Industrial Arts,3,No,,0.96,Ready for Upload,LET Secondary TLE Q&A drill. Correct answer sourced from trailing answer key.
318,33,3,5.pdf,/Users/lyndon/All reviewers/-LET REVIEWER 2026/C. MAJOR SUBJECTS/G. T L E/A. Q&A Drills/5.pdf,"A compartment that receives solid or liquid waste, located below the normal grade of the gravity system is called ____________.",,,septic,,SUMP,,trap,,interpreter,,,,A,Correct answer sourced from the trailing answer key: A.,LET Secondary,Technology and Livelihood Education,TLE General,3,No,,0.96,Ready for Upload,LET Secondary TLE Q&A drill. Correct answer sourced from trailing answer key.
319,34,3,5.pdf,/Users/lyndon/All reviewers/-LET REVIEWER 2026/C. MAJOR SUBJECTS/G. T L E/A. Q&A Drills/5.pdf,Which is true toxic substance?,,,hazardous to human health,,a fixture drain for a laboratory,,Not hazardous to human health,,Bedpan washer and sterilize drain.,,,,A,Correct answer sourced from the trailing answer key: A.,LET Secondary,Technology and Livelihood Education,TLE General,3,No,59,0.96,Duplicate,LET Secondary TLE Q&A drill. Correct answer sourced from trailing answer key.
320,35,3,5.pdf,/Users/lyndon/All reviewers/-LET REVIEWER 2026/C. MAJOR SUBJECTS/G. T L E/A. Q&A Drills/5.pdf,"Water that is safe for drinking, cooking and personal use is ________.",,,potable,,purified,,clean,,healthy,,,,A,Correct answer sourced from the trailing answer key: A.,LET Secondary,Technology and Livelihood Education,Home Economics,3,No,60,0.96,Duplicate,LET Secondary TLE Q&A drill. Correct answer sourced from trailing answer key.
321,36,3,5.pdf,/Users/lyndon/All reviewers/-LET REVIEWER 2026/C. MAJOR SUBJECTS/G. T L E/A. Q&A Drills/5.pdf,Which among best describes a toilet bowl?,,,a room or booth containing a toilet,,The Box type compartment holding water for flushing the toilet,,An opening in the wall or ceiling near the fixture that allows access for servicing the plumbing system,,"the device that provides a supply of water and/or its disposal, e.g. sinks tubs, toilets",,,,B,Correct answer sourced from the trailing answer key: B.,LET Secondary,Technology and Livelihood Education,TLE General,3,No,,0.96,Ready for Upload,LET Secondary TLE Q&A drill. Correct answer sourced from trailing answer key.
322,37,4,5.pdf,/Users/lyndon/All reviewers/-LET REVIEWER 2026/C. MAJOR SUBJECTS/G. T L E/A. Q&A Drills/5.pdf,Plumbing ventilation means to ________________________.,,,carry sewer gas out and relieve pressure of the drainage sytem,,discourage corrosion in drainage piping,,maintaining the trap seals,,give pressure different in the public sewer,,,,A,Correct answer sourced from the trailing answer key: A.,LET Secondary,Technology and Livelihood Education,Industrial Arts,3,No,,0.96,Ready for Upload,LET Secondary TLE Q&A drill. Correct answer sourced from trailing answer key.
323,38,4,5.pdf,/Users/lyndon/All reviewers/-LET REVIEWER 2026/C. MAJOR SUBJECTS/G. T L E/A. Q&A Drills/5.pdf,Rainwater from the roof down to the ground passes through what pipe?,,,Down spout,,Conductors,,Gutter,,Vent,,,,A,Correct answer sourced from the trailing answer key: A.,LET Secondary,Technology and Livelihood Education,TLE General,3,No,63,0.96,Duplicate,LET Secondary TLE Q&A drill. Correct answer sourced from trailing answer key.
324,39,4,5.pdf,/Users/lyndon/All reviewers/-LET REVIEWER 2026/C. MAJOR SUBJECTS/G. T L E/A. Q&A Drills/5.pdf,A pipe that convey only liquid wasted is called ____________.,,,vent pipe,,soil pipe,,main pipe,,waste pipe,,,,D,Correct answer sourced from the trailing answer key: D.,LET Secondary,Technology and Livelihood Education,TLE General,3,No,,0.96,Ready for Upload,LET Secondary TLE Q&A drill. Correct answer sourced from trailing answer key.
325,40,4,5.pdf,/Users/lyndon/All reviewers/-LET REVIEWER 2026/C. MAJOR SUBJECTS/G. T L E/A. Q&A Drills/5.pdf,"If you install water supply inside building, what is the diameter of pipes needed?",,,4 inches,,1 inch,,0.75 inch,,0.5 inch Customer A is complaining and getting pushy about the pedicure service she received.,,,,D,Correct answer sourced from the trailing answer key: D.,LET Secondary,Technology and Livelihood Education,TLE General,3,No,,0.96,Ready for Upload,LET Secondary TLE Q&A drill. Correct answer sourced from trailing answer key.
326,41,4,5.pdf,/Users/lyndon/All reviewers/-LET REVIEWER 2026/C. MAJOR SUBJECTS/G. T L E/A. Q&A Drills/5.pdf,If you were the pedicurist what would you do?,,,Tell your costumer to look another pedicurist.,,Refrain from becoming emotional and continue working without being bothered by the complained.,,"Remain cool and calm, pleasant and professional.",,"Ask for an apology, maintain professionalism and ask what she wants.",,,,D,Correct answer sourced from the trailing answer key: D.,LET Secondary,Technology and Livelihood Education,TLE General,3,No,,0.96,Ready for Upload,LET Secondary TLE Q&A drill. Correct answer sourced from trailing answer key.
327,42,4,5.pdf,/Users/lyndon/All reviewers/-LET REVIEWER 2026/C. MAJOR SUBJECTS/G. T L E/A. Q&A Drills/5.pdf,Which of these is the first thing the pedicurist should do to avoid such situation?,,,Be courteous,,"Ask the customer what she wants for her toenails like the shape, color, etc.",,Decide your own design and styles.,,Proceed to the service right after customer A says that she wants pedicuring.,,,,B,Correct answer sourced from the trailing answer key: B.,LET Secondary,Technology and Livelihood Education,TLE General,3,No,,0.96,Ready for Upload,LET Secondary TLE Q&A drill. Correct answer sourced from trailing answer key.
328,43,4,5.pdf,/Users/lyndon/All reviewers/-LET REVIEWER 2026/C. MAJOR SUBJECTS/G. T L E/A. Q&A Drills/5.pdf,Which is a NOT desirable quality for effective client relation?,,,Emotional control,,Positive approach,,Good manners,,Discussing personal life,,,,D,Correct answer sourced from the trailing answer key: D.,LET Secondary,Technology and Livelihood Education,TLE General,3,No,,0.96,Ready for Upload,LET Secondary TLE Q&A drill. Correct answer sourced from trailing answer key.
329,44,4,5.pdf,/Users/lyndon/All reviewers/-LET REVIEWER 2026/C. MAJOR SUBJECTS/G. T L E/A. Q&A Drills/5.pdf,Which of the following is NOT true?,,,Cosmetologist is one of the best advertisements for a salon,,"Salon owners and managers do not consider appearance, personality and poise to be as important as technical knowledge and manual skills.",,The female cosmetologist should wear stylish shoes that fit and are comfortable at the end of a long day.,,All female stylists should have their hair done at least once a week and their hair should reflect the best workmanship of the salon.,,,,B,Correct answer sourced from the trailing answer key: B.,LET Secondary,Technology and Livelihood Education,TLE General,3,No,,0.96,Ready for Upload,LET Secondary TLE Q&A drill. Correct answer sourced from trailing answer key.
330,45,4,5.pdf,/Users/lyndon/All reviewers/-LET REVIEWER 2026/C. MAJOR SUBJECTS/G. T L E/A. Q&A Drills/5.pdf,The following are guidelines for good human relations and professional attitude EXCEPT one. Which is the exception?,,,Always greet a client by name with pleasant tone of voice.,,Show interest in the client's personal preferences.,,Make a good impression by wearing obtrusive jewelry to look at your best.,,Be ethical in all your dealings with clients and others with whom you come in contract. Lerisa applied as public teacher. She doesn't have any experience for job interview. Could you please help her decide?,,,,C,Correct answer sourced from the trailing answer key: C.,LET Secondary,Technology and Livelihood Education,TLE General,3,No,,0.96,Ready for Upload,LET Secondary TLE Q&A drill. Correct answer sourced from trailing answer key.
331,46,5,5.pdf,/Users/lyndon/All reviewers/-LET REVIEWER 2026/C. MAJOR SUBJECTS/G. T L E/A. Q&A Drills/5.pdf,What type of clothing will she wear?,,,Casual dress,,Sunday dress,,Business Attire,,Party Dress,,,,C,Correct answer sourced from the trailing answer key: C.,LET Secondary,Technology and Livelihood Education,TLE General,3,No,,0.96,Ready for Upload,LET Secondary TLE Q&A drill. Correct answer sourced from trailing answer key.
332,47,5,5.pdf,/Users/lyndon/All reviewers/-LET REVIEWER 2026/C. MAJOR SUBJECTS/G. T L E/A. Q&A Drills/5.pdf,What type of makeup may she put-on?,,,Corrective makeup,,Light makeup,,Heavy makeup,,"Photographic makeup Miss T was invited as one of the principal sponsor in her best friend's daughter's wedding. She went to a salon to have hairstyle, makeup, manicure and pedicure.",,,,B,Correct answer sourced from the trailing answer key: B.,LET Secondary,Technology and Livelihood Education,TLE General,3,No,,0.96,Ready for Upload,LET Secondary TLE Q&A drill. Correct answer sourced from trailing answer key.
333,48,5,5.pdf,/Users/lyndon/All reviewers/-LET REVIEWER 2026/C. MAJOR SUBJECTS/G. T L E/A. Q&A Drills/5.pdf,Miss T wants a neatly finished up style. Which of the following styles is best suited for her?,,,French Twist hairstyle,,Laced - Up and Elegant Hairstyle,,Chignon,,Petal and blooms hairstyle,,,,B,Correct answer sourced from the trailing answer key: B.,LET Secondary,Technology and Livelihood Education,TLE General,3,No,,0.96,Ready for Upload,LET Secondary TLE Q&A drill. Correct answer sourced from trailing answer key.
334,49,5,5.pdf,/Users/lyndon/All reviewers/-LET REVIEWER 2026/C. MAJOR SUBJECTS/G. T L E/A. Q&A Drills/5.pdf,Which of the following makeup does she need?,,,Day makeup,,Evening makeup,,Photographic makeup,,Theatrical/ Fantasy makeup,,,,C,Correct answer sourced from the trailing answer key: C.,LET Secondary,Technology and Livelihood Education,TLE General,3,No,,0.96,Ready for Upload,LET Secondary TLE Q&A drill. Correct answer sourced from trailing answer key.
335,50,5,5.pdf,/Users/lyndon/All reviewers/-LET REVIEWER 2026/C. MAJOR SUBJECTS/G. T L E/A. Q&A Drills/5.pdf,Miss T has short nails. What nail shape is best for her?,,,Round Nail,,Oval Nail,,Square Nail,,"Pointed Nail Mrs. P just finished her discussion about the equipment, implements, cosmetics and materials in manicuring and pedicuring. She asked her students to classify the following items: nail brush, cuticle nipper, assorted colored polish, alcohol, chair, finger bowl, cuticle pusher, cotton, top coat, antiseptic solution, cuticle remover, hand towel, manicure pillow, nail file, orange wood stick, nail polish remover, base coat and nail polish remover.",,,,A,Correct answer sourced from the trailing answer key: A.,LET Secondary,Technology and Livelihood Education,TLE General,3,No,,0.96,Ready for Upload,LET Secondary TLE Q&A drill. Correct answer sourced from trailing answer key.
336,51,5,5.pdf,/Users/lyndon/All reviewers/-LET REVIEWER 2026/C. MAJOR SUBJECTS/G. T L E/A. Q&A Drills/5.pdf,Which of these are implements?,,,"Chair, manicure pillow and finger bowl",,"Assorted colored polish, tip coat, base coat and cuticle remover",,"Cuticle pusher, nail brush, cuticle nipper, nail file and orange wood stick",,"Cotton, hand towel, antiseptic solution, alcohol and nail polish remover",,,,C,Correct answer sourced from the trailing answer key: C.,LET Secondary,Technology and Livelihood Education,TLE General,3,No,,0.96,Ready for Upload,LET Secondary TLE Q&A drill. Correct answer sourced from trailing answer key.
337,52,5,5.pdf,/Users/lyndon/All reviewers/-LET REVIEWER 2026/C. MAJOR SUBJECTS/G. T L E/A. Q&A Drills/5.pdf,Which of these are cosmetics?,,,"Cotton, hand towel, antiseptic solution, alcohol and nail polish remover",,"Top coat, base coat, assorted colored polish and cuticle remover",,"Finger bowl, manicure pillow and chair",,"Orange wood stick, cuticle pusher, cuticle nipper, nail file and nail brush",,,,B,Correct answer sourced from the trailing answer key: B.,LET Secondary,Technology and Livelihood Education,TLE General,3,No,,0.96,Ready for Upload,LET Secondary TLE Q&A drill. Correct answer sourced from trailing answer key.
338,53,5,5.pdf,/Users/lyndon/All reviewers/-LET REVIEWER 2026/C. MAJOR SUBJECTS/G. T L E/A. Q&A Drills/5.pdf,Which of these is equipment?,,,"Cuticle remover, base coat, top coat and assorted colored polish",,"Cuticle nipper, nail file, nail brush, orange wood stick and cuticle pusher",,"Hand towel, nail polish remover and antiseptic solution",,"Manicure pillow, chair and finger bowl.",,,,D,Correct answer sourced from the trailing answer key: D.,LET Secondary,Technology and Livelihood Education,TLE General,3,No,,0.96,Ready for Upload,LET Secondary TLE Q&A drill. Correct answer sourced from trailing answer key.
339,54,6,5.pdf,/Users/lyndon/All reviewers/-LET REVIEWER 2026/C. MAJOR SUBJECTS/G. T L E/A. Q&A Drills/5.pdf,Which of these is the correct way to use cuticle nail file?,,,The pointed side is used to push back and moisten the cuticles.,,The dull spade side is used to scrape and moisten the cuticles.,,The pointed side is used to push back and remove the cuticles.,,The dull spade side is used to push back and loosen the cuticles.,,,,D,Correct answer sourced from the trailing answer key: D.,LET Secondary,Technology and Livelihood Education,TLE General,3,No,,0.96,Ready for Upload,LET Secondary TLE Q&A drill. Correct answer sourced from trailing answer key.
340,55,6,5.pdf,/Users/lyndon/All reviewers/-LET REVIEWER 2026/C. MAJOR SUBJECTS/G. T L E/A. Q&A Drills/5.pdf,Which of these is the correct way to use nail brush? Insert the ring finger and pinky in the nail brush handle and brush the nails _____________.,,,with a downward motion form the base to the fingertips to clean.,,with the sideward motion from the base to the fingertips to clean the nails and fingers.,,with a upward motion from the base to the fingertips to clean the nails and fingers.,,with a sawing motion from the base to the fingertips to clean the nails and fingers.,,,,A,Correct answer sourced from the trailing answer key: A.,LET Secondary,Technology and Livelihood Education,TLE General,3,No,,0.96,Ready for Upload,LET Secondary TLE Q&A drill. Correct answer sourced from trailing answer key.
341,56,6,5.pdf,/Users/lyndon/All reviewers/-LET REVIEWER 2026/C. MAJOR SUBJECTS/G. T L E/A. Q&A Drills/5.pdf,Which is created by allowing the nail to grow out straight and then filing the tip straight across the right angles with the rest of the nail plate?,,,Round nail,,Square nail,,Pointed nail,,Oval nail,,,,B,Correct answer sourced from the trailing answer key: B.,LET Secondary,Technology and Livelihood Education,TLE General,3,No,,0.96,Ready for Upload,LET Secondary TLE Q&A drill. Correct answer sourced from trailing answer key.
342,57,6,5.pdf,/Users/lyndon/All reviewers/-LET REVIEWER 2026/C. MAJOR SUBJECTS/G. T L E/A. Q&A Drills/5.pdf,Massage is part of the manicuring and pedicuring services. When is massage applied? Before_______________.,,,removing old polish,,coloring polish,,base coat,,top coat,,,,C,Correct answer sourced from the trailing answer key: C.,LET Secondary,Technology and Livelihood Education,TLE General,3,No,,0.96,Ready for Upload,LET Secondary TLE Q&A drill. Correct answer sourced from trailing answer key.
343,58,6,5.pdf,/Users/lyndon/All reviewers/-LET REVIEWER 2026/C. MAJOR SUBJECTS/G. T L E/A. Q&A Drills/5.pdf,Which of the following is the last step in manicuring/ pedicuring?,,,Apply to coat,,Clean under free edge,,Re - examine nails and cuticles,,Dry fingertips,,,,A,Correct answer sourced from the trailing answer key: A.,LET Secondary,Technology and Livelihood Education,TLE General,3,No,,0.96,Ready for Upload,LET Secondary TLE Q&A drill. Correct answer sourced from trailing answer key.
344,59,6,5.pdf,/Users/lyndon/All reviewers/-LET REVIEWER 2026/C. MAJOR SUBJECTS/G. T L E/A. Q&A Drills/5.pdf,"Which of these is an imaginative and artistic process of caring for the nails and top nails, involving special care and expertise for bringing out the best effects?",,,Nail tattoo,,Nail art,,Nail extender,,Nail technician,,,,B,Correct answer sourced from the trailing answer key: B.,LET Secondary,Technology and Livelihood Education,TLE General,3,No,,0.96,Ready for Upload,LET Secondary TLE Q&A drill. Correct answer sourced from trailing answer key.
345,60,6,5.pdf,/Users/lyndon/All reviewers/-LET REVIEWER 2026/C. MAJOR SUBJECTS/G. T L E/A. Q&A Drills/5.pdf,Which of the following statement is correct?,,,Adult fingernails grow at an average rate of 1/8 inch a month,,Older people nail grow slowly than younger people,,Fingernails grow more easily than toenails.,,The rate of nail growth is greatest during winter.,,,,A,Correct answer sourced from the trailing answer key: A.,LET Secondary,Technology and Livelihood Education,TLE General,3,No,,0.96,Ready for Upload,LET Secondary TLE Q&A drill. Correct answer sourced from trailing answer key.
346,61,6,5.pdf,/Users/lyndon/All reviewers/-LET REVIEWER 2026/C. MAJOR SUBJECTS/G. T L E/A. Q&A Drills/5.pdf,In which of pipes does portable water travel?,,,ABS pipes,,Galvanized Pipes,,Cast iron pipes,,PVC pipes (orange),,,,B,Correct answer sourced from the trailing answer key: B.,LET Secondary,Technology and Livelihood Education,TLE General,3,No,,0.96,Ready for Upload,LET Secondary TLE Q&A drill. Correct answer sourced from trailing answer key.
347,62,6,5.pdf,/Users/lyndon/All reviewers/-LET REVIEWER 2026/C. MAJOR SUBJECTS/G. T L E/A. Q&A Drills/5.pdf,"If your water system has leak, where can you shut off the flow of water?",,,Gate valve,,Galvanized,,Check valve,,Angle valve,,,,A,Correct answer sourced from the trailing answer key: A.,LET Secondary,Technology and Livelihood Education,TLE General,3,No,67,0.96,Duplicate,LET Secondary TLE Q&A drill. Correct answer sourced from trailing answer key.
348,63,6,5.pdf,/Users/lyndon/All reviewers/-LET REVIEWER 2026/C. MAJOR SUBJECTS/G. T L E/A. Q&A Drills/5.pdf,A plumber wants to install a liquid seal to prevent sewer gasses from entering the building. What device is needed?,,,Union,,Trap,,Backflow preventer,,Pump,,,,C,Correct answer sourced from the trailing answer key: C.,LET Secondary,Technology and Livelihood Education,Industrial Arts,3,No,68,0.96,Duplicate,LET Secondary TLE Q&A drill. Correct answer sourced from trailing answer key.
349,64,7,5.pdf,/Users/lyndon/All reviewers/-LET REVIEWER 2026/C. MAJOR SUBJECTS/G. T L E/A. Q&A Drills/5.pdf,A plumber wants to shut off the flow of water just 90 degrees turn. Which valve is appropriate?,,,Gate valve,,Globe valve,,check valve,,angle valve,,,,A,Correct answer sourced from the trailing answer key: A.,LET Secondary,Technology and Livelihood Education,Industrial Arts,3,No,69,0.96,Duplicate,LET Secondary TLE Q&A drill. Correct answer sourced from trailing answer key.
350,65,7,5.pdf,/Users/lyndon/All reviewers/-LET REVIEWER 2026/C. MAJOR SUBJECTS/G. T L E/A. Q&A Drills/5.pdf,What do you call those waterproof ribbon for covering threaded pipes joints to prevent leakage?,,,rubber bond,,masking tape,,Teflon tape,,tape,,,,C,Correct answer sourced from the trailing answer key: C.,LET Secondary,Technology and Livelihood Education,TLE General,3,No,,0.96,Ready for Upload,LET Secondary TLE Q&A drill. Correct answer sourced from trailing answer key.
351,66,7,5.pdf,/Users/lyndon/All reviewers/-LET REVIEWER 2026/C. MAJOR SUBJECTS/G. T L E/A. Q&A Drills/5.pdf,"In the end of a PVC pipe is fitted with a male adopter, what fitting will be used to stop the flow of the water?",,,Elbow,,coupling,,cap,,Plug,,,,C,Correct answer sourced from the trailing answer key: C.,LET Secondary,Technology and Livelihood Education,TLE General,3,No,,0.96,Ready for Upload,LET Secondary TLE Q&A drill. Correct answer sourced from trailing answer key.
352,67,7,5.pdf,/Users/lyndon/All reviewers/-LET REVIEWER 2026/C. MAJOR SUBJECTS/G. T L E/A. Q&A Drills/5.pdf,How many PVC pipes can installed in a,,,,,,,,,,,,,B,Correct answer sourced from the trailing answer key: B.,LET Secondary,Technology and Livelihood Education,TLE General,3,No,,0.96,Incomplete,LET Secondary TLE Q&A drill. Correct answer sourced from trailing answer key.
353,7,1,5.pdf,/Users/lyndon/All reviewers/-LET REVIEWER 2026/C. MAJOR SUBJECTS/G. T L E/A. Q&A Drills/5.pdf,50 meter distance?,,,2 pcs,,2.5 pcs,,3 pcs,,3.5 pcs,,,,C,Correct answer sourced from the trailing answer key: C.,LET Secondary,Technology and Livelihood Education,TLE General,3,No,,0.96,Ready for Upload,LET Secondary TLE Q&A drill. Correct answer sourced from trailing answer key.
354,68,7,5.pdf,/Users/lyndon/All reviewers/-LET REVIEWER 2026/C. MAJOR SUBJECTS/G. T L E/A. Q&A Drills/5.pdf,"If the end of a PVC pipe is fitted with a female adopter, what fitting will be used to stop the flow of water?",,,elbow,,coupling,,cap,,plug,,,,D,Correct answer sourced from the trailing answer key: D.,LET Secondary,Technology and Livelihood Education,TLE General,3,No,,0.96,Ready for Upload,LET Secondary TLE Q&A drill. Correct answer sourced from trailing answer key.
355,69,7,5.pdf,/Users/lyndon/All reviewers/-LET REVIEWER 2026/C. MAJOR SUBJECTS/G. T L E/A. Q&A Drills/5.pdf,A plumber wants to connect two length of pipes. Which fitting is necessary?,,,coupling,,elbow,,tee,,pipe wrench,,,,A,Correct answer sourced from the trailing answer key: A.,LET Secondary,Technology and Livelihood Education,Industrial Arts,3,No,74,0.96,Duplicate,LET Secondary TLE Q&A drill. Correct answer sourced from trailing answer key.
356,70,7,5.pdf,/Users/lyndon/All reviewers/-LET REVIEWER 2026/C. MAJOR SUBJECTS/G. T L E/A. Q&A Drills/5.pdf,"If there is leaking in the water supply of lavatory, sink and water closet, valve are you going to shut off?",,,Gate valve,,Globe valve,,Check valve,,Angle valve,,,,D,Correct answer sourced from the trailing answer key: D.,LET Secondary,Technology and Livelihood Education,TLE General,3,No,,0.96,Ready for Upload,LET Secondary TLE Q&A drill. Correct answer sourced from trailing answer key.
357,71,7,5.pdf,/Users/lyndon/All reviewers/-LET REVIEWER 2026/C. MAJOR SUBJECTS/G. T L E/A. Q&A Drills/5.pdf,"If you install a soil pipe, what is the standard pitch or slope?",,,5%,,10%,,2%,,15,,,,C,Correct answer sourced from the trailing answer key: C.,LET Secondary,Technology and Livelihood Education,Agriculture and Fishery Arts,3,No,76,0.96,Duplicate,LET Secondary TLE Q&A drill. Correct answer sourced from trailing answer key.
358,72,7,5.pdf,/Users/lyndon/All reviewers/-LET REVIEWER 2026/C. MAJOR SUBJECTS/G. T L E/A. Q&A Drills/5.pdf,"If you source of potable water, what is the minimum safe distance from the septic tank?",,,15 meters,,10 meters,,5 meters,,20 meters,,,,A,Correct answer sourced from the trailing answer key: A.,LET Secondary,Technology and Livelihood Education,TLE General,3,No,,0.96,Ready for Upload,LET Secondary TLE Q&A drill. Correct answer sourced from trailing answer key.
359,73,7,5.pdf,/Users/lyndon/All reviewers/-LET REVIEWER 2026/C. MAJOR SUBJECTS/G. T L E/A. Q&A Drills/5.pdf,"No cesspool, septic tank or drain fields shall be located within how many meter radius from the well?",,,15 meters,,10 meters,,50 meter,,45 meters,,,,D,Correct answer sourced from the trailing answer key: D.,LET Secondary,Technology and Livelihood Education,TLE General,3,No,78,0.96,Duplicate,LET Secondary TLE Q&A drill. Correct answer sourced from trailing answer key.
360,74,7,5.pdf,/Users/lyndon/All reviewers/-LET REVIEWER 2026/C. MAJOR SUBJECTS/G. T L E/A. Q&A Drills/5.pdf,"If you plan to drill for a well that can supply water for public use, what is the minimum meter radius from a well to the residences?",,,150 meters,,100 meters,,50 meters,,200 meters,,,,B,Correct answer sourced from the trailing answer key: B.,LET Secondary,Technology and Livelihood Education,TLE General,3,No,79,0.96,Duplicate,LET Secondary TLE Q&A drill. Correct answer sourced from trailing answer key.
361,75,8,5.pdf,/Users/lyndon/All reviewers/-LET REVIEWER 2026/C. MAJOR SUBJECTS/G. T L E/A. Q&A Drills/5.pdf,There should be no concrete sanitary sewer existing within how many meter radius from the well?,,,15 meter,,10 meters,,50 meters,,45 meters,,,,D,Correct answer sourced from the trailing answer key: D.,LET Secondary,Technology and Livelihood Education,Industrial Arts,3,No,,0.96,Ready for Upload,LET Secondary TLE Q&A drill. Correct answer sourced from trailing answer key.
362,76,8,5.pdf,/Users/lyndon/All reviewers/-LET REVIEWER 2026/C. MAJOR SUBJECTS/G. T L E/A. Q&A Drills/5.pdf,There should be no concrete sanitary sewers existing within how many meters radius from the well?,,,15 meters,,10 meters,,50 meters,,45 meter,,,,A,Correct answer sourced from the trailing answer key: A.,LET Secondary,Technology and Livelihood Education,Industrial Arts,3,No,,0.96,Ready for Upload,LET Secondary TLE Q&A drill. Correct answer sourced from trailing answer key.
363,77,8,5.pdf,/Users/lyndon/All reviewers/-LET REVIEWER 2026/C. MAJOR SUBJECTS/G. T L E/A. Q&A Drills/5.pdf,The standard length of a PVC pipe is __________ .,,,12 ft.,,2.0 m,,50 meters,,45 meters,,,,D,Correct answer sourced from the trailing answer key: D.,LET Secondary,Technology and Livelihood Education,TLE General,3,No,,0.96,Ready for Upload,LET Secondary TLE Q&A drill. Correct answer sourced from trailing answer key.
364,78,8,5.pdf,/Users/lyndon/All reviewers/-LET REVIEWER 2026/C. MAJOR SUBJECTS/G. T L E/A. Q&A Drills/5.pdf,"If you want to estimate the number of G.I pipes needed from your house to the main supply, what is the length of a G.I pipe that you are going to use?",,,20.0 m,,6 ft.,,3.0 m,,20 ft,,,,B,Correct answer sourced from the trailing answer key: B.,LET Secondary,Technology and Livelihood Education,TLE General,3,No,,0.96,Ready for Upload,LET Secondary TLE Q&A drill. Correct answer sourced from trailing answer key.
365,79,8,5.pdf,/Users/lyndon/All reviewers/-LET REVIEWER 2026/C. MAJOR SUBJECTS/G. T L E/A. Q&A Drills/5.pdf,"If you want to estimate the number of PVC pipes needed from your houses to the main supply, what is the standard length of a PVC. Pipe that you are going to use?",,,20.0 m,,6 ft.,,3.0 m,,20 ft,,,,C,Correct answer sourced from the trailing answer key: C.,LET Secondary,Technology and Livelihood Education,TLE General,3,No,,0.96,Ready for Upload,LET Secondary TLE Q&A drill. Correct answer sourced from trailing answer key.
366,80,8,5.pdf,/Users/lyndon/All reviewers/-LET REVIEWER 2026/C. MAJOR SUBJECTS/G. T L E/A. Q&A Drills/5.pdf,All plumbing fixtures must have P- trap EXCEPT ____________ .,,,lavatory,,water closet,,sink,,bath tub,,,,B,Correct answer sourced from the trailing answer key: B.,LET Secondary,Technology and Livelihood Education,Industrial Arts,3,No,,0.96,Ready for Upload,LET Secondary TLE Q&A drill. Correct answer sourced from trailing answer key.
367,81,8,5.pdf,/Users/lyndon/All reviewers/-LET REVIEWER 2026/C. MAJOR SUBJECTS/G. T L E/A. Q&A Drills/5.pdf,Which is considered to be the oldest and most commonly used building material?,,,cement,,wood,,steel,,stand,,,,B,Correct answer sourced from the trailing answer key: B.,LET Secondary,Technology and Livelihood Education,TLE General,3,No,,0.96,Ready for Upload,LET Secondary TLE Q&A drill. Correct answer sourced from trailing answer key.
368,82,8,5.pdf,/Users/lyndon/All reviewers/-LET REVIEWER 2026/C. MAJOR SUBJECTS/G. T L E/A. Q&A Drills/5.pdf,Which wood which is obtained from confers and are used for training?,,,hard wood,,softwood,,dark wood,,brown wood,,,,B,Correct answer sourced from the trailing answer key: B.,LET Secondary,Technology and Livelihood Education,Industrial Arts,3,No,,0.96,Ready for Upload,LET Secondary TLE Q&A drill. Correct answer sourced from trailing answer key.
369,83,8,5.pdf,/Users/lyndon/All reviewers/-LET REVIEWER 2026/C. MAJOR SUBJECTS/G. T L E/A. Q&A Drills/5.pdf,Which wood is obtained from deciduous trees?,,,hard wood,,softwood,,dark wood,,brown wood,,,,A,Correct answer sourced from the trailing answer key: A.,LET Secondary,Technology and Livelihood Education,Industrial Arts,3,No,,0.96,Ready for Upload,LET Secondary TLE Q&A drill. Correct answer sourced from trailing answer key.
370,84,8,5.pdf,/Users/lyndon/All reviewers/-LET REVIEWER 2026/C. MAJOR SUBJECTS/G. T L E/A. Q&A Drills/5.pdf,Which is a binding agent that reacts with water to form a hard-stone- like substances?,,,glue,,cement,,mortar,,grout,,,,B,Correct answer sourced from the trailing answer key: B.,LET Secondary,Technology and Livelihood Education,TLE General,3,No,,0.96,Ready for Upload,LET Secondary TLE Q&A drill. Correct answer sourced from trailing answer key.
371,85,8,5.pdf,/Users/lyndon/All reviewers/-LET REVIEWER 2026/C. MAJOR SUBJECTS/G. T L E/A. Q&A Drills/5.pdf,Which term refers to inert material when bound together into a conglomerated mass form concrete?,,,Aggregates,,Gravel,,Cement,,Grout,,,,A,Correct answer sourced from the trailing answer key: A.,LET Secondary,Technology and Livelihood Education,Industrial Arts,3,No,,0.96,Ready for Upload,LET Secondary TLE Q&A drill. Correct answer sourced from trailing answer key.
372,86,8,5.pdf,/Users/lyndon/All reviewers/-LET REVIEWER 2026/C. MAJOR SUBJECTS/G. T L E/A. Q&A Drills/5.pdf,"A lumber that has been sawed, edged and trimmed in which cutting marks are visible is _____ .",,,rough,,smooth,,dressed,,worked,,,,A,Correct answer sourced from the trailing answer key: A.,LET Secondary,Technology and Livelihood Education,Industrial Arts,3,No,,0.96,Ready for Upload,LET Secondary TLE Q&A drill. Correct answer sourced from trailing answer key.
373,87,9,5.pdf,/Users/lyndon/All reviewers/-LET REVIEWER 2026/C. MAJOR SUBJECTS/G. T L E/A. Q&A Drills/5.pdf,Which lumber has been put through planning machine which gives fine surface?,,,rough,,smooth,,dressed,,worked,,,,C,Correct answer sourced from the trailing answer key: C.,LET Secondary,Technology and Livelihood Education,Industrial Arts,3,No,,0.96,Ready for Upload,LET Secondary TLE Q&A drill. Correct answer sourced from trailing answer key.
374,88,9,5.pdf,/Users/lyndon/All reviewers/-LET REVIEWER 2026/C. MAJOR SUBJECTS/G. T L E/A. Q&A Drills/5.pdf,"Which lumber that has been dressed and matched, ship lapped or patterned?",,,rough,,smooth,,dressed,,worked,,,,D,Correct answer sourced from the trailing answer key: D.,LET Secondary,Technology and Livelihood Education,Industrial Arts,3,No,,0.96,Ready for Upload,LET Secondary TLE Q&A drill. Correct answer sourced from trailing answer key.
375,89,9,5.pdf,/Users/lyndon/All reviewers/-LET REVIEWER 2026/C. MAJOR SUBJECTS/G. T L E/A. Q&A Drills/5.pdf,Which is a plank of wood that has been roughly cut?,,,timber,,board,,lumber,,block,,,,C,Correct answer sourced from the trailing answer key: C.,LET Secondary,Technology and Livelihood Education,Industrial Arts,3,No,,0.96,Ready for Upload,LET Secondary TLE Q&A drill. Correct answer sourced from trailing answer key.
376,90,9,5.pdf,/Users/lyndon/All reviewers/-LET REVIEWER 2026/C. MAJOR SUBJECTS/G. T L E/A. Q&A Drills/5.pdf,Which lumber has been cut from logs radially to the growth rings and the fiber runs about parallel to the face?,,,edge-grain,,angle-grain,,flat-grain,,close-grain,,,,C,Correct answer sourced from the trailing answer key: C.,LET Secondary,Technology and Livelihood Education,Industrial Arts,3,No,,0.96,Ready for Upload,LET Secondary TLE Q&A drill. Correct answer sourced from trailing answer key.
377,91,9,5.pdf,/Users/lyndon/All reviewers/-LET REVIEWER 2026/C. MAJOR SUBJECTS/G. T L E/A. Q&A Drills/5.pdf,Which lumber has been cut tangentially to the growth rings and the fiber runs about 90 degrees to the face?,,,edge-grain,,angle-grain,,flat-grain,,close-grain,,,,A,Correct answer sourced from the trailing answer key: A.,LET Secondary,Technology and Livelihood Education,Industrial Arts,3,No,,0.96,Ready for Upload,LET Secondary TLE Q&A drill. Correct answer sourced from trailing answer key.
378,92,9,5.pdf,/Users/lyndon/All reviewers/-LET REVIEWER 2026/C. MAJOR SUBJECTS/G. T L E/A. Q&A Drills/5.pdf,"Which is the art of building with stone, bricks, concrete block or other similar materials?",,,carpentry,,concrete,,mortar,,masonry,,,,D,Correct answer sourced from the trailing answer key: D.,LET Secondary,Technology and Livelihood Education,Industrial Arts,3,No,,0.96,Ready for Upload,LET Secondary TLE Q&A drill. Correct answer sourced from trailing answer key.
379,93,9,5.pdf,/Users/lyndon/All reviewers/-LET REVIEWER 2026/C. MAJOR SUBJECTS/G. T L E/A. Q&A Drills/5.pdf,"If you want to go up stairs, which part do you hold on to?",,,handrail,,Read,,handle,,Riser,,,,A,Correct answer sourced from the trailing answer key: A.,LET Secondary,Technology and Livelihood Education,TLE General,3,No,,0.96,Ready for Upload,LET Secondary TLE Q&A drill. Correct answer sourced from trailing answer key.
380,94,9,5.pdf,/Users/lyndon/All reviewers/-LET REVIEWER 2026/C. MAJOR SUBJECTS/G. T L E/A. Q&A Drills/5.pdf,"If you want to go up stairs, which part do you step on?",,,handrail,,Read,,handle,,Riser,,,,B,Correct answer sourced from the trailing answer key: B.,LET Secondary,Technology and Livelihood Education,TLE General,3,No,,0.96,Ready for Upload,LET Secondary TLE Q&A drill. Correct answer sourced from trailing answer key.
381,95,9,5.pdf,/Users/lyndon/All reviewers/-LET REVIEWER 2026/C. MAJOR SUBJECTS/G. T L E/A. Q&A Drills/5.pdf,What makes the door swing when close and open it?,,,Door knob,,Door lock,,Door shutter,,Door hinge,,,,D,Correct answer sourced from the trailing answer key: D.,LET Secondary,Technology and Livelihood Education,TLE General,3,No,,0.96,Ready for Upload,LET Secondary TLE Q&A drill. Correct answer sourced from trailing answer key.
382,96,9,5.pdf,/Users/lyndon/All reviewers/-LET REVIEWER 2026/C. MAJOR SUBJECTS/G. T L E/A. Q&A Drills/5.pdf,"A carpenter wants to construct a stair, what could be the standard height of the riser?",,,5-6 inches,,6-8 inches,,8-10 inches,,10-12 inches,,,,B,Correct answer sourced from the trailing answer key: B.,LET Secondary,Technology and Livelihood Education,TLE General,3,No,,0.96,Ready for Upload,LET Secondary TLE Q&A drill. Correct answer sourced from trailing answer key.
383,97,9,5.pdf,/Users/lyndon/All reviewers/-LET REVIEWER 2026/C. MAJOR SUBJECTS/G. T L E/A. Q&A Drills/5.pdf,"In masonry works, it is necessary to wear protective equipment except __________ .",,,mask,,goggles,,gloves,,ear muffs,,,,D,Correct answer sourced from the trailing answer key: D.,LET Secondary,Technology and Livelihood Education,Industrial Arts,3,No,,0.96,Ready for Upload,LET Secondary TLE Q&A drill. Correct answer sourced from trailing answer key.
384,98,9,5.pdf,/Users/lyndon/All reviewers/-LET REVIEWER 2026/C. MAJOR SUBJECTS/G. T L E/A. Q&A Drills/5.pdf,"In the construction site, what protects the carpenter from failing objects?",,,hat,,belt and harness,,helmet,,shed,,,,C,Correct answer sourced from the trailing answer key: C.,LET Secondary,Technology and Livelihood Education,TLE General,3,No,,0.96,Ready for Upload,LET Secondary TLE Q&A drill. Correct answer sourced from trailing answer key.
385,99,10,5.pdf,/Users/lyndon/All reviewers/-LET REVIEWER 2026/C. MAJOR SUBJECTS/G. T L E/A. Q&A Drills/5.pdf,"In the construction site, what protects the carpenter form falling?",,,hat,,belt and harness,,helmet,,shed,,,,B,Correct answer sourced from the trailing answer key: B.,LET Secondary,Technology and Livelihood Education,TLE General,3,No,,0.96,Ready for Upload,LET Secondary TLE Q&A drill. Correct answer sourced from trailing answer key.
386,100,10,5.pdf,/Users/lyndon/All reviewers/-LET REVIEWER 2026/C. MAJOR SUBJECTS/G. T L E/A. Q&A Drills/5.pdf,These are compress baked clay that are processed into workable materials?,,,stone,,sand,,bricks,,CHB,,,,C,Correct answer sourced from the trailing answer key: C.,LET Secondary,Technology and Livelihood Education,TLE General,3,No,,0.96,Ready for Upload,LET Secondary TLE Q&A drill. Correct answer sourced from trailing answer key.
387,101,10,5.pdf,/Users/lyndon/All reviewers/-LET REVIEWER 2026/C. MAJOR SUBJECTS/G. T L E/A. Q&A Drills/5.pdf,Which lumber has wood fiber that are packed closely together?,,,edge-grain,,angle-grain,,flat-grain,,close-grain,,,,D,Correct answer sourced from the trailing answer key: D.,LET Secondary,Technology and Livelihood Education,Industrial Arts,3,No,,0.96,Ready for Upload,LET Secondary TLE Q&A drill. Correct answer sourced from trailing answer key.
388,102,10,5.pdf,/Users/lyndon/All reviewers/-LET REVIEWER 2026/C. MAJOR SUBJECTS/G. T L E/A. Q&A Drills/5.pdf,Which lumber has wood fibers that do not run parallel to the board?,,,edge-grain,,angle-grain,,flat-grain,,close-grain,,,,B,Correct answer sourced from the trailing answer key: B.,LET Secondary,Technology and Livelihood Education,Industrial Arts,3,No,,0.96,Ready for Upload,LET Secondary TLE Q&A drill. Correct answer sourced from trailing answer key.
389,103,10,5.pdf,/Users/lyndon/All reviewers/-LET REVIEWER 2026/C. MAJOR SUBJECTS/G. T L E/A. Q&A Drills/5.pdf,A carpenter makes a pictures frame. Which type of joint is appropriate?,,,dado joint,,tennon joint,,lap joint,,milter joint,,,,D,Correct answer sourced from the trailing answer key: D.,LET Secondary,Technology and Livelihood Education,TLE General,3,No,,0.96,Ready for Upload,LET Secondary TLE Q&A drill. Correct answer sourced from trailing answer key.
390,104,10,5.pdf,/Users/lyndon/All reviewers/-LET REVIEWER 2026/C. MAJOR SUBJECTS/G. T L E/A. Q&A Drills/5.pdf,A carpenter fixes shelves to a bookcase . Which type of joint is appropriate?,,,dado joint,,tennon joint,,lap joint,,milter joint,,,,A,Correct answer sourced from the trailing answer key: A.,LET Secondary,Technology and Livelihood Education,TLE General,3,No,,0.96,Ready for Upload,LET Secondary TLE Q&A drill. Correct answer sourced from trailing answer key.
391,105,10,5.pdf,/Users/lyndon/All reviewers/-LET REVIEWER 2026/C. MAJOR SUBJECTS/G. T L E/A. Q&A Drills/5.pdf,In which joint is the end of one member inserted to the other members?,,,dado joint,,tennon joint,,lap joint,,milter joint,,,,B,Correct answer sourced from the trailing answer key: B.,LET Secondary,Technology and Livelihood Education,TLE General,3,No,,0.96,Ready for Upload,LET Secondary TLE Q&A drill. Correct answer sourced from trailing answer key.
392,106,10,5.pdf,/Users/lyndon/All reviewers/-LET REVIEWER 2026/C. MAJOR SUBJECTS/G. T L E/A. Q&A Drills/5.pdf,Which joint describes the technique for joining two pieces by putting one side over the other?,,,dado joint,,tennon joint,,lap joint,,milter joint,,,,C,Correct answer sourced from the trailing answer key: C.,LET Secondary,Technology and Livelihood Education,TLE General,3,No,,0.96,Ready for Upload,LET Secondary TLE Q&A drill. Correct answer sourced from trailing answer key.
393,107,10,5.pdf,/Users/lyndon/All reviewers/-LET REVIEWER 2026/C. MAJOR SUBJECTS/G. T L E/A. Q&A Drills/5.pdf,Which wood joint describes the technique for joining two pieces by putting one end over the other?,,,dado joint,,tennon joint,,lap joint,,milter joint,,,,B,Correct answer sourced from the trailing answer key: B.,LET Secondary,Technology and Livelihood Education,Industrial Arts,3,No,,0.96,Ready for Upload,LET Secondary TLE Q&A drill. Correct answer sourced from trailing answer key.
394,108,10,5.pdf,/Users/lyndon/All reviewers/-LET REVIEWER 2026/C. MAJOR SUBJECTS/G. T L E/A. Q&A Drills/5.pdf,A carpenter wants to make a dining table. Which joint is appropriate to become rigid and durable?,,,Milter joint,,Mortise and tennon joint,,Dado joint,,Butt joint,,,,B,Correct answer sourced from the trailing answer key: B.,LET Secondary,Technology and Livelihood Education,TLE General,3,No,,0.96,Ready for Upload,LET Secondary TLE Q&A drill. Correct answer sourced from trailing answer key.
395,109,10,5.pdf,/Users/lyndon/All reviewers/-LET REVIEWER 2026/C. MAJOR SUBJECTS/G. T L E/A. Q&A Drills/5.pdf,Which is the simplest type of wood joint?,,,A. dado joint,,butt joint,,lap joint,,milter joint,,,,B,Correct answer sourced from the trailing answer key: B.,LET Secondary,Technology and Livelihood Education,Industrial Arts,3,No,,0.96,Ready for Upload,LET Secondary TLE Q&A drill. Correct answer sourced from trailing answer key.
396,110,10,5.pdf,/Users/lyndon/All reviewers/-LET REVIEWER 2026/C. MAJOR SUBJECTS/G. T L E/A. Q&A Drills/5.pdf,Which wood joint describes the technique for joining two pieces by cutting of45 degrees angle?,,,Rabbet joint,,Butt joint,,lap joint,,milter joint,,,,D,Correct answer sourced from the trailing answer key: D.,LET Secondary,Technology and Livelihood Education,Industrial Arts,3,No,,0.96,Ready for Upload,LET Secondary TLE Q&A drill. Correct answer sourced from trailing answer key.
397,111,11,5.pdf,/Users/lyndon/All reviewers/-LET REVIEWER 2026/C. MAJOR SUBJECTS/G. T L E/A. Q&A Drills/5.pdf,Which wood joint protects the room occupant from seeing outside?,,,Rabbet joint,,Butt joint,,Bridle joint,,Milter joint,,,,A,Correct answer sourced from the trailing answer key: A.,LET Secondary,Technology and Livelihood Education,Industrial Arts,3,No,,0.96,Ready for Upload,LET Secondary TLE Q&A drill. Correct answer sourced from trailing answer key.
398,112,11,5.pdf,/Users/lyndon/All reviewers/-LET REVIEWER 2026/C. MAJOR SUBJECTS/G. T L E/A. Q&A Drills/5.pdf,Which wood joint is used support the middle of a bench?,,,dado joint,,butt joint,,bridle joint,,milter joint,,,,C,Correct answer sourced from the trailing answer key: C.,LET Secondary,Technology and Livelihood Education,Industrial Arts,3,No,,0.96,Ready for Upload,LET Secondary TLE Q&A drill. Correct answer sourced from trailing answer key.
399,113,11,5.pdf,/Users/lyndon/All reviewers/-LET REVIEWER 2026/C. MAJOR SUBJECTS/G. T L E/A. Q&A Drills/5.pdf,Which unit is the basic linear unit of an English system?,,,foot,,meter,,yard,,inch,,,,D,Correct answer sourced from the trailing answer key: D.,LET Secondary,Technology and Livelihood Education,TLE General,3,No,,0.96,Ready for Upload,LET Secondary TLE Q&A drill. Correct answer sourced from trailing answer key.
400,114,11,5.pdf,/Users/lyndon/All reviewers/-LET REVIEWER 2026/C. MAJOR SUBJECTS/G. T L E/A. Q&A Drills/5.pdf,Which unit is the basic linear unit of a metric system?,,,foot,,meter,,yard,,inch,,,,B,Correct answer sourced from the trailing answer key: B.,LET Secondary,Technology and Livelihood Education,TLE General,3,No,,0.96,Ready for Upload,LET Secondary TLE Q&A drill. Correct answer sourced from trailing answer key.
401,115,11,5.pdf,/Users/lyndon/All reviewers/-LET REVIEWER 2026/C. MAJOR SUBJECTS/G. T L E/A. Q&A Drills/5.pdf,"If you have two feet length of a piece of wood, how long is it in inches?",,,25,,12,,22,,24,,,,D,Correct answer sourced from the trailing answer key: D.,LET Secondary,Technology and Livelihood Education,Industrial Arts,3,No,,0.96,Ready for Upload,LET Secondary TLE Q&A drill. Correct answer sourced from trailing answer key.
402,116,11,5.pdf,/Users/lyndon/All reviewers/-LET REVIEWER 2026/C. MAJOR SUBJECTS/G. T L E/A. Q&A Drills/5.pdf,"If you have two yards length of piece of wood, how long is it in inches?",,,82,,72,,30,,64,,,,B,Correct answer sourced from the trailing answer key: B.,LET Secondary,Technology and Livelihood Education,Industrial Arts,3,No,,0.96,Ready for Upload,LET Secondary TLE Q&A drill. Correct answer sourced from trailing answer key.
403,117,11,5.pdf,/Users/lyndon/All reviewers/-LET REVIEWER 2026/C. MAJOR SUBJECTS/G. T L E/A. Q&A Drills/5.pdf,Ten yards length of wood is how many feet?,,,36,,35,,30,,24,,,,C,Correct answer sourced from the trailing answer key: C.,LET Secondary,Technology and Livelihood Education,Industrial Arts,3,No,,0.96,Ready for Upload,LET Secondary TLE Q&A drill. Correct answer sourced from trailing answer key.
404,118,11,5.pdf,/Users/lyndon/All reviewers/-LET REVIEWER 2026/C. MAJOR SUBJECTS/G. T L E/A. Q&A Drills/5.pdf,One decameter of G.I sheets is how many centimeters?,,,10,,20,,100,,"1,000",,,,D,Correct answer sourced from the trailing answer key: D.,LET Secondary,Technology and Livelihood Education,TLE General,3,No,,0.96,Ready for Upload,LET Secondary TLE Q&A drill. Correct answer sourced from trailing answer key.
405,119,11,5.pdf,/Users/lyndon/All reviewers/-LET REVIEWER 2026/C. MAJOR SUBJECTS/G. T L E/A. Q&A Drills/5.pdf,A 2” x 3” x 12’ lumber is how many board feet?,,,2,,6,,8,,10,,,,B,Correct answer sourced from the trailing answer key: B.,LET Secondary,Technology and Livelihood Education,Industrial Arts,3,No,,0.96,Ready for Upload,LET Secondary TLE Q&A drill. Correct answer sourced from trailing answer key.
406,120,11,5.pdf,/Users/lyndon/All reviewers/-LET REVIEWER 2026/C. MAJOR SUBJECTS/G. T L E/A. Q&A Drills/5.pdf,Five (5) pcs. Of a 1” x 1’ x 8 lumber is how many board feet?,,,30 pcs,,35 pcs,,40 pcs,,45 pcs,,,,C,Correct answer sourced from the trailing answer key: C.,LET Secondary,Technology and Livelihood Education,Industrial Arts,3,No,,0.96,Ready for Upload,LET Secondary TLE Q&A drill. Correct answer sourced from trailing answer key.
407,1,1,6.pdf,/Users/lyndon/All reviewers/-LET REVIEWER 2026/C. MAJOR SUBJECTS/G. T L E/A. Q&A Drills/6.pdf,"When a designer or an ordinary person translates his or her design idea with the use only of paper and pencil, what is the name of the activity?",,,architectural delineation,,freehand sketching,,geometric construction,,drafting,,,,B,Correct answer sourced from the trailing answer key: B.,LET Secondary,Technology and Livelihood Education,TLE General,3,No,,0.96,Ready for Upload,LET Secondary TLE Q&A drill. Correct answer sourced from trailing answer key.
408,2,1,6.pdf,/Users/lyndon/All reviewers/-LET REVIEWER 2026/C. MAJOR SUBJECTS/G. T L E/A. Q&A Drills/6.pdf,After the 2-dimensional drawings are done and all the shapes ang sizes being laid-out next step to be executed to complete the process is called ____________ .,,,dimensioning,,tolerancing,,graphics,,shape and size description,,,,A,Correct answer sourced from the trailing answer key: A.,LET Secondary,Technology and Livelihood Education,TLE General,3,No,,0.96,Ready for Upload,LET Secondary TLE Q&A drill. Correct answer sourced from trailing answer key.
409,3,1,6.pdf,/Users/lyndon/All reviewers/-LET REVIEWER 2026/C. MAJOR SUBJECTS/G. T L E/A. Q&A Drills/6.pdf,With the help of drawing instruments such as T-square and triangles one produces quick and accurate delineations for an intended project. The process is considered as ________,,,drafting,,pictorial drawing,,graphics,,shape and size descriptions,,,,A,Correct answer sourced from the trailing answer key: A.,LET Secondary,Technology and Livelihood Education,TLE General,3,No,,0.96,Ready for Upload,LET Secondary TLE Q&A drill. Correct answer sourced from trailing answer key.
410,4,1,6.pdf,/Users/lyndon/All reviewers/-LET REVIEWER 2026/C. MAJOR SUBJECTS/G. T L E/A. Q&A Drills/6.pdf,Technical drafting the manipulation of the elements of geometry to make accurate description of shapes. Which term is referred to by engineers?,,,blueprint reading,,Geometric construction,,line weights,,measurements,,,,B,Correct answer sourced from the trailing answer key: B.,LET Secondary,Technology and Livelihood Education,Industrial Arts,3,No,,0.96,Ready for Upload,LET Secondary TLE Q&A drill. Correct answer sourced from trailing answer key.
411,5,1,6.pdf,/Users/lyndon/All reviewers/-LET REVIEWER 2026/C. MAJOR SUBJECTS/G. T L E/A. Q&A Drills/6.pdf,"Objects to be drawn are not always solid in nature and if we want to explain complex objects to the reader of our blueprints, we need an imaginary cut through a component (part) or an assembly drawing to portray exactly what is inside. This element is called _______ .",,,sectioning,,parallel perspective,,etching,,dimensioning,,,,A,Correct answer sourced from the trailing answer key: A.,LET Secondary,Technology and Livelihood Education,Industrial Arts,3,No,,0.96,Ready for Upload,LET Secondary TLE Q&A drill. Correct answer sourced from trailing answer key.
412,6,1,6.pdf,/Users/lyndon/All reviewers/-LET REVIEWER 2026/C. MAJOR SUBJECTS/G. T L E/A. Q&A Drills/6.pdf,"To make drawings look more professional, the notes, dimensions and other specifications must be professionally executed. In manual drafting this is called _____ .",,,lettering by hand,,scaling,,drawing of views,,legibility,,,,A,Correct answer sourced from the trailing answer key: A.,LET Secondary,Technology and Livelihood Education,Industrial Arts,3,No,,0.96,Ready for Upload,LET Secondary TLE Q&A drill. Correct answer sourced from trailing answer key.
413,7,1,6.pdf,/Users/lyndon/All reviewers/-LET REVIEWER 2026/C. MAJOR SUBJECTS/G. T L E/A. Q&A Drills/6.pdf,IN various engineering fields multiple line weights tare being used to emphasize or deemphasize areas of a drawing. It is also standardized in order for a uniform interpretation of drawings. The term is called ____ .,,,horizontal line,,center line,,drawing of views,,dimensioning,,,,C,Correct answer sourced from the trailing answer key: C.,LET Secondary,Technology and Livelihood Education,TLE General,3,No,,0.96,Ready for Upload,LET Secondary TLE Q&A drill. Correct answer sourced from trailing answer key.
414,8,1,6.pdf,/Users/lyndon/All reviewers/-LET REVIEWER 2026/C. MAJOR SUBJECTS/G. T L E/A. Q&A Drills/6.pdf,"It is about placing units of measure to the height, width and length of an object to convey accurate instructions to produce that part. In old English it is called “dimensions”. In drafting this means ________ .",,,tolerancing,,datum,,axis,,dimensioning,,,,A,Correct answer sourced from the trailing answer key: A.,LET Secondary,Technology and Livelihood Education,Industrial Arts,3,No,,0.96,Ready for Upload,LET Secondary TLE Q&A drill. Correct answer sourced from trailing answer key.
415,9,1,6.pdf,/Users/lyndon/All reviewers/-LET REVIEWER 2026/C. MAJOR SUBJECTS/G. T L E/A. Q&A Drills/6.pdf,Which is a method of representing the exact shape and size of an object drawn to scale on “set of planes” of projection? It is also known as 3-view drawing.,,,orthographic projection,,perspective construction,,isometric drawing,,fourth dimension,,,,A,Correct answer sourced from the trailing answer key: A.,LET Secondary,Technology and Livelihood Education,TLE General,3,No,,0.96,Ready for Upload,LET Secondary TLE Q&A drill. Correct answer sourced from trailing answer key.
416,10,2,6.pdf,/Users/lyndon/All reviewers/-LET REVIEWER 2026/C. MAJOR SUBJECTS/G. T L E/A. Q&A Drills/6.pdf,Which technique in pictorial drawings appear like 3- dimensional but the lines are exactly 30 degrees from the horizontal part of the object?,,,Isometric drawing,,Cabinet drawing,,Oblique drawing,,Perspective drawing,,,,A,Correct answer sourced from the trailing answer key: A.,LET Secondary,Technology and Livelihood Education,TLE General,3,No,,0.96,Ready for Upload,LET Secondary TLE Q&A drill. Correct answer sourced from trailing answer key.
417,11,2,6.pdf,/Users/lyndon/All reviewers/-LET REVIEWER 2026/C. MAJOR SUBJECTS/G. T L E/A. Q&A Drills/6.pdf,"As far as the appearance of the drawing is concerned, it is the most important part for the usefulness of the drawing it can be ruined if it is done carelessly. Which referred to?",,,Painting,,Lettering,,Etching,,Calligraphy,,,,B,Correct answer sourced from the trailing answer key: B.,LET Secondary,Technology and Livelihood Education,TLE General,3,No,,0.96,Ready for Upload,LET Secondary TLE Q&A drill. Correct answer sourced from trailing answer key.
418,12,2,6.pdf,/Users/lyndon/All reviewers/-LET REVIEWER 2026/C. MAJOR SUBJECTS/G. T L E/A. Q&A Drills/6.pdf,"There are six secrets of lettering namely: form proportion, stability, density, spacing. Identify the sixth secret by completing this adage “a good drafts man will never letter without the use of _______.",,,line,,guidelines,,horizontal lines,,border lines,,,,B,Correct answer sourced from the trailing answer key: B.,LET Secondary,Technology and Livelihood Education,Industrial Arts,3,No,,0.96,Ready for Upload,LET Secondary TLE Q&A drill. Correct answer sourced from trailing answer key.
419,13,2,6.pdf,/Users/lyndon/All reviewers/-LET REVIEWER 2026/C. MAJOR SUBJECTS/G. T L E/A. Q&A Drills/6.pdf,Five guidelines are accepted in the drafting field. Which of them are laided- our to touch the capital letter C aside from the base line?,,,base line,,Cap line,,Drop line,,Waist line,,,,B,Correct answer sourced from the trailing answer key: B.,LET Secondary,Technology and Livelihood Education,Industrial Arts,3,No,,0.96,Ready for Upload,LET Secondary TLE Q&A drill. Correct answer sourced from trailing answer key.
420,14,2,6.pdf,/Users/lyndon/All reviewers/-LET REVIEWER 2026/C. MAJOR SUBJECTS/G. T L E/A. Q&A Drills/6.pdf,Which of these are positioned to limit letter g aside from the waist line?,,,cap line,,drop line,,waist line,,Base line,,,,B,Correct answer sourced from the trailing answer key: B.,LET Secondary,Technology and Livelihood Education,TLE General,3,No,,0.96,Ready for Upload,LET Secondary TLE Q&A drill. Correct answer sourced from trailing answer key.
421,15,2,6.pdf,/Users/lyndon/All reviewers/-LET REVIEWER 2026/C. MAJOR SUBJECTS/G. T L E/A. Q&A Drills/6.pdf,"Of the many styles of letters, the most commonly used are script or italics, Gothic, Old English and Roman. Which of them is most commonly used for college diploma?",,,Roman,,Script or Italics,,Old English,,Gothic,,,,C,Correct answer sourced from the trailing answer key: C.,LET Secondary,Technology and Livelihood Education,TLE General,3,No,,0.96,Ready for Upload,LET Secondary TLE Q&A drill. Correct answer sourced from trailing answer key.
422,16,2,6.pdf,/Users/lyndon/All reviewers/-LET REVIEWER 2026/C. MAJOR SUBJECTS/G. T L E/A. Q&A Drills/6.pdf,Extended letters of a given height are more legible while compressed letters are used when _____ .,,,space id limited,,space is wide,,space is limitless,,space is narrow,,,,A,Correct answer sourced from the trailing answer key: A.,LET Secondary,Technology and Livelihood Education,TLE General,3,No,,0.96,Ready for Upload,LET Secondary TLE Q&A drill. Correct answer sourced from trailing answer key.
423,17,2,6.pdf,/Users/lyndon/All reviewers/-LET REVIEWER 2026/C. MAJOR SUBJECTS/G. T L E/A. Q&A Drills/6.pdf,"Time is gold so a drafter must not get into a habit of making excessively time consuming letters, single-stroke letters are advised with ______ .",,,rapidity of strokes,,sloppiness,,laziness,,free and natural fashion,,,,D,Correct answer sourced from the trailing answer key: D.,LET Secondary,Technology and Livelihood Education,Industrial Arts,3,No,,0.96,Ready for Upload,LET Secondary TLE Q&A drill. Correct answer sourced from trailing answer key.
424,18,2,6.pdf,/Users/lyndon/All reviewers/-LET REVIEWER 2026/C. MAJOR SUBJECTS/G. T L E/A. Q&A Drills/6.pdf,A grade 9 student understood that the roman letters consist of thick and thin lines and was asking to himself what were those small thin lines at the end of every letter except O? In the drafting field the lines area called_____ .,,,serifs,,stem,,dash line,,ditto,,,,A,Correct answer sourced from the trailing answer key: A.,LET Secondary,Technology and Livelihood Education,Industrial Arts,3,No,,0.96,Ready for Upload,LET Secondary TLE Q&A drill. Correct answer sourced from trailing answer key.
425,19,2,6.pdf,/Users/lyndon/All reviewers/-LET REVIEWER 2026/C. MAJOR SUBJECTS/G. T L E/A. Q&A Drills/6.pdf,Prior to the introduction of computer- aided design and drafting there area tools in lettering which are made of either plastic or aluminum on which the drafter just traced the letter using a technical pen to produce each letter. The instrument is called _____.,,,lettering template,,lettering bx,,Leroy guide,,pressure-sensitive guide,,,,B,Correct answer sourced from the trailing answer key: B.,LET Secondary,Technology and Livelihood Education,Industrial Arts,3,No,,0.96,Ready for Upload,LET Secondary TLE Q&A drill. Correct answer sourced from trailing answer key.
426,20,3,6.pdf,/Users/lyndon/All reviewers/-LET REVIEWER 2026/C. MAJOR SUBJECTS/G. T L E/A. Q&A Drills/6.pdf,For beginning drafters the suggested height of letters to practice first is 6mm and then shift to a height of ____.,,,30mm,,3mm,,1mm,,50mm,,,,B,Correct answer sourced from the trailing answer key: B.,LET Secondary,Technology and Livelihood Education,Industrial Arts,3,No,,0.96,Ready for Upload,LET Secondary TLE Q&A drill. Correct answer sourced from trailing answer key.
427,21,3,6.pdf,/Users/lyndon/All reviewers/-LET REVIEWER 2026/C. MAJOR SUBJECTS/G. T L E/A. Q&A Drills/6.pdf,How is highlight produced for corrective make-up? A highlight is produced when ________________.,,,A darker foundation than the original one is applied to particular part of the face,,a lighter shade than the original one is applied to a particular part of the face,,a medium shade similar to the original one is applied to a particular part of the face,,a shadow subdues or minimize prominent features,,,,B,Correct answer sourced from the trailing answer key: B.,LET Secondary,Technology and Livelihood Education,TLE General,3,No,,0.96,Ready for Upload,LET Secondary TLE Q&A drill. Correct answer sourced from trailing answer key.
428,22,3,6.pdf,/Users/lyndon/All reviewers/-LET REVIEWER 2026/C. MAJOR SUBJECTS/G. T L E/A. Q&A Drills/6.pdf,What must one remember in giving facial manipulations to induce relaxation?,,,Routine,,tempo,,pressure,,skin type,,,,B,Correct answer sourced from the trailing answer key: B.,LET Secondary,Technology and Livelihood Education,TLE General,3,No,,0.96,Ready for Upload,LET Secondary TLE Q&A drill. Correct answer sourced from trailing answer key.
429,23,3,6.pdf,/Users/lyndon/All reviewers/-LET REVIEWER 2026/C. MAJOR SUBJECTS/G. T L E/A. Q&A Drills/6.pdf,A client comes into the salon for a scalp treatment. She has home obvious abrasions on her scalp. Which treatment would be accepted?,,,Apply an antiseptic scalp treatment with minimum massage,,Apply an oil treatment with heat cap,,Advise the client of her scalp condition and reschedule her appointment,,Give a first aid treatment and proceed with manipulations. Situation 4-5 Mikay noticeably has gray but she is only 11 years old and she not an albino.,,,,C,Correct answer sourced from the trailing answer key: C.,LET Secondary,Technology and Livelihood Education,Home Economics,3,No,,0.96,Ready for Upload,LET Secondary TLE Q&A drill. Correct answer sourced from trailing answer key.
430,24,3,6.pdf,/Users/lyndon/All reviewers/-LET REVIEWER 2026/C. MAJOR SUBJECTS/G. T L E/A. Q&A Drills/6.pdf,What may the cause gray hairs at this early age?,,,Lack of sleep and overexposed to computers,,She has serious illness,,She has defect in pigment formation occurring at birth,,A result of the natural aging process of humans,,,,C,Correct answer sourced from the trailing answer key: C.,LET Secondary,Technology and Livelihood Education,TLE General,3,No,,0.96,Ready for Upload,LET Secondary TLE Q&A drill. Correct answer sourced from trailing answer key.
431,25,3,6.pdf,/Users/lyndon/All reviewers/-LET REVIEWER 2026/C. MAJOR SUBJECTS/G. T L E/A. Q&A Drills/6.pdf,Who is an albino? A person born with _____________________ .,,,"A hypertrichosis or superfluous hair, an abnormal development of hair",,"an absence of coloring matter in the hair shaft, which is accompanied by no marked of pigment coloring in the skin or irises of the eyes",,Androgenetic alopecia,,a small involuntary muscle attached to the underside of a hair follicle,,,,B,Correct answer sourced from the trailing answer key: B.,LET Secondary,Technology and Livelihood Education,TLE General,3,No,,0.96,Ready for Upload,LET Secondary TLE Q&A drill. Correct answer sourced from trailing answer key.
432,26,3,6.pdf,/Users/lyndon/All reviewers/-LET REVIEWER 2026/C. MAJOR SUBJECTS/G. T L E/A. Q&A Drills/6.pdf,What type of hair cutting is done when one holds the shears at an angle to the hair stranded other than 90 degrees?,,,blunt cut,,beveled cut,,graduated cut,,undercutting,,,,B,Correct answer sourced from the trailing answer key: B.,LET Secondary,Technology and Livelihood Education,TLE General,3,No,,0.96,Ready for Upload,LET Secondary TLE Q&A drill. Correct answer sourced from trailing answer key.
433,27,3,6.pdf,/Users/lyndon/All reviewers/-LET REVIEWER 2026/C. MAJOR SUBJECTS/G. T L E/A. Q&A Drills/6.pdf,Which of the following safety measures in hair cutting is NOT true?,,,Always palm the shears when combining the hair,,When cutting bangs or any area close to the skin,,Beginners should always use a guard when razor cutting,,Cut past the second knuckle when cutting on the inside of the hand,,,,D,Correct answer sourced from the trailing answer key: D.,LET Secondary,Technology and Livelihood Education,TLE General,3,No,,0.96,Ready for Upload,LET Secondary TLE Q&A drill. Correct answer sourced from trailing answer key.
434,28,4,6.pdf,/Users/lyndon/All reviewers/-LET REVIEWER 2026/C. MAJOR SUBJECTS/G. T L E/A. Q&A Drills/6.pdf,Which is an art of arranging the hair with attractive shapes and styles?,,,Hairstyling,,Hair trimming,,Curling,,waving,,,,A,Correct answer sourced from the trailing answer key: A.,LET Secondary,Technology and Livelihood Education,TLE General,3,No,,0.96,Ready for Upload,LET Secondary TLE Q&A drill. Correct answer sourced from trailing answer key.
435,29,4,6.pdf,/Users/lyndon/All reviewers/-LET REVIEWER 2026/C. MAJOR SUBJECTS/G. T L E/A. Q&A Drills/6.pdf,Tenny cut the hair of Miss G. Tenny just did partially wet and partially dry of Miss G’s hair. What would be the result of Miss G’s hair?,,,Even,,Uneven,,Perfect,,Curly,,,,B,Correct answer sourced from the trailing answer key: B.,LET Secondary,Technology and Livelihood Education,TLE General,3,No,,0.96,Ready for Upload,LET Secondary TLE Q&A drill. Correct answer sourced from trailing answer key.
436,30,4,6.pdf,/Users/lyndon/All reviewers/-LET REVIEWER 2026/C. MAJOR SUBJECTS/G. T L E/A. Q&A Drills/6.pdf,"Following a haircut, when is texturizing performed most effectively?",,,On dry hair styled the way it will typically be won.,,At the shampoo bowl after the conditioner is applied,,On soaking wet hair that has been brushed,,On moderately damp hair prior to styling,,,,A,Correct answer sourced from the trailing answer key: A.,LET Secondary,Technology and Livelihood Education,TLE General,3,No,,0.96,Ready for Upload,LET Secondary TLE Q&A drill. Correct answer sourced from trailing answer key.
437,31,4,6.pdf,/Users/lyndon/All reviewers/-LET REVIEWER 2026/C. MAJOR SUBJECTS/G. T L E/A. Q&A Drills/6.pdf,The following are some myths about hair growth EXCEPT one. Which one?,,,"close clipping, shaving, trimming, cutting or singeing has an effect on the rate of hair growth",,The application of oils increases hair growth,,Hair grows after death,,"Normal hair, healthy hair grows",,,,D,Correct answer sourced from the trailing answer key: D.,LET Secondary,Technology and Livelihood Education,TLE General,3,No,,0.96,Ready for Upload,LET Secondary TLE Q&A drill. Correct answer sourced from trailing answer key.
438,32,4,6.pdf,/Users/lyndon/All reviewers/-LET REVIEWER 2026/C. MAJOR SUBJECTS/G. T L E/A. Q&A Drills/6.pdf,Cutting the hair for a graduated effect is called _________ .,,,tapered haircutting,,wedge haircutting,,sectioning,,barbering,,,,A,Correct answer sourced from the trailing answer key: A.,LET Secondary,Technology and Livelihood Education,TLE General,3,No,,0.96,Ready for Upload,LET Secondary TLE Q&A drill. Correct answer sourced from trailing answer key.
439,33,4,6.pdf,/Users/lyndon/All reviewers/-LET REVIEWER 2026/C. MAJOR SUBJECTS/G. T L E/A. Q&A Drills/6.pdf,Which of the following is an art of creating curls is called ____________ .,,,Hairstyling,,Thermal styling,,Hair setting,,Traditional finger waving,,,,C,Correct answer sourced from the trailing answer key: C.,LET Secondary,Technology and Livelihood Education,TLE General,3,No,,0.96,Ready for Upload,LET Secondary TLE Q&A drill. Correct answer sourced from trailing answer key.
440,34,4,6.pdf,/Users/lyndon/All reviewers/-LET REVIEWER 2026/C. MAJOR SUBJECTS/G. T L E/A. Q&A Drills/6.pdf,"Which is done to increase the circulation of the blood to scalp, rest and soothe the nerves, stimulate the muscles and the activity of the activity of the scalp glands?",,,shampooing,,Hair treatment,,scalp manipulation,,Rebonding,,,,C,Correct answer sourced from the trailing answer key: C.,LET Secondary,Technology and Livelihood Education,TLE General,3,No,,0.96,Ready for Upload,LET Secondary TLE Q&A drill. Correct answer sourced from trailing answer key.
441,35,4,6.pdf,/Users/lyndon/All reviewers/-LET REVIEWER 2026/C. MAJOR SUBJECTS/G. T L E/A. Q&A Drills/6.pdf,Which is the correct way to remove tangles from the hair before hair styling.,,,crown,,Forehead,,Nape of the neck,,Back of the head,,,,C,Correct answer sourced from the trailing answer key: C.,LET Secondary,Technology and Livelihood Education,TLE General,3,No,,0.96,Ready for Upload,LET Secondary TLE Q&A drill. Correct answer sourced from trailing answer key.
442,36,4,6.pdf,/Users/lyndon/All reviewers/-LET REVIEWER 2026/C. MAJOR SUBJECTS/G. T L E/A. Q&A Drills/6.pdf,Under the circumstances how many strands of hair does an average person shed per day?,,,20-50,,40-100,,80-120,,150-200,,,,B,Correct answer sourced from the trailing answer key: B.,LET Secondary,Technology and Livelihood Education,TLE General,3,No,,0.96,Ready for Upload,LET Secondary TLE Q&A drill. Correct answer sourced from trailing answer key.
443,37,4,6.pdf,/Users/lyndon/All reviewers/-LET REVIEWER 2026/C. MAJOR SUBJECTS/G. T L E/A. Q&A Drills/6.pdf,Hair is distributed all over the body EXCEPT on,,,soles of the feet,,earlobe,,Hands,,Eyes,,,,A,Correct answer sourced from the trailing answer key: A.,LET Secondary,Technology and Livelihood Education,TLE General,3,No,,0.96,Ready for Upload,LET Secondary TLE Q&A drill. Correct answer sourced from trailing answer key.
444,38,4,6.pdf,/Users/lyndon/All reviewers/-LET REVIEWER 2026/C. MAJOR SUBJECTS/G. T L E/A. Q&A Drills/6.pdf,Which one helps to moisturize the face to return lost moisture and hydrate the skin to slow down the skin aging process?,,,Anti-aging face creams,,Face-toners,,Face exfoliators,,Face creams,,,,D,Correct answer sourced from the trailing answer key: D.,LET Secondary,Technology and Livelihood Education,TLE General,3,No,,0.96,Ready for Upload,LET Secondary TLE Q&A drill. Correct answer sourced from trailing answer key.
445,39,5,6.pdf,/Users/lyndon/All reviewers/-LET REVIEWER 2026/C. MAJOR SUBJECTS/G. T L E/A. Q&A Drills/6.pdf,What among the following would be the first step in giving facial?,,,apply cleansing cream,,apply treatment mask,,apply moisturizer,,apply massage cream,,,,B,Correct answer sourced from the trailing answer key: B.,LET Secondary,Technology and Livelihood Education,TLE General,3,No,,0.96,Ready for Upload,LET Secondary TLE Q&A drill. Correct answer sourced from trailing answer key.
446,40,5,6.pdf,/Users/lyndon/All reviewers/-LET REVIEWER 2026/C. MAJOR SUBJECTS/G. T L E/A. Q&A Drills/6.pdf,Which of the following statement is NOT a concern in analyzing the clients skin? If the_______________.,,,skin is dry normal or oily,,shape of the face,,lines creases exist,,skin texture is smooth or rough,,,,B,Correct answer sourced from the trailing answer key: B.,LET Secondary,Technology and Livelihood Education,TLE General,3,No,,0.96,Ready for Upload,LET Secondary TLE Q&A drill. Correct answer sourced from trailing answer key.
447,41,5,6.pdf,/Users/lyndon/All reviewers/-LET REVIEWER 2026/C. MAJOR SUBJECTS/G. T L E/A. Q&A Drills/6.pdf,Which is the technical term for nail?,,,onyx,,onychosis,,onychology,,keratin,,,,A,Correct answer sourced from the trailing answer key: A.,LET Secondary,Technology and Livelihood Education,TLE General,3,No,,0.96,Ready for Upload,LET Secondary TLE Q&A drill. Correct answer sourced from trailing answer key.
448,42,5,6.pdf,/Users/lyndon/All reviewers/-LET REVIEWER 2026/C. MAJOR SUBJECTS/G. T L E/A. Q&A Drills/6.pdf,Which refer to hand-held tools used in manicure which are durable and must be sanitized after use with each client?,,,cosmetics,,equipment,,materials,,implements,,,,D,Correct answer sourced from the trailing answer key: D.,LET Secondary,Technology and Livelihood Education,TLE General,3,No,,0.96,Ready for Upload,LET Secondary TLE Q&A drill. Correct answer sourced from trailing answer key.
449,43,5,6.pdf,/Users/lyndon/All reviewers/-LET REVIEWER 2026/C. MAJOR SUBJECTS/G. T L E/A. Q&A Drills/6.pdf,"Which of the term refers to a light, continuous stroking movement applied with finger and palms in a slow and rhythmic manner?",,,friction,,vibration,,petrissage,,effleurage,,,,D,Correct answer sourced from the trailing answer key: D.,LET Secondary,Technology and Livelihood Education,TLE General,3,No,,0.96,Ready for Upload,LET Secondary TLE Q&A drill. Correct answer sourced from trailing answer key.
450,44,5,6.pdf,/Users/lyndon/All reviewers/-LET REVIEWER 2026/C. MAJOR SUBJECTS/G. T L E/A. Q&A Drills/6.pdf,It is not good to apply massage when a person has ____________________ .,,,high blood pressure and heart condition,,myoma and diabetic,,deliver a baby,,"cancer If you are going to start a home service as a manicurist/pedicurist and your parents give you P500.00 to start with, which equipment, implements, cosmetic and materials should you buy first? I. Nail cutter, nail pusher, cuticle nipper, assorted nail polish, base coat and top coat II. Solvent, lotion, cuticle, nail art designs III. Tray, basket, emery board, orangewood stick, nail brush, nail file and nail polish remover IV. Finger bowl, manicure pillow, hand towel, antiseptic solution, and nail buffer.",,,,A,Correct answer sourced from the trailing answer key: A.,LET Secondary,Technology and Livelihood Education,TLE General,3,No,,0.96,Ready for Upload,LET Secondary TLE Q&A drill. Correct answer sourced from trailing answer key.
451,45,5,6.pdf,/Users/lyndon/All reviewers/-LET REVIEWER 2026/C. MAJOR SUBJECTS/G. T L E/A. Q&A Drills/6.pdf,,,,I only,,I and II,,I and III,,I and IV,,,,C,Correct answer sourced from the trailing answer key: C.,LET Secondary,Technology and Livelihood Education,TLE General,3,No,,0.96,Incomplete,LET Secondary TLE Q&A drill. Correct answer sourced from trailing answer key.
452,46,5,6.pdf,/Users/lyndon/All reviewers/-LET REVIEWER 2026/C. MAJOR SUBJECTS/G. T L E/A. Q&A Drills/6.pdf,"In shaping the nails, what comes first?",,,Hold the client’s finger between the thumb and two fingers of the left hand.,,Hold the file or emery board in the right hand and tilt it slightly so that filling is confined mainly to the underside of the free edge.,,Discuss with the client the nail shape best suited for him/her. File the nails at the left starting with the little finger & working toward the thumbs,,shape the nails Teacher F is MAPEH teacher. Sometime or most of the times she is exposed to the sunlight.,,,,C,Correct answer sourced from the trailing answer key: C.,LET Secondary,Technology and Livelihood Education,TLE General,3,No,,0.96,Ready for Upload,LET Secondary TLE Q&A drill. Correct answer sourced from trailing answer key.
453,47,5,6.pdf,/Users/lyndon/All reviewers/-LET REVIEWER 2026/C. MAJOR SUBJECTS/G. T L E/A. Q&A Drills/6.pdf,What type of skin protection should she apply?,,,face toners,,anti-aging creams,,Body mask,,SPF lotion,,,,D,Correct answer sourced from the trailing answer key: D.,LET Secondary,Technology and Livelihood Education,TLE General,3,No,,0.96,Ready for Upload,LET Secondary TLE Q&A drill. Correct answer sourced from trailing answer key.
454,48,6,6.pdf,/Users/lyndon/All reviewers/-LET REVIEWER 2026/C. MAJOR SUBJECTS/G. T L E/A. Q&A Drills/6.pdf,Which of the following drinks can she take to hydrate herself?,,,Soft drinks,,Gatorade,,Cobra juice,,Plain water,,,,D,Correct answer sourced from the trailing answer key: D.,LET Secondary,Technology and Livelihood Education,TLE General,3,No,,0.96,Ready for Upload,LET Secondary TLE Q&A drill. Correct answer sourced from trailing answer key.
455,49,6,6.pdf,/Users/lyndon/All reviewers/-LET REVIEWER 2026/C. MAJOR SUBJECTS/G. T L E/A. Q&A Drills/6.pdf,Which part of the body is the best for the color testing of a foundation?,,,earlobe,,jawline,,nose,,cheek,,,,B,Correct answer sourced from the trailing answer key: B.,LET Secondary,Technology and Livelihood Education,TLE General,3,No,,0.96,Ready for Upload,LET Secondary TLE Q&A drill. Correct answer sourced from trailing answer key.
456,50,6,6.pdf,/Users/lyndon/All reviewers/-LET REVIEWER 2026/C. MAJOR SUBJECTS/G. T L E/A. Q&A Drills/6.pdf,Which aids in maintaining face?,,,Face cleansers,,face toner,,face lotions,,face serums,,,,A,Correct answer sourced from the trailing answer key: A.,LET Secondary,Technology and Livelihood Education,TLE General,3,No,,0.96,Ready for Upload,LET Secondary TLE Q&A drill. Correct answer sourced from trailing answer key.
457,51,6,6.pdf,/Users/lyndon/All reviewers/-LET REVIEWER 2026/C. MAJOR SUBJECTS/G. T L E/A. Q&A Drills/6.pdf,Which one helps to moisturize the face to return lost moisture and hydrate the skin to slow down the skin aging process?,,,Anti-aging face creams,,Face-toners,,Face exfoliators,,Face creams,,,,D,Correct answer sourced from the trailing answer key: D.,LET Secondary,Technology and Livelihood Education,TLE General,3,No,444,0.96,Duplicate,LET Secondary TLE Q&A drill. Correct answer sourced from trailing answer key.
458,52,6,6.pdf,/Users/lyndon/All reviewers/-LET REVIEWER 2026/C. MAJOR SUBJECTS/G. T L E/A. Q&A Drills/6.pdf,What among the following would be the first step in giving facial?,,,apply cleansing cream,,apply treatment mask,,apply moisturizer,,apply massage cream,,,,B,Correct answer sourced from the trailing answer key: B.,LET Secondary,Technology and Livelihood Education,TLE General,3,No,445,0.96,Duplicate,LET Secondary TLE Q&A drill. Correct answer sourced from trailing answer key.
459,53,6,6.pdf,/Users/lyndon/All reviewers/-LET REVIEWER 2026/C. MAJOR SUBJECTS/G. T L E/A. Q&A Drills/6.pdf,Which of the following statement is NOT a concern in analyzing the client’s skin? If the_______________.,,,skin is dry normal or oily,,shape of the face,,lines creases exist,,skin texture is smooth or rough,,,,B,Correct answer sourced from the trailing answer key: B.,LET Secondary,Technology and Livelihood Education,TLE General,3,No,446,0.96,Duplicate,LET Secondary TLE Q&A drill. Correct answer sourced from trailing answer key.
460,54,6,6.pdf,/Users/lyndon/All reviewers/-LET REVIEWER 2026/C. MAJOR SUBJECTS/G. T L E/A. Q&A Drills/6.pdf,Which of the following is NOT beneficial for facial treatments?,,,softening and improving skin texture and complexion,,Helping prevent the formation of wrinkles,,weakening muscle tissue,,correcting skin disorders,,,,C,Correct answer sourced from the trailing answer key: C.,LET Secondary,Technology and Livelihood Education,TLE General,3,No,,0.96,Ready for Upload,LET Secondary TLE Q&A drill. Correct answer sourced from trailing answer key.
461,55,6,6.pdf,/Users/lyndon/All reviewers/-LET REVIEWER 2026/C. MAJOR SUBJECTS/G. T L E/A. Q&A Drills/6.pdf,Which of the following is a common skin disorder caused by the formation of sebaceous matter within or under the skin?,,,black heads,,whiteheads,,pimples,,Acne,,,,B,Correct answer sourced from the trailing answer key: B.,LET Secondary,Technology and Livelihood Education,TLE General,3,No,,0.96,Ready for Upload,LET Secondary TLE Q&A drill. Correct answer sourced from trailing answer key.
462,56,6,6.pdf,/Users/lyndon/All reviewers/-LET REVIEWER 2026/C. MAJOR SUBJECTS/G. T L E/A. Q&A Drills/6.pdf,"Which of the following facial is recommended for dry, scaly skin or skin that is inclined to wrinkle?",,,Plain facial Packs and masks,,Packs and masks,,Facial for dry,,hot oil mask facial Mitch has acne problem so she went to a cosmetologist for and advice though she is under medical care,,,,D,Correct answer sourced from the trailing answer key: D.,LET Secondary,Technology and Livelihood Education,TLE General,3,No,,0.96,Ready for Upload,LET Secondary TLE Q&A drill. Correct answer sourced from trailing answer key.
463,57,6,6.pdf,/Users/lyndon/All reviewers/-LET REVIEWER 2026/C. MAJOR SUBJECTS/G. T L E/A. Q&A Drills/6.pdf,What would be the role of the cosmetologist?,,,is to work closely with the client’s physician to carry out instructions as to kind and frequency of facial treatments,,advise the client to stop the medication aside from the physician.,,she can have her own separate medication aside from the physician,,Refuse and do not give further service,,,,A,Correct answer sourced from the trailing answer key: A.,LET Secondary,Technology and Livelihood Education,TLE General,3,No,,0.96,Ready for Upload,LET Secondary TLE Q&A drill. Correct answer sourced from trailing answer key.
464,58,6,6.pdf,/Users/lyndon/All reviewers/-LET REVIEWER 2026/C. MAJOR SUBJECTS/G. T L E/A. Q&A Drills/6.pdf,"Under medical direction, the following are the measures in cosmetic treatment for acne EXCEPT one.",,,remove blackheads using procedures,,Reduce the oiliness of the skin by local application,,Apply moisturizer,,Clean the face,,,,C,Correct answer sourced from the trailing answer key: C.,LET Secondary,Technology and Livelihood Education,TLE General,3,No,,0.96,Ready for Upload,LET Secondary TLE Q&A drill. Correct answer sourced from trailing answer key.
465,59,7,6.pdf,/Users/lyndon/All reviewers/-LET REVIEWER 2026/C. MAJOR SUBJECTS/G. T L E/A. Q&A Drills/6.pdf,"What kind of cosmetic is used to set the foundation, giving a matte finish, and also to conceal small flaws or blemishes?",,,Powder,,Lipstick,,eyeliner,,blush,,,,A,Correct answer sourced from the trailing answer key: A.,LET Secondary,Technology and Livelihood Education,TLE General,3,No,,0.96,Ready for Upload,LET Secondary TLE Q&A drill. Correct answer sourced from trailing answer key.
466,60,7,6.pdf,/Users/lyndon/All reviewers/-LET REVIEWER 2026/C. MAJOR SUBJECTS/G. T L E/A. Q&A Drills/6.pdf,Which of the following provides the backdrop for the entire colorful facial make up artistry?,,,concealer,,blush,,check color,,foundation,,,,D,Correct answer sourced from the trailing answer key: D.,LET Secondary,Technology and Livelihood Education,TLE General,3,No,,0.96,Ready for Upload,LET Secondary TLE Q&A drill. Correct answer sourced from trailing answer key.
467,61,7,6.pdf,/Users/lyndon/All reviewers/-LET REVIEWER 2026/C. MAJOR SUBJECTS/G. T L E/A. Q&A Drills/6.pdf,If you were the pedicurist what would you do?,,,tell your customer to look for another pedicurist,,refrain from becoming emotional and continue working without being bothered by the complained,,remain cool and calm pleasant and professional,,"Ask for apology, maintain professionalism and ask what she wants.",,,,D,Correct answer sourced from the trailing answer key: D.,LET Secondary,Technology and Livelihood Education,TLE General,3,No,326,0.96,Duplicate,LET Secondary TLE Q&A drill. Correct answer sourced from trailing answer key.
468,62,7,6.pdf,/Users/lyndon/All reviewers/-LET REVIEWER 2026/C. MAJOR SUBJECTS/G. T L E/A. Q&A Drills/6.pdf,Which of the following first thing the pedicurist should do to avoid such situation,,,Be courteous,,"ask the customer what she wants for her toenails like the shape, color etc.",,Decide your own design and styles,,Proceed to the service right after customer A says she wants pedicuring,,,,B,Correct answer sourced from the trailing answer key: B.,LET Secondary,Technology and Livelihood Education,TLE General,3,No,,0.96,Ready for Upload,LET Secondary TLE Q&A drill. Correct answer sourced from trailing answer key.
469,63,7,6.pdf,/Users/lyndon/All reviewers/-LET REVIEWER 2026/C. MAJOR SUBJECTS/G. T L E/A. Q&A Drills/6.pdf,Which is not desirable quality for effective client relation?,,,emotional control,,positive approach,,good manner,,discussing personal life,,,,D,Correct answer sourced from the trailing answer key: D.,LET Secondary,Technology and Livelihood Education,TLE General,3,No,,0.96,Ready for Upload,LET Secondary TLE Q&A drill. Correct answer sourced from trailing answer key.
470,64,7,6.pdf,/Users/lyndon/All reviewers/-LET REVIEWER 2026/C. MAJOR SUBJECTS/G. T L E/A. Q&A Drills/6.pdf,Which of the following statement is NOT true?,,,cosmetologist is one of the best advertisements for a salon,,"salon owners and managers do not consider appearance, personality, and poise to be important as technical knowledge a manual skill",,The female cosmetologist should wear stylish shoes that fit and are comfortable at the end of a long day.,,the female stylist should have their hair done least once a week and their hair should reflect the best workmanship of the salon,,,,B,Correct answer sourced from the trailing answer key: B.,LET Secondary,Technology and Livelihood Education,TLE General,3,No,,0.96,Ready for Upload,LET Secondary TLE Q&A drill. Correct answer sourced from trailing answer key.
471,65,7,6.pdf,/Users/lyndon/All reviewers/-LET REVIEWER 2026/C. MAJOR SUBJECTS/G. T L E/A. Q&A Drills/6.pdf,The following are guidelines for good human relations and professional attitude EXCEPT one. Which is the exception?,,,Always greet a client by name with a pleasant tone of voice,,Show some interest in the client personal preferences,,Make a good impression by wearing obstructive jewelry to look at your best,,Be ethical in all your dealings with clients and others with whom you come in contact. Situation 6-7 Lersa applied as public teacher. She doesn’t have any experience for job interview. Could you please help her decide?,,,,C,Correct answer sourced from the trailing answer key: C.,LET Secondary,Technology and Livelihood Education,TLE General,3,No,330,0.96,Duplicate,LET Secondary TLE Q&A drill. Correct answer sourced from trailing answer key.
472,66,7,6.pdf,/Users/lyndon/All reviewers/-LET REVIEWER 2026/C. MAJOR SUBJECTS/G. T L E/A. Q&A Drills/6.pdf,What type of clothing will she wear?,,,Casual dress,,Sunday dress,,Business Attire,,Party dress,,,,C,Correct answer sourced from the trailing answer key: C.,LET Secondary,Technology and Livelihood Education,TLE General,3,No,331,0.96,Duplicate,LET Secondary TLE Q&A drill. Correct answer sourced from trailing answer key.
473,67,8,6.pdf,/Users/lyndon/All reviewers/-LET REVIEWER 2026/C. MAJOR SUBJECTS/G. T L E/A. Q&A Drills/6.pdf,What type of make may she put-on?,,,corrective make-up,,light makeup,,heavy makeup,,"Photographic makeup Situation 8-10 Miss T was invited as one of the principle sponsors in her best friend’2 daughter’ wedding. She went salon to have hairstyle, makeup, manicure and pedicure.",,,,B,Correct answer sourced from the trailing answer key: B.,LET Secondary,Technology and Livelihood Education,TLE General,3,No,,0.96,Ready for Upload,LET Secondary TLE Q&A drill. Correct answer sourced from trailing answer key.
474,68,8,6.pdf,/Users/lyndon/All reviewers/-LET REVIEWER 2026/C. MAJOR SUBJECTS/G. T L E/A. Q&A Drills/6.pdf,Miss T wants a neatly finished up style. Which of style is best suited for her?,,,French Twist Hairstyle,,Laced-Up and elegant Hair style,,Chignon,,Peta and blooms hairstyle,,,,B,Correct answer sourced from the trailing answer key: B.,LET Secondary,Technology and Livelihood Education,TLE General,3,No,,0.96,Ready for Upload,LET Secondary TLE Q&A drill. Correct answer sourced from trailing answer key.
475,69,8,6.pdf,/Users/lyndon/All reviewers/-LET REVIEWER 2026/C. MAJOR SUBJECTS/G. T L E/A. Q&A Drills/6.pdf,Which of the following makeup does she need?,,,Day makeup,,Evening makeup,,Photographic make up,,Theatrical/Fantasy make-up,,,,C,Correct answer sourced from the trailing answer key: C.,LET Secondary,Technology and Livelihood Education,TLE General,3,No,334,0.96,Duplicate,LET Secondary TLE Q&A drill. Correct answer sourced from trailing answer key.
476,70,8,6.pdf,/Users/lyndon/All reviewers/-LET REVIEWER 2026/C. MAJOR SUBJECTS/G. T L E/A. Q&A Drills/6.pdf,Miss T has short nail. What nails shape is best for her?,,,Round Nail,,Oval Nail,,Square nail,,"Pointed nail Situation 11.13 Mrs. P just finished her discussion about the equipment =, implements, cosmetic and material in manicuring and pedicuring. She asked her student to classify the following items;’ Nail brush, cuticle nipper, assorted colored polish, chair, finger, bowl, cuticle pusher, cotton , top coat, antiseptic solution, cuticle remover, hand towel, manicure, pillow, nail file orange wood stick, nail polish remover base coat and nail polish remover.",,,,C,Correct answer sourced from the trailing answer key: C.,LET Secondary,Technology and Livelihood Education,TLE General,3,No,,0.96,Ready for Upload,LET Secondary TLE Q&A drill. Correct answer sourced from trailing answer key.
477,71,8,6.pdf,/Users/lyndon/All reviewers/-LET REVIEWER 2026/C. MAJOR SUBJECTS/G. T L E/A. Q&A Drills/6.pdf,Which of these are implements?,,,"Chair, manicure pillow, and finger bowl",,"Assorted colored polish, top coat, base coat and cuticle remover",,"Cuticle, hand towel, cuticle nipper, nail file and orange wood stick",,"Cotton, hand towel, antiseptic solution, alcohol and nail polish remover",,,,A,Correct answer sourced from the trailing answer key: A.,LET Secondary,Technology and Livelihood Education,TLE General,3,No,336,0.96,Duplicate,LET Secondary TLE Q&A drill. Correct answer sourced from trailing answer key.
478,72,8,6.pdf,/Users/lyndon/All reviewers/-LET REVIEWER 2026/C. MAJOR SUBJECTS/G. T L E/A. Q&A Drills/6.pdf,Which of these are cosmetics?,,,"cotton, hand towel. Antiseptic solution, alcohol and nail polish remover",,"top coat, base coat, assorted colored polish and cuticle remover",,"Finger bowl, manicure pillow and chair",,"Orange wood stick cuticle nipper, nail file and nail brush",,,,B,Correct answer sourced from the trailing answer key: B.,LET Secondary,Technology and Livelihood Education,TLE General,3,No,337,0.96,Duplicate,LET Secondary TLE Q&A drill. Correct answer sourced from trailing answer key.
479,73,8,6.pdf,/Users/lyndon/All reviewers/-LET REVIEWER 2026/C. MAJOR SUBJECTS/G. T L E/A. Q&A Drills/6.pdf,Which of these is equipment?,,,"Cuticle remover, base coat, top coat assorted colored polish",,"Cuticle nipper, nail file nail brush orange wood stick and cuticle pusher",,"Hand towel, nail polish remover and antiseptic solution",,"Manicure pillow, chair and finger bowl",,,,D,Correct answer sourced from the trailing answer key: D.,LET Secondary,Technology and Livelihood Education,TLE General,3,No,338,0.96,Duplicate,LET Secondary TLE Q&A drill. Correct answer sourced from trailing answer key.
480,74,8,6.pdf,/Users/lyndon/All reviewers/-LET REVIEWER 2026/C. MAJOR SUBJECTS/G. T L E/A. Q&A Drills/6.pdf,Which of these is the correct way to use cuticle nail file?,,,The pointed side used push back and moisten the cuticle,,The dull spade side is used to scrape and moisten the cuticle.,,The pointed side is used to push back and remove the cuticles,,The dull spade side is used to push back and loosen the cuticle,,,,D,Correct answer sourced from the trailing answer key: D.,LET Secondary,Technology and Livelihood Education,TLE General,3,No,339,0.96,Duplicate,LET Secondary TLE Q&A drill. Correct answer sourced from trailing answer key.
481,75,8,6.pdf,/Users/lyndon/All reviewers/-LET REVIEWER 2026/C. MAJOR SUBJECTS/G. T L E/A. Q&A Drills/6.pdf,Which of these is the correct way to use nail brush? Insert the ring finger and pinky in the nail brush handle and brush the nails _____________________ .,,,with a downward motion from the base to the fingertips to clean the nails and fingers,,with a sideward motion from the base to the fingertips to clean the nails,,with an upward motion from the base to the finger tips to clean the nails and fingers,,With a sawing motion from the base to the finger tips to clean the nails and fingers,,,,A,Correct answer sourced from the trailing answer key: A.,LET Secondary,Technology and Livelihood Education,TLE General,3,No,,0.96,Ready for Upload,LET Secondary TLE Q&A drill. Correct answer sourced from trailing answer key.
482,76,9,6.pdf,/Users/lyndon/All reviewers/-LET REVIEWER 2026/C. MAJOR SUBJECTS/G. T L E/A. Q&A Drills/6.pdf,Which is created by allowing the nail to grow out straight and then filing the straight across at right angles with the rest of the nail place?,,,Round nail,,Square nail,,Pointed nail,,Oval nail,,,,B,Correct answer sourced from the trailing answer key: B.,LET Secondary,Technology and Livelihood Education,TLE General,3,No,,0.96,Ready for Upload,LET Secondary TLE Q&A drill. Correct answer sourced from trailing answer key.
483,77,9,6.pdf,/Users/lyndon/All reviewers/-LET REVIEWER 2026/C. MAJOR SUBJECTS/G. T L E/A. Q&A Drills/6.pdf,Massage is part of manicuring and pedicuring services. When is massage applied? Before _________ .,,,removing old polish,,coloring polish,,base coat,,Top coat,,,,C,Correct answer sourced from the trailing answer key: C.,LET Secondary,Technology and Livelihood Education,TLE General,3,No,,0.96,Ready for Upload,LET Secondary TLE Q&A drill. Correct answer sourced from trailing answer key.
484,78,9,6.pdf,/Users/lyndon/All reviewers/-LET REVIEWER 2026/C. MAJOR SUBJECTS/G. T L E/A. Q&A Drills/6.pdf,Which of the following is the last step in manicuring/pedicuring?,,,Apply top coat,,Clean under free edge,,Re-examine nails and cuticles,,Dry fingertips,,,,C,Correct answer sourced from the trailing answer key: C.,LET Secondary,Technology and Livelihood Education,TLE General,3,No,343,0.96,Duplicate,LET Secondary TLE Q&A drill. Correct answer sourced from trailing answer key.
485,79,9,6.pdf,/Users/lyndon/All reviewers/-LET REVIEWER 2026/C. MAJOR SUBJECTS/G. T L E/A. Q&A Drills/6.pdf,"Which of these is an imaginative and artistic process of caring for the nails and, toenail, involving special care and expertise for bringing out the best effects?",,,Nail tattoo,,Nail art,,Nail extender,,Nail technician,,,,B,Correct answer sourced from the trailing answer key: B.,LET Secondary,Technology and Livelihood Education,TLE General,3,No,,0.96,Ready for Upload,LET Secondary TLE Q&A drill. Correct answer sourced from trailing answer key.
486,80,9,6.pdf,/Users/lyndon/All reviewers/-LET REVIEWER 2026/C. MAJOR SUBJECTS/G. T L E/A. Q&A Drills/6.pdf,Which of the following statement is correct?,,,adult fingernails grow at an average rate of 1/8 inch a month,,Older people nail grow slowly than younger people,,Fingernails grow more easily than toenails,,The rate of nail growth is greatest during winter,,,,A,Correct answer sourced from the trailing answer key: A.,LET Secondary,Technology and Livelihood Education,TLE General,3,No,345,0.96,Duplicate,LET Secondary TLE Q&A drill. Correct answer sourced from trailing answer key.
487,81,9,6.pdf,/Users/lyndon/All reviewers/-LET REVIEWER 2026/C. MAJOR SUBJECTS/G. T L E/A. Q&A Drills/6.pdf,In the field of drafting each line has a specific meaning. This is to establish a uniform way interpreting complex blueprints of objects and other mega projects. These lines area called _____ .,,,alphabet of lines,,alpha numeric lines,,language of lines,,lines of sight,,,,A,Correct answer sourced from the trailing answer key: A.,LET Secondary,Technology and Livelihood Education,Industrial Arts,3,No,,0.96,Ready for Upload,LET Secondary TLE Q&A drill. Correct answer sourced from trailing answer key.
488,82,9,6.pdf,/Users/lyndon/All reviewers/-LET REVIEWER 2026/C. MAJOR SUBJECTS/G. T L E/A. Q&A Drills/6.pdf,"Based on a blueprint, a machinist is about to drill a form 16mm diameter holes a piece of 100mm x 120mm flat bar. Which lines in the alphabet of lines must look first?",,,hidden line,,phantom line,,center line,,section line,,,,C,Correct answer sourced from the trailing answer key: C.,LET Secondary,Technology and Livelihood Education,Industrial Arts,3,No,,0.96,Ready for Upload,LET Secondary TLE Q&A drill. Correct answer sourced from trailing answer key.
489,83,9,6.pdf,/Users/lyndon/All reviewers/-LET REVIEWER 2026/C. MAJOR SUBJECTS/G. T L E/A. Q&A Drills/6.pdf,When a drawing the different views in orthographic projection a drafter must acknowledge that there are hidden edges that must be emphasized in order to produce a complete drawing information. Which line is he going to use?,,,hidden line,,section line,,center line,,object line,,,,A,Correct answer sourced from the trailing answer key: A.,LET Secondary,Technology and Livelihood Education,Industrial Arts,3,No,,0.96,Ready for Upload,LET Secondary TLE Q&A drill. Correct answer sourced from trailing answer key.
490,84,9,6.pdf,/Users/lyndon/All reviewers/-LET REVIEWER 2026/C. MAJOR SUBJECTS/G. T L E/A. Q&A Drills/6.pdf,A drawing teacher on a local high school was discussing a feature on which the surface appears to have been imaginary cut along the cutting plane line. Which line is she going to apply to the surface where the cutting plane cut through?,,,center line,,dimension line,,section line,,invisible line,,,,C,Correct answer sourced from the trailing answer key: C.,LET Secondary,Technology and Livelihood Education,TLE General,3,No,,0.96,Ready for Upload,LET Secondary TLE Q&A drill. Correct answer sourced from trailing answer key.
491,85,10,6.pdf,/Users/lyndon/All reviewers/-LET REVIEWER 2026/C. MAJOR SUBJECTS/G. T L E/A. Q&A Drills/6.pdf,"There are six principal views of an object; the top view, the front view, right side view, left side view, bottom view and the rear views. Which of the following views are accepted by the industry as standard multi-views according to the 3rd angle projection?",,,"top view, the front view, right side view, left side view",,"side view, bottom view and rear views",,"right side view, left side view, and bottom views",,"Front view, rear view, side views",,,,C,Correct answer sourced from the trailing answer key: C.,LET Secondary,Technology and Livelihood Education,TLE General,3,No,,0.96,Ready for Upload,LET Secondary TLE Q&A drill. Correct answer sourced from trailing answer key.
492,86,10,6.pdf,/Users/lyndon/All reviewers/-LET REVIEWER 2026/C. MAJOR SUBJECTS/G. T L E/A. Q&A Drills/6.pdf,A group of students is experimenting on views in orthographic projection. They extract first the front view of a simple object using a transparent material as discussed by their teachers. What technique are they using?,,,glass box technique,,onion skin technique,,Japanese paper technique,,polycarbonate technique,,,,A,Correct answer sourced from the trailing answer key: A.,LET Secondary,Technology and Livelihood Education,Industrial Arts,3,No,,0.96,Ready for Upload,LET Secondary TLE Q&A drill. Correct answer sourced from trailing answer key.
493,87,10,6.pdf,/Users/lyndon/All reviewers/-LET REVIEWER 2026/C. MAJOR SUBJECTS/G. T L E/A. Q&A Drills/6.pdf,Orthographic projection goes farther than right angle. A drafter can actually extract views for more details of the object provided that the projection are parallel to each other and normal to the plane projection. The additional plane is called ______ .,,,frontal plane,,auxiliary plane,,profile plane,,horizontal plane,,,,A,Correct answer sourced from the trailing answer key: A.,LET Secondary,Technology and Livelihood Education,Industrial Arts,3,No,,0.96,Ready for Upload,LET Secondary TLE Q&A drill. Correct answer sourced from trailing answer key.
494,88,10,6.pdf,/Users/lyndon/All reviewers/-LET REVIEWER 2026/C. MAJOR SUBJECTS/G. T L E/A. Q&A Drills/6.pdf,"All of the object have distinct limits which can be considered as the width, depth and height. So when a drafter is working on the difference in elevation between any two points, measured as the perpendicular distance between a pair of horizontal lines, he is now engaged in the ____ of the object.",,,depth,,height,,width,,bottom,,,,B,Correct answer sourced from the trailing answer key: B.,LET Secondary,Technology and Livelihood Education,Industrial Arts,3,No,,0.96,Ready for Upload,LET Secondary TLE Q&A drill. Correct answer sourced from trailing answer key.
495,89,10,6.pdf,/Users/lyndon/All reviewers/-LET REVIEWER 2026/C. MAJOR SUBJECTS/G. T L E/A. Q&A Drills/6.pdf,"When an engineer is engaged in the preparation of views prior to formal drafting activities, he practically bases his information on actual and accurate observation. This process is regarded as ____ .",,,pencil and paper exercise,,glass box technique,,orthographic sketch,,order of drawing,,,,C,Correct answer sourced from the trailing answer key: C.,LET Secondary,Technology and Livelihood Education,Industrial Arts,3,No,,0.96,Ready for Upload,LET Secondary TLE Q&A drill. Correct answer sourced from trailing answer key.
496,90,10,6.pdf,/Users/lyndon/All reviewers/-LET REVIEWER 2026/C. MAJOR SUBJECTS/G. T L E/A. Q&A Drills/6.pdf,After all the views are given the drafter must know now work on the real form of the objects based on actual result of the orthographic projection. This process is called _____ .,,,pictorial drawing,,depth dimensions,,height dimensions,,center dimensions,,,,C,Correct answer sourced from the trailing answer key: C.,LET Secondary,Technology and Livelihood Education,Industrial Arts,3,No,,0.96,Ready for Upload,LET Secondary TLE Q&A drill. Correct answer sourced from trailing answer key.
497,91,10,6.pdf,/Users/lyndon/All reviewers/-LET REVIEWER 2026/C. MAJOR SUBJECTS/G. T L E/A. Q&A Drills/6.pdf,In isometric drawings the angle used to aid in the construction of the object is 30 degrees and all vertical lines are equal to their actual lengths or scale but in oblique drawing the angle used is ______ .,,,40 degrees,,45 degrees,,30 degrees,,60 degrees,,,,A,Correct answer sourced from the trailing answer key: A.,LET Secondary,Technology and Livelihood Education,Industrial Arts,3,No,,0.96,Ready for Upload,LET Secondary TLE Q&A drill. Correct answer sourced from trailing answer key.
498,92,11,6.pdf,/Users/lyndon/All reviewers/-LET REVIEWER 2026/C. MAJOR SUBJECTS/G. T L E/A. Q&A Drills/6.pdf,"In oblique drawing, the depth of the object is reduced to ½ in case of cabinet oblique, ¾ in case of a general oblique, and true or same measurement in ____ oblique.",,,width,,cavalier,,specific,,object,,,,C,Correct answer sourced from the trailing answer key: C.,LET Secondary,Technology and Livelihood Education,TLE General,3,No,,0.96,Ready for Upload,LET Secondary TLE Q&A drill. Correct answer sourced from trailing answer key.
499,93,11,6.pdf,/Users/lyndon/All reviewers/-LET REVIEWER 2026/C. MAJOR SUBJECTS/G. T L E/A. Q&A Drills/6.pdf,"Which technique is commonly used around the world as a graphic method of representing a-3-dimensional object and intended to combine the illusion of depth, with the undistorted presentation of the object principal dimensions?",,,cavalier oblique,,Isometric drawing,,Cabinet oblique,,General oblique,,,,B,Correct answer sourced from the trailing answer key: B.,LET Secondary,Technology and Livelihood Education,TLE General,3,No,,0.96,Ready for Upload,LET Secondary TLE Q&A drill. Correct answer sourced from trailing answer key.
500,94,11,6.pdf,/Users/lyndon/All reviewers/-LET REVIEWER 2026/C. MAJOR SUBJECTS/G. T L E/A. Q&A Drills/6.pdf,"When an observer stands in the middle of a street, the end of the street seems to narrow as far as his eyes can see. Then he tries to draw the building as its appears on his visual observations. This process is called _____ .",,,perspective drawing,,isometric drawing,,diametric drawing,,cabinet drawing,,,,B,Correct answer sourced from the trailing answer key: B.,LET Secondary,Technology and Livelihood Education,TLE General,3,No,,0.96,Ready for Upload,LET Secondary TLE Q&A drill. Correct answer sourced from trailing answer key.
501,95,11,6.pdf,/Users/lyndon/All reviewers/-LET REVIEWER 2026/C. MAJOR SUBJECTS/G. T L E/A. Q&A Drills/6.pdf,"A student in drafting has done drawing the three views, his next task is to indicate the dimensions to complete the information. What is the distance of the first dimensions from the views?",,,1”,,2”,,1/8”,,½”,,,,B,Correct answer sourced from the trailing answer key: B.,LET Secondary,Technology and Livelihood Education,Industrial Arts,3,No,,0.96,Ready for Upload,LET Secondary TLE Q&A drill. Correct answer sourced from trailing answer key.
502,96,11,6.pdf,/Users/lyndon/All reviewers/-LET REVIEWER 2026/C. MAJOR SUBJECTS/G. T L E/A. Q&A Drills/6.pdf,There is a good reason why we shouldn’t place dimensions directly on the drawing itself. This is to avoid ____ .,,,super dimensioning,,overcrowding dimensions,,inaccurate dimensions,,aligned dimensioning,,,,D,Correct answer sourced from the trailing answer key: D.,LET Secondary,Technology and Livelihood Education,TLE General,3,No,,0.96,Ready for Upload,LET Secondary TLE Q&A drill. Correct answer sourced from trailing answer key.
503,97,11,6.pdf,/Users/lyndon/All reviewers/-LET REVIEWER 2026/C. MAJOR SUBJECTS/G. T L E/A. Q&A Drills/6.pdf,The radius of an arc should always be specified by the drafter in the form of a symbol which denotes______ .,,,R,,r,,rad,,ra,,,,B,Correct answer sourced from the trailing answer key: B.,LET Secondary,Technology and Livelihood Education,Industrial Arts,3,No,,0.96,Ready for Upload,LET Secondary TLE Q&A drill. Correct answer sourced from trailing answer key.
504,98,11,6.pdf,/Users/lyndon/All reviewers/-LET REVIEWER 2026/C. MAJOR SUBJECTS/G. T L E/A. Q&A Drills/6.pdf,It is important for the drafting student to place the overall dimension of a part or view to appear more pleasing to the reader. It is placed starting from the _____ .,,,shortest dimension line outside he views,,longest dimension line outside the view,,longer dimension inside the view,,shorter dimension inside the view,,,,A,Correct answer sourced from the trailing answer key: A.,LET Secondary,Technology and Livelihood Education,Industrial Arts,3,No,,0.96,Ready for Upload,LET Secondary TLE Q&A drill. Correct answer sourced from trailing answer key.
505,99,11,6.pdf,/Users/lyndon/All reviewers/-LET REVIEWER 2026/C. MAJOR SUBJECTS/G. T L E/A. Q&A Drills/6.pdf,Some drafters often place dimensions on every view while this may be permitted in some drafting classes let’s keep in mind that these are repetitions and can be avoided. This is referred to as _____ .,,,superfluous dimensioning,,eliminating hidden lines,,eliminating object lines,,symmetric objects,,,,A,Correct answer sourced from the trailing answer key: A.,LET Secondary,Technology and Livelihood Education,Industrial Arts,3,No,,0.96,Ready for Upload,LET Secondary TLE Q&A drill. Correct answer sourced from trailing answer key.
506,101,11,6.pdf,/Users/lyndon/All reviewers/-LET REVIEWER 2026/C. MAJOR SUBJECTS/G. T L E/A. Q&A Drills/6.pdf,What types of switch is used to control alternately three-phase line system using two sources of power?,,,double pole single throw switch,,singles pole double throw switch,,triple pole single throw switched,,triple pole double throw switch,,,,D,Correct answer sourced from the trailing answer key: D.,LET Secondary,Technology and Livelihood Education,TLE General,3,No,,0.96,Ready for Upload,LET Secondary TLE Q&A drill. Correct answer sourced from trailing answer key.
507,102,12,6.pdf,/Users/lyndon/All reviewers/-LET REVIEWER 2026/C. MAJOR SUBJECTS/G. T L E/A. Q&A Drills/6.pdf,Which of the following is the best conductor of electricity?,,,copper,,aluminum,,silver,,gold,,,,C,Correct answer sourced from the trailing answer key: C.,LET Secondary,Technology and Livelihood Education,TLE General,3,No,,0.96,Ready for Upload,LET Secondary TLE Q&A drill. Correct answer sourced from trailing answer key.
508,103,12,6.pdf,/Users/lyndon/All reviewers/-LET REVIEWER 2026/C. MAJOR SUBJECTS/G. T L E/A. Q&A Drills/6.pdf,What type of switch when you want to control one lamp or group of lamps in two different locations?,,,"two, 3-way switch",,"One, 4-way switch",,"two, single switch",,duplex switch,,,,A,Correct answer sourced from the trailing answer key: A.,LET Secondary,Technology and Livelihood Education,TLE General,3,No,,0.96,Ready for Upload,LET Secondary TLE Q&A drill. Correct answer sourced from trailing answer key.
509,104,12,6.pdf,/Users/lyndon/All reviewers/-LET REVIEWER 2026/C. MAJOR SUBJECTS/G. T L E/A. Q&A Drills/6.pdf,Cells are connected in parallel to increase the _______ capacity of the cells.,,,current,,voltage,,resistance,,Inductance,,,,A,Correct answer sourced from the trailing answer key: A.,LET Secondary,Technology and Livelihood Education,TLE General,3,No,,0.96,Ready for Upload,LET Secondary TLE Q&A drill. Correct answer sourced from trailing answer key.
510,105,12,6.pdf,/Users/lyndon/All reviewers/-LET REVIEWER 2026/C. MAJOR SUBJECTS/G. T L E/A. Q&A Drills/6.pdf,"The resistors are to be connected in four possible types of circuit connections namely series, parallel, series parallel and parallel-series. Which type of connection will give the least amount of equivalent resistance?",,,series,,parallel,,series-parallel,,parallel,,,,B,Correct answer sourced from the trailing answer key: B.,LET Secondary,Technology and Livelihood Education,ICT and Electronics,3,No,,0.96,Ready for Upload,LET Secondary TLE Q&A drill. Correct answer sourced from trailing answer key.
511,106,12,6.pdf,/Users/lyndon/All reviewers/-LET REVIEWER 2026/C. MAJOR SUBJECTS/G. T L E/A. Q&A Drills/6.pdf,"Which is an exposed wiring method that uses cleats, knobs, tubes and flexible tubing for the protection and support of single insulated conductor run in or on building and not concealed by the building structure?",,,Open wiring on insulators,,Armored cable wiring,,Concealed knob and tube wiring,,Metal clad cable wiring,,,,A,Correct answer sourced from the trailing answer key: A.,LET Secondary,Technology and Livelihood Education,TLE General,3,No,,0.96,Ready for Upload,LET Secondary TLE Q&A drill. Correct answer sourced from trailing answer key.
512,107,12,6.pdf,/Users/lyndon/All reviewers/-LET REVIEWER 2026/C. MAJOR SUBJECTS/G. T L E/A. Q&A Drills/6.pdf,"What will happen if two 100-W, 230 V incandescent lamps are connected in series across a 230 V sources?",,,both lamps,,both lamps will get burnt,,each lamp will give lesser output lights,,each lamp will give more output lights,,,,C,Correct answer sourced from the trailing answer key: C.,LET Secondary,Technology and Livelihood Education,TLE General,3,No,,0.96,Ready for Upload,LET Secondary TLE Q&A drill. Correct answer sourced from trailing answer key.
513,108,12,6.pdf,/Users/lyndon/All reviewers/-LET REVIEWER 2026/C. MAJOR SUBJECTS/G. T L E/A. Q&A Drills/6.pdf,What is the mean why electrical appliances are connected in parallel rather than in series?,,,parallel connection consumes lesser power,,parallel connection is simpler,,each appliance consumes more power if connected in series,,it makes the operation of each appliance independent of each other,,,,D,Correct answer sourced from the trailing answer key: D.,LET Secondary,Technology and Livelihood Education,TLE General,3,No,,0.96,Ready for Upload,LET Secondary TLE Q&A drill. Correct answer sourced from trailing answer key.
514,109,12,6.pdf,/Users/lyndon/All reviewers/-LET REVIEWER 2026/C. MAJOR SUBJECTS/G. T L E/A. Q&A Drills/6.pdf,When replacing a busted fuse which of the following is important?,,,same size and type,,same type but different rating,,same size but different rating,,different size and type,,,,A,Correct answer sourced from the trailing answer key: A.,LET Secondary,Technology and Livelihood Education,ICT and Electronics,3,No,,0.96,Ready for Upload,LET Secondary TLE Q&A drill. Correct answer sourced from trailing answer key.
515,110,12,6.pdf,/Users/lyndon/All reviewers/-LET REVIEWER 2026/C. MAJOR SUBJECTS/G. T L E/A. Q&A Drills/6.pdf,Which of the following is a source of alternating current?,,,dynamo,,battery,,Dry cell,,Alternator,,,,D,Correct answer sourced from the trailing answer key: D.,LET Secondary,Technology and Livelihood Education,ICT and Electronics,3,No,,0.96,Ready for Upload,LET Secondary TLE Q&A drill. Correct answer sourced from trailing answer key.
516,111,12,6.pdf,/Users/lyndon/All reviewers/-LET REVIEWER 2026/C. MAJOR SUBJECTS/G. T L E/A. Q&A Drills/6.pdf,When there is a break in the circuit and the current could not pass through the circuit is ________ .,,,Closed,,shorted,,grounded,,alternator,,,,D,Correct answer sourced from the trailing answer key: D.,LET Secondary,Technology and Livelihood Education,ICT and Electronics,3,No,,0.96,Ready for Upload,LET Secondary TLE Q&A drill. Correct answer sourced from trailing answer key.
517,112,13,6.pdf,/Users/lyndon/All reviewers/-LET REVIEWER 2026/C. MAJOR SUBJECTS/G. T L E/A. Q&A Drills/6.pdf,Which term usually refers to a device that produces an electric current when light falls upon them?,,,solar cell,,dry cell,,solar lamp,,solar light,,,,A,Correct answer sourced from the trailing answer key: A.,LET Secondary,Technology and Livelihood Education,ICT and Electronics,3,No,,0.96,Ready for Upload,LET Secondary TLE Q&A drill. Correct answer sourced from trailing answer key.
518,113,13,6.pdf,/Users/lyndon/All reviewers/-LET REVIEWER 2026/C. MAJOR SUBJECTS/G. T L E/A. Q&A Drills/6.pdf,Which is a synchronous alternating- current machine that changes mechanical power into electrical power?,,,dynamo,,Motor,,Alternator,,Lathe machine,,,,C,Correct answer sourced from the trailing answer key: C.,LET Secondary,Technology and Livelihood Education,ICT and Electronics,3,No,145,0.96,Duplicate,LET Secondary TLE Q&A drill. Correct answer sourced from trailing answer key.
519,114,13,6.pdf,/Users/lyndon/All reviewers/-LET REVIEWER 2026/C. MAJOR SUBJECTS/G. T L E/A. Q&A Drills/6.pdf,Which battery CANNOT be recharge after its chemical energy has been depleted?,,,energizer,,Eveready,,Primary battery,,secondary battery,,,,C,Correct answer sourced from the trailing answer key: C.,LET Secondary,Technology and Livelihood Education,TLE General,3,No,,0.96,Ready for Upload,LET Secondary TLE Q&A drill. Correct answer sourced from trailing answer key.
520,115,13,6.pdf,/Users/lyndon/All reviewers/-LET REVIEWER 2026/C. MAJOR SUBJECTS/G. T L E/A. Q&A Drills/6.pdf,Which generates direct current?,,,alternator,,Dynamo,,Battery,,Adaptor,,,,B,Correct answer sourced from the trailing answer key: B.,LET Secondary,Technology and Livelihood Education,ICT and Electronics,3,No,,0.96,Ready for Upload,LET Secondary TLE Q&A drill. Correct answer sourced from trailing answer key.
521,116,13,6.pdf,/Users/lyndon/All reviewers/-LET REVIEWER 2026/C. MAJOR SUBJECTS/G. T L E/A. Q&A Drills/6.pdf,Which battery can be recharged after each chemical energy has been depleted.,,,primary battery,,energizer,,Eveready,,Secondary battery,,,,D,Correct answer sourced from the trailing answer key: D.,LET Secondary,Technology and Livelihood Education,TLE General,3,No,,0.96,Ready for Upload,LET Secondary TLE Q&A drill. Correct answer sourced from trailing answer key.
522,117,13,6.pdf,/Users/lyndon/All reviewers/-LET REVIEWER 2026/C. MAJOR SUBJECTS/G. T L E/A. Q&A Drills/6.pdf,Which is used to change mechanical energy into electrical energy?,,,battery,,circuit,,Dry cells,,generator,,,,D,Correct answer sourced from the trailing answer key: D.,LET Secondary,Technology and Livelihood Education,TLE General,3,No,,0.96,Ready for Upload,LET Secondary TLE Q&A drill. Correct answer sourced from trailing answer key.
523,118,13,6.pdf,/Users/lyndon/All reviewers/-LET REVIEWER 2026/C. MAJOR SUBJECTS/G. T L E/A. Q&A Drills/6.pdf,A process in splitting the atom of uranium is called _____.,,,fusion,,fission,,friction,,tension,,,,B,Correct answer sourced from the trailing answer key: B.,LET Secondary,Technology and Livelihood Education,TLE General,3,No,,0.96,Ready for Upload,LET Secondary TLE Q&A drill. Correct answer sourced from trailing answer key.
524,119,13,6.pdf,/Users/lyndon/All reviewers/-LET REVIEWER 2026/C. MAJOR SUBJECTS/G. T L E/A. Q&A Drills/6.pdf,A process in joining hydrogen atoms which causes heat hotter than the sun is called _______ .,,,fusion,,fission,,friction,,tension,,,,A,Correct answer sourced from the trailing answer key: A.,LET Secondary,Technology and Livelihood Education,TLE General,3,No,,0.96,Ready for Upload,LET Secondary TLE Q&A drill. Correct answer sourced from trailing answer key.
525,120,13,6.pdf,/Users/lyndon/All reviewers/-LET REVIEWER 2026/C. MAJOR SUBJECTS/G. T L E/A. Q&A Drills/6.pdf,Which transform heat energy to electric energy?,,,transformer,,battery,,generator,,thermocouple,,,,D,Correct answer sourced from the trailing answer key: D.,LET Secondary,Technology and Livelihood Education,TLE General,3,No,,0.96,Ready for Upload,LET Secondary TLE Q&A drill. Correct answer sourced from trailing answer key.
