No.,Original No.,Page,Source PDF,Source Path,Question,Passage Reference,Question Image Reference,Choice A,Choice A Image Reference,Choice B,Choice B Image Reference,Choice C,Choice C Image Reference,Choice D,Choice D Image Reference,Choice E,Choice E Image Reference,Correct Answer,Explanation,LET Exam Type,Subject Area,Topic,Difficulty,Has Image,Duplicate Of,Confidence,Status,Notes
1,1,1,2. CHILD AND ADOLESCENT DEV_T PDFBOOKSFORUM.pdf,/Users/lyndon/All reviewers/-LET REVIEWER 2026/C. MAJOR SUBJECTS/I. EARLY CHILDHOOD EDUCATION/CHILD AND ADOLESCENT DEVELOPMENT/2. CHILD AND ADOLESCENT DEV_T PDFBOOKSFORUM.pdf,The process by which certain potentials are inherited from the parents for his development,,,Life,,Birth,,Heredity,,Character,,,,C,Correct answer sourced from the PDF answer key: C.,LET Secondary,Early Childhood Education,Early Childhood Education,3,No,,0.96,Ready for Upload,LET Secondary Early Childhood Education Q&A. Correct answer sourced from PDF answer key.
2,2,1,2. CHILD AND ADOLESCENT DEV_T PDFBOOKSFORUM.pdf,/Users/lyndon/All reviewers/-LET REVIEWER 2026/C. MAJOR SUBJECTS/I. EARLY CHILDHOOD EDUCATION/CHILD AND ADOLESCENT DEVELOPMENT/2. CHILD AND ADOLESCENT DEV_T PDFBOOKSFORUM.pdf,This theory states that there are 8 basic development stages that the individual has to pass through his life,,,Learning Theory,,Psychoanalytic Theory,,Psychosocial Theory,,Cognitive Development,,,,C,Correct answer sourced from the PDF answer key: C.,LET Secondary,Early Childhood Education,Early Childhood Education,3,No,,0.96,Ready for Upload,LET Secondary Early Childhood Education Q&A. Correct answer sourced from PDF answer key.
3,3,1,2. CHILD AND ADOLESCENT DEV_T PDFBOOKSFORUM.pdf,/Users/lyndon/All reviewers/-LET REVIEWER 2026/C. MAJOR SUBJECTS/I. EARLY CHILDHOOD EDUCATION/CHILD AND ADOLESCENT DEVELOPMENT/2. CHILD AND ADOLESCENT DEV_T PDFBOOKSFORUM.pdf,"Transition age from childhood to adulthood where rapid physical changes and sex maturity occur resulting in changes in ways of feelings, thinking and acting.",,,Puberty,,Adolescence,,Early adulthood,,Stage V,,,,B,Correct answer sourced from the PDF answer key: B.,LET Secondary,Early Childhood Education,Early Childhood Education,3,No,,0.96,Ready for Upload,LET Secondary Early Childhood Education Q&A. Correct answer sourced from PDF answer key.
4,4,1,2. CHILD AND ADOLESCENT DEV_T PDFBOOKSFORUM.pdf,/Users/lyndon/All reviewers/-LET REVIEWER 2026/C. MAJOR SUBJECTS/I. EARLY CHILDHOOD EDUCATION/CHILD AND ADOLESCENT DEVELOPMENT/2. CHILD AND ADOLESCENT DEV_T PDFBOOKSFORUM.pdf,"Modifying an existing scheme after an individual’s interaction with the environment, resulting in the creation of a new scheme.",,,Assimilation,,Interaction,,Recognition,,Accommodation,,,,D,Correct answer sourced from the PDF answer key: D.,LET Secondary,Early Childhood Education,Early Childhood Education,3,No,,0.96,Ready for Upload,LET Secondary Early Childhood Education Q&A. Correct answer sourced from PDF answer key.
5,5,1,2. CHILD AND ADOLESCENT DEV_T PDFBOOKSFORUM.pdf,/Users/lyndon/All reviewers/-LET REVIEWER 2026/C. MAJOR SUBJECTS/I. EARLY CHILDHOOD EDUCATION/CHILD AND ADOLESCENT DEVELOPMENT/2. CHILD AND ADOLESCENT DEV_T PDFBOOKSFORUM.pdf,Theory stating that a person’s behavior can be motivated by urges towards self satisfaction.,,,Psychoanalytic Theory,,Cognitive development theory,,Psychosocial Theory,,Moral development theory,,,,A,Correct answer sourced from the PDF answer key: A.,LET Secondary,Early Childhood Education,Early Childhood Education,3,No,,0.96,Ready for Upload,LET Secondary Early Childhood Education Q&A. Correct answer sourced from PDF answer key.
6,6,1,2. CHILD AND ADOLESCENT DEV_T PDFBOOKSFORUM.pdf,/Users/lyndon/All reviewers/-LET REVIEWER 2026/C. MAJOR SUBJECTS/I. EARLY CHILDHOOD EDUCATION/CHILD AND ADOLESCENT DEVELOPMENT/2. CHILD AND ADOLESCENT DEV_T PDFBOOKSFORUM.pdf,The ability of a child to conceptualize the retention and preservation of the same quantity under various changes.,,,Recognition,,Reversibility,,Assimilation,,Conservation,,,,D,Correct answer sourced from the PDF answer key: D.,LET Secondary,Early Childhood Education,Early Childhood Education,3,No,,0.96,Ready for Upload,LET Secondary Early Childhood Education Q&A. Correct answer sourced from PDF answer key.
7,7,1,2. CHILD AND ADOLESCENT DEV_T PDFBOOKSFORUM.pdf,/Users/lyndon/All reviewers/-LET REVIEWER 2026/C. MAJOR SUBJECTS/I. EARLY CHILDHOOD EDUCATION/CHILD AND ADOLESCENT DEVELOPMENT/2. CHILD AND ADOLESCENT DEV_T PDFBOOKSFORUM.pdf,Refers to the idea that no individual are exactly the same or alike.,,,Cognitive theory,,Exclusivity theory,,Individual differences,,Emotional quotient,,,,C,Correct answer sourced from the PDF answer key: C.,LET Secondary,Early Childhood Education,Early Childhood Education,3,No,,0.96,Ready for Upload,LET Secondary Early Childhood Education Q&A. Correct answer sourced from PDF answer key.
8,8,1,2. CHILD AND ADOLESCENT DEV_T PDFBOOKSFORUM.pdf,/Users/lyndon/All reviewers/-LET REVIEWER 2026/C. MAJOR SUBJECTS/I. EARLY CHILDHOOD EDUCATION/CHILD AND ADOLESCENT DEVELOPMENT/2. CHILD AND ADOLESCENT DEV_T PDFBOOKSFORUM.pdf,He is known as the Father of Modern I.Q. Test,,,Lewis Terman,,Erick Erickson,,Laurence Kohlberg,,Martin Lesley,,,,A,Correct answer sourced from the PDF answer key: A.,LET Secondary,Early Childhood Education,Early Childhood Education,3,No,,0.96,Ready for Upload,LET Secondary Early Childhood Education Q&A. Correct answer sourced from PDF answer key.
9,9,1,2. CHILD AND ADOLESCENT DEV_T PDFBOOKSFORUM.pdf,/Users/lyndon/All reviewers/-LET REVIEWER 2026/C. MAJOR SUBJECTS/I. EARLY CHILDHOOD EDUCATION/CHILD AND ADOLESCENT DEVELOPMENT/2. CHILD AND ADOLESCENT DEV_T PDFBOOKSFORUM.pdf,“Intellectual appreciative Experience” is …,,,base on the premise that all learning has emotional correlates,,"obtained in the field of music, art and literature",,the acquisition and retention o acts and information,,assumes that human activities are based on stimulus and response,,,,A,Correct answer sourced from the PDF answer key: A.,LET Secondary,Early Childhood Education,Early Childhood Education,3,No,,0.96,Ready for Upload,LET Secondary Early Childhood Education Q&A. Correct answer sourced from PDF answer key.
10,10,1,2. CHILD AND ADOLESCENT DEV_T PDFBOOKSFORUM.pdf,/Users/lyndon/All reviewers/-LET REVIEWER 2026/C. MAJOR SUBJECTS/I. EARLY CHILDHOOD EDUCATION/CHILD AND ADOLESCENT DEVELOPMENT/2. CHILD AND ADOLESCENT DEV_T PDFBOOKSFORUM.pdf,These statements imply that children at the early learning stage consider parents and teachers as authorities and models.,,,Parents and teachers should always coordinate children’s activities,,Parents should enforce strict discipline at home and teachers in school,,Parents and teachers should be the role models at all times,,Parents and teachers should always consult each other with regards the child’s intellectual development,,,,C,Correct answer sourced from the PDF answer key: C.,LET Secondary,Early Childhood Education,Early Childhood Education,3,No,,0.96,Ready for Upload,LET Secondary Early Childhood Education Q&A. Correct answer sourced from PDF answer key.
11,11,1,2. CHILD AND ADOLESCENT DEV_T PDFBOOKSFORUM.pdf,/Users/lyndon/All reviewers/-LET REVIEWER 2026/C. MAJOR SUBJECTS/I. EARLY CHILDHOOD EDUCATION/CHILD AND ADOLESCENT DEVELOPMENT/2. CHILD AND ADOLESCENT DEV_T PDFBOOKSFORUM.pdf,Any change in the behavior of an individual,,,Learning,,Response,,Change,,Development,,,,A,Correct answer sourced from the PDF answer key: A.,LET Secondary,Early Childhood Education,Early Childhood Education,3,No,,0.96,Ready for Upload,LET Secondary Early Childhood Education Q&A. Correct answer sourced from PDF answer key.
12,12,1,2. CHILD AND ADOLESCENT DEV_T PDFBOOKSFORUM.pdf,/Users/lyndon/All reviewers/-LET REVIEWER 2026/C. MAJOR SUBJECTS/I. EARLY CHILDHOOD EDUCATION/CHILD AND ADOLESCENT DEVELOPMENT/2. CHILD AND ADOLESCENT DEV_T PDFBOOKSFORUM.pdf,Which of the following principles IS NOT considered under Classical Conditioning by Ivan Pavlov?,,,Excitation,,Adhesive Principle,,Stimulus Generalization,,None of the above,,,,D,Correct answer sourced from the PDF answer key: D.,LET Secondary,Early Childhood Education,Early Childhood Education,3,No,,0.96,Ready for Upload,LET Secondary Early Childhood Education Q&A. Correct answer sourced from PDF answer key.
13,13,1,2. CHILD AND ADOLESCENT DEV_T PDFBOOKSFORUM.pdf,/Users/lyndon/All reviewers/-LET REVIEWER 2026/C. MAJOR SUBJECTS/I. EARLY CHILDHOOD EDUCATION/CHILD AND ADOLESCENT DEVELOPMENT/2. CHILD AND ADOLESCENT DEV_T PDFBOOKSFORUM.pdf,The reinforcement of a person’s responses by presentation or removal of rewards and punishment.,,,Operant conditioning,,Transfer of learning,,Feedback Principle,,Discipline,,,,C,Correct answer sourced from the PDF answer key: C.,LET Secondary,Early Childhood Education,Early Childhood Education,3,No,,0.96,Ready for Upload,LET Secondary Early Childhood Education Q&A. Correct answer sourced from PDF answer key.
14,14,1,2. CHILD AND ADOLESCENT DEV_T PDFBOOKSFORUM.pdf,/Users/lyndon/All reviewers/-LET REVIEWER 2026/C. MAJOR SUBJECTS/I. EARLY CHILDHOOD EDUCATION/CHILD AND ADOLESCENT DEVELOPMENT/2. CHILD AND ADOLESCENT DEV_T PDFBOOKSFORUM.pdf,This stimulation of action best explains the behavior of an individual to take what he perceives to be the shortest route to his goals.,,,Recognition,,Assimilation,,Response,,Motivation,,,,D,Correct answer sourced from the PDF answer key: D.,LET Secondary,Early Childhood Education,Early Childhood Education,3,No,,0.96,Ready for Upload,LET Secondary Early Childhood Education Q&A. Correct answer sourced from PDF answer key.
15,15,1,2. CHILD AND ADOLESCENT DEV_T PDFBOOKSFORUM.pdf,/Users/lyndon/All reviewers/-LET REVIEWER 2026/C. MAJOR SUBJECTS/I. EARLY CHILDHOOD EDUCATION/CHILD AND ADOLESCENT DEVELOPMENT/2. CHILD AND ADOLESCENT DEV_T PDFBOOKSFORUM.pdf,The process by which an individual acquires the social and cultural heritage o the society where he belongs.,,,Socialization,,Internalization,,Integration 2,,Acquisition,,,,A,Correct answer sourced from the PDF answer key: A.,LET Secondary,Early Childhood Education,Early Childhood Education,3,No,,0.96,Ready for Upload,LET Secondary Early Childhood Education Q&A. Correct answer sourced from PDF answer key.
16,16,2,2. CHILD AND ADOLESCENT DEV_T PDFBOOKSFORUM.pdf,/Users/lyndon/All reviewers/-LET REVIEWER 2026/C. MAJOR SUBJECTS/I. EARLY CHILDHOOD EDUCATION/CHILD AND ADOLESCENT DEVELOPMENT/2. CHILD AND ADOLESCENT DEV_T PDFBOOKSFORUM.pdf,Philosophy of education’s main function.,,,Aid the leaner to build his own personal philosophy,,Definition o goals and setting of directions from which education,,Educations carries on a lifetime cycle,,Provision of academic background prerequisite to learning,,,,B,Correct answer sourced from the PDF answer key: B.,LET Secondary,Early Childhood Education,Early Childhood Education,3,No,,0.96,Ready for Upload,LET Secondary Early Childhood Education Q&A. Correct answer sourced from PDF answer key.
17,17,2,2. CHILD AND ADOLESCENT DEV_T PDFBOOKSFORUM.pdf,/Users/lyndon/All reviewers/-LET REVIEWER 2026/C. MAJOR SUBJECTS/I. EARLY CHILDHOOD EDUCATION/CHILD AND ADOLESCENT DEVELOPMENT/2. CHILD AND ADOLESCENT DEV_T PDFBOOKSFORUM.pdf,"According to Froebel, kindergarten is also known as “____________?",,,children have fun and enjoyment,,Garden where children could grow,,He learning Center for Life,,Where new beginnings begin,,,,A,Correct answer sourced from the PDF answer key: A.,LET Secondary,Early Childhood Education,Early Childhood Education,3,No,,0.96,Ready for Upload,LET Secondary Early Childhood Education Q&A. Correct answer sourced from PDF answer key.
18,18,2,2. CHILD AND ADOLESCENT DEV_T PDFBOOKSFORUM.pdf,/Users/lyndon/All reviewers/-LET REVIEWER 2026/C. MAJOR SUBJECTS/I. EARLY CHILDHOOD EDUCATION/CHILD AND ADOLESCENT DEVELOPMENT/2. CHILD AND ADOLESCENT DEV_T PDFBOOKSFORUM.pdf,Which of the following statements is given emphasis by “humanistic education?”,,,The great works of man such as the classics should be enjoyed.,,Man should learn the different philosophies of education,,"“Build a man who is distinctly civilized, educations and refined”",,Develop man into a thinking individual,,,,C,Correct answer sourced from the PDF answer key: C.,LET Secondary,Early Childhood Education,Early Childhood Education,3,No,,0.96,Ready for Upload,LET Secondary Early Childhood Education Q&A. Correct answer sourced from PDF answer key.
19,19,2,2. CHILD AND ADOLESCENT DEV_T PDFBOOKSFORUM.pdf,/Users/lyndon/All reviewers/-LET REVIEWER 2026/C. MAJOR SUBJECTS/I. EARLY CHILDHOOD EDUCATION/CHILD AND ADOLESCENT DEVELOPMENT/2. CHILD AND ADOLESCENT DEV_T PDFBOOKSFORUM.pdf,"A teacher who advocates the pragmatic philosophy of education believes that experience should follow learning, thus, she has to?",,,require her student mastery of the lessons,,encourage her students to memorize facts,,equip her students with basic skills and abilities,,provide her student with opportunities to apply their skills and abilities,,,,D,Correct answer sourced from the PDF answer key: D.,LET Secondary,Early Childhood Education,Early Childhood Education,3,No,,0.96,Ready for Upload,LET Secondary Early Childhood Education Q&A. Correct answer sourced from PDF answer key.
20,20,2,2. CHILD AND ADOLESCENT DEV_T PDFBOOKSFORUM.pdf,/Users/lyndon/All reviewers/-LET REVIEWER 2026/C. MAJOR SUBJECTS/I. EARLY CHILDHOOD EDUCATION/CHILD AND ADOLESCENT DEVELOPMENT/2. CHILD AND ADOLESCENT DEV_T PDFBOOKSFORUM.pdf,How are institutions of learning encouraged to set higher standards over and above the minimum requirement for state recognition?,,,Scholastic achievement,,Faculty development,,Academic freedom,,Voluntary accreditation,,,,D,Correct answer sourced from the PDF answer key: D.,LET Secondary,Early Childhood Education,Early Childhood Education,3,No,,0.96,Ready for Upload,LET Secondary Early Childhood Education Q&A. Correct answer sourced from PDF answer key.
21,21,2,2. CHILD AND ADOLESCENT DEV_T PDFBOOKSFORUM.pdf,/Users/lyndon/All reviewers/-LET REVIEWER 2026/C. MAJOR SUBJECTS/I. EARLY CHILDHOOD EDUCATION/CHILD AND ADOLESCENT DEVELOPMENT/2. CHILD AND ADOLESCENT DEV_T PDFBOOKSFORUM.pdf,"The period of physical, especially sexual, and mental maturation which is characterized by rapid somatic growth is known as",,,infancy,,early childhood,,puberty,,adulthood,,,,C,Correct answer sourced from the PDF answer key: C.,LET Secondary,Early Childhood Education,Early Childhood Education,3,No,,0.96,Ready for Upload,LET Secondary Early Childhood Education Q&A. Correct answer sourced from PDF answer key.
22,22,2,2. CHILD AND ADOLESCENT DEV_T PDFBOOKSFORUM.pdf,/Users/lyndon/All reviewers/-LET REVIEWER 2026/C. MAJOR SUBJECTS/I. EARLY CHILDHOOD EDUCATION/CHILD AND ADOLESCENT DEVELOPMENT/2. CHILD AND ADOLESCENT DEV_T PDFBOOKSFORUM.pdf,Claustrophobia is an irrational fear of,,,Darkness,,strangers,,closed space,,height,,,,C,Correct answer sourced from the PDF answer key: C.,LET Secondary,Early Childhood Education,Early Childhood Education,3,No,,0.96,Ready for Upload,LET Secondary Early Childhood Education Q&A. Correct answer sourced from PDF answer key.
23,23,2,2. CHILD AND ADOLESCENT DEV_T PDFBOOKSFORUM.pdf,/Users/lyndon/All reviewers/-LET REVIEWER 2026/C. MAJOR SUBJECTS/I. EARLY CHILDHOOD EDUCATION/CHILD AND ADOLESCENT DEVELOPMENT/2. CHILD AND ADOLESCENT DEV_T PDFBOOKSFORUM.pdf,An eye defect characterized by clear vision in one dimension but unfocused vision on the other is called,,,myopia,,astigmatism,,hyperopia,,presbyopia,,,,B,Correct answer sourced from the PDF answer key: B.,LET Secondary,Early Childhood Education,Early Childhood Education,3,No,,0.96,Ready for Upload,LET Secondary Early Childhood Education Q&A. Correct answer sourced from PDF answer key.
24,24,2,2. CHILD AND ADOLESCENT DEV_T PDFBOOKSFORUM.pdf,/Users/lyndon/All reviewers/-LET REVIEWER 2026/C. MAJOR SUBJECTS/I. EARLY CHILDHOOD EDUCATION/CHILD AND ADOLESCENT DEVELOPMENT/2. CHILD AND ADOLESCENT DEV_T PDFBOOKSFORUM.pdf,Which of the following statements does not apply to adolescents?,,,they desire the approval of their peers,,they seek dependence on their parents,,they have a marked sex development,,none of the above,,,,B,Correct answer sourced from the PDF answer key: B.,LET Secondary,Early Childhood Education,Early Childhood Education,3,No,,0.96,Ready for Upload,LET Secondary Early Childhood Education Q&A. Correct answer sourced from PDF answer key.
25,25,2,2. CHILD AND ADOLESCENT DEV_T PDFBOOKSFORUM.pdf,/Users/lyndon/All reviewers/-LET REVIEWER 2026/C. MAJOR SUBJECTS/I. EARLY CHILDHOOD EDUCATION/CHILD AND ADOLESCENT DEVELOPMENT/2. CHILD AND ADOLESCENT DEV_T PDFBOOKSFORUM.pdf,"As young people mature, society expects them to develop competencies and assume social roles in a conventional manner.",,,expectation of parents,,influence of peers groups,,influence of formal education,,cultural demands,,,,D,Correct answer sourced from the PDF answer key: D.,LET Secondary,Early Childhood Education,Early Childhood Education,3,No,,0.96,Ready for Upload,LET Secondary Early Childhood Education Q&A. Correct answer sourced from PDF answer key.
26,26,2,2. CHILD AND ADOLESCENT DEV_T PDFBOOKSFORUM.pdf,/Users/lyndon/All reviewers/-LET REVIEWER 2026/C. MAJOR SUBJECTS/I. EARLY CHILDHOOD EDUCATION/CHILD AND ADOLESCENT DEVELOPMENT/2. CHILD AND ADOLESCENT DEV_T PDFBOOKSFORUM.pdf,The founder of the theory of psychology called psychoanalysis was,,,Lock,,Hume,,Freud,,leibnitz,,,,C,Correct answer sourced from the PDF answer key: C.,LET Secondary,Early Childhood Education,Early Childhood Education,3,No,,0.96,Ready for Upload,LET Secondary Early Childhood Education Q&A. Correct answer sourced from PDF answer key.
27,27,2,2. CHILD AND ADOLESCENT DEV_T PDFBOOKSFORUM.pdf,/Users/lyndon/All reviewers/-LET REVIEWER 2026/C. MAJOR SUBJECTS/I. EARLY CHILDHOOD EDUCATION/CHILD AND ADOLESCENT DEVELOPMENT/2. CHILD AND ADOLESCENT DEV_T PDFBOOKSFORUM.pdf,"When the learner reaches a point where no further improvement can be expected, he is in a so-called",,,development crisis,,learning plateau,,regression,,depression,,,,B,Correct answer sourced from the PDF answer key: B.,LET Secondary,Early Childhood Education,Early Childhood Education,3,No,,0.96,Ready for Upload,LET Secondary Early Childhood Education Q&A. Correct answer sourced from PDF answer key.
28,28,2,2. CHILD AND ADOLESCENT DEV_T PDFBOOKSFORUM.pdf,/Users/lyndon/All reviewers/-LET REVIEWER 2026/C. MAJOR SUBJECTS/I. EARLY CHILDHOOD EDUCATION/CHILD AND ADOLESCENT DEVELOPMENT/2. CHILD AND ADOLESCENT DEV_T PDFBOOKSFORUM.pdf,"Regarding the sexual maturation o boys and girls, teachers should bear in mind that:",,,girls mature at a late stage than boys,,girls mature at an earlier stage than boys,,boys and girls mature at the same time,,there are no marked differences in heir time of maturity,,,,B,Correct answer sourced from the PDF answer key: B.,LET Secondary,Early Childhood Education,Early Childhood Education,3,No,,0.96,Ready for Upload,LET Secondary Early Childhood Education Q&A. Correct answer sourced from PDF answer key.
29,29,2,2. CHILD AND ADOLESCENT DEV_T PDFBOOKSFORUM.pdf,/Users/lyndon/All reviewers/-LET REVIEWER 2026/C. MAJOR SUBJECTS/I. EARLY CHILDHOOD EDUCATION/CHILD AND ADOLESCENT DEVELOPMENT/2. CHILD AND ADOLESCENT DEV_T PDFBOOKSFORUM.pdf,Rationalization is used by student who,,,always give explanation or reason for their failures rather than own their faults 3,,like to take the blame for their faults,,bribe their elders with promises,,substitute words for deeds,,,,A,Correct answer sourced from the PDF answer key: A.,LET Secondary,Early Childhood Education,Early Childhood Education,3,No,,0.96,Ready for Upload,LET Secondary Early Childhood Education Q&A. Correct answer sourced from PDF answer key.
30,30,3,2. CHILD AND ADOLESCENT DEV_T PDFBOOKSFORUM.pdf,/Users/lyndon/All reviewers/-LET REVIEWER 2026/C. MAJOR SUBJECTS/I. EARLY CHILDHOOD EDUCATION/CHILD AND ADOLESCENT DEVELOPMENT/2. CHILD AND ADOLESCENT DEV_T PDFBOOKSFORUM.pdf,Which of the following is true of Abnormal Psychology?,,,it studies the cause of personality defects,,it measures the accomplishments of the individual,,it concentrates on the scholastic performance of the individual,,it investigates the educational background of the individual,,,,A,Correct answer sourced from the PDF answer key: A.,LET Secondary,Early Childhood Education,Early Childhood Education,3,No,,0.96,Ready for Upload,LET Secondary Early Childhood Education Q&A. Correct answer sourced from PDF answer key.
31,31,3,2. CHILD AND ADOLESCENT DEV_T PDFBOOKSFORUM.pdf,/Users/lyndon/All reviewers/-LET REVIEWER 2026/C. MAJOR SUBJECTS/I. EARLY CHILDHOOD EDUCATION/CHILD AND ADOLESCENT DEVELOPMENT/2. CHILD AND ADOLESCENT DEV_T PDFBOOKSFORUM.pdf,Which of the following is a continuous variable?,,,weight,,sex,,nationality,,race,,,,A,Correct answer sourced from the PDF answer key: A.,LET Secondary,Early Childhood Education,Early Childhood Education,3,No,,0.96,Ready for Upload,LET Secondary Early Childhood Education Q&A. Correct answer sourced from PDF answer key.
32,32,3,2. CHILD AND ADOLESCENT DEV_T PDFBOOKSFORUM.pdf,/Users/lyndon/All reviewers/-LET REVIEWER 2026/C. MAJOR SUBJECTS/I. EARLY CHILDHOOD EDUCATION/CHILD AND ADOLESCENT DEVELOPMENT/2. CHILD AND ADOLESCENT DEV_T PDFBOOKSFORUM.pdf,Which of the following is true about one’s IQ?,,,it remains fairly constant,,it is highly changeable,,it is affected by attitude,,it is never constant,,,,A,Correct answer sourced from the PDF answer key: A.,LET Secondary,Early Childhood Education,Early Childhood Education,3,No,,0.96,Ready for Upload,LET Secondary Early Childhood Education Q&A. Correct answer sourced from PDF answer key.
33,33,3,2. CHILD AND ADOLESCENT DEV_T PDFBOOKSFORUM.pdf,/Users/lyndon/All reviewers/-LET REVIEWER 2026/C. MAJOR SUBJECTS/I. EARLY CHILDHOOD EDUCATION/CHILD AND ADOLESCENT DEVELOPMENT/2. CHILD AND ADOLESCENT DEV_T PDFBOOKSFORUM.pdf,Transfer of training easily takes place if the activities involved,,,Are different,,Have identical element,,Occur in the same place,,Vary in difficulty,,,,B,Correct answer sourced from the PDF answer key: B.,LET Secondary,Early Childhood Education,Early Childhood Education,3,No,,0.96,Ready for Upload,LET Secondary Early Childhood Education Q&A. Correct answer sourced from PDF answer key.
34,34,3,2. CHILD AND ADOLESCENT DEV_T PDFBOOKSFORUM.pdf,/Users/lyndon/All reviewers/-LET REVIEWER 2026/C. MAJOR SUBJECTS/I. EARLY CHILDHOOD EDUCATION/CHILD AND ADOLESCENT DEVELOPMENT/2. CHILD AND ADOLESCENT DEV_T PDFBOOKSFORUM.pdf,"When the learner is well-motivated, he performs his task",,,with indifference,,with disinterest,,with arrogance,,with enthusiasm,,,,D,Correct answer sourced from the PDF answer key: D.,LET Secondary,Early Childhood Education,Early Childhood Education,3,No,,0.96,Ready for Upload,LET Secondary Early Childhood Education Q&A. Correct answer sourced from PDF answer key.
35,35,3,2. CHILD AND ADOLESCENT DEV_T PDFBOOKSFORUM.pdf,/Users/lyndon/All reviewers/-LET REVIEWER 2026/C. MAJOR SUBJECTS/I. EARLY CHILDHOOD EDUCATION/CHILD AND ADOLESCENT DEVELOPMENT/2. CHILD AND ADOLESCENT DEV_T PDFBOOKSFORUM.pdf,A six-year-old child who has a mental age of eight years has an IQ of,,,120,,130,,132,,133,,,,D,Correct answer sourced from the PDF answer key: D.,LET Secondary,Early Childhood Education,Early Childhood Education,3,No,,0.96,Ready for Upload,LET Secondary Early Childhood Education Q&A. Correct answer sourced from PDF answer key.
36,36,3,2. CHILD AND ADOLESCENT DEV_T PDFBOOKSFORUM.pdf,/Users/lyndon/All reviewers/-LET REVIEWER 2026/C. MAJOR SUBJECTS/I. EARLY CHILDHOOD EDUCATION/CHILD AND ADOLESCENT DEVELOPMENT/2. CHILD AND ADOLESCENT DEV_T PDFBOOKSFORUM.pdf,The ratio obtained by dividing mental age by chronological age times 100 is called,,,derived quotient,,deviation,,intelligence quotient or IQ,,intelligence ratio,,,,C,Correct answer sourced from the PDF answer key: C.,LET Secondary,Early Childhood Education,Early Childhood Education,3,No,,0.96,Ready for Upload,LET Secondary Early Childhood Education Q&A. Correct answer sourced from PDF answer key.
37,37,3,2. CHILD AND ADOLESCENT DEV_T PDFBOOKSFORUM.pdf,/Users/lyndon/All reviewers/-LET REVIEWER 2026/C. MAJOR SUBJECTS/I. EARLY CHILDHOOD EDUCATION/CHILD AND ADOLESCENT DEVELOPMENT/2. CHILD AND ADOLESCENT DEV_T PDFBOOKSFORUM.pdf,Which of the following was written by Plato?,,,Sic et Non,,The School and Society,,The Republic,,Emile,,,,C,Correct answer sourced from the PDF answer key: C.,LET Secondary,Early Childhood Education,Early Childhood Education,3,No,,0.96,Ready for Upload,LET Secondary Early Childhood Education Q&A. Correct answer sourced from PDF answer key.
38,38,3,2. CHILD AND ADOLESCENT DEV_T PDFBOOKSFORUM.pdf,/Users/lyndon/All reviewers/-LET REVIEWER 2026/C. MAJOR SUBJECTS/I. EARLY CHILDHOOD EDUCATION/CHILD AND ADOLESCENT DEVELOPMENT/2. CHILD AND ADOLESCENT DEV_T PDFBOOKSFORUM.pdf,Who among those below asserted that “Education is for complete living”,,,Dewey,,Spencer,,Kant,,Froebel,,,,B,Correct answer sourced from the PDF answer key: B.,LET Secondary,Early Childhood Education,Early Childhood Education,3,No,,0.96,Ready for Upload,LET Secondary Early Childhood Education Q&A. Correct answer sourced from PDF answer key.
39,39,3,2. CHILD AND ADOLESCENT DEV_T PDFBOOKSFORUM.pdf,/Users/lyndon/All reviewers/-LET REVIEWER 2026/C. MAJOR SUBJECTS/I. EARLY CHILDHOOD EDUCATION/CHILD AND ADOLESCENT DEVELOPMENT/2. CHILD AND ADOLESCENT DEV_T PDFBOOKSFORUM.pdf,The right of an educational institution and its faculty to prescribe the methods/strategies of teaching refers to:,,,building style,,choice of curriculum,,academic freedom,,co and extra curricular program,,,,C,Correct answer sourced from the PDF answer key: C.,LET Secondary,Early Childhood Education,Early Childhood Education,3,No,,0.96,Ready for Upload,LET Secondary Early Childhood Education Q&A. Correct answer sourced from PDF answer key.
40,40,3,2. CHILD AND ADOLESCENT DEV_T PDFBOOKSFORUM.pdf,/Users/lyndon/All reviewers/-LET REVIEWER 2026/C. MAJOR SUBJECTS/I. EARLY CHILDHOOD EDUCATION/CHILD AND ADOLESCENT DEVELOPMENT/2. CHILD AND ADOLESCENT DEV_T PDFBOOKSFORUM.pdf,The 1987 Constitution provides that religious institution can be given,,,with the students’ consent,,with the parent/guardian approval,,with mayor’s permit,,with the school’s support,,,,B,Correct answer sourced from the PDF answer key: B.,LET Secondary,Early Childhood Education,Early Childhood Education,3,No,,0.96,Ready for Upload,LET Secondary Early Childhood Education Q&A. Correct answer sourced from PDF answer key.
41,41,3,2. CHILD AND ADOLESCENT DEV_T PDFBOOKSFORUM.pdf,/Users/lyndon/All reviewers/-LET REVIEWER 2026/C. MAJOR SUBJECTS/I. EARLY CHILDHOOD EDUCATION/CHILD AND ADOLESCENT DEVELOPMENT/2. CHILD AND ADOLESCENT DEV_T PDFBOOKSFORUM.pdf,Public schools in the Philippines are the contribution of which colonizer?,,,American,,British,,Japanese,,Spanish,,,,A,Correct answer sourced from the PDF answer key: A.,LET Secondary,Early Childhood Education,Early Childhood Education,3,No,,0.96,Ready for Upload,LET Secondary Early Childhood Education Q&A. Correct answer sourced from PDF answer key.
42,42,3,2. CHILD AND ADOLESCENT DEV_T PDFBOOKSFORUM.pdf,/Users/lyndon/All reviewers/-LET REVIEWER 2026/C. MAJOR SUBJECTS/I. EARLY CHILDHOOD EDUCATION/CHILD AND ADOLESCENT DEVELOPMENT/2. CHILD AND ADOLESCENT DEV_T PDFBOOKSFORUM.pdf,Hardship allowance is given to a teacher when,,,he’s assigned in a depressed area,,he’s given additional teaching load,,he’s in lahar area,,he’s assigned in a hazardous area,,,,C,Correct answer sourced from the PDF answer key: C.,LET Secondary,Early Childhood Education,Early Childhood Education,3,No,,0.96,Ready for Upload,LET Secondary Early Childhood Education Q&A. Correct answer sourced from PDF answer key.
43,43,3,2. CHILD AND ADOLESCENT DEV_T PDFBOOKSFORUM.pdf,/Users/lyndon/All reviewers/-LET REVIEWER 2026/C. MAJOR SUBJECTS/I. EARLY CHILDHOOD EDUCATION/CHILD AND ADOLESCENT DEVELOPMENT/2. CHILD AND ADOLESCENT DEV_T PDFBOOKSFORUM.pdf,"The ability for quantitative learning of the relations of facts taken from newspaper readings, letter writing and the like is called:",,,functional literacy,,adjustment learning,,Knowledge outcome,,Social competence,,,,D,Correct answer sourced from the PDF answer key: D.,LET Secondary,Early Childhood Education,Early Childhood Education,3,No,,0.96,Ready for Upload,LET Secondary Early Childhood Education Q&A. Correct answer sourced from PDF answer key.
44,44,3,2. CHILD AND ADOLESCENT DEV_T PDFBOOKSFORUM.pdf,/Users/lyndon/All reviewers/-LET REVIEWER 2026/C. MAJOR SUBJECTS/I. EARLY CHILDHOOD EDUCATION/CHILD AND ADOLESCENT DEVELOPMENT/2. CHILD AND ADOLESCENT DEV_T PDFBOOKSFORUM.pdf,A teacher who gives a uniform assignment to be worked out by all learners in Arithmetic is not observing a characteristic of a good assignment. Which characteristic is overlooked?,,,It should be definite 4,,It should be stimulating,,It should emphasize the essential,,It should provide for individual differences,,,,D,Correct answer sourced from the PDF answer key: D.,LET Secondary,Early Childhood Education,Early Childhood Education,3,No,,0.96,Ready for Upload,LET Secondary Early Childhood Education Q&A. Correct answer sourced from PDF answer key.
45,45,4,2. CHILD AND ADOLESCENT DEV_T PDFBOOKSFORUM.pdf,/Users/lyndon/All reviewers/-LET REVIEWER 2026/C. MAJOR SUBJECTS/I. EARLY CHILDHOOD EDUCATION/CHILD AND ADOLESCENT DEVELOPMENT/2. CHILD AND ADOLESCENT DEV_T PDFBOOKSFORUM.pdf,"If a student ask a question which the teacher does not have a ready answer, the latter should:",,,dismiss the question as irrelevant,,offer a bluff,,admit the fact that he doesn’t know the answer,,ask volunteers to,,,,A,Correct answer sourced from the PDF answer key: A.,LET Secondary,Early Childhood Education,Early Childhood Education,3,No,,0.96,Ready for Upload,LET Secondary Early Childhood Education Q&A. Correct answer sourced from PDF answer key.
46,46,4,2. CHILD AND ADOLESCENT DEV_T PDFBOOKSFORUM.pdf,/Users/lyndon/All reviewers/-LET REVIEWER 2026/C. MAJOR SUBJECTS/I. EARLY CHILDHOOD EDUCATION/CHILD AND ADOLESCENT DEVELOPMENT/2. CHILD AND ADOLESCENT DEV_T PDFBOOKSFORUM.pdf,The heredity traits acquired by a person in his lifetime;,,,are transmissible to his offspring,,reappear in his future grandparent,,Have no influence on the offspring,,Become recessive traits,,,,A,Correct answer sourced from the PDF answer key: A.,LET Secondary,Early Childhood Education,Early Childhood Education,3,No,,0.96,Ready for Upload,LET Secondary Early Childhood Education Q&A. Correct answer sourced from PDF answer key.
47,47,4,2. CHILD AND ADOLESCENT DEV_T PDFBOOKSFORUM.pdf,/Users/lyndon/All reviewers/-LET REVIEWER 2026/C. MAJOR SUBJECTS/I. EARLY CHILDHOOD EDUCATION/CHILD AND ADOLESCENT DEVELOPMENT/2. CHILD AND ADOLESCENT DEV_T PDFBOOKSFORUM.pdf,"When student are given a chance to settle differences of opinion by discussion, they develop:",,,fair play,,tolerance,,irritants,,sociability,,,,B,Correct answer sourced from the PDF answer key: B.,LET Secondary,Early Childhood Education,Early Childhood Education,3,No,,0.96,Ready for Upload,LET Secondary Early Childhood Education Q&A. Correct answer sourced from PDF answer key.
48,48,4,2. CHILD AND ADOLESCENT DEV_T PDFBOOKSFORUM.pdf,/Users/lyndon/All reviewers/-LET REVIEWER 2026/C. MAJOR SUBJECTS/I. EARLY CHILDHOOD EDUCATION/CHILD AND ADOLESCENT DEVELOPMENT/2. CHILD AND ADOLESCENT DEV_T PDFBOOKSFORUM.pdf,The school’s responsibility towards teenagers “gang age” is:,,,provide the gang all the freedom it needs,,gives classroom activities to give direction to out-of-school youth activities,,supervise gang activities,,set up norms of conduct or the member of the gang,,,,B,Correct answer sourced from the PDF answer key: B.,LET Secondary,Early Childhood Education,Early Childhood Education,3,No,,0.96,Ready for Upload,LET Secondary Early Childhood Education Q&A. Correct answer sourced from PDF answer key.
49,49,4,2. CHILD AND ADOLESCENT DEV_T PDFBOOKSFORUM.pdf,/Users/lyndon/All reviewers/-LET REVIEWER 2026/C. MAJOR SUBJECTS/I. EARLY CHILDHOOD EDUCATION/CHILD AND ADOLESCENT DEVELOPMENT/2. CHILD AND ADOLESCENT DEV_T PDFBOOKSFORUM.pdf,"In an intelligence test, a 13-year old girl got a score equivalent to that of a 15-year old. This means:",,,that the girl must be accelerated,,that the girl is 2-years older mentally,,that the girl has a chronological age of 15,,that she has a mental age of 13,,,,B,Correct answer sourced from the PDF answer key: B.,LET Secondary,Early Childhood Education,Early Childhood Education,3,No,,0.96,Ready for Upload,LET Secondary Early Childhood Education Q&A. Correct answer sourced from PDF answer key.
50,50,4,2. CHILD AND ADOLESCENT DEV_T PDFBOOKSFORUM.pdf,/Users/lyndon/All reviewers/-LET REVIEWER 2026/C. MAJOR SUBJECTS/I. EARLY CHILDHOOD EDUCATION/CHILD AND ADOLESCENT DEVELOPMENT/2. CHILD AND ADOLESCENT DEV_T PDFBOOKSFORUM.pdf,Which statement is not necessary to achieve the learner’s interest in a learning activity?,,,the activity must lead to a practical end,,the activity must be within the ability of the learner,,the activity must fill a need recognized by the learner,,the learner must have the experience that will furnish the background for the activity,,,,A,Correct answer sourced from the PDF answer key: A.,LET Secondary,Early Childhood Education,Early Childhood Education,3,No,,0.96,Ready for Upload,LET Secondary Early Childhood Education Q&A. Correct answer sourced from PDF answer key.
51,51,4,2. CHILD AND ADOLESCENT DEV_T PDFBOOKSFORUM.pdf,/Users/lyndon/All reviewers/-LET REVIEWER 2026/C. MAJOR SUBJECTS/I. EARLY CHILDHOOD EDUCATION/CHILD AND ADOLESCENT DEVELOPMENT/2. CHILD AND ADOLESCENT DEV_T PDFBOOKSFORUM.pdf,He is responsible for the theory which recognizes the importance of developing multiple intelligence,,,Jean Piaget,,Howard Gardner,,Frederick Freobel,,Sigmund Freud,,,,C,Correct answer sourced from the PDF answer key: C.,LET Secondary,Early Childhood Education,Early Childhood Education,3,No,,0.96,Ready for Upload,LET Secondary Early Childhood Education Q&A. Correct answer sourced from PDF answer key.
52,52,4,2. CHILD AND ADOLESCENT DEV_T PDFBOOKSFORUM.pdf,/Users/lyndon/All reviewers/-LET REVIEWER 2026/C. MAJOR SUBJECTS/I. EARLY CHILDHOOD EDUCATION/CHILD AND ADOLESCENT DEVELOPMENT/2. CHILD AND ADOLESCENT DEV_T PDFBOOKSFORUM.pdf,"The need to recognize and develop special sensitivity to language, thus helping the learners to use the right word, phrase and/ or graph to grasp new meaning refers to",,,visual intelligence,,linguistic intelligence,,feelings sensitivity,,jargon,,,,B,Correct answer sourced from the PDF answer key: B.,LET Secondary,Early Childhood Education,Early Childhood Education,3,No,,0.96,Ready for Upload,LET Secondary Early Childhood Education Q&A. Correct answer sourced from PDF answer key.
53,53,4,2. CHILD AND ADOLESCENT DEV_T PDFBOOKSFORUM.pdf,/Users/lyndon/All reviewers/-LET REVIEWER 2026/C. MAJOR SUBJECTS/I. EARLY CHILDHOOD EDUCATION/CHILD AND ADOLESCENT DEVELOPMENT/2. CHILD AND ADOLESCENT DEV_T PDFBOOKSFORUM.pdf,"The sensitivity to tone and pitch, allowing one to produce musical scoring is intelligence in?",,,musical,,verbal ability,,quantitative exercises,,qualitative analysis,,,,A,Correct answer sourced from the PDF answer key: A.,LET Secondary,Early Childhood Education,Early Childhood Education,3,No,,0.96,Ready for Upload,LET Secondary Early Childhood Education Q&A. Correct answer sourced from PDF answer key.
54,54,4,2. CHILD AND ADOLESCENT DEV_T PDFBOOKSFORUM.pdf,/Users/lyndon/All reviewers/-LET REVIEWER 2026/C. MAJOR SUBJECTS/I. EARLY CHILDHOOD EDUCATION/CHILD AND ADOLESCENT DEVELOPMENT/2. CHILD AND ADOLESCENT DEV_T PDFBOOKSFORUM.pdf,One’s ability to do abstract reasoning and manipulate symbols refers to what type of intelligence?,,,musical,,personality identification,,mental ability,,mathematical-logical,,,,D,Correct answer sourced from the PDF answer key: D.,LET Secondary,Early Childhood Education,Early Childhood Education,3,No,,0.96,Ready for Upload,LET Secondary Early Childhood Education Q&A. Correct answer sourced from PDF answer key.
55,55,4,2. CHILD AND ADOLESCENT DEV_T PDFBOOKSFORUM.pdf,/Users/lyndon/All reviewers/-LET REVIEWER 2026/C. MAJOR SUBJECTS/I. EARLY CHILDHOOD EDUCATION/CHILD AND ADOLESCENT DEVELOPMENT/2. CHILD AND ADOLESCENT DEV_T PDFBOOKSFORUM.pdf,"The ability to perceive how objects are related in order to mentally perceive what is seen, thus creating concrete visual images from memory refers to?",,,visual-spatial intelligence,,musical,,language,,logical reasoning,,,,A,Correct answer sourced from the PDF answer key: A.,LET Secondary,Early Childhood Education,Early Childhood Education,3,No,,0.96,Ready for Upload,LET Secondary Early Childhood Education Q&A. Correct answer sourced from PDF answer key.
56,56,4,2. CHILD AND ADOLESCENT DEV_T PDFBOOKSFORUM.pdf,/Users/lyndon/All reviewers/-LET REVIEWER 2026/C. MAJOR SUBJECTS/I. EARLY CHILDHOOD EDUCATION/CHILD AND ADOLESCENT DEVELOPMENT/2. CHILD AND ADOLESCENT DEV_T PDFBOOKSFORUM.pdf,The capacity to analyze one’s feelings and thus be able to understand and be able to know the motives of other people’s actions.,,,spatial,,personal,,logical,,diametric,,,,B,Correct answer sourced from the PDF answer key: B.,LET Secondary,Early Childhood Education,Early Childhood Education,3,No,,0.96,Ready for Upload,LET Secondary Early Childhood Education Q&A. Correct answer sourced from PDF answer key.
57,57,4,2. CHILD AND ADOLESCENT DEV_T PDFBOOKSFORUM.pdf,/Users/lyndon/All reviewers/-LET REVIEWER 2026/C. MAJOR SUBJECTS/I. EARLY CHILDHOOD EDUCATION/CHILD AND ADOLESCENT DEVELOPMENT/2. CHILD AND ADOLESCENT DEV_T PDFBOOKSFORUM.pdf,"The type of intelligence which enables a person to understand other person’s feelings, behavior and motivation.",,,emotional,,spatial,,social intelligence,,quantitative and qualitative,,,,C,Correct answer sourced from the PDF answer key: C.,LET Secondary,Early Childhood Education,Early Childhood Education,3,No,,0.96,Ready for Upload,LET Secondary Early Childhood Education Q&A. Correct answer sourced from PDF answer key.
58,58,4,2. CHILD AND ADOLESCENT DEV_T PDFBOOKSFORUM.pdf,/Users/lyndon/All reviewers/-LET REVIEWER 2026/C. MAJOR SUBJECTS/I. EARLY CHILDHOOD EDUCATION/CHILD AND ADOLESCENT DEVELOPMENT/2. CHILD AND ADOLESCENT DEV_T PDFBOOKSFORUM.pdf,"The type of intelligence which characterizes actress, actors, mimes, dancers and people of the Arts?",,,bodily-kinesthetic,,scientific,,research,,emotions 5,,,,A,Correct answer sourced from the PDF answer key: A.,LET Secondary,Early Childhood Education,Early Childhood Education,3,No,,0.96,Ready for Upload,LET Secondary Early Childhood Education Q&A. Correct answer sourced from PDF answer key.
59,59,5,2. CHILD AND ADOLESCENT DEV_T PDFBOOKSFORUM.pdf,/Users/lyndon/All reviewers/-LET REVIEWER 2026/C. MAJOR SUBJECTS/I. EARLY CHILDHOOD EDUCATION/CHILD AND ADOLESCENT DEVELOPMENT/2. CHILD AND ADOLESCENT DEV_T PDFBOOKSFORUM.pdf,"An emerging thrust in determining one’s personality, whether pleasant or unwholesome, this type of personality measurement is the wholesomeness of one’s virtues, i.e., values, relationships with other, adjustments to varying situations, behavior an motivations",,,emotional quotient (E.Q.),,intelligence quotient (I.Q.),,maladjustment personality,,anticipated behavior,,,,A,Correct answer sourced from the PDF answer key: A.,LET Secondary,Early Childhood Education,Early Childhood Education,3,No,,0.96,Ready for Upload,LET Secondary Early Childhood Education Q&A. Correct answer sourced from PDF answer key.
60,60,5,2. CHILD AND ADOLESCENT DEV_T PDFBOOKSFORUM.pdf,/Users/lyndon/All reviewers/-LET REVIEWER 2026/C. MAJOR SUBJECTS/I. EARLY CHILDHOOD EDUCATION/CHILD AND ADOLESCENT DEVELOPMENT/2. CHILD AND ADOLESCENT DEV_T PDFBOOKSFORUM.pdf,It is a measurement of personality which is the result by dividing the mental age by the chronological age.,,,emotional quotient (E.Q.),,intelligence quotient (I.Q.),,multiple Intelligence,,forecasted behavior quotient,,,,B,Correct answer sourced from the PDF answer key: B.,LET Secondary,Early Childhood Education,Early Childhood Education,3,No,,0.96,Ready for Upload,LET Secondary Early Childhood Education Q&A. Correct answer sourced from PDF answer key.
61,61,5,2. CHILD AND ADOLESCENT DEV_T PDFBOOKSFORUM.pdf,/Users/lyndon/All reviewers/-LET REVIEWER 2026/C. MAJOR SUBJECTS/I. EARLY CHILDHOOD EDUCATION/CHILD AND ADOLESCENT DEVELOPMENT/2. CHILD AND ADOLESCENT DEV_T PDFBOOKSFORUM.pdf,"The teacher must be aware that both heredity and environment represent complex factors, exerting many specific influences on an individual’s growth. Which of the following statements best represents the influence of heredity and environment?",,,Heredity counts; environment is less important.,,"If the environment is changed, heredity becomes less important.",,The relative influences of heredity and environment can vary widely in an individual’s growth.,,"In the long run, both tend to cancel each other’s influences e. None of the above",,,,C,Correct answer sourced from the PDF answer key: C.,LET Secondary,Early Childhood Education,Early Childhood Education,3,No,,0.96,Ready for Upload,LET Secondary Early Childhood Education Q&A. Correct answer sourced from PDF answer key.
62,62,5,2. CHILD AND ADOLESCENT DEV_T PDFBOOKSFORUM.pdf,/Users/lyndon/All reviewers/-LET REVIEWER 2026/C. MAJOR SUBJECTS/I. EARLY CHILDHOOD EDUCATION/CHILD AND ADOLESCENT DEVELOPMENT/2. CHILD AND ADOLESCENT DEV_T PDFBOOKSFORUM.pdf,The best possible way to measure the influence of heredity is by:,,,keeping the environment constant.,,Ignoring the environment,,Studying only fraternal o normal capability,,Studying only identical twins of normal capability e. Doing none of the above,,,,D,Correct answer sourced from the PDF answer key: D.,LET Secondary,Early Childhood Education,Early Childhood Education,3,No,,0.96,Ready for Upload,LET Secondary Early Childhood Education Q&A. Correct answer sourced from PDF answer key.
63,63,5,2. CHILD AND ADOLESCENT DEV_T PDFBOOKSFORUM.pdf,/Users/lyndon/All reviewers/-LET REVIEWER 2026/C. MAJOR SUBJECTS/I. EARLY CHILDHOOD EDUCATION/CHILD AND ADOLESCENT DEVELOPMENT/2. CHILD AND ADOLESCENT DEV_T PDFBOOKSFORUM.pdf,Educators who contributed to the “open education” movement includes:,,,Neill and piaget,,Kohl and kozol,,Bruner and Silberman,,All of the above,,,,D,Correct answer sourced from the PDF answer key: D.,LET Secondary,Early Childhood Education,Early Childhood Education,3,No,,0.96,Ready for Upload,LET Secondary Early Childhood Education Q&A. Correct answer sourced from PDF answer key.
64,64,5,2. CHILD AND ADOLESCENT DEV_T PDFBOOKSFORUM.pdf,/Users/lyndon/All reviewers/-LET REVIEWER 2026/C. MAJOR SUBJECTS/I. EARLY CHILDHOOD EDUCATION/CHILD AND ADOLESCENT DEVELOPMENT/2. CHILD AND ADOLESCENT DEV_T PDFBOOKSFORUM.pdf,A child’s social skills can be measured by:,,,direct observation and parent-teacher conferences,,psychological test,,adaptive behavior scales,,A and C above,,,,D,Correct answer sourced from the PDF answer key: D.,LET Secondary,Early Childhood Education,Early Childhood Education,3,No,,0.96,Ready for Upload,LET Secondary Early Childhood Education Q&A. Correct answer sourced from PDF answer key.
65,65,5,2. CHILD AND ADOLESCENT DEV_T PDFBOOKSFORUM.pdf,/Users/lyndon/All reviewers/-LET REVIEWER 2026/C. MAJOR SUBJECTS/I. EARLY CHILDHOOD EDUCATION/CHILD AND ADOLESCENT DEVELOPMENT/2. CHILD AND ADOLESCENT DEV_T PDFBOOKSFORUM.pdf,A teacher uses behavioral modification techniques in his classes. Which of the following student behaviors would he find most difficult to change?,,,Aggressive tendencies toward classmates,,Poor habits in organizing work materials,,Interrupting a speaker,,Abandoning a project before it is finished,,,,A,Correct answer sourced from the PDF answer key: A.,LET Secondary,Early Childhood Education,Early Childhood Education,3,No,,0.96,Ready for Upload,LET Secondary Early Childhood Education Q&A. Correct answer sourced from PDF answer key.
66,66,5,2. CHILD AND ADOLESCENT DEV_T PDFBOOKSFORUM.pdf,/Users/lyndon/All reviewers/-LET REVIEWER 2026/C. MAJOR SUBJECTS/I. EARLY CHILDHOOD EDUCATION/CHILD AND ADOLESCENT DEVELOPMENT/2. CHILD AND ADOLESCENT DEV_T PDFBOOKSFORUM.pdf,Learning-disabled children most characteristically have:,,,low IQ,,poor socio-economic backgrounds,,an average level of intelligence,,minimal brain damage,,,,C,Correct answer sourced from the PDF answer key: C.,LET Secondary,Early Childhood Education,Early Childhood Education,3,No,,0.96,Ready for Upload,LET Secondary Early Childhood Education Q&A. Correct answer sourced from PDF answer key.
67,67,5,2. CHILD AND ADOLESCENT DEV_T PDFBOOKSFORUM.pdf,/Users/lyndon/All reviewers/-LET REVIEWER 2026/C. MAJOR SUBJECTS/I. EARLY CHILDHOOD EDUCATION/CHILD AND ADOLESCENT DEVELOPMENT/2. CHILD AND ADOLESCENT DEV_T PDFBOOKSFORUM.pdf,Which of the following is true about educable mentally retarded children?,,,Their IQ range between 50 and 70,,They have short attention spans and experience difficulty in generalizing,,"Their reading, writing, and arithmetic skills cannot be improved",,A and B above,,,,D,Correct answer sourced from the PDF answer key: D.,LET Secondary,Early Childhood Education,Early Childhood Education,3,No,,0.96,Ready for Upload,LET Secondary Early Childhood Education Q&A. Correct answer sourced from PDF answer key.
68,68,5,2. CHILD AND ADOLESCENT DEV_T PDFBOOKSFORUM.pdf,/Users/lyndon/All reviewers/-LET REVIEWER 2026/C. MAJOR SUBJECTS/I. EARLY CHILDHOOD EDUCATION/CHILD AND ADOLESCENT DEVELOPMENT/2. CHILD AND ADOLESCENT DEV_T PDFBOOKSFORUM.pdf,Which of the following is characteristics of a dyslexic child,,,Mirror writing,,listlessness,,Below-average intelligence,,Hyperactivity,,,,A,Correct answer sourced from the PDF answer key: A.,LET Secondary,Early Childhood Education,Early Childhood Education,3,No,,0.96,Ready for Upload,LET Secondary Early Childhood Education Q&A. Correct answer sourced from PDF answer key.
69,69,5,2. CHILD AND ADOLESCENT DEV_T PDFBOOKSFORUM.pdf,/Users/lyndon/All reviewers/-LET REVIEWER 2026/C. MAJOR SUBJECTS/I. EARLY CHILDHOOD EDUCATION/CHILD AND ADOLESCENT DEVELOPMENT/2. CHILD AND ADOLESCENT DEV_T PDFBOOKSFORUM.pdf,"Primary reading retardation is presumed to be neurologically based, related to parietal lobe dysfunction?",,,Inability to relate sound to letter symbols,,Inadequate auditory information processing,,Left-right directional confusion,,Speech aphasia,,,,D,Correct answer sourced from the PDF answer key: D.,LET Secondary,Early Childhood Education,Early Childhood Education,3,No,,0.96,Ready for Upload,LET Secondary Early Childhood Education Q&A. Correct answer sourced from PDF answer key.
70,70,5,2. CHILD AND ADOLESCENT DEV_T PDFBOOKSFORUM.pdf,/Users/lyndon/All reviewers/-LET REVIEWER 2026/C. MAJOR SUBJECTS/I. EARLY CHILDHOOD EDUCATION/CHILD AND ADOLESCENT DEVELOPMENT/2. CHILD AND ADOLESCENT DEV_T PDFBOOKSFORUM.pdf,"Students with secondary reading problems have capacity to read, but are non-readers because of:",,,auditory problems 6,,congenital defects,,visual-acuity impairment,,environmental or emotional actors,,,,D,Correct answer sourced from the PDF answer key: D.,LET Secondary,Early Childhood Education,Early Childhood Education,3,No,,0.96,Ready for Upload,LET Secondary Early Childhood Education Q&A. Correct answer sourced from PDF answer key.
71,71,6,2. CHILD AND ADOLESCENT DEV_T PDFBOOKSFORUM.pdf,/Users/lyndon/All reviewers/-LET REVIEWER 2026/C. MAJOR SUBJECTS/I. EARLY CHILDHOOD EDUCATION/CHILD AND ADOLESCENT DEVELOPMENT/2. CHILD AND ADOLESCENT DEV_T PDFBOOKSFORUM.pdf,"If a teacher accepts Maslow’s theory on the hierarchy of needs, he or she will probably structure objectives to:",,,meet both the physiological and intellectual needs of students,,eliminate testing,,eliminate extrinsic motivations,,maintain a certain anxiety level for increased competition,,,,A,Correct answer sourced from the PDF answer key: A.,LET Secondary,Early Childhood Education,Early Childhood Education,3,No,,0.96,Ready for Upload,LET Secondary Early Childhood Education Q&A. Correct answer sourced from PDF answer key.
72,72,6,2. CHILD AND ADOLESCENT DEV_T PDFBOOKSFORUM.pdf,/Users/lyndon/All reviewers/-LET REVIEWER 2026/C. MAJOR SUBJECTS/I. EARLY CHILDHOOD EDUCATION/CHILD AND ADOLESCENT DEVELOPMENT/2. CHILD AND ADOLESCENT DEV_T PDFBOOKSFORUM.pdf,The knowledge explosion has led to crowding more and more information into curriculum courses. A likely result is that:,,,the textbook will no longer be the main instructional medium in many classes,,the child may spend more time in school,,the teacher may have to rely more on the se of multimedia materials,,all of the above,,,,D,Correct answer sourced from the PDF answer key: D.,LET Secondary,Early Childhood Education,Early Childhood Education,3,No,,0.96,Ready for Upload,LET Secondary Early Childhood Education Q&A. Correct answer sourced from PDF answer key.
73,73,6,2. CHILD AND ADOLESCENT DEV_T PDFBOOKSFORUM.pdf,/Users/lyndon/All reviewers/-LET REVIEWER 2026/C. MAJOR SUBJECTS/I. EARLY CHILDHOOD EDUCATION/CHILD AND ADOLESCENT DEVELOPMENT/2. CHILD AND ADOLESCENT DEV_T PDFBOOKSFORUM.pdf,During the learning process the teacher has most control over:,,,the learners,,the learning environment,,the learning process,,the behavior of the learners,,,,B,Correct answer sourced from the PDF answer key: B.,LET Secondary,Early Childhood Education,Early Childhood Education,3,No,,0.96,Ready for Upload,LET Secondary Early Childhood Education Q&A. Correct answer sourced from PDF answer key.
74,74,6,2. CHILD AND ADOLESCENT DEV_T PDFBOOKSFORUM.pdf,/Users/lyndon/All reviewers/-LET REVIEWER 2026/C. MAJOR SUBJECTS/I. EARLY CHILDHOOD EDUCATION/CHILD AND ADOLESCENT DEVELOPMENT/2. CHILD AND ADOLESCENT DEV_T PDFBOOKSFORUM.pdf,Which of the following conditions does NOT contribute to a climate psychologically suited to learning?,,,The teacher acts like a “real person.”,,The teacher makes all of the decisions about students’ learning activities.,,The teacher accepts students as they are,,The teacher shows trust in students’ decisions,,,,B,Correct answer sourced from the PDF answer key: B.,LET Secondary,Early Childhood Education,Early Childhood Education,3,No,,0.96,Ready for Upload,LET Secondary Early Childhood Education Q&A. Correct answer sourced from PDF answer key.
75,75,6,2. CHILD AND ADOLESCENT DEV_T PDFBOOKSFORUM.pdf,/Users/lyndon/All reviewers/-LET REVIEWER 2026/C. MAJOR SUBJECTS/I. EARLY CHILDHOOD EDUCATION/CHILD AND ADOLESCENT DEVELOPMENT/2. CHILD AND ADOLESCENT DEV_T PDFBOOKSFORUM.pdf,"William Glasser advocates the frequent use of classroom meetings, with teacher and students sitting in a small circle. Which one of the following types of discussion would NOT be appropriate in such a setting?",,,An educational-diagnostic conference on the learning weaknesses of individual students.,,An open-ended meeting for the purpose of exploring and discussing student’s ideas about the curriculum,,"A social-problem-solving meeting to resolve teacher or student problems elating to the school, the class, or any individual member.",,A sensitivity-training meeting for the purpose of helping students ace their school-related problems and learn how their actions can affect others,,,,A,Correct answer sourced from the PDF answer key: A.,LET Secondary,Early Childhood Education,Early Childhood Education,3,No,,0.96,Ready for Upload,LET Secondary Early Childhood Education Q&A. Correct answer sourced from PDF answer key.
76,76,6,2. CHILD AND ADOLESCENT DEV_T PDFBOOKSFORUM.pdf,/Users/lyndon/All reviewers/-LET REVIEWER 2026/C. MAJOR SUBJECTS/I. EARLY CHILDHOOD EDUCATION/CHILD AND ADOLESCENT DEVELOPMENT/2. CHILD AND ADOLESCENT DEV_T PDFBOOKSFORUM.pdf,Which of the following does NOT represent a teacher’s contribution to the emotional environment of the classroom?,,,"A strident, compelling voice.",,A sustained sense of expectation where student achievement is concerned,,A well-written lesson plan,,A sense of humor in a tense situation,,,,C,Correct answer sourced from the PDF answer key: C.,LET Secondary,Early Childhood Education,Early Childhood Education,3,No,,0.96,Ready for Upload,LET Secondary Early Childhood Education Q&A. Correct answer sourced from PDF answer key.
77,77,6,2. CHILD AND ADOLESCENT DEV_T PDFBOOKSFORUM.pdf,/Users/lyndon/All reviewers/-LET REVIEWER 2026/C. MAJOR SUBJECTS/I. EARLY CHILDHOOD EDUCATION/CHILD AND ADOLESCENT DEVELOPMENT/2. CHILD AND ADOLESCENT DEV_T PDFBOOKSFORUM.pdf,"According to Jones, student commitment to accomplishing a learning goal depends on all of the following EXCEPT:",,,how interesting the goal is,,how likely it seems that the goal can be accomplished,,what degree of challenge the goal presents,,whether the learner will be able to tell if the goal has been accomplished e. whether materials are ready assembled for undertaking the goal,,,,,,LET Secondary,Early Childhood Education,Early Childhood Education,3,No,,0.70,Needs Answer,LET Secondary Early Childhood Education Q&A. Correct answer sourced from PDF answer key.
78,78,6,2. CHILD AND ADOLESCENT DEV_T PDFBOOKSFORUM.pdf,/Users/lyndon/All reviewers/-LET REVIEWER 2026/C. MAJOR SUBJECTS/I. EARLY CHILDHOOD EDUCATION/CHILD AND ADOLESCENT DEVELOPMENT/2. CHILD AND ADOLESCENT DEV_T PDFBOOKSFORUM.pdf,The teacher who understands the adolescent’s need to conform will:,,,use sarcasm as a disciplinary device,,disregard unique responses in discussion and on examinations,,establish a learning climate that fosters feelings of security,,lecture students on their weakness o character,,,,C,Correct answer sourced from the PDF answer key: C.,LET Secondary,Early Childhood Education,Early Childhood Education,3,No,,0.96,Ready for Upload,LET Secondary Early Childhood Education Q&A. Correct answer sourced from PDF answer key.
79,79,6,2. CHILD AND ADOLESCENT DEV_T PDFBOOKSFORUM.pdf,/Users/lyndon/All reviewers/-LET REVIEWER 2026/C. MAJOR SUBJECTS/I. EARLY CHILDHOOD EDUCATION/CHILD AND ADOLESCENT DEVELOPMENT/2. CHILD AND ADOLESCENT DEV_T PDFBOOKSFORUM.pdf,The best public relations agents for a school are the:,,,pupils,,Teachers and pupils,,PTA members,,principals,,,,B,Correct answer sourced from the PDF answer key: B.,LET Secondary,Early Childhood Education,Early Childhood Education,3,No,,0.96,Ready for Upload,LET Secondary Early Childhood Education Q&A. Correct answer sourced from PDF answer key.
80,80,6,2. CHILD AND ADOLESCENT DEV_T PDFBOOKSFORUM.pdf,/Users/lyndon/All reviewers/-LET REVIEWER 2026/C. MAJOR SUBJECTS/I. EARLY CHILDHOOD EDUCATION/CHILD AND ADOLESCENT DEVELOPMENT/2. CHILD AND ADOLESCENT DEV_T PDFBOOKSFORUM.pdf,"The structured curriculum is in decided contrast to the child-centered curriculum, which:",,,emphasizes fundamental education,,is changeable and is built around student interest and needs,,is oriented to the needs of a democratic society.,,Utilizes the theory of mental discipline,,,,B,Correct answer sourced from the PDF answer key: B.,LET Secondary,Early Childhood Education,Early Childhood Education,3,No,,0.96,Ready for Upload,LET Secondary Early Childhood Education Q&A. Correct answer sourced from PDF answer key.
81,81,6,2. CHILD AND ADOLESCENT DEV_T PDFBOOKSFORUM.pdf,/Users/lyndon/All reviewers/-LET REVIEWER 2026/C. MAJOR SUBJECTS/I. EARLY CHILDHOOD EDUCATION/CHILD AND ADOLESCENT DEVELOPMENT/2. CHILD AND ADOLESCENT DEV_T PDFBOOKSFORUM.pdf,"According to Bruner, teacher working with young children should",,,Push the children to maximum cognitive development as rapidly as possible,,Present all information verbally so the children will listen well,,Present new material from the concrete to the abstract,,Present new information from the abstract to the concrete 7,,,,C,Correct answer sourced from the PDF answer key: C.,LET Secondary,Early Childhood Education,Early Childhood Education,3,No,,0.96,Ready for Upload,LET Secondary Early Childhood Education Q&A. Correct answer sourced from PDF answer key.
82,82,7,2. CHILD AND ADOLESCENT DEV_T PDFBOOKSFORUM.pdf,/Users/lyndon/All reviewers/-LET REVIEWER 2026/C. MAJOR SUBJECTS/I. EARLY CHILDHOOD EDUCATION/CHILD AND ADOLESCENT DEVELOPMENT/2. CHILD AND ADOLESCENT DEV_T PDFBOOKSFORUM.pdf,"from the educational viewpoint, intelligence is:",,,an abstract concept,,a trait that can be manipulated,,good judgment,,a form of behavior,,,,A,Correct answer sourced from the PDF answer key: A.,LET Secondary,Early Childhood Education,Early Childhood Education,3,No,,0.96,Ready for Upload,LET Secondary Early Childhood Education Q&A. Correct answer sourced from PDF answer key.
83,83,7,2. CHILD AND ADOLESCENT DEV_T PDFBOOKSFORUM.pdf,/Users/lyndon/All reviewers/-LET REVIEWER 2026/C. MAJOR SUBJECTS/I. EARLY CHILDHOOD EDUCATION/CHILD AND ADOLESCENT DEVELOPMENT/2. CHILD AND ADOLESCENT DEV_T PDFBOOKSFORUM.pdf,Every taxonomy of educational objectives:,,,describes increasingly difficult learning activities,,describes levels of goals for learner development,,suggest evaluation measure for teacher use,,Classifies learning outcomes,,,,B,Correct answer sourced from the PDF answer key: B.,LET Secondary,Early Childhood Education,Early Childhood Education,3,No,,0.96,Ready for Upload,LET Secondary Early Childhood Education Q&A. Correct answer sourced from PDF answer key.
84,84,7,2. CHILD AND ADOLESCENT DEV_T PDFBOOKSFORUM.pdf,/Users/lyndon/All reviewers/-LET REVIEWER 2026/C. MAJOR SUBJECTS/I. EARLY CHILDHOOD EDUCATION/CHILD AND ADOLESCENT DEVELOPMENT/2. CHILD AND ADOLESCENT DEV_T PDFBOOKSFORUM.pdf,A mathematics teacher following Gagne’s theory of learning believes that:,,,learning can take place under all conditions,,learning is mainly a mater of accurate discrimination,,learning takes place only when the student is in a receptive state,,learning is reinforced chiefly by classical conditioning,,,,C,Correct answer sourced from the PDF answer key: C.,LET Secondary,Early Childhood Education,Early Childhood Education,3,No,,0.96,Ready for Upload,LET Secondary Early Childhood Education Q&A. Correct answer sourced from PDF answer key.
85,85,7,2. CHILD AND ADOLESCENT DEV_T PDFBOOKSFORUM.pdf,/Users/lyndon/All reviewers/-LET REVIEWER 2026/C. MAJOR SUBJECTS/I. EARLY CHILDHOOD EDUCATION/CHILD AND ADOLESCENT DEVELOPMENT/2. CHILD AND ADOLESCENT DEV_T PDFBOOKSFORUM.pdf,Under which of the following conditions is a child’s IQ more likely to increase?,,,If the emotional climate in the classroom improves,,If the child is given a large “research” project.,,If the child enjoys problem solving and is given ample opportunity for it,,If A and C are true,,,,D,Correct answer sourced from the PDF answer key: D.,LET Secondary,Early Childhood Education,Early Childhood Education,3,No,,0.96,Ready for Upload,LET Secondary Early Childhood Education Q&A. Correct answer sourced from PDF answer key.
86,86,7,2. CHILD AND ADOLESCENT DEV_T PDFBOOKSFORUM.pdf,/Users/lyndon/All reviewers/-LET REVIEWER 2026/C. MAJOR SUBJECTS/I. EARLY CHILDHOOD EDUCATION/CHILD AND ADOLESCENT DEVELOPMENT/2. CHILD AND ADOLESCENT DEV_T PDFBOOKSFORUM.pdf,"Intelligence is the basis of education. Education is the effective means for national development, hence, a country spends a large portion of its budget for the systematic training of the learner to attain full development Why is education one major concern of every c country? Because",,,intelligence has many facets,,intelligence is useful in testing,,intelligence is a safe gauge for budgetary allocation,,"intelligence test when carefully conducted, can help in determining need for future facilities for national building",,,,D,Correct answer sourced from the PDF answer key: D.,LET Secondary,Early Childhood Education,Early Childhood Education,3,No,,0.96,Ready for Upload,LET Secondary Early Childhood Education Q&A. Correct answer sourced from PDF answer key.
87,87,7,2. CHILD AND ADOLESCENT DEV_T PDFBOOKSFORUM.pdf,/Users/lyndon/All reviewers/-LET REVIEWER 2026/C. MAJOR SUBJECTS/I. EARLY CHILDHOOD EDUCATION/CHILD AND ADOLESCENT DEVELOPMENT/2. CHILD AND ADOLESCENT DEV_T PDFBOOKSFORUM.pdf,"There are no two individuals who are the same. Individual differences, when early recognize and provided for, enable the teacher to provide different motivations and approaches in guiding the learning process. Each pupil differs physically, mentally, socially and emotionally from other children. Unless the teacher provides for this nature of the learner, no amount of modern approaches in teaching can elicit favorable results.",,,The paragraph highlights the need or motivating learning,,Individual differences is an important consideration in guiding the learner,,The above paragraph focuses on teacher-pupil relationship,,It takes about the nature of the learning process,,,,B,Correct answer sourced from the PDF answer key: B.,LET Secondary,Early Childhood Education,Early Childhood Education,3,No,,0.96,Ready for Upload,LET Secondary Early Childhood Education Q&A. Correct answer sourced from PDF answer key.
88,88,7,2. CHILD AND ADOLESCENT DEV_T PDFBOOKSFORUM.pdf,/Users/lyndon/All reviewers/-LET REVIEWER 2026/C. MAJOR SUBJECTS/I. EARLY CHILDHOOD EDUCATION/CHILD AND ADOLESCENT DEVELOPMENT/2. CHILD AND ADOLESCENT DEV_T PDFBOOKSFORUM.pdf,"Robert Craig, et al, wrote of the phase of steps in every learning process. These include: 1.) the focusing of attention to the stimulation at hand, 2.) the interplay of the learner and the social factors that surround him, 3.) the acquisition of a new response or behavior he gives to the new learning and 4.) Retention which presupposes that the new learning is acquired. The above paragraph emphasizes",,,the learning process,,the steps/phase of how individuals learn,,the manifestations of learning,,why learning is a difficult process,,,,B,Correct answer sourced from the PDF answer key: B.,LET Secondary,Early Childhood Education,Early Childhood Education,3,No,,0.96,Ready for Upload,LET Secondary Early Childhood Education Q&A. Correct answer sourced from PDF answer key.
89,89,7,2. CHILD AND ADOLESCENT DEV_T PDFBOOKSFORUM.pdf,/Users/lyndon/All reviewers/-LET REVIEWER 2026/C. MAJOR SUBJECTS/I. EARLY CHILDHOOD EDUCATION/CHILD AND ADOLESCENT DEVELOPMENT/2. CHILD AND ADOLESCENT DEV_T PDFBOOKSFORUM.pdf,"Approaches in teaching change from time to time depending on the traditional of sophistication attached to the course being taught. Some mentors believe that the tie tested ways to teaching is effective. Other are easily carried away to use modern approaches in imparting new subject matter. It maybe safe to conclude that once results are realized in teaching, no specific method can be considered the one-and-only method to use. When teaching a subject area, it is safe to",,,stick to the traditional way,,be modern and most recent,,get results in teaching,,to try any method as they are all theories after all,,,,C,Correct answer sourced from the PDF answer key: C.,LET Secondary,Early Childhood Education,Early Childhood Education,3,No,,0.96,Ready for Upload,LET Secondary Early Childhood Education Q&A. Correct answer sourced from PDF answer key.
90,90,7,2. CHILD AND ADOLESCENT DEV_T PDFBOOKSFORUM.pdf,/Users/lyndon/All reviewers/-LET REVIEWER 2026/C. MAJOR SUBJECTS/I. EARLY CHILDHOOD EDUCATION/CHILD AND ADOLESCENT DEVELOPMENT/2. CHILD AND ADOLESCENT DEV_T PDFBOOKSFORUM.pdf,"In the early 1980’s programmed teaching became popular in helping teachers to provide for individual differences in learners. The chunks of the subject matter which are divided into units are supposed to help the learner master the lesson, since it is simply to understand the frame of the lessons. No test o mastery of the units are done because the purpose is to provide information on certain subject matter Would you as a teacher use programmed instruction if you handle a subject on Values Education?",,,"yes, definitely",,"no, not important for the subject matter",,I don’t know 8,,Why not if the subject matter calls for it,,,,B,Correct answer sourced from the PDF answer key: B.,LET Secondary,Early Childhood Education,Early Childhood Education,3,No,,0.96,Ready for Upload,LET Secondary Early Childhood Education Q&A. Correct answer sourced from PDF answer key.
91,91,8,2. CHILD AND ADOLESCENT DEV_T PDFBOOKSFORUM.pdf,/Users/lyndon/All reviewers/-LET REVIEWER 2026/C. MAJOR SUBJECTS/I. EARLY CHILDHOOD EDUCATION/CHILD AND ADOLESCENT DEVELOPMENT/2. CHILD AND ADOLESCENT DEV_T PDFBOOKSFORUM.pdf,"The data/subject matter to teach are gathered in different ways, These include historical sources like surveys, systematic observations, experimentation, interviews, etc. to be reliable and valid, the data collected must be organized, properly analyzed and interpreted. From these processes, some conclusion or generalization are done to reveal certain relationships like cause & effect. Data gathering involves:",,,tedious and serious study,,easy does it,,"data gathered are tested and filed, then verified before being used",,no follow-up needed,,,,A,Correct answer sourced from the PDF answer key: A.,LET Secondary,Early Childhood Education,Early Childhood Education,3,No,,0.96,Ready for Upload,LET Secondary Early Childhood Education Q&A. Correct answer sourced from PDF answer key.
92,92,8,2. CHILD AND ADOLESCENT DEV_T PDFBOOKSFORUM.pdf,/Users/lyndon/All reviewers/-LET REVIEWER 2026/C. MAJOR SUBJECTS/I. EARLY CHILDHOOD EDUCATION/CHILD AND ADOLESCENT DEVELOPMENT/2. CHILD AND ADOLESCENT DEV_T PDFBOOKSFORUM.pdf,"Heredity and environment play important roles in the function of human beings. DNA or Deoxyribonucleic Acid is the biological (heredity) band of our genes. Our environment includes the house, school and the community where we live. Whether we become successful or a failure will depend on the interplay of both nature and nurture. If heredity and environment affect the individual, thus, we can conclude that",,,both actors play equal roes in one’s life,,"one factor, either heredity or environment exerts more influence than the other",,neither factor is important,,nurture and nature are the same,,,,A,Correct answer sourced from the PDF answer key: A.,LET Secondary,Early Childhood Education,Early Childhood Education,3,No,,0.96,Ready for Upload,LET Secondary Early Childhood Education Q&A. Correct answer sourced from PDF answer key.
93,93,8,2. CHILD AND ADOLESCENT DEV_T PDFBOOKSFORUM.pdf,/Users/lyndon/All reviewers/-LET REVIEWER 2026/C. MAJOR SUBJECTS/I. EARLY CHILDHOOD EDUCATION/CHILD AND ADOLESCENT DEVELOPMENT/2. CHILD AND ADOLESCENT DEV_T PDFBOOKSFORUM.pdf,The first systematic philosopher to work in the field of education was,,,Socrates,,Aristotle,,Plato,,Rousseau,,,,C,Correct answer sourced from the PDF answer key: C.,LET Secondary,Early Childhood Education,Early Childhood Education,3,No,,0.96,Ready for Upload,LET Secondary Early Childhood Education Q&A. Correct answer sourced from PDF answer key.
94,94,8,2. CHILD AND ADOLESCENT DEV_T PDFBOOKSFORUM.pdf,/Users/lyndon/All reviewers/-LET REVIEWER 2026/C. MAJOR SUBJECTS/I. EARLY CHILDHOOD EDUCATION/CHILD AND ADOLESCENT DEVELOPMENT/2. CHILD AND ADOLESCENT DEV_T PDFBOOKSFORUM.pdf,The first state in the world’s history where all human capabilities were allowed to develop freely,,,Rome,,Athens,,Sparta,,Germany,,,,B,Correct answer sourced from the PDF answer key: B.,LET Secondary,Early Childhood Education,Early Childhood Education,3,No,,0.96,Ready for Upload,LET Secondary Early Childhood Education Q&A. Correct answer sourced from PDF answer key.
95,95,8,2. CHILD AND ADOLESCENT DEV_T PDFBOOKSFORUM.pdf,/Users/lyndon/All reviewers/-LET REVIEWER 2026/C. MAJOR SUBJECTS/I. EARLY CHILDHOOD EDUCATION/CHILD AND ADOLESCENT DEVELOPMENT/2. CHILD AND ADOLESCENT DEV_T PDFBOOKSFORUM.pdf,"They are the most practical, pragmatic people who absorbed themselves in the management of their state affairs",,,Spartans,,Athens,,Romans,,Chinese,,,,C,Correct answer sourced from the PDF answer key: C.,LET Secondary,Early Childhood Education,Early Childhood Education,3,No,,0.96,Ready for Upload,LET Secondary Early Childhood Education Q&A. Correct answer sourced from PDF answer key.
96,96,8,2. CHILD AND ADOLESCENT DEV_T PDFBOOKSFORUM.pdf,/Users/lyndon/All reviewers/-LET REVIEWER 2026/C. MAJOR SUBJECTS/I. EARLY CHILDHOOD EDUCATION/CHILD AND ADOLESCENT DEVELOPMENT/2. CHILD AND ADOLESCENT DEV_T PDFBOOKSFORUM.pdf,Invented the first system of writing in the orient,,,Phoenicians,,Chinese,,Greeks,,Romans,,,,B,Correct answer sourced from the PDF answer key: B.,LET Secondary,Early Childhood Education,Early Childhood Education,3,No,,0.96,Ready for Upload,LET Secondary Early Childhood Education Q&A. Correct answer sourced from PDF answer key.
97,97,8,2. CHILD AND ADOLESCENT DEV_T PDFBOOKSFORUM.pdf,/Users/lyndon/All reviewers/-LET REVIEWER 2026/C. MAJOR SUBJECTS/I. EARLY CHILDHOOD EDUCATION/CHILD AND ADOLESCENT DEVELOPMENT/2. CHILD AND ADOLESCENT DEV_T PDFBOOKSFORUM.pdf,first to introduce the use of printing press in the Philippines,,,Romans,,Chinese,,Greeks,,Japanese,,,,B,Correct answer sourced from the PDF answer key: B.,LET Secondary,Early Childhood Education,Early Childhood Education,3,No,,0.96,Ready for Upload,LET Secondary Early Childhood Education Q&A. Correct answer sourced from PDF answer key.
98,98,8,2. CHILD AND ADOLESCENT DEV_T PDFBOOKSFORUM.pdf,/Users/lyndon/All reviewers/-LET REVIEWER 2026/C. MAJOR SUBJECTS/I. EARLY CHILDHOOD EDUCATION/CHILD AND ADOLESCENT DEVELOPMENT/2. CHILD AND ADOLESCENT DEV_T PDFBOOKSFORUM.pdf,conducted the world’s first civil service test,,,Greeks,,Romans,,Chinese,,English,,,,C,Correct answer sourced from the PDF answer key: C.,LET Secondary,Early Childhood Education,Early Childhood Education,3,No,,0.96,Ready for Upload,LET Secondary Early Childhood Education Q&A. Correct answer sourced from PDF answer key.
99,99,8,2. CHILD AND ADOLESCENT DEV_T PDFBOOKSFORUM.pdf,/Users/lyndon/All reviewers/-LET REVIEWER 2026/C. MAJOR SUBJECTS/I. EARLY CHILDHOOD EDUCATION/CHILD AND ADOLESCENT DEVELOPMENT/2. CHILD AND ADOLESCENT DEV_T PDFBOOKSFORUM.pdf,To develop the capacity of man only for war was the educational aim of the ancient,,,Romans,,Spartans,,Athenians,,Chinese,,,,B,Correct answer sourced from the PDF answer key: B.,LET Secondary,Early Childhood Education,Early Childhood Education,3,No,,0.96,Ready for Upload,LET Secondary Early Childhood Education Q&A. Correct answer sourced from PDF answer key.
100,100,8,2. CHILD AND ADOLESCENT DEV_T PDFBOOKSFORUM.pdf,/Users/lyndon/All reviewers/-LET REVIEWER 2026/C. MAJOR SUBJECTS/I. EARLY CHILDHOOD EDUCATION/CHILD AND ADOLESCENT DEVELOPMENT/2. CHILD AND ADOLESCENT DEV_T PDFBOOKSFORUM.pdf,"To produce a young man who would be charming in person and graceful in manner, e.g. a beautiful soul in a beautiful body is the educational aim of education of the",,,Romans,,Athens,,Spartans,,Italians,,,,B,Correct answer sourced from the PDF answer key: B.,LET Secondary,Early Childhood Education,Early Childhood Education,3,No,,0.96,Ready for Upload,LET Secondary Early Childhood Education Q&A. Correct answer sourced from PDF answer key.
101,1,1,3. CHILD AND ADOLESCENT DEVELOPMENT PART 1.pdf,/Users/lyndon/All reviewers/-LET REVIEWER 2026/C. MAJOR SUBJECTS/I. EARLY CHILDHOOD EDUCATION/CHILD AND ADOLESCENT DEVELOPMENT/3. CHILD AND ADOLESCENT DEVELOPMENT PART 1.pdf,"Dr. Escoto, the school physician conducted a physical examination in Ms. Manuel's class.What concept best describes the quantitative increase observed by Dr. Escoto among learners in terms of height and weight?",,,Development,,Growth,,Learning,,Maturation,,,,B,Correct answer sourced from the PDF answer key: B.,LET Secondary,Early Childhood Education,Early Childhood Education,3,No,,0.96,Ready for Upload,LET Secondary Early Childhood Education Q&A. Correct answer sourced from PDF answer key.
102,2,1,3. CHILD AND ADOLESCENT DEVELOPMENT PART 1.pdf,/Users/lyndon/All reviewers/-LET REVIEWER 2026/C. MAJOR SUBJECTS/I. EARLY CHILDHOOD EDUCATION/CHILD AND ADOLESCENT DEVELOPMENT/3. CHILD AND ADOLESCENT DEVELOPMENT PART 1.pdf,Which situation best illustrates the concept of growth?,,,A kinder pupil gains 2 pounds within twomonths.,,A high school student gets a score of 85 in mental ability test.,,An education student has gained knowledge on approaches and strategies in teaching different subjects,,An elementary grader has learned to play piano.,,,,A,Correct answer sourced from the PDF answer key: A.,LET Secondary,Early Childhood Education,Early Childhood Education,3,No,,0.96,Ready for Upload,LET Secondary Early Childhood Education Q&A. Correct answer sourced from PDF answer key.
103,3,1,3. CHILD AND ADOLESCENT DEVELOPMENT PART 1.pdf,/Users/lyndon/All reviewers/-LET REVIEWER 2026/C. MAJOR SUBJECTS/I. EARLY CHILDHOOD EDUCATION/CHILD AND ADOLESCENT DEVELOPMENT/3. CHILD AND ADOLESCENT DEVELOPMENT PART 1.pdf,Which statements below best describes development?,,,"A high school student's height increased by 5'2"" to 5'4""",,A high school student's change in weight from 110 lbs. to 125 lbs.,,A student had learned to operate the computer,,A student's enlargement of hips,,,,C,Correct answer sourced from the PDF answer key: C.,LET Secondary,Early Childhood Education,Early Childhood Education,3,No,,0.96,Ready for Upload,LET Secondary Early Childhood Education Q&A. Correct answer sourced from PDF answer key.
104,4,1,3. CHILD AND ADOLESCENT DEVELOPMENT PART 1.pdf,/Users/lyndon/All reviewers/-LET REVIEWER 2026/C. MAJOR SUBJECTS/I. EARLY CHILDHOOD EDUCATION/CHILD AND ADOLESCENT DEVELOPMENT/3. CHILD AND ADOLESCENT DEVELOPMENT PART 1.pdf,"What concept can best describes Francisco's ability to walk without a support at age of 12 months because of the ""internal ripening"" that occured in his muscles, bones and nervous system development?",,,Development,,Growth,,Learning,,Maturation,,,,D,Correct answer sourced from the PDF answer key: D.,LET Secondary,Early Childhood Education,Early Childhood Education,3,No,,0.96,Ready for Upload,LET Secondary Early Childhood Education Q&A. Correct answer sourced from PDF answer key.
105,5,1,3. CHILD AND ADOLESCENT DEVELOPMENT PART 1.pdf,/Users/lyndon/All reviewers/-LET REVIEWER 2026/C. MAJOR SUBJECTS/I. EARLY CHILDHOOD EDUCATION/CHILD AND ADOLESCENT DEVELOPMENT/3. CHILD AND ADOLESCENT DEVELOPMENT PART 1.pdf,Teacher Jesus in now 69 years old has been observing changes in himself such as the aging process. Which term refers to the development change in the individual?,,,Development,,Growth,,Learning,,Maturation,,,,D,Correct answer sourced from the PDF answer key: D.,LET Secondary,Early Childhood Education,Early Childhood Education,3,No,,0.96,Ready for Upload,LET Secondary Early Childhood Education Q&A. Correct answer sourced from PDF answer key.
106,6,1,3. CHILD AND ADOLESCENT DEVELOPMENT PART 1.pdf,/Users/lyndon/All reviewers/-LET REVIEWER 2026/C. MAJOR SUBJECTS/I. EARLY CHILDHOOD EDUCATION/CHILD AND ADOLESCENT DEVELOPMENT/3. CHILD AND ADOLESCENT DEVELOPMENT PART 1.pdf,"Manuel, a five-year old boy can hold his pen and write his name with his right hand. Which term describes Manuel's action/ behavior?",,,Development,,Growth,,Learning,,Maturation,,,,A,Correct answer sourced from the PDF answer key: A.,LET Secondary,Early Childhood Education,Early Childhood Education,3,No,,0.96,Ready for Upload,LET Secondary Early Childhood Education Q&A. Correct answer sourced from PDF answer key.
107,7,1,3. CHILD AND ADOLESCENT DEVELOPMENT PART 1.pdf,/Users/lyndon/All reviewers/-LET REVIEWER 2026/C. MAJOR SUBJECTS/I. EARLY CHILDHOOD EDUCATION/CHILD AND ADOLESCENT DEVELOPMENT/3. CHILD AND ADOLESCENT DEVELOPMENT PART 1.pdf,Which of the following theory can help Miss Samson determine the readiness of her learners by administering a readiness test?,,,Conditioning Theories,,Cognitive Development Theory,,Maturation Theory,,Ethological Theory,,,,C,Correct answer sourced from the PDF answer key: C.,LET Secondary,Early Childhood Education,Early Childhood Education,3,No,,0.96,Ready for Upload,LET Secondary Early Childhood Education Q&A. Correct answer sourced from PDF answer key.
108,8,1,3. CHILD AND ADOLESCENT DEVELOPMENT PART 1.pdf,/Users/lyndon/All reviewers/-LET REVIEWER 2026/C. MAJOR SUBJECTS/I. EARLY CHILDHOOD EDUCATION/CHILD AND ADOLESCENT DEVELOPMENT/3. CHILD AND ADOLESCENT DEVELOPMENT PART 1.pdf,Mr. Francisco was very much worried about the thumb sucking of his son. A friend of him says that certain behavior among infants. Who presented that notion that certain behavior like thumb-sucking is normal behavior?,,,Sigmund Freud,,Erick Ericson,,John Bowlly,,Urie Bronfrenbenner,,,,A,Correct answer sourced from the PDF answer key: A.,LET Secondary,Early Childhood Education,Early Childhood Education,3,No,,0.96,Ready for Upload,LET Secondary Early Childhood Education Q&A. Correct answer sourced from PDF answer key.
109,9,1,3. CHILD AND ADOLESCENT DEVELOPMENT PART 1.pdf,/Users/lyndon/All reviewers/-LET REVIEWER 2026/C. MAJOR SUBJECTS/I. EARLY CHILDHOOD EDUCATION/CHILD AND ADOLESCENT DEVELOPMENT/3. CHILD AND ADOLESCENT DEVELOPMENT PART 1.pdf,"A newborn infant move his whole body at one time, instead of moving a part of it. Which of the following principles is illustrated by his behavior?",,,Development proceeds from specific to general.,,Development proceeds from general to specific.,,Development follows an orderly pattern.,,Development follows a general pattern.,,,,B,Correct answer sourced from the PDF answer key: B.,LET Secondary,Early Childhood Education,Early Childhood Education,3,No,,0.96,Ready for Upload,LET Secondary Early Childhood Education Q&A. Correct answer sourced from PDF answer key.
110,10,1,3. CHILD AND ADOLESCENT DEVELOPMENT PART 1.pdf,/Users/lyndon/All reviewers/-LET REVIEWER 2026/C. MAJOR SUBJECTS/I. EARLY CHILDHOOD EDUCATION/CHILD AND ADOLESCENT DEVELOPMENT/3. CHILD AND ADOLESCENT DEVELOPMENT PART 1.pdf,"Train up a child in the way he should be; when he grows up, he will not depart from it. Which principle supports this?",,,Development is determined by his heredity,,Development is determined by the environment,,Early development is more critical than the late development,,Early development is less critical than late development.,,,,B,Correct answer sourced from the PDF answer key: B.,LET Secondary,Early Childhood Education,Early Childhood Education,3,No,,0.96,Ready for Upload,LET Secondary Early Childhood Education Q&A. Correct answer sourced from PDF answer key.
111,11,1,3. CHILD AND ADOLESCENT DEVELOPMENT PART 1.pdf,/Users/lyndon/All reviewers/-LET REVIEWER 2026/C. MAJOR SUBJECTS/I. EARLY CHILDHOOD EDUCATION/CHILD AND ADOLESCENT DEVELOPMENT/3. CHILD AND ADOLESCENT DEVELOPMENT PART 1.pdf,Which state of the psycho-sexual theory does young boys experience rivalry with their father for their mother's attention and affection?,,,Oral,,Anal,,Phallic,,Latency,,,,C,Correct answer sourced from the PDF answer key: C.,LET Secondary,Early Childhood Education,Early Childhood Education,3,No,,0.96,Ready for Upload,LET Secondary Early Childhood Education Q&A. Correct answer sourced from PDF answer key.
112,12,2,3. CHILD AND ADOLESCENT DEVELOPMENT PART 1.pdf,/Users/lyndon/All reviewers/-LET REVIEWER 2026/C. MAJOR SUBJECTS/I. EARLY CHILDHOOD EDUCATION/CHILD AND ADOLESCENT DEVELOPMENT/3. CHILD AND ADOLESCENT DEVELOPMENT PART 1.pdf,Angela focuses her attention on the school work and vigorous play that consume most of her physical energy. Which stage of psychosexual theory illustrates her behavior?,,,Oral,,Anal,,Phallic,,Latency,,,,D,Correct answer sourced from the PDF answer key: D.,LET Secondary,Early Childhood Education,Early Childhood Education,3,No,,0.96,Ready for Upload,LET Secondary Early Childhood Education Q&A. Correct answer sourced from PDF answer key.
113,13,2,3. CHILD AND ADOLESCENT DEVELOPMENT PART 1.pdf,/Users/lyndon/All reviewers/-LET REVIEWER 2026/C. MAJOR SUBJECTS/I. EARLY CHILDHOOD EDUCATION/CHILD AND ADOLESCENT DEVELOPMENT/3. CHILD AND ADOLESCENT DEVELOPMENT PART 1.pdf,Which of the following is likely to be developed if infants are shown genuine affection?,,,Trust,,Autonomy,,Initiative,,Industry,,,,A,Correct answer sourced from the PDF answer key: A.,LET Secondary,Early Childhood Education,Early Childhood Education,3,No,,0.96,Ready for Upload,LET Secondary Early Childhood Education Q&A. Correct answer sourced from PDF answer key.
114,14,2,3. CHILD AND ADOLESCENT DEVELOPMENT PART 1.pdf,/Users/lyndon/All reviewers/-LET REVIEWER 2026/C. MAJOR SUBJECTS/I. EARLY CHILDHOOD EDUCATION/CHILD AND ADOLESCENT DEVELOPMENT/3. CHILD AND ADOLESCENT DEVELOPMENT PART 1.pdf,"Christian develops an integral and coherent sense of self. He seeks answers to the question. ""Who am I""? Which of the following is Christian likely to develop?",,,Initiative,,Identity and Role Confusion,,Intimacy,,Autonomy,,,,B,Correct answer sourced from the PDF answer key: B.,LET Secondary,Early Childhood Education,Early Childhood Education,3,No,,0.96,Ready for Upload,LET Secondary Early Childhood Education Q&A. Correct answer sourced from PDF answer key.
115,15,2,3. CHILD AND ADOLESCENT DEVELOPMENT PART 1.pdf,/Users/lyndon/All reviewers/-LET REVIEWER 2026/C. MAJOR SUBJECTS/I. EARLY CHILDHOOD EDUCATION/CHILD AND ADOLESCENT DEVELOPMENT/3. CHILD AND ADOLESCENT DEVELOPMENT PART 1.pdf,Ms. Reyes uses images and language to represent and understand her various lessons to preschool learners. What stage in the cognitive theory of development explains this?,,,Sensorimotor,,Preoperational,,Concrete operation,,Formal operation,,,,B,Correct answer sourced from the PDF answer key: B.,LET Secondary,Early Childhood Education,Early Childhood Education,3,No,,0.96,Ready for Upload,LET Secondary Early Childhood Education Q&A. Correct answer sourced from PDF answer key.
116,16,2,3. CHILD AND ADOLESCENT DEVELOPMENT PART 1.pdf,/Users/lyndon/All reviewers/-LET REVIEWER 2026/C. MAJOR SUBJECTS/I. EARLY CHILDHOOD EDUCATION/CHILD AND ADOLESCENT DEVELOPMENT/3. CHILD AND ADOLESCENT DEVELOPMENT PART 1.pdf,"Connie develops concepts necessary for everyday living, builds healthy attitudes towards oneself, and achieve personal independence. These are among the attributes of an individual in what particular stage?",,,Infancy and early childhood,,Middle childhood,,Adolescence,,Early adulthood,,,,B,Correct answer sourced from the PDF answer key: B.,LET Secondary,Early Childhood Education,Early Childhood Education,3,No,,0.96,Ready for Upload,LET Secondary Early Childhood Education Q&A. Correct answer sourced from PDF answer key.
117,17,2,3. CHILD AND ADOLESCENT DEVELOPMENT PART 1.pdf,/Users/lyndon/All reviewers/-LET REVIEWER 2026/C. MAJOR SUBJECTS/I. EARLY CHILDHOOD EDUCATION/CHILD AND ADOLESCENT DEVELOPMENT/3. CHILD AND ADOLESCENT DEVELOPMENT PART 1.pdf,"Some children are more active than others, as everyone knows-extremely highlevels of activity or hyperactivity are considered problematic. How may a teacher help a child who is hyperactive?",,,Make him the leader of the class,,Transfer him to another class,,Give him challenging activities that are appropriate to his ability level and interests.,,Allow him to spend longer at the playground until he gets tired.,,,,C,Correct answer sourced from the PDF answer key: C.,LET Secondary,Early Childhood Education,Early Childhood Education,3,No,,0.96,Ready for Upload,LET Secondary Early Childhood Education Q&A. Correct answer sourced from PDF answer key.
118,18,2,3. CHILD AND ADOLESCENT DEVELOPMENT PART 1.pdf,/Users/lyndon/All reviewers/-LET REVIEWER 2026/C. MAJOR SUBJECTS/I. EARLY CHILDHOOD EDUCATION/CHILD AND ADOLESCENT DEVELOPMENT/3. CHILD AND ADOLESCENT DEVELOPMENT PART 1.pdf,Tessa gets jealous whenever she sees her father showing love and affection to her mother.Which of the following is she showing according to Freud?,,,Complex,,Phallic,,Electra Complex,,Oedipus Complex,,,,C,Correct answer sourced from the PDF answer key: C.,LET Secondary,Early Childhood Education,Early Childhood Education,3,No,,0.96,Ready for Upload,LET Secondary Early Childhood Education Q&A. Correct answer sourced from PDF answer key.
119,19,2,3. CHILD AND ADOLESCENT DEVELOPMENT PART 1.pdf,/Users/lyndon/All reviewers/-LET REVIEWER 2026/C. MAJOR SUBJECTS/I. EARLY CHILDHOOD EDUCATION/CHILD AND ADOLESCENT DEVELOPMENT/3. CHILD AND ADOLESCENT DEVELOPMENT PART 1.pdf,"In Piaget's Theory of Cognitive Development, which of the following statements would illustrate Edward who is 11 years old?",,,Able to see relationships and to reason in the abstract.,,Unable to breakdown a whole into separate parts.,,Differentiates goals and goal-directed activities.,,Experiments with methods to reach goals.,,,,A,Correct answer sourced from the PDF answer key: A.,LET Secondary,Early Childhood Education,Early Childhood Education,3,No,,0.96,Ready for Upload,LET Secondary Early Childhood Education Q&A. Correct answer sourced from PDF answer key.
120,20,2,3. CHILD AND ADOLESCENT DEVELOPMENT PART 1.pdf,/Users/lyndon/All reviewers/-LET REVIEWER 2026/C. MAJOR SUBJECTS/I. EARLY CHILDHOOD EDUCATION/CHILD AND ADOLESCENT DEVELOPMENT/3. CHILD AND ADOLESCENT DEVELOPMENT PART 1.pdf,Trisha goes with her mother in school. She enjoys the workplace of her mother. Which of the following ecological theories is illustrated by the situation?,,,Microsystem,,Mesosystem,,Exosystem,,Macrosystem,,,,C,Correct answer sourced from the PDF answer key: C.,LET Secondary,Early Childhood Education,Early Childhood Education,3,No,,0.96,Ready for Upload,LET Secondary Early Childhood Education Q&A. Correct answer sourced from PDF answer key.
121,21,2,3. CHILD AND ADOLESCENT DEVELOPMENT PART 1.pdf,/Users/lyndon/All reviewers/-LET REVIEWER 2026/C. MAJOR SUBJECTS/I. EARLY CHILDHOOD EDUCATION/CHILD AND ADOLESCENT DEVELOPMENT/3. CHILD AND ADOLESCENT DEVELOPMENT PART 1.pdf,"Lito, a student in secondary level tends to spend more time with his friends and his family, thus, his behavior is greatly affected by them. In which stage in the Psychosocial Stages of Development does Lito belong?",,,Autonomous vs Shame and Doubt,,Identity vs. Role Confusion,,Intimacy vs. Isolation,,Initiative vs. Guilt,,,,D,Correct answer sourced from the PDF answer key: D.,LET Secondary,Early Childhood Education,Early Childhood Education,3,No,,0.96,Ready for Upload,LET Secondary Early Childhood Education Q&A. Correct answer sourced from PDF answer key.
122,22,2,3. CHILD AND ADOLESCENT DEVELOPMENT PART 1.pdf,/Users/lyndon/All reviewers/-LET REVIEWER 2026/C. MAJOR SUBJECTS/I. EARLY CHILDHOOD EDUCATION/CHILD AND ADOLESCENT DEVELOPMENT/3. CHILD AND ADOLESCENT DEVELOPMENT PART 1.pdf,Anna believes that authority is respected. She is now in what particular level in moral development theory of Lawrence Kholberg?,,,Social contract,,Law and order orientation,,Interpersonal concordance,,Universal ethics orientation,,,,A,Correct answer sourced from the PDF answer key: A.,LET Secondary,Early Childhood Education,Early Childhood Education,3,No,,0.96,Ready for Upload,LET Secondary Early Childhood Education Q&A. Correct answer sourced from PDF answer key.
123,23,2,3. CHILD AND ADOLESCENT DEVELOPMENT PART 1.pdf,/Users/lyndon/All reviewers/-LET REVIEWER 2026/C. MAJOR SUBJECTS/I. EARLY CHILDHOOD EDUCATION/CHILD AND ADOLESCENT DEVELOPMENT/3. CHILD AND ADOLESCENT DEVELOPMENT PART 1.pdf,What level has a four year old learner like Maryann reached when she acquired new skills such as putting the same shapes and the same colors together?,,,Development,,Maturation,,Zone of Proximal Development,,Learning,,,,C,Correct answer sourced from the PDF answer key: C.,LET Secondary,Early Childhood Education,Early Childhood Education,3,No,,0.96,Ready for Upload,LET Secondary Early Childhood Education Q&A. Correct answer sourced from PDF answer key.
124,24,3,3. CHILD AND ADOLESCENT DEVELOPMENT PART 1.pdf,/Users/lyndon/All reviewers/-LET REVIEWER 2026/C. MAJOR SUBJECTS/I. EARLY CHILDHOOD EDUCATION/CHILD AND ADOLESCENT DEVELOPMENT/3. CHILD AND ADOLESCENT DEVELOPMENT PART 1.pdf,Which of the following principles can be the basis of the growing realization of the significance of the early childhood education?,,,The young children are capable of doingmany things at an early stage.,,The child should be seen and should learn.,,The first five years of life are the formative years of the child.,,Early childhood experiences can be interesting and challenging.,,,,B,Correct answer sourced from the PDF answer key: B.,LET Secondary,Early Childhood Education,Early Childhood Education,3,No,,0.96,Ready for Upload,LET Secondary Early Childhood Education Q&A. Correct answer sourced from PDF answer key.
125,25,3,3. CHILD AND ADOLESCENT DEVELOPMENT PART 1.pdf,/Users/lyndon/All reviewers/-LET REVIEWER 2026/C. MAJOR SUBJECTS/I. EARLY CHILDHOOD EDUCATION/CHILD AND ADOLESCENT DEVELOPMENT/3. CHILD AND ADOLESCENT DEVELOPMENT PART 1.pdf,Which of the following learner's characteristics will affect most of the learners learning in the academic class?,,,His affective characteristics,,His cognitive characteristics,,His psychomotor characteristics,,His socio-emotional characteristics,,,,B,Correct answer sourced from the PDF answer key: B.,LET Secondary,Early Childhood Education,Early Childhood Education,3,No,,0.96,Ready for Upload,LET Secondary Early Childhood Education Q&A. Correct answer sourced from PDF answer key.
126,1,1,4. CHILD AND ADOLESCENT DEVELOPMENT PART 2.pdf,/Users/lyndon/All reviewers/-LET REVIEWER 2026/C. MAJOR SUBJECTS/I. EARLY CHILDHOOD EDUCATION/CHILD AND ADOLESCENT DEVELOPMENT/4. CHILD AND ADOLESCENT DEVELOPMENT PART 2.pdf,"Dr. Escoto, the school physician conducted a physical examination in Ms. Manuel's class.What concept best describes the quantitative increase observed by Dr. Escoto among learners in terms of height and weight?",,,Development,,Growth,,Learning,,Maturation,,,,B,Correct answer sourced from the PDF answer key: B.,LET Secondary,Early Childhood Education,Early Childhood Education,3,No,101,0.96,Duplicate,LET Secondary Early Childhood Education Q&A. Correct answer sourced from PDF answer key.
127,2,1,4. CHILD AND ADOLESCENT DEVELOPMENT PART 2.pdf,/Users/lyndon/All reviewers/-LET REVIEWER 2026/C. MAJOR SUBJECTS/I. EARLY CHILDHOOD EDUCATION/CHILD AND ADOLESCENT DEVELOPMENT/4. CHILD AND ADOLESCENT DEVELOPMENT PART 2.pdf,Which situation best illustrates the concept of growth?,,,A kinder pupil gains 2 pounds within twomonths.,,A high school student gets a score of 85 in mental ability test.,,An education student has gained knowledge on approaches and strategies in teaching different subjects,,An elementary grader has learned to play piano.,,,,A,Correct answer sourced from the PDF answer key: A.,LET Secondary,Early Childhood Education,Early Childhood Education,3,No,102,0.96,Duplicate,LET Secondary Early Childhood Education Q&A. Correct answer sourced from PDF answer key.
128,3,1,4. CHILD AND ADOLESCENT DEVELOPMENT PART 2.pdf,/Users/lyndon/All reviewers/-LET REVIEWER 2026/C. MAJOR SUBJECTS/I. EARLY CHILDHOOD EDUCATION/CHILD AND ADOLESCENT DEVELOPMENT/4. CHILD AND ADOLESCENT DEVELOPMENT PART 2.pdf,Which statements below best describes development?,,,"A high school student's height increased by 5'2"" to 5'4""",,A high school student's change in weight from 110 lbs. to 125 lbs.,,A student had learned to operate the computer,,A student's enlargement of hips,,,,C,Correct answer sourced from the PDF answer key: C.,LET Secondary,Early Childhood Education,Early Childhood Education,3,No,103,0.96,Duplicate,LET Secondary Early Childhood Education Q&A. Correct answer sourced from PDF answer key.
129,4,1,4. CHILD AND ADOLESCENT DEVELOPMENT PART 2.pdf,/Users/lyndon/All reviewers/-LET REVIEWER 2026/C. MAJOR SUBJECTS/I. EARLY CHILDHOOD EDUCATION/CHILD AND ADOLESCENT DEVELOPMENT/4. CHILD AND ADOLESCENT DEVELOPMENT PART 2.pdf,"What concept can best describes Francisco's ability to walk without a support at age of 12 months because of the ""internal ripening"" that occured in his muscles, bones and nervous system development?",,,Development,,Growth,,Learning,,Maturation,,,,D,Correct answer sourced from the PDF answer key: D.,LET Secondary,Early Childhood Education,Early Childhood Education,3,No,104,0.96,Duplicate,LET Secondary Early Childhood Education Q&A. Correct answer sourced from PDF answer key.
130,5,1,4. CHILD AND ADOLESCENT DEVELOPMENT PART 2.pdf,/Users/lyndon/All reviewers/-LET REVIEWER 2026/C. MAJOR SUBJECTS/I. EARLY CHILDHOOD EDUCATION/CHILD AND ADOLESCENT DEVELOPMENT/4. CHILD AND ADOLESCENT DEVELOPMENT PART 2.pdf,Teacher Jesus in now 69 years old has been observing changes in himself such as the aging process. Which term refers to the development change in the individual?,,,Development,,Growth,,Learning,,Maturation,,,,D,Correct answer sourced from the PDF answer key: D.,LET Secondary,Early Childhood Education,Early Childhood Education,3,No,105,0.96,Duplicate,LET Secondary Early Childhood Education Q&A. Correct answer sourced from PDF answer key.
131,6,1,4. CHILD AND ADOLESCENT DEVELOPMENT PART 2.pdf,/Users/lyndon/All reviewers/-LET REVIEWER 2026/C. MAJOR SUBJECTS/I. EARLY CHILDHOOD EDUCATION/CHILD AND ADOLESCENT DEVELOPMENT/4. CHILD AND ADOLESCENT DEVELOPMENT PART 2.pdf,"Manuel, a five-year old boy can hold his pen and write his name with his right hand. Which term describes Manuel's action/ behavior?",,,Development,,Growth,,Learning,,Maturation,,,,A,Correct answer sourced from the PDF answer key: A.,LET Secondary,Early Childhood Education,Early Childhood Education,3,No,106,0.96,Duplicate,LET Secondary Early Childhood Education Q&A. Correct answer sourced from PDF answer key.
132,7,1,4. CHILD AND ADOLESCENT DEVELOPMENT PART 2.pdf,/Users/lyndon/All reviewers/-LET REVIEWER 2026/C. MAJOR SUBJECTS/I. EARLY CHILDHOOD EDUCATION/CHILD AND ADOLESCENT DEVELOPMENT/4. CHILD AND ADOLESCENT DEVELOPMENT PART 2.pdf,Which of the following theory can help Miss Samson determine the readiness of her learners by administering a readiness test?,,,Conditioning Theories,,Cognitive Development Theory,,Maturation Theory,,Ethological Theory,,,,C,Correct answer sourced from the PDF answer key: C.,LET Secondary,Early Childhood Education,Early Childhood Education,3,No,107,0.96,Duplicate,LET Secondary Early Childhood Education Q&A. Correct answer sourced from PDF answer key.
133,8,1,4. CHILD AND ADOLESCENT DEVELOPMENT PART 2.pdf,/Users/lyndon/All reviewers/-LET REVIEWER 2026/C. MAJOR SUBJECTS/I. EARLY CHILDHOOD EDUCATION/CHILD AND ADOLESCENT DEVELOPMENT/4. CHILD AND ADOLESCENT DEVELOPMENT PART 2.pdf,Mr. Francisco was very much worried about the thumb sucking of his son. A friend of him says that certain behavior among infants. Who presented that notion that certain behavior like thumb-sucking is normal behavior?,,,Sigmund Freud,,Erick Ericson,,John Bowlly,,Urie Bronfrenbenner,,,,A,Correct answer sourced from the PDF answer key: A.,LET Secondary,Early Childhood Education,Early Childhood Education,3,No,108,0.96,Duplicate,LET Secondary Early Childhood Education Q&A. Correct answer sourced from PDF answer key.
134,9,1,4. CHILD AND ADOLESCENT DEVELOPMENT PART 2.pdf,/Users/lyndon/All reviewers/-LET REVIEWER 2026/C. MAJOR SUBJECTS/I. EARLY CHILDHOOD EDUCATION/CHILD AND ADOLESCENT DEVELOPMENT/4. CHILD AND ADOLESCENT DEVELOPMENT PART 2.pdf,"A newborn infant move his whole body at one time, instead of moving a part of it. Which of the following principles is illustrated by his behavior?",,,Development proceeds from specific to general.,,Development proceeds from general to specific.,,Development follows an orderly pattern.,,Development follows a general pattern.,,,,B,Correct answer sourced from the PDF answer key: B.,LET Secondary,Early Childhood Education,Early Childhood Education,3,No,109,0.96,Duplicate,LET Secondary Early Childhood Education Q&A. Correct answer sourced from PDF answer key.
135,10,1,4. CHILD AND ADOLESCENT DEVELOPMENT PART 2.pdf,/Users/lyndon/All reviewers/-LET REVIEWER 2026/C. MAJOR SUBJECTS/I. EARLY CHILDHOOD EDUCATION/CHILD AND ADOLESCENT DEVELOPMENT/4. CHILD AND ADOLESCENT DEVELOPMENT PART 2.pdf,"Train up a child in the way he should be; when he grows up, he will not depart from it. Which principle supports this?",,,Development is determined by his heredity,,Development is determined by the environment,,Early development is more critical than the late development,,Early development is less critical than late development.,,,,B,Correct answer sourced from the PDF answer key: B.,LET Secondary,Early Childhood Education,Early Childhood Education,3,No,110,0.96,Duplicate,LET Secondary Early Childhood Education Q&A. Correct answer sourced from PDF answer key.
136,11,1,4. CHILD AND ADOLESCENT DEVELOPMENT PART 2.pdf,/Users/lyndon/All reviewers/-LET REVIEWER 2026/C. MAJOR SUBJECTS/I. EARLY CHILDHOOD EDUCATION/CHILD AND ADOLESCENT DEVELOPMENT/4. CHILD AND ADOLESCENT DEVELOPMENT PART 2.pdf,Which state of the psycho-sexual theory does young boys experience rivalry with their father for their mother's attention and affection?,,,Oral,,Anal,,Phallic,,Latency,,,,C,Correct answer sourced from the PDF answer key: C.,LET Secondary,Early Childhood Education,Early Childhood Education,3,No,111,0.96,Duplicate,LET Secondary Early Childhood Education Q&A. Correct answer sourced from PDF answer key.
137,12,2,4. CHILD AND ADOLESCENT DEVELOPMENT PART 2.pdf,/Users/lyndon/All reviewers/-LET REVIEWER 2026/C. MAJOR SUBJECTS/I. EARLY CHILDHOOD EDUCATION/CHILD AND ADOLESCENT DEVELOPMENT/4. CHILD AND ADOLESCENT DEVELOPMENT PART 2.pdf,Angela focuses her attention on the school work and vigorous play that consume most of her physical energy. Which stage of psychosexual theory illustrates her behavior?,,,Oral,,Anal,,Phallic,,Latency,,,,D,Correct answer sourced from the PDF answer key: D.,LET Secondary,Early Childhood Education,Early Childhood Education,3,No,112,0.96,Duplicate,LET Secondary Early Childhood Education Q&A. Correct answer sourced from PDF answer key.
138,13,2,4. CHILD AND ADOLESCENT DEVELOPMENT PART 2.pdf,/Users/lyndon/All reviewers/-LET REVIEWER 2026/C. MAJOR SUBJECTS/I. EARLY CHILDHOOD EDUCATION/CHILD AND ADOLESCENT DEVELOPMENT/4. CHILD AND ADOLESCENT DEVELOPMENT PART 2.pdf,Which of the following is likely to be developed if infants are shown genuine affection?,,,Trust,,Autonomy,,Initiative,,Industry,,,,A,Correct answer sourced from the PDF answer key: A.,LET Secondary,Early Childhood Education,Early Childhood Education,3,No,113,0.96,Duplicate,LET Secondary Early Childhood Education Q&A. Correct answer sourced from PDF answer key.
139,14,2,4. CHILD AND ADOLESCENT DEVELOPMENT PART 2.pdf,/Users/lyndon/All reviewers/-LET REVIEWER 2026/C. MAJOR SUBJECTS/I. EARLY CHILDHOOD EDUCATION/CHILD AND ADOLESCENT DEVELOPMENT/4. CHILD AND ADOLESCENT DEVELOPMENT PART 2.pdf,"Christian develops an integral and coherent sense of self. He seeks answers to the question. ""Who am I""? Which of the following is Christian likely to develop?",,,Initiative,,Identity and Role Confusion,,Intimacy,,Autonomy,,,,B,Correct answer sourced from the PDF answer key: B.,LET Secondary,Early Childhood Education,Early Childhood Education,3,No,114,0.96,Duplicate,LET Secondary Early Childhood Education Q&A. Correct answer sourced from PDF answer key.
140,15,2,4. CHILD AND ADOLESCENT DEVELOPMENT PART 2.pdf,/Users/lyndon/All reviewers/-LET REVIEWER 2026/C. MAJOR SUBJECTS/I. EARLY CHILDHOOD EDUCATION/CHILD AND ADOLESCENT DEVELOPMENT/4. CHILD AND ADOLESCENT DEVELOPMENT PART 2.pdf,Ms. Reyes uses images and language to represent and understand her various lessons to preschool learners. What stage in the cognitive theory of development explains this?,,,Sensorimotor,,Preoperational,,Concrete operation,,Formal operation,,,,B,Correct answer sourced from the PDF answer key: B.,LET Secondary,Early Childhood Education,Early Childhood Education,3,No,115,0.96,Duplicate,LET Secondary Early Childhood Education Q&A. Correct answer sourced from PDF answer key.
141,16,2,4. CHILD AND ADOLESCENT DEVELOPMENT PART 2.pdf,/Users/lyndon/All reviewers/-LET REVIEWER 2026/C. MAJOR SUBJECTS/I. EARLY CHILDHOOD EDUCATION/CHILD AND ADOLESCENT DEVELOPMENT/4. CHILD AND ADOLESCENT DEVELOPMENT PART 2.pdf,"Connie develops concepts necessary for everyday living, builds healthy attitudes towards oneself, and achieve personal independence. These are among the attributes of an individual in what particular stage?",,,Infancy and early childhood,,Middle childhood,,Adolescence,,Early adulthood,,,,B,Correct answer sourced from the PDF answer key: B.,LET Secondary,Early Childhood Education,Early Childhood Education,3,No,116,0.96,Duplicate,LET Secondary Early Childhood Education Q&A. Correct answer sourced from PDF answer key.
142,17,2,4. CHILD AND ADOLESCENT DEVELOPMENT PART 2.pdf,/Users/lyndon/All reviewers/-LET REVIEWER 2026/C. MAJOR SUBJECTS/I. EARLY CHILDHOOD EDUCATION/CHILD AND ADOLESCENT DEVELOPMENT/4. CHILD AND ADOLESCENT DEVELOPMENT PART 2.pdf,"Some children are more active than others, as everyone knows-extremely highlevels of activity or hyperactivity are considered problematic. How may a teacher help a child who is hyperactive?",,,Make him the leader of the class,,Transfer him to another class,,Give him challenging activities that are appropriate to his ability level and interests.,,Allow him to spend longer at the playground until he gets tired.,,,,C,Correct answer sourced from the PDF answer key: C.,LET Secondary,Early Childhood Education,Early Childhood Education,3,No,117,0.96,Duplicate,LET Secondary Early Childhood Education Q&A. Correct answer sourced from PDF answer key.
143,18,2,4. CHILD AND ADOLESCENT DEVELOPMENT PART 2.pdf,/Users/lyndon/All reviewers/-LET REVIEWER 2026/C. MAJOR SUBJECTS/I. EARLY CHILDHOOD EDUCATION/CHILD AND ADOLESCENT DEVELOPMENT/4. CHILD AND ADOLESCENT DEVELOPMENT PART 2.pdf,Tessa gets jealous whenever she sees her father showing love and affection to her mother.Which of the following is she showing according to Freud?,,,Complex,,Phallic,,Electra Complex,,Oedipus Complex,,,,C,Correct answer sourced from the PDF answer key: C.,LET Secondary,Early Childhood Education,Early Childhood Education,3,No,118,0.96,Duplicate,LET Secondary Early Childhood Education Q&A. Correct answer sourced from PDF answer key.
144,19,2,4. CHILD AND ADOLESCENT DEVELOPMENT PART 2.pdf,/Users/lyndon/All reviewers/-LET REVIEWER 2026/C. MAJOR SUBJECTS/I. EARLY CHILDHOOD EDUCATION/CHILD AND ADOLESCENT DEVELOPMENT/4. CHILD AND ADOLESCENT DEVELOPMENT PART 2.pdf,"In Piaget's Theory of Cognitive Development, which of the following statements would illustrate Edward who is 11 years old?",,,Able to see relationships and to reason in the abstract.,,Unable to breakdown a whole into separate parts.,,Differentiates goals and goal-directed activities.,,Experiments with methods to reach goals.,,,,A,Correct answer sourced from the PDF answer key: A.,LET Secondary,Early Childhood Education,Early Childhood Education,3,No,119,0.96,Duplicate,LET Secondary Early Childhood Education Q&A. Correct answer sourced from PDF answer key.
145,20,2,4. CHILD AND ADOLESCENT DEVELOPMENT PART 2.pdf,/Users/lyndon/All reviewers/-LET REVIEWER 2026/C. MAJOR SUBJECTS/I. EARLY CHILDHOOD EDUCATION/CHILD AND ADOLESCENT DEVELOPMENT/4. CHILD AND ADOLESCENT DEVELOPMENT PART 2.pdf,Trisha goes with her mother in school. She enjoys the workplace of her mother. Which of the following ecological theories is illustrated by the situation?,,,Microsystem,,Mesosystem,,Exosystem,,Macrosystem,,,,C,Correct answer sourced from the PDF answer key: C.,LET Secondary,Early Childhood Education,Early Childhood Education,3,No,120,0.96,Duplicate,LET Secondary Early Childhood Education Q&A. Correct answer sourced from PDF answer key.
146,21,2,4. CHILD AND ADOLESCENT DEVELOPMENT PART 2.pdf,/Users/lyndon/All reviewers/-LET REVIEWER 2026/C. MAJOR SUBJECTS/I. EARLY CHILDHOOD EDUCATION/CHILD AND ADOLESCENT DEVELOPMENT/4. CHILD AND ADOLESCENT DEVELOPMENT PART 2.pdf,"Lito, a student in secondary level tends to spend more time with his friends and his family, thus, his behavior is greatly affected by them. In which stage in the Psychosocial Stages of Development does Lito belong?",,,Autonomous vs Shame and Doubt,,Identity vs. Role Confusion,,Intimacy vs. Isolation,,Initiative vs. Guilt,,,,D,Correct answer sourced from the PDF answer key: D.,LET Secondary,Early Childhood Education,Early Childhood Education,3,No,121,0.96,Duplicate,LET Secondary Early Childhood Education Q&A. Correct answer sourced from PDF answer key.
147,22,2,4. CHILD AND ADOLESCENT DEVELOPMENT PART 2.pdf,/Users/lyndon/All reviewers/-LET REVIEWER 2026/C. MAJOR SUBJECTS/I. EARLY CHILDHOOD EDUCATION/CHILD AND ADOLESCENT DEVELOPMENT/4. CHILD AND ADOLESCENT DEVELOPMENT PART 2.pdf,Anna believes that authority is respected. She is now in what particular level in moral development theory of Lawrence Kholberg?,,,Social contract,,Law and order orientation,,Interpersonal concordance,,Universal ethics orientation,,,,A,Correct answer sourced from the PDF answer key: A.,LET Secondary,Early Childhood Education,Early Childhood Education,3,No,122,0.96,Duplicate,LET Secondary Early Childhood Education Q&A. Correct answer sourced from PDF answer key.
148,23,2,4. CHILD AND ADOLESCENT DEVELOPMENT PART 2.pdf,/Users/lyndon/All reviewers/-LET REVIEWER 2026/C. MAJOR SUBJECTS/I. EARLY CHILDHOOD EDUCATION/CHILD AND ADOLESCENT DEVELOPMENT/4. CHILD AND ADOLESCENT DEVELOPMENT PART 2.pdf,What level has a four year old learner like Maryann reached when she acquired new skills such as putting the same shapes and the same colors together?,,,Development,,Maturation,,Zone of Proximal Development,,Learning,,,,C,Correct answer sourced from the PDF answer key: C.,LET Secondary,Early Childhood Education,Early Childhood Education,3,No,123,0.96,Duplicate,LET Secondary Early Childhood Education Q&A. Correct answer sourced from PDF answer key.
149,24,3,4. CHILD AND ADOLESCENT DEVELOPMENT PART 2.pdf,/Users/lyndon/All reviewers/-LET REVIEWER 2026/C. MAJOR SUBJECTS/I. EARLY CHILDHOOD EDUCATION/CHILD AND ADOLESCENT DEVELOPMENT/4. CHILD AND ADOLESCENT DEVELOPMENT PART 2.pdf,Which of the following principles can be the basis of the growing realization of the significance of the early childhood education?,,,The young children are capable of doingmany things at an early stage.,,The child should be seen and should learn.,,The first five years of life are the formative years of the child.,,Early childhood experiences can be interesting and challenging.,,,,B,Correct answer sourced from the PDF answer key: B.,LET Secondary,Early Childhood Education,Early Childhood Education,3,No,124,0.96,Duplicate,LET Secondary Early Childhood Education Q&A. Correct answer sourced from PDF answer key.
150,25,3,4. CHILD AND ADOLESCENT DEVELOPMENT PART 2.pdf,/Users/lyndon/All reviewers/-LET REVIEWER 2026/C. MAJOR SUBJECTS/I. EARLY CHILDHOOD EDUCATION/CHILD AND ADOLESCENT DEVELOPMENT/4. CHILD AND ADOLESCENT DEVELOPMENT PART 2.pdf,Which of the following learner's characteristics will affect most of the learners learning in the academic class?,,,His affective characteristics,,His cognitive characteristics,,His psychomotor characteristics,,His socio-emotional characteristics,,,,B,Correct answer sourced from the PDF answer key: B.,LET Secondary,Early Childhood Education,Early Childhood Education,3,No,125,0.96,Duplicate,LET Secondary Early Childhood Education Q&A. Correct answer sourced from PDF answer key.
151,1,1,EARLY CHILDHOOD ED. PART 1.pdf,/Users/lyndon/All reviewers/-LET REVIEWER 2026/C. MAJOR SUBJECTS/I. EARLY CHILDHOOD EDUCATION/DRILLS/EARLY CHILDHOOD ED. PART 1.pdf,Which law institutionalized kindergarten as the first stage of basic education in the Philippines?,,,R.A. 10533,,R.A. 10410,,R.A. 10157,,R.A. 9155,,,,C,Correct answer sourced from the PDF answer key: C.,LET Secondary,Early Childhood Education,Early Childhood Education,3,No,,0.96,Ready for Upload,LET Secondary Early Childhood Education Q&A. Correct answer sourced from PDF answer key.
152,2,1,EARLY CHILDHOOD ED. PART 1.pdf,/Users/lyndon/All reviewers/-LET REVIEWER 2026/C. MAJOR SUBJECTS/I. EARLY CHILDHOOD EDUCATION/DRILLS/EARLY CHILDHOOD ED. PART 1.pdf,The belief that children learn best through play is rooted in which philosophy?,,,Behaviorism,,Existentialism,,Progressivism,,Idealism,,,,C,Correct answer sourced from the PDF answer key: C.,LET Secondary,Early Childhood Education,Early Childhood Education,3,No,,0.96,Ready for Upload,LET Secondary Early Childhood Education Q&A. Correct answer sourced from PDF answer key.
153,3,1,EARLY CHILDHOOD ED. PART 1.pdf,/Users/lyndon/All reviewers/-LET REVIEWER 2026/C. MAJOR SUBJECTS/I. EARLY CHILDHOOD EDUCATION/DRILLS/EARLY CHILDHOOD ED. PART 1.pdf,A preschool child who can recall and tell stories in sequence shows development in:,,,Moral reasoning,,Physical coordination,,Cognitive and language skills,,Emotional regulation,,,,C,Correct answer sourced from the PDF answer key: C.,LET Secondary,Early Childhood Education,Early Childhood Education,3,No,,0.96,Ready for Upload,LET Secondary Early Childhood Education Q&A. Correct answer sourced from PDF answer key.
154,4,1,EARLY CHILDHOOD ED. PART 1.pdf,/Users/lyndon/All reviewers/-LET REVIEWER 2026/C. MAJOR SUBJECTS/I. EARLY CHILDHOOD EDUCATION/DRILLS/EARLY CHILDHOOD ED. PART 1.pdf,Which type of play involves children working together to achieve a common goal?,,,Onlooker play,,Parallel play,,Cooperative play,,Solitary play,,,,C,Correct answer sourced from the PDF answer key: C.,LET Secondary,Early Childhood Education,Early Childhood Education,3,No,,0.96,Ready for Upload,LET Secondary Early Childhood Education Q&A. Correct answer sourced from PDF answer key.
155,5,1,EARLY CHILDHOOD ED. PART 1.pdf,/Users/lyndon/All reviewers/-LET REVIEWER 2026/C. MAJOR SUBJECTS/I. EARLY CHILDHOOD EDUCATION/DRILLS/EARLY CHILDHOOD ED. PART 1.pdf,"When a teacher uses observation checklists and portfolios, she is applying:",,,Summative evaluation,,Standardized assessment,,Authentic assessment,,Diagnostic testing,,,,C,Correct answer sourced from the PDF answer key: C.,LET Secondary,Early Childhood Education,Early Childhood Education,3,No,,0.96,Ready for Upload,LET Secondary Early Childhood Education Q&A. Correct answer sourced from PDF answer key.
156,6,1,EARLY CHILDHOOD ED. PART 1.pdf,/Users/lyndon/All reviewers/-LET REVIEWER 2026/C. MAJOR SUBJECTS/I. EARLY CHILDHOOD EDUCATION/DRILLS/EARLY CHILDHOOD ED. PART 1.pdf,The term “holistic development” in early childhood refers to growth in:,,,Mental domain only,,Academic area only,,"All domains—physical, social, emotional, and cognitive",,Moral and spiritual aspects only,,,,C,Correct answer sourced from the PDF answer key: C.,LET Secondary,Early Childhood Education,Early Childhood Education,3,No,,0.96,Ready for Upload,LET Secondary Early Childhood Education Q&A. Correct answer sourced from PDF answer key.
157,7,1,EARLY CHILDHOOD ED. PART 1.pdf,/Users/lyndon/All reviewers/-LET REVIEWER 2026/C. MAJOR SUBJECTS/I. EARLY CHILDHOOD EDUCATION/DRILLS/EARLY CHILDHOOD ED. PART 1.pdf,Which teaching strategy best supports constructivist learning?,,,Memorization drills,,Teacher-centered lecture,,Hands-on exploration and discovery,,Listening to long explanations,,,,C,Correct answer sourced from the PDF answer key: C.,LET Secondary,Early Childhood Education,Early Childhood Education,3,No,,0.96,Ready for Upload,LET Secondary Early Childhood Education Q&A. Correct answer sourced from PDF answer key.
158,8,1,EARLY CHILDHOOD ED. PART 1.pdf,/Users/lyndon/All reviewers/-LET REVIEWER 2026/C. MAJOR SUBJECTS/I. EARLY CHILDHOOD EDUCATION/DRILLS/EARLY CHILDHOOD ED. PART 1.pdf,A 4-year-old who can use scissors and color within lines demonstrates:,,,Emotional maturity,,Social readiness,,Fine motor development,,Cognitive awareness,,,,C,Correct answer sourced from the PDF answer key: C.,LET Secondary,Early Childhood Education,Early Childhood Education,3,No,,0.96,Ready for Upload,LET Secondary Early Childhood Education Q&A. Correct answer sourced from PDF answer key.
159,9,1,EARLY CHILDHOOD ED. PART 1.pdf,/Users/lyndon/All reviewers/-LET REVIEWER 2026/C. MAJOR SUBJECTS/I. EARLY CHILDHOOD EDUCATION/DRILLS/EARLY CHILDHOOD ED. PART 1.pdf,The period when the brain is most receptive to learning new skills is called:,,,Critical period,,Growth spurt,,Sensitive period,,Reflective period,,,,C,Correct answer sourced from the PDF answer key: C.,LET Secondary,Early Childhood Education,Early Childhood Education,3,No,,0.96,Ready for Upload,LET Secondary Early Childhood Education Q&A. Correct answer sourced from PDF answer key.
160,10,1,EARLY CHILDHOOD ED. PART 1.pdf,/Users/lyndon/All reviewers/-LET REVIEWER 2026/C. MAJOR SUBJECTS/I. EARLY CHILDHOOD EDUCATION/DRILLS/EARLY CHILDHOOD ED. PART 1.pdf,"When children classify and count objects, they are developing:",,,Social interaction,,Verbal fluency Ultimate LET Reviewer 2025/2026 Brilliant Teach PH Reviewer,,Logical-mathematical intelligence,,Moral judgment,,,,C,Correct answer sourced from the PDF answer key: C.,LET Secondary,Early Childhood Education,Early Childhood Education,3,No,,0.96,Ready for Upload,LET Secondary Early Childhood Education Q&A. Correct answer sourced from PDF answer key.
161,11,2,EARLY CHILDHOOD ED. PART 1.pdf,/Users/lyndon/All reviewers/-LET REVIEWER 2026/C. MAJOR SUBJECTS/I. EARLY CHILDHOOD EDUCATION/DRILLS/EARLY CHILDHOOD ED. PART 1.pdf,The principle that children’s development occurs from simple to complex is called:,,,Sequential development,,Maturation principle,,Hierarchical growth,,Interrelated development,,,,A,Correct answer sourced from the PDF answer key: A.,LET Secondary,Early Childhood Education,Early Childhood Education,3,No,,0.96,Ready for Upload,LET Secondary Early Childhood Education Q&A. Correct answer sourced from PDF answer key.
162,12,2,EARLY CHILDHOOD ED. PART 1.pdf,/Users/lyndon/All reviewers/-LET REVIEWER 2026/C. MAJOR SUBJECTS/I. EARLY CHILDHOOD EDUCATION/DRILLS/EARLY CHILDHOOD ED. PART 1.pdf,"Which curriculum model encourages project-based, community-involved learning?",,,Montessori,,Waldorf,,Reggio Emilia,,Behaviorist,,,,C,Correct answer sourced from the PDF answer key: C.,LET Secondary,Early Childhood Education,Early Childhood Education,3,No,,0.96,Ready for Upload,LET Secondary Early Childhood Education Q&A. Correct answer sourced from PDF answer key.
163,13,2,EARLY CHILDHOOD ED. PART 1.pdf,/Users/lyndon/All reviewers/-LET REVIEWER 2026/C. MAJOR SUBJECTS/I. EARLY CHILDHOOD EDUCATION/DRILLS/EARLY CHILDHOOD ED. PART 1.pdf,"A teacher who uses songs, movement, and play to teach letters is applying:",,,Verbal-linguistic approach,,Academic-based instruction,,Multisensory teaching,,Rote learning,,,,C,Correct answer sourced from the PDF answer key: C.,LET Secondary,Early Childhood Education,Early Childhood Education,3,No,,0.96,Ready for Upload,LET Secondary Early Childhood Education Q&A. Correct answer sourced from PDF answer key.
164,14,2,EARLY CHILDHOOD ED. PART 1.pdf,/Users/lyndon/All reviewers/-LET REVIEWER 2026/C. MAJOR SUBJECTS/I. EARLY CHILDHOOD EDUCATION/DRILLS/EARLY CHILDHOOD ED. PART 1.pdf,The most effective way to manage misbehavior in preschool is to:,,,Enforce strict punishments,,Ignore minor problems,,Redirect and reinforce positive behavior,,Give immediate time-out,,,,C,Correct answer sourced from the PDF answer key: C.,LET Secondary,Early Childhood Education,Early Childhood Education,3,No,,0.96,Ready for Upload,LET Secondary Early Childhood Education Q&A. Correct answer sourced from PDF answer key.
165,15,2,EARLY CHILDHOOD ED. PART 1.pdf,/Users/lyndon/All reviewers/-LET REVIEWER 2026/C. MAJOR SUBJECTS/I. EARLY CHILDHOOD EDUCATION/DRILLS/EARLY CHILDHOOD ED. PART 1.pdf,"A preschooler who understands “yesterday,” “today,” and “tomorrow” shows:",,,Emotional growth,,Social development,,Temporal awareness,,Literacy development,,,,C,Correct answer sourced from the PDF answer key: C.,LET Secondary,Early Childhood Education,Early Childhood Education,3,No,,0.96,Ready for Upload,LET Secondary Early Childhood Education Q&A. Correct answer sourced from PDF answer key.
166,16,2,EARLY CHILDHOOD ED. PART 1.pdf,/Users/lyndon/All reviewers/-LET REVIEWER 2026/C. MAJOR SUBJECTS/I. EARLY CHILDHOOD EDUCATION/DRILLS/EARLY CHILDHOOD ED. PART 1.pdf,The approach that uses real-life experiences as the basis for learning is:,,,Traditional approach,,Academic approach,,Experiential approach,,Structural approach,,,,C,Correct answer sourced from the PDF answer key: C.,LET Secondary,Early Childhood Education,Early Childhood Education,3,No,,0.96,Ready for Upload,LET Secondary Early Childhood Education Q&A. Correct answer sourced from PDF answer key.
167,17,2,EARLY CHILDHOOD ED. PART 1.pdf,/Users/lyndon/All reviewers/-LET REVIEWER 2026/C. MAJOR SUBJECTS/I. EARLY CHILDHOOD EDUCATION/DRILLS/EARLY CHILDHOOD ED. PART 1.pdf,A 5-year-old who can tell right from wrong is at which developmental domain?,,,Physical,,Cognitive,,Moral,,Emotional,,,,C,Correct answer sourced from the PDF answer key: C.,LET Secondary,Early Childhood Education,Early Childhood Education,3,No,,0.96,Ready for Upload,LET Secondary Early Childhood Education Q&A. Correct answer sourced from PDF answer key.
168,18,2,EARLY CHILDHOOD ED. PART 1.pdf,/Users/lyndon/All reviewers/-LET REVIEWER 2026/C. MAJOR SUBJECTS/I. EARLY CHILDHOOD EDUCATION/DRILLS/EARLY CHILDHOOD ED. PART 1.pdf,A teacher adjusts activities to suit children’s readiness levels. This is an example of:,,,Fixed teaching,,Cooperative learning,,Differentiated instruction,,Rote memorization,,,,C,Correct answer sourced from the PDF answer key: C.,LET Secondary,Early Childhood Education,Early Childhood Education,3,No,,0.96,Ready for Upload,LET Secondary Early Childhood Education Q&A. Correct answer sourced from PDF answer key.
169,19,2,EARLY CHILDHOOD ED. PART 1.pdf,/Users/lyndon/All reviewers/-LET REVIEWER 2026/C. MAJOR SUBJECTS/I. EARLY CHILDHOOD EDUCATION/DRILLS/EARLY CHILDHOOD ED. PART 1.pdf,The teacher arranges materials that children can freely choose from. This encourages:,,,Teacher control,,Passive learning,,Autonomy and independence,,Group competition,,,,C,Correct answer sourced from the PDF answer key: C.,LET Secondary,Early Childhood Education,Early Childhood Education,3,No,,0.96,Ready for Upload,LET Secondary Early Childhood Education Q&A. Correct answer sourced from PDF answer key.
170,20,2,EARLY CHILDHOOD ED. PART 1.pdf,/Users/lyndon/All reviewers/-LET REVIEWER 2026/C. MAJOR SUBJECTS/I. EARLY CHILDHOOD EDUCATION/DRILLS/EARLY CHILDHOOD ED. PART 1.pdf,Which is the most important feature of a developmentally appropriate classroom?,,,Quiet and controlled atmosphere,,Strict adherence to schedules,,Child-centered and flexible environment,,Teacher-directed instruction,,,,C,Correct answer sourced from the PDF answer key: C.,LET Secondary,Early Childhood Education,Early Childhood Education,3,No,,0.96,Ready for Upload,LET Secondary Early Childhood Education Q&A. Correct answer sourced from PDF answer key.
171,21,2,EARLY CHILDHOOD ED. PART 1.pdf,/Users/lyndon/All reviewers/-LET REVIEWER 2026/C. MAJOR SUBJECTS/I. EARLY CHILDHOOD EDUCATION/DRILLS/EARLY CHILDHOOD ED. PART 1.pdf,The teacher who integrates counting with dance and movement activities promotes:,,,Logical thinking only,,Physical coordination only,,Integrated and kinesthetic learning,,Visual recognition only Ultimate LET Reviewer 2025/2026 Brilliant Teach PH Reviewer,,,,C,Correct answer sourced from the PDF answer key: C.,LET Secondary,Early Childhood Education,Early Childhood Education,3,No,,0.96,Ready for Upload,LET Secondary Early Childhood Education Q&A. Correct answer sourced from PDF answer key.
172,22,3,EARLY CHILDHOOD ED. PART 1.pdf,/Users/lyndon/All reviewers/-LET REVIEWER 2026/C. MAJOR SUBJECTS/I. EARLY CHILDHOOD EDUCATION/DRILLS/EARLY CHILDHOOD ED. PART 1.pdf,What should be the primary basis for planning early childhood curriculum?,,,Teacher’s convenience,,Textbook sequence,,Children’s developmental needs and interests,,School traditions,,,,C,Correct answer sourced from the PDF answer key: C.,LET Secondary,Early Childhood Education,Early Childhood Education,3,No,,0.96,Ready for Upload,LET Secondary Early Childhood Education Q&A. Correct answer sourced from PDF answer key.
173,23,3,EARLY CHILDHOOD ED. PART 1.pdf,/Users/lyndon/All reviewers/-LET REVIEWER 2026/C. MAJOR SUBJECTS/I. EARLY CHILDHOOD EDUCATION/DRILLS/EARLY CHILDHOOD ED. PART 1.pdf,"A 4-year-old can state her name, age, and gender. This reflects:",,,Self-esteem,,Moral awareness,,Self-concept,,Social conformity,,,,C,Correct answer sourced from the PDF answer key: C.,LET Secondary,Early Childhood Education,Early Childhood Education,3,No,,0.96,Ready for Upload,LET Secondary Early Childhood Education Q&A. Correct answer sourced from PDF answer key.
174,24,3,EARLY CHILDHOOD ED. PART 1.pdf,/Users/lyndon/All reviewers/-LET REVIEWER 2026/C. MAJOR SUBJECTS/I. EARLY CHILDHOOD EDUCATION/DRILLS/EARLY CHILDHOOD ED. PART 1.pdf,Which of the following shows a child’s readiness for formal schooling?,,,Ability to read long texts,,"Ability to interact, follow routines, and express needs",,Ability to solve math problems,,Ability to write sentences,,,,B,Correct answer sourced from the PDF answer key: B.,LET Secondary,Early Childhood Education,Early Childhood Education,3,No,,0.96,Ready for Upload,LET Secondary Early Childhood Education Q&A. Correct answer sourced from PDF answer key.
175,25,3,EARLY CHILDHOOD ED. PART 1.pdf,/Users/lyndon/All reviewers/-LET REVIEWER 2026/C. MAJOR SUBJECTS/I. EARLY CHILDHOOD EDUCATION/DRILLS/EARLY CHILDHOOD ED. PART 1.pdf,The overall goal of Early Childhood Education is to:,,,Prepare for grade school testing,,Focus on numeracy and literacy,,Promote total development of the child,,Produce high achievers Ultimate LET Reviewer 2025/2026 Brilliant Teach PH Reviewer LET Reviewer Early Childhood Education Part 9 2025/2026,,,,C,Correct answer sourced from the PDF answer key: C.,LET Secondary,Early Childhood Education,Early Childhood Education,3,No,,0.96,Ready for Upload,LET Secondary Early Childhood Education Q&A. Correct answer sourced from PDF answer key.
176,1,1,EARLY CHILDHOOD ED. PART 10.pdf,/Users/lyndon/All reviewers/-LET REVIEWER 2026/C. MAJOR SUBJECTS/I. EARLY CHILDHOOD EDUCATION/DRILLS/EARLY CHILDHOOD ED. PART 10.pdf,What is the best way to encourage creativity in young children?,,,Provide open-ended materials and activities,,Require them to copy models accurately,,Give tests on art skills,,Restrict them to one method,,,,A,Correct answer sourced from the PDF answer key: A.,LET Secondary,Early Childhood Education,Early Childhood Education,3,No,,0.96,Ready for Upload,LET Secondary Early Childhood Education Q&A. Correct answer sourced from PDF answer key.
177,2,1,EARLY CHILDHOOD ED. PART 10.pdf,/Users/lyndon/All reviewers/-LET REVIEWER 2026/C. MAJOR SUBJECTS/I. EARLY CHILDHOOD EDUCATION/DRILLS/EARLY CHILDHOOD ED. PART 10.pdf,A 5-year-old who waits patiently for his turn during play demonstrates:,,,Self-regulation,,Initiative,,Shyness,,Curiosity,,,,A,Correct answer sourced from the PDF answer key: A.,LET Secondary,Early Childhood Education,Early Childhood Education,3,No,,0.96,Ready for Upload,LET Secondary Early Childhood Education Q&A. Correct answer sourced from PDF answer key.
178,3,1,EARLY CHILDHOOD ED. PART 10.pdf,/Users/lyndon/All reviewers/-LET REVIEWER 2026/C. MAJOR SUBJECTS/I. EARLY CHILDHOOD EDUCATION/DRILLS/EARLY CHILDHOOD ED. PART 10.pdf,Which principle states that development occurs from head to foot?,,,Proximodistal,,Sequential,,Cephalocaudal,,Lateral,,,,C,Correct answer sourced from the PDF answer key: C.,LET Secondary,Early Childhood Education,Early Childhood Education,3,No,,0.96,Ready for Upload,LET Secondary Early Childhood Education Q&A. Correct answer sourced from PDF answer key.
179,4,1,EARLY CHILDHOOD ED. PART 10.pdf,/Users/lyndon/All reviewers/-LET REVIEWER 2026/C. MAJOR SUBJECTS/I. EARLY CHILDHOOD EDUCATION/DRILLS/EARLY CHILDHOOD ED. PART 10.pdf,"When children sort blocks by color and shape, they are showing:",,,Imaginative play,,Classification skills,,Social cooperation,,Physical agility,,,,B,Correct answer sourced from the PDF answer key: B.,LET Secondary,Early Childhood Education,Early Childhood Education,3,No,,0.96,Ready for Upload,LET Secondary Early Childhood Education Q&A. Correct answer sourced from PDF answer key.
180,5,1,EARLY CHILDHOOD ED. PART 10.pdf,/Users/lyndon/All reviewers/-LET REVIEWER 2026/C. MAJOR SUBJECTS/I. EARLY CHILDHOOD EDUCATION/DRILLS/EARLY CHILDHOOD ED. PART 10.pdf,A preschool teacher allows children to express their feelings through drawing. This develops:,,,Moral judgment,,Emotional expression,,Physical strength,,Memorization,,,,B,Correct answer sourced from the PDF answer key: B.,LET Secondary,Early Childhood Education,Early Childhood Education,3,No,,0.96,Ready for Upload,LET Secondary Early Childhood Education Q&A. Correct answer sourced from PDF answer key.
181,6,1,EARLY CHILDHOOD ED. PART 10.pdf,/Users/lyndon/All reviewers/-LET REVIEWER 2026/C. MAJOR SUBJECTS/I. EARLY CHILDHOOD EDUCATION/DRILLS/EARLY CHILDHOOD ED. PART 10.pdf,The purpose of assessment in early childhood is to:,,,Support growth and learning,,Rank children by ability,,Compare children to national norms,,Identify who should repeat the grade,,,,A,Correct answer sourced from the PDF answer key: A.,LET Secondary,Early Childhood Education,Early Childhood Education,3,No,,0.96,Ready for Upload,LET Secondary Early Childhood Education Q&A. Correct answer sourced from PDF answer key.
182,7,1,EARLY CHILDHOOD ED. PART 10.pdf,/Users/lyndon/All reviewers/-LET REVIEWER 2026/C. MAJOR SUBJECTS/I. EARLY CHILDHOOD EDUCATION/DRILLS/EARLY CHILDHOOD ED. PART 10.pdf,A child who enjoys pretend play and story re-enactment is in which stage of Piaget’s theory?,,,Sensorimotor,,Preoperational,,Concrete operational,,Formal operational,,,,B,Correct answer sourced from the PDF answer key: B.,LET Secondary,Early Childhood Education,Early Childhood Education,3,No,,0.96,Ready for Upload,LET Secondary Early Childhood Education Q&A. Correct answer sourced from PDF answer key.
183,8,1,EARLY CHILDHOOD ED. PART 10.pdf,/Users/lyndon/All reviewers/-LET REVIEWER 2026/C. MAJOR SUBJECTS/I. EARLY CHILDHOOD EDUCATION/DRILLS/EARLY CHILDHOOD ED. PART 10.pdf,"The approach that emphasizes independence, order, and sensory-based learning materials is:",,,Montessori,,Reggio Emilia,,Waldorf,,Traditional,,,,A,Correct answer sourced from the PDF answer key: A.,LET Secondary,Early Childhood Education,Early Childhood Education,3,No,,0.96,Ready for Upload,LET Secondary Early Childhood Education Q&A. Correct answer sourced from PDF answer key.
184,9,1,EARLY CHILDHOOD ED. PART 10.pdf,/Users/lyndon/All reviewers/-LET REVIEWER 2026/C. MAJOR SUBJECTS/I. EARLY CHILDHOOD EDUCATION/DRILLS/EARLY CHILDHOOD ED. PART 10.pdf,Which teaching method best supports a constructivist classroom?,,,Lecture,,Discovery learning,,Memorization,,Dictation,,,,B,Correct answer sourced from the PDF answer key: B.,LET Secondary,Early Childhood Education,Early Childhood Education,3,No,,0.96,Ready for Upload,LET Secondary Early Childhood Education Q&A. Correct answer sourced from PDF answer key.
185,10,1,EARLY CHILDHOOD ED. PART 10.pdf,/Users/lyndon/All reviewers/-LET REVIEWER 2026/C. MAJOR SUBJECTS/I. EARLY CHILDHOOD EDUCATION/DRILLS/EARLY CHILDHOOD ED. PART 10.pdf,"When a teacher uses stories from local culture to teach values, she is promoting:",,,Globalization,,Cultural relevance,,Memorization,,Competition Ultimate LET Reviewer 2025/2026 Brilliant Teach PH Reviewer,,,,B,Correct answer sourced from the PDF answer key: B.,LET Secondary,Early Childhood Education,Early Childhood Education,3,No,,0.96,Ready for Upload,LET Secondary Early Childhood Education Q&A. Correct answer sourced from PDF answer key.
186,11,2,EARLY CHILDHOOD ED. PART 10.pdf,/Users/lyndon/All reviewers/-LET REVIEWER 2026/C. MAJOR SUBJECTS/I. EARLY CHILDHOOD EDUCATION/DRILLS/EARLY CHILDHOOD ED. PART 10.pdf,The ability to balance and ride a tricycle is an example of:,,,Fine motor skill,,Gross motor skill,,Social coordination,,Cognitive maturity,,,,B,Correct answer sourced from the PDF answer key: B.,LET Secondary,Early Childhood Education,Early Childhood Education,3,No,,0.96,Ready for Upload,LET Secondary Early Childhood Education Q&A. Correct answer sourced from PDF answer key.
187,12,2,EARLY CHILDHOOD ED. PART 10.pdf,/Users/lyndon/All reviewers/-LET REVIEWER 2026/C. MAJOR SUBJECTS/I. EARLY CHILDHOOD EDUCATION/DRILLS/EARLY CHILDHOOD ED. PART 10.pdf,Which of the following best demonstrates moral development?,,,Learning to read stories,,Telling the truth without being told,,Recognizing colors correctly,,Counting objects accurately,,,,B,Correct answer sourced from the PDF answer key: B.,LET Secondary,Early Childhood Education,Early Childhood Education,3,No,,0.96,Ready for Upload,LET Secondary Early Childhood Education Q&A. Correct answer sourced from PDF answer key.
188,13,2,EARLY CHILDHOOD ED. PART 10.pdf,/Users/lyndon/All reviewers/-LET REVIEWER 2026/C. MAJOR SUBJECTS/I. EARLY CHILDHOOD EDUCATION/DRILLS/EARLY CHILDHOOD ED. PART 10.pdf,The teacher’s role in early childhood education is primarily to:,,,Facilitate and guide learning experiences,,Provide lectures and direct instruction,,Grade students frequently,,Limit exploration for safety,,,,A,Correct answer sourced from the PDF answer key: A.,LET Secondary,Early Childhood Education,Early Childhood Education,3,No,,0.96,Ready for Upload,LET Secondary Early Childhood Education Q&A. Correct answer sourced from PDF answer key.
189,14,2,EARLY CHILDHOOD ED. PART 10.pdf,/Users/lyndon/All reviewers/-LET REVIEWER 2026/C. MAJOR SUBJECTS/I. EARLY CHILDHOOD EDUCATION/DRILLS/EARLY CHILDHOOD ED. PART 10.pdf,"When a child talks to himself while playing, it is an example of:",,,Inner speech,,Social dialogue,,Egocentric speech,,Cooperative talk,,,,C,Correct answer sourced from the PDF answer key: C.,LET Secondary,Early Childhood Education,Early Childhood Education,3,No,,0.96,Ready for Upload,LET Secondary Early Childhood Education Q&A. Correct answer sourced from PDF answer key.
190,15,2,EARLY CHILDHOOD ED. PART 10.pdf,/Users/lyndon/All reviewers/-LET REVIEWER 2026/C. MAJOR SUBJECTS/I. EARLY CHILDHOOD EDUCATION/DRILLS/EARLY CHILDHOOD ED. PART 10.pdf,A safe and organized learning space provides children with:,,,A sense of security and focus,,A sense of restriction,,A habit of dependence,,A competitive mindset,,,,A,Correct answer sourced from the PDF answer key: A.,LET Secondary,Early Childhood Education,Early Childhood Education,3,No,,0.96,Ready for Upload,LET Secondary Early Childhood Education Q&A. Correct answer sourced from PDF answer key.
191,16,2,EARLY CHILDHOOD ED. PART 10.pdf,/Users/lyndon/All reviewers/-LET REVIEWER 2026/C. MAJOR SUBJECTS/I. EARLY CHILDHOOD EDUCATION/DRILLS/EARLY CHILDHOOD ED. PART 10.pdf,"When teachers plan activities based on children’s developmental levels, they practice:",,,Developmentally appropriate practices,,Strict curriculum standards,,Academic acceleration,,Uniform instruction,,,,A,Correct answer sourced from the PDF answer key: A.,LET Secondary,Early Childhood Education,Early Childhood Education,3,No,,0.96,Ready for Upload,LET Secondary Early Childhood Education Q&A. Correct answer sourced from PDF answer key.
192,17,2,EARLY CHILDHOOD ED. PART 10.pdf,/Users/lyndon/All reviewers/-LET REVIEWER 2026/C. MAJOR SUBJECTS/I. EARLY CHILDHOOD EDUCATION/DRILLS/EARLY CHILDHOOD ED. PART 10.pdf,A 4-year-old who shares toys willingly is demonstrating:,,,Obedience,,Cooperative behavior,,Dependence,,Aggression,,,,B,Correct answer sourced from the PDF answer key: B.,LET Secondary,Early Childhood Education,Early Childhood Education,3,No,,0.96,Ready for Upload,LET Secondary Early Childhood Education Q&A. Correct answer sourced from PDF answer key.
193,18,2,EARLY CHILDHOOD ED. PART 10.pdf,/Users/lyndon/All reviewers/-LET REVIEWER 2026/C. MAJOR SUBJECTS/I. EARLY CHILDHOOD EDUCATION/DRILLS/EARLY CHILDHOOD ED. PART 10.pdf,The Early Years Act (R.A. 10410) focuses on:,,,The first 8 years of life,,Basic education reform,,Kindergarten curriculum only,,Teacher licensure examination,,,,A,Correct answer sourced from the PDF answer key: A.,LET Secondary,Early Childhood Education,Early Childhood Education,3,No,,0.96,Ready for Upload,LET Secondary Early Childhood Education Q&A. Correct answer sourced from PDF answer key.
194,19,2,EARLY CHILDHOOD ED. PART 10.pdf,/Users/lyndon/All reviewers/-LET REVIEWER 2026/C. MAJOR SUBJECTS/I. EARLY CHILDHOOD EDUCATION/DRILLS/EARLY CHILDHOOD ED. PART 10.pdf,"When children learn new behaviors by watching adults, this supports:",,,Constructivist theory,,Behaviorism,,Social learning theory,,Cognitive approach,,,,C,Correct answer sourced from the PDF answer key: C.,LET Secondary,Early Childhood Education,Early Childhood Education,3,No,,0.96,Ready for Upload,LET Secondary Early Childhood Education Q&A. Correct answer sourced from PDF answer key.
195,20,2,EARLY CHILDHOOD ED. PART 10.pdf,/Users/lyndon/All reviewers/-LET REVIEWER 2026/C. MAJOR SUBJECTS/I. EARLY CHILDHOOD EDUCATION/DRILLS/EARLY CHILDHOOD ED. PART 10.pdf,Which activity promotes fine motor skills?,,,Bead threading,,Running outdoors,,Jumping,,Skipping,,,,A,Correct answer sourced from the PDF answer key: A.,LET Secondary,Early Childhood Education,Early Childhood Education,3,No,,0.96,Ready for Upload,LET Secondary Early Childhood Education Q&A. Correct answer sourced from PDF answer key.
196,21,2,EARLY CHILDHOOD ED. PART 10.pdf,/Users/lyndon/All reviewers/-LET REVIEWER 2026/C. MAJOR SUBJECTS/I. EARLY CHILDHOOD EDUCATION/DRILLS/EARLY CHILDHOOD ED. PART 10.pdf,A teacher uses rhymes and clapping patterns to teach counting. This demonstrates:,,,Multisensory learning,,Pure memorization,,Direct instruction,,Abstract reasoning,,,,A,Correct answer sourced from the PDF answer key: A.,LET Secondary,Early Childhood Education,Early Childhood Education,3,No,,0.96,Ready for Upload,LET Secondary Early Childhood Education Q&A. Correct answer sourced from PDF answer key.
197,22,2,EARLY CHILDHOOD ED. PART 10.pdf,/Users/lyndon/All reviewers/-LET REVIEWER 2026/C. MAJOR SUBJECTS/I. EARLY CHILDHOOD EDUCATION/DRILLS/EARLY CHILDHOOD ED. PART 10.pdf,The most important aspect of play in early childhood is that it:,,,Enhances learning and development,,Wastes instructional time Ultimate LET Reviewer 2025/2026 Brilliant Teach PH Reviewer,,Keeps children quiet,,Focuses on competition,,,,A,Correct answer sourced from the PDF answer key: A.,LET Secondary,Early Childhood Education,Early Childhood Education,3,No,,0.96,Ready for Upload,LET Secondary Early Childhood Education Q&A. Correct answer sourced from PDF answer key.
198,23,3,EARLY CHILDHOOD ED. PART 10.pdf,/Users/lyndon/All reviewers/-LET REVIEWER 2026/C. MAJOR SUBJECTS/I. EARLY CHILDHOOD EDUCATION/DRILLS/EARLY CHILDHOOD ED. PART 10.pdf,A 5-year-old who begins to care about how others feel is in Erikson’s stage of:,,,Trust vs. Mistrust,,Autonomy vs. Shame,,Initiative vs. Guilt,,Industry vs. Inferiority,,,,C,Correct answer sourced from the PDF answer key: C.,LET Secondary,Early Childhood Education,Early Childhood Education,3,No,,0.96,Ready for Upload,LET Secondary Early Childhood Education Q&A. Correct answer sourced from PDF answer key.
199,24,3,EARLY CHILDHOOD ED. PART 10.pdf,/Users/lyndon/All reviewers/-LET REVIEWER 2026/C. MAJOR SUBJECTS/I. EARLY CHILDHOOD EDUCATION/DRILLS/EARLY CHILDHOOD ED. PART 10.pdf,The curriculum that evolves from children’s interests and daily experiences is called:,,,Subject-centered curriculum,,Spiral curriculum,,Emergent curriculum,,Formal curriculum,,,,C,Correct answer sourced from the PDF answer key: C.,LET Secondary,Early Childhood Education,Early Childhood Education,3,No,,0.96,Ready for Upload,LET Secondary Early Childhood Education Q&A. Correct answer sourced from PDF answer key.
200,25,3,EARLY CHILDHOOD ED. PART 10.pdf,/Users/lyndon/All reviewers/-LET REVIEWER 2026/C. MAJOR SUBJECTS/I. EARLY CHILDHOOD EDUCATION/DRILLS/EARLY CHILDHOOD ED. PART 10.pdf,The best discipline approach for preschool children is:,,,Positive guidance and redirection,,Time-out and withdrawal of privilege,,Punishment and strict control,,Ignoring behavior Ultimate LET Reviewer 2025/2026 Brilliant Teach PH Reviewer LET Reviewer Early Childhood Education Part 9 2025/2026,,,,A,Correct answer sourced from the PDF answer key: A.,LET Secondary,Early Childhood Education,Early Childhood Education,3,No,,0.96,Ready for Upload,LET Secondary Early Childhood Education Q&A. Correct answer sourced from PDF answer key.
201,1,1,EARLY CHILDHOOD ED. PART 2.pdf,/Users/lyndon/All reviewers/-LET REVIEWER 2026/C. MAJOR SUBJECTS/I. EARLY CHILDHOOD EDUCATION/DRILLS/EARLY CHILDHOOD ED. PART 2.pdf,The Early Years Act of 2013 emphasizes care and development for children aged:,,,0–8 years old,,3–6 years old,,0–5 years old,,5–9 years old,,,,A,Correct answer sourced from the PDF answer key: A.,LET Secondary,Early Childhood Education,Early Childhood Education,3,No,,0.96,Ready for Upload,LET Secondary Early Childhood Education Q&A. Correct answer sourced from PDF answer key.
202,2,1,EARLY CHILDHOOD ED. PART 2.pdf,/Users/lyndon/All reviewers/-LET REVIEWER 2026/C. MAJOR SUBJECTS/I. EARLY CHILDHOOD EDUCATION/DRILLS/EARLY CHILDHOOD ED. PART 2.pdf,"When a teacher encourages children to describe how they feel after an activity, she promotes:",,,Language enrichment,,Emotional awareness,,Social behavior,,Cognitive recall,,,,B,Correct answer sourced from the PDF answer key: B.,LET Secondary,Early Childhood Education,Early Childhood Education,3,No,,0.96,Ready for Upload,LET Secondary Early Childhood Education Q&A. Correct answer sourced from PDF answer key.
203,3,1,EARLY CHILDHOOD ED. PART 2.pdf,/Users/lyndon/All reviewers/-LET REVIEWER 2026/C. MAJOR SUBJECTS/I. EARLY CHILDHOOD EDUCATION/DRILLS/EARLY CHILDHOOD ED. PART 2.pdf,Which of the following best describes the constructivist approach in early education?,,,Children actively build knowledge through experience,,Learning is transmitted by teachers,,Knowledge is fixed and measurable,,Children learn mainly through memorization,,,,A,Correct answer sourced from the PDF answer key: A.,LET Secondary,Early Childhood Education,Early Childhood Education,3,No,,0.96,Ready for Upload,LET Secondary Early Childhood Education Q&A. Correct answer sourced from PDF answer key.
204,4,1,EARLY CHILDHOOD ED. PART 2.pdf,/Users/lyndon/All reviewers/-LET REVIEWER 2026/C. MAJOR SUBJECTS/I. EARLY CHILDHOOD EDUCATION/DRILLS/EARLY CHILDHOOD ED. PART 2.pdf,A child who groups toys by size and color is demonstrating:,,,Classification skills,,Social cooperation,,Emotional readiness,,Physical coordination,,,,A,Correct answer sourced from the PDF answer key: A.,LET Secondary,Early Childhood Education,Early Childhood Education,3,No,,0.96,Ready for Upload,LET Secondary Early Childhood Education Q&A. Correct answer sourced from PDF answer key.
205,5,1,EARLY CHILDHOOD ED. PART 2.pdf,/Users/lyndon/All reviewers/-LET REVIEWER 2026/C. MAJOR SUBJECTS/I. EARLY CHILDHOOD EDUCATION/DRILLS/EARLY CHILDHOOD ED. PART 2.pdf,"When a preschooler takes turns in conversation, this shows:",,,Listening comprehension,,Moral discipline,,Language and social growth,,Physical readiness,,,,C,Correct answer sourced from the PDF answer key: C.,LET Secondary,Early Childhood Education,Early Childhood Education,3,No,,0.96,Ready for Upload,LET Secondary Early Childhood Education Q&A. Correct answer sourced from PDF answer key.
206,6,1,EARLY CHILDHOOD ED. PART 2.pdf,/Users/lyndon/All reviewers/-LET REVIEWER 2026/C. MAJOR SUBJECTS/I. EARLY CHILDHOOD EDUCATION/DRILLS/EARLY CHILDHOOD ED. PART 2.pdf,The principle that growth proceeds from head to toe is known as:,,,Sequential development,,Cephalocaudal principle,,Proximodistal principle,,Interrelated development,,,,B,Correct answer sourced from the PDF answer key: B.,LET Secondary,Early Childhood Education,Early Childhood Education,3,No,,0.96,Ready for Upload,LET Secondary Early Childhood Education Q&A. Correct answer sourced from PDF answer key.
207,7,1,EARLY CHILDHOOD ED. PART 2.pdf,/Users/lyndon/All reviewers/-LET REVIEWER 2026/C. MAJOR SUBJECTS/I. EARLY CHILDHOOD EDUCATION/DRILLS/EARLY CHILDHOOD ED. PART 2.pdf,"When children pretend to be doctors or teachers, this is an example of:",,,Constructive play,,Dramatic play,,Onlooker play,,Cooperative play,,,,B,Correct answer sourced from the PDF answer key: B.,LET Secondary,Early Childhood Education,Early Childhood Education,3,No,,0.96,Ready for Upload,LET Secondary Early Childhood Education Q&A. Correct answer sourced from PDF answer key.
208,8,1,EARLY CHILDHOOD ED. PART 2.pdf,/Users/lyndon/All reviewers/-LET REVIEWER 2026/C. MAJOR SUBJECTS/I. EARLY CHILDHOOD EDUCATION/DRILLS/EARLY CHILDHOOD ED. PART 2.pdf,"The teacher provides guidance first, then slowly withdraws help as the child masters a task. This is called:",,,Fading,,Scaffolding,,Reinforcement,,Modeling,,,,B,Correct answer sourced from the PDF answer key: B.,LET Secondary,Early Childhood Education,Early Childhood Education,3,No,,0.96,Ready for Upload,LET Secondary Early Childhood Education Q&A. Correct answer sourced from PDF answer key.
209,9,1,EARLY CHILDHOOD ED. PART 2.pdf,/Users/lyndon/All reviewers/-LET REVIEWER 2026/C. MAJOR SUBJECTS/I. EARLY CHILDHOOD EDUCATION/DRILLS/EARLY CHILDHOOD ED. PART 2.pdf,A 5-year-old who can skip and hop is showing progress in:,,,Fine motor development,,Emotional growth,,Gross motor development,,Cognitive development,,,,C,Correct answer sourced from the PDF answer key: C.,LET Secondary,Early Childhood Education,Early Childhood Education,3,No,,0.96,Ready for Upload,LET Secondary Early Childhood Education Q&A. Correct answer sourced from PDF answer key.
210,10,1,EARLY CHILDHOOD ED. PART 2.pdf,/Users/lyndon/All reviewers/-LET REVIEWER 2026/C. MAJOR SUBJECTS/I. EARLY CHILDHOOD EDUCATION/DRILLS/EARLY CHILDHOOD ED. PART 2.pdf,The use of stories and songs that reflect local culture supports:,,,Cultural identity and relevance,,Academic competition,,Memory training,,Foreign influence Ultimate LET Reviewer 2025/2026 Brilliant Teach PH Reviewer,,,,A,Correct answer sourced from the PDF answer key: A.,LET Secondary,Early Childhood Education,Early Childhood Education,3,No,,0.96,Ready for Upload,LET Secondary Early Childhood Education Q&A. Correct answer sourced from PDF answer key.
211,11,2,EARLY CHILDHOOD ED. PART 2.pdf,/Users/lyndon/All reviewers/-LET REVIEWER 2026/C. MAJOR SUBJECTS/I. EARLY CHILDHOOD EDUCATION/DRILLS/EARLY CHILDHOOD ED. PART 2.pdf,Which of the following is a developmentally appropriate practice?,,,Using play as a learning tool,,Using written tests for evaluation,,Requiring long seatwork daily,,Expecting silent classrooms,,,,A,Correct answer sourced from the PDF answer key: A.,LET Secondary,Early Childhood Education,Early Childhood Education,3,No,,0.96,Ready for Upload,LET Secondary Early Childhood Education Q&A. Correct answer sourced from PDF answer key.
212,12,2,EARLY CHILDHOOD ED. PART 2.pdf,/Users/lyndon/All reviewers/-LET REVIEWER 2026/C. MAJOR SUBJECTS/I. EARLY CHILDHOOD EDUCATION/DRILLS/EARLY CHILDHOOD ED. PART 2.pdf,A 4-year-old who helps classmates clean up is demonstrating:,,,Cooperative behavior,,Obedience,,Autonomy,,Initiative,,,,A,Correct answer sourced from the PDF answer key: A.,LET Secondary,Early Childhood Education,Early Childhood Education,3,No,,0.96,Ready for Upload,LET Secondary Early Childhood Education Q&A. Correct answer sourced from PDF answer key.
213,13,2,EARLY CHILDHOOD ED. PART 2.pdf,/Users/lyndon/All reviewers/-LET REVIEWER 2026/C. MAJOR SUBJECTS/I. EARLY CHILDHOOD EDUCATION/DRILLS/EARLY CHILDHOOD ED. PART 2.pdf,The teacher’s observation of a child’s play behavior best serves as:,,,Authentic assessment,,Summative testing,,Standardized evaluation,,Diagnostic test,,,,A,Correct answer sourced from the PDF answer key: A.,LET Secondary,Early Childhood Education,Early Childhood Education,3,No,,0.96,Ready for Upload,LET Secondary Early Childhood Education Q&A. Correct answer sourced from PDF answer key.
214,14,2,EARLY CHILDHOOD ED. PART 2.pdf,/Users/lyndon/All reviewers/-LET REVIEWER 2026/C. MAJOR SUBJECTS/I. EARLY CHILDHOOD EDUCATION/DRILLS/EARLY CHILDHOOD ED. PART 2.pdf,Which principle of development means that all domains affect one another?,,,Sequential principle,,Interrelated development,,Maturation principle,,Individual differences,,,,B,Correct answer sourced from the PDF answer key: B.,LET Secondary,Early Childhood Education,Early Childhood Education,3,No,,0.96,Ready for Upload,LET Secondary Early Childhood Education Q&A. Correct answer sourced from PDF answer key.
215,15,2,EARLY CHILDHOOD ED. PART 2.pdf,/Users/lyndon/All reviewers/-LET REVIEWER 2026/C. MAJOR SUBJECTS/I. EARLY CHILDHOOD EDUCATION/DRILLS/EARLY CHILDHOOD ED. PART 2.pdf,A child who insists on putting on shoes without help is showing:,,,Initiative,,Autonomy,,Dependence,,Rebellion,,,,B,Correct answer sourced from the PDF answer key: B.,LET Secondary,Early Childhood Education,Early Childhood Education,3,No,,0.96,Ready for Upload,LET Secondary Early Childhood Education Q&A. Correct answer sourced from PDF answer key.
216,16,2,EARLY CHILDHOOD ED. PART 2.pdf,/Users/lyndon/All reviewers/-LET REVIEWER 2026/C. MAJOR SUBJECTS/I. EARLY CHILDHOOD EDUCATION/DRILLS/EARLY CHILDHOOD ED. PART 2.pdf,The primary goal of Early Childhood Education is to:,,,Promote holistic child development,,Prepare children for formal tests,,Emphasize competition,,Focus on literacy alone,,,,A,Correct answer sourced from the PDF answer key: A.,LET Secondary,Early Childhood Education,Early Childhood Education,3,No,,0.96,Ready for Upload,LET Secondary Early Childhood Education Q&A. Correct answer sourced from PDF answer key.
217,17,2,EARLY CHILDHOOD ED. PART 2.pdf,/Users/lyndon/All reviewers/-LET REVIEWER 2026/C. MAJOR SUBJECTS/I. EARLY CHILDHOOD EDUCATION/DRILLS/EARLY CHILDHOOD ED. PART 2.pdf,A child who shows empathy to a crying friend demonstrates:,,,Moral reasoning,,Emotional intelligence,,Cognitive ability,,Physical maturity,,,,B,Correct answer sourced from the PDF answer key: B.,LET Secondary,Early Childhood Education,Early Childhood Education,3,No,,0.96,Ready for Upload,LET Secondary Early Childhood Education Q&A. Correct answer sourced from PDF answer key.
218,18,2,EARLY CHILDHOOD ED. PART 2.pdf,/Users/lyndon/All reviewers/-LET REVIEWER 2026/C. MAJOR SUBJECTS/I. EARLY CHILDHOOD EDUCATION/DRILLS/EARLY CHILDHOOD ED. PART 2.pdf,"In a preschool classroom, routines are important because they:",,,Create security and predictability,,Limit creativity,,Encourage strict obedience,,Reduce play opportunities,,,,A,Correct answer sourced from the PDF answer key: A.,LET Secondary,Early Childhood Education,Early Childhood Education,3,No,,0.96,Ready for Upload,LET Secondary Early Childhood Education Q&A. Correct answer sourced from PDF answer key.
219,19,2,EARLY CHILDHOOD ED. PART 2.pdf,/Users/lyndon/All reviewers/-LET REVIEWER 2026/C. MAJOR SUBJECTS/I. EARLY CHILDHOOD EDUCATION/DRILLS/EARLY CHILDHOOD ED. PART 2.pdf,"The approach that promotes independence, order, and hands-on materials is:",,,Reggio Emilia,,Montessori,,Waldorf,,Traditional,,,,B,Correct answer sourced from the PDF answer key: B.,LET Secondary,Early Childhood Education,Early Childhood Education,3,No,,0.96,Ready for Upload,LET Secondary Early Childhood Education Q&A. Correct answer sourced from PDF answer key.
220,20,2,EARLY CHILDHOOD ED. PART 2.pdf,/Users/lyndon/All reviewers/-LET REVIEWER 2026/C. MAJOR SUBJECTS/I. EARLY CHILDHOOD EDUCATION/DRILLS/EARLY CHILDHOOD ED. PART 2.pdf,"When children listen to a story and act it out afterward, the teacher is integrating:",,,Language and creative arts,,Mathematics and logic,,Science and discovery,,Physical education,,,,A,Correct answer sourced from the PDF answer key: A.,LET Secondary,Early Childhood Education,Early Childhood Education,3,No,,0.96,Ready for Upload,LET Secondary Early Childhood Education Q&A. Correct answer sourced from PDF answer key.
221,21,2,EARLY CHILDHOOD ED. PART 2.pdf,/Users/lyndon/All reviewers/-LET REVIEWER 2026/C. MAJOR SUBJECTS/I. EARLY CHILDHOOD EDUCATION/DRILLS/EARLY CHILDHOOD ED. PART 2.pdf,What is the best way to support emergent literacy?,,,Reading aloud and using picture books,,Teaching alphabet drills,,Giving spelling tests,,Assigning worksheets,,,,A,Correct answer sourced from the PDF answer key: A.,LET Secondary,Early Childhood Education,Early Childhood Education,3,No,,0.96,Ready for Upload,LET Secondary Early Childhood Education Q&A. Correct answer sourced from PDF answer key.
222,22,2,EARLY CHILDHOOD ED. PART 2.pdf,/Users/lyndon/All reviewers/-LET REVIEWER 2026/C. MAJOR SUBJECTS/I. EARLY CHILDHOOD EDUCATION/DRILLS/EARLY CHILDHOOD ED. PART 2.pdf,A teacher who adapts lessons for fast and slow learners is practicing:,,,Differentiated instruction,,Standardized testing Ultimate LET Reviewer 2025/2026 Brilliant Teach PH Reviewer,,Strict evaluation,,Grouping by ability,,,,A,Correct answer sourced from the PDF answer key: A.,LET Secondary,Early Childhood Education,Early Childhood Education,3,No,,0.96,Ready for Upload,LET Secondary Early Childhood Education Q&A. Correct answer sourced from PDF answer key.
223,23,3,EARLY CHILDHOOD ED. PART 2.pdf,/Users/lyndon/All reviewers/-LET REVIEWER 2026/C. MAJOR SUBJECTS/I. EARLY CHILDHOOD EDUCATION/DRILLS/EARLY CHILDHOOD ED. PART 2.pdf,A 4-year-old who follows classroom rules and waits for her turn is showing:,,,Social-moral development,,Emotional withdrawal,,Cognitive ability,,Physical readiness,,,,A,Correct answer sourced from the PDF answer key: A.,LET Secondary,Early Childhood Education,Early Childhood Education,3,No,,0.96,Ready for Upload,LET Secondary Early Childhood Education Q&A. Correct answer sourced from PDF answer key.
224,24,3,EARLY CHILDHOOD ED. PART 2.pdf,/Users/lyndon/All reviewers/-LET REVIEWER 2026/C. MAJOR SUBJECTS/I. EARLY CHILDHOOD EDUCATION/DRILLS/EARLY CHILDHOOD ED. PART 2.pdf,The child who draws a picture to express sadness is showing:,,,Emotional expression through art,,Copying skills,,Verbal delay,,Self-control,,,,A,Correct answer sourced from the PDF answer key: A.,LET Secondary,Early Childhood Education,Early Childhood Education,3,No,,0.96,Ready for Upload,LET Secondary Early Childhood Education Q&A. Correct answer sourced from PDF answer key.
225,25,3,EARLY CHILDHOOD ED. PART 2.pdf,/Users/lyndon/All reviewers/-LET REVIEWER 2026/C. MAJOR SUBJECTS/I. EARLY CHILDHOOD EDUCATION/DRILLS/EARLY CHILDHOOD ED. PART 2.pdf,Which is the most appropriate discipline strategy in preschool?,,,Positive guidance and redirection,,Time-out for all mistakes,,Public scolding,,Ignoring behavior Ultimate LET Reviewer 2025/2026 Brilliant Teach PH Reviewer LET Reviewer Early Childhood Education Part 8 2025/2026,,,,A,Correct answer sourced from the PDF answer key: A.,LET Secondary,Early Childhood Education,Early Childhood Education,3,No,,0.96,Ready for Upload,LET Secondary Early Childhood Education Q&A. Correct answer sourced from PDF answer key.
226,1,1,EARLY CHILDHOOD ED. PART 3.pdf,/Users/lyndon/All reviewers/-LET REVIEWER 2026/C. MAJOR SUBJECTS/I. EARLY CHILDHOOD EDUCATION/DRILLS/EARLY CHILDHOOD ED. PART 3.pdf,Which law is known as the Early Years Act in the Philippines?,,,R.A. 10533,,R.A. 10410,,R.A. 10157,,R.A. 9155,,,,B,Correct answer sourced from the PDF answer key: B.,LET Secondary,Early Childhood Education,Early Childhood Education,3,No,,0.96,Ready for Upload,LET Secondary Early Childhood Education Q&A. Correct answer sourced from PDF answer key.
227,2,1,EARLY CHILDHOOD ED. PART 3.pdf,/Users/lyndon/All reviewers/-LET REVIEWER 2026/C. MAJOR SUBJECTS/I. EARLY CHILDHOOD EDUCATION/DRILLS/EARLY CHILDHOOD ED. PART 3.pdf,The period from birth to eight years old is considered the:,,,Middle childhood stage,,Sensitive period,,Early childhood stage,,Adolescence stage,,,,C,Correct answer sourced from the PDF answer key: C.,LET Secondary,Early Childhood Education,Early Childhood Education,3,No,,0.96,Ready for Upload,LET Secondary Early Childhood Education Q&A. Correct answer sourced from PDF answer key.
228,3,1,EARLY CHILDHOOD ED. PART 3.pdf,/Users/lyndon/All reviewers/-LET REVIEWER 2026/C. MAJOR SUBJECTS/I. EARLY CHILDHOOD EDUCATION/DRILLS/EARLY CHILDHOOD ED. PART 3.pdf,Which of the following best describes the preoperational stage of Piaget?,,,Logical thinking,,Egocentric and imaginative,,Abstract reasoning,,Symbolic manipulation,,,,B,Correct answer sourced from the PDF answer key: B.,LET Secondary,Early Childhood Education,Early Childhood Education,3,No,,0.96,Ready for Upload,LET Secondary Early Childhood Education Q&A. Correct answer sourced from PDF answer key.
229,4,1,EARLY CHILDHOOD ED. PART 3.pdf,/Users/lyndon/All reviewers/-LET REVIEWER 2026/C. MAJOR SUBJECTS/I. EARLY CHILDHOOD EDUCATION/DRILLS/EARLY CHILDHOOD ED. PART 3.pdf,The curriculum that starts from what is familiar to children is called:,,,Spiral curriculum,,Contextualized curriculum,,Standardized curriculum,,Modular curriculum,,,,B,Correct answer sourced from the PDF answer key: B.,LET Secondary,Early Childhood Education,Early Childhood Education,3,No,,0.96,Ready for Upload,LET Secondary Early Childhood Education Q&A. Correct answer sourced from PDF answer key.
230,5,1,EARLY CHILDHOOD ED. PART 3.pdf,/Users/lyndon/All reviewers/-LET REVIEWER 2026/C. MAJOR SUBJECTS/I. EARLY CHILDHOOD EDUCATION/DRILLS/EARLY CHILDHOOD ED. PART 3.pdf,A 5-year-old child who can follow two-step directions shows:,,,Cognitive development,,Physical development,,Moral maturity,,Social independence,,,,A,Correct answer sourced from the PDF answer key: A.,LET Secondary,Early Childhood Education,Early Childhood Education,3,No,,0.96,Ready for Upload,LET Secondary Early Childhood Education Q&A. Correct answer sourced from PDF answer key.
231,6,1,EARLY CHILDHOOD ED. PART 3.pdf,/Users/lyndon/All reviewers/-LET REVIEWER 2026/C. MAJOR SUBJECTS/I. EARLY CHILDHOOD EDUCATION/DRILLS/EARLY CHILDHOOD ED. PART 3.pdf,What is the teacher’s main role in early childhood education?,,,Lecturer and evaluator,,Facilitator and guide,,Controller of learning,,Observer only,,,,B,Correct answer sourced from the PDF answer key: B.,LET Secondary,Early Childhood Education,Early Childhood Education,3,No,,0.96,Ready for Upload,LET Secondary Early Childhood Education Q&A. Correct answer sourced from PDF answer key.
232,7,1,EARLY CHILDHOOD ED. PART 3.pdf,/Users/lyndon/All reviewers/-LET REVIEWER 2026/C. MAJOR SUBJECTS/I. EARLY CHILDHOOD EDUCATION/DRILLS/EARLY CHILDHOOD ED. PART 3.pdf,Which principle of child development means that changes occur from the center of the body outward?,,,Sequential principle,,Cephalocaudal principle,,Proximodistal principle,,Maturation principle,,,,C,Correct answer sourced from the PDF answer key: C.,LET Secondary,Early Childhood Education,Early Childhood Education,3,No,,0.96,Ready for Upload,LET Secondary Early Childhood Education Q&A. Correct answer sourced from PDF answer key.
233,8,1,EARLY CHILDHOOD ED. PART 3.pdf,/Users/lyndon/All reviewers/-LET REVIEWER 2026/C. MAJOR SUBJECTS/I. EARLY CHILDHOOD EDUCATION/DRILLS/EARLY CHILDHOOD ED. PART 3.pdf,Which is the best example of scaffolding?,,,Gradually removing help as a child becomes capable,,Giving full instruction without interaction,,Allowing children to learn on their own,,Correcting every mistake immediately,,,,A,Correct answer sourced from the PDF answer key: A.,LET Secondary,Early Childhood Education,Early Childhood Education,3,No,,0.96,Ready for Upload,LET Secondary Early Childhood Education Q&A. Correct answer sourced from PDF answer key.
234,9,1,EARLY CHILDHOOD ED. PART 3.pdf,/Users/lyndon/All reviewers/-LET REVIEWER 2026/C. MAJOR SUBJECTS/I. EARLY CHILDHOOD EDUCATION/DRILLS/EARLY CHILDHOOD ED. PART 3.pdf,"When children play beside each other without interacting, it is called:",,,Associative play,,Parallel play,,Cooperative play,,Onlooker play,,,,B,Correct answer sourced from the PDF answer key: B.,LET Secondary,Early Childhood Education,Early Childhood Education,3,No,,0.96,Ready for Upload,LET Secondary Early Childhood Education Q&A. Correct answer sourced from PDF answer key.
235,10,1,EARLY CHILDHOOD ED. PART 3.pdf,/Users/lyndon/All reviewers/-LET REVIEWER 2026/C. MAJOR SUBJECTS/I. EARLY CHILDHOOD EDUCATION/DRILLS/EARLY CHILDHOOD ED. PART 3.pdf,Which activity promotes fine motor coordination?,,,Bead stringing,,Jumping Ultimate LET Reviewer 2025/2026 Brilliant Teach PH Reviewer,,Hopping,,Running,,,,A,Correct answer sourced from the PDF answer key: A.,LET Secondary,Early Childhood Education,Early Childhood Education,3,No,,0.96,Ready for Upload,LET Secondary Early Childhood Education Q&A. Correct answer sourced from PDF answer key.
236,11,2,EARLY CHILDHOOD ED. PART 3.pdf,/Users/lyndon/All reviewers/-LET REVIEWER 2026/C. MAJOR SUBJECTS/I. EARLY CHILDHOOD EDUCATION/DRILLS/EARLY CHILDHOOD ED. PART 3.pdf,Erikson’s stage of “Initiative vs. Guilt” corresponds to:,,,Preschool years,,Toddler years,,Infancy,,Adolescence,,,,A,Correct answer sourced from the PDF answer key: A.,LET Secondary,Early Childhood Education,Early Childhood Education,3,No,,0.96,Ready for Upload,LET Secondary Early Childhood Education Q&A. Correct answer sourced from PDF answer key.
237,12,2,EARLY CHILDHOOD ED. PART 3.pdf,/Users/lyndon/All reviewers/-LET REVIEWER 2026/C. MAJOR SUBJECTS/I. EARLY CHILDHOOD EDUCATION/DRILLS/EARLY CHILDHOOD ED. PART 3.pdf,A child who insists on doing things independently is in the stage of:,,,Trust vs. Mistrust,,Autonomy vs. Shame and Doubt,,Initiative vs. Guilt,,Integrity vs. Despair,,,,B,Correct answer sourced from the PDF answer key: B.,LET Secondary,Early Childhood Education,Early Childhood Education,3,No,,0.96,Ready for Upload,LET Secondary Early Childhood Education Q&A. Correct answer sourced from PDF answer key.
238,13,2,EARLY CHILDHOOD ED. PART 3.pdf,/Users/lyndon/All reviewers/-LET REVIEWER 2026/C. MAJOR SUBJECTS/I. EARLY CHILDHOOD EDUCATION/DRILLS/EARLY CHILDHOOD ED. PART 3.pdf,The best way to help children learn new words is to:,,,Use real-life experiences and conversations,,Teach word lists,,Give vocabulary tests,,Assign memorization tasks,,,,A,Correct answer sourced from the PDF answer key: A.,LET Secondary,Early Childhood Education,Early Childhood Education,3,No,,0.96,Ready for Upload,LET Secondary Early Childhood Education Q&A. Correct answer sourced from PDF answer key.
239,14,2,EARLY CHILDHOOD ED. PART 3.pdf,/Users/lyndon/All reviewers/-LET REVIEWER 2026/C. MAJOR SUBJECTS/I. EARLY CHILDHOOD EDUCATION/DRILLS/EARLY CHILDHOOD ED. PART 3.pdf,A teacher who uses songs to teach counting promotes:,,,Multisensory learning,,Drill learning,,Silent reading,,Pure memorization,,,,A,Correct answer sourced from the PDF answer key: A.,LET Secondary,Early Childhood Education,Early Childhood Education,3,No,,0.96,Ready for Upload,LET Secondary Early Childhood Education Q&A. Correct answer sourced from PDF answer key.
240,15,2,EARLY CHILDHOOD ED. PART 3.pdf,/Users/lyndon/All reviewers/-LET REVIEWER 2026/C. MAJOR SUBJECTS/I. EARLY CHILDHOOD EDUCATION/DRILLS/EARLY CHILDHOOD ED. PART 3.pdf,"When children learn by observing others, this is explained by:",,,Behaviorism,,Social learning theory,,Constructivism,,Humanism,,,,B,Correct answer sourced from the PDF answer key: B.,LET Secondary,Early Childhood Education,Early Childhood Education,3,No,,0.96,Ready for Upload,LET Secondary Early Childhood Education Q&A. Correct answer sourced from PDF answer key.
241,16,2,EARLY CHILDHOOD ED. PART 3.pdf,/Users/lyndon/All reviewers/-LET REVIEWER 2026/C. MAJOR SUBJECTS/I. EARLY CHILDHOOD EDUCATION/DRILLS/EARLY CHILDHOOD ED. PART 3.pdf,The teacher arranges materials that children can easily reach. This promotes:,,,Independence,,Obedience,,Teacher control,,Conformity,,,,A,Correct answer sourced from the PDF answer key: A.,LET Secondary,Early Childhood Education,Early Childhood Education,3,No,,0.96,Ready for Upload,LET Secondary Early Childhood Education Q&A. Correct answer sourced from PDF answer key.
242,17,2,EARLY CHILDHOOD ED. PART 3.pdf,/Users/lyndon/All reviewers/-LET REVIEWER 2026/C. MAJOR SUBJECTS/I. EARLY CHILDHOOD EDUCATION/DRILLS/EARLY CHILDHOOD ED. PART 3.pdf,What kind of assessment uses portfolios and anecdotal records?,,,Authentic assessment,,Summative assessment,,Standardized test,,Diagnostic test,,,,A,Correct answer sourced from the PDF answer key: A.,LET Secondary,Early Childhood Education,Early Childhood Education,3,No,,0.96,Ready for Upload,LET Secondary Early Childhood Education Q&A. Correct answer sourced from PDF answer key.
243,18,2,EARLY CHILDHOOD ED. PART 3.pdf,/Users/lyndon/All reviewers/-LET REVIEWER 2026/C. MAJOR SUBJECTS/I. EARLY CHILDHOOD EDUCATION/DRILLS/EARLY CHILDHOOD ED. PART 3.pdf,A 4-year-old who can draw a person with arms and legs shows:,,,Cognitive development,,Emotional growth,,Symbolic representation,,Moral development,,,,C,Correct answer sourced from the PDF answer key: C.,LET Secondary,Early Childhood Education,Early Childhood Education,3,No,,0.96,Ready for Upload,LET Secondary Early Childhood Education Q&A. Correct answer sourced from PDF answer key.
244,19,2,EARLY CHILDHOOD ED. PART 3.pdf,/Users/lyndon/All reviewers/-LET REVIEWER 2026/C. MAJOR SUBJECTS/I. EARLY CHILDHOOD EDUCATION/DRILLS/EARLY CHILDHOOD ED. PART 3.pdf,The principle that “children develop at different rates” refers to:,,,Readiness,,Individual differences,,Sequential development,,Developmental delay,,,,B,Correct answer sourced from the PDF answer key: B.,LET Secondary,Early Childhood Education,Early Childhood Education,3,No,,0.96,Ready for Upload,LET Secondary Early Childhood Education Q&A. Correct answer sourced from PDF answer key.
245,20,2,EARLY CHILDHOOD ED. PART 3.pdf,/Users/lyndon/All reviewers/-LET REVIEWER 2026/C. MAJOR SUBJECTS/I. EARLY CHILDHOOD EDUCATION/DRILLS/EARLY CHILDHOOD ED. PART 3.pdf,Which of the following is the most developmentally appropriate?,,,Hands-on exploration,,Rote memorization,,Lecture method,,Quiet seatwork,,,,A,Correct answer sourced from the PDF answer key: A.,LET Secondary,Early Childhood Education,Early Childhood Education,3,No,,0.96,Ready for Upload,LET Secondary Early Childhood Education Q&A. Correct answer sourced from PDF answer key.
246,21,2,EARLY CHILDHOOD ED. PART 3.pdf,/Users/lyndon/All reviewers/-LET REVIEWER 2026/C. MAJOR SUBJECTS/I. EARLY CHILDHOOD EDUCATION/DRILLS/EARLY CHILDHOOD ED. PART 3.pdf,A teacher observes a child solving puzzles and writing letters. This focuses on which domain?,,,Cognitive domain,,Physical domain Ultimate LET Reviewer 2025/2026 Brilliant Teach PH Reviewer,,Socio-emotional domain,,Moral domain,,,,A,Correct answer sourced from the PDF answer key: A.,LET Secondary,Early Childhood Education,Early Childhood Education,3,No,,0.96,Ready for Upload,LET Secondary Early Childhood Education Q&A. Correct answer sourced from PDF answer key.
247,22,3,EARLY CHILDHOOD ED. PART 3.pdf,/Users/lyndon/All reviewers/-LET REVIEWER 2026/C. MAJOR SUBJECTS/I. EARLY CHILDHOOD EDUCATION/DRILLS/EARLY CHILDHOOD ED. PART 3.pdf,What is the main focus of Early Childhood Education?,,,Development of the whole child,,Academic achievement,,Standardized testing,,Discipline enforcement,,,,A,Correct answer sourced from the PDF answer key: A.,LET Secondary,Early Childhood Education,Early Childhood Education,3,No,,0.96,Ready for Upload,LET Secondary Early Childhood Education Q&A. Correct answer sourced from PDF answer key.
248,23,3,EARLY CHILDHOOD ED. PART 3.pdf,/Users/lyndon/All reviewers/-LET REVIEWER 2026/C. MAJOR SUBJECTS/I. EARLY CHILDHOOD EDUCATION/DRILLS/EARLY CHILDHOOD ED. PART 3.pdf,A child who plays house with peers is engaging in:,,,Dramatic play,,Constructive play,,Parallel play,,Onlooker play,,,,A,Correct answer sourced from the PDF answer key: A.,LET Secondary,Early Childhood Education,Early Childhood Education,3,No,,0.96,Ready for Upload,LET Secondary Early Childhood Education Q&A. Correct answer sourced from PDF answer key.
249,24,3,EARLY CHILDHOOD ED. PART 3.pdf,/Users/lyndon/All reviewers/-LET REVIEWER 2026/C. MAJOR SUBJECTS/I. EARLY CHILDHOOD EDUCATION/DRILLS/EARLY CHILDHOOD ED. PART 3.pdf,"When a child shares a toy after being reminded, this indicates:",,,Developing social skills,,Regression,,Dependency,,Withdrawal,,,,A,Correct answer sourced from the PDF answer key: A.,LET Secondary,Early Childhood Education,Early Childhood Education,3,No,,0.96,Ready for Upload,LET Secondary Early Childhood Education Q&A. Correct answer sourced from PDF answer key.
250,25,3,EARLY CHILDHOOD ED. PART 3.pdf,/Users/lyndon/All reviewers/-LET REVIEWER 2026/C. MAJOR SUBJECTS/I. EARLY CHILDHOOD EDUCATION/DRILLS/EARLY CHILDHOOD ED. PART 3.pdf,A developmentally appropriate classroom is:,,,Child-centered and flexible,,Teacher-controlled and quiet,,Strictly rule-based,,Competitive and formal,,,,A,Correct answer sourced from the PDF answer key: A.,LET Secondary,Early Childhood Education,Early Childhood Education,3,No,,0.96,Ready for Upload,LET Secondary Early Childhood Education Q&A. Correct answer sourced from PDF answer key.
251,26,3,EARLY CHILDHOOD ED. PART 3.pdf,/Users/lyndon/All reviewers/-LET REVIEWER 2026/C. MAJOR SUBJECTS/I. EARLY CHILDHOOD EDUCATION/DRILLS/EARLY CHILDHOOD ED. PART 3.pdf,Teachers who use children’s interests in planning are applying:,,,Emergent curriculum,,Subject-centered curriculum,,Spiral curriculum,,Standard curriculum,,,,A,Correct answer sourced from the PDF answer key: A.,LET Secondary,Early Childhood Education,Early Childhood Education,3,No,,0.96,Ready for Upload,LET Secondary Early Childhood Education Q&A. Correct answer sourced from PDF answer key.
252,27,3,EARLY CHILDHOOD ED. PART 3.pdf,/Users/lyndon/All reviewers/-LET REVIEWER 2026/C. MAJOR SUBJECTS/I. EARLY CHILDHOOD EDUCATION/DRILLS/EARLY CHILDHOOD ED. PART 3.pdf,The most appropriate discipline for preschoolers is:,,,Positive guidance and redirection,,Harsh punishment,,Ignoring behavior,,Strict control,,,,A,Correct answer sourced from the PDF answer key: A.,LET Secondary,Early Childhood Education,Early Childhood Education,3,No,,0.96,Ready for Upload,LET Secondary Early Childhood Education Q&A. Correct answer sourced from PDF answer key.
253,28,3,EARLY CHILDHOOD ED. PART 3.pdf,/Users/lyndon/All reviewers/-LET REVIEWER 2026/C. MAJOR SUBJECTS/I. EARLY CHILDHOOD EDUCATION/DRILLS/EARLY CHILDHOOD ED. PART 3.pdf,"A 5-year-old can hop, skip, and throw. This shows growth in:",,,Gross motor skills,,Fine motor skills,,Emotional control,,Moral sense,,,,A,Correct answer sourced from the PDF answer key: A.,LET Secondary,Early Childhood Education,Early Childhood Education,3,No,,0.96,Ready for Upload,LET Secondary Early Childhood Education Q&A. Correct answer sourced from PDF answer key.
254,29,3,EARLY CHILDHOOD ED. PART 3.pdf,/Users/lyndon/All reviewers/-LET REVIEWER 2026/C. MAJOR SUBJECTS/I. EARLY CHILDHOOD EDUCATION/DRILLS/EARLY CHILDHOOD ED. PART 3.pdf,Which statement about play is TRUE?,,,It enhances all areas of development,,It distracts from learning,,It is only for recreation,,It must always be quiet,,,,A,Correct answer sourced from the PDF answer key: A.,LET Secondary,Early Childhood Education,Early Childhood Education,3,No,,0.96,Ready for Upload,LET Secondary Early Childhood Education Q&A. Correct answer sourced from PDF answer key.
255,30,3,EARLY CHILDHOOD ED. PART 3.pdf,/Users/lyndon/All reviewers/-LET REVIEWER 2026/C. MAJOR SUBJECTS/I. EARLY CHILDHOOD EDUCATION/DRILLS/EARLY CHILDHOOD ED. PART 3.pdf,The teacher gives praise to encourage good behavior. This is an example of:,,,Positive reinforcement,,Negative punishment,,Conditioning,,Reprimand,,,,A,Correct answer sourced from the PDF answer key: A.,LET Secondary,Early Childhood Education,Early Childhood Education,3,No,,0.96,Ready for Upload,LET Secondary Early Childhood Education Q&A. Correct answer sourced from PDF answer key.
256,31,3,EARLY CHILDHOOD ED. PART 3.pdf,/Users/lyndon/All reviewers/-LET REVIEWER 2026/C. MAJOR SUBJECTS/I. EARLY CHILDHOOD EDUCATION/DRILLS/EARLY CHILDHOOD ED. PART 3.pdf,"When children count real objects, they are learning through:",,,Concrete experiences,,Abstract reasoning,,Mental rehearsal,,Pure memorization,,,,A,Correct answer sourced from the PDF answer key: A.,LET Secondary,Early Childhood Education,Early Childhood Education,3,No,,0.96,Ready for Upload,LET Secondary Early Childhood Education Q&A. Correct answer sourced from PDF answer key.
257,32,3,EARLY CHILDHOOD ED. PART 3.pdf,/Users/lyndon/All reviewers/-LET REVIEWER 2026/C. MAJOR SUBJECTS/I. EARLY CHILDHOOD EDUCATION/DRILLS/EARLY CHILDHOOD ED. PART 3.pdf,The main benefit of routines in preschool is:,,,Providing security and consistency,,Limiting creativity Ultimate LET Reviewer 2025/2026 Brilliant Teach PH Reviewer,,Preventing play,,Controlling students,,,,A,Correct answer sourced from the PDF answer key: A.,LET Secondary,Early Childhood Education,Early Childhood Education,3,No,,0.96,Ready for Upload,LET Secondary Early Childhood Education Q&A. Correct answer sourced from PDF answer key.
258,33,4,EARLY CHILDHOOD ED. PART 3.pdf,/Users/lyndon/All reviewers/-LET REVIEWER 2026/C. MAJOR SUBJECTS/I. EARLY CHILDHOOD EDUCATION/DRILLS/EARLY CHILDHOOD ED. PART 3.pdf,A 4-year-old can follow classroom rules and respect others. This demonstrates:,,,Moral development,,Physical growth,,Creative ability,,Intellectual ability,,,,A,Correct answer sourced from the PDF answer key: A.,LET Secondary,Early Childhood Education,Early Childhood Education,3,No,,0.96,Ready for Upload,LET Secondary Early Childhood Education Q&A. Correct answer sourced from PDF answer key.
259,34,4,EARLY CHILDHOOD ED. PART 3.pdf,/Users/lyndon/All reviewers/-LET REVIEWER 2026/C. MAJOR SUBJECTS/I. EARLY CHILDHOOD EDUCATION/DRILLS/EARLY CHILDHOOD ED. PART 3.pdf,"When teachers adapt lessons to fit diverse needs, they practice:",,,Differentiated instruction,,Standardization,,Streamlining,,Elitism,,,,A,Correct answer sourced from the PDF answer key: A.,LET Secondary,Early Childhood Education,Early Childhood Education,3,No,,0.96,Ready for Upload,LET Secondary Early Childhood Education Q&A. Correct answer sourced from PDF answer key.
260,35,4,EARLY CHILDHOOD ED. PART 3.pdf,/Users/lyndon/All reviewers/-LET REVIEWER 2026/C. MAJOR SUBJECTS/I. EARLY CHILDHOOD EDUCATION/DRILLS/EARLY CHILDHOOD ED. PART 3.pdf,The law that institutionalized kindergarten as the first stage of basic education is:,,,R.A. 10157,,R.A. 9155,,R.A. 10410,,R.A. 10533,,,,A,Correct answer sourced from the PDF answer key: A.,LET Secondary,Early Childhood Education,Early Childhood Education,3,No,,0.96,Ready for Upload,LET Secondary Early Childhood Education Q&A. Correct answer sourced from PDF answer key.
261,36,4,EARLY CHILDHOOD ED. PART 3.pdf,/Users/lyndon/All reviewers/-LET REVIEWER 2026/C. MAJOR SUBJECTS/I. EARLY CHILDHOOD EDUCATION/DRILLS/EARLY CHILDHOOD ED. PART 3.pdf,Which theory emphasizes hands-on learning and discovery?,,,Piaget’s cognitive development theory,,Skinner’s behaviorism,,Bandura’s social learning,,Freud’s psychoanalytic,,,,A,Correct answer sourced from the PDF answer key: A.,LET Secondary,Early Childhood Education,Early Childhood Education,3,No,,0.96,Ready for Upload,LET Secondary Early Childhood Education Q&A. Correct answer sourced from PDF answer key.
262,37,4,EARLY CHILDHOOD ED. PART 3.pdf,/Users/lyndon/All reviewers/-LET REVIEWER 2026/C. MAJOR SUBJECTS/I. EARLY CHILDHOOD EDUCATION/DRILLS/EARLY CHILDHOOD ED. PART 3.pdf,"When children describe emotions after conflict, the teacher is fostering:",,,Emotional literacy,,Moral reasoning,,Peer evaluation,,Silence,,,,A,Correct answer sourced from the PDF answer key: A.,LET Secondary,Early Childhood Education,Early Childhood Education,3,No,,0.96,Ready for Upload,LET Secondary Early Childhood Education Q&A. Correct answer sourced from PDF answer key.
263,38,4,EARLY CHILDHOOD ED. PART 3.pdf,/Users/lyndon/All reviewers/-LET REVIEWER 2026/C. MAJOR SUBJECTS/I. EARLY CHILDHOOD EDUCATION/DRILLS/EARLY CHILDHOOD ED. PART 3.pdf,The purpose of early childhood assessment is to:,,,Support and guide development,,Label children,,Rank performance,,Fail students,,,,A,Correct answer sourced from the PDF answer key: A.,LET Secondary,Early Childhood Education,Early Childhood Education,3,No,,0.96,Ready for Upload,LET Secondary Early Childhood Education Q&A. Correct answer sourced from PDF answer key.
264,39,4,EARLY CHILDHOOD ED. PART 3.pdf,/Users/lyndon/All reviewers/-LET REVIEWER 2026/C. MAJOR SUBJECTS/I. EARLY CHILDHOOD EDUCATION/DRILLS/EARLY CHILDHOOD ED. PART 3.pdf,Which is an indicator of school readiness?,,,Ability to express needs and follow instructions,,Reading fluently,,Writing long essays,,Solving math problems,,,,A,Correct answer sourced from the PDF answer key: A.,LET Secondary,Early Childhood Education,Early Childhood Education,3,No,,0.96,Ready for Upload,LET Secondary Early Childhood Education Q&A. Correct answer sourced from PDF answer key.
265,40,4,EARLY CHILDHOOD ED. PART 3.pdf,/Users/lyndon/All reviewers/-LET REVIEWER 2026/C. MAJOR SUBJECTS/I. EARLY CHILDHOOD EDUCATION/DRILLS/EARLY CHILDHOOD ED. PART 3.pdf,A teacher encourages children to explore and ask questions. This promotes:,,,Curiosity and critical thinking,,Passive learning,,Conformity,,Quiet compliance,,,,A,Correct answer sourced from the PDF answer key: A.,LET Secondary,Early Childhood Education,Early Childhood Education,3,No,,0.96,Ready for Upload,LET Secondary Early Childhood Education Q&A. Correct answer sourced from PDF answer key.
266,41,4,EARLY CHILDHOOD ED. PART 3.pdf,/Users/lyndon/All reviewers/-LET REVIEWER 2026/C. MAJOR SUBJECTS/I. EARLY CHILDHOOD EDUCATION/DRILLS/EARLY CHILDHOOD ED. PART 3.pdf,"The approach that values child independence, order, and sensory materials is:",,,Montessori approach,,Behaviorist approach,,Traditional approach,,Cognitive approach,,,,A,Correct answer sourced from the PDF answer key: A.,LET Secondary,Early Childhood Education,Early Childhood Education,3,No,,0.96,Ready for Upload,LET Secondary Early Childhood Education Q&A. Correct answer sourced from PDF answer key.
267,42,4,EARLY CHILDHOOD ED. PART 3.pdf,/Users/lyndon/All reviewers/-LET REVIEWER 2026/C. MAJOR SUBJECTS/I. EARLY CHILDHOOD EDUCATION/DRILLS/EARLY CHILDHOOD ED. PART 3.pdf,"When children repeat a story in their own words, it shows:",,,Comprehension and recall,,Copying behavior,,Memorization,,Repetition only,,,,A,Correct answer sourced from the PDF answer key: A.,LET Secondary,Early Childhood Education,Early Childhood Education,3,No,,0.96,Ready for Upload,LET Secondary Early Childhood Education Q&A. Correct answer sourced from PDF answer key.
268,43,4,EARLY CHILDHOOD ED. PART 3.pdf,/Users/lyndon/All reviewers/-LET REVIEWER 2026/C. MAJOR SUBJECTS/I. EARLY CHILDHOOD EDUCATION/DRILLS/EARLY CHILDHOOD ED. PART 3.pdf,A classroom with diverse cultural displays promotes:,,,Respect and inclusion,,Competition Ultimate LET Reviewer 2025/2026 Brilliant Teach PH Reviewer,,Comparison,,Uniformity,,,,A,Correct answer sourced from the PDF answer key: A.,LET Secondary,Early Childhood Education,Early Childhood Education,3,No,,0.96,Ready for Upload,LET Secondary Early Childhood Education Q&A. Correct answer sourced from PDF answer key.
269,44,5,EARLY CHILDHOOD ED. PART 3.pdf,/Users/lyndon/All reviewers/-LET REVIEWER 2026/C. MAJOR SUBJECTS/I. EARLY CHILDHOOD EDUCATION/DRILLS/EARLY CHILDHOOD ED. PART 3.pdf,The teacher who lets children choose learning centers is applying:,,,Child-directed learning,,Teacher-directed learning,,Testing-based learning,,Drill approach,,,,A,Correct answer sourced from the PDF answer key: A.,LET Secondary,Early Childhood Education,Early Childhood Education,3,No,,0.96,Ready for Upload,LET Secondary Early Childhood Education Q&A. Correct answer sourced from PDF answer key.
270,45,5,EARLY CHILDHOOD ED. PART 3.pdf,/Users/lyndon/All reviewers/-LET REVIEWER 2026/C. MAJOR SUBJECTS/I. EARLY CHILDHOOD EDUCATION/DRILLS/EARLY CHILDHOOD ED. PART 3.pdf,The ability to wait for one’s turn during play reflects:,,,Self-regulation,,Dependency,,Fear,,Impulsivity,,,,A,Correct answer sourced from the PDF answer key: A.,LET Secondary,Early Childhood Education,Early Childhood Education,3,No,,0.96,Ready for Upload,LET Secondary Early Childhood Education Q&A. Correct answer sourced from PDF answer key.
271,46,5,EARLY CHILDHOOD ED. PART 3.pdf,/Users/lyndon/All reviewers/-LET REVIEWER 2026/C. MAJOR SUBJECTS/I. EARLY CHILDHOOD EDUCATION/DRILLS/EARLY CHILDHOOD ED. PART 3.pdf,"When a teacher observes a child and records anecdotes, she is conducting:",,,Formative assessment,,Summative assessment,,Standardized testing,,Diagnostic testing,,,,A,Correct answer sourced from the PDF answer key: A.,LET Secondary,Early Childhood Education,Early Childhood Education,3,No,,0.96,Ready for Upload,LET Secondary Early Childhood Education Q&A. Correct answer sourced from PDF answer key.
272,47,5,EARLY CHILDHOOD ED. PART 3.pdf,/Users/lyndon/All reviewers/-LET REVIEWER 2026/C. MAJOR SUBJECTS/I. EARLY CHILDHOOD EDUCATION/DRILLS/EARLY CHILDHOOD ED. PART 3.pdf,The integration of local stories in lessons promotes:,,,Cultural awareness,,Globalization,,Memorization,,Competition,,,,A,Correct answer sourced from the PDF answer key: A.,LET Secondary,Early Childhood Education,Early Childhood Education,3,No,,0.96,Ready for Upload,LET Secondary Early Childhood Education Q&A. Correct answer sourced from PDF answer key.
273,48,5,EARLY CHILDHOOD ED. PART 3.pdf,/Users/lyndon/All reviewers/-LET REVIEWER 2026/C. MAJOR SUBJECTS/I. EARLY CHILDHOOD EDUCATION/DRILLS/EARLY CHILDHOOD ED. PART 3.pdf,A 5-year-old can identify right from wrong. This is part of:,,,Moral development,,Physical development,,Cognitive development,,Social development,,,,A,Correct answer sourced from the PDF answer key: A.,LET Secondary,Early Childhood Education,Early Childhood Education,3,No,,0.96,Ready for Upload,LET Secondary Early Childhood Education Q&A. Correct answer sourced from PDF answer key.
274,49,5,EARLY CHILDHOOD ED. PART 3.pdf,/Users/lyndon/All reviewers/-LET REVIEWER 2026/C. MAJOR SUBJECTS/I. EARLY CHILDHOOD EDUCATION/DRILLS/EARLY CHILDHOOD ED. PART 3.pdf,"A safe, organized classroom environment helps develop:",,,Security and focus,,Dependence,,Anxiety,,Passivity,,,,A,Correct answer sourced from the PDF answer key: A.,LET Secondary,Early Childhood Education,Early Childhood Education,3,No,,0.96,Ready for Upload,LET Secondary Early Childhood Education Q&A. Correct answer sourced from PDF answer key.
275,50,5,EARLY CHILDHOOD ED. PART 3.pdf,/Users/lyndon/All reviewers/-LET REVIEWER 2026/C. MAJOR SUBJECTS/I. EARLY CHILDHOOD EDUCATION/DRILLS/EARLY CHILDHOOD ED. PART 3.pdf,The overall goal of Early Childhood Education is to:,,,Develop the child holistically,,Focus only on academics,,Prepare for exams,,Rank abilities Ultimate LET Reviewer 2025/2026 Brilliant Teach PH Reviewer LET Reviewer Early Childhood Education Part 7 2025/2026,,,,A,Correct answer sourced from the PDF answer key: A.,LET Secondary,Early Childhood Education,Early Childhood Education,3,No,175,0.96,Duplicate,LET Secondary Early Childhood Education Q&A. Correct answer sourced from PDF answer key.
276,1,1,EARLY CHILDHOOD ED. PART 4.pdf,/Users/lyndon/All reviewers/-LET REVIEWER 2026/C. MAJOR SUBJECTS/I. EARLY CHILDHOOD EDUCATION/DRILLS/EARLY CHILDHOOD ED. PART 4.pdf,Early Childhood Education primarily focuses on which age range?,,,Birth to 8 years old,,Birth to 5 years old,,3 to 10 years old,,5 to 12 years old,,,,A,Correct answer sourced from the PDF answer key: A.,LET Secondary,Early Childhood Education,Early Childhood Education,3,No,,0.96,Ready for Upload,LET Secondary Early Childhood Education Q&A. Correct answer sourced from PDF answer key.
277,2,1,EARLY CHILDHOOD ED. PART 4.pdf,/Users/lyndon/All reviewers/-LET REVIEWER 2026/C. MAJOR SUBJECTS/I. EARLY CHILDHOOD EDUCATION/DRILLS/EARLY CHILDHOOD ED. PART 4.pdf,Which law institutionalized kindergarten as part of basic education in the Philippines?,,,R.A. 9155,,R.A. 10533,,R.A. 10157,,R.A. 10410,,,,C,Correct answer sourced from the PDF answer key: C.,LET Secondary,Early Childhood Education,Early Childhood Education,3,No,,0.96,Ready for Upload,LET Secondary Early Childhood Education Q&A. Correct answer sourced from PDF answer key.
278,3,1,EARLY CHILDHOOD ED. PART 4.pdf,/Users/lyndon/All reviewers/-LET REVIEWER 2026/C. MAJOR SUBJECTS/I. EARLY CHILDHOOD EDUCATION/DRILLS/EARLY CHILDHOOD ED. PART 4.pdf,"According to Jean Piaget, children in the preoperational stage are characterized by:",,,Abstract reasoning,,Egocentrism and symbolic play,,Logical operations,,Reversibility,,,,B,Correct answer sourced from the PDF answer key: B.,LET Secondary,Early Childhood Education,Early Childhood Education,3,No,,0.96,Ready for Upload,LET Secondary Early Childhood Education Q&A. Correct answer sourced from PDF answer key.
279,4,1,EARLY CHILDHOOD ED. PART 4.pdf,/Users/lyndon/All reviewers/-LET REVIEWER 2026/C. MAJOR SUBJECTS/I. EARLY CHILDHOOD EDUCATION/DRILLS/EARLY CHILDHOOD ED. PART 4.pdf,Which of the following best describes the principle of child-centered education?,,,The curriculum revolves around children’s needs and interests,,The teacher dominates the lesson,,The classroom is teacher-directed,,Children follow fixed schedules,,,,A,Correct answer sourced from the PDF answer key: A.,LET Secondary,Early Childhood Education,Early Childhood Education,3,No,,0.96,Ready for Upload,LET Secondary Early Childhood Education Q&A. Correct answer sourced from PDF answer key.
280,5,1,EARLY CHILDHOOD ED. PART 4.pdf,/Users/lyndon/All reviewers/-LET REVIEWER 2026/C. MAJOR SUBJECTS/I. EARLY CHILDHOOD EDUCATION/DRILLS/EARLY CHILDHOOD ED. PART 4.pdf,A child who says “I goed to the park” is showing:,,,Overgeneralization in language development,,Grammar mastery,,Reading readiness,,Speech delay,,,,A,Correct answer sourced from the PDF answer key: A.,LET Secondary,Early Childhood Education,Early Childhood Education,3,No,,0.96,Ready for Upload,LET Secondary Early Childhood Education Q&A. Correct answer sourced from PDF answer key.
281,6,1,EARLY CHILDHOOD ED. PART 4.pdf,/Users/lyndon/All reviewers/-LET REVIEWER 2026/C. MAJOR SUBJECTS/I. EARLY CHILDHOOD EDUCATION/DRILLS/EARLY CHILDHOOD ED. PART 4.pdf,Which of the following best promotes gross motor development?,,,Jumping and running games,,Coloring activities,,Finger painting,,Sorting beads,,,,A,Correct answer sourced from the PDF answer key: A.,LET Secondary,Early Childhood Education,Early Childhood Education,3,No,,0.96,Ready for Upload,LET Secondary Early Childhood Education Q&A. Correct answer sourced from PDF answer key.
282,7,1,EARLY CHILDHOOD ED. PART 4.pdf,/Users/lyndon/All reviewers/-LET REVIEWER 2026/C. MAJOR SUBJECTS/I. EARLY CHILDHOOD EDUCATION/DRILLS/EARLY CHILDHOOD ED. PART 4.pdf,The teacher provides opportunities for children to explore and experiment with materials. This is an example of:,,,Discovery learning,,Direct instruction,,Lecture method,,Memorization,,,,A,Correct answer sourced from the PDF answer key: A.,LET Secondary,Early Childhood Education,Early Childhood Education,3,No,,0.96,Ready for Upload,LET Secondary Early Childhood Education Q&A. Correct answer sourced from PDF answer key.
283,8,1,EARLY CHILDHOOD ED. PART 4.pdf,/Users/lyndon/All reviewers/-LET REVIEWER 2026/C. MAJOR SUBJECTS/I. EARLY CHILDHOOD EDUCATION/DRILLS/EARLY CHILDHOOD ED. PART 4.pdf,Which principle of development states that growth proceeds from head to toe?,,,Cephalocaudal principle,,Proximodistal principle,,Sequential principle,,Interrelated principle,,,,A,Correct answer sourced from the PDF answer key: A.,LET Secondary,Early Childhood Education,Early Childhood Education,3,No,,0.96,Ready for Upload,LET Secondary Early Childhood Education Q&A. Correct answer sourced from PDF answer key.
284,9,1,EARLY CHILDHOOD ED. PART 4.pdf,/Users/lyndon/All reviewers/-LET REVIEWER 2026/C. MAJOR SUBJECTS/I. EARLY CHILDHOOD EDUCATION/DRILLS/EARLY CHILDHOOD ED. PART 4.pdf,The preschool curriculum must be inclusive. This means it:,,,Welcomes all children regardless of background and ability,,Segregates children with special needs,,Prioritizes high achievers only,,Excludes learners with disabilities,,,,A,Correct answer sourced from the PDF answer key: A.,LET Secondary,Early Childhood Education,Early Childhood Education,3,No,,0.96,Ready for Upload,LET Secondary Early Childhood Education Q&A. Correct answer sourced from PDF answer key.
285,10,1,EARLY CHILDHOOD ED. PART 4.pdf,/Users/lyndon/All reviewers/-LET REVIEWER 2026/C. MAJOR SUBJECTS/I. EARLY CHILDHOOD EDUCATION/DRILLS/EARLY CHILDHOOD ED. PART 4.pdf,Which of the following classroom environments best supports early learning?,,,"Safe, engaging, and organized",,Strict and formal,,Quiet and empty,,Controlled and rigid Ultimate LET Reviewer 2025/2026 Brilliant Teach PH Reviewer,,,,A,Correct answer sourced from the PDF answer key: A.,LET Secondary,Early Childhood Education,Early Childhood Education,3,No,,0.96,Ready for Upload,LET Secondary Early Childhood Education Q&A. Correct answer sourced from PDF answer key.
286,11,2,EARLY CHILDHOOD ED. PART 4.pdf,/Users/lyndon/All reviewers/-LET REVIEWER 2026/C. MAJOR SUBJECTS/I. EARLY CHILDHOOD EDUCATION/DRILLS/EARLY CHILDHOOD ED. PART 4.pdf,Which type of play involves children playing beside each other with similar toys but not interacting directly?,,,Parallel play,,Cooperative play,,Onlooker play,,Associative play,,,,A,Correct answer sourced from the PDF answer key: A.,LET Secondary,Early Childhood Education,Early Childhood Education,3,No,,0.96,Ready for Upload,LET Secondary Early Childhood Education Q&A. Correct answer sourced from PDF answer key.
287,12,2,EARLY CHILDHOOD ED. PART 4.pdf,/Users/lyndon/All reviewers/-LET REVIEWER 2026/C. MAJOR SUBJECTS/I. EARLY CHILDHOOD EDUCATION/DRILLS/EARLY CHILDHOOD ED. PART 4.pdf,The teacher’s act of helping a child at first and then reducing assistance as the child learns is called:,,,Scaffolding,,Modeling,,Conditioning,,Repetition,,,,A,Correct answer sourced from the PDF answer key: A.,LET Secondary,Early Childhood Education,Early Childhood Education,3,No,,0.96,Ready for Upload,LET Secondary Early Childhood Education Q&A. Correct answer sourced from PDF answer key.
288,13,2,EARLY CHILDHOOD ED. PART 4.pdf,/Users/lyndon/All reviewers/-LET REVIEWER 2026/C. MAJOR SUBJECTS/I. EARLY CHILDHOOD EDUCATION/DRILLS/EARLY CHILDHOOD ED. PART 4.pdf,Which of the following activities promotes emergent writing skills?,,,Scribbling and drawing,,Copying words mechanically,,Memorizing letters,,Listening to lectures,,,,A,Correct answer sourced from the PDF answer key: A.,LET Secondary,Early Childhood Education,Early Childhood Education,3,No,,0.96,Ready for Upload,LET Secondary Early Childhood Education Q&A. Correct answer sourced from PDF answer key.
289,14,2,EARLY CHILDHOOD ED. PART 4.pdf,/Users/lyndon/All reviewers/-LET REVIEWER 2026/C. MAJOR SUBJECTS/I. EARLY CHILDHOOD EDUCATION/DRILLS/EARLY CHILDHOOD ED. PART 4.pdf,What does “learning through play” emphasize?,,,Children learn best when they actively explore and interact,,Play should be separate from learning,,Learning requires silence and order,,Play wastes instructional time,,,,A,Correct answer sourced from the PDF answer key: A.,LET Secondary,Early Childhood Education,Early Childhood Education,3,No,,0.96,Ready for Upload,LET Secondary Early Childhood Education Q&A. Correct answer sourced from PDF answer key.
290,15,2,EARLY CHILDHOOD ED. PART 4.pdf,/Users/lyndon/All reviewers/-LET REVIEWER 2026/C. MAJOR SUBJECTS/I. EARLY CHILDHOOD EDUCATION/DRILLS/EARLY CHILDHOOD ED. PART 4.pdf,The theory that learning is influenced by observing others is by:,,,Albert Bandura,,Jean Piaget,,Erik Erikson,,B.F. Skinner,,,,A,Correct answer sourced from the PDF answer key: A.,LET Secondary,Early Childhood Education,Early Childhood Education,3,No,,0.96,Ready for Upload,LET Secondary Early Childhood Education Q&A. Correct answer sourced from PDF answer key.
291,16,2,EARLY CHILDHOOD ED. PART 4.pdf,/Users/lyndon/All reviewers/-LET REVIEWER 2026/C. MAJOR SUBJECTS/I. EARLY CHILDHOOD EDUCATION/DRILLS/EARLY CHILDHOOD ED. PART 4.pdf,A 4-year-old child who can hop on one foot and catch a large ball demonstrates:,,,Improved gross motor coordination,,Fine motor weakness,,Cognitive growth only,,Verbal ability,,,,A,Correct answer sourced from the PDF answer key: A.,LET Secondary,Early Childhood Education,Early Childhood Education,3,No,,0.96,Ready for Upload,LET Secondary Early Childhood Education Q&A. Correct answer sourced from PDF answer key.
292,17,2,EARLY CHILDHOOD ED. PART 4.pdf,/Users/lyndon/All reviewers/-LET REVIEWER 2026/C. MAJOR SUBJECTS/I. EARLY CHILDHOOD EDUCATION/DRILLS/EARLY CHILDHOOD ED. PART 4.pdf,Which is the best way to assess preschool children’s learning?,,,Observation during play and interaction,,Written tests,,Oral recitation,,Multiple-choice exams,,,,A,Correct answer sourced from the PDF answer key: A.,LET Secondary,Early Childhood Education,Early Childhood Education,3,No,,0.96,Ready for Upload,LET Secondary Early Childhood Education Q&A. Correct answer sourced from PDF answer key.
293,18,2,EARLY CHILDHOOD ED. PART 4.pdf,/Users/lyndon/All reviewers/-LET REVIEWER 2026/C. MAJOR SUBJECTS/I. EARLY CHILDHOOD EDUCATION/DRILLS/EARLY CHILDHOOD ED. PART 4.pdf,"When teachers use local songs, games, and stories, they are promoting:",,,Cultural relevance and identity,,Competition,,Western ideals,,Standardization,,,,A,Correct answer sourced from the PDF answer key: A.,LET Secondary,Early Childhood Education,Early Childhood Education,3,No,,0.96,Ready for Upload,LET Secondary Early Childhood Education Q&A. Correct answer sourced from PDF answer key.
294,19,2,EARLY CHILDHOOD ED. PART 4.pdf,/Users/lyndon/All reviewers/-LET REVIEWER 2026/C. MAJOR SUBJECTS/I. EARLY CHILDHOOD EDUCATION/DRILLS/EARLY CHILDHOOD ED. PART 4.pdf,Which of the following is true about readiness to learn?,,,It depends on the child’s maturity and experience,,It is determined only by age,,It can be forced,,It is unnecessary,,,,A,Correct answer sourced from the PDF answer key: A.,LET Secondary,Early Childhood Education,Early Childhood Education,3,No,,0.96,Ready for Upload,LET Secondary Early Childhood Education Q&A. Correct answer sourced from PDF answer key.
295,20,2,EARLY CHILDHOOD ED. PART 4.pdf,/Users/lyndon/All reviewers/-LET REVIEWER 2026/C. MAJOR SUBJECTS/I. EARLY CHILDHOOD EDUCATION/DRILLS/EARLY CHILDHOOD ED. PART 4.pdf,Which domain involves recognizing and expressing emotions?,,,Socio-emotional development,,Cognitive development,,Moral development,,Language development,,,,A,Correct answer sourced from the PDF answer key: A.,LET Secondary,Early Childhood Education,Early Childhood Education,3,No,,0.96,Ready for Upload,LET Secondary Early Childhood Education Q&A. Correct answer sourced from PDF answer key.
296,21,2,EARLY CHILDHOOD ED. PART 4.pdf,/Users/lyndon/All reviewers/-LET REVIEWER 2026/C. MAJOR SUBJECTS/I. EARLY CHILDHOOD EDUCATION/DRILLS/EARLY CHILDHOOD ED. PART 4.pdf,A preschooler who can identify colors and shapes is showing progress in:,,,Cognitive development,,Social development,,Emotional regulation,,Physical coordination,,,,A,Correct answer sourced from the PDF answer key: A.,LET Secondary,Early Childhood Education,Early Childhood Education,3,No,,0.96,Ready for Upload,LET Secondary Early Childhood Education Q&A. Correct answer sourced from PDF answer key.
297,22,2,EARLY CHILDHOOD ED. PART 4.pdf,/Users/lyndon/All reviewers/-LET REVIEWER 2026/C. MAJOR SUBJECTS/I. EARLY CHILDHOOD EDUCATION/DRILLS/EARLY CHILDHOOD ED. PART 4.pdf,Erikson’s stage of “Autonomy vs. Shame and Doubt” applies to:,,,Toddlers,,Infants Ultimate LET Reviewer 2025/2026 Brilliant Teach PH Reviewer,,Preschoolers,,Adolescents,,,,A,Correct answer sourced from the PDF answer key: A.,LET Secondary,Early Childhood Education,Early Childhood Education,3,No,,0.96,Ready for Upload,LET Secondary Early Childhood Education Q&A. Correct answer sourced from PDF answer key.
298,23,3,EARLY CHILDHOOD ED. PART 4.pdf,/Users/lyndon/All reviewers/-LET REVIEWER 2026/C. MAJOR SUBJECTS/I. EARLY CHILDHOOD EDUCATION/DRILLS/EARLY CHILDHOOD ED. PART 4.pdf,A child who can name letters but not yet read words is in the stage of:,,,Emergent literacy,,Reading fluency,,Independent reading,,Automaticity,,,,A,Correct answer sourced from the PDF answer key: A.,LET Secondary,Early Childhood Education,Early Childhood Education,3,No,,0.96,Ready for Upload,LET Secondary Early Childhood Education Q&A. Correct answer sourced from PDF answer key.
299,24,3,EARLY CHILDHOOD ED. PART 4.pdf,/Users/lyndon/All reviewers/-LET REVIEWER 2026/C. MAJOR SUBJECTS/I. EARLY CHILDHOOD EDUCATION/DRILLS/EARLY CHILDHOOD ED. PART 4.pdf,"When a teacher praises a child for sharing, it reinforces:",,,Positive behavior through operant conditioning,,Negative reinforcement,,Punishment,,Imitation,,,,A,Correct answer sourced from the PDF answer key: A.,LET Secondary,Early Childhood Education,Early Childhood Education,3,No,,0.96,Ready for Upload,LET Secondary Early Childhood Education Q&A. Correct answer sourced from PDF answer key.
300,25,3,EARLY CHILDHOOD ED. PART 4.pdf,/Users/lyndon/All reviewers/-LET REVIEWER 2026/C. MAJOR SUBJECTS/I. EARLY CHILDHOOD EDUCATION/DRILLS/EARLY CHILDHOOD ED. PART 4.pdf,The use of recycled materials in art activities promotes:,,,Creativity and resourcefulness,,Waste management only,,Teacher efficiency,,Competition,,,,A,Correct answer sourced from the PDF answer key: A.,LET Secondary,Early Childhood Education,Early Childhood Education,3,No,,0.96,Ready for Upload,LET Secondary Early Childhood Education Q&A. Correct answer sourced from PDF answer key.
301,26,3,EARLY CHILDHOOD ED. PART 4.pdf,/Users/lyndon/All reviewers/-LET REVIEWER 2026/C. MAJOR SUBJECTS/I. EARLY CHILDHOOD EDUCATION/DRILLS/EARLY CHILDHOOD ED. PART 4.pdf,The most suitable activity for developing classification skills is:,,,Sorting objects by color or shape,,Drawing pictures,,Singing songs,,Free play,,,,A,Correct answer sourced from the PDF answer key: A.,LET Secondary,Early Childhood Education,Early Childhood Education,3,No,,0.96,Ready for Upload,LET Secondary Early Childhood Education Q&A. Correct answer sourced from PDF answer key.
302,27,3,EARLY CHILDHOOD ED. PART 4.pdf,/Users/lyndon/All reviewers/-LET REVIEWER 2026/C. MAJOR SUBJECTS/I. EARLY CHILDHOOD EDUCATION/DRILLS/EARLY CHILDHOOD ED. PART 4.pdf,A 5-year-old who enjoys telling imaginative stories shows development in:,,,Language and creativity,,Physical growth,,Gross motor control,,Memorization,,,,A,Correct answer sourced from the PDF answer key: A.,LET Secondary,Early Childhood Education,Early Childhood Education,3,No,,0.96,Ready for Upload,LET Secondary Early Childhood Education Q&A. Correct answer sourced from PDF answer key.
303,28,3,EARLY CHILDHOOD ED. PART 4.pdf,/Users/lyndon/All reviewers/-LET REVIEWER 2026/C. MAJOR SUBJECTS/I. EARLY CHILDHOOD EDUCATION/DRILLS/EARLY CHILDHOOD ED. PART 4.pdf,The teacher uses puppets to teach a moral lesson. This method promotes:,,,Story-based learning,,Drill method,,Abstract reasoning,,Silent study,,,,A,Correct answer sourced from the PDF answer key: A.,LET Secondary,Early Childhood Education,Early Childhood Education,3,No,,0.96,Ready for Upload,LET Secondary Early Childhood Education Q&A. Correct answer sourced from PDF answer key.
304,29,3,EARLY CHILDHOOD ED. PART 4.pdf,/Users/lyndon/All reviewers/-LET REVIEWER 2026/C. MAJOR SUBJECTS/I. EARLY CHILDHOOD EDUCATION/DRILLS/EARLY CHILDHOOD ED. PART 4.pdf,Children who pretend to be doctors and nurses are engaged in:,,,Dramatic play,,Parallel play,,Constructive play,,Onlooker play,,,,A,Correct answer sourced from the PDF answer key: A.,LET Secondary,Early Childhood Education,Early Childhood Education,3,No,,0.96,Ready for Upload,LET Secondary Early Childhood Education Q&A. Correct answer sourced from PDF answer key.
305,30,3,EARLY CHILDHOOD ED. PART 4.pdf,/Users/lyndon/All reviewers/-LET REVIEWER 2026/C. MAJOR SUBJECTS/I. EARLY CHILDHOOD EDUCATION/DRILLS/EARLY CHILDHOOD ED. PART 4.pdf,The “whole child” approach means the curriculum should address:,,,All developmental domains,,Only academics,,Only emotional needs,,Only physical growth,,,,A,Correct answer sourced from the PDF answer key: A.,LET Secondary,Early Childhood Education,Early Childhood Education,3,No,,0.96,Ready for Upload,LET Secondary Early Childhood Education Q&A. Correct answer sourced from PDF answer key.
306,31,3,EARLY CHILDHOOD ED. PART 4.pdf,/Users/lyndon/All reviewers/-LET REVIEWER 2026/C. MAJOR SUBJECTS/I. EARLY CHILDHOOD EDUCATION/DRILLS/EARLY CHILDHOOD ED. PART 4.pdf,The principle of individual differences means:,,,Each child learns and develops at their own pace,,All children should learn the same way,,Age determines ability,,Uniform teaching is best,,,,A,Correct answer sourced from the PDF answer key: A.,LET Secondary,Early Childhood Education,Early Childhood Education,3,No,,0.96,Ready for Upload,LET Secondary Early Childhood Education Q&A. Correct answer sourced from PDF answer key.
307,32,3,EARLY CHILDHOOD ED. PART 4.pdf,/Users/lyndon/All reviewers/-LET REVIEWER 2026/C. MAJOR SUBJECTS/I. EARLY CHILDHOOD EDUCATION/DRILLS/EARLY CHILDHOOD ED. PART 4.pdf,Which of the following promotes language development?,,,Daily storytelling and conversation,,Memorizing alphabet,,Writing drills,,Watching silently,,,,A,Correct answer sourced from the PDF answer key: A.,LET Secondary,Early Childhood Education,Early Childhood Education,3,No,,0.96,Ready for Upload,LET Secondary Early Childhood Education Q&A. Correct answer sourced from PDF answer key.
308,33,3,EARLY CHILDHOOD ED. PART 4.pdf,/Users/lyndon/All reviewers/-LET REVIEWER 2026/C. MAJOR SUBJECTS/I. EARLY CHILDHOOD EDUCATION/DRILLS/EARLY CHILDHOOD ED. PART 4.pdf,The teacher encourages children to ask “why” and “how” questions. This develops:,,,Critical thinking and curiosity,,Conformity,,Silence and obedience,,Memorization,,,,A,Correct answer sourced from the PDF answer key: A.,LET Secondary,Early Childhood Education,Early Childhood Education,3,No,,0.96,Ready for Upload,LET Secondary Early Childhood Education Q&A. Correct answer sourced from PDF answer key.
309,34,3,EARLY CHILDHOOD ED. PART 4.pdf,/Users/lyndon/All reviewers/-LET REVIEWER 2026/C. MAJOR SUBJECTS/I. EARLY CHILDHOOD EDUCATION/DRILLS/EARLY CHILDHOOD ED. PART 4.pdf,Which approach focuses on hands-on materials and independence?,,,Montessori approach Ultimate LET Reviewer 2025/2026 Brilliant Teach PH Reviewer,,Behaviorist approach,,Lecture method,,Traditional method,,,,A,Correct answer sourced from the PDF answer key: A.,LET Secondary,Early Childhood Education,Early Childhood Education,3,No,,0.96,Ready for Upload,LET Secondary Early Childhood Education Q&A. Correct answer sourced from PDF answer key.
310,35,4,EARLY CHILDHOOD ED. PART 4.pdf,/Users/lyndon/All reviewers/-LET REVIEWER 2026/C. MAJOR SUBJECTS/I. EARLY CHILDHOOD EDUCATION/DRILLS/EARLY CHILDHOOD ED. PART 4.pdf,"During free play, the teacher observes a child cooperating with peers. This is:",,,Social development,,Physical development,,Cognitive development,,Affective imbalance,,,,A,Correct answer sourced from the PDF answer key: A.,LET Secondary,Early Childhood Education,Early Childhood Education,3,No,,0.96,Ready for Upload,LET Secondary Early Childhood Education Q&A. Correct answer sourced from PDF answer key.
311,36,4,EARLY CHILDHOOD ED. PART 4.pdf,/Users/lyndon/All reviewers/-LET REVIEWER 2026/C. MAJOR SUBJECTS/I. EARLY CHILDHOOD EDUCATION/DRILLS/EARLY CHILDHOOD ED. PART 4.pdf,Which of the following demonstrates fine motor skill?,,,Cutting paper with scissors,,Jumping rope,,Running,,Throwing a ball,,,,A,Correct answer sourced from the PDF answer key: A.,LET Secondary,Early Childhood Education,Early Childhood Education,3,No,,0.96,Ready for Upload,LET Secondary Early Childhood Education Q&A. Correct answer sourced from PDF answer key.
312,37,4,EARLY CHILDHOOD ED. PART 4.pdf,/Users/lyndon/All reviewers/-LET REVIEWER 2026/C. MAJOR SUBJECTS/I. EARLY CHILDHOOD EDUCATION/DRILLS/EARLY CHILDHOOD ED. PART 4.pdf,"When a teacher documents progress using work samples, photos, and observations, it is called a:",,,Portfolio assessment,,Summative test,,Standardized test,,Quiz,,,,A,Correct answer sourced from the PDF answer key: A.,LET Secondary,Early Childhood Education,Early Childhood Education,3,No,,0.96,Ready for Upload,LET Secondary Early Childhood Education Q&A. Correct answer sourced from PDF answer key.
313,38,4,EARLY CHILDHOOD ED. PART 4.pdf,/Users/lyndon/All reviewers/-LET REVIEWER 2026/C. MAJOR SUBJECTS/I. EARLY CHILDHOOD EDUCATION/DRILLS/EARLY CHILDHOOD ED. PART 4.pdf,"A classroom that allows choice, exploration, and self-expression is said to be:",,,Child-centered,,Teacher-centered,,Restrictive,,Controlled,,,,A,Correct answer sourced from the PDF answer key: A.,LET Secondary,Early Childhood Education,Early Childhood Education,3,No,,0.96,Ready for Upload,LET Secondary Early Childhood Education Q&A. Correct answer sourced from PDF answer key.
314,39,4,EARLY CHILDHOOD ED. PART 4.pdf,/Users/lyndon/All reviewers/-LET REVIEWER 2026/C. MAJOR SUBJECTS/I. EARLY CHILDHOOD EDUCATION/DRILLS/EARLY CHILDHOOD ED. PART 4.pdf,Which activity promotes number sense in early childhood?,,,Counting toys and matching quantities,,Writing long numbers,,Reciting number words,,Memorizing tables,,,,A,Correct answer sourced from the PDF answer key: A.,LET Secondary,Early Childhood Education,Early Childhood Education,3,No,,0.96,Ready for Upload,LET Secondary Early Childhood Education Q&A. Correct answer sourced from PDF answer key.
315,40,4,EARLY CHILDHOOD ED. PART 4.pdf,/Users/lyndon/All reviewers/-LET REVIEWER 2026/C. MAJOR SUBJECTS/I. EARLY CHILDHOOD EDUCATION/DRILLS/EARLY CHILDHOOD ED. PART 4.pdf,"Teachers who use puppets, stories, and play integrate what type of learning?",,,Multisensory learning,,Silent study,,Abstract reasoning,,Memorization,,,,A,Correct answer sourced from the PDF answer key: A.,LET Secondary,Early Childhood Education,Early Childhood Education,3,No,,0.96,Ready for Upload,LET Secondary Early Childhood Education Q&A. Correct answer sourced from PDF answer key.
316,41,4,EARLY CHILDHOOD ED. PART 4.pdf,/Users/lyndon/All reviewers/-LET REVIEWER 2026/C. MAJOR SUBJECTS/I. EARLY CHILDHOOD EDUCATION/DRILLS/EARLY CHILDHOOD ED. PART 4.pdf,"When children learn best by touching, manipulating, and moving, they are:",,,Kinesthetic learners,,Visual learners,,Auditory learners,,Abstract thinkers,,,,A,Correct answer sourced from the PDF answer key: A.,LET Secondary,Early Childhood Education,Early Childhood Education,3,No,,0.96,Ready for Upload,LET Secondary Early Childhood Education Q&A. Correct answer sourced from PDF answer key.
317,42,4,EARLY CHILDHOOD ED. PART 4.pdf,/Users/lyndon/All reviewers/-LET REVIEWER 2026/C. MAJOR SUBJECTS/I. EARLY CHILDHOOD EDUCATION/DRILLS/EARLY CHILDHOOD ED. PART 4.pdf,A safe and supportive classroom environment promotes:,,,Emotional security and confidence,,Dependence,,Fear,,Isolation,,,,A,Correct answer sourced from the PDF answer key: A.,LET Secondary,Early Childhood Education,Early Childhood Education,3,No,,0.96,Ready for Upload,LET Secondary Early Childhood Education Q&A. Correct answer sourced from PDF answer key.
318,43,4,EARLY CHILDHOOD ED. PART 4.pdf,/Users/lyndon/All reviewers/-LET REVIEWER 2026/C. MAJOR SUBJECTS/I. EARLY CHILDHOOD EDUCATION/DRILLS/EARLY CHILDHOOD ED. PART 4.pdf,The teacher helps children settle disputes by talking about feelings. This promotes:,,,Conflict resolution and empathy,,Competition,,Silence,,Avoidance,,,,A,Correct answer sourced from the PDF answer key: A.,LET Secondary,Early Childhood Education,Early Childhood Education,3,No,,0.96,Ready for Upload,LET Secondary Early Childhood Education Q&A. Correct answer sourced from PDF answer key.
319,44,4,EARLY CHILDHOOD ED. PART 4.pdf,/Users/lyndon/All reviewers/-LET REVIEWER 2026/C. MAJOR SUBJECTS/I. EARLY CHILDHOOD EDUCATION/DRILLS/EARLY CHILDHOOD ED. PART 4.pdf,Which is an indicator of school readiness?,,,Ability to follow simple instructions and routines,,Memorizing multiplication tables,,Writing paragraphs,,Reading fluently,,,,A,Correct answer sourced from the PDF answer key: A.,LET Secondary,Early Childhood Education,Early Childhood Education,3,No,264,0.96,Duplicate,LET Secondary Early Childhood Education Q&A. Correct answer sourced from PDF answer key.
320,45,4,EARLY CHILDHOOD ED. PART 4.pdf,/Users/lyndon/All reviewers/-LET REVIEWER 2026/C. MAJOR SUBJECTS/I. EARLY CHILDHOOD EDUCATION/DRILLS/EARLY CHILDHOOD ED. PART 4.pdf,Teachers who adapt lessons for diverse learners demonstrate:,,,Differentiated instruction,,Strict uniformity,,Passive teaching,,Teacher dominance Ultimate LET Reviewer 2025/2026 Brilliant Teach PH Reviewer,,,,A,Correct answer sourced from the PDF answer key: A.,LET Secondary,Early Childhood Education,Early Childhood Education,3,No,,0.96,Ready for Upload,LET Secondary Early Childhood Education Q&A. Correct answer sourced from PDF answer key.
321,46,5,EARLY CHILDHOOD ED. PART 4.pdf,/Users/lyndon/All reviewers/-LET REVIEWER 2026/C. MAJOR SUBJECTS/I. EARLY CHILDHOOD EDUCATION/DRILLS/EARLY CHILDHOOD ED. PART 4.pdf,The NAEYC (National Association for the Education of Young Children) promotes:,,,Developmentally appropriate practices,,Rote learning,,Strict testing,,Competitive ranking,,,,A,Correct answer sourced from the PDF answer key: A.,LET Secondary,Early Childhood Education,Early Childhood Education,3,No,,0.96,Ready for Upload,LET Secondary Early Childhood Education Q&A. Correct answer sourced from PDF answer key.
322,47,5,EARLY CHILDHOOD ED. PART 4.pdf,/Users/lyndon/All reviewers/-LET REVIEWER 2026/C. MAJOR SUBJECTS/I. EARLY CHILDHOOD EDUCATION/DRILLS/EARLY CHILDHOOD ED. PART 4.pdf,A 3-year-old who cannot yet share toys is showing:,,,Typical early social behavior,,Social delay,,Aggression,,Insecurity,,,,A,Correct answer sourced from the PDF answer key: A.,LET Secondary,Early Childhood Education,Early Childhood Education,3,No,,0.96,Ready for Upload,LET Secondary Early Childhood Education Q&A. Correct answer sourced from PDF answer key.
323,48,5,EARLY CHILDHOOD ED. PART 4.pdf,/Users/lyndon/All reviewers/-LET REVIEWER 2026/C. MAJOR SUBJECTS/I. EARLY CHILDHOOD EDUCATION/DRILLS/EARLY CHILDHOOD ED. PART 4.pdf,Using the first language in early education helps:,,,Build comprehension and confidence,,Delay English fluency,,Confuse learners,,Cause regression,,,,A,Correct answer sourced from the PDF answer key: A.,LET Secondary,Early Childhood Education,Early Childhood Education,3,No,,0.96,Ready for Upload,LET Secondary Early Childhood Education Q&A. Correct answer sourced from PDF answer key.
324,49,5,EARLY CHILDHOOD ED. PART 4.pdf,/Users/lyndon/All reviewers/-LET REVIEWER 2026/C. MAJOR SUBJECTS/I. EARLY CHILDHOOD EDUCATION/DRILLS/EARLY CHILDHOOD ED. PART 4.pdf,Teachers who observe children’s interests and plan around them are practicing:,,,Emergent curriculum,,Fixed curriculum,,Prescribed instruction,,Uniform teaching,,,,A,Correct answer sourced from the PDF answer key: A.,LET Secondary,Early Childhood Education,Early Childhood Education,3,No,,0.96,Ready for Upload,LET Secondary Early Childhood Education Q&A. Correct answer sourced from PDF answer key.
325,50,5,EARLY CHILDHOOD ED. PART 4.pdf,/Users/lyndon/All reviewers/-LET REVIEWER 2026/C. MAJOR SUBJECTS/I. EARLY CHILDHOOD EDUCATION/DRILLS/EARLY CHILDHOOD ED. PART 4.pdf,The primary goal of early childhood assessment is to:,,,Support and guide development and learning,,Rank children,,Compare achievement,,Determine punishment Ultimate LET Reviewer 2025/2026 Brilliant Teach PH Reviewer LET Reviewer Early Childhood Education Part 6 2025/2026,,,,A,Correct answer sourced from the PDF answer key: A.,LET Secondary,Early Childhood Education,Early Childhood Education,3,No,,0.96,Ready for Upload,LET Secondary Early Childhood Education Q&A. Correct answer sourced from PDF answer key.
326,1,1,EARLY CHILDHOOD ED. PART 5.pdf,/Users/lyndon/All reviewers/-LET REVIEWER 2026/C. MAJOR SUBJECTS/I. EARLY CHILDHOOD EDUCATION/DRILLS/EARLY CHILDHOOD ED. PART 5.pdf, The Early Childhood Care and Development (ECCD) Act in the Philippines is also known as:,,,R.A. 10533,,R.A. 10157,,R.A. 10410,,R.A. 9155,,,,C,Correct answer sourced from the PDF answer key: C.,LET Secondary,Early Childhood Education,Early Childhood Education,3,No,,0.96,Ready for Upload,LET Secondary Early Childhood Education Q&A. Correct answer sourced from PDF answer key.
327,2,1,EARLY CHILDHOOD ED. PART 5.pdf,/Users/lyndon/All reviewers/-LET REVIEWER 2026/C. MAJOR SUBJECTS/I. EARLY CHILDHOOD EDUCATION/DRILLS/EARLY CHILDHOOD ED. PART 5.pdf, The ECCD Act covers children in the age range of:,,,0–4 years old,,0–8 years old,,3–6 years old,,5–10 years old,,,,B,Correct answer sourced from the PDF answer key: B.,LET Secondary,Early Childhood Education,Early Childhood Education,3,No,,0.96,Ready for Upload,LET Secondary Early Childhood Education Q&A. Correct answer sourced from PDF answer key.
328,3,1,EARLY CHILDHOOD ED. PART 5.pdf,/Users/lyndon/All reviewers/-LET REVIEWER 2026/C. MAJOR SUBJECTS/I. EARLY CHILDHOOD EDUCATION/DRILLS/EARLY CHILDHOOD ED. PART 5.pdf, Which principle of child development emphasizes that development occurs from the center of the body outward?,,,Cephalocaudal principle,,Proximodistal principle,,Sequential principle,,Interdependence principle,,,,B,Correct answer sourced from the PDF answer key: B.,LET Secondary,Early Childhood Education,Early Childhood Education,3,No,,0.96,Ready for Upload,LET Secondary Early Childhood Education Q&A. Correct answer sourced from PDF answer key.
329,4,1,EARLY CHILDHOOD ED. PART 5.pdf,/Users/lyndon/All reviewers/-LET REVIEWER 2026/C. MAJOR SUBJECTS/I. EARLY CHILDHOOD EDUCATION/DRILLS/EARLY CHILDHOOD ED. PART 5.pdf, Which of the following statements best describes the role of the preschool teacher?,,,To lecture about concepts,,To facilitate learning through play and experiences,,To assign tests weekly,,To focus on memorization,,,,B,Correct answer sourced from the PDF answer key: B.,LET Secondary,Early Childhood Education,Early Childhood Education,3,No,,0.96,Ready for Upload,LET Secondary Early Childhood Education Q&A. Correct answer sourced from PDF answer key.
330,5,1,EARLY CHILDHOOD ED. PART 5.pdf,/Users/lyndon/All reviewers/-LET REVIEWER 2026/C. MAJOR SUBJECTS/I. EARLY CHILDHOOD EDUCATION/DRILLS/EARLY CHILDHOOD ED. PART 5.pdf," When a teacher provides more difficult tasks as a child’s ability increases, this follows which concept?",,,Scaffolding,,ZPD (Zone of Proximal Development),,Cognitive equilibrium,,Social learning,,,,B,Correct answer sourced from the PDF answer key: B.,LET Secondary,Early Childhood Education,Early Childhood Education,3,No,,0.96,Ready for Upload,LET Secondary Early Childhood Education Q&A. Correct answer sourced from PDF answer key.
331,6,1,EARLY CHILDHOOD ED. PART 5.pdf,/Users/lyndon/All reviewers/-LET REVIEWER 2026/C. MAJOR SUBJECTS/I. EARLY CHILDHOOD EDUCATION/DRILLS/EARLY CHILDHOOD ED. PART 5.pdf," When a preschool child engages in pretend play, he or she is in which of Piaget’s stages?",,,Sensorimotor,,Preoperational,,Concrete operational,,Formal operational,,,,B,Correct answer sourced from the PDF answer key: B.,LET Secondary,Early Childhood Education,Early Childhood Education,3,No,,0.96,Ready for Upload,LET Secondary Early Childhood Education Q&A. Correct answer sourced from PDF answer key.
332,7,1,EARLY CHILDHOOD ED. PART 5.pdf,/Users/lyndon/All reviewers/-LET REVIEWER 2026/C. MAJOR SUBJECTS/I. EARLY CHILDHOOD EDUCATION/DRILLS/EARLY CHILDHOOD ED. PART 5.pdf, The term “developmentally appropriate practice” means that learning activities are:,,,"Based on children’s age, needs, and abilities",,Aligned only with academic expectations,,Standardized for all,,Teacher-directed,,,,A,Correct answer sourced from the PDF answer key: A.,LET Secondary,Early Childhood Education,Early Childhood Education,3,No,,0.96,Ready for Upload,LET Secondary Early Childhood Education Q&A. Correct answer sourced from PDF answer key.
333,8,1,EARLY CHILDHOOD ED. PART 5.pdf,/Users/lyndon/All reviewers/-LET REVIEWER 2026/C. MAJOR SUBJECTS/I. EARLY CHILDHOOD EDUCATION/DRILLS/EARLY CHILDHOOD ED. PART 5.pdf, Which activity best develops fine motor skills?,,,Climbing stairs,,Coloring pictures,,Running outside,,Throwing a ball,,,,B,Correct answer sourced from the PDF answer key: B.,LET Secondary,Early Childhood Education,Early Childhood Education,3,No,,0.96,Ready for Upload,LET Secondary Early Childhood Education Q&A. Correct answer sourced from PDF answer key.
334,9,1,EARLY CHILDHOOD ED. PART 5.pdf,/Users/lyndon/All reviewers/-LET REVIEWER 2026/C. MAJOR SUBJECTS/I. EARLY CHILDHOOD EDUCATION/DRILLS/EARLY CHILDHOOD ED. PART 5.pdf," According to Erikson, the stage of initiative vs. guilt occurs during:",,,Infancy,,Early childhood,,Middle childhood,,Adolescence,,,,B,Correct answer sourced from the PDF answer key: B.,LET Secondary,Early Childhood Education,Early Childhood Education,3,No,,0.96,Ready for Upload,LET Secondary Early Childhood Education Q&A. Correct answer sourced from PDF answer key.
335,10,1,EARLY CHILDHOOD ED. PART 5.pdf,/Users/lyndon/All reviewers/-LET REVIEWER 2026/C. MAJOR SUBJECTS/I. EARLY CHILDHOOD EDUCATION/DRILLS/EARLY CHILDHOOD ED. PART 5.pdf, A 5-year-old who can wait for his turn during a game is showing:,,,Impulse control and social maturity,,Lack of initiative,,Disinterest,,Regression Ultimate LET Reviewer 2025/2026 Brilliant Teach PH Reviewer,,,,A,Correct answer sourced from the PDF answer key: A.,LET Secondary,Early Childhood Education,Early Childhood Education,3,No,,0.96,Ready for Upload,LET Secondary Early Childhood Education Q&A. Correct answer sourced from PDF answer key.
336,11,2,EARLY CHILDHOOD ED. PART 5.pdf,/Users/lyndon/All reviewers/-LET REVIEWER 2026/C. MAJOR SUBJECTS/I. EARLY CHILDHOOD EDUCATION/DRILLS/EARLY CHILDHOOD ED. PART 5.pdf, What is the most appropriate discipline strategy for preschoolers?,,,Using time-outs frequently,,Modeling and positive guidance,,Scolding in front of others,,Ignoring misbehavior,,,,B,Correct answer sourced from the PDF answer key: B.,LET Secondary,Early Childhood Education,Early Childhood Education,3,No,,0.96,Ready for Upload,LET Secondary Early Childhood Education Q&A. Correct answer sourced from PDF answer key.
337,12,2,EARLY CHILDHOOD ED. PART 5.pdf,/Users/lyndon/All reviewers/-LET REVIEWER 2026/C. MAJOR SUBJECTS/I. EARLY CHILDHOOD EDUCATION/DRILLS/EARLY CHILDHOOD ED. PART 5.pdf, The principle that “learning occurs best through active participation” reflects which approach?,,,Montessori approach,,Constructivist approach,,Behaviorist approach,,Traditional approach,,,,B,Correct answer sourced from the PDF answer key: B.,LET Secondary,Early Childhood Education,Early Childhood Education,3,No,,0.96,Ready for Upload,LET Secondary Early Childhood Education Q&A. Correct answer sourced from PDF answer key.
338,13,2,EARLY CHILDHOOD ED. PART 5.pdf,/Users/lyndon/All reviewers/-LET REVIEWER 2026/C. MAJOR SUBJECTS/I. EARLY CHILDHOOD EDUCATION/DRILLS/EARLY CHILDHOOD ED. PART 5.pdf, The child’s first language should be used in early learning because:,,,It strengthens comprehension and identity,,It slows down English learning,,It causes confusion,,It limits vocabulary,,,,A,Correct answer sourced from the PDF answer key: A.,LET Secondary,Early Childhood Education,Early Childhood Education,3,No,,0.96,Ready for Upload,LET Secondary Early Childhood Education Q&A. Correct answer sourced from PDF answer key.
339,14,2,EARLY CHILDHOOD ED. PART 5.pdf,/Users/lyndon/All reviewers/-LET REVIEWER 2026/C. MAJOR SUBJECTS/I. EARLY CHILDHOOD EDUCATION/DRILLS/EARLY CHILDHOOD ED. PART 5.pdf, Which of the following is a characteristic of play-based learning?,,,Child-initiated and exploratory,,Rigid and structured,,Teacher-dominated,,Quiet and passive,,,,A,Correct answer sourced from the PDF answer key: A.,LET Secondary,Early Childhood Education,Early Childhood Education,3,No,,0.96,Ready for Upload,LET Secondary Early Childhood Education Q&A. Correct answer sourced from PDF answer key.
340,15,2,EARLY CHILDHOOD ED. PART 5.pdf,/Users/lyndon/All reviewers/-LET REVIEWER 2026/C. MAJOR SUBJECTS/I. EARLY CHILDHOOD EDUCATION/DRILLS/EARLY CHILDHOOD ED. PART 5.pdf," When a child uses both hands to string beads, he/she is developing:",,,Bilateral coordination,,Gross motor coordination,,Balance,,Flexibility,,,,A,Correct answer sourced from the PDF answer key: A.,LET Secondary,Early Childhood Education,Early Childhood Education,3,No,,0.96,Ready for Upload,LET Secondary Early Childhood Education Q&A. Correct answer sourced from PDF answer key.
341,16,2,EARLY CHILDHOOD ED. PART 5.pdf,/Users/lyndon/All reviewers/-LET REVIEWER 2026/C. MAJOR SUBJECTS/I. EARLY CHILDHOOD EDUCATION/DRILLS/EARLY CHILDHOOD ED. PART 5.pdf, The best example of authentic assessment in preschool is:,,,Observing children during play,,Conducting a quiz,,Administering a written exam,,Timed seatwork,,,,A,Correct answer sourced from the PDF answer key: A.,LET Secondary,Early Childhood Education,Early Childhood Education,3,No,,0.96,Ready for Upload,LET Secondary Early Childhood Education Q&A. Correct answer sourced from PDF answer key.
342,17,2,EARLY CHILDHOOD ED. PART 5.pdf,/Users/lyndon/All reviewers/-LET REVIEWER 2026/C. MAJOR SUBJECTS/I. EARLY CHILDHOOD EDUCATION/DRILLS/EARLY CHILDHOOD ED. PART 5.pdf, A preschool program that incorporates values and local stories is promoting:,,,Cultural relevance,,Western influence,,Academic competition,,Technological integration,,,,A,Correct answer sourced from the PDF answer key: A.,LET Secondary,Early Childhood Education,Early Childhood Education,3,No,,0.96,Ready for Upload,LET Secondary Early Childhood Education Q&A. Correct answer sourced from PDF answer key.
343,18,2,EARLY CHILDHOOD ED. PART 5.pdf,/Users/lyndon/All reviewers/-LET REVIEWER 2026/C. MAJOR SUBJECTS/I. EARLY CHILDHOOD EDUCATION/DRILLS/EARLY CHILDHOOD ED. PART 5.pdf, What is the teacher’s role in scaffolding learning?,,,Give support then gradually withdraw as competence increases,,Give minimal direction,,Provide lectures,,Leave learners on their own,,,,A,Correct answer sourced from the PDF answer key: A.,LET Secondary,Early Childhood Education,Early Childhood Education,3,No,,0.96,Ready for Upload,LET Secondary Early Childhood Education Q&A. Correct answer sourced from PDF answer key.
344,19,2,EARLY CHILDHOOD ED. PART 5.pdf,/Users/lyndon/All reviewers/-LET REVIEWER 2026/C. MAJOR SUBJECTS/I. EARLY CHILDHOOD EDUCATION/DRILLS/EARLY CHILDHOOD ED. PART 5.pdf, The preschool environment should be:,,,"Safe, colorful, and child-centered",,Quiet and teacher-focused,,Restrictive and controlled,,Plain and empty,,,,A,Correct answer sourced from the PDF answer key: A.,LET Secondary,Early Childhood Education,Early Childhood Education,3,No,,0.96,Ready for Upload,LET Secondary Early Childhood Education Q&A. Correct answer sourced from PDF answer key.
345,20,2,EARLY CHILDHOOD ED. PART 5.pdf,/Users/lyndon/All reviewers/-LET REVIEWER 2026/C. MAJOR SUBJECTS/I. EARLY CHILDHOOD EDUCATION/DRILLS/EARLY CHILDHOOD ED. PART 5.pdf, A 3-year-old who starts saying “mine” is demonstrating:,,,Egocentrism,,Shyness,,Social withdrawal,,Emotional maturity,,,,A,Correct answer sourced from the PDF answer key: A.,LET Secondary,Early Childhood Education,Early Childhood Education,3,No,,0.96,Ready for Upload,LET Secondary Early Childhood Education Q&A. Correct answer sourced from PDF answer key.
346,21,2,EARLY CHILDHOOD ED. PART 5.pdf,/Users/lyndon/All reviewers/-LET REVIEWER 2026/C. MAJOR SUBJECTS/I. EARLY CHILDHOOD EDUCATION/DRILLS/EARLY CHILDHOOD ED. PART 5.pdf, Which teaching strategy promotes emergent literacy?,,,Reading aloud and interactive storytelling,,Spelling drills,,Copying from the board,,Repetition of letters only,,,,A,Correct answer sourced from the PDF answer key: A.,LET Secondary,Early Childhood Education,Early Childhood Education,3,No,,0.96,Ready for Upload,LET Secondary Early Childhood Education Q&A. Correct answer sourced from PDF answer key.
347,22,2,EARLY CHILDHOOD ED. PART 5.pdf,/Users/lyndon/All reviewers/-LET REVIEWER 2026/C. MAJOR SUBJECTS/I. EARLY CHILDHOOD EDUCATION/DRILLS/EARLY CHILDHOOD ED. PART 5.pdf, The teacher encourages children to sort leaves by size and color. This develops:,,,Logical and classification skills,,Emotional awareness Ultimate LET Reviewer 2025/2026 Brilliant Teach PH Reviewer,,Creativity only,,Musical intelligence,,,,A,Correct answer sourced from the PDF answer key: A.,LET Secondary,Early Childhood Education,Early Childhood Education,3,No,,0.96,Ready for Upload,LET Secondary Early Childhood Education Q&A. Correct answer sourced from PDF answer key.
348,23,3,EARLY CHILDHOOD ED. PART 5.pdf,/Users/lyndon/All reviewers/-LET REVIEWER 2026/C. MAJOR SUBJECTS/I. EARLY CHILDHOOD EDUCATION/DRILLS/EARLY CHILDHOOD ED. PART 5.pdf, A teacher collaborates with parents to monitor a child’s progress. This demonstrates:,,,Family-school partnership,,Teacher authority,,Independence,,Institutional control,,,,A,Correct answer sourced from the PDF answer key: A.,LET Secondary,Early Childhood Education,Early Childhood Education,3,No,,0.96,Ready for Upload,LET Secondary Early Childhood Education Q&A. Correct answer sourced from PDF answer key.
349,24,3,EARLY CHILDHOOD ED. PART 5.pdf,/Users/lyndon/All reviewers/-LET REVIEWER 2026/C. MAJOR SUBJECTS/I. EARLY CHILDHOOD EDUCATION/DRILLS/EARLY CHILDHOOD ED. PART 5.pdf," When a child expresses feelings through drawing, this is an example of:",,,Emotional expression through art,,Copying others’ work,,Memorization,,Conformity,,,,A,Correct answer sourced from the PDF answer key: A.,LET Secondary,Early Childhood Education,Early Childhood Education,3,No,,0.96,Ready for Upload,LET Secondary Early Childhood Education Q&A. Correct answer sourced from PDF answer key.
350,25,3,EARLY CHILDHOOD ED. PART 5.pdf,/Users/lyndon/All reviewers/-LET REVIEWER 2026/C. MAJOR SUBJECTS/I. EARLY CHILDHOOD EDUCATION/DRILLS/EARLY CHILDHOOD ED. PART 5.pdf, The best indicator that a classroom promotes inclusivity is when:,,,"All children, regardless of ability, participate fully",,Only advanced learners are prioritized,,Some are separated by ability,,Students compete constantly,,,,A,Correct answer sourced from the PDF answer key: A.,LET Secondary,Early Childhood Education,Early Childhood Education,3,No,,0.96,Ready for Upload,LET Secondary Early Childhood Education Q&A. Correct answer sourced from PDF answer key.
351,26,3,EARLY CHILDHOOD ED. PART 5.pdf,/Users/lyndon/All reviewers/-LET REVIEWER 2026/C. MAJOR SUBJECTS/I. EARLY CHILDHOOD EDUCATION/DRILLS/EARLY CHILDHOOD ED. PART 5.pdf, The principle “children learn best when actively engaged” is emphasized by:,,,John Dewey,,Jean Piaget,,B.F. Skinner,,Sigmund Freud,,,,A,Correct answer sourced from the PDF answer key: A.,LET Secondary,Early Childhood Education,Early Childhood Education,3,No,,0.96,Ready for Upload,LET Secondary Early Childhood Education Q&A. Correct answer sourced from PDF answer key.
352,27,3,EARLY CHILDHOOD ED. PART 5.pdf,/Users/lyndon/All reviewers/-LET REVIEWER 2026/C. MAJOR SUBJECTS/I. EARLY CHILDHOOD EDUCATION/DRILLS/EARLY CHILDHOOD ED. PART 5.pdf," A teacher allows children to explore water, sand, and soil. This develops:",,,Sensory and discovery learning,,Memorization,,Logical reasoning only,,Auditory skills,,,,A,Correct answer sourced from the PDF answer key: A.,LET Secondary,Early Childhood Education,Early Childhood Education,3,No,,0.96,Ready for Upload,LET Secondary Early Childhood Education Q&A. Correct answer sourced from PDF answer key.
353,28,3,EARLY CHILDHOOD ED. PART 5.pdf,/Users/lyndon/All reviewers/-LET REVIEWER 2026/C. MAJOR SUBJECTS/I. EARLY CHILDHOOD EDUCATION/DRILLS/EARLY CHILDHOOD ED. PART 5.pdf, A 4-year-old child enjoys looking at picture books and retelling stories. This is a sign of:,,,Early reading readiness,,Memorization,,Overexposure,,Repetition,,,,A,Correct answer sourced from the PDF answer key: A.,LET Secondary,Early Childhood Education,Early Childhood Education,3,No,,0.96,Ready for Upload,LET Secondary Early Childhood Education Q&A. Correct answer sourced from PDF answer key.
354,29,3,EARLY CHILDHOOD ED. PART 5.pdf,/Users/lyndon/All reviewers/-LET REVIEWER 2026/C. MAJOR SUBJECTS/I. EARLY CHILDHOOD EDUCATION/DRILLS/EARLY CHILDHOOD ED. PART 5.pdf," When a child begins to share and cooperate, this shows progress in which area?",,,Social-emotional development,,Physical development,,Cognitive development,,Moral development,,,,A,Correct answer sourced from the PDF answer key: A.,LET Secondary,Early Childhood Education,Early Childhood Education,3,No,,0.96,Ready for Upload,LET Secondary Early Childhood Education Q&A. Correct answer sourced from PDF answer key.
355,30,3,EARLY CHILDHOOD ED. PART 5.pdf,/Users/lyndon/All reviewers/-LET REVIEWER 2026/C. MAJOR SUBJECTS/I. EARLY CHILDHOOD EDUCATION/DRILLS/EARLY CHILDHOOD ED. PART 5.pdf, A child who insists on trying to dress alone shows:,,,Developing autonomy,,Defiance,,Regression,,Lack of focus,,,,A,Correct answer sourced from the PDF answer key: A.,LET Secondary,Early Childhood Education,Early Childhood Education,3,No,,0.96,Ready for Upload,LET Secondary Early Childhood Education Q&A. Correct answer sourced from PDF answer key.
356,31,3,EARLY CHILDHOOD ED. PART 5.pdf,/Users/lyndon/All reviewers/-LET REVIEWER 2026/C. MAJOR SUBJECTS/I. EARLY CHILDHOOD EDUCATION/DRILLS/EARLY CHILDHOOD ED. PART 5.pdf, The teacher observes a child solving a simple puzzle. This demonstrates:,,,Problem-solving and logical thinking,,Social dependence,,Lack of attention,,Repetition,,,,A,Correct answer sourced from the PDF answer key: A.,LET Secondary,Early Childhood Education,Early Childhood Education,3,No,,0.96,Ready for Upload,LET Secondary Early Childhood Education Q&A. Correct answer sourced from PDF answer key.
357,32,3,EARLY CHILDHOOD ED. PART 5.pdf,/Users/lyndon/All reviewers/-LET REVIEWER 2026/C. MAJOR SUBJECTS/I. EARLY CHILDHOOD EDUCATION/DRILLS/EARLY CHILDHOOD ED. PART 5.pdf, Which is the most appropriate form of assessment documentation?,,,Anecdotal records and portfolio samples,,Test results only,,Weekly grades,,Checklists alone,,,,A,Correct answer sourced from the PDF answer key: A.,LET Secondary,Early Childhood Education,Early Childhood Education,3,No,,0.96,Ready for Upload,LET Secondary Early Childhood Education Q&A. Correct answer sourced from PDF answer key.
358,33,3,EARLY CHILDHOOD ED. PART 5.pdf,/Users/lyndon/All reviewers/-LET REVIEWER 2026/C. MAJOR SUBJECTS/I. EARLY CHILDHOOD EDUCATION/DRILLS/EARLY CHILDHOOD ED. PART 5.pdf, A 5-year-old who draws people with five body parts demonstrates:,,,Growth in symbolic representation,,Artistic weakness,,Visual error,,Confusion Ultimate LET Reviewer 2025/2026 Brilliant Teach PH Reviewer,,,,A,Correct answer sourced from the PDF answer key: A.,LET Secondary,Early Childhood Education,Early Childhood Education,3,No,,0.96,Ready for Upload,LET Secondary Early Childhood Education Q&A. Correct answer sourced from PDF answer key.
359,34,4,EARLY CHILDHOOD ED. PART 5.pdf,/Users/lyndon/All reviewers/-LET REVIEWER 2026/C. MAJOR SUBJECTS/I. EARLY CHILDHOOD EDUCATION/DRILLS/EARLY CHILDHOOD ED. PART 5.pdf, The “whole child” philosophy of early education focuses on:,,,All domains of development equally,,Academic skills only,,Discipline and memorization,,Competition and ranking,,,,A,Correct answer sourced from the PDF answer key: A.,LET Secondary,Early Childhood Education,Early Childhood Education,3,No,,0.96,Ready for Upload,LET Secondary Early Childhood Education Q&A. Correct answer sourced from PDF answer key.
360,35,4,EARLY CHILDHOOD ED. PART 5.pdf,/Users/lyndon/All reviewers/-LET REVIEWER 2026/C. MAJOR SUBJECTS/I. EARLY CHILDHOOD EDUCATION/DRILLS/EARLY CHILDHOOD ED. PART 5.pdf, The use of real-life experiences like market visits supports:,,,Experiential learning,,Abstract reasoning,,Quiet study,,Theory memorization,,,,A,Correct answer sourced from the PDF answer key: A.,LET Secondary,Early Childhood Education,Early Childhood Education,3,No,,0.96,Ready for Upload,LET Secondary Early Childhood Education Q&A. Correct answer sourced from PDF answer key.
361,36,4,EARLY CHILDHOOD ED. PART 5.pdf,/Users/lyndon/All reviewers/-LET REVIEWER 2026/C. MAJOR SUBJECTS/I. EARLY CHILDHOOD EDUCATION/DRILLS/EARLY CHILDHOOD ED. PART 5.pdf, A child who understands classroom rules and fairness shows:,,,Moral reasoning,,Cognitive delay,,Emotional withdrawal,,Overdependence,,,,A,Correct answer sourced from the PDF answer key: A.,LET Secondary,Early Childhood Education,Early Childhood Education,3,No,,0.96,Ready for Upload,LET Secondary Early Childhood Education Q&A. Correct answer sourced from PDF answer key.
362,37,4,EARLY CHILDHOOD ED. PART 5.pdf,/Users/lyndon/All reviewers/-LET REVIEWER 2026/C. MAJOR SUBJECTS/I. EARLY CHILDHOOD EDUCATION/DRILLS/EARLY CHILDHOOD ED. PART 5.pdf," When children sing songs while counting, they are engaging in:",,,Multisensory learning,,Silent memorization,,Abstract reasoning,,Drill-based practice,,,,A,Correct answer sourced from the PDF answer key: A.,LET Secondary,Early Childhood Education,Early Childhood Education,3,No,,0.96,Ready for Upload,LET Secondary Early Childhood Education Q&A. Correct answer sourced from PDF answer key.
363,38,4,EARLY CHILDHOOD ED. PART 5.pdf,/Users/lyndon/All reviewers/-LET REVIEWER 2026/C. MAJOR SUBJECTS/I. EARLY CHILDHOOD EDUCATION/DRILLS/EARLY CHILDHOOD ED. PART 5.pdf, The teacher’s feedback should always be:,,,"Positive, constructive, and encouraging",,Critical,,Publicly corrective,,Ignored,,,,A,Correct answer sourced from the PDF answer key: A.,LET Secondary,Early Childhood Education,Early Childhood Education,3,No,,0.96,Ready for Upload,LET Secondary Early Childhood Education Q&A. Correct answer sourced from PDF answer key.
364,39,4,EARLY CHILDHOOD ED. PART 5.pdf,/Users/lyndon/All reviewers/-LET REVIEWER 2026/C. MAJOR SUBJECTS/I. EARLY CHILDHOOD EDUCATION/DRILLS/EARLY CHILDHOOD ED. PART 5.pdf, What is the purpose of routine in a preschool schedule?,,,To create predictability and security,,To limit exploration,,To control noise,,To test obedience,,,,A,Correct answer sourced from the PDF answer key: A.,LET Secondary,Early Childhood Education,Early Childhood Education,3,No,,0.96,Ready for Upload,LET Secondary Early Childhood Education Q&A. Correct answer sourced from PDF answer key.
365,40,4,EARLY CHILDHOOD ED. PART 5.pdf,/Users/lyndon/All reviewers/-LET REVIEWER 2026/C. MAJOR SUBJECTS/I. EARLY CHILDHOOD EDUCATION/DRILLS/EARLY CHILDHOOD ED. PART 5.pdf," When a child learns from observing others, this reflects:",,,Social learning theory,,Constructivism,,Behaviorism,,Maturation theory,,,,A,Correct answer sourced from the PDF answer key: A.,LET Secondary,Early Childhood Education,Early Childhood Education,3,No,,0.96,Ready for Upload,LET Secondary Early Childhood Education Q&A. Correct answer sourced from PDF answer key.
366,41,4,EARLY CHILDHOOD ED. PART 5.pdf,/Users/lyndon/All reviewers/-LET REVIEWER 2026/C. MAJOR SUBJECTS/I. EARLY CHILDHOOD EDUCATION/DRILLS/EARLY CHILDHOOD ED. PART 5.pdf, The teacher introduces counting using actual toys. This supports:,,,Concrete learning,,Abstract concepts only,,Repetition,,Symbolic play,,,,A,Correct answer sourced from the PDF answer key: A.,LET Secondary,Early Childhood Education,Early Childhood Education,3,No,,0.96,Ready for Upload,LET Secondary Early Childhood Education Q&A. Correct answer sourced from PDF answer key.
367,42,4,EARLY CHILDHOOD ED. PART 5.pdf,/Users/lyndon/All reviewers/-LET REVIEWER 2026/C. MAJOR SUBJECTS/I. EARLY CHILDHOOD EDUCATION/DRILLS/EARLY CHILDHOOD ED. PART 5.pdf," When a child retells a story in sequence, it shows:",,,Comprehension and recall,,Memorization only,,Copying,,Guessing,,,,A,Correct answer sourced from the PDF answer key: A.,LET Secondary,Early Childhood Education,Early Childhood Education,3,No,,0.96,Ready for Upload,LET Secondary Early Childhood Education Q&A. Correct answer sourced from PDF answer key.
368,43,4,EARLY CHILDHOOD ED. PART 5.pdf,/Users/lyndon/All reviewers/-LET REVIEWER 2026/C. MAJOR SUBJECTS/I. EARLY CHILDHOOD EDUCATION/DRILLS/EARLY CHILDHOOD ED. PART 5.pdf, Which type of play involves watching others but not joining in?,,,Onlooker play,,Cooperative play,,Parallel play,,Associative play,,,,A,Correct answer sourced from the PDF answer key: A.,LET Secondary,Early Childhood Education,Early Childhood Education,3,No,,0.96,Ready for Upload,LET Secondary Early Childhood Education Q&A. Correct answer sourced from PDF answer key.
369,44,4,EARLY CHILDHOOD ED. PART 5.pdf,/Users/lyndon/All reviewers/-LET REVIEWER 2026/C. MAJOR SUBJECTS/I. EARLY CHILDHOOD EDUCATION/DRILLS/EARLY CHILDHOOD ED. PART 5.pdf, The principle of readiness means that:,,,Learning happens when a child is physically and mentally prepared,,Children can learn anything anytime,,Teachers decide when learning starts,,Learning is automatic,,,,A,Correct answer sourced from the PDF answer key: A.,LET Secondary,Early Childhood Education,Early Childhood Education,3,No,,0.96,Ready for Upload,LET Secondary Early Childhood Education Q&A. Correct answer sourced from PDF answer key.
370,45,4,EARLY CHILDHOOD ED. PART 5.pdf,/Users/lyndon/All reviewers/-LET REVIEWER 2026/C. MAJOR SUBJECTS/I. EARLY CHILDHOOD EDUCATION/DRILLS/EARLY CHILDHOOD ED. PART 5.pdf," In a multicultural classroom, teachers should:",,,Respect and integrate different cultural backgrounds,,Focus on one dominant culture Ultimate LET Reviewer 2025/2026 Brilliant Teach PH Reviewer,,Ignore diversity,,Separate cultural groups,,,,A,Correct answer sourced from the PDF answer key: A.,LET Secondary,Early Childhood Education,Early Childhood Education,3,No,,0.96,Ready for Upload,LET Secondary Early Childhood Education Q&A. Correct answer sourced from PDF answer key.
371,46,5,EARLY CHILDHOOD ED. PART 5.pdf,/Users/lyndon/All reviewers/-LET REVIEWER 2026/C. MAJOR SUBJECTS/I. EARLY CHILDHOOD EDUCATION/DRILLS/EARLY CHILDHOOD ED. PART 5.pdf, Assessment in early childhood should primarily be:,,,"Continuous, formative, and child-centered",,Standardized,,Competitive,,Occasional only,,,,A,Correct answer sourced from the PDF answer key: A.,LET Secondary,Early Childhood Education,Early Childhood Education,3,No,,0.96,Ready for Upload,LET Secondary Early Childhood Education Q&A. Correct answer sourced from PDF answer key.
372,47,5,EARLY CHILDHOOD ED. PART 5.pdf,/Users/lyndon/All reviewers/-LET REVIEWER 2026/C. MAJOR SUBJECTS/I. EARLY CHILDHOOD EDUCATION/DRILLS/EARLY CHILDHOOD ED. PART 5.pdf, A 4-year-old who builds a tower of 10 blocks demonstrates:,,,Fine motor and spatial reasoning skills,,Emotional stability,,Physical imbalance,,Abstract reasoning,,,,A,Correct answer sourced from the PDF answer key: A.,LET Secondary,Early Childhood Education,Early Childhood Education,3,No,,0.96,Ready for Upload,LET Secondary Early Childhood Education Q&A. Correct answer sourced from PDF answer key.
373,48,5,EARLY CHILDHOOD ED. PART 5.pdf,/Users/lyndon/All reviewers/-LET REVIEWER 2026/C. MAJOR SUBJECTS/I. EARLY CHILDHOOD EDUCATION/DRILLS/EARLY CHILDHOOD ED. PART 5.pdf, A teacher encourages a child to verbalize feelings after conflict. This fosters:,,,Emotional literacy,,Avoidance,,Competition,,Silence,,,,A,Correct answer sourced from the PDF answer key: A.,LET Secondary,Early Childhood Education,Early Childhood Education,3,No,,0.96,Ready for Upload,LET Secondary Early Childhood Education Q&A. Correct answer sourced from PDF answer key.
374,49,5,EARLY CHILDHOOD ED. PART 5.pdf,/Users/lyndon/All reviewers/-LET REVIEWER 2026/C. MAJOR SUBJECTS/I. EARLY CHILDHOOD EDUCATION/DRILLS/EARLY CHILDHOOD ED. PART 5.pdf, A learning environment that allows children to choose materials encourages:,,,Independence and decision-making,,Dependence on the teacher,,Rigid routines,,Uniformity,,,,A,Correct answer sourced from the PDF answer key: A.,LET Secondary,Early Childhood Education,Early Childhood Education,3,No,,0.96,Ready for Upload,LET Secondary Early Childhood Education Q&A. Correct answer sourced from PDF answer key.
375,50,5,EARLY CHILDHOOD ED. PART 5.pdf,/Users/lyndon/All reviewers/-LET REVIEWER 2026/C. MAJOR SUBJECTS/I. EARLY CHILDHOOD EDUCATION/DRILLS/EARLY CHILDHOOD ED. PART 5.pdf, The central goal of Early Childhood Education is to:,,,Develop the whole child in all domains,,Prepare for academic exams,,Promote competition,,Focus on memorization Ultimate LET Reviewer 2025/2026 Brilliant Teach PH Reviewer LET Reviewer Early Childhood Education Part 5 2025/2026,,,,A,Correct answer sourced from the PDF answer key: A.,LET Secondary,Early Childhood Education,Early Childhood Education,3,No,,0.96,Ready for Upload,LET Secondary Early Childhood Education Q&A. Correct answer sourced from PDF answer key.
376,1,1,EARLY CHILDHOOD ED. PART 6.pdf,/Users/lyndon/All reviewers/-LET REVIEWER 2026/C. MAJOR SUBJECTS/I. EARLY CHILDHOOD EDUCATION/DRILLS/EARLY CHILDHOOD ED. PART 6.pdf, Early Childhood Education primarily focuses on the development of children aged:,,,0–3 years,,3–8 years,,9–12 years,,13–16 years,,,,B,Correct answer sourced from the PDF answer key: B.,LET Secondary,Early Childhood Education,Early Childhood Education,3,No,,0.96,Ready for Upload,LET Secondary Early Childhood Education Q&A. Correct answer sourced from PDF answer key.
377,2,1,EARLY CHILDHOOD ED. PART 6.pdf,/Users/lyndon/All reviewers/-LET REVIEWER 2026/C. MAJOR SUBJECTS/I. EARLY CHILDHOOD EDUCATION/DRILLS/EARLY CHILDHOOD ED. PART 6.pdf, Which principle emphasizes that children develop at different rates?,,,Principle of readiness,,Principle of individual differences,,Principle of maturity,,Principle of motivation,,,,B,Correct answer sourced from the PDF answer key: B.,LET Secondary,Early Childhood Education,Early Childhood Education,3,No,,0.96,Ready for Upload,LET Secondary Early Childhood Education Q&A. Correct answer sourced from PDF answer key.
378,3,1,EARLY CHILDHOOD ED. PART 6.pdf,/Users/lyndon/All reviewers/-LET REVIEWER 2026/C. MAJOR SUBJECTS/I. EARLY CHILDHOOD EDUCATION/DRILLS/EARLY CHILDHOOD ED. PART 6.pdf, The best way to introduce writing in preschool is by:,,,Forcing correct letter formation early,,Allowing scribbles and free drawing as prewriting,,Giving worksheets daily,,Correcting every mistake,,,,B,Correct answer sourced from the PDF answer key: B.,LET Secondary,Early Childhood Education,Early Childhood Education,3,No,,0.96,Ready for Upload,LET Secondary Early Childhood Education Q&A. Correct answer sourced from PDF answer key.
379,4,1,EARLY CHILDHOOD ED. PART 6.pdf,/Users/lyndon/All reviewers/-LET REVIEWER 2026/C. MAJOR SUBJECTS/I. EARLY CHILDHOOD EDUCATION/DRILLS/EARLY CHILDHOOD ED. PART 6.pdf," In Erikson’s stage of autonomy vs. shame and doubt, the teacher should:",,,Discourage independence,,Encourage self-help skills,,Focus only on academics,,Avoid giving tasks,,,,B,Correct answer sourced from the PDF answer key: B.,LET Secondary,Early Childhood Education,Early Childhood Education,3,No,,0.96,Ready for Upload,LET Secondary Early Childhood Education Q&A. Correct answer sourced from PDF answer key.
380,5,1,EARLY CHILDHOOD ED. PART 6.pdf,/Users/lyndon/All reviewers/-LET REVIEWER 2026/C. MAJOR SUBJECTS/I. EARLY CHILDHOOD EDUCATION/DRILLS/EARLY CHILDHOOD ED. PART 6.pdf, A child who is curious and constantly explores objects shows:,,,Cognitive curiosity and active learning,,Hyperactivity,,Misbehavior,,Disinterest in structure,,,,A,Correct answer sourced from the PDF answer key: A.,LET Secondary,Early Childhood Education,Early Childhood Education,3,No,,0.96,Ready for Upload,LET Secondary Early Childhood Education Q&A. Correct answer sourced from PDF answer key.
381,6,1,EARLY CHILDHOOD ED. PART 6.pdf,/Users/lyndon/All reviewers/-LET REVIEWER 2026/C. MAJOR SUBJECTS/I. EARLY CHILDHOOD EDUCATION/DRILLS/EARLY CHILDHOOD ED. PART 6.pdf, Which is an example of a developmentally appropriate activity for a 4-year-old?,,,Solving complex puzzles,,Memorizing multiplication tables,,Sorting objects by shape and color,,Reading paragraphs aloud,,,,C,Correct answer sourced from the PDF answer key: C.,LET Secondary,Early Childhood Education,Early Childhood Education,3,No,,0.96,Ready for Upload,LET Secondary Early Childhood Education Q&A. Correct answer sourced from PDF answer key.
382,7,1,EARLY CHILDHOOD ED. PART 6.pdf,/Users/lyndon/All reviewers/-LET REVIEWER 2026/C. MAJOR SUBJECTS/I. EARLY CHILDHOOD EDUCATION/DRILLS/EARLY CHILDHOOD ED. PART 6.pdf, The major purpose of assessment in early childhood education is to:,,,Compare children to national standards,,Guide instruction and support individual growth,,Rank learners,,Measure competition,,,,B,Correct answer sourced from the PDF answer key: B.,LET Secondary,Early Childhood Education,Early Childhood Education,3,No,,0.96,Ready for Upload,LET Secondary Early Childhood Education Q&A. Correct answer sourced from PDF answer key.
383,8,1,EARLY CHILDHOOD ED. PART 6.pdf,/Users/lyndon/All reviewers/-LET REVIEWER 2026/C. MAJOR SUBJECTS/I. EARLY CHILDHOOD EDUCATION/DRILLS/EARLY CHILDHOOD ED. PART 6.pdf, A “print-rich environment” in a preschool classroom helps children develop:,,,Visual memory only,,Early literacy skills,,Mathematical reasoning,,Logical problem-solving,,,,B,Correct answer sourced from the PDF answer key: B.,LET Secondary,Early Childhood Education,Early Childhood Education,3,No,,0.96,Ready for Upload,LET Secondary Early Childhood Education Q&A. Correct answer sourced from PDF answer key.
384,9,1,EARLY CHILDHOOD ED. PART 6.pdf,/Users/lyndon/All reviewers/-LET REVIEWER 2026/C. MAJOR SUBJECTS/I. EARLY CHILDHOOD EDUCATION/DRILLS/EARLY CHILDHOOD ED. PART 6.pdf, Which theorist proposed the hierarchy of needs?,,,Jean Piaget,,Abraham Maslow,,Erik Erikson,,Lev Vygotsky,,,,B,Correct answer sourced from the PDF answer key: B.,LET Secondary,Early Childhood Education,Early Childhood Education,3,No,,0.96,Ready for Upload,LET Secondary Early Childhood Education Q&A. Correct answer sourced from PDF answer key.
385,10,1,EARLY CHILDHOOD ED. PART 6.pdf,/Users/lyndon/All reviewers/-LET REVIEWER 2026/C. MAJOR SUBJECTS/I. EARLY CHILDHOOD EDUCATION/DRILLS/EARLY CHILDHOOD ED. PART 6.pdf, A teacher using puppets to tell stories is integrating:,,,Play-based and expressive learning,,Drill method,,Silent reading,,Copy-paste activity,,,,A,Correct answer sourced from the PDF answer key: A.,LET Secondary,Early Childhood Education,Early Childhood Education,3,No,,0.96,Ready for Upload,LET Secondary Early Childhood Education Q&A. Correct answer sourced from PDF answer key.
386,11,1,EARLY CHILDHOOD ED. PART 6.pdf,/Users/lyndon/All reviewers/-LET REVIEWER 2026/C. MAJOR SUBJECTS/I. EARLY CHILDHOOD EDUCATION/DRILLS/EARLY CHILDHOOD ED. PART 6.pdf, The ECCD Curriculum Framework emphasizes:,,,Rote learning Ultimate LET Reviewer 2025/2026 Brilliant Teach PH Reviewer,,"Holistic, child-centered, and inclusive development",,Teacher-centered approach,,Academic acceleration,,,,B,Correct answer sourced from the PDF answer key: B.,LET Secondary,Early Childhood Education,Early Childhood Education,3,No,,0.96,Ready for Upload,LET Secondary Early Childhood Education Q&A. Correct answer sourced from PDF answer key.
387,12,2,EARLY CHILDHOOD ED. PART 6.pdf,/Users/lyndon/All reviewers/-LET REVIEWER 2026/C. MAJOR SUBJECTS/I. EARLY CHILDHOOD EDUCATION/DRILLS/EARLY CHILDHOOD ED. PART 6.pdf," When a child shows empathy toward a crying peer, it indicates:",,,Emotional maturity,,Lack of awareness,,Egocentrism,,Regression,,,,A,Correct answer sourced from the PDF answer key: A.,LET Secondary,Early Childhood Education,Early Childhood Education,3,No,,0.96,Ready for Upload,LET Secondary Early Childhood Education Q&A. Correct answer sourced from PDF answer key.
388,13,2,EARLY CHILDHOOD ED. PART 6.pdf,/Users/lyndon/All reviewers/-LET REVIEWER 2026/C. MAJOR SUBJECTS/I. EARLY CHILDHOOD EDUCATION/DRILLS/EARLY CHILDHOOD ED. PART 6.pdf, Which of the following shows readiness for formal reading?,,,Ability to sit quietly for long periods,,Recognizing sounds and letters,,Memorizing stories,,Repeating teacher’s words,,,,B,Correct answer sourced from the PDF answer key: B.,LET Secondary,Early Childhood Education,Early Childhood Education,3,No,,0.96,Ready for Upload,LET Secondary Early Childhood Education Q&A. Correct answer sourced from PDF answer key.
389,14,2,EARLY CHILDHOOD ED. PART 6.pdf,/Users/lyndon/All reviewers/-LET REVIEWER 2026/C. MAJOR SUBJECTS/I. EARLY CHILDHOOD EDUCATION/DRILLS/EARLY CHILDHOOD ED. PART 6.pdf," In the preschool classroom, routines are important because they:",,,Make children anxious,,Provide structure and predictability,,Limit exploration,,Encourage competition,,,,B,Correct answer sourced from the PDF answer key: B.,LET Secondary,Early Childhood Education,Early Childhood Education,3,No,,0.96,Ready for Upload,LET Secondary Early Childhood Education Q&A. Correct answer sourced from PDF answer key.
390,15,2,EARLY CHILDHOOD ED. PART 6.pdf,/Users/lyndon/All reviewers/-LET REVIEWER 2026/C. MAJOR SUBJECTS/I. EARLY CHILDHOOD EDUCATION/DRILLS/EARLY CHILDHOOD ED. PART 6.pdf, The main difference between preschool and elementary curriculum is that preschool:,,,Focuses on play and integrated learning,,Is test-based,,Uses lecture method,,Has fixed academic pacing,,,,A,Correct answer sourced from the PDF answer key: A.,LET Secondary,Early Childhood Education,Early Childhood Education,3,No,,0.96,Ready for Upload,LET Secondary Early Childhood Education Q&A. Correct answer sourced from PDF answer key.
391,16,2,EARLY CHILDHOOD ED. PART 6.pdf,/Users/lyndon/All reviewers/-LET REVIEWER 2026/C. MAJOR SUBJECTS/I. EARLY CHILDHOOD EDUCATION/DRILLS/EARLY CHILDHOOD ED. PART 6.pdf," According to Piaget, egocentrism is typical of which stage?",,,Sensorimotor,,Preoperational,,Concrete operational,,Formal operational,,,,B,Correct answer sourced from the PDF answer key: B.,LET Secondary,Early Childhood Education,Early Childhood Education,3,No,,0.96,Ready for Upload,LET Secondary Early Childhood Education Q&A. Correct answer sourced from PDF answer key.
392,17,2,EARLY CHILDHOOD ED. PART 6.pdf,/Users/lyndon/All reviewers/-LET REVIEWER 2026/C. MAJOR SUBJECTS/I. EARLY CHILDHOOD EDUCATION/DRILLS/EARLY CHILDHOOD ED. PART 6.pdf," When a child uses a broomstick as a horse during play, this demonstrates:",,,Symbolic thinking,,Lack of realism,,Confusion,,Literal learning,,,,A,Correct answer sourced from the PDF answer key: A.,LET Secondary,Early Childhood Education,Early Childhood Education,3,No,,0.96,Ready for Upload,LET Secondary Early Childhood Education Q&A. Correct answer sourced from PDF answer key.
393,18,2,EARLY CHILDHOOD ED. PART 6.pdf,/Users/lyndon/All reviewers/-LET REVIEWER 2026/C. MAJOR SUBJECTS/I. EARLY CHILDHOOD EDUCATION/DRILLS/EARLY CHILDHOOD ED. PART 6.pdf, The “learning centers” approach supports which principle?,,,Child-initiated and active learning,,Teacher-controlled instruction,,Silence and order,,Competition among learners,,,,A,Correct answer sourced from the PDF answer key: A.,LET Secondary,Early Childhood Education,Early Childhood Education,3,No,,0.96,Ready for Upload,LET Secondary Early Childhood Education Q&A. Correct answer sourced from PDF answer key.
394,19,2,EARLY CHILDHOOD ED. PART 6.pdf,/Users/lyndon/All reviewers/-LET REVIEWER 2026/C. MAJOR SUBJECTS/I. EARLY CHILDHOOD EDUCATION/DRILLS/EARLY CHILDHOOD ED. PART 6.pdf," A child who can skip, hop, and balance on one foot demonstrates:",,,Gross motor coordination,,Fine motor coordination,,Emotional readiness,,Social skill,,,,A,Correct answer sourced from the PDF answer key: A.,LET Secondary,Early Childhood Education,Early Childhood Education,3,No,,0.96,Ready for Upload,LET Secondary Early Childhood Education Q&A. Correct answer sourced from PDF answer key.
395,20,2,EARLY CHILDHOOD ED. PART 6.pdf,/Users/lyndon/All reviewers/-LET REVIEWER 2026/C. MAJOR SUBJECTS/I. EARLY CHILDHOOD EDUCATION/DRILLS/EARLY CHILDHOOD ED. PART 6.pdf, The role of play in learning is to:,,,Reinforce memorization,,Promote exploration and creativity,,Keep children busy,,Serve as a reward,,,,B,Correct answer sourced from the PDF answer key: B.,LET Secondary,Early Childhood Education,Early Childhood Education,3,No,,0.96,Ready for Upload,LET Secondary Early Childhood Education Q&A. Correct answer sourced from PDF answer key.
396,21,2,EARLY CHILDHOOD ED. PART 6.pdf,/Users/lyndon/All reviewers/-LET REVIEWER 2026/C. MAJOR SUBJECTS/I. EARLY CHILDHOOD EDUCATION/DRILLS/EARLY CHILDHOOD ED. PART 6.pdf, Which of the following best reflects inclusive education?,,,Only high achievers are enrolled,,"All children, regardless of ability, learn together",,Segregation of special children,,Advanced curriculum for selected learners,,,,B,Correct answer sourced from the PDF answer key: B.,LET Secondary,Early Childhood Education,Early Childhood Education,3,No,,0.96,Ready for Upload,LET Secondary Early Childhood Education Q&A. Correct answer sourced from PDF answer key.
397,22,2,EARLY CHILDHOOD ED. PART 6.pdf,/Users/lyndon/All reviewers/-LET REVIEWER 2026/C. MAJOR SUBJECTS/I. EARLY CHILDHOOD EDUCATION/DRILLS/EARLY CHILDHOOD ED. PART 6.pdf, A child who can name basic colors and shapes is developing:,,,Cognitive recognition,,Emotional intelligence,,Physical coordination,,Language articulation Ultimate LET Reviewer 2025/2026 Brilliant Teach PH Reviewer,,,,A,Correct answer sourced from the PDF answer key: A.,LET Secondary,Early Childhood Education,Early Childhood Education,3,No,,0.96,Ready for Upload,LET Secondary Early Childhood Education Q&A. Correct answer sourced from PDF answer key.
398,23,3,EARLY CHILDHOOD ED. PART 6.pdf,/Users/lyndon/All reviewers/-LET REVIEWER 2026/C. MAJOR SUBJECTS/I. EARLY CHILDHOOD EDUCATION/DRILLS/EARLY CHILDHOOD ED. PART 6.pdf, A teacher observes that a child speaks well but rarely interacts with others. What should be encouraged?,,,Cooperative play opportunities,,More worksheets,,Individual seatwork,,Reading tests,,,,A,Correct answer sourced from the PDF answer key: A.,LET Secondary,Early Childhood Education,Early Childhood Education,3,No,,0.96,Ready for Upload,LET Secondary Early Childhood Education Q&A. Correct answer sourced from PDF answer key.
399,24,3,EARLY CHILDHOOD ED. PART 6.pdf,/Users/lyndon/All reviewers/-LET REVIEWER 2026/C. MAJOR SUBJECTS/I. EARLY CHILDHOOD EDUCATION/DRILLS/EARLY CHILDHOOD ED. PART 6.pdf, The most appropriate way to assess children’s learning in preschool is through:,,,Observation and documentation,,Multiple-choice tests,,Weekly examinations,,Timed drills,,,,A,Correct answer sourced from the PDF answer key: A.,LET Secondary,Early Childhood Education,Early Childhood Education,3,No,,0.96,Ready for Upload,LET Secondary Early Childhood Education Q&A. Correct answer sourced from PDF answer key.
400,25,3,EARLY CHILDHOOD ED. PART 6.pdf,/Users/lyndon/All reviewers/-LET REVIEWER 2026/C. MAJOR SUBJECTS/I. EARLY CHILDHOOD EDUCATION/DRILLS/EARLY CHILDHOOD ED. PART 6.pdf," A teacher asks, “How can we help plants grow?” This question develops:",,,Inquiry and problem-solving skills,,Memorization,,Copying,,Silent observation,,,,A,Correct answer sourced from the PDF answer key: A.,LET Secondary,Early Childhood Education,Early Childhood Education,3,No,,0.96,Ready for Upload,LET Secondary Early Childhood Education Q&A. Correct answer sourced from PDF answer key.
401,26,3,EARLY CHILDHOOD ED. PART 6.pdf,/Users/lyndon/All reviewers/-LET REVIEWER 2026/C. MAJOR SUBJECTS/I. EARLY CHILDHOOD EDUCATION/DRILLS/EARLY CHILDHOOD ED. PART 6.pdf, “Scaffolding” in early childhood refers to:,,,Providing temporary support until the child can do the task independently,,Giving fixed instructions,,Removing assistance early,,Punishing errors,,,,A,Correct answer sourced from the PDF answer key: A.,LET Secondary,Early Childhood Education,Early Childhood Education,3,No,,0.96,Ready for Upload,LET Secondary Early Childhood Education Q&A. Correct answer sourced from PDF answer key.
402,27,3,EARLY CHILDHOOD ED. PART 6.pdf,/Users/lyndon/All reviewers/-LET REVIEWER 2026/C. MAJOR SUBJECTS/I. EARLY CHILDHOOD EDUCATION/DRILLS/EARLY CHILDHOOD ED. PART 6.pdf, A classroom display that includes children’s artwork fosters:,,,Self-expression and confidence,,Teacher dominance,,Competition,,Passive viewing,,,,A,Correct answer sourced from the PDF answer key: A.,LET Secondary,Early Childhood Education,Early Childhood Education,3,No,,0.96,Ready for Upload,LET Secondary Early Childhood Education Q&A. Correct answer sourced from PDF answer key.
403,28,3,EARLY CHILDHOOD ED. PART 6.pdf,/Users/lyndon/All reviewers/-LET REVIEWER 2026/C. MAJOR SUBJECTS/I. EARLY CHILDHOOD EDUCATION/DRILLS/EARLY CHILDHOOD ED. PART 6.pdf, The use of songs and rhymes in class enhances:,,,Language rhythm and memory,,Only entertainment,,Discipline,,Nonverbal skills,,,,A,Correct answer sourced from the PDF answer key: A.,LET Secondary,Early Childhood Education,Early Childhood Education,3,No,,0.96,Ready for Upload,LET Secondary Early Childhood Education Q&A. Correct answer sourced from PDF answer key.
404,29,3,EARLY CHILDHOOD ED. PART 6.pdf,/Users/lyndon/All reviewers/-LET REVIEWER 2026/C. MAJOR SUBJECTS/I. EARLY CHILDHOOD EDUCATION/DRILLS/EARLY CHILDHOOD ED. PART 6.pdf, Which of the following is a self-help skill?,,,Buttoning a shirt,,Counting numbers,,Singing songs,,Listening to stories,,,,A,Correct answer sourced from the PDF answer key: A.,LET Secondary,Early Childhood Education,Early Childhood Education,3,No,,0.96,Ready for Upload,LET Secondary Early Childhood Education Q&A. Correct answer sourced from PDF answer key.
405,30,3,EARLY CHILDHOOD ED. PART 6.pdf,/Users/lyndon/All reviewers/-LET REVIEWER 2026/C. MAJOR SUBJECTS/I. EARLY CHILDHOOD EDUCATION/DRILLS/EARLY CHILDHOOD ED. PART 6.pdf, The teacher encourages children to describe what they see in a picture. This promotes:,,,Language development,,Memorization,,Silence,,Motor skills,,,,A,Correct answer sourced from the PDF answer key: A.,LET Secondary,Early Childhood Education,Early Childhood Education,3,No,,0.96,Ready for Upload,LET Secondary Early Childhood Education Q&A. Correct answer sourced from PDF answer key.
406,31,3,EARLY CHILDHOOD ED. PART 6.pdf,/Users/lyndon/All reviewers/-LET REVIEWER 2026/C. MAJOR SUBJECTS/I. EARLY CHILDHOOD EDUCATION/DRILLS/EARLY CHILDHOOD ED. PART 6.pdf," When children make mistakes, teachers should:",,,Punish them immediately,,Treat mistakes as part of learning,,Ignore all errors,,Discourage participation,,,,B,Correct answer sourced from the PDF answer key: B.,LET Secondary,Early Childhood Education,Early Childhood Education,3,No,,0.96,Ready for Upload,LET Secondary Early Childhood Education Q&A. Correct answer sourced from PDF answer key.
407,32,3,EARLY CHILDHOOD ED. PART 6.pdf,/Users/lyndon/All reviewers/-LET REVIEWER 2026/C. MAJOR SUBJECTS/I. EARLY CHILDHOOD EDUCATION/DRILLS/EARLY CHILDHOOD ED. PART 6.pdf, Which play type involves children cooperating toward a shared goal?,,,Solitary play,,Parallel play,,Cooperative play,,Onlooker play,,,,C,Correct answer sourced from the PDF answer key: C.,LET Secondary,Early Childhood Education,Early Childhood Education,3,No,,0.96,Ready for Upload,LET Secondary Early Childhood Education Q&A. Correct answer sourced from PDF answer key.
408,33,3,EARLY CHILDHOOD ED. PART 6.pdf,/Users/lyndon/All reviewers/-LET REVIEWER 2026/C. MAJOR SUBJECTS/I. EARLY CHILDHOOD EDUCATION/DRILLS/EARLY CHILDHOOD ED. PART 6.pdf, A 3-year-old child enjoys pretend cooking. This play demonstrates:,,,Role play and imagination,,Lack of attention,,Confusion,,Disinterest,,,,A,Correct answer sourced from the PDF answer key: A.,LET Secondary,Early Childhood Education,Early Childhood Education,3,No,,0.96,Ready for Upload,LET Secondary Early Childhood Education Q&A. Correct answer sourced from PDF answer key.
409,34,3,EARLY CHILDHOOD ED. PART 6.pdf,/Users/lyndon/All reviewers/-LET REVIEWER 2026/C. MAJOR SUBJECTS/I. EARLY CHILDHOOD EDUCATION/DRILLS/EARLY CHILDHOOD ED. PART 6.pdf, The teacher’s interaction with children should be primarily:,,,"Warm, supportive, and responsive Ultimate LET Reviewer 2025/2026 Brilliant Teach PH Reviewer",,Authoritarian,,Strict and distant,,Limited,,,,A,Correct answer sourced from the PDF answer key: A.,LET Secondary,Early Childhood Education,Early Childhood Education,3,No,,0.96,Ready for Upload,LET Secondary Early Childhood Education Q&A. Correct answer sourced from PDF answer key.
410,35,4,EARLY CHILDHOOD ED. PART 6.pdf,/Users/lyndon/All reviewers/-LET REVIEWER 2026/C. MAJOR SUBJECTS/I. EARLY CHILDHOOD EDUCATION/DRILLS/EARLY CHILDHOOD ED. PART 6.pdf, Which principle of development states that children develop from head to toe?,,,Cephalocaudal principle,,Proximodistal principle,,Sequential principle,,Holistic principle,,,,A,Correct answer sourced from the PDF answer key: A.,LET Secondary,Early Childhood Education,Early Childhood Education,3,No,,0.96,Ready for Upload,LET Secondary Early Childhood Education Q&A. Correct answer sourced from PDF answer key.
411,36,4,EARLY CHILDHOOD ED. PART 6.pdf,/Users/lyndon/All reviewers/-LET REVIEWER 2026/C. MAJOR SUBJECTS/I. EARLY CHILDHOOD EDUCATION/DRILLS/EARLY CHILDHOOD ED. PART 6.pdf, A teacher includes lessons on respect and sharing. This promotes:,,,Moral and social development,,Cognitive delay,,Physical growth,,Memorization,,,,A,Correct answer sourced from the PDF answer key: A.,LET Secondary,Early Childhood Education,Early Childhood Education,3,No,,0.96,Ready for Upload,LET Secondary Early Childhood Education Q&A. Correct answer sourced from PDF answer key.
412,37,4,EARLY CHILDHOOD ED. PART 6.pdf,/Users/lyndon/All reviewers/-LET REVIEWER 2026/C. MAJOR SUBJECTS/I. EARLY CHILDHOOD EDUCATION/DRILLS/EARLY CHILDHOOD ED. PART 6.pdf," When children retell stories in their own words, they demonstrate:",,,Comprehension and recall,,Rote repetition,,Memorization,,Copying,,,,A,Correct answer sourced from the PDF answer key: A.,LET Secondary,Early Childhood Education,Early Childhood Education,3,No,,0.96,Ready for Upload,LET Secondary Early Childhood Education Q&A. Correct answer sourced from PDF answer key.
413,38,4,EARLY CHILDHOOD ED. PART 6.pdf,/Users/lyndon/All reviewers/-LET REVIEWER 2026/C. MAJOR SUBJECTS/I. EARLY CHILDHOOD EDUCATION/DRILLS/EARLY CHILDHOOD ED. PART 6.pdf, Teachers can best support language development by:,,,Engaging in meaningful conversations,,Limiting talk time,,Using only yes/no questions,,Correcting constantly,,,,A,Correct answer sourced from the PDF answer key: A.,LET Secondary,Early Childhood Education,Early Childhood Education,3,No,,0.96,Ready for Upload,LET Secondary Early Childhood Education Q&A. Correct answer sourced from PDF answer key.
414,39,4,EARLY CHILDHOOD ED. PART 6.pdf,/Users/lyndon/All reviewers/-LET REVIEWER 2026/C. MAJOR SUBJECTS/I. EARLY CHILDHOOD EDUCATION/DRILLS/EARLY CHILDHOOD ED. PART 6.pdf," When a teacher uses real objects for counting, it supports:",,,Concrete learning experiences,,Abstract reasoning only,,Theoretical concepts,,Symbolic play,,,,A,Correct answer sourced from the PDF answer key: A.,LET Secondary,Early Childhood Education,Early Childhood Education,3,No,,0.96,Ready for Upload,LET Secondary Early Childhood Education Q&A. Correct answer sourced from PDF answer key.
415,40,4,EARLY CHILDHOOD ED. PART 6.pdf,/Users/lyndon/All reviewers/-LET REVIEWER 2026/C. MAJOR SUBJECTS/I. EARLY CHILDHOOD EDUCATION/DRILLS/EARLY CHILDHOOD ED. PART 6.pdf," In the ECCD framework, play is considered:",,,The primary mode of learning,,A distraction,,A non-academic activity,,Optional,,,,A,Correct answer sourced from the PDF answer key: A.,LET Secondary,Early Childhood Education,Early Childhood Education,3,No,,0.96,Ready for Upload,LET Secondary Early Childhood Education Q&A. Correct answer sourced from PDF answer key.
416,41,4,EARLY CHILDHOOD ED. PART 6.pdf,/Users/lyndon/All reviewers/-LET REVIEWER 2026/C. MAJOR SUBJECTS/I. EARLY CHILDHOOD EDUCATION/DRILLS/EARLY CHILDHOOD ED. PART 6.pdf, Assessment should be used to:,,,Support planning and instruction,,Label children,,Compare learners,,Select top performers,,,,A,Correct answer sourced from the PDF answer key: A.,LET Secondary,Early Childhood Education,Early Childhood Education,3,No,,0.96,Ready for Upload,LET Secondary Early Childhood Education Q&A. Correct answer sourced from PDF answer key.
417,42,4,EARLY CHILDHOOD ED. PART 6.pdf,/Users/lyndon/All reviewers/-LET REVIEWER 2026/C. MAJOR SUBJECTS/I. EARLY CHILDHOOD EDUCATION/DRILLS/EARLY CHILDHOOD ED. PART 6.pdf, A 5-year-old who tells stories using imagination exhibits:,,,Creative and linguistic ability,,Confusion,,Regression,,Egocentrism,,,,A,Correct answer sourced from the PDF answer key: A.,LET Secondary,Early Childhood Education,Early Childhood Education,3,No,,0.96,Ready for Upload,LET Secondary Early Childhood Education Q&A. Correct answer sourced from PDF answer key.
418,43,4,EARLY CHILDHOOD ED. PART 6.pdf,/Users/lyndon/All reviewers/-LET REVIEWER 2026/C. MAJOR SUBJECTS/I. EARLY CHILDHOOD EDUCATION/DRILLS/EARLY CHILDHOOD ED. PART 6.pdf," When a child shows persistence in completing a puzzle, it shows:",,,Task motivation and focus,,Fatigue,,Boredom,,Dependence,,,,A,Correct answer sourced from the PDF answer key: A.,LET Secondary,Early Childhood Education,Early Childhood Education,3,No,,0.96,Ready for Upload,LET Secondary Early Childhood Education Q&A. Correct answer sourced from PDF answer key.
419,44,4,EARLY CHILDHOOD ED. PART 6.pdf,/Users/lyndon/All reviewers/-LET REVIEWER 2026/C. MAJOR SUBJECTS/I. EARLY CHILDHOOD EDUCATION/DRILLS/EARLY CHILDHOOD ED. PART 6.pdf, A well-prepared early childhood environment is:,,,"Safe, stimulating, and child-centered",,Highly structured and adult-driven,,Quiet and empty,,Teacher-controlled,,,,A,Correct answer sourced from the PDF answer key: A.,LET Secondary,Early Childhood Education,Early Childhood Education,3,No,,0.96,Ready for Upload,LET Secondary Early Childhood Education Q&A. Correct answer sourced from PDF answer key.
420,45,4,EARLY CHILDHOOD ED. PART 6.pdf,/Users/lyndon/All reviewers/-LET REVIEWER 2026/C. MAJOR SUBJECTS/I. EARLY CHILDHOOD EDUCATION/DRILLS/EARLY CHILDHOOD ED. PART 6.pdf, Children learn best when activities are:,,,Meaningful and connected to their experiences,,Abstract and rigid,,Competitive,,Forced Ultimate LET Reviewer 2025/2026 Brilliant Teach PH Reviewer,,,,A,Correct answer sourced from the PDF answer key: A.,LET Secondary,Early Childhood Education,Early Childhood Education,3,No,,0.96,Ready for Upload,LET Secondary Early Childhood Education Q&A. Correct answer sourced from PDF answer key.
421,46,5,EARLY CHILDHOOD ED. PART 6.pdf,/Users/lyndon/All reviewers/-LET REVIEWER 2026/C. MAJOR SUBJECTS/I. EARLY CHILDHOOD EDUCATION/DRILLS/EARLY CHILDHOOD ED. PART 6.pdf, What is the most important component in early learning success?,,,Nurturing relationships and positive interactions,,Expensive materials,,Large classrooms,,Strict discipline,,,,A,Correct answer sourced from the PDF answer key: A.,LET Secondary,Early Childhood Education,Early Childhood Education,3,No,,0.96,Ready for Upload,LET Secondary Early Childhood Education Q&A. Correct answer sourced from PDF answer key.
422,47,5,EARLY CHILDHOOD ED. PART 6.pdf,/Users/lyndon/All reviewers/-LET REVIEWER 2026/C. MAJOR SUBJECTS/I. EARLY CHILDHOOD EDUCATION/DRILLS/EARLY CHILDHOOD ED. PART 6.pdf, Which learning domain involves coordination and control of body movements?,,,Physical-motor,,Cognitive,,Affective,,Social,,,,A,Correct answer sourced from the PDF answer key: A.,LET Secondary,Early Childhood Education,Early Childhood Education,3,No,,0.96,Ready for Upload,LET Secondary Early Childhood Education Q&A. Correct answer sourced from PDF answer key.
423,48,5,EARLY CHILDHOOD ED. PART 6.pdf,/Users/lyndon/All reviewers/-LET REVIEWER 2026/C. MAJOR SUBJECTS/I. EARLY CHILDHOOD EDUCATION/DRILLS/EARLY CHILDHOOD ED. PART 6.pdf, A teacher who uses local songs and folk tales integrates:,,,Culture-based education,,Imported methods,,Western influence,,Academic focus only,,,,A,Correct answer sourced from the PDF answer key: A.,LET Secondary,Early Childhood Education,Early Childhood Education,3,No,,0.96,Ready for Upload,LET Secondary Early Childhood Education Q&A. Correct answer sourced from PDF answer key.
424,49,5,EARLY CHILDHOOD ED. PART 6.pdf,/Users/lyndon/All reviewers/-LET REVIEWER 2026/C. MAJOR SUBJECTS/I. EARLY CHILDHOOD EDUCATION/DRILLS/EARLY CHILDHOOD ED. PART 6.pdf," In guiding behavior, teachers should:",,,Use positive discipline and redirection,,Scold frequently,,Use fear tactics,,Ignore behavior,,,,A,Correct answer sourced from the PDF answer key: A.,LET Secondary,Early Childhood Education,Early Childhood Education,3,No,,0.96,Ready for Upload,LET Secondary Early Childhood Education Q&A. Correct answer sourced from PDF answer key.
425,50,5,EARLY CHILDHOOD ED. PART 6.pdf,/Users/lyndon/All reviewers/-LET REVIEWER 2026/C. MAJOR SUBJECTS/I. EARLY CHILDHOOD EDUCATION/DRILLS/EARLY CHILDHOOD ED. PART 6.pdf, The ultimate goal of early childhood education is to:,,,Prepare for life-long learning and holistic development,,Pass standardized exams,,Focus only on academics,,Encourage competition Ultimate LET Reviewer 2025/2026 Brilliant Teach PH Reviewer LET Reviewer Early Childhood Education Part 4 2025/2026,,,,A,Correct answer sourced from the PDF answer key: A.,LET Secondary,Early Childhood Education,Early Childhood Education,3,No,,0.96,Ready for Upload,LET Secondary Early Childhood Education Q&A. Correct answer sourced from PDF answer key.
426,1,1,EARLY CHILDHOOD ED. PART 7.pdf,/Users/lyndon/All reviewers/-LET REVIEWER 2026/C. MAJOR SUBJECTS/I. EARLY CHILDHOOD EDUCATION/DRILLS/EARLY CHILDHOOD ED. PART 7.pdf,Which of the following best exemplifies a “spiral curriculum” approach in early childhood education?,,,Teach a topic once and never revisit it,,"Introduce a concept initially, revisit it in deeper ways later, and expand over time",,Skip foundational concepts and go straight to complex ones,,Teach all children the exact same content at the same pace,,,,B,Correct answer sourced from the PDF answer key: B.,LET Secondary,Early Childhood Education,Early Childhood Education,3,No,,0.96,Ready for Upload,LET Secondary Early Childhood Education Q&A. Correct answer sourced from PDF answer key.
427,2,1,EARLY CHILDHOOD ED. PART 7.pdf,/Users/lyndon/All reviewers/-LET REVIEWER 2026/C. MAJOR SUBJECTS/I. EARLY CHILDHOOD EDUCATION/DRILLS/EARLY CHILDHOOD ED. PART 7.pdf,A teacher observes a 3-year-old who chooses dramatic play over worksheets and then spontaneously incorporates counting and language during play. This practice reflects which principle?,,,Teacher-centered instruction only,,Play‐based learning with integrated domains of development,,Sole focus on academic drills,,Waiting until grade school for purposeful play,,,,B,Correct answer sourced from the PDF answer key: B.,LET Secondary,Early Childhood Education,Early Childhood Education,3,No,,0.96,Ready for Upload,LET Secondary Early Childhood Education Q&A. Correct answer sourced from PDF answer key.
428,3,1,EARLY CHILDHOOD ED. PART 7.pdf,/Users/lyndon/All reviewers/-LET REVIEWER 2026/C. MAJOR SUBJECTS/I. EARLY CHILDHOOD EDUCATION/DRILLS/EARLY CHILDHOOD ED. PART 7.pdf,"In early childhood assessment, a “running record” involves:",,,Timing how fast children finish worksheets,,"Writing a narrative description of a child’s behaviour during an activity, noting strengths and next steps",,Giving a multiple-choice test,,Ignoring children until formal tests,,,,B,Correct answer sourced from the PDF answer key: B.,LET Secondary,Early Childhood Education,Early Childhood Education,3,No,,0.96,Ready for Upload,LET Secondary Early Childhood Education Q&A. Correct answer sourced from PDF answer key.
429,4,1,EARLY CHILDHOOD ED. PART 7.pdf,/Users/lyndon/All reviewers/-LET REVIEWER 2026/C. MAJOR SUBJECTS/I. EARLY CHILDHOOD EDUCATION/DRILLS/EARLY CHILDHOOD ED. PART 7.pdf,"When designing an inclusive classroom for preschoolers, the teacher ensures that materials are at child- height, there are visuals supporting routines, and the directions are multi-modal. This reflects:",,,Standard one‐size‐fits‐all design,,Universal Design for Learning (UDL) principles,,Only academic readiness drills,,Segregation of learners with special needs,,,,B,Correct answer sourced from the PDF answer key: B.,LET Secondary,Early Childhood Education,Early Childhood Education,3,No,,0.96,Ready for Upload,LET Secondary Early Childhood Education Q&A. Correct answer sourced from PDF answer key.
430,5,1,EARLY CHILDHOOD ED. PART 7.pdf,/Users/lyndon/All reviewers/-LET REVIEWER 2026/C. MAJOR SUBJECTS/I. EARLY CHILDHOOD EDUCATION/DRILLS/EARLY CHILDHOOD ED. PART 7.pdf,"A preschool teacher plans a “choice time” where children select from centres (blocks, art, dramatic play, science) and then engage in sharing their work. The teacher then scaffolds by asking open questions. This scaffolding best supports which concept?",,,Independent memorisation,,Zone of Proximal Development (ZPD) where support is adjusted as children progress,,Punishment for wrong answers,,Teacher does all the work for the child,,,,B,Correct answer sourced from the PDF answer key: B.,LET Secondary,Early Childhood Education,Early Childhood Education,3,No,,0.96,Ready for Upload,LET Secondary Early Childhood Education Q&A. Correct answer sourced from PDF answer key.
431,6,1,EARLY CHILDHOOD ED. PART 7.pdf,/Users/lyndon/All reviewers/-LET REVIEWER 2026/C. MAJOR SUBJECTS/I. EARLY CHILDHOOD EDUCATION/DRILLS/EARLY CHILDHOOD ED. PART 7.pdf,Which of the following learning experiences aligns with emergent literacy for preschoolers?,,,Giving children only handwriting drills with no discussion,,"Reading aloud, discussing stories, encouraging children to scribble, draw and write letters in meaningful contexts",,Waiting until grade school to introduce any writing,,Isolating literacy instruction from play and context,,,,B,Correct answer sourced from the PDF answer key: B.,LET Secondary,Early Childhood Education,Early Childhood Education,3,No,,0.96,Ready for Upload,LET Secondary Early Childhood Education Q&A. Correct answer sourced from PDF answer key.
432,7,1,EARLY CHILDHOOD ED. PART 7.pdf,/Users/lyndon/All reviewers/-LET REVIEWER 2026/C. MAJOR SUBJECTS/I. EARLY CHILDHOOD EDUCATION/DRILLS/EARLY CHILDHOOD ED. PART 7.pdf,"A teacher organizes a field-trip to a nearby park where children collect leaves, sort them by size/colour, count them, and then talk about patterns. This activity supports:",,,Only physical activity,,"Integration of nature, mathematics, vocabulary, and inquiry—multi‐domain learning",,Solely rote counting worksheets,,A strict lecture about leaves,,,,B,Correct answer sourced from the PDF answer key: B.,LET Secondary,Early Childhood Education,Early Childhood Education,3,No,,0.96,Ready for Upload,LET Secondary Early Childhood Education Q&A. Correct answer sourced from PDF answer key.
433,8,1,EARLY CHILDHOOD ED. PART 7.pdf,/Users/lyndon/All reviewers/-LET REVIEWER 2026/C. MAJOR SUBJECTS/I. EARLY CHILDHOOD EDUCATION/DRILLS/EARLY CHILDHOOD ED. PART 7.pdf,"According to the Philippine early childhood curriculum priority areas (e.g., “Health, Nutrition and Safety”; “Creative Arts, Music, and Movement”), the teacher includes daily hand-washing routines, healthy snacks, and movement songs. This is aligned with which domain of development?",,,Only cognitive development,,"Physical health, motor development, self-regulation",,Only language development,,Only focussing on mathematics,,,,B,Correct answer sourced from the PDF answer key: B.,LET Secondary,Early Childhood Education,Early Childhood Education,3,No,,0.96,Ready for Upload,LET Secondary Early Childhood Education Q&A. Correct answer sourced from PDF answer key.
434,9,1,EARLY CHILDHOOD ED. PART 7.pdf,/Users/lyndon/All reviewers/-LET REVIEWER 2026/C. MAJOR SUBJECTS/I. EARLY CHILDHOOD EDUCATION/DRILLS/EARLY CHILDHOOD ED. PART 7.pdf,A teacher sees that a child repeatedly uses blocks to build a structure and then engages peers in storytelling about it. The teacher uses this as evidence of:,,,Lack of focus on academics,,"Sociodramatic play—combining cognitive, language, social domains Ultimate LET Reviewer 2025/2026 Brilliant Teach PH Reviewer",,Need for formal assessment immediately,,Separating play from learning entirely,,,,B,Correct answer sourced from the PDF answer key: B.,LET Secondary,Early Childhood Education,Early Childhood Education,3,No,,0.96,Ready for Upload,LET Secondary Early Childhood Education Q&A. Correct answer sourced from PDF answer key.
435,10,2,EARLY CHILDHOOD ED. PART 7.pdf,/Users/lyndon/All reviewers/-LET REVIEWER 2026/C. MAJOR SUBJECTS/I. EARLY CHILDHOOD EDUCATION/DRILLS/EARLY CHILDHOOD ED. PART 7.pdf,Which of the following is an example of formative assessment in a preschool classroom?,,,Giving a standardized test at the end of the year,,"Observing children in centre time, documenting their interactions and providing feedback continuously",,Waiting until grade school for all assessment,,Only grading children on their worksheets,,,,B,Correct answer sourced from the PDF answer key: B.,LET Secondary,Early Childhood Education,Early Childhood Education,3,No,,0.96,Ready for Upload,LET Secondary Early Childhood Education Q&A. Correct answer sourced from PDF answer key.
436,11,2,EARLY CHILDHOOD ED. PART 7.pdf,/Users/lyndon/All reviewers/-LET REVIEWER 2026/C. MAJOR SUBJECTS/I. EARLY CHILDHOOD EDUCATION/DRILLS/EARLY CHILDHOOD ED. PART 7.pdf,"In early childhood settings, finger-plays, rhythm songs and movement activities help children develop:",,,Only gross motor skills,,"Phonological awareness, rhythm, coordination, and language skills",,Only reading comprehension,,Only print recognition,,,,B,Correct answer sourced from the PDF answer key: B.,LET Secondary,Early Childhood Education,Early Childhood Education,3,No,,0.96,Ready for Upload,LET Secondary Early Childhood Education Q&A. Correct answer sourced from PDF answer key.
437,12,2,EARLY CHILDHOOD ED. PART 7.pdf,/Users/lyndon/All reviewers/-LET REVIEWER 2026/C. MAJOR SUBJECTS/I. EARLY CHILDHOOD EDUCATION/DRILLS/EARLY CHILDHOOD ED. PART 7.pdf,"A teacher uses “learning stories” where she records children’s words alongside their drawings, quotes their thinking, and posts them in the classroom. This technique is effective because it:",,,Creates formal grades,,"Makes children visible as learners, honours their voices, supports reflective practice",,Replaces all other forms of assessment,,Only focuses on academic readiness,,,,B,Correct answer sourced from the PDF answer key: B.,LET Secondary,Early Childhood Education,Early Childhood Education,3,No,,0.96,Ready for Upload,LET Secondary Early Childhood Education Q&A. Correct answer sourced from PDF answer key.
438,13,2,EARLY CHILDHOOD ED. PART 7.pdf,/Users/lyndon/All reviewers/-LET REVIEWER 2026/C. MAJOR SUBJECTS/I. EARLY CHILDHOOD EDUCATION/DRILLS/EARLY CHILDHOOD ED. PART 7.pdf,"When planning centre time, the teacher ensures that materials are open-ended (e.g., shells, blocks, fabric, mirrors) rather than closed (one right way). The benefit of open-ended materials is:",,,Children will always need direct instruction,,"They promote creativity, problem-solving, child-initiated exploration",,They make children confused,,They guarantee each child will finish at the same time,,,,B,Correct answer sourced from the PDF answer key: B.,LET Secondary,Early Childhood Education,Early Childhood Education,3,No,,0.96,Ready for Upload,LET Secondary Early Childhood Education Q&A. Correct answer sourced from PDF answer key.
439,14,2,EARLY CHILDHOOD ED. PART 7.pdf,/Users/lyndon/All reviewers/-LET REVIEWER 2026/C. MAJOR SUBJECTS/I. EARLY CHILDHOOD EDUCATION/DRILLS/EARLY CHILDHOOD ED. PART 7.pdf,A 4-year-old child says: “I no want share that toy.” The teacher supports the child by saying: “I see you’re feeling bothered. Let’s talk about how we can play together and take turns.” This reflects:,,,Ignoring feelings,,"Supporting social‐emotional development by naming feeling, facilitating regulation and peer interaction",,Immediate punishment for not sharing,,Removing the toy permanently,,,,B,Correct answer sourced from the PDF answer key: B.,LET Secondary,Early Childhood Education,Early Childhood Education,3,No,,0.96,Ready for Upload,LET Secondary Early Childhood Education Q&A. Correct answer sourced from PDF answer key.
440,15,2,EARLY CHILDHOOD ED. PART 7.pdf,/Users/lyndon/All reviewers/-LET REVIEWER 2026/C. MAJOR SUBJECTS/I. EARLY CHILDHOOD EDUCATION/DRILLS/EARLY CHILDHOOD ED. PART 7.pdf,"The teacher uses a data-wall of children’s developmental checklists (motor, language, social) to plan small-group differentiated activities. This use of data for planning exemplifies which practice?",,,One-size-fits-all instruction,,Data-informed differentiated instruction based on individual readiness,,Only using pre-set worksheets,,Ignoring assessment data,,,,B,Correct answer sourced from the PDF answer key: B.,LET Secondary,Early Childhood Education,Early Childhood Education,3,No,,0.96,Ready for Upload,LET Secondary Early Childhood Education Q&A. Correct answer sourced from PDF answer key.
441,16,2,EARLY CHILDHOOD ED. PART 7.pdf,/Users/lyndon/All reviewers/-LET REVIEWER 2026/C. MAJOR SUBJECTS/I. EARLY CHILDHOOD EDUCATION/DRILLS/EARLY CHILDHOOD ED. PART 7.pdf,"In the context of the teaching profession, the teacher as a “transformational leader” means that the teacher:",,,Only delivers content and leaves everything else unchanged,,"Influences classroom culture, collaborates with families and community, leads learning change",,Only worries about discipline,,Ignores collaboration,,,,B,Correct answer sourced from the PDF answer key: B.,LET Secondary,Early Childhood Education,Early Childhood Education,3,No,,0.96,Ready for Upload,LET Secondary Early Childhood Education Q&A. Correct answer sourced from PDF answer key.
442,17,2,EARLY CHILDHOOD ED. PART 7.pdf,/Users/lyndon/All reviewers/-LET REVIEWER 2026/C. MAJOR SUBJECTS/I. EARLY CHILDHOOD EDUCATION/DRILLS/EARLY CHILDHOOD ED. PART 7.pdf,"A preschool programme partners with parents, hosts monthly family workshops, sends home suggestions for play at home, and invites families to classroom events. This partnership is important because:",,,Families are irrelevant to learning,,Children’s development is supported through home-school collaboration and community contexts,,Teachers should work alone,,Only textbooks matter,,,,B,Correct answer sourced from the PDF answer key: B.,LET Secondary,Early Childhood Education,Early Childhood Education,3,No,,0.96,Ready for Upload,LET Secondary Early Childhood Education Q&A. Correct answer sourced from PDF answer key.
443,18,2,EARLY CHILDHOOD ED. PART 7.pdf,/Users/lyndon/All reviewers/-LET REVIEWER 2026/C. MAJOR SUBJECTS/I. EARLY CHILDHOOD EDUCATION/DRILLS/EARLY CHILDHOOD ED. PART 7.pdf,"In early childhood, the concept of “scaffolding” implies that the teacher:",,,Gives full,,"Provides just enough assistance so children can achieve a task, then withdraws help as competence grows",,Leaves children entirely on their own from the start,,Repeats the same level of support indefinitely,,,,B,Correct answer sourced from the PDF answer key: B.,LET Secondary,Early Childhood Education,Early Childhood Education,3,No,,0.96,Ready for Upload,LET Secondary Early Childhood Education Q&A. Correct answer sourced from PDF answer key.
444,19,2,EARLY CHILDHOOD ED. PART 7.pdf,/Users/lyndon/All reviewers/-LET REVIEWER 2026/C. MAJOR SUBJECTS/I. EARLY CHILDHOOD EDUCATION/DRILLS/EARLY CHILDHOOD ED. PART 7.pdf,A teacher reflects at the end of each week: “Which children were highly engaged? What surprised me? How will I adjust next week’s centres?” This reflective practice is part of: Ultimate LET Reviewer 2025/2026 Brilliant Teach PH Reviewer,,,Stagnant teaching,,"Being a reflective practitioner—analyzing, adjusting, improving",,Ignoring what happened and moving on,,Only focusing on test results,,,,B,Correct answer sourced from the PDF answer key: B.,LET Secondary,Early Childhood Education,Early Childhood Education,3,No,,0.96,Ready for Upload,LET Secondary Early Childhood Education Q&A. Correct answer sourced from PDF answer key.
445,20,3,EARLY CHILDHOOD ED. PART 7.pdf,/Users/lyndon/All reviewers/-LET REVIEWER 2026/C. MAJOR SUBJECTS/I. EARLY CHILDHOOD EDUCATION/DRILLS/EARLY CHILDHOOD ED. PART 7.pdf,"The teacher plans a dramatic-play corner themed “Market Day” where children buy and sell goods, use play money, count, talk to each other, write lists. This centre supports:",,,Only pretend play with no learning value,,"Integrated learning of language, math, social interaction, play, self-regulation",,Only academic drills,,Only quiet individual work,,,,B,Correct answer sourced from the PDF answer key: B.,LET Secondary,Early Childhood Education,Early Childhood Education,3,No,,0.96,Ready for Upload,LET Secondary Early Childhood Education Q&A. Correct answer sourced from PDF answer key.
446,21,3,EARLY CHILDHOOD ED. PART 7.pdf,/Users/lyndon/All reviewers/-LET REVIEWER 2026/C. MAJOR SUBJECTS/I. EARLY CHILDHOOD EDUCATION/DRILLS/EARLY CHILDHOOD ED. PART 7.pdf,"In inclusive early childhood education, the term “least restrictive environment” means children with learning differences:",,,Must always be segregated into special rooms,,Participate in regular classroom activities with proper supports and services,,Are excluded from play,,Are expected to perform without adaptation,,,,B,Correct answer sourced from the PDF answer key: B.,LET Secondary,Early Childhood Education,Early Childhood Education,3,No,,0.96,Ready for Upload,LET Secondary Early Childhood Education Q&A. Correct answer sourced from PDF answer key.
447,22,3,EARLY CHILDHOOD ED. PART 7.pdf,/Users/lyndon/All reviewers/-LET REVIEWER 2026/C. MAJOR SUBJECTS/I. EARLY CHILDHOOD EDUCATION/DRILLS/EARLY CHILDHOOD ED. PART 7.pdf,"A teacher uses a “picture schedule” to help children understand transitions and routines (e.g., arrival, center time, snack, outdoor). This practice supports children’s:",,,Anxiety and confusion,,"Predictability, self-regulation, executive function and sense of security",,Only academic readiness,,Only for older children,,,,B,Correct answer sourced from the PDF answer key: B.,LET Secondary,Early Childhood Education,Early Childhood Education,3,No,,0.96,Ready for Upload,LET Secondary Early Childhood Education Q&A. Correct answer sourced from PDF answer key.
448,23,3,EARLY CHILDHOOD ED. PART 7.pdf,/Users/lyndon/All reviewers/-LET REVIEWER 2026/C. MAJOR SUBJECTS/I. EARLY CHILDHOOD EDUCATION/DRILLS/EARLY CHILDHOOD ED. PART 7.pdf,Which of the following best describes “executive function” skills in preschoolers?,,,Only reading large print,,"Skills like planning, inhibitory control, attention shifting, self-monitoring—important for learning and self-regulation",,Only fine-motor skills,,Only gross-motor skills,,,,B,Correct answer sourced from the PDF answer key: B.,LET Secondary,Early Childhood Education,Early Childhood Education,3,No,,0.96,Ready for Upload,LET Secondary Early Childhood Education Q&A. Correct answer sourced from PDF answer key.
449,24,3,EARLY CHILDHOOD ED. PART 7.pdf,/Users/lyndon/All reviewers/-LET REVIEWER 2026/C. MAJOR SUBJECTS/I. EARLY CHILDHOOD EDUCATION/DRILLS/EARLY CHILDHOOD ED. PART 7.pdf,"The teacher invites children to help plan a garden: choose plants, estimate how many seedlings, count growth, measure water. This democratic planning supports children’s:",,,Passive compliance,,"Agency, sense of ownership, emergent mathematical thinking, science exploration",,Waiting until grade school for involvement,,Only teacher planning,,,,B,Correct answer sourced from the PDF answer key: B.,LET Secondary,Early Childhood Education,Early Childhood Education,3,No,,0.96,Ready for Upload,LET Secondary Early Childhood Education Q&A. Correct answer sourced from PDF answer key.
450,25,3,EARLY CHILDHOOD ED. PART 7.pdf,/Users/lyndon/All reviewers/-LET REVIEWER 2026/C. MAJOR SUBJECTS/I. EARLY CHILDHOOD EDUCATION/DRILLS/EARLY CHILDHOOD ED. PART 7.pdf,A teacher notes that children are moving from scribbles to letter‐like forms to “writing” labels on their drawings. This progression is best referred to as:,,,Conventional writing,,Emergent writing development,,No writing development,,Only printed worksheets,,,,B,Correct answer sourced from the PDF answer key: B.,LET Secondary,Early Childhood Education,Early Childhood Education,3,No,,0.96,Ready for Upload,LET Secondary Early Childhood Education Q&A. Correct answer sourced from PDF answer key.
451,26,3,EARLY CHILDHOOD ED. PART 7.pdf,/Users/lyndon/All reviewers/-LET REVIEWER 2026/C. MAJOR SUBJECTS/I. EARLY CHILDHOOD EDUCATION/DRILLS/EARLY CHILDHOOD ED. PART 7.pdf,"When children engage in “loose parts” play (sticks, shells, fabric pieces) the teacher recognises that the value lies in:",,,Only the teacher’s arrangement,,"Child-initiated construction, creativity, problem‐solving, multiple outcomes",,Strict sequencing like worksheets,,No play allowed,,,,B,Correct answer sourced from the PDF answer key: B.,LET Secondary,Early Childhood Education,Early Childhood Education,3,No,,0.96,Ready for Upload,LET Secondary Early Childhood Education Q&A. Correct answer sourced from PDF answer key.
452,27,3,EARLY CHILDHOOD ED. PART 7.pdf,/Users/lyndon/All reviewers/-LET REVIEWER 2026/C. MAJOR SUBJECTS/I. EARLY CHILDHOOD EDUCATION/DRILLS/EARLY CHILDHOOD ED. PART 7.pdf,"In curriculum development for early childhood, a teacher follows the sequence: identify children’s interests, plan experiences, carry out activities, observe and reflect, extend learning. This cycle reflects:",,,Teacher‐led rigid instructing,,Emergent curriculum and reflective practice,,No reflection or extension,,Ignoring children’s voices,,,,B,Correct answer sourced from the PDF answer key: B.,LET Secondary,Early Childhood Education,Early Childhood Education,3,No,,0.96,Ready for Upload,LET Secondary Early Childhood Education Q&A. Correct answer sourced from PDF answer key.
453,28,3,EARLY CHILDHOOD ED. PART 7.pdf,/Users/lyndon/All reviewers/-LET REVIEWER 2026/C. MAJOR SUBJECTS/I. EARLY CHILDHOOD EDUCATION/DRILLS/EARLY CHILDHOOD ED. PART 7.pdf,"A teacher uses peer-buddy play where older preschool children support younger ones in block play, conversation and storytelling. This peer scaffolding is beneficial because it:",,,Only saves the teacher time,,"Supports social learning, language modelling, self-regulation and community building",,Discourages peer interaction,,Focuses only on worksheets Ultimate LET Reviewer 2025/2026 Brilliant Teach PH Reviewer,,,,B,Correct answer sourced from the PDF answer key: B.,LET Secondary,Early Childhood Education,Early Childhood Education,3,No,,0.96,Ready for Upload,LET Secondary Early Childhood Education Q&A. Correct answer sourced from PDF answer key.
454,29,4,EARLY CHILDHOOD ED. PART 7.pdf,/Users/lyndon/All reviewers/-LET REVIEWER 2026/C. MAJOR SUBJECTS/I. EARLY CHILDHOOD EDUCATION/DRILLS/EARLY CHILDHOOD ED. PART 7.pdf,"A teacher uses a tablet to show time-lapse of plant growth, children record changes in a journal, compare data and present findings. This use of technology supports:",,,Passive screen time only,,"Educational technology integrated with inquiry, documentation, reflective thinking",,Only games unrelated to learning,,Only digital for fun,,,,B,Correct answer sourced from the PDF answer key: B.,LET Secondary,Early Childhood Education,Early Childhood Education,3,No,,0.96,Ready for Upload,LET Secondary Early Childhood Education Q&A. Correct answer sourced from PDF answer key.
455,30,4,EARLY CHILDHOOD ED. PART 7.pdf,/Users/lyndon/All reviewers/-LET REVIEWER 2026/C. MAJOR SUBJECTS/I. EARLY CHILDHOOD EDUCATION/DRILLS/EARLY CHILDHOOD ED. PART 7.pdf,"The teacher assesses children’s growth over time using portfolios, anecdotal records, pictures, parent input. This focus on growth rather than ranking reflects:",,,Competition and norm-referencing,,"Formative assessment, growth mindset, individual trajectories",,Only high-stakes testing,,No assessment,,,,B,Correct answer sourced from the PDF answer key: B.,LET Secondary,Early Childhood Education,Early Childhood Education,3,No,,0.96,Ready for Upload,LET Secondary Early Childhood Education Q&A. Correct answer sourced from PDF answer key.
456,31,4,EARLY CHILDHOOD ED. PART 7.pdf,/Users/lyndon/All reviewers/-LET REVIEWER 2026/C. MAJOR SUBJECTS/I. EARLY CHILDHOOD EDUCATION/DRILLS/EARLY CHILDHOOD ED. PART 7.pdf,A preschool teacher uses “open‐ended questions” like “What might happen if we remove the leaves from this plant?” rather than “What is the correct answer?” This question type encourages:,,,Only recall,,"Higher-order thinking, hypothesising, predicting, explanation",,Really boring silent time,,Only worksheets,,,,B,Correct answer sourced from the PDF answer key: B.,LET Secondary,Early Childhood Education,Early Childhood Education,3,No,,0.96,Ready for Upload,LET Secondary Early Childhood Education Q&A. Correct answer sourced from PDF answer key.
457,32,4,EARLY CHILDHOOD ED. PART 7.pdf,/Users/lyndon/All reviewers/-LET REVIEWER 2026/C. MAJOR SUBJECTS/I. EARLY CHILDHOOD EDUCATION/DRILLS/EARLY CHILDHOOD ED. PART 7.pdf,"In early childhood class, the teacher sees that a child with a hearing impairment uses a visual timer, gesture cues, peer-buddy vocabulary support and seating near the front. These are examples of:",,,Ignoring individual needs,,Reasonable accommodations and inclusive practices,,Only segregating learners,,Only worksheets,,,,B,Correct answer sourced from the PDF answer key: B.,LET Secondary,Early Childhood Education,Early Childhood Education,3,No,,0.96,Ready for Upload,LET Secondary Early Childhood Education Q&A. Correct answer sourced from PDF answer key.
458,33,4,EARLY CHILDHOOD ED. PART 7.pdf,/Users/lyndon/All reviewers/-LET REVIEWER 2026/C. MAJOR SUBJECTS/I. EARLY CHILDHOOD EDUCATION/DRILLS/EARLY CHILDHOOD ED. PART 7.pdf,"A teacher introduces a “math journal” where children record pictorially how they solved a counting problem, talk about it, and compare with peers. This practice supports:",,,Only memorising facts,,"Mathematical thinking, representational development, language integration, reflection",,Only closed correct answers,,Only rote counting,,,,B,Correct answer sourced from the PDF answer key: B.,LET Secondary,Early Childhood Education,Early Childhood Education,3,No,,0.96,Ready for Upload,LET Secondary Early Childhood Education Q&A. Correct answer sourced from PDF answer key.
459,34,4,EARLY CHILDHOOD ED. PART 7.pdf,/Users/lyndon/All reviewers/-LET REVIEWER 2026/C. MAJOR SUBJECTS/I. EARLY CHILDHOOD EDUCATION/DRILLS/EARLY CHILDHOOD ED. PART 7.pdf,"The teacher collaborates with the local community to bring in a gardener to talk about plants, seeds, soil, growth and children then document and present. This reflects:",,,Classroom isolated from community,,"Community–school partnership, authentic context, real-world linkages",,Only textbook use,,No family involvement,,,,B,Correct answer sourced from the PDF answer key: B.,LET Secondary,Early Childhood Education,Early Childhood Education,3,No,,0.96,Ready for Upload,LET Secondary Early Childhood Education Q&A. Correct answer sourced from PDF answer key.
460,35,4,EARLY CHILDHOOD ED. PART 7.pdf,/Users/lyndon/All reviewers/-LET REVIEWER 2026/C. MAJOR SUBJECTS/I. EARLY CHILDHOOD EDUCATION/DRILLS/EARLY CHILDHOOD ED. PART 7.pdf,"The teacher designs an activity where children estimate how many pebbles will sink vs float, experiment, record results and talk about why. This supports foundational scientific thinking in early childhood:",,,Lecturing about the concept only,,"Inquiry, prediction, observation, recording, explanation—age-appropriate science",,Waiting till grade school,,Only worksheets,,,,B,Correct answer sourced from the PDF answer key: B.,LET Secondary,Early Childhood Education,Early Childhood Education,3,No,,0.96,Ready for Upload,LET Secondary Early Childhood Education Q&A. Correct answer sourced from PDF answer key.
461,36,4,EARLY CHILDHOOD ED. PART 7.pdf,/Users/lyndon/All reviewers/-LET REVIEWER 2026/C. MAJOR SUBJECTS/I. EARLY CHILDHOOD EDUCATION/DRILLS/EARLY CHILDHOOD ED. PART 7.pdf,"When children transition from concrete manipulatives (blocks, beads) to representations (pictures, symbols) and eventually abstract ideas, this sequence reflects:",,,Jumping to abstraction too early,,Gradual progression from concrete to pictorial to abstract as per developmental readiness,,No manipulatives at all,,Only worksheets,,,,B,Correct answer sourced from the PDF answer key: B.,LET Secondary,Early Childhood Education,Early Childhood Education,3,No,,0.96,Ready for Upload,LET Secondary Early Childhood Education Q&A. Correct answer sourced from PDF answer key.
462,37,4,EARLY CHILDHOOD ED. PART 7.pdf,/Users/lyndon/All reviewers/-LET REVIEWER 2026/C. MAJOR SUBJECTS/I. EARLY CHILDHOOD EDUCATION/DRILLS/EARLY CHILDHOOD ED. PART 7.pdf,"A teacher provides small-group scaffolding for children who struggle with cutting and pasting, then gradually releases independence. This scaffolding of fine-motor and perceptual skills is aligned with:",,,Ignoring the difficulty,,"Developmentally appropriate practice, scaffolding based on readiness",,Expecting grade-level output immediately,,Punishing delays,,,,B,Correct answer sourced from the PDF answer key: B.,LET Secondary,Early Childhood Education,Early Childhood Education,3,No,,0.96,Ready for Upload,LET Secondary Early Childhood Education Q&A. Correct answer sourced from PDF answer key.
463,38,4,EARLY CHILDHOOD ED. PART 7.pdf,/Users/lyndon/All reviewers/-LET REVIEWER 2026/C. MAJOR SUBJECTS/I. EARLY CHILDHOOD EDUCATION/DRILLS/EARLY CHILDHOOD ED. PART 7.pdf,"The teacher uses a “learning centre rotation” schedule where children choose centres, the teacher observes, sometimes intervenes, then children regroup and reflect. This structure supports:",,,Entirely teacher-led lectures,,"Balanced child-choice and scaffolding, observation, reflection Ultimate LET Reviewer 2025/2026 Brilliant Teach PH Reviewer",,No child choice,,Only worksheets,,,,B,Correct answer sourced from the PDF answer key: B.,LET Secondary,Early Childhood Education,Early Childhood Education,3,No,,0.96,Ready for Upload,LET Secondary Early Childhood Education Q&A. Correct answer sourced from PDF answer key.
464,39,5,EARLY CHILDHOOD ED. PART 7.pdf,/Users/lyndon/All reviewers/-LET REVIEWER 2026/C. MAJOR SUBJECTS/I. EARLY CHILDHOOD EDUCATION/DRILLS/EARLY CHILDHOOD ED. PART 7.pdf,"In early childhood, the teacher emphasises process (children’s thinking, exploration, language) rather than only product (perfect drawings, worksheets complete). This focus emphasises:",,,Final output only,,"Learning as a process, valuing exploration, struggle, reflection",,Ignoring exploration,,Only test scores,,,,B,Correct answer sourced from the PDF answer key: B.,LET Secondary,Early Childhood Education,Early Childhood Education,3,No,,0.96,Ready for Upload,LET Secondary Early Childhood Education Q&A. Correct answer sourced from PDF answer key.
465,40,5,EARLY CHILDHOOD ED. PART 7.pdf,/Users/lyndon/All reviewers/-LET REVIEWER 2026/C. MAJOR SUBJECTS/I. EARLY CHILDHOOD EDUCATION/DRILLS/EARLY CHILDHOOD ED. PART 7.pdf,"A teacher uses the child’s first language (mother tongue) in early activities, then gradually introduces Filipino and English. This practice aligns with:",,,Immediate transition to English only,,Mother Tongue-Based Multilingual Education (MTB-MLE) for early learners,,Ignoring home language,,Teaching only Filipino,,,,B,Correct answer sourced from the PDF answer key: B.,LET Secondary,Early Childhood Education,Early Childhood Education,3,No,,0.96,Ready for Upload,LET Secondary Early Childhood Education Q&A. Correct answer sourced from PDF answer key.
466,41,5,EARLY CHILDHOOD ED. PART 7.pdf,/Users/lyndon/All reviewers/-LET REVIEWER 2026/C. MAJOR SUBJECTS/I. EARLY CHILDHOOD EDUCATION/DRILLS/EARLY CHILDHOOD ED. PART 7.pdf,A preschool teacher asks children to reflect on their block-building: “Why did you place the blue block there? What happened when you moved the green one?” This teacher is fostering:,,,Only correct placement of blocks,,Metacognition—children thinking about their thinking and actions,,Ignoring children’s reasoning,,Only teacher talk,,,,B,Correct answer sourced from the PDF answer key: B.,LET Secondary,Early Childhood Education,Early Childhood Education,3,No,,0.96,Ready for Upload,LET Secondary Early Childhood Education Q&A. Correct answer sourced from PDF answer key.
467,42,5,EARLY CHILDHOOD ED. PART 7.pdf,/Users/lyndon/All reviewers/-LET REVIEWER 2026/C. MAJOR SUBJECTS/I. EARLY CHILDHOOD EDUCATION/DRILLS/EARLY CHILDHOOD ED. PART 7.pdf,"The teacher uses a variety of assessment tools (observations, checklists, portfolios) and communicates results to families, then uses data to adjust instruction. This practice reflects:",,,Assessment for ranking only,,"Assessment for learning—purposeful, ongoing, communicative and used for planning",,No feedback to families,,No use of data,,,,B,Correct answer sourced from the PDF answer key: B.,LET Secondary,Early Childhood Education,Early Childhood Education,3,No,,0.96,Ready for Upload,LET Secondary Early Childhood Education Q&A. Correct answer sourced from PDF answer key.
468,43,5,EARLY CHILDHOOD ED. PART 7.pdf,/Users/lyndon/All reviewers/-LET REVIEWER 2026/C. MAJOR SUBJECTS/I. EARLY CHILDHOOD EDUCATION/DRILLS/EARLY CHILDHOOD ED. PART 7.pdf,"In an early childhood classroom, the teacher ensures children have uninterrupted outdoor play, as research shows active movement supports brain development, self-regulation and social-emotional growth. This approach recognises the role of:",,,Sitting still for hours,,"Physical activity, motor development and whole-child readiness",,Only academic readiness drills,,Ignoring physical play,,,,B,Correct answer sourced from the PDF answer key: B.,LET Secondary,Early Childhood Education,Early Childhood Education,3,No,,0.96,Ready for Upload,LET Secondary Early Childhood Education Q&A. Correct answer sourced from PDF answer key.
469,44,5,EARLY CHILDHOOD ED. PART 7.pdf,/Users/lyndon/All reviewers/-LET REVIEWER 2026/C. MAJOR SUBJECTS/I. EARLY CHILDHOOD EDUCATION/DRILLS/EARLY CHILDHOOD ED. PART 7.pdf,"A child’s family brings in a cultural artifact (woven basket) and shares the tradition in class. The teacher incorporates this into block play, storytelling and art. This practice is an example of:",,,Ignoring home culture,,Culturally‐responsive pedagogy and inclusion of children’s cultural background,,Only imported materials,,No family involvement,,,,B,Correct answer sourced from the PDF answer key: B.,LET Secondary,Early Childhood Education,Early Childhood Education,3,No,,0.96,Ready for Upload,LET Secondary Early Childhood Education Q&A. Correct answer sourced from PDF answer key.
470,45,5,EARLY CHILDHOOD ED. PART 7.pdf,/Users/lyndon/All reviewers/-LET REVIEWER 2026/C. MAJOR SUBJECTS/I. EARLY CHILDHOOD EDUCATION/DRILLS/EARLY CHILDHOOD ED. PART 7.pdf,"In teaching emergent numeracy, the teacher focuses on meaningful contexts (e.g., “We have 5 apples, we pick 2, how many left?”) rather than isolated symbolic drills. This approach supports:",,,Abstract algorithms too early,,"Meaningful number sense, context, operations, reasoning",,Only worksheets,,No numeracy until grade school,,,,B,Correct answer sourced from the PDF answer key: B.,LET Secondary,Early Childhood Education,Early Childhood Education,3,No,,0.96,Ready for Upload,LET Secondary Early Childhood Education Q&A. Correct answer sourced from PDF answer key.
471,46,5,EARLY CHILDHOOD ED. PART 7.pdf,/Users/lyndon/All reviewers/-LET REVIEWER 2026/C. MAJOR SUBJECTS/I. EARLY CHILDHOOD EDUCATION/DRILLS/EARLY CHILDHOOD ED. PART 7.pdf,"The teacher provides children with “choice reflection time” at the end of each day: children talk about one thing they learned, one question they have and one thing they’ll try tomorrow. This practice supports:",,,Unstructured chaos,,"Children’s self‐regulation, metacognition, ownership of learning",,Only teacher led wrap-up,,Only test review,,,,B,Correct answer sourced from the PDF answer key: B.,LET Secondary,Early Childhood Education,Early Childhood Education,3,No,,0.96,Ready for Upload,LET Secondary Early Childhood Education Q&A. Correct answer sourced from PDF answer key.
472,47,5,EARLY CHILDHOOD ED. PART 7.pdf,/Users/lyndon/All reviewers/-LET REVIEWER 2026/C. MAJOR SUBJECTS/I. EARLY CHILDHOOD EDUCATION/DRILLS/EARLY CHILDHOOD ED. PART 7.pdf,"When supporting children with English as a second language, the teacher uses visuals, gestures, peer support, code-switching and meaningful play. This practice demonstrates:",,,Ignoring language diversity,,"Language scaffolding, inclusive practices, emergent bilingualism support",,Only English exposure with no support,,Only worksheets Ultimate LET Reviewer 2025/2026 Brilliant Teach PH Reviewer,,,,B,Correct answer sourced from the PDF answer key: B.,LET Secondary,Early Childhood Education,Early Childhood Education,3,No,,0.96,Ready for Upload,LET Secondary Early Childhood Education Q&A. Correct answer sourced from PDF answer key.
473,48,6,EARLY CHILDHOOD ED. PART 7.pdf,/Users/lyndon/All reviewers/-LET REVIEWER 2026/C. MAJOR SUBJECTS/I. EARLY CHILDHOOD EDUCATION/DRILLS/EARLY CHILDHOOD ED. PART 7.pdf,"A teacher documents children’s learning and shares a “learning story” with a parent that describes how the child asked a question, experimented, collaborated and reflected. This documentation helps:",,,Only teacher assessment,,"Parent–teacher partnership, child as agent, reflection, next‐step planning",,Only final grades,,Only academic scores,,,,B,Correct answer sourced from the PDF answer key: B.,LET Secondary,Early Childhood Education,Early Childhood Education,3,No,,0.96,Ready for Upload,LET Secondary Early Childhood Education Q&A. Correct answer sourced from PDF answer key.
474,49,6,EARLY CHILDHOOD ED. PART 7.pdf,/Users/lyndon/All reviewers/-LET REVIEWER 2026/C. MAJOR SUBJECTS/I. EARLY CHILDHOOD EDUCATION/DRILLS/EARLY CHILDHOOD ED. PART 7.pdf,"The teacher maintains a physical environment with rugs for gathering, low shelves for self-selection of materials, defined centre zones, natural light and clear pathways. This environment reflects:",,,Standard row-and-column desks,,"Developmentally appropriate classroom design that supports independence, exploration, safety",,A rigid lecture hall setup,,Only digital devices,,,,B,Correct answer sourced from the PDF answer key: B.,LET Secondary,Early Childhood Education,Early Childhood Education,3,No,,0.96,Ready for Upload,LET Secondary Early Childhood Education Q&A. Correct answer sourced from PDF answer key.
475,50,6,EARLY CHILDHOOD ED. PART 7.pdf,/Users/lyndon/All reviewers/-LET REVIEWER 2026/C. MAJOR SUBJECTS/I. EARLY CHILDHOOD EDUCATION/DRILLS/EARLY CHILDHOOD ED. PART 7.pdf,"In evaluating her early childhood programme at the end of the year, the teacher asks: “Did we achieve holistic development (physical, cognitive, social, emotional, ethical)? How did children progress rather than compare them? How will we improve next year?” This evaluation approach exemplifies:",,,Only ranking children,,"Programme reflection, holistic focus, continuous improvement",,Ignoring outcomes,,Only exam results Ultimate LET Reviewer 2025/2026 Brilliant Teach PH Reviewer LET Reviewer Early Childhood Education Part 3 2025/2026,,,,B,Correct answer sourced from the PDF answer key: B.,LET Secondary,Early Childhood Education,Early Childhood Education,3,No,,0.96,Ready for Upload,LET Secondary Early Childhood Education Q&A. Correct answer sourced from PDF answer key.
476,1,1,EARLY CHILDHOOD ED. PART 8.pdf,/Users/lyndon/All reviewers/-LET REVIEWER 2026/C. MAJOR SUBJECTS/I. EARLY CHILDHOOD EDUCATION/DRILLS/EARLY CHILDHOOD ED. PART 8.pdf,The concept of “scaffolding” in early childhood learning is most accurately described as:,,,Giving children no help and letting them struggle,,Providing full,,"Offering support, gradually withdrawing it as children become more competent",,Keeping children at their current level indefinitely,,,,C,Correct answer sourced from the PDF answer key: C.,LET Secondary,Early Childhood Education,Early Childhood Education,3,No,,0.96,Ready for Upload,LET Secondary Early Childhood Education Q&A. Correct answer sourced from PDF answer key.
477,2,1,EARLY CHILDHOOD ED. PART 8.pdf,/Users/lyndon/All reviewers/-LET REVIEWER 2026/C. MAJOR SUBJECTS/I. EARLY CHILDHOOD EDUCATION/DRILLS/EARLY CHILDHOOD ED. PART 8.pdf,A teacher arranges for children to share their weekend experiences by drawing and then verbally explaining their drawings. This strategy primarily supports:,,,Fine-motor development only,,Emergent literacy and oral language development,,Independent silent work,,Strict textbook drills,,,,B,Correct answer sourced from the PDF answer key: B.,LET Secondary,Early Childhood Education,Early Childhood Education,3,No,,0.96,Ready for Upload,LET Secondary Early Childhood Education Q&A. Correct answer sourced from PDF answer key.
478,3,1,EARLY CHILDHOOD ED. PART 8.pdf,/Users/lyndon/All reviewers/-LET REVIEWER 2026/C. MAJOR SUBJECTS/I. EARLY CHILDHOOD EDUCATION/DRILLS/EARLY CHILDHOOD ED. PART 8.pdf,Which of the following statements best reflects a developmentally appropriate early childhood learning goal for 3- to 5-year-olds?,,,Children should be able to write full five-sentence essays,,Children should memorize the multiplication table up to 12,,"Children should explore patterns, make guesses, ask questions, and reflect on their thinking",,Children should compete for the highest score on standardized tests,,,,C,Correct answer sourced from the PDF answer key: C.,LET Secondary,Early Childhood Education,Early Childhood Education,3,No,,0.96,Ready for Upload,LET Secondary Early Childhood Education Q&A. Correct answer sourced from PDF answer key.
479,4,1,EARLY CHILDHOOD ED. PART 8.pdf,/Users/lyndon/All reviewers/-LET REVIEWER 2026/C. MAJOR SUBJECTS/I. EARLY CHILDHOOD EDUCATION/DRILLS/EARLY CHILDHOOD ED. PART 8.pdf,"In inclusive early childhood programs, the principle of “least restrictive environment” means that children with special needs should:",,,Be separated always from their peers,,Be integrated with typical peers as much as possible with appropriate supports,,Be expected to perform without any modifications,,Not be allowed to join the classroom until grade school,,,,B,Correct answer sourced from the PDF answer key: B.,LET Secondary,Early Childhood Education,Early Childhood Education,3,No,,0.96,Ready for Upload,LET Secondary Early Childhood Education Q&A. Correct answer sourced from PDF answer key.
480,5,1,EARLY CHILDHOOD ED. PART 8.pdf,/Users/lyndon/All reviewers/-LET REVIEWER 2026/C. MAJOR SUBJECTS/I. EARLY CHILDHOOD EDUCATION/DRILLS/EARLY CHILDHOOD ED. PART 8.pdf,"A teacher implements a daily routine where children wash their hands, help set up tables, then choose a learning center of their choice. The sequence of activities supports children’s:",,,Cognitive development only,,"Self-regulation, routines, and independence",,Lecturing capacity,,Competitive testing mindset,,,,B,Correct answer sourced from the PDF answer key: B.,LET Secondary,Early Childhood Education,Early Childhood Education,3,No,,0.96,Ready for Upload,LET Secondary Early Childhood Education Q&A. Correct answer sourced from PDF answer key.
481,6,1,EARLY CHILDHOOD ED. PART 8.pdf,/Users/lyndon/All reviewers/-LET REVIEWER 2026/C. MAJOR SUBJECTS/I. EARLY CHILDHOOD EDUCATION/DRILLS/EARLY CHILDHOOD ED. PART 8.pdf,Which of the following is an example of authentic assessment in an early childhood classroom?,,,A 50-item multiple choice test for 4-year-olds,,Observing children while they engage in block-building and recording how they collaborate,,Giving children identical worksheets each week and averaging their scores,,Not assessing children until grade school,,,,B,Correct answer sourced from the PDF answer key: B.,LET Secondary,Early Childhood Education,Early Childhood Education,3,No,,0.96,Ready for Upload,LET Secondary Early Childhood Education Q&A. Correct answer sourced from PDF answer key.
482,7,1,EARLY CHILDHOOD ED. PART 8.pdf,/Users/lyndon/All reviewers/-LET REVIEWER 2026/C. MAJOR SUBJECTS/I. EARLY CHILDHOOD EDUCATION/DRILLS/EARLY CHILDHOOD ED. PART 8.pdf,"According to research on early brain development, the period of rapid synaptic growth and pruning in children is especially intense during:",,,Late adolescence only,,Early childhood (birth to about age 5),,Middle adulthood,,After retirement,,,,B,Correct answer sourced from the PDF answer key: B.,LET Secondary,Early Childhood Education,Early Childhood Education,3,No,,0.96,Ready for Upload,LET Secondary Early Childhood Education Q&A. Correct answer sourced from PDF answer key.
483,8,1,EARLY CHILDHOOD ED. PART 8.pdf,/Users/lyndon/All reviewers/-LET REVIEWER 2026/C. MAJOR SUBJECTS/I. EARLY CHILDHOOD EDUCATION/DRILLS/EARLY CHILDHOOD ED. PART 8.pdf,"A thematic unit on “Water” in a preschool classroom includes exploration in the water table, songs about rain, drawing puddles, and countings drops of water. This approach is best described as:",,,"Subject-based, compartmentalized instruction",,"A thematic, integrated, multi-domain approach",,Solely drill and rote memorization,,Lecture and note-taking format,,,,B,Correct answer sourced from the PDF answer key: B.,LET Secondary,Early Childhood Education,Early Childhood Education,3,No,,0.96,Ready for Upload,LET Secondary Early Childhood Education Q&A. Correct answer sourced from PDF answer key.
484,9,1,EARLY CHILDHOOD ED. PART 8.pdf,/Users/lyndon/All reviewers/-LET REVIEWER 2026/C. MAJOR SUBJECTS/I. EARLY CHILDHOOD EDUCATION/DRILLS/EARLY CHILDHOOD ED. PART 8.pdf,Which of the following learning center materials is most likely to foster open-ended play and creativity?,,,A worksheet that must be filled out in 10 minutes,,"A set of blocks, loose parts, natural materials (leaves, sticks), and open space",,A coloring sheet with exact instructions,,A speed game where children are timed Ultimate LET Reviewer 2025/2026 Brilliant Teach PH Reviewer,,,,B,Correct answer sourced from the PDF answer key: B.,LET Secondary,Early Childhood Education,Early Childhood Education,3,No,,0.96,Ready for Upload,LET Secondary Early Childhood Education Q&A. Correct answer sourced from PDF answer key.
485,10,2,EARLY CHILDHOOD ED. PART 8.pdf,/Users/lyndon/All reviewers/-LET REVIEWER 2026/C. MAJOR SUBJECTS/I. EARLY CHILDHOOD EDUCATION/DRILLS/EARLY CHILDHOOD ED. PART 8.pdf,The role of families in early childhood education is best characterised as:,,,Peripheral and optional,,"A mandatory supportive partner in children’s learning, homes–school connection",,Completely separate and unrelated to the classroom,,Merely visitors once a year,,,,B,Correct answer sourced from the PDF answer key: B.,LET Secondary,Early Childhood Education,Early Childhood Education,3,No,,0.96,Ready for Upload,LET Secondary Early Childhood Education Q&A. Correct answer sourced from PDF answer key.
486,11,2,EARLY CHILDHOOD ED. PART 8.pdf,/Users/lyndon/All reviewers/-LET REVIEWER 2026/C. MAJOR SUBJECTS/I. EARLY CHILDHOOD EDUCATION/DRILLS/EARLY CHILDHOOD ED. PART 8.pdf,"During a circle time, a teacher asks children: “What do you think will happen if we don’t water the plant?” This question is an example of:",,,Recall only,,Closed-question requiring ‘yes’ or ‘no’,,"An open-ended, predictive question prompting scientific thinking",,Giving the children the,,,,C,Correct answer sourced from the PDF answer key: C.,LET Secondary,Early Childhood Education,Early Childhood Education,3,No,,0.96,Ready for Upload,LET Secondary Early Childhood Education Q&A. Correct answer sourced from PDF answer key.
487,12,2,EARLY CHILDHOOD ED. PART 8.pdf,/Users/lyndon/All reviewers/-LET REVIEWER 2026/C. MAJOR SUBJECTS/I. EARLY CHILDHOOD EDUCATION/DRILLS/EARLY CHILDHOOD ED. PART 8.pdf,A teacher in an early childhood setting uses pictures and gestures alongside the spoken language for instruction because:,,,Children don’t need verbal language,,"Multi-modal input supports emergent learners, including those with diverse needs",,Visuals slow down learning,,Gestures replace speech entirely,,,,B,Correct answer sourced from the PDF answer key: B.,LET Secondary,Early Childhood Education,Early Childhood Education,3,No,,0.96,Ready for Upload,LET Secondary Early Childhood Education Q&A. Correct answer sourced from PDF answer key.
488,13,2,EARLY CHILDHOOD ED. PART 8.pdf,/Users/lyndon/All reviewers/-LET REVIEWER 2026/C. MAJOR SUBJECTS/I. EARLY CHILDHOOD EDUCATION/DRILLS/EARLY CHILDHOOD ED. PART 8.pdf,Which of the following is NOT aligned with developmentally appropriate practice for preschoolers?,,,Adults reading aloud to children and discussing the book,,Letting children choose activities and pause when they are engaged,,"Using lengthy, silent independent worksheets for extended time",,"Creating centers where children can explore, collaborate, and choose",,,,C,Correct answer sourced from the PDF answer key: C.,LET Secondary,Early Childhood Education,Early Childhood Education,3,No,,0.96,Ready for Upload,LET Secondary Early Childhood Education Q&A. Correct answer sourced from PDF answer key.
489,14,2,EARLY CHILDHOOD ED. PART 8.pdf,/Users/lyndon/All reviewers/-LET REVIEWER 2026/C. MAJOR SUBJECTS/I. EARLY CHILDHOOD EDUCATION/DRILLS/EARLY CHILDHOOD ED. PART 8.pdf,"In assessing social-emotional development of children, a teacher might look for:",,,Accurate multiplication facts,,"Children’s ability to name emotions, share with peers, take turns, and show empathy",,Whether children finish worksheets faster than peers,,The number of words children write per minute,,,,B,Correct answer sourced from the PDF answer key: B.,LET Secondary,Early Childhood Education,Early Childhood Education,3,No,,0.96,Ready for Upload,LET Secondary Early Childhood Education Q&A. Correct answer sourced from PDF answer key.
490,15,2,EARLY CHILDHOOD ED. PART 8.pdf,/Users/lyndon/All reviewers/-LET REVIEWER 2026/C. MAJOR SUBJECTS/I. EARLY CHILDHOOD EDUCATION/DRILLS/EARLY CHILDHOOD ED. PART 8.pdf,"A preschool classroom has low bookshelves, cozy reading nook, and open access to storybooks. This classroom design supports:",,,Strict teacher-led instruction only,,Children’s independent literacy exploration and print-rich environment,,No reading area until grade school,,Only digital devices,,,,B,Correct answer sourced from the PDF answer key: B.,LET Secondary,Early Childhood Education,Early Childhood Education,3,No,,0.96,Ready for Upload,LET Secondary Early Childhood Education Q&A. Correct answer sourced from PDF answer key.
491,16,2,EARLY CHILDHOOD ED. PART 8.pdf,/Users/lyndon/All reviewers/-LET REVIEWER 2026/C. MAJOR SUBJECTS/I. EARLY CHILDHOOD EDUCATION/DRILLS/EARLY CHILDHOOD ED. PART 8.pdf,"According to inclusive pedagogy in early childhood, modifications such as providing larger-print materials, simplified language, or assistive devices are considered:",,,Unnecessary accommodation,,Essential adjustments to provide equitable access for diverse learners,,Giving unfair advantage,,Only for children in special schools,,,,B,Correct answer sourced from the PDF answer key: B.,LET Secondary,Early Childhood Education,Early Childhood Education,3,No,,0.96,Ready for Upload,LET Secondary Early Childhood Education Q&A. Correct answer sourced from PDF answer key.
492,17,2,EARLY CHILDHOOD ED. PART 8.pdf,/Users/lyndon/All reviewers/-LET REVIEWER 2026/C. MAJOR SUBJECTS/I. EARLY CHILDHOOD EDUCATION/DRILLS/EARLY CHILDHOOD ED. PART 8.pdf,"In early childhood learning, “loose parts” are materials that:",,,Are fixed in their purpose,,"Can be manipulated, transformed, combined, and used in multiple ways by children",,Are strictly teacher-designed with one correct outcome,,Are discarded quickly after one use,,,,B,Correct answer sourced from the PDF answer key: B.,LET Secondary,Early Childhood Education,Early Childhood Education,3,No,,0.96,Ready for Upload,LET Secondary Early Childhood Education Q&A. Correct answer sourced from PDF answer key.
493,18,2,EARLY CHILDHOOD ED. PART 8.pdf,/Users/lyndon/All reviewers/-LET REVIEWER 2026/C. MAJOR SUBJECTS/I. EARLY CHILDHOOD EDUCATION/DRILLS/EARLY CHILDHOOD ED. PART 8.pdf,"A teacher collects children’s drawings, photos of block play, a learning-journal, and parent input to assess growth across time. This is a portfolio assessment and supports the principle of:",,,One-time snapshot only,,Longitudinal documentation of development and reflective practice,,High-stakes single test only,,Ignoring children's individual trajectories,,,,B,Correct answer sourced from the PDF answer key: B.,LET Secondary,Early Childhood Education,Early Childhood Education,3,No,,0.96,Ready for Upload,LET Secondary Early Childhood Education Q&A. Correct answer sourced from PDF answer key.
494,19,2,EARLY CHILDHOOD ED. PART 8.pdf,/Users/lyndon/All reviewers/-LET REVIEWER 2026/C. MAJOR SUBJECTS/I. EARLY CHILDHOOD EDUCATION/DRILLS/EARLY CHILDHOOD ED. PART 8.pdf,"When planning for children’s transitions between activities in an early childhood classroom, best practice includes:",,,Having no schedule and abrupt changes to lesson,,"Giving children advance notice, using visuals or timers, and providing choice",,Expecting children to change activities without support,,Moving children without explanation,,,,B,Correct answer sourced from the PDF answer key: B.,LET Secondary,Early Childhood Education,Early Childhood Education,3,No,,0.96,Ready for Upload,LET Secondary Early Childhood Education Q&A. Correct answer sourced from PDF answer key.
495,20,2,EARLY CHILDHOOD ED. PART 8.pdf,/Users/lyndon/All reviewers/-LET REVIEWER 2026/C. MAJOR SUBJECTS/I. EARLY CHILDHOOD EDUCATION/DRILLS/EARLY CHILDHOOD ED. PART 8.pdf,A 3-year-old child uses the word “goed” instead of “went”. A teacher recognises this as:,,,A speech disorder that necessitates immediate referral,,A morphological overgeneralization typical in language development Ultimate LET Reviewer 2025/2026 Brilliant Teach PH Reviewer,,Evidence that the child has no capacity for language,,A sign the child is behind and must repeat preschool,,,,B,Correct answer sourced from the PDF answer key: B.,LET Secondary,Early Childhood Education,Early Childhood Education,3,No,,0.96,Ready for Upload,LET Secondary Early Childhood Education Q&A. Correct answer sourced from PDF answer key.
496,21,3,EARLY CHILDHOOD ED. PART 8.pdf,/Users/lyndon/All reviewers/-LET REVIEWER 2026/C. MAJOR SUBJECTS/I. EARLY CHILDHOOD EDUCATION/DRILLS/EARLY CHILDHOOD ED. PART 8.pdf,The principle of “child-initiated and adult-supported” play suggests that:,,,The adult always leads and children follow only,,Children initiate play and the adult never intervenes,,"The adult supports, extends and structures children’s play when needed",,Play should be eliminated for academic reasons,,,,C,Correct answer sourced from the PDF answer key: C.,LET Secondary,Early Childhood Education,Early Childhood Education,3,No,,0.96,Ready for Upload,LET Secondary Early Childhood Education Q&A. Correct answer sourced from PDF answer key.
497,22,3,EARLY CHILDHOOD ED. PART 8.pdf,/Users/lyndon/All reviewers/-LET REVIEWER 2026/C. MAJOR SUBJECTS/I. EARLY CHILDHOOD EDUCATION/DRILLS/EARLY CHILDHOOD ED. PART 8.pdf,Which of the following is a key characteristic of the classroom environment in early childhood education?,,,Rigid rows of desks and chairs all facing forward,,"Zonings of centers (e.g., block area, dramatic play, art) accessible and intended for child access",,Walls covered only with test results,,No materials available for children to explore,,,,B,Correct answer sourced from the PDF answer key: B.,LET Secondary,Early Childhood Education,Early Childhood Education,3,No,,0.96,Ready for Upload,LET Secondary Early Childhood Education Q&A. Correct answer sourced from PDF answer key.
498,23,3,EARLY CHILDHOOD ED. PART 8.pdf,/Users/lyndon/All reviewers/-LET REVIEWER 2026/C. MAJOR SUBJECTS/I. EARLY CHILDHOOD EDUCATION/DRILLS/EARLY CHILDHOOD ED. PART 8.pdf,"In the planning of an early childhood curriculum, “emergent curriculum” means:",,,The curriculum is fixed and unchanging,,"The curriculum emerges from children’s interests, experiences, and inquiry with teacher facilitation",,The curriculum is only teacher-led lectures,,Worksheets dictate the content,,,,B,Correct answer sourced from the PDF answer key: B.,LET Secondary,Early Childhood Education,Early Childhood Education,3,No,,0.96,Ready for Upload,LET Secondary Early Childhood Education Q&A. Correct answer sourced from PDF answer key.
499,24,3,EARLY CHILDHOOD ED. PART 8.pdf,/Users/lyndon/All reviewers/-LET REVIEWER 2026/C. MAJOR SUBJECTS/I. EARLY CHILDHOOD EDUCATION/DRILLS/EARLY CHILDHOOD ED. PART 8.pdf,"Regarding the priority area of “Health, Nutrition and Safety” in early childhood education, the teacher’s role includes:",,,Ignoring children’s hygiene because it’s the parents’ job,,"Promoting proper hand-washing routines, safe play spaces, healthy snacks, and emergency preparedness",,Letting children fend for themselves,,Excluding health and safety from learning goals,,,,B,Correct answer sourced from the PDF answer key: B.,LET Secondary,Early Childhood Education,Early Childhood Education,3,No,,0.96,Ready for Upload,LET Secondary Early Childhood Education Q&A. Correct answer sourced from PDF answer key.
500,25,3,EARLY CHILDHOOD ED. PART 8.pdf,/Users/lyndon/All reviewers/-LET REVIEWER 2026/C. MAJOR SUBJECTS/I. EARLY CHILDHOOD EDUCATION/DRILLS/EARLY CHILDHOOD ED. PART 8.pdf,"A teacher uses songs, finger rhymes, and movement games to support children’s understanding of syllables, phonemes, and rhythm. This activity supports:",,,Only gross-motor and ignores language development,,"Emergent literacy, phonological awareness and physical coordination",,Only mathematics,,Quiet reading only,,,,B,Correct answer sourced from the PDF answer key: B.,LET Secondary,Early Childhood Education,Early Childhood Education,3,No,,0.96,Ready for Upload,LET Secondary Early Childhood Education Q&A. Correct answer sourced from PDF answer key.
501,26,3,EARLY CHILDHOOD ED. PART 8.pdf,/Users/lyndon/All reviewers/-LET REVIEWER 2026/C. MAJOR SUBJECTS/I. EARLY CHILDHOOD EDUCATION/DRILLS/EARLY CHILDHOOD ED. PART 8.pdf,"A teacher plans a small-group activity: “Sort the leaves by colour, count how many, compare and talk about differences.” This activity fosters mathematics for early childhood by focusing on:",,,Abstract algebra,,"Early number sense, comparison, classification and language integration",,Speed of worksheet completion,,Preparing for college level trigonometry,,,,B,Correct answer sourced from the PDF answer key: B.,LET Secondary,Early Childhood Education,Early Childhood Education,3,No,,0.96,Ready for Upload,LET Secondary Early Childhood Education Q&A. Correct answer sourced from PDF answer key.
502,27,3,EARLY CHILDHOOD ED. PART 8.pdf,/Users/lyndon/All reviewers/-LET REVIEWER 2026/C. MAJOR SUBJECTS/I. EARLY CHILDHOOD EDUCATION/DRILLS/EARLY CHILDHOOD ED. PART 8.pdf,"According to the principles of effective early childhood assessment, teachers should:",,,Use only standardised tests designed for older students,,"Conduct multiple methods (observations, checklists, portfolios) across contexts and over time",,Assess once at the end of the year only,,Avoid assessment entirely,,,,B,Correct answer sourced from the PDF answer key: B.,LET Secondary,Early Childhood Education,Early Childhood Education,3,No,,0.96,Ready for Upload,LET Secondary Early Childhood Education Q&A. Correct answer sourced from PDF answer key.
503,28,3,EARLY CHILDHOOD ED. PART 8.pdf,/Users/lyndon/All reviewers/-LET REVIEWER 2026/C. MAJOR SUBJECTS/I. EARLY CHILDHOOD EDUCATION/DRILLS/EARLY CHILDHOOD ED. PART 8.pdf,A teacher wants to encourage children’s self-regulation and executive function. Which classroom practice is most supportive?,,,Having children sit quietly for long periods without choice,,"Offering predictable routines, opportunities for choice, reflection on behaviour, and strategies for problem-solving",,Punishing children for every misstep,,Removing all structure so children do whatever they want,,,,B,Correct answer sourced from the PDF answer key: B.,LET Secondary,Early Childhood Education,Early Childhood Education,3,No,,0.96,Ready for Upload,LET Secondary Early Childhood Education Q&A. Correct answer sourced from PDF answer key.
504,29,3,EARLY CHILDHOOD ED. PART 8.pdf,/Users/lyndon/All reviewers/-LET REVIEWER 2026/C. MAJOR SUBJECTS/I. EARLY CHILDHOOD EDUCATION/DRILLS/EARLY CHILDHOOD ED. PART 8.pdf,Which of the following best exemplifies “developmentally appropriate practice” (DAP) in early childhood?,,,Expecting 4-year-olds to behave exactly like 10-year-olds,,"Matching tasks to the developmental stage, individual readiness, and interests of children",,Using only college-level texts,,Assigning long independent essays,,,,B,Correct answer sourced from the PDF answer key: B.,LET Secondary,Early Childhood Education,Early Childhood Education,3,No,,0.96,Ready for Upload,LET Secondary Early Childhood Education Q&A. Correct answer sourced from PDF answer key.
505,30,3,EARLY CHILDHOOD ED. PART 8.pdf,/Users/lyndon/All reviewers/-LET REVIEWER 2026/C. MAJOR SUBJECTS/I. EARLY CHILDHOOD EDUCATION/DRILLS/EARLY CHILDHOOD ED. PART 8.pdf,"A teacher uses a variety of play situations (water play, sand play, pretend play, block play) to allow children to explore scientific and mathematical concepts naturally. This approach is consistent with:",,,Teacher‐centred instruction only,,"Play-based, inquiry-driven, multi-domain integration Ultimate LET Reviewer 2025/2026 Brilliant Teach PH Reviewer",,Ignoring play in favour of formal drills,,Only using worksheets,,,,B,Correct answer sourced from the PDF answer key: B.,LET Secondary,Early Childhood Education,Early Childhood Education,3,No,,0.96,Ready for Upload,LET Secondary Early Childhood Education Q&A. Correct answer sourced from PDF answer key.
506,31,4,EARLY CHILDHOOD ED. PART 8.pdf,/Users/lyndon/All reviewers/-LET REVIEWER 2026/C. MAJOR SUBJECTS/I. EARLY CHILDHOOD EDUCATION/DRILLS/EARLY CHILDHOOD ED. PART 8.pdf,"In early childhood social-emotional development, “theory of mind” refers to children’s emerging ability to:",,,Compute large numbers,,"Understand that other people have thoughts, feelings and perspectives different from their own",,Run fast,,Spell long words,,,,B,Correct answer sourced from the PDF answer key: B.,LET Secondary,Early Childhood Education,Early Childhood Education,3,No,,0.96,Ready for Upload,LET Secondary Early Childhood Education Q&A. Correct answer sourced from PDF answer key.
507,32,4,EARLY CHILDHOOD ED. PART 8.pdf,/Users/lyndon/All reviewers/-LET REVIEWER 2026/C. MAJOR SUBJECTS/I. EARLY CHILDHOOD EDUCATION/DRILLS/EARLY CHILDHOOD ED. PART 8.pdf,A preschool teacher supports bilingual children by using their home language alongside Filipino and English in classroom discussions. This practice aligns with:,,,Ignoring the child’s first language,,Mother Tongue-Based Multilingual Education (MTB-MLE) and inclusive language practice,,Using English exclusively,,Forcing children to drop their home language,,,,B,Correct answer sourced from the PDF answer key: B.,LET Secondary,Early Childhood Education,Early Childhood Education,3,No,,0.96,Ready for Upload,LET Secondary Early Childhood Education Q&A. Correct answer sourced from PDF answer key.
508,33,4,EARLY CHILDHOOD ED. PART 8.pdf,/Users/lyndon/All reviewers/-LET REVIEWER 2026/C. MAJOR SUBJECTS/I. EARLY CHILDHOOD EDUCATION/DRILLS/EARLY CHILDHOOD ED. PART 8.pdf,"For the early childhood program manager, one of the key responsibilities is to ensure:",,,That materials are enthusiastic but unsafe,,"A safe, appropriate physical environment, qualified staff, family engagement, and ongoing teacher development",,Teacher training is irrelevant,,Budgets not aligned with learning goals,,,,B,Correct answer sourced from the PDF answer key: B.,LET Secondary,Early Childhood Education,Early Childhood Education,3,No,,0.96,Ready for Upload,LET Secondary Early Childhood Education Q&A. Correct answer sourced from PDF answer key.
509,34,4,EARLY CHILDHOOD ED. PART 8.pdf,/Users/lyndon/All reviewers/-LET REVIEWER 2026/C. MAJOR SUBJECTS/I. EARLY CHILDHOOD EDUCATION/DRILLS/EARLY CHILDHOOD ED. PART 8.pdf,"The concept of “zone of proximal development” (ZPD) was introduced by Lev Vygotsky. In early childhood teaching, knowing a child’s ZPD means:",,,Always letting the child work completely alone,,"Identifying what the child can do independently and with assistance, then providing appropriate supports",,Ignoring what the child already knows,,Pushing the child far beyond readiness without support,,,,B,Correct answer sourced from the PDF answer key: B.,LET Secondary,Early Childhood Education,Early Childhood Education,3,No,,0.96,Ready for Upload,LET Secondary Early Childhood Education Q&A. Correct answer sourced from PDF answer key.
510,35,4,EARLY CHILDHOOD ED. PART 8.pdf,/Users/lyndon/All reviewers/-LET REVIEWER 2026/C. MAJOR SUBJECTS/I. EARLY CHILDHOOD EDUCATION/DRILLS/EARLY CHILDHOOD ED. PART 8.pdf,"In early childhood reading readiness, one of the earliest signs is:",,,Writing complete novels,,"Pretend reading of picture books, pointing to print, recognising that print conveys meaning",,Memorising dictionary definitions,,Only focusing on handwriting perfection,,,,B,Correct answer sourced from the PDF answer key: B.,LET Secondary,Early Childhood Education,Early Childhood Education,3,No,,0.96,Ready for Upload,LET Secondary Early Childhood Education Q&A. Correct answer sourced from PDF answer key.
511,36,4,EARLY CHILDHOOD ED. PART 8.pdf,/Users/lyndon/All reviewers/-LET REVIEWER 2026/C. MAJOR SUBJECTS/I. EARLY CHILDHOOD EDUCATION/DRILLS/EARLY CHILDHOOD ED. PART 8.pdf,A teacher reflects on her practice by asking: “Did I provide opportunities for children’s voices? Did I design materials to meet diverse needs? Did I collaborate with families?” This reflective practice supports:,,,A static teaching routine,,"Professional growth, reflective practitioner stance",,Ignoring feedback,,Focusing only on test prep,,,,B,Correct answer sourced from the PDF answer key: B.,LET Secondary,Early Childhood Education,Early Childhood Education,3,No,,0.96,Ready for Upload,LET Secondary Early Childhood Education Q&A. Correct answer sourced from PDF answer key.
512,37,4,EARLY CHILDHOOD ED. PART 8.pdf,/Users/lyndon/All reviewers/-LET REVIEWER 2026/C. MAJOR SUBJECTS/I. EARLY CHILDHOOD EDUCATION/DRILLS/EARLY CHILDHOOD ED. PART 8.pdf,"In planning for transitions from preschool into grade school, an early childhood teacher should:",,,"Ignore transition, assuming children will adjust automatically",,"Provide gradual orientation, opportunities for adaptation, collaboration with primary teachers and families",,Require children to skip preschool,,Focus only on academic readiness tests,,,,B,Correct answer sourced from the PDF answer key: B.,LET Secondary,Early Childhood Education,Early Childhood Education,3,No,,0.96,Ready for Upload,LET Secondary Early Childhood Education Q&A. Correct answer sourced from PDF answer key.
513,38,4,EARLY CHILDHOOD ED. PART 8.pdf,/Users/lyndon/All reviewers/-LET REVIEWER 2026/C. MAJOR SUBJECTS/I. EARLY CHILDHOOD EDUCATION/DRILLS/EARLY CHILDHOOD ED. PART 8.pdf,Which of the following is a key feature of a language-rich environment for young children?,,,Minimal talk from teacher to children,,"Frequent, purposeful talk, rich vocabulary, open-ended questions, print in environment, book access",,Only silent individual activities,,Worksheets with no discussion,,,,B,Correct answer sourced from the PDF answer key: B.,LET Secondary,Early Childhood Education,Early Childhood Education,3,No,,0.96,Ready for Upload,LET Secondary Early Childhood Education Q&A. Correct answer sourced from PDF answer key.
514,39,4,EARLY CHILDHOOD ED. PART 8.pdf,/Users/lyndon/All reviewers/-LET REVIEWER 2026/C. MAJOR SUBJECTS/I. EARLY CHILDHOOD EDUCATION/DRILLS/EARLY CHILDHOOD ED. PART 8.pdf,A teacher notices that a 2-year-old child is mostly watching other children rather than actively joining. The teacher designs play invitations and peer-buddy activities to engage the child. This action is based on which principle?,,,Children should be left alone when playing,,The teacher sets up supportive invitations and scaffolds peer engagement to promote social participation,,Excluding the child until they are ready,,Large-group lecturing at this age Ultimate LET Reviewer 2025/2026 Brilliant Teach PH Reviewer,,,,B,Correct answer sourced from the PDF answer key: B.,LET Secondary,Early Childhood Education,Early Childhood Education,3,No,,0.96,Ready for Upload,LET Secondary Early Childhood Education Q&A. Correct answer sourced from PDF answer key.
515,40,5,EARLY CHILDHOOD ED. PART 8.pdf,/Users/lyndon/All reviewers/-LET REVIEWER 2026/C. MAJOR SUBJECTS/I. EARLY CHILDHOOD EDUCATION/DRILLS/EARLY CHILDHOOD ED. PART 8.pdf,"A preschool program that invites local elders, organizes inter-generational storytelling, and uses cultural artifacts in activities is practicing:",,,A purely globalised curriculum ignoring local culture,,Culturally responsive pedagogy and community/school/family partnership,,Only academic drills,,Exclusive focus on imported resources,,,,B,Correct answer sourced from the PDF answer key: B.,LET Secondary,Early Childhood Education,Early Childhood Education,3,No,,0.96,Ready for Upload,LET Secondary Early Childhood Education Q&A. Correct answer sourced from PDF answer key.
516,41,5,EARLY CHILDHOOD ED. PART 8.pdf,/Users/lyndon/All reviewers/-LET REVIEWER 2026/C. MAJOR SUBJECTS/I. EARLY CHILDHOOD EDUCATION/DRILLS/EARLY CHILDHOOD ED. PART 8.pdf,"In early childhood mathematics, when children compare sets of objects, ask which is “more” and “less”, and then talk about why, the teacher is promoting:",,,Formal algebraic manipulation,,"Foundational number sense, comparison, language integration",,Only memorisation of arithmetic tables,,Grade school mathematics only,,,,B,Correct answer sourced from the PDF answer key: B.,LET Secondary,Early Childhood Education,Early Childhood Education,3,No,,0.96,Ready for Upload,LET Secondary Early Childhood Education Q&A. Correct answer sourced from PDF answer key.
517,42,5,EARLY CHILDHOOD ED. PART 8.pdf,/Users/lyndon/All reviewers/-LET REVIEWER 2026/C. MAJOR SUBJECTS/I. EARLY CHILDHOOD EDUCATION/DRILLS/EARLY CHILDHOOD ED. PART 8.pdf,The term “emergent writing” refers to children’s early attempts at writing when they:,,,Use correct spelling and punctuation from the start,,"Scribble, draw and begin to label, experiment with letters and represent ideas in writing",,Are only allowed to trace letters for years,,Skip writing until grade school,,,,B,Correct answer sourced from the PDF answer key: B.,LET Secondary,Early Childhood Education,Early Childhood Education,3,No,,0.96,Ready for Upload,LET Secondary Early Childhood Education Q&A. Correct answer sourced from PDF answer key.
518,43,5,EARLY CHILDHOOD ED. PART 8.pdf,/Users/lyndon/All reviewers/-LET REVIEWER 2026/C. MAJOR SUBJECTS/I. EARLY CHILDHOOD EDUCATION/DRILLS/EARLY CHILDHOOD ED. PART 8.pdf,"A teacher arranges cooking activity in the classroom where children weigh ingredients, follow sequence, observe changes and discuss results. This practical activity supports:",,,Only cognitive development with no other domains,,"Integrated learning—cognitive, language, math, social and motor domains",,Only testing preparation,,No reflection by children,,,,B,Correct answer sourced from the PDF answer key: B.,LET Secondary,Early Childhood Education,Early Childhood Education,3,No,,0.96,Ready for Upload,LET Secondary Early Childhood Education Q&A. Correct answer sourced from PDF answer key.
519,44,5,EARLY CHILDHOOD ED. PART 8.pdf,/Users/lyndon/All reviewers/-LET REVIEWER 2026/C. MAJOR SUBJECTS/I. EARLY CHILDHOOD EDUCATION/DRILLS/EARLY CHILDHOOD ED. PART 8.pdf,The acronym UDL stands for Universal Design for Learning. In an early childhood setting UDL means:,,,All children must follow the same rigid method,,"Curriculum, materials and environment designed to offer multiple means of engagement, representation and expression for diverse learners",,Standard one-size-fits-all curriculum,,Segregating children by ability,,,,B,Correct answer sourced from the PDF answer key: B.,LET Secondary,Early Childhood Education,Early Childhood Education,3,No,,0.96,Ready for Upload,LET Secondary Early Childhood Education Q&A. Correct answer sourced from PDF answer key.
520,45,5,EARLY CHILDHOOD ED. PART 8.pdf,/Users/lyndon/All reviewers/-LET REVIEWER 2026/C. MAJOR SUBJECTS/I. EARLY CHILDHOOD EDUCATION/DRILLS/EARLY CHILDHOOD ED. PART 8.pdf,"When preparing the preschool classroom for children with mobility aids, the teacher ensures wide pathways, accessible sinks and low shelves. This is an example of:",,,Ignoring accessibility,,Physical accessibility and inclusive environment design,,Putting mobility-aid users in a separate room,,No changes needed,,,,B,Correct answer sourced from the PDF answer key: B.,LET Secondary,Early Childhood Education,Early Childhood Education,3,No,,0.96,Ready for Upload,LET Secondary Early Childhood Education Q&A. Correct answer sourced from PDF answer key.
521,46,5,EARLY CHILDHOOD ED. PART 8.pdf,/Users/lyndon/All reviewers/-LET REVIEWER 2026/C. MAJOR SUBJECTS/I. EARLY CHILDHOOD EDUCATION/DRILLS/EARLY CHILDHOOD ED. PART 8.pdf,"A teacher uses simple checklists of developmental milestones (e.g., uses scissors, shares with peers, counts to 10) and charts individual progress across time. This practice is helpful because:",,,It fixes children into static categories,,"It provides a basis for monitoring growth, planning differentiated support",,It uses only standardised test scores,,It avoids teacher judgement,,,,B,Correct answer sourced from the PDF answer key: B.,LET Secondary,Early Childhood Education,Early Childhood Education,3,No,,0.96,Ready for Upload,LET Secondary Early Childhood Education Q&A. Correct answer sourced from PDF answer key.
522,47,5,EARLY CHILDHOOD ED. PART 8.pdf,/Users/lyndon/All reviewers/-LET REVIEWER 2026/C. MAJOR SUBJECTS/I. EARLY CHILDHOOD EDUCATION/DRILLS/EARLY CHILDHOOD ED. PART 8.pdf,Which strategy effectively fosters creativity and divergent thinking in young children?,,,Asking only questions with one correct answer,,"Providing open-ended prompts, materials without predetermined outcomes, encouraging children to “do it your way”",,Only assigning worksheets to colour within the lines,,Eliminating free play,,,,B,Correct answer sourced from the PDF answer key: B.,LET Secondary,Early Childhood Education,Early Childhood Education,3,No,,0.96,Ready for Upload,LET Secondary Early Childhood Education Q&A. Correct answer sourced from PDF answer key.
523,48,5,EARLY CHILDHOOD ED. PART 8.pdf,/Users/lyndon/All reviewers/-LET REVIEWER 2026/C. MAJOR SUBJECTS/I. EARLY CHILDHOOD EDUCATION/DRILLS/EARLY CHILDHOOD ED. PART 8.pdf,"A preschool program where the teacher regularly collaborates with families, sends home activity ideas, invites parent-child events, and collects family input exemplifies:",,,A closed classroom with no family connection,,Family–school partnership and community engagement,,Teacher isolation from families,,Focus only on children with no family involvement,,,,B,Correct answer sourced from the PDF answer key: B.,LET Secondary,Early Childhood Education,Early Childhood Education,3,No,,0.96,Ready for Upload,LET Secondary Early Childhood Education Q&A. Correct answer sourced from PDF answer key.
524,49,5,EARLY CHILDHOOD ED. PART 8.pdf,/Users/lyndon/All reviewers/-LET REVIEWER 2026/C. MAJOR SUBJECTS/I. EARLY CHILDHOOD EDUCATION/DRILLS/EARLY CHILDHOOD ED. PART 8.pdf,"A teacher notices that a child is not showing expected language growth and engages in collaborative planning with a speech specialist, the family, and adapts classroom talk strategies. This practice is aligned with which principle?",,,Blaming the child alone,,"Early identification, collaboration, and supportive intervention Ultimate LET Reviewer 2025/2026 Brilliant Teach PH Reviewer",,Waiting until grade school for help,,Excluding the child,,,,B,Correct answer sourced from the PDF answer key: B.,LET Secondary,Early Childhood Education,Early Childhood Education,3,No,,0.96,Ready for Upload,LET Secondary Early Childhood Education Q&A. Correct answer sourced from PDF answer key.
525,50,6,EARLY CHILDHOOD ED. PART 8.pdf,/Users/lyndon/All reviewers/-LET REVIEWER 2026/C. MAJOR SUBJECTS/I. EARLY CHILDHOOD EDUCATION/DRILLS/EARLY CHILDHOOD ED. PART 8.pdf,"In designing an early childhood classroom schedule, giving children choice of activity, time for reflection, periods of movement, and quiet time exemplifies:",,,Rigid teacher-led schedule with no choice,,"Balanced, flexible schedule supporting all domains and children’s agency",,Only academic drills back-to-back,,No transitions or structured routine Ultimate LET Reviewer 2025/2026 Brilliant Teach PH Reviewer LET Reviewer Early Childhood Education Part 2 2025/2026,,,,B,Correct answer sourced from the PDF answer key: B.,LET Secondary,Early Childhood Education,Early Childhood Education,3,No,,0.96,Ready for Upload,LET Secondary Early Childhood Education Q&A. Correct answer sourced from PDF answer key.
526,1,1,EARLY CHILDHOOD ED. PART 9.pdf,/Users/lyndon/All reviewers/-LET REVIEWER 2026/C. MAJOR SUBJECTS/I. EARLY CHILDHOOD EDUCATION/DRILLS/EARLY CHILDHOOD ED. PART 9.pdf,Which of the following best describes “early childhood” in developmental terms?,,,Birth to age 2,,Age 3 to 5,,Age 6 to 8,,Age 9 to 12,,,,B,Correct answer sourced from the PDF answer key: B.,LET Secondary,Early Childhood Education,Early Childhood Education,3,No,,0.96,Ready for Upload,LET Secondary Early Childhood Education Q&A. Correct answer sourced from PDF answer key.
527,2,1,EARLY CHILDHOOD ED. PART 9.pdf,/Users/lyndon/All reviewers/-LET REVIEWER 2026/C. MAJOR SUBJECTS/I. EARLY CHILDHOOD EDUCATION/DRILLS/EARLY CHILDHOOD ED. PART 9.pdf,"A teacher observes a 4-year-old child stacking blocks in unusual ways, talking to each block and arranging them by size and color. This behavior most likely reflects development in the domain of:",,,Gross motor,,Language,,Cognitive,,Social/emotional,,,,C,Correct answer sourced from the PDF answer key: C.,LET Secondary,Early Childhood Education,Early Childhood Education,3,No,,0.96,Ready for Upload,LET Secondary Early Childhood Education Q&A. Correct answer sourced from PDF answer key.
528,3,1,EARLY CHILDHOOD ED. PART 9.pdf,/Users/lyndon/All reviewers/-LET REVIEWER 2026/C. MAJOR SUBJECTS/I. EARLY CHILDHOOD EDUCATION/DRILLS/EARLY CHILDHOOD ED. PART 9.pdf,"In the context of early childhood education, “play‐based learning” is appropriate because it:",,,Keeps children quiet and occupied,,Encourages children to memorize facts,,"Supports exploration, social interaction and problem‐solving",,Guarantees academic readiness for grade school,,,,C,Correct answer sourced from the PDF answer key: C.,LET Secondary,Early Childhood Education,Early Childhood Education,3,No,,0.96,Ready for Upload,LET Secondary Early Childhood Education Q&A. Correct answer sourced from PDF answer key.
529,4,1,EARLY CHILDHOOD ED. PART 9.pdf,/Users/lyndon/All reviewers/-LET REVIEWER 2026/C. MAJOR SUBJECTS/I. EARLY CHILDHOOD EDUCATION/DRILLS/EARLY CHILDHOOD ED. PART 9.pdf,"Which curriculum model for early childhood education emphasizes the integrated thematic approach, child-initiated activities, and learning through experience?",,,Montessori model,,Traditional seat-work model,,Direct‐instruction model,,Lecture‐discussion model,,,,A,Correct answer sourced from the PDF answer key: A.,LET Secondary,Early Childhood Education,Early Childhood Education,3,No,,0.96,Ready for Upload,LET Secondary Early Childhood Education Q&A. Correct answer sourced from PDF answer key.
530,5,1,EARLY CHILDHOOD ED. PART 9.pdf,/Users/lyndon/All reviewers/-LET REVIEWER 2026/C. MAJOR SUBJECTS/I. EARLY CHILDHOOD EDUCATION/DRILLS/EARLY CHILDHOOD ED. PART 9.pdf,"When planning an early childhood classroom environment, the teacher ensures that learning centers are accessible, safe, and include open-ended materials. This reflects the principle of:",,,Teacher‐directed instruction,,Developmentally appropriate practice (DAP),,Rigid behavior management,,Competitive assessment,,,,B,Correct answer sourced from the PDF answer key: B.,LET Secondary,Early Childhood Education,Early Childhood Education,3,No,,0.96,Ready for Upload,LET Secondary Early Childhood Education Q&A. Correct answer sourced from PDF answer key.
531,6,1,EARLY CHILDHOOD ED. PART 9.pdf,/Users/lyndon/All reviewers/-LET REVIEWER 2026/C. MAJOR SUBJECTS/I. EARLY CHILDHOOD EDUCATION/DRILLS/EARLY CHILDHOOD ED. PART 9.pdf,Which of the following is a key feature of inclusive education in early childhood settings?,,,Segregating children with special needs into separate rooms,,Providing the same activity to all children without modification,,Adapting materials and activities to accommodate diverse learners,,Excluding children who are behind from group activities,,,,C,Correct answer sourced from the PDF answer key: C.,LET Secondary,Early Childhood Education,Early Childhood Education,3,No,,0.96,Ready for Upload,LET Secondary Early Childhood Education Q&A. Correct answer sourced from PDF answer key.
532,7,1,EARLY CHILDHOOD ED. PART 9.pdf,/Users/lyndon/All reviewers/-LET REVIEWER 2026/C. MAJOR SUBJECTS/I. EARLY CHILDHOOD EDUCATION/DRILLS/EARLY CHILDHOOD ED. PART 9.pdf,"A 5-year-old child draws scribbles and then labels them “My Mommy” and “My House”. According to developmental progression, this behavior indicates which stage of writing development?",,,Pre‐writing,,Emergent writing,,Conventional writing,,Fluent writing,,,,B,Correct answer sourced from the PDF answer key: B.,LET Secondary,Early Childhood Education,Early Childhood Education,3,No,,0.96,Ready for Upload,LET Secondary Early Childhood Education Q&A. Correct answer sourced from PDF answer key.
533,8,1,EARLY CHILDHOOD ED. PART 9.pdf,/Users/lyndon/All reviewers/-LET REVIEWER 2026/C. MAJOR SUBJECTS/I. EARLY CHILDHOOD EDUCATION/DRILLS/EARLY CHILDHOOD ED. PART 9.pdf,Which children’s literature choice is best for promoting language development and print awareness in preschoolers?,,,A textbook of mathematics problems,,A wordless picture book that invites discussion,,A long novel with small print,,A dictionary,,,,B,Correct answer sourced from the PDF answer key: B.,LET Secondary,Early Childhood Education,Early Childhood Education,3,No,,0.96,Ready for Upload,LET Secondary Early Childhood Education Q&A. Correct answer sourced from PDF answer key.
534,9,1,EARLY CHILDHOOD ED. PART 9.pdf,/Users/lyndon/All reviewers/-LET REVIEWER 2026/C. MAJOR SUBJECTS/I. EARLY CHILDHOOD EDUCATION/DRILLS/EARLY CHILDHOOD ED. PART 9.pdf,A teacher uses a simple “Can you tell me more about your drawing?” prompt after children complete art in the classroom. The purpose is primarily to:,,,Evaluate their art skills,,Promote expressive language and thinking,,Correct their drawings immediately,,Increase test‐scores Ultimate LET Reviewer 2025/2026 Brilliant Teach PH Reviewer,,,,B,Correct answer sourced from the PDF answer key: B.,LET Secondary,Early Childhood Education,Early Childhood Education,3,No,,0.96,Ready for Upload,LET Secondary Early Childhood Education Q&A. Correct answer sourced from PDF answer key.
535,10,2,EARLY CHILDHOOD ED. PART 9.pdf,/Users/lyndon/All reviewers/-LET REVIEWER 2026/C. MAJOR SUBJECTS/I. EARLY CHILDHOOD EDUCATION/DRILLS/EARLY CHILDHOOD ED. PART 9.pdf,"In assessing young children, the most appropriate approach is to use:",,,Standardized tests designed for older students,,"Observations, portfolios, checklists, and authentic tasks",,One large summative exam at the end of the year,,Nothing—assessment is not needed in early childhood,,,,B,Correct answer sourced from the PDF answer key: B.,LET Secondary,Early Childhood Education,Early Childhood Education,3,No,,0.96,Ready for Upload,LET Secondary Early Childhood Education Q&A. Correct answer sourced from PDF answer key.
536,11,2,EARLY CHILDHOOD ED. PART 9.pdf,/Users/lyndon/All reviewers/-LET REVIEWER 2026/C. MAJOR SUBJECTS/I. EARLY CHILDHOOD EDUCATION/DRILLS/EARLY CHILDHOOD ED. PART 9.pdf,"A teacher notices that one child uses scissors with difficulty and cannot easily cut along a straight line. The teacher plans fine-motor activities (e.g., threading beads, clipping clothes-pegs) to support development. This is an example of:",,,Ignoring the child until grade school,,Remedial instruction only,,Scaffolding developmental needs,,Punishing the child for being slow,,,,C,Correct answer sourced from the PDF answer key: C.,LET Secondary,Early Childhood Education,Early Childhood Education,3,No,,0.96,Ready for Upload,LET Secondary Early Childhood Education Q&A. Correct answer sourced from PDF answer key.
537,12,2,EARLY CHILDHOOD ED. PART 9.pdf,/Users/lyndon/All reviewers/-LET REVIEWER 2026/C. MAJOR SUBJECTS/I. EARLY CHILDHOOD EDUCATION/DRILLS/EARLY CHILDHOOD ED. PART 9.pdf,Which of the following is an example of a culturally responsive practice in an early childhood classroom in the Philippines?,,,Only using English‐language materials,,"Incorporating children’s home languages, traditions and experiences into classroom routines",,Using only imported toys and books,,Ignoring children’s backgrounds,,,,B,Correct answer sourced from the PDF answer key: B.,LET Secondary,Early Childhood Education,Early Childhood Education,3,No,,0.96,Ready for Upload,LET Secondary Early Childhood Education Q&A. Correct answer sourced from PDF answer key.
538,13,2,EARLY CHILDHOOD ED. PART 9.pdf,/Users/lyndon/All reviewers/-LET REVIEWER 2026/C. MAJOR SUBJECTS/I. EARLY CHILDHOOD EDUCATION/DRILLS/EARLY CHILDHOOD ED. PART 9.pdf,The teacher invites a parent to the classroom to share a family tradition and brings materials related to it. This describes effective practice in:,,,Behavior management,,"Family, school, and community partnership",,Competitive grouping,,Standardized testing,,,,B,Correct answer sourced from the PDF answer key: B.,LET Secondary,Early Childhood Education,Early Childhood Education,3,No,,0.96,Ready for Upload,LET Secondary Early Childhood Education Q&A. Correct answer sourced from PDF answer key.
539,14,2,EARLY CHILDHOOD ED. PART 9.pdf,/Users/lyndon/All reviewers/-LET REVIEWER 2026/C. MAJOR SUBJECTS/I. EARLY CHILDHOOD EDUCATION/DRILLS/EARLY CHILDHOOD ED. PART 9.pdf,A preschool teacher uses a puppet show to help children understand sharing and taking turns. This strategy is primarily addressing children’s:,,,Physical development,,Social and emotional development,,Mathematical computation skills,,Scientific reasoning,,,,B,Correct answer sourced from the PDF answer key: B.,LET Secondary,Early Childhood Education,Early Childhood Education,3,No,,0.96,Ready for Upload,LET Secondary Early Childhood Education Q&A. Correct answer sourced from PDF answer key.
540,15,2,EARLY CHILDHOOD ED. PART 9.pdf,/Users/lyndon/All reviewers/-LET REVIEWER 2026/C. MAJOR SUBJECTS/I. EARLY CHILDHOOD EDUCATION/DRILLS/EARLY CHILDHOOD ED. PART 9.pdf,"In early childhood education, the role of the teacher is best characterized as:",,,Sole dispenser of knowledge,,"Facilitator of learning experiences, observer, and guide",,Sole grader of children’s output,,Discourager of exploration,,,,B,Correct answer sourced from the PDF answer key: B.,LET Secondary,Early Childhood Education,Early Childhood Education,3,No,,0.96,Ready for Upload,LET Secondary Early Childhood Education Q&A. Correct answer sourced from PDF answer key.
541,16,2,EARLY CHILDHOOD ED. PART 9.pdf,/Users/lyndon/All reviewers/-LET REVIEWER 2026/C. MAJOR SUBJECTS/I. EARLY CHILDHOOD EDUCATION/DRILLS/EARLY CHILDHOOD ED. PART 9.pdf,Which of the following is true about infant and toddler programs (birth to 3 yrs) rather than preschool programs?,,,Emphasize seat-work and worksheets,,"Give priority to physical safety, attachment relationships, and sensory-motor experiences",,Require formal academic instruction,,Use college-level textbooks,,,,B,Correct answer sourced from the PDF answer key: B.,LET Secondary,Early Childhood Education,Early Childhood Education,3,No,,0.96,Ready for Upload,LET Secondary Early Childhood Education Q&A. Correct answer sourced from PDF answer key.
542,17,2,EARLY CHILDHOOD ED. PART 9.pdf,/Users/lyndon/All reviewers/-LET REVIEWER 2026/C. MAJOR SUBJECTS/I. EARLY CHILDHOOD EDUCATION/DRILLS/EARLY CHILDHOOD ED. PART 9.pdf,A child says: “Yesterday I goed to the store.” The teacher knows that the error “goed” is part of normal language development. This is an example of:,,,Lack of language exposure,,A clinical speech problem,,Morphological overgeneralization typical of language learning,,No progress in language development,,,,C,Correct answer sourced from the PDF answer key: C.,LET Secondary,Early Childhood Education,Early Childhood Education,3,No,,0.96,Ready for Upload,LET Secondary Early Childhood Education Q&A. Correct answer sourced from PDF answer key.
543,18,2,EARLY CHILDHOOD ED. PART 9.pdf,/Users/lyndon/All reviewers/-LET REVIEWER 2026/C. MAJOR SUBJECTS/I. EARLY CHILDHOOD EDUCATION/DRILLS/EARLY CHILDHOOD ED. PART 9.pdf,Which of the following is a key component when designing a play-based learning center in an early childhood classroom?,,,Ensuring only academic drills are present,,Having fixed instructions and no options,,"Providing open‐ended materials, such as blocks, art supplies, and dramatic‐play props",,Requiring children to finish worksheets before playing,,,,C,Correct answer sourced from the PDF answer key: C.,LET Secondary,Early Childhood Education,Early Childhood Education,3,No,,0.96,Ready for Upload,LET Secondary Early Childhood Education Q&A. Correct answer sourced from PDF answer key.
544,19,2,EARLY CHILDHOOD ED. PART 9.pdf,/Users/lyndon/All reviewers/-LET REVIEWER 2026/C. MAJOR SUBJECTS/I. EARLY CHILDHOOD EDUCATION/DRILLS/EARLY CHILDHOOD ED. PART 9.pdf,"A teacher uses a checklist to record behaviors such as “initiates play with others”, “uses scissors safely”, and “counts objects up to 10”. This is a form of:",,,Norm‐referenced test,,Portfolio assessment,,Informal observational assessment,,None of the above Ultimate LET Reviewer 2025/2026 Brilliant Teach PH Reviewer,,,,C,Correct answer sourced from the PDF answer key: C.,LET Secondary,Early Childhood Education,Early Childhood Education,3,No,,0.96,Ready for Upload,LET Secondary Early Childhood Education Q&A. Correct answer sourced from PDF answer key.
545,20,3,EARLY CHILDHOOD ED. PART 9.pdf,/Users/lyndon/All reviewers/-LET REVIEWER 2026/C. MAJOR SUBJECTS/I. EARLY CHILDHOOD EDUCATION/DRILLS/EARLY CHILDHOOD ED. PART 9.pdf,"According to the Philippine Early Childhood Education curriculum, “Health, Nutrition and Safety” is a priority area. The teacher ensures children wash hands, eat nutritious meals, and are taught safety routines. This corresponds to which domain of development?",,,Cognitive,,Psychosocial,,Physical/health,,Aesthetic,,,,C,Correct answer sourced from the PDF answer key: C.,LET Secondary,Early Childhood Education,Early Childhood Education,3,No,,0.96,Ready for Upload,LET Secondary Early Childhood Education Q&A. Correct answer sourced from PDF answer key.
546,21,3,EARLY CHILDHOOD ED. PART 9.pdf,/Users/lyndon/All reviewers/-LET REVIEWER 2026/C. MAJOR SUBJECTS/I. EARLY CHILDHOOD EDUCATION/DRILLS/EARLY CHILDHOOD ED. PART 9.pdf,"When implementing the Mother Tongue‐Based Multilingual Education (MTB-MLE) approach for early childhood, the teacher should:",,,Use only English during the entire session,,"Use the child’s first language for instruction, gradually introduce Filipino and English",,Ignore the child’s first language,,Teach only Filipino and English from day one,,,,B,Correct answer sourced from the PDF answer key: B.,LET Secondary,Early Childhood Education,Early Childhood Education,3,No,,0.96,Ready for Upload,LET Secondary Early Childhood Education Q&A. Correct answer sourced from PDF answer key.
547,22,3,EARLY CHILDHOOD ED. PART 9.pdf,/Users/lyndon/All reviewers/-LET REVIEWER 2026/C. MAJOR SUBJECTS/I. EARLY CHILDHOOD EDUCATION/DRILLS/EARLY CHILDHOOD ED. PART 9.pdf,"In inclusive early childhood settings, universal design for learning (UDL) means:",,,Providing the exact same material for everyone,,Designing flexible learning environments to accommodate all children including those with disabilities,,Excluding learners with special needs,,Using rigid lesson plans,,,,B,Correct answer sourced from the PDF answer key: B.,LET Secondary,Early Childhood Education,Early Childhood Education,3,No,,0.96,Ready for Upload,LET Secondary Early Childhood Education Q&A. Correct answer sourced from PDF answer key.
548,23,3,EARLY CHILDHOOD ED. PART 9.pdf,/Users/lyndon/All reviewers/-LET REVIEWER 2026/C. MAJOR SUBJECTS/I. EARLY CHILDHOOD EDUCATION/DRILLS/EARLY CHILDHOOD ED. PART 9.pdf,"A preschool class is arranged so that different activity stations rotate every 10 minutes: art, blocks, dramatic play, language, and science. The teacher uses this to foster:",,,Single subject focus only,,A rigid schedule with no movement,,Differentiated learning and varying modalities of engagement,,Entirely teacher‐led whole-group lessons,,,,C,Correct answer sourced from the PDF answer key: C.,LET Secondary,Early Childhood Education,Early Childhood Education,3,No,,0.96,Ready for Upload,LET Secondary Early Childhood Education Q&A. Correct answer sourced from PDF answer key.
549,24,3,EARLY CHILDHOOD ED. PART 9.pdf,/Users/lyndon/All reviewers/-LET REVIEWER 2026/C. MAJOR SUBJECTS/I. EARLY CHILDHOOD EDUCATION/DRILLS/EARLY CHILDHOOD ED. PART 9.pdf,Which strategy best supports children’s emergent literacy development?,,,Giving children long textbooks to read individually,,"Reading aloud daily, discussing books, providing writing materials and encouraging scribbles and letters",,Waiting until grade school to introduce writing,,Prohibiting children from drawing,,,,B,Correct answer sourced from the PDF answer key: B.,LET Secondary,Early Childhood Education,Early Childhood Education,3,No,,0.96,Ready for Upload,LET Secondary Early Childhood Education Q&A. Correct answer sourced from PDF answer key.
550,25,3,EARLY CHILDHOOD ED. PART 9.pdf,/Users/lyndon/All reviewers/-LET REVIEWER 2026/C. MAJOR SUBJECTS/I. EARLY CHILDHOOD EDUCATION/DRILLS/EARLY CHILDHOOD ED. PART 9.pdf,"A teacher provides manipulatives (counters, beads) and asks children to explore and sort by color, count how many, and compare sets. This activity supports which mathematical concept domain?",,,Trigonometry,,Algebraic equations,,Early number sense and classification,,College‐level calculus,,,,C,Correct answer sourced from the PDF answer key: C.,LET Secondary,Early Childhood Education,Early Childhood Education,3,No,,0.96,Ready for Upload,LET Secondary Early Childhood Education Q&A. Correct answer sourced from PDF answer key.
551,26,3,EARLY CHILDHOOD ED. PART 9.pdf,/Users/lyndon/All reviewers/-LET REVIEWER 2026/C. MAJOR SUBJECTS/I. EARLY CHILDHOOD EDUCATION/DRILLS/EARLY CHILDHOOD ED. PART 9.pdf,"A classroom has a “science and discovery corner” with magnifying glasses, plants, water table, and natural objects. This best supports:",,,Memorization of facts,,Rote drill of experiments,,"Inquiry, exploration, and experiential learning",,Standardized test preparation,,,,C,Correct answer sourced from the PDF answer key: C.,LET Secondary,Early Childhood Education,Early Childhood Education,3,No,,0.96,Ready for Upload,LET Secondary Early Childhood Education Q&A. Correct answer sourced from PDF answer key.
552,27,3,EARLY CHILDHOOD ED. PART 9.pdf,/Users/lyndon/All reviewers/-LET REVIEWER 2026/C. MAJOR SUBJECTS/I. EARLY CHILDHOOD EDUCATION/DRILLS/EARLY CHILDHOOD ED. PART 9.pdf,"A teacher assesses children’s readiness for formal schooling by using multiple sources of evidence (observations, parent interview, portfolio) rather than relying on a single test. This practice aligns with:",,,High‐stakes testing philosophy,,Developmentally appropriate assessment in early childhood,,Ignoring assessment altogether,,Grading children in preschool with letter grades A–F,,,,B,Correct answer sourced from the PDF answer key: B.,LET Secondary,Early Childhood Education,Early Childhood Education,3,No,,0.96,Ready for Upload,LET Secondary Early Childhood Education Q&A. Correct answer sourced from PDF answer key.
553,28,3,EARLY CHILDHOOD ED. PART 9.pdf,/Users/lyndon/All reviewers/-LET REVIEWER 2026/C. MAJOR SUBJECTS/I. EARLY CHILDHOOD EDUCATION/DRILLS/EARLY CHILDHOOD ED. PART 9.pdf,"When managing children’s behaviour in early childhood settings, best practice emphasises:",,,Harsh discipline to ensure order,,"Setting clear expectations, modelling, positive reinforcement, and supporting self‐regulation",,Ignoring misbehaviour entirely,,Segregating children who misbehave,,,,B,Correct answer sourced from the PDF answer key: B.,LET Secondary,Early Childhood Education,Early Childhood Education,3,No,,0.96,Ready for Upload,LET Secondary Early Childhood Education Q&A. Correct answer sourced from PDF answer key.
554,29,3,EARLY CHILDHOOD ED. PART 9.pdf,/Users/lyndon/All reviewers/-LET REVIEWER 2026/C. MAJOR SUBJECTS/I. EARLY CHILDHOOD EDUCATION/DRILLS/EARLY CHILDHOOD ED. PART 9.pdf,"The teacher uses songs and movement activities every morning to support children’s physical coordination, listening skills and social interaction. This illustrates integrating:",,,Only academic content,,No physical activity Ultimate LET Reviewer 2025/2026 Brilliant Teach PH Reviewer,,"Movement, music, social, and cognitive learning through arts and motor experience",,Independent silent worksheets,,,,C,Correct answer sourced from the PDF answer key: C.,LET Secondary,Early Childhood Education,Early Childhood Education,3,No,,0.96,Ready for Upload,LET Secondary Early Childhood Education Q&A. Correct answer sourced from PDF answer key.
555,30,4,EARLY CHILDHOOD ED. PART 9.pdf,/Users/lyndon/All reviewers/-LET REVIEWER 2026/C. MAJOR SUBJECTS/I. EARLY CHILDHOOD EDUCATION/DRILLS/EARLY CHILDHOOD ED. PART 9.pdf,A teacher engages children in planning their own classroom routines and selecting what materials to use for their centre time. This reflects promoting:,,,Passive compliance,,"Choice, agency, and self‐regulation in early childhood learning",,Teacher domination,,Only worksheets,,,,B,Correct answer sourced from the PDF answer key: B.,LET Secondary,Early Childhood Education,Early Childhood Education,3,No,,0.96,Ready for Upload,LET Secondary Early Childhood Education Q&A. Correct answer sourced from PDF answer key.
556,31,4,EARLY CHILDHOOD ED. PART 9.pdf,/Users/lyndon/All reviewers/-LET REVIEWER 2026/C. MAJOR SUBJECTS/I. EARLY CHILDHOOD EDUCATION/DRILLS/EARLY CHILDHOOD ED. PART 9.pdf,"In assessing young children’s growth in social‐emotional development, the teacher should look for evidence of:",,,Only academic scores,,"Ability to identify emotions, to share, to cooperate, to regulate impulses",,How fast they finish worksheets,,How many books they memorised,,,,B,Correct answer sourced from the PDF answer key: B.,LET Secondary,Early Childhood Education,Early Childhood Education,3,No,,0.96,Ready for Upload,LET Secondary Early Childhood Education Q&A. Correct answer sourced from PDF answer key.
557,32,4,EARLY CHILDHOOD ED. PART 9.pdf,/Users/lyndon/All reviewers/-LET REVIEWER 2026/C. MAJOR SUBJECTS/I. EARLY CHILDHOOD EDUCATION/DRILLS/EARLY CHILDHOOD ED. PART 9.pdf,The early childhood curriculum includes “Management of Early Childhood Education Programs” as a priority area. Which of the following is not a typical responsibility of the program manager/teacher in this area?,,,"Ensuring safe, child‐friendly physical environment",,"Scheduling, budgeting, staffing, and family engagement",,Providing ongoing professional development for teachers,,Evaluating stock market investments of the centre,,,,D,Correct answer sourced from the PDF answer key: D.,LET Secondary,Early Childhood Education,Early Childhood Education,3,No,,0.96,Ready for Upload,LET Secondary Early Childhood Education Q&A. Correct answer sourced from PDF answer key.
558,33,4,EARLY CHILDHOOD ED. PART 9.pdf,/Users/lyndon/All reviewers/-LET REVIEWER 2026/C. MAJOR SUBJECTS/I. EARLY CHILDHOOD EDUCATION/DRILLS/EARLY CHILDHOOD ED. PART 9.pdf,Which type of research is most appropriate for improving early childhood practice in a classroom setting?,,,Large‐scale laboratory experiment with adults,,Action research conducted by the teacher to test a strategy with children,,A survey of high school seniors about college majors,,Meta‐analysis of pharmaceutical trials,,,,B,Correct answer sourced from the PDF answer key: B.,LET Secondary,Early Childhood Education,Early Childhood Education,3,No,,0.96,Ready for Upload,LET Secondary Early Childhood Education Q&A. Correct answer sourced from PDF answer key.
559,34,4,EARLY CHILDHOOD ED. PART 9.pdf,/Users/lyndon/All reviewers/-LET REVIEWER 2026/C. MAJOR SUBJECTS/I. EARLY CHILDHOOD EDUCATION/DRILLS/EARLY CHILDHOOD ED. PART 9.pdf,A teacher notes that a preschooler often wants to do everything by herself and sometimes becomes frustrated when others interfere. The teacher recognises this as a normative developmental milestone and supports the child by offering choices and scaffolding. This reflects knowledge of:,,,Only academic curriculum demands,,Normative development and differentiated support,,Expectation that children all behave uniformly,,Ignoring emotional cues,,,,B,Correct answer sourced from the PDF answer key: B.,LET Secondary,Early Childhood Education,Early Childhood Education,3,No,,0.96,Ready for Upload,LET Secondary Early Childhood Education Q&A. Correct answer sourced from PDF answer key.
560,35,4,EARLY CHILDHOOD ED. PART 9.pdf,/Users/lyndon/All reviewers/-LET REVIEWER 2026/C. MAJOR SUBJECTS/I. EARLY CHILDHOOD EDUCATION/DRILLS/EARLY CHILDHOOD ED. PART 9.pdf,Which of the following is an appropriate goal for early childhood education according to best practices?,,,Ensure children know all letters and numbers before grade school,,"Promote holistic development—physical, cognitive, social, emotional, and ethical",,Focus exclusively on academic readiness drills,,Prepare children only for entrance exams,,,,B,Correct answer sourced from the PDF answer key: B.,LET Secondary,Early Childhood Education,Early Childhood Education,3,No,,0.96,Ready for Upload,LET Secondary Early Childhood Education Q&A. Correct answer sourced from PDF answer key.
561,36,4,EARLY CHILDHOOD ED. PART 9.pdf,/Users/lyndon/All reviewers/-LET REVIEWER 2026/C. MAJOR SUBJECTS/I. EARLY CHILDHOOD EDUCATION/DRILLS/EARLY CHILDHOOD ED. PART 9.pdf,"A preschool teacher uses a storybook, then asks children to role‐play the characters, discuss motivations and suggest alternate endings. This method primarily fosters:",,,Passive listening only,,"Higher‐order thinking—analysis, evaluation, creation",,Memorisation of text,,One‐way teaching,,,,B,Correct answer sourced from the PDF answer key: B.,LET Secondary,Early Childhood Education,Early Childhood Education,3,No,,0.96,Ready for Upload,LET Secondary Early Childhood Education Q&A. Correct answer sourced from PDF answer key.
562,37,4,EARLY CHILDHOOD ED. PART 9.pdf,/Users/lyndon/All reviewers/-LET REVIEWER 2026/C. MAJOR SUBJECTS/I. EARLY CHILDHOOD EDUCATION/DRILLS/EARLY CHILDHOOD ED. PART 9.pdf,"The teacher uses an assessment tool that tracks children’s progress in language, motor, social skills, and cognition across time. This longitudinal view is important because:",,,It allows comparing children to each other only,,It ignores individual growth,,It acknowledges individual differences and growth trajectories,,It replaces teacher judgement entirely,,,,C,Correct answer sourced from the PDF answer key: C.,LET Secondary,Early Childhood Education,Early Childhood Education,3,No,,0.96,Ready for Upload,LET Secondary Early Childhood Education Q&A. Correct answer sourced from PDF answer key.
563,38,4,EARLY CHILDHOOD ED. PART 9.pdf,/Users/lyndon/All reviewers/-LET REVIEWER 2026/C. MAJOR SUBJECTS/I. EARLY CHILDHOOD EDUCATION/DRILLS/EARLY CHILDHOOD ED. PART 9.pdf,"In early childhood science instruction, the teacher can integrate language by asking children to describe what happens when plants are watered, ask predictions, and record observations. This exemplifies:",,,Science isolated from other domains,,"Multi-domain integration – language, science, cognitive development",,Only memorising the water cycle,,No experimentation at all,,,,B,Correct answer sourced from the PDF answer key: B.,LET Secondary,Early Childhood Education,Early Childhood Education,3,No,,0.96,Ready for Upload,LET Secondary Early Childhood Education Q&A. Correct answer sourced from PDF answer key.
564,39,4,EARLY CHILDHOOD ED. PART 9.pdf,/Users/lyndon/All reviewers/-LET REVIEWER 2026/C. MAJOR SUBJECTS/I. EARLY CHILDHOOD EDUCATION/DRILLS/EARLY CHILDHOOD ED. PART 9.pdf,Which of the following statements is consistent with the Code of Ethics for Professional Teachers in the Philippines when applied to early childhood? Ultimate LET Reviewer 2025/2026 Brilliant Teach PH Reviewer,,,The teacher should prioritise test scores over children’s wellbeing,,"The teacher should respect children’s dignity, promote inclusive and equitable learning, and work collaboratively with families and community",,The teacher should ignore parents’ concerns,,The teacher should withhold support unless children reach grade-school readiness,,,,B,Correct answer sourced from the PDF answer key: B.,LET Secondary,Early Childhood Education,Early Childhood Education,3,No,,0.96,Ready for Upload,LET Secondary Early Childhood Education Q&A. Correct answer sourced from PDF answer key.
565,40,5,EARLY CHILDHOOD ED. PART 9.pdf,/Users/lyndon/All reviewers/-LET REVIEWER 2026/C. MAJOR SUBJECTS/I. EARLY CHILDHOOD EDUCATION/DRILLS/EARLY CHILDHOOD ED. PART 9.pdf,"A preschool centre posts daily routines, uses visuals and gestures, provides consistent cues for transitions, and gives warnings before moving to a new activity. This practice primarily helps children:",,,Stay passive during transitions,,Develop self-regulation and a sense of security through predictable routines,,Become bored with repetition,,Ignore the schedule,,,,B,Correct answer sourced from the PDF answer key: B.,LET Secondary,Early Childhood Education,Early Childhood Education,3,No,,0.96,Ready for Upload,LET Secondary Early Childhood Education Q&A. Correct answer sourced from PDF answer key.
566,41,5,EARLY CHILDHOOD ED. PART 9.pdf,/Users/lyndon/All reviewers/-LET REVIEWER 2026/C. MAJOR SUBJECTS/I. EARLY CHILDHOOD EDUCATION/DRILLS/EARLY CHILDHOOD ED. PART 9.pdf,"In the early childhood classroom, a teacher places natural materials (stones, leaves, shells) along with magnifying glasses in a discovery tray. This strategy is grounded in which pedagogical principle?",,,Children learn best through memorizing abstract facts,,Children learn best when they can manipulate real materials and engage in sensory‐motor exploration,,"Children should only draw pictures of leaves, not handle real ones",,Worksheets are the main method,,,,B,Correct answer sourced from the PDF answer key: B.,LET Secondary,Early Childhood Education,Early Childhood Education,3,No,,0.96,Ready for Upload,LET Secondary Early Childhood Education Q&A. Correct answer sourced from PDF answer key.
567,42,5,EARLY CHILDHOOD ED. PART 9.pdf,/Users/lyndon/All reviewers/-LET REVIEWER 2026/C. MAJOR SUBJECTS/I. EARLY CHILDHOOD EDUCATION/DRILLS/EARLY CHILDHOOD ED. PART 9.pdf,"According to research on early brain development, the majority of a child’s brain growth in terms of synapses occurs by what age?",,,Age 1,,Age 3,,Age 5,,Age 10,,,,C,Correct answer sourced from the PDF answer key: C.,LET Secondary,Early Childhood Education,Early Childhood Education,3,No,,0.96,Ready for Upload,LET Secondary Early Childhood Education Q&A. Correct answer sourced from PDF answer key.
568,43,5,EARLY CHILDHOOD ED. PART 9.pdf,/Users/lyndon/All reviewers/-LET REVIEWER 2026/C. MAJOR SUBJECTS/I. EARLY CHILDHOOD EDUCATION/DRILLS/EARLY CHILDHOOD ED. PART 9.pdf,"A preschool teacher reads aloud to children and uses “book‐talk” strategies: asking questions, making predictions, connecting to children’s experiences. This supports emergent literacy by developing:",,,Only vocabulary and comprehension,,"Vocabulary, comprehension, motivation to read, print awareness",,Only recognition of letters,,Only writing skills,,,,B,Correct answer sourced from the PDF answer key: B.,LET Secondary,Early Childhood Education,Early Childhood Education,3,No,,0.96,Ready for Upload,LET Secondary Early Childhood Education Q&A. Correct answer sourced from PDF answer key.
569,44,5,EARLY CHILDHOOD ED. PART 9.pdf,/Users/lyndon/All reviewers/-LET REVIEWER 2026/C. MAJOR SUBJECTS/I. EARLY CHILDHOOD EDUCATION/DRILLS/EARLY CHILDHOOD ED. PART 9.pdf,"In designing inclusive early childhood classrooms, the teacher ensures that seating, tables, and materials are physically accessible to children using mobility aids. This reflects:",,,Universal design for learning (UDL) in the physical environment,,Separating children with mobility aids into special rooms,,Ignoring children’s physical needs,,Rigid seating only,,,,A,Correct answer sourced from the PDF answer key: A.,LET Secondary,Early Childhood Education,Early Childhood Education,3,No,,0.96,Ready for Upload,LET Secondary Early Childhood Education Q&A. Correct answer sourced from PDF answer key.
570,45,5,EARLY CHILDHOOD ED. PART 9.pdf,/Users/lyndon/All reviewers/-LET REVIEWER 2026/C. MAJOR SUBJECTS/I. EARLY CHILDHOOD EDUCATION/DRILLS/EARLY CHILDHOOD ED. PART 9.pdf,"When a child shows repeated challenging behaviour (e.g., extreme tantrums), the teacher collaborates with a specialist, the family and uses functional behaviour assessment rather than relying solely on punishment. This practice is recommended because it:",,,Places blame on the child only,,Addresses the root causes of behaviour and supports positive change,,Uses zero tolerance only,,Excludes the child from the group,,,,B,Correct answer sourced from the PDF answer key: B.,LET Secondary,Early Childhood Education,Early Childhood Education,3,No,,0.96,Ready for Upload,LET Secondary Early Childhood Education Q&A. Correct answer sourced from PDF answer key.
571,46,5,EARLY CHILDHOOD ED. PART 9.pdf,/Users/lyndon/All reviewers/-LET REVIEWER 2026/C. MAJOR SUBJECTS/I. EARLY CHILDHOOD EDUCATION/DRILLS/EARLY CHILDHOOD ED. PART 9.pdf,"Which of these is a valid reason for including “Creative Arts, Music, and Movements” as a priority area in the early childhood curriculum?",,,It is optional and less important than academics,,"It supports children’s self-expression, motor development, creativity and cultural awareness",,It delays academic learning indefinitely,,It ignores language and cognitive development,,,,B,Correct answer sourced from the PDF answer key: B.,LET Secondary,Early Childhood Education,Early Childhood Education,3,No,,0.96,Ready for Upload,LET Secondary Early Childhood Education Q&A. Correct answer sourced from PDF answer key.
572,47,5,EARLY CHILDHOOD ED. PART 9.pdf,/Users/lyndon/All reviewers/-LET REVIEWER 2026/C. MAJOR SUBJECTS/I. EARLY CHILDHOOD EDUCATION/DRILLS/EARLY CHILDHOOD ED. PART 9.pdf,"A teacher assesses children’s numeracy development by asking them to count objects, sort by attributes, and compare quantities rather than asking them to solve large arithmetic problems. This aligns with the early childhood focus on:",,,Formal algorithms,,Foundation number sense and reasoning,,Only rote counting,,Skip numeracy until grade school,,,,B,Correct answer sourced from the PDF answer key: B.,LET Secondary,Early Childhood Education,Early Childhood Education,3,No,,0.96,Ready for Upload,LET Secondary Early Childhood Education Q&A. Correct answer sourced from PDF answer key.
573,48,5,EARLY CHILDHOOD ED. PART 9.pdf,/Users/lyndon/All reviewers/-LET REVIEWER 2026/C. MAJOR SUBJECTS/I. EARLY CHILDHOOD EDUCATION/DRILLS/EARLY CHILDHOOD ED. PART 9.pdf,"In the Philippines, the early childhood teacher advocates for integrated early childhood programmes, where the family, school, community and local government units collaborate. This is important because:",,,The teacher works independently only,,"Children’s development is influenced by multiple contexts – home, community, culture Ultimate LET Reviewer 2025/2026 Brilliant Teach PH Reviewer",,Community involvement is irrelevant,,Only textbooks matter,,,,B,Correct answer sourced from the PDF answer key: B.,LET Secondary,Early Childhood Education,Early Childhood Education,3,No,,0.96,Ready for Upload,LET Secondary Early Childhood Education Q&A. Correct answer sourced from PDF answer key.
574,49,6,EARLY CHILDHOOD ED. PART 9.pdf,/Users/lyndon/All reviewers/-LET REVIEWER 2026/C. MAJOR SUBJECTS/I. EARLY CHILDHOOD EDUCATION/DRILLS/EARLY CHILDHOOD ED. PART 9.pdf,Which of the following is the most developmentally appropriate way to group children in a 4-year-old class for an activity?,,,By ability and never changing groups,,"By age, and allow flexible grouping based on children’s interest or readiness",,By gender only,,Randomly seating children without purpose,,,,B,Correct answer sourced from the PDF answer key: B.,LET Secondary,Early Childhood Education,Early Childhood Education,3,No,,0.96,Ready for Upload,LET Secondary Early Childhood Education Q&A. Correct answer sourced from PDF answer key.
575,50,6,EARLY CHILDHOOD ED. PART 9.pdf,/Users/lyndon/All reviewers/-LET REVIEWER 2026/C. MAJOR SUBJECTS/I. EARLY CHILDHOOD EDUCATION/DRILLS/EARLY CHILDHOOD ED. PART 9.pdf,The teacher reflects on her instructional practice by asking: “Did I provide opportunities for children’s choice? Did I scaffold rather than direct? Did I include families’ voices?” This reflection is an example of:,,,Static teaching practice,,Teacher as reflective practitioner committed to continuous improvement,,Ignoring professional growth,,Solely focusing on test preparation Ultimate LET Reviewer 2025/2026 Brilliant Teach PH Reviewer LET Reviewer Early Childhood Education Part 1 2025/2026,,,,B,Correct answer sourced from the PDF answer key: B.,LET Secondary,Early Childhood Education,Early Childhood Education,3,No,,0.96,Ready for Upload,LET Secondary Early Childhood Education Q&A. Correct answer sourced from PDF answer key.
