No.,Page,Source PDF,Question,Choice A,Choice B,Choice C,Choice D,Choice E if there is,Correct Answer,Explanation,Exam Type,Subject Category,Difficulty,Has Image,Image Reference,Status,Notes
1,1,5. LET GENERAL EDUCATION Q&A WITH ANSWER KEYS.pdf,"A tenant as awarded a house and lot package worth P 180, 000.00. She has to pay package for 20 years at 9% per annum. How much will the house and lot cost after 20 years?","604, 000","504, 000","704, 000","500, 00",,B,,Both,General Education,Cannot Determine,No,,Ready for Upload,Shared Gen Ed LET reviewer; answer key appears at the end of the PDF.
2,1,5. LET GENERAL EDUCATION Q&A WITH ANSWER KEYS.pdf,The student leader was suspended because:,He felt responsible for his deeds,He violated school regulation,He was motivated to rebel,He listened to the elders,,B,,Both,General Education,Cannot Determine,No,,Ready for Upload,Shared Gen Ed LET reviewer; answer key appears at the end of the PDF.
3,1,5. LET GENERAL EDUCATION Q&A WITH ANSWER KEYS.pdf,"What should you do if the situation says, “what you spent years building may be destroyed overnight.”",Help people anyway,Build some anyway,Do away with things done,Do good anyway,,D,,Both,General Education,Cannot Determine,No,,Ready for Upload,Shared Gen Ed LET reviewer; answer key appears at the end of the PDF.
4,1,5. LET GENERAL EDUCATION Q&A WITH ANSWER KEYS.pdf,What is the exponential function of Y = f (x)?,y = 2x – 1,y = 5x2,y = x-1,y = x-5,,B,,Both,General Education,Cannot Determine,No,,Ready for Upload,Shared Gen Ed LET reviewer; answer key appears at the end of the PDF.
5,1,5. LET GENERAL EDUCATION Q&A WITH ANSWER KEYS.pdf,"A child was turned over to an orphanage requesting confidentiality of her parents. One day, the child demands the full disclosure of her mother’s name. She went to count. What was the right asserted in this case?",Right of an individual to have a real mother,Right of individuals to proper identity,Right of individual of parents to keep the confidentiality of the child’s parenteral name,Right of individuals to have parents,,B,,Both,General Education,Cannot Determine,No,,Ready for Upload,Shared Gen Ed LET reviewer; answer key appears at the end of the PDF.
6,1,5. LET GENERAL EDUCATION Q&A WITH ANSWER KEYS.pdf,Nobel Prize winners are chosen from different levels. Where was Pres. Quirino considered?,Politics,Literature,Human rights,Economics,,D,,Both,General Education,Cannot Determine,No,,Ready for Upload,Shared Gen Ed LET reviewer; answer key appears at the end of the PDF.
7,1,5. LET GENERAL EDUCATION Q&A WITH ANSWER KEYS.pdf,Religious instruction in public schools according to the Constitution should be:,with parent consent,invitational,compulsory,church organization,,A,,Both,General Education,Cannot Determine,No,,Ready for Upload,Shared Gen Ed LET reviewer; answer key appears at the end of the PDF.
8,1,5. LET GENERAL EDUCATION Q&A WITH ANSWER KEYS.pdf,"Julio son is graduating. He sent his son three packages of 8 ½ kg, 10 ¼ and 2 ½ kg. What is the total of the packages sent?",20 ¼ kg,21 ¼ kg,18 ½ kg,23 2/2 kg,,B,,Both,General Education,Cannot Determine,No,,Ready for Upload,Shared Gen Ed LET reviewer; answer key appears at the end of the PDF.
9,1,5. LET GENERAL EDUCATION Q&A WITH ANSWER KEYS.pdf,Wild plants and animals that stay deposited for thousand of years are known for the source of:,Gas,mineral,oil,pearls,,C,,Both,General Education,Cannot Determine,No,,Ready for Upload,Shared Gen Ed LET reviewer; answer key appears at the end of the PDF.
10,1,5. LET GENERAL EDUCATION Q&A WITH ANSWER KEYS.pdf,Alin and tamang babala sa pagtatapon ng basura?,"Gamitin and basurahan sa inyong bahay, huwag dito",Dito and tambakan ng basura,Huwag mag-tapon ng basura dito,Huwag mag-ipon ng basura dito,,C,,Both,General Education,Cannot Determine,No,,Ready for Upload,Shared Gen Ed LET reviewer; answer key appears at the end of the PDF.
11,1,5. LET GENERAL EDUCATION Q&A WITH ANSWER KEYS.pdf,"Every year, income taxes are filed by payer of 18 years and above. How do government and company workers pay their taxes?",Advance credit,Withholding taxes monthly,Salary deduction,Cash payment on march 15,,B,,Both,General Education,Cannot Determine,No,,Ready for Upload,Shared Gen Ed LET reviewer; answer key appears at the end of the PDF.
12,1,5. LET GENERAL EDUCATION Q&A WITH ANSWER KEYS.pdf,Noong unang panahon ang madalas sa entablado ay:,balagtasan,pasyon,sarswela,drama,,C,,Both,General Education,Cannot Determine,No,,Ready for Upload,Shared Gen Ed LET reviewer; answer key appears at the end of the PDF.
13,1,5. LET GENERAL EDUCATION Q&A WITH ANSWER KEYS.pdf,Theres had been recent bank runs and bank closures. How much of the deposits is covered for reimbursement by the PDIC or Philippine Deposit and insurance corporation:,P 100 thousand,P100 million,P 50 thousand,2 million,,A,,Both,General Education,Cannot Determine,No,,Ready for Upload,Shared Gen Ed LET reviewer; answer key appears at the end of the PDF.
14,1,5. LET GENERAL EDUCATION Q&A WITH ANSWER KEYS.pdf,"Gemillina is a tree propagated lately for electrical posts. However, this specie was found destructive if allowed to stay long since",The tree is not resistant to wind,The roots absorb a lot of water,The body spreads wide,The bark is filled with woms,,B,,Both,General Education,Cannot Determine,No,,Ready for Upload,Shared Gen Ed LET reviewer; answer key appears at the end of the PDF.
15,2,5. LET GENERAL EDUCATION Q&A WITH ANSWER KEYS.pdf,Inaugural programs are well attended because it is _________ held.,frequently,often times,seldom,rarely,,C,,Both,General Education,Cannot Determine,No,,Ready for Upload,Shared Gen Ed LET reviewer; answer key appears at the end of the PDF.
16,2,5. LET GENERAL EDUCATION Q&A WITH ANSWER KEYS.pdf,Progation of a new carabaao breed in Central Luzon State University is due to:,a sexual propagation,law of mutation,law of heredity,genetic cloning,,D,,Both,General Education,Cannot Determine,No,,Ready for Upload,Shared Gen Ed LET reviewer; answer key appears at the end of the PDF.
17,2,5. LET GENERAL EDUCATION Q&A WITH ANSWER KEYS.pdf,Children of obese parents have natural tendencies to be obese. Doctors advise parents on maintaining the right weight of children age 0-12 by:,giving balanced diets with accompanying exercise,reducing milk intake,"reducing intake of chocolates, candies and pasties",encouraging more intake of soda drinks,,A,,Both,General Education,Cannot Determine,No,,Ready for Upload,Shared Gen Ed LET reviewer; answer key appears at the end of the PDF.
18,2,5. LET GENERAL EDUCATION Q&A WITH ANSWER KEYS.pdf,Matapos alagaan at apakaining sa palad siya ay kinagat sa sariling kanang kamay. Ito’y may kahulugan sa:,katraydoran sa negosyo,kawalang utang na loob,kabastusan ng tao,kawalang galang sa matatanda,,B,,Both,General Education,Cannot Determine,No,,Ready for Upload,Shared Gen Ed LET reviewer; answer key appears at the end of the PDF.
19,2,5. LET GENERAL EDUCATION Q&A WITH ANSWER KEYS.pdf,A new copier machine was choses because:,its repair was free for six months,its guarantee was six months,its brand was recommended by the agent,its feature were ordinary,,B,,Both,General Education,Cannot Determine,No,,Ready for Upload,Shared Gen Ed LET reviewer; answer key appears at the end of the PDF.
20,2,5. LET GENERAL EDUCATION Q&A WITH ANSWER KEYS.pdf,Value formation is done through a process. Awareness is not enough. What is most lasting?,Preaching on values,Intellectualization,Modeling the value through a process,Posting slogans to the effect,,C,,Both,General Education,Cannot Determine,No,,Ready for Upload,Shared Gen Ed LET reviewer; answer key appears at the end of the PDF.
21,2,5. LET GENERAL EDUCATION Q&A WITH ANSWER KEYS.pdf,Ano ang nagbunsod ng pagbabago sa yugto ng panitikang Filipino?,Pagdating ng Amerikano sa bansa,Pag-aabuso ng kastilasa mamamayan,Pag-alis ng mga tao da kawit,"Panggunita kina Padre Gomez, Burgos at Zamora",,A,,Both,General Education,Cannot Determine,No,,Ready for Upload,Shared Gen Ed LET reviewer; answer key appears at the end of the PDF.
22,2,5. LET GENERAL EDUCATION Q&A WITH ANSWER KEYS.pdf,Recent bank runs into bankruptcy because of:,Corruption,Mismanagement,Flight of capital,Loss of capital,,D,,Both,General Education,Cannot Determine,No,,Ready for Upload,Shared Gen Ed LET reviewer; answer key appears at the end of the PDF.
23,2,5. LET GENERAL EDUCATION Q&A WITH ANSWER KEYS.pdf,The Philippine Group in Netherlands insists on holding peace talk outside the Philippines. Where is the best venue where people concerned can meet?,Philippine shores,Hongkong,Netherlands,United states,,C,,Both,General Education,Cannot Determine,No,,Ready for Upload,Shared Gen Ed LET reviewer; answer key appears at the end of the PDF.
24,2,5. LET GENERAL EDUCATION Q&A WITH ANSWER KEYS.pdf,There are to 2 big pineapple canning factories in the Philippines. Which is located in Cotabato?,Dole,Mama site,Del Monte,Purefoods,,A,,Both,General Education,Cannot Determine,No,,Ready for Upload,Shared Gen Ed LET reviewer; answer key appears at the end of the PDF.
25,2,5. LET GENERAL EDUCATION Q&A WITH ANSWER KEYS.pdf,Kitchen fuel that caused big conflagration in homes and cites are:,15:1,1:15,1:4,2:15,,B,,Both,General Education,Cannot Determine,No,,Ready for Upload,Shared Gen Ed LET reviewer; answer key appears at the end of the PDF.
26,2,5. LET GENERAL EDUCATION Q&A WITH ANSWER KEYS.pdf,Did you get the instructions? What is the appropriate answer?,Well and good,That’s OK,"Certainly, we did","Sorry, we didn’t",,C,,Both,General Education,Cannot Determine,No,,Ready for Upload,Shared Gen Ed LET reviewer; answer key appears at the end of the PDF.
27,2,5. LET GENERAL EDUCATION Q&A WITH ANSWER KEYS.pdf,Excursions are encouraged to allow participants to see places. All the 400 personnel fell ill. Doctors laboratory finding traced the cause to:,gabi,bulan,araw,ulan,,B,,Both,General Education,Cannot Determine,No,,Ready for Upload,Shared Gen Ed LET reviewer; answer key appears at the end of the PDF.
28,2,5. LET GENERAL EDUCATION Q&A WITH ANSWER KEYS.pdf,“Dangal ang puhunang sa baya’y pamana. Bago ang sarili ay bayan muna. “Ano ang payo ditto?,bayan muna bago ang sarili,"mamamayan muna, bago bayan",mahalaga ang nayan at sarili,sarili ang dapat unahin upang umunlad,,A,,Both,General Education,Cannot Determine,No,,Ready for Upload,Shared Gen Ed LET reviewer; answer key appears at the end of the PDF.
29,3,5. LET GENERAL EDUCATION Q&A WITH ANSWER KEYS.pdf,"After an airplane crash, passengers who choose a flight would say:",“A front seat would be safest.”,“I want a reservation on the back seat.”,“A middle aisle seat would allow easy escape.”,“A seat closest to the cockpit be given to me”,,D,,Both,General Education,Cannot Determine,No,,Ready for Upload,Shared Gen Ed LET reviewer; answer key appears at the end of the PDF.
30,3,5. LET GENERAL EDUCATION Q&A WITH ANSWER KEYS.pdf,"In June, classes in home economics are asked to prepare fruits into:",Preserved fruit juices,Conserved fruit juices,Preserved fruit confections,Preserved fruit products,,D,,Both,General Education,Cannot Determine,No,,Ready for Upload,Shared Gen Ed LET reviewer; answer key appears at the end of the PDF.
31,3,5. LET GENERAL EDUCATION Q&A WITH ANSWER KEYS.pdf,Which statement is true?,√5 is a rational number,0 is a positive number,√3 is a real number,√4 is an irrational number,,C,,Both,General Education,Cannot Determine,No,,Ready for Upload,Shared Gen Ed LET reviewer; answer key appears at the end of the PDF.
32,3,5. LET GENERAL EDUCATION Q&A WITH ANSWER KEYS.pdf,"Every December 10, schools and civic grouos gather to celebrate",Human rights Day,Mother’s Day,Independence Day,United Nation Day,,A,,Both,General Education,Cannot Determine,No,,Ready for Upload,Shared Gen Ed LET reviewer; answer key appears at the end of the PDF.
33,3,5. LET GENERAL EDUCATION Q&A WITH ANSWER KEYS.pdf,Form a sentence from these words. I. The senator II. As a legislator III. Although he raised his voice IV. Accepted several amendments,"II, I, IV, III","IV, III, II, I","I, II, III, IV","II, I, III, IV",,D,,Both,General Education,Cannot Determine,No,,Ready for Upload,Shared Gen Ed LET reviewer; answer key appears at the end of the PDF.
34,3,5. LET GENERAL EDUCATION Q&A WITH ANSWER KEYS.pdf,The committee discussed the issue and everyone at the end seemed ____to the findings.,ignorant and civil,reluctant to accept,negative get open,amendable to consider,,A,,Both,General Education,Cannot Determine,No,,Ready for Upload,Shared Gen Ed LET reviewer; answer key appears at the end of the PDF.
35,3,5. LET GENERAL EDUCATION Q&A WITH ANSWER KEYS.pdf,"Batay sa bilingual na edukasyon, mainam ang gamit ng Filipino sa Araling Panlipunan dahil:",Malimit pag-usapan ng mga mag-aaral ang konsepto kahit sa labas ng paaralan,Madaling paipaliwanag ang mga konsepto sa Filipino,Madaling maunawaan ang mga konsepto sa Filipino,Walang pag-aalinlangan ang pagsagot ng mga mag-aaral sa wikang Filipino,,B,,Both,General Education,Cannot Determine,No,,Ready for Upload,Shared Gen Ed LET reviewer; answer key appears at the end of the PDF.
36,3,5. LET GENERAL EDUCATION Q&A WITH ANSWER KEYS.pdf,The sociological concept of home for most Filipino is the presence of:,Families with boarders in addition to the family members,Family nucleus and extended families,Families with illegal light and water connections,"Families with pet dogs, cooks and cats",,B,,Both,General Education,Cannot Determine,No,,Ready for Upload,Shared Gen Ed LET reviewer; answer key appears at the end of the PDF.
37,3,5. LET GENERAL EDUCATION Q&A WITH ANSWER KEYS.pdf,Manila Zoo attracted children during excursions. How should children be briefed about newly born tiger’s cub to avoid accidents?,Use sticks to awaken mother tigers,How at the cub with a microphone,Watch the mother feeding and just take picture,Allow children to feed cubs with their palms,,C,,Both,General Education,Cannot Determine,No,,Ready for Upload,Shared Gen Ed LET reviewer; answer key appears at the end of the PDF.
38,3,5. LET GENERAL EDUCATION Q&A WITH ANSWER KEYS.pdf,If a = 8; b = 16; c = 38; Find the value of √,4,6,3,5,,B,,Both,General Education,Cannot Determine,No,,Ready for Upload,Shared Gen Ed LET reviewer; answer key appears at the end of the PDF.
39,3,5. LET GENERAL EDUCATION Q&A WITH ANSWER KEYS.pdf,The advice on the invitation was found. Who failed to get the massage?,No barong Tagalog please,Come in coat and tie,Polo barong with denims are OK,Denim pants are al right,,C,,Both,General Education,Cannot Determine,No,,Ready for Upload,Shared Gen Ed LET reviewer; answer key appears at the end of the PDF.
40,3,5. LET GENERAL EDUCATION Q&A WITH ANSWER KEYS.pdf,The bank was swarmed with depositors. The bank.,declared an open house,declared dividends,declared a holiday,declared bankruptcy,,D,,Both,General Education,Cannot Determine,No,,Ready for Upload,Shared Gen Ed LET reviewer; answer key appears at the end of the PDF.
41,3,5. LET GENERAL EDUCATION Q&A WITH ANSWER KEYS.pdf,On is stressed in given situations. Choose the situation called for:,her visitors are on the way,be on time please,he came on holiday,it happened on a Tuesday,,B,,Both,General Education,Cannot Determine,No,,Ready for Upload,Shared Gen Ed LET reviewer; answer key appears at the end of the PDF.
42,3,5. LET GENERAL EDUCATION Q&A WITH ANSWER KEYS.pdf,Noong taong 1962 ano ang pagbabago sa paglimbang ng diploma at sertipiko ng pagtatapos?,Pinahintutukan ang pribadong paaralan na maglimbag sa wikang Ingles,Nilimbang sa Filipino ang diploma ngunit may Ingles,Malimbag sa Filipino and diploma,Nilimbag sa Taglisg ang diploma sa di Tagalog na bayan,,C,,Both,General Education,Cannot Determine,No,,Ready for Upload,Shared Gen Ed LET reviewer; answer key appears at the end of the PDF.
43,3,5. LET GENERAL EDUCATION Q&A WITH ANSWER KEYS.pdf,"The areas of Navotas, Valenzuela and Caloocan are always flooded during rainy season. The engineers account this to high tide especially in July and August. But really it is:",below sea level,under sea level,approximately of sea level,above sea level,,A,,Both,General Education,Cannot Determine,No,,Ready for Upload,Shared Gen Ed LET reviewer; answer key appears at the end of the PDF.
44,4,5. LET GENERAL EDUCATION Q&A WITH ANSWER KEYS.pdf,How many grams of shabu will no allow bonds for culprits?,2150 grams,200 grams,1000 grams,300 grams,,B,,Both,General Education,Cannot Determine,No,,Ready for Upload,Shared Gen Ed LET reviewer; answer key appears at the end of the PDF.
45,4,5. LET GENERAL EDUCATION Q&A WITH ANSWER KEYS.pdf,A swimming contest is held in a four lane swimming pool of 50 meters long. The contest is for 200 meters. How many times will each swimmer run in this contest?,4 times,10 times,5 times,16 times,,A,,Both,General Education,Cannot Determine,No,,Ready for Upload,Shared Gen Ed LET reviewer; answer key appears at the end of the PDF.
46,4,5. LET GENERAL EDUCATION Q&A WITH ANSWER KEYS.pdf,Write the ratio in the lowest term two hours to 30 minutes,2:15,2:4,2:30,4:1,,D,,Both,General Education,Cannot Determine,No,,Ready for Upload,Shared Gen Ed LET reviewer; answer key appears at the end of the PDF.
47,4,5. LET GENERAL EDUCATION Q&A WITH ANSWER KEYS.pdf,"Lately, students are exposed to a series of achievement tests. Parents observed that:",Tests were used for teaching,Tests are indices of teacher’s competencies,Children learned through periodic teaching,Teaching was for tests,,C,,Both,General Education,Cannot Determine,No,,Ready for Upload,Shared Gen Ed LET reviewer; answer key appears at the end of the PDF.
48,4,5. LET GENERAL EDUCATION Q&A WITH ANSWER KEYS.pdf,The virus “Love bug” is a recent technological element spread by:,Internet,radio,television,computer,,A,,Both,General Education,Cannot Determine,No,,Ready for Upload,Shared Gen Ed LET reviewer; answer key appears at the end of the PDF.
49,4,5. LET GENERAL EDUCATION Q&A WITH ANSWER KEYS.pdf,NAPOCOR is to privatized. This means:,Every private individual gets a share,Government has a share,Everyone owns NAPOCOR,Some private owners will come in,,D,,Both,General Education,Cannot Determine,No,,Ready for Upload,Shared Gen Ed LET reviewer; answer key appears at the end of the PDF.
50,4,5. LET GENERAL EDUCATION Q&A WITH ANSWER KEYS.pdf,Ang dinanas ng mga babae sa kamay ng Hukbong Hapon ay sinasalaysay ni:,Maria Clara,Diwata,Gabriela,Orang,,D,,Both,General Education,Cannot Determine,No,,Ready for Upload,Shared Gen Ed LET reviewer; answer key appears at the end of the PDF.
51,4,5. LET GENERAL EDUCATION Q&A WITH ANSWER KEYS.pdf,Tere is a campaign against cholera. How can the pupils get protected catching the disease?,Contact the parents for a meeting,Teach children to wash their hands before and after meals,Open up a store in the classroom for children’s recess snack,Allow children to eat food sold by peddlers,,B,,Both,General Education,Cannot Determine,No,,Ready for Upload,Shared Gen Ed LET reviewer; answer key appears at the end of the PDF.
52,4,5. LET GENERAL EDUCATION Q&A WITH ANSWER KEYS.pdf,Poisoning of farmers during fertilizing field is traced to:,smoking during and after spraying,using bottle drinking,failure to use hand gloves,spraying fields at high noon,,C,,Both,General Education,Cannot Determine,No,,Ready for Upload,Shared Gen Ed LET reviewer; answer key appears at the end of the PDF.
53,4,5. LET GENERAL EDUCATION Q&A WITH ANSWER KEYS.pdf,Choose the statement that seems right in negotialors,he led the group to areas of concerns,he lead group to clear out differences,he led the group to a conclusion,he led the group to an interactive discussion and conclusion,,B,,Both,General Education,Cannot Determine,No,,Ready for Upload,Shared Gen Ed LET reviewer; answer key appears at the end of the PDF.
54,4,5. LET GENERAL EDUCATION Q&A WITH ANSWER KEYS.pdf,Give the value of a if the statement 1s 4ab = 20 and b = 5:,3,1,2,4,,B,,Both,General Education,Cannot Determine,No,,Ready for Upload,Shared Gen Ed LET reviewer; answer key appears at the end of the PDF.
55,4,5. LET GENERAL EDUCATION Q&A WITH ANSWER KEYS.pdf,Australian experts were asked to explore a better way of generating electricity. This is dor through,undersea cable transmission,sulphuric reserve actuation,waterfall reserve actuation,geothermal utilization,,A,,Both,General Education,Cannot Determine,No,,Ready for Upload,Shared Gen Ed LET reviewer; answer key appears at the end of the PDF.
56,4,5. LET GENERAL EDUCATION Q&A WITH ANSWER KEYS.pdf,Cooperatives established by the farmers failed to thrive well because:,cooperative activities are poorly managed and implemented,members distrust their cooperative officials,seed money for cooperative shared by senators and congressmen poorly administered,farmers were used to dole outs,,C,,Both,General Education,Cannot Determine,No,,Ready for Upload,Shared Gen Ed LET reviewer; answer key appears at the end of the PDF.
57,4,5. LET GENERAL EDUCATION Q&A WITH ANSWER KEYS.pdf,Ang kahon ay mabigat kaya di ____ ng bata.,inkinaya,mabuhat – buhat,mabuhat,buhatin,,B,,Both,General Education,Cannot Determine,No,,Ready for Upload,Shared Gen Ed LET reviewer; answer key appears at the end of the PDF.
58,4,5. LET GENERAL EDUCATION Q&A WITH ANSWER KEYS.pdf,There are many cases of abuse on Filipino contract workers. Where can these workers seek justice and redness?,Philippine Supreme Count,Department of Justice and the Foreign Affairs Consulate Office in the foreign seek justice and release?,International Court of Justice,Department of labor and Employment,,B,,Both,General Education,Cannot Determine,No,,Ready for Upload,Shared Gen Ed LET reviewer; answer key appears at the end of the PDF.
59,5,5. LET GENERAL EDUCATION Q&A WITH ANSWER KEYS.pdf,Which of this group of capitalized words does not belong to the group in terms of sound?,THAT picture is impressionistic,This THESIS is original,THOSE are her new projects,THESE books are of recent editors,,B,,Both,General Education,Cannot Determine,No,,Ready for Upload,Shared Gen Ed LET reviewer; answer key appears at the end of the PDF.
60,5,5. LET GENERAL EDUCATION Q&A WITH ANSWER KEYS.pdf,DOGS are often affected by rabies but lately other animals have been identified and they are:,Birds,cats,pigs,snakes,,B,,Both,General Education,Cannot Determine,No,,Ready for Upload,Shared Gen Ed LET reviewer; answer key appears at the end of the PDF.
61,5,5. LET GENERAL EDUCATION Q&A WITH ANSWER KEYS.pdf,Home is the soldier. Home and free! This tell us,The soldier died heroically,The soldier is at peace in death,The soldier is well armed home,The soldier is decorated upon arrival,,B,,Both,General Education,Cannot Determine,No,,Ready for Upload,Shared Gen Ed LET reviewer; answer key appears at the end of the PDF.
62,5,5. LET GENERAL EDUCATION Q&A WITH ANSWER KEYS.pdf,What is the sun of √9 and √4.,3,5,2,4,,B,,Both,General Education,Cannot Determine,No,,Ready for Upload,Shared Gen Ed LET reviewer; answer key appears at the end of the PDF.
63,5,5. LET GENERAL EDUCATION Q&A WITH ANSWER KEYS.pdf,Aling wika ang ginagamit na batayan ng wikang pambansa?,Tagalog,Hiligaynon,Bisaya,Bicol,,A,,Both,General Education,Cannot Determine,No,,Ready for Upload,Shared Gen Ed LET reviewer; answer key appears at the end of the PDF.
64,5,5. LET GENERAL EDUCATION Q&A WITH ANSWER KEYS.pdf,Quality of education they say is:,every citizen’s accounting task,every parent’s and teachers responsibilities task,everyone’s responsibility,everybody’s concern at times,,C,,Both,General Education,Cannot Determine,No,,Ready for Upload,Shared Gen Ed LET reviewer; answer key appears at the end of the PDF.
65,5,5. LET GENERAL EDUCATION Q&A WITH ANSWER KEYS.pdf,Which placard tells of a wide choice during the grand sale?,“Pairs Varied Plenty”,“Single items Limited”,“No Duplicates Available”,“Choose Your Wild”,,A,,Both,General Education,Cannot Determine,No,,Ready for Upload,Shared Gen Ed LET reviewer; answer key appears at the end of the PDF.
66,5,5. LET GENERAL EDUCATION Q&A WITH ANSWER KEYS.pdf,How does the Department of Science and technology (DOST) assure quality science teaching is secondary schools?,Carry one science fair every year,Open up science high schools in every province,share researchers and distributes equipment to schools,Maintain a scholars grant for deserving science and mathematics teacher,,C,,Both,General Education,Cannot Determine,No,,Ready for Upload,Shared Gen Ed LET reviewer; answer key appears at the end of the PDF.
67,5,5. LET GENERAL EDUCATION Q&A WITH ANSWER KEYS.pdf,Long fellow mentioned life as light as shadow. What figure of speech is it used?,Personification,Argumentation,Simile,Metaphor,,C,,Both,General Education,Cannot Determine,No,,Ready for Upload,Shared Gen Ed LET reviewer; answer key appears at the end of the PDF.
68,5,5. LET GENERAL EDUCATION Q&A WITH ANSWER KEYS.pdf,Magbababala ang pulis sa mga tumatawid alin ang tama?,Tawid na kayo at luntian ang ilaw,"Hoy! Pula ang ilaw, tigil",Bantayan and ilaw bago tatawid,Huhulihin and tatawid sa maling ilaw o signal,,C,,Both,General Education,Cannot Determine,No,,Ready for Upload,Shared Gen Ed LET reviewer; answer key appears at the end of the PDF.
69,5,5. LET GENERAL EDUCATION Q&A WITH ANSWER KEYS.pdf,“Never the Twain shall meet…” Means the lines are:,straight,perpendicular,parallel,circular,,C,,Both,General Education,Cannot Determine,No,,Ready for Upload,Shared Gen Ed LET reviewer; answer key appears at the end of the PDF.
70,5,5. LET GENERAL EDUCATION Q&A WITH ANSWER KEYS.pdf,"Before a formal legislation is passed, approval settlement of issues are done by committee members of both houses. This avoids unnecessary controversial issues. What do you call the body?",Senate Committee,BI-cameral Committee,Oversight Committee,House of Representatives Committee,,B,,Both,General Education,Cannot Determine,No,,Ready for Upload,Shared Gen Ed LET reviewer; answer key appears at the end of the PDF.
71,5,5. LET GENERAL EDUCATION Q&A WITH ANSWER KEYS.pdf,This was as beautiful as a picture. She sough an answer to this. “I want to be loved birth body and soul. “Here she meant that love.,can be carnal and platonic,must be sexy to be adored,is both mind and body,is a process of mental exercise,,A,,Both,General Education,Cannot Determine,No,,Ready for Upload,Shared Gen Ed LET reviewer; answer key appears at the end of the PDF.
72,5,5. LET GENERAL EDUCATION Q&A WITH ANSWER KEYS.pdf,Transplanting of human organs are no longer impossible. The most recent discovery in Russia is:,heart transplant,retina eye transplant,kidney transplant,placenta transplant,,D,,Both,General Education,Cannot Determine,No,,Ready for Upload,Shared Gen Ed LET reviewer; answer key appears at the end of the PDF.
73,5,5. LET GENERAL EDUCATION Q&A WITH ANSWER KEYS.pdf,How can a farmland transferred to a tenant be reclaimed by the landowner? In such conditions as:,when the tenant re-sells his land to non-recognized transferees,When the tenant on a rent basic fails to submit the agreed rental of several cavans of rice and corn for three (3) consecutive harvest,When the tenant fails to pay the agreed rental for five planting season,When the tenant fails to pay land tax,,D,,Both,General Education,Cannot Determine,No,,Ready for Upload,Shared Gen Ed LET reviewer; answer key appears at the end of the PDF.
74,6,5. LET GENERAL EDUCATION Q&A WITH ANSWER KEYS.pdf,The issue on the Spratly island claims can be solved by a panel made up of representatives from:,United Nations Assembly,European Countries,Security Council,ASEAN Pacific countries laying claims,,D,,Both,General Education,Cannot Determine,No,,Ready for Upload,Shared Gen Ed LET reviewer; answer key appears at the end of the PDF.
75,6,5. LET GENERAL EDUCATION Q&A WITH ANSWER KEYS.pdf,What is the value on N in: 18 2/16 + 26 ¼ = N,44 3/8,44 ½,44 ¼,43 4/16,,A,,Both,General Education,Cannot Determine,No,,Ready for Upload,Shared Gen Ed LET reviewer; answer key appears at the end of the PDF.
76,6,5. LET GENERAL EDUCATION Q&A WITH ANSWER KEYS.pdf,Honey is extracted from bees. To ensure a supply of honey for food and medicine. What has been resorted to lately?,Discourage the use of pesticides in honey farms,Gather honey from the forest,Encourage bee farm in chosen areas,Culture honey bees for propagation,,D,,Both,General Education,Cannot Determine,No,,Ready for Upload,Shared Gen Ed LET reviewer; answer key appears at the end of the PDF.
77,6,5. LET GENERAL EDUCATION Q&A WITH ANSWER KEYS.pdf,Which expresses the polynomial in the following?,x – x + 9 – 3x + 10x,2x + 4x – 3,xy – x – 6,x – 4x + 2x – x + 2,,C,,Both,General Education,Cannot Determine,No,,Ready for Upload,Shared Gen Ed LET reviewer; answer key appears at the end of the PDF.
78,6,5. LET GENERAL EDUCATION Q&A WITH ANSWER KEYS.pdf,"She bought her daughter a new dress, which was fashionable. It was”","a copy from, Italian catalogue",a remodeled dress,an imitation from the original,an origin creation of a couturier,,D,,Both,General Education,Cannot Determine,No,,Ready for Upload,Shared Gen Ed LET reviewer; answer key appears at the end of the PDF.
79,6,5. LET GENERAL EDUCATION Q&A WITH ANSWER KEYS.pdf,A package sent by a balikbayan was discovered open. This is a case of,substitution,rubbery,pilferag,oppression,,C,,Both,General Education,Cannot Determine,No,,Ready for Upload,Shared Gen Ed LET reviewer; answer key appears at the end of the PDF.
80,6,5. LET GENERAL EDUCATION Q&A WITH ANSWER KEYS.pdf,Ang Gintong panahon ng mga manunulat noong panahon ng Amerikano ay batid sa uring:,Sanaysay,Nobela,Panulaan,Maikling kwento,,D,,Both,General Education,Cannot Determine,No,,Ready for Upload,Shared Gen Ed LET reviewer; answer key appears at the end of the PDF.
81,6,5. LET GENERAL EDUCATION Q&A WITH ANSWER KEYS.pdf,The majority members in the House of Representation rejected the measure. This mean:,They defined party commitment,They favored the leadership,They joined the minority,They bottled the majority party,,A,,Both,General Education,Cannot Determine,No,,Ready for Upload,Shared Gen Ed LET reviewer; answer key appears at the end of the PDF.
82,6,5. LET GENERAL EDUCATION Q&A WITH ANSWER KEYS.pdf,Cement factories can only operate if given a permit by the DENR which guarantee’s:,viability of feasibility study,environment clearance and condition,pollution safety and prevention,environmentally friendly,,B,,Both,General Education,Cannot Determine,No,,Ready for Upload,Shared Gen Ed LET reviewer; answer key appears at the end of the PDF.
83,6,5. LET GENERAL EDUCATION Q&A WITH ANSWER KEYS.pdf,The Red Cross humanitarian job is to gather and give needed blood to the needy. Name the universal blood type:,Type O,Type B,Type AB,Type Bt,,A,,Both,General Education,Cannot Determine,No,,Ready for Upload,Shared Gen Ed LET reviewer; answer key appears at the end of the PDF.
84,6,5. LET GENERAL EDUCATION Q&A WITH ANSWER KEYS.pdf,She was asked to make a census of the place. What is she supposed to do?,Gather data on each occupant in each household in the are,Ask residents to make a consensus,Identify strangers in the area,Gather data on people on the area,,A,,Both,General Education,Cannot Determine,No,,Ready for Upload,Shared Gen Ed LET reviewer; answer key appears at the end of the PDF.
85,6,5. LET GENERAL EDUCATION Q&A WITH ANSWER KEYS.pdf,The common saying which is accepted in values education is.,values are individual sets of behavior,values are caught not preached,values are dependent on individual and societal standards,values are valueless,,A,,Both,General Education,Cannot Determine,No,,Ready for Upload,Shared Gen Ed LET reviewer; answer key appears at the end of the PDF.
86,6,5. LET GENERAL EDUCATION Q&A WITH ANSWER KEYS.pdf,Aling Salita ang nasa talasalitang Filipino na hiram sa Cebuano?,asawa,balay,bahay,bana,,A,,Both,General Education,Cannot Determine,No,,Ready for Upload,Shared Gen Ed LET reviewer; answer key appears at the end of the PDF.
87,6,5. LET GENERAL EDUCATION Q&A WITH ANSWER KEYS.pdf,Di padat bayaran ang lahat ng utang sapagkat:,may pababarin silang iba,may iba sa siyang pababayarang,mayroon na siyang pagbabarang iba,may pagbabayaran pang iba,,D,,Both,General Education,Cannot Determine,No,,Ready for Upload,Shared Gen Ed LET reviewer; answer key appears at the end of the PDF.
88,7,5. LET GENERAL EDUCATION Q&A WITH ANSWER KEYS.pdf,Mosquitoes have been identified of having caused illness among children bitten in the morning. This fever is,Asthma,Malaria,Dengue,diarrhea,,C,,Both,General Education,Cannot Determine,No,,Ready for Upload,Shared Gen Ed LET reviewer; answer key appears at the end of the PDF.
89,7,5. LET GENERAL EDUCATION Q&A WITH ANSWER KEYS.pdf,The people of Montalban in Rizal raised protest on the landfill since.,Water seepage would pollute water source,People were disturbed by garbage trucks,Air pollution could not be controlled,Garbage cold be recycled,,A,,Both,General Education,Cannot Determine,No,,Ready for Upload,Shared Gen Ed LET reviewer; answer key appears at the end of the PDF.
90,7,5. LET GENERAL EDUCATION Q&A WITH ANSWER KEYS.pdf,The weather report recorded a temperature of 29C in the morning and 33.5C at two O’clock in the afternoon. How many degrees higher was the afternoon temperature,4.5C,5.8C,6.3C,5.5C,,A,,Both,General Education,Cannot Determine,No,,Ready for Upload,Shared Gen Ed LET reviewer; answer key appears at the end of the PDF.
91,7,5. LET GENERAL EDUCATION Q&A WITH ANSWER KEYS.pdf,Why are Filipino overseas workers considered modern time heroes?,They sacrifice all-the family life and economies just to improve their quality of life.,"They became broad minded, skilled and economically stable.",They have helped stabilize Philippine economy,They come home ready to feast their townmales and friends,,C,,Both,General Education,Cannot Determine,No,,Ready for Upload,Shared Gen Ed LET reviewer; answer key appears at the end of the PDF.
92,7,5. LET GENERAL EDUCATION Q&A WITH ANSWER KEYS.pdf,Hindi naman pangit ang larawan ngunit _____ang kanyang anyo.,pinapuri – puri,kapuri – puri,kapuri-purihan,kapurihan,,B,,Both,General Education,Cannot Determine,No,,Ready for Upload,Shared Gen Ed LET reviewer; answer key appears at the end of the PDF.
93,7,5. LET GENERAL EDUCATION Q&A WITH ANSWER KEYS.pdf,I have one life to give and I give it al to my country.” This pictures a:,a soldier at war,worker in a cement factory,a policeman on the street,a doctor in the operating room.,,A,,Both,General Education,Cannot Determine,No,,Ready for Upload,Shared Gen Ed LET reviewer; answer key appears at the end of the PDF.
94,7,5. LET GENERAL EDUCATION Q&A WITH ANSWER KEYS.pdf,The endangered species are protected by DENR. All these are concerns of:,Tourism,Industrialization,Urbanization,Terrorism,,A,,Both,General Education,Cannot Determine,No,,Ready for Upload,Shared Gen Ed LET reviewer; answer key appears at the end of the PDF.
95,7,5. LET GENERAL EDUCATION Q&A WITH ANSWER KEYS.pdf,"Abuses to soldiers, women, children an the helpless are attended to by a Commission. Who was the first Commissioner on Human Rights?",Hon. Aurora Recine,Hon. Mary Conception Bautista,Hon. Teofisto Guingona,Hon. Sedfrey Ordonez,,B,,Both,General Education,Cannot Determine,No,,Ready for Upload,Shared Gen Ed LET reviewer; answer key appears at the end of the PDF.
96,7,5. LET GENERAL EDUCATION Q&A WITH ANSWER KEYS.pdf,"A girl receive her report card with the following grades: 93, 88, 80, 86 and 89? Which is average grade?",86,87,86 1/5,88,,B,,Both,General Education,Cannot Determine,No,,Ready for Upload,Shared Gen Ed LET reviewer; answer key appears at the end of the PDF.
97,7,5. LET GENERAL EDUCATION Q&A WITH ANSWER KEYS.pdf,"The meat sent by air cargo is 1,340 pounds. The weight was computed into kilogram determine the kilogram of the cargo.",0090kg,609.09 kg,61 kg,00.908 kg,,B,,Both,General Education,Cannot Determine,No,,Ready for Upload,Shared Gen Ed LET reviewer; answer key appears at the end of the PDF.
98,7,5. LET GENERAL EDUCATION Q&A WITH ANSWER KEYS.pdf,How do you determine the total length of the clothing materials if there are 7 2/10 meter and 15 4/5 meter available?,18 ½ m,23 m,18 m,18 ¼ m,,B,,Both,General Education,Cannot Determine,No,,Ready for Upload,Shared Gen Ed LET reviewer; answer key appears at the end of the PDF.
99,7,5. LET GENERAL EDUCATION Q&A WITH ANSWER KEYS.pdf,Eight men can paint a 3 unit army school building in 3 days. How many more units will 12 men pain of this building?,½,1 ½,2,1,,B,,Both,General Education,Cannot Determine,No,,Ready for Upload,Shared Gen Ed LET reviewer; answer key appears at the end of the PDF.
100,7,5. LET GENERAL EDUCATION Q&A WITH ANSWER KEYS.pdf,Class interactions is brought about by.,"teacher listens, students listen",question and answer method,teacher talk at all times,teacher student exchange questions and answer,,D,,Both,General Education,Cannot Determine,No,,Ready for Upload,Shared Gen Ed LET reviewer; answer key appears at the end of the PDF.
101,7,5. LET GENERAL EDUCATION Q&A WITH ANSWER KEYS.pdf,NHA homes were sold to recipients payable in the longest term of:,15 years,25 years,10 years,5 years,,B,,Both,General Education,Cannot Determine,No,,Ready for Upload,Shared Gen Ed LET reviewer; answer key appears at the end of the PDF.
102,7,5. LET GENERAL EDUCATION Q&A WITH ANSWER KEYS.pdf,Values information seminar mandated by the Moral Recovery Program has transformed many government officers,Workshops on values have made Father Damaso’s out of some leaders,Religious leaders are not fulfilled on their moral ascendancy,DECS officials conduct workshops on values to be models by themselves,PNP hierarchy are examples of moral strength,,C,,Both,General Education,Cannot Determine,No,,Ready for Upload,Shared Gen Ed LET reviewer; answer key appears at the end of the PDF.
103,7,5. LET GENERAL EDUCATION Q&A WITH ANSWER KEYS.pdf,There had been plants discovered as effective insect repellants. Which of these plants belong to the group?,Orchids,Gumamela,Bouganvilla,Cosmos,,D,,Both,General Education,Cannot Determine,No,,Ready for Upload,Shared Gen Ed LET reviewer; answer key appears at the end of the PDF.
104,8,5. LET GENERAL EDUCATION Q&A WITH ANSWER KEYS.pdf,Only 682 examinees passed in a Pharmacists Licensure Examination out of 2550 examinees. What is the passing percentage?,26.5%,26%,26.7%,26.8%,,C,,Both,General Education,Cannot Determine,No,,Ready for Upload,Shared Gen Ed LET reviewer; answer key appears at the end of the PDF.
105,8,5. LET GENERAL EDUCATION Q&A WITH ANSWER KEYS.pdf,"A Chinese proverb says, “The virtue with the shortest memory is gratitude. “ This tells of persons who are:",greetful,grateful,careful,hospitable,,B,,Both,General Education,Cannot Determine,No,,Ready for Upload,Shared Gen Ed LET reviewer; answer key appears at the end of the PDF.
106,8,5. LET GENERAL EDUCATION Q&A WITH ANSWER KEYS.pdf,Ang kanyang sinsakyan galling Quipo papuntang Kalookan ay nasa ibabaw. Ito ay ______,jeep,trambiya,bus,LRT,,D,,Both,General Education,Cannot Determine,No,,Ready for Upload,Shared Gen Ed LET reviewer; answer key appears at the end of the PDF.
107,8,5. LET GENERAL EDUCATION Q&A WITH ANSWER KEYS.pdf,That is the face that caused a thousand ship and men to raise their arms and fight. Who was referred to by the poet?,Helen of Troy,Mary Magdalene,Helen Keller,Cleopatra of the Nile,,A,,Both,General Education,Cannot Determine,No,,Ready for Upload,Shared Gen Ed LET reviewer; answer key appears at the end of the PDF.
108,8,5. LET GENERAL EDUCATION Q&A WITH ANSWER KEYS.pdf,In the film “ANAK” portrayed a daughter whose values were affected greatly by:,the economics of an overseas mother’s value,the peer groups and society,the confusion of a mother’s role,the absence of a father image,,A,,Both,General Education,Cannot Determine,No,,Ready for Upload,Shared Gen Ed LET reviewer; answer key appears at the end of the PDF.
109,8,5. LET GENERAL EDUCATION Q&A WITH ANSWER KEYS.pdf,The Internal Rice Research Institute in UP Los Baños has introduced varieties of the rice for all seasons. Name the most popular one that was exported in the 70’s.,Dinorado,0 – 5 variety,sampagita,C – 4 variety,,D,,Both,General Education,Cannot Determine,No,,Ready for Upload,Shared Gen Ed LET reviewer; answer key appears at the end of the PDF.
110,8,5. LET GENERAL EDUCATION Q&A WITH ANSWER KEYS.pdf,"Convert this confiscated 8, 000 grams of dangerous drugs into kilograms",8 kg,800 kg,800 kg,80 kg,,A,,Both,General Education,Cannot Determine,No,,Ready for Upload,Shared Gen Ed LET reviewer; answer key appears at the end of the PDF.
111,8,5. LET GENERAL EDUCATION Q&A WITH ANSWER KEYS.pdf,"If April 13 is a Friday, on what day April 21 falls?",Monday,Saturday,Thursday,Friday,,B,,Both,General Education,Cannot Determine,No,,Ready for Upload,Shared Gen Ed LET reviewer; answer key appears at the end of the PDF.
112,8,5. LET GENERAL EDUCATION Q&A WITH ANSWER KEYS.pdf,Almost all nations believe in giving a roof to cover every family’s head. How does the government address this?,Developing housing czars,Creating a cabinet for housing,Establishing homes for middle class families,Driving squatter along river,,C,,Both,General Education,Cannot Determine,No,,Ready for Upload,Shared Gen Ed LET reviewer; answer key appears at the end of the PDF.
113,8,5. LET GENERAL EDUCATION Q&A WITH ANSWER KEYS.pdf,The presence of fake doctors and malpractitioners on medical/heath services are growing in number. Ho may this be discouraged?,Ignore the presence of such persons,Refuse patronage of said services,Take patients to professional medical practitioners,Identifying such personalities and reporting them to authorities,,B,,Both,General Education,Cannot Determine,No,,Ready for Upload,Shared Gen Ed LET reviewer; answer key appears at the end of the PDF.
114,8,5. LET GENERAL EDUCATION Q&A WITH ANSWER KEYS.pdf,Majority of school children have been found with very defective teeth. How does the government address the problem?,Put up the factories for toothbrush,Open up dental clinics in the barangay,Donate toothpaste to every complete elementary school,Subject first grade pupils to early dental treatment,,D,,Both,General Education,Cannot Determine,No,,Ready for Upload,Shared Gen Ed LET reviewer; answer key appears at the end of the PDF.
115,8,5. LET GENERAL EDUCATION Q&A WITH ANSWER KEYS.pdf,"The volume of a gas is inversely proportional to its pressure. When the pressure is 30 cm of mercury, the volume is 600 cubic cm. Find the pressure when the volume is 250 cubic cm.",28 cm of mercury,2.5 cm of mercury,72 cm of mercury,65 cm of mercury,,C,,Both,General Education,Cannot Determine,No,,Ready for Upload,Shared Gen Ed LET reviewer; answer key appears at the end of the PDF.
116,8,5. LET GENERAL EDUCATION Q&A WITH ANSWER KEYS.pdf,Students on the secondary schools are asked to go home when,typhoon no. 3 is raised,typhoon signal no. 1 is raised,typhoon signal no. 2 is raised,there is flood caused by high tide,,C,,Both,General Education,Cannot Determine,No,,Ready for Upload,Shared Gen Ed LET reviewer; answer key appears at the end of the PDF.
117,8,5. LET GENERAL EDUCATION Q&A WITH ANSWER KEYS.pdf,A rice field is divided into four sections. Each section is 25 meters by 38 meters. Get the perimeter of each section.,152 m,126 m,156 m,146 m,,B,,Both,General Education,Cannot Determine,No,,Ready for Upload,Shared Gen Ed LET reviewer; answer key appears at the end of the PDF.
118,9,5. LET GENERAL EDUCATION Q&A WITH ANSWER KEYS.pdf,"To assure healthy banking industry, the Bangko Central has encouraged",selling of stocks to interested buyers,bank Merger,bank closure and declared bankruptcy,bank tie up with foreign banks,,B,,Both,General Education,Cannot Determine,No,,Ready for Upload,Shared Gen Ed LET reviewer; answer key appears at the end of the PDF.
119,9,5. LET GENERAL EDUCATION Q&A WITH ANSWER KEYS.pdf,Hacienda Rosita was to be decided among 22 tenants. Each tenant will be rewarded 6-hectares each. What was the area of Hacienda Rosita?,152 hectares,132 hectares,122 hectares,142 hectares,,B,,Both,General Education,Cannot Determine,No,,Ready for Upload,Shared Gen Ed LET reviewer; answer key appears at the end of the PDF.
120,9,5. LET GENERAL EDUCATION Q&A WITH ANSWER KEYS.pdf,The Department of agriculture noted that only 1/3 of the palay produced are used to advantage. What measure was adapted to save observed harvest wastage?,Palay drying and storage,Rice milling process,Rice transplanting method,Palay exchange and marketing,,A,,Both,General Education,Cannot Determine,No,,Ready for Upload,Shared Gen Ed LET reviewer; answer key appears at the end of the PDF.
121,9,5. LET GENERAL EDUCATION Q&A WITH ANSWER KEYS.pdf,What does this means? Excuses are for losers….. those who take responsibility for their actins are real winners in life.” This tells of,losers who often fail because they find reasons for losing,a winner can also be a quiter,accountability of ones action tell of bravery,excuses are needed to justify any failure.,,C,,Both,General Education,Cannot Determine,No,,Ready for Upload,Shared Gen Ed LET reviewer; answer key appears at the end of the PDF.
122,9,5. LET GENERAL EDUCATION Q&A WITH ANSWER KEYS.pdf,A couple accepted a wedding invitation. They showed pleasure in these remarks.,All guests congratulated the organizers and couple.,Guests came in and out of the ceremonies,The ceremonies were very impressive,I felt uneasy with the priest,,C,,Both,General Education,Cannot Determine,No,,Ready for Upload,Shared Gen Ed LET reviewer; answer key appears at the end of the PDF.
123,9,5. LET GENERAL EDUCATION Q&A WITH ANSWER KEYS.pdf,Factories are raided to determine the presence of working children and women. Why should these raides be done?,To determine the humane treatment of workers,To determine the condition of the working place,To determine the rights of children and women in works places,To determines violation of the labor code,,D,,Both,General Education,Cannot Determine,No,,Ready for Upload,Shared Gen Ed LET reviewer; answer key appears at the end of the PDF.
124,9,5. LET GENERAL EDUCATION Q&A WITH ANSWER KEYS.pdf,Sea accidents have been caused by disregard of typhoon signals. When are basic suspended from lifting anchor?,Signal # 1,Signal # 2,Signal # 3,Signal # 4,,A,,Both,General Education,Cannot Determine,No,,Ready for Upload,Shared Gen Ed LET reviewer; answer key appears at the end of the PDF.
125,9,5. LET GENERAL EDUCATION Q&A WITH ANSWER KEYS.pdf,Ang wikang Filipino ay hawig sa mga wika sa Asya. Alin ditto ang pinakamalapit sa Filipino?,katakana,mandarin,bahasa,malayo,,D,,Both,General Education,Cannot Determine,No,,Ready for Upload,Shared Gen Ed LET reviewer; answer key appears at the end of the PDF.
126,9,5. LET GENERAL EDUCATION Q&A WITH ANSWER KEYS.pdf,A diet full of animal fat usually come up with patients found ill of ____________,Diabetes,Kidney malfunction,Hypertension,Sclerosis,,C,,Both,General Education,Cannot Determine,No,,Ready for Upload,Shared Gen Ed LET reviewer; answer key appears at the end of the PDF.
127,9,5. LET GENERAL EDUCATION Q&A WITH ANSWER KEYS.pdf,Sea turtles multiply fast because they propage through,egg hatching,migrato,transfusion,mutation,,A,,Both,General Education,Cannot Determine,No,,Ready for Upload,Shared Gen Ed LET reviewer; answer key appears at the end of the PDF.
128,9,5. LET GENERAL EDUCATION Q&A WITH ANSWER KEYS.pdf,Clogged blood vessels often cause heart ailment. What process is used by cardiologists whereby clogged arteries are replaced?,Angioplasty,Plastic surgery,Heart bypass,X-ray,,C,,Both,General Education,Cannot Determine,No,,Ready for Upload,Shared Gen Ed LET reviewer; answer key appears at the end of the PDF.
129,9,5. LET GENERAL EDUCATION Q&A WITH ANSWER KEYS.pdf,The host had only 8 ¼ gallons of ice cream to serve. Upon arrival of the guest she served 3 ½ gallons. How many gallons are left for the late corners?,5 ¼ gallons,4 ½ gallons,4 ¾ gallons,4 1/8 gallons,,C,,Both,General Education,Cannot Determine,No,,Ready for Upload,Shared Gen Ed LET reviewer; answer key appears at the end of the PDF.
130,9,5. LET GENERAL EDUCATION Q&A WITH ANSWER KEYS.pdf,Find 1 2/5 x 1 ¼ / 7/18,¾,4 ½,1/5,4/5,,B,,Both,General Education,Cannot Determine,No,,Ready for Upload,Shared Gen Ed LET reviewer; answer key appears at the end of the PDF.
131,9,5. LET GENERAL EDUCATION Q&A WITH ANSWER KEYS.pdf,Ang kimonong suot sa centennial ay patuloy pagkat ____ito nang lahat.,papamalakihin,ipagmalaki,pagmamalaki,ipinagmamalaki,,D,,Both,General Education,Cannot Determine,No,,Ready for Upload,Shared Gen Ed LET reviewer; answer key appears at the end of the PDF.
132,9,5. LET GENERAL EDUCATION Q&A WITH ANSWER KEYS.pdf,What is the product of (3+20) (4- 30)?,–598,598,59.8,5.98,,A,,Both,General Education,Cannot Determine,No,,Ready for Upload,Shared Gen Ed LET reviewer; answer key appears at the end of the PDF.
133,9,5. LET GENERAL EDUCATION Q&A WITH ANSWER KEYS.pdf,"The first prize of P40, 000,000 was shared by 16 winners. How much will each claim?","P 2,500, 000.00","P 2, 800, 000.00","P 3,000, 000.00","P 2, 700, 000.00",,A,,Both,General Education,Cannot Determine,No,,Ready for Upload,Shared Gen Ed LET reviewer; answer key appears at the end of the PDF.
134,10,5. LET GENERAL EDUCATION Q&A WITH ANSWER KEYS.pdf,"To avoid the thinning of the ozone layer, what should be avoided in waste disposal?",Dumping waste in the river,Dumping waste into landfills,Dumping waste into the sea,Burning garbage in pits,,D,,Both,General Education,Cannot Determine,No,,Ready for Upload,Shared Gen Ed LET reviewer; answer key appears at the end of the PDF.
135,10,5. LET GENERAL EDUCATION Q&A WITH ANSWER KEYS.pdf,"Children with smallpox, chickenpox, or measles should be segregated or quarantined. When should this be done?",The set on the fever,The first days of skin wound healing,The first week upon skin eruption,The most infections stage is within 2 days of the fever,,A,,Both,General Education,Cannot Determine,No,,Ready for Upload,Shared Gen Ed LET reviewer; answer key appears at the end of the PDF.
136,10,5. LET GENERAL EDUCATION Q&A WITH ANSWER KEYS.pdf,A couple was just married when the groom is three scores older than the bride. How old is the bride is she is one score younger?,20 years,50 years,30 years,40 years,,D,,Both,General Education,Cannot Determine,No,,Ready for Upload,Shared Gen Ed LET reviewer; answer key appears at the end of the PDF.
137,10,5. LET GENERAL EDUCATION Q&A WITH ANSWER KEYS.pdf,Ms. Cruz had her house raided by authorities. She refused to open the door. Was she right? She has the right,to assert her individually,to protection against police authorities,"to life, liberty and property",to do self defense,,C,,Both,General Education,Cannot Determine,No,,Ready for Upload,Shared Gen Ed LET reviewer; answer key appears at the end of the PDF.
138,10,5. LET GENERAL EDUCATION Q&A WITH ANSWER KEYS.pdf,Which of the following is the least stable measure of central tendency?,median and mode,mode,median,mean,,B,,Both,General Education,Cannot Determine,No,,Ready for Upload,Shared Gen Ed LET reviewer; answer key appears at the end of the PDF.
139,10,5. LET GENERAL EDUCATION Q&A WITH ANSWER KEYS.pdf,Mean is to a central tendency as Standard deviation is to:,Discrimination,level of difficulty,correlation,variability,,D,,Both,General Education,Cannot Determine,No,,Ready for Upload,Shared Gen Ed LET reviewer; answer key appears at the end of the PDF.
140,10,5. LET GENERAL EDUCATION Q&A WITH ANSWER KEYS.pdf,Natives of ancestral lands have been asserting their ownership of lands. This has been addressed by Congress in what way?,Laws and administration have identified ancestral landaus and report on owner,Ancestral lands of lumads are government reservation,Ancestral land of lumads are government reservation,The Commission on human right has returned the lands to the lumads,,C,,Both,General Education,Cannot Determine,No,,Ready for Upload,Shared Gen Ed LET reviewer; answer key appears at the end of the PDF.
141,10,5. LET GENERAL EDUCATION Q&A WITH ANSWER KEYS.pdf,Ano ang ibig sabihin ng tigi-putukan?,Mahinahon,Handa,Mapagsarili,Mapagsamantala,,A,,Both,General Education,Cannot Determine,No,,Ready for Upload,Shared Gen Ed LET reviewer; answer key appears at the end of the PDF.
142,10,5. LET GENERAL EDUCATION Q&A WITH ANSWER KEYS.pdf,Ano ang ibig sabihin ng tigil – putukan?,walang maglalaban sa loob ng takdang araw,sumuko ang mga rebelde,walang lalabas sa kawal,tigil ang labarian sa isang panig,,A,,Both,General Education,Cannot Determine,No,,Ready for Upload,Shared Gen Ed LET reviewer; answer key appears at the end of the PDF.
143,10,5. LET GENERAL EDUCATION Q&A WITH ANSWER KEYS.pdf,A Filipino commited a crime in America. He returned to the Philippines after wards. Can he be asked to return to the State for trial?,"Yes, because he committed the crime","No, because he is a Filipino","Yes, if it is covered by an extradition order agreed upon by both countries","Yes, because covered he has proven his innocence",,C,,Both,General Education,Cannot Determine,No,,Ready for Upload,Shared Gen Ed LET reviewer; answer key appears at the end of the PDF.
144,10,5. LET GENERAL EDUCATION Q&A WITH ANSWER KEYS.pdf,Before Pres. Estrada to Washington,Ambassador Bautista,Ambassador Maceda,Ambassador Romero,Ambassador Brillantes,,B,,Both,General Education,Cannot Determine,No,,Ready for Upload,Shared Gen Ed LET reviewer; answer key appears at the end of the PDF.
145,10,5. LET GENERAL EDUCATION Q&A WITH ANSWER KEYS.pdf,A child insisted on knowing her real father. What right is involved?,Right to education,Right to name and Identify,Right to freedom of choice,Right to seek the truth,,B,,Both,General Education,Cannot Determine,No,,Ready for Upload,Shared Gen Ed LET reviewer; answer key appears at the end of the PDF.
146,10,5. LET GENERAL EDUCATION Q&A WITH ANSWER KEYS.pdf,Immunization is done by health authorities to children age 2 moths to 2 years old. Vaccination is to stop the spread of,Chlolera,Meads,Rabies,Diptheria,,D,,Both,General Education,Cannot Determine,No,,Ready for Upload,Shared Gen Ed LET reviewer; answer key appears at the end of the PDF.
147,10,5. LET GENERAL EDUCATION Q&A WITH ANSWER KEYS.pdf,The wounded soldiers were visited by the President who honored then with ____ for their ____.,Medals –valor,Appearance – bravey,Appointments – consistency,Money – sacrifice,,A,,Both,General Education,Cannot Determine,No,,Ready for Upload,Shared Gen Ed LET reviewer; answer key appears at the end of the PDF.
148,10,5. LET GENERAL EDUCATION Q&A WITH ANSWER KEYS.pdf,Ano ang Katumbas ng Decalohue ni Apilonario mabini na nagsasaad ng aral sa Filipino?,New Society – ni President marcos,Ten Commandments,Code of Citizenship – ni President Quezon,Code of Ethics – ni Kalantiaw,,D,,Both,General Education,Cannot Determine,No,,Ready for Upload,Shared Gen Ed LET reviewer; answer key appears at the end of the PDF.
149,11,5. LET GENERAL EDUCATION Q&A WITH ANSWER KEYS.pdf,"The harvest of corn is P 8.00 per kilograms. The whole harvest total worth is P 10, 000.00. How many kilograms was the corn harvest?",1050 kg,1250 kg,2000 kg,2250 kg,,B,,Both,General Education,Cannot Determine,No,,Ready for Upload,Shared Gen Ed LET reviewer; answer key appears at the end of the PDF.
150,11,5. LET GENERAL EDUCATION Q&A WITH ANSWER KEYS.pdf,What must be employed to continuously strengthen a school guidance program?,Assignment of responsibilities,Research,Evaluation,Program planning,,B,,Both,General Education,Cannot Determine,No,,Ready for Upload,Shared Gen Ed LET reviewer; answer key appears at the end of the PDF.
151,1,6. LET PROF ED Q&A.pdf,"A guest speaker in one graduation rites told his audience: ""Reminder, you are what you choose to be."" The guest speaker is more of a/an __________.",Realist,Pragmatist,Idealist,Essentialist,,D,,Both,Professional Education,Cannot Determine,No,,Ready for Upload,Shared Prof Ed LET reviewer; no answer key was exposed in extracted PDF text. No answer key found in extracted PDF text. Correct answer recovered from bold/highlighted answer choice in the PDF.
152,1,6. LET PROF ED Q&A.pdf,A teacher who equates authority with power does NOT __________.,Shame,develop self-respect in every pupil,retaliate,intimidate,,B,,Both,Professional Education,Cannot Determine,No,,Ready for Upload,Shared Prof Ed LET reviewer; no answer key was exposed in extracted PDF text. No answer key found in extracted PDF text. Correct answer recovered from bold/highlighted answer choice in the PDF.
153,1,6. LET PROF ED Q&A.pdf,"Based on Edgar Dale's Cone of Experience, which activity is farthest from the real thing?",Read,Hear,View images,Attend exhibit,,A,,Both,Professional Education,Cannot Determine,No,,Ready for Upload,Shared Prof Ed LET reviewer; no answer key was exposed in extracted PDF text. No answer key found in extracted PDF text. Correct answer recovered from bold/highlighted answer choice in the PDF.
154,1,6. LET PROF ED Q&A.pdf,"Based on Piaget's theory, what should a teacher provide for children in the concrete operational stage?",Activities for hypothesis formulation.,Learning activities that involve problems of classification and ordering.,Games and other physical activities to develop motor skills.,Stimulating environment with ample objects to play with.,,B,,Both,Professional Education,Cannot Determine,No,,Ready for Upload,Shared Prof Ed LET reviewer; no answer key was exposed in extracted PDF text. No answer key found in extracted PDF text. Correct answer recovered from bold/highlighted answer choice in the PDF.
155,1,6. LET PROF ED Q&A.pdf,"Study this group of tests which was administered with the following results, then answer the question. Subject Mean SD Ronnels's Score Math 56 10 43 Physics 41 9 31 English 80 16 109 In which subject(s) did Ronnel perform best in relation to the group's performance?",Physics and Math,English,Physics,Math,,A,,Both,Professional Education,Cannot Determine,No,,Ready for Upload,Shared Prof Ed LET reviewer; no answer key was exposed in extracted PDF text. No answer key found in extracted PDF text. Correct answer recovered from bold/highlighted answer choice in the PDF.
156,1,6. LET PROF ED Q&A.pdf,"Who among the following puts more emphasis on core requirements, longer school day, longer academic year and more challenging textbooks?",Perennialist,Essentialist,Progressivist,Existentialist,,B,,Both,Professional Education,Cannot Determine,No,,Ready for Upload,Shared Prof Ed LET reviewer; no answer key was exposed in extracted PDF text. No answer key found in extracted PDF text. Correct answer recovered from bold/highlighted answer choice in the PDF.
157,2,6. LET PROF ED Q&A.pdf,I drew learners into several content areas and encouraged them to solve a complex question for inter-disciplinary teaching. Which strategy did I use?,Problem-centered learning,Unit method,Reading-writing activity,Thematic instruction,,A,,Both,Professional Education,Cannot Determine,No,,Ready for Upload,Shared Prof Ed LET reviewer; no answer key was exposed in extracted PDF text. No answer key found in extracted PDF text. Correct answer recovered from bold/highlighted answer choice in the PDF.
158,2,6. LET PROF ED Q&A.pdf,"The concepts of trust vs. maturity, autonomy vs. self-doubt, and initiative vs. guilt are most closely related with the works of __________.",Erikson,Piaget,Freud,Jung,,A,,Both,Professional Education,Cannot Determine,No,,Ready for Upload,Shared Prof Ed LET reviewer; no answer key was exposed in extracted PDF text. No answer key found in extracted PDF text. Correct answer recovered from bold/highlighted answer choice in the PDF.
159,2,6. LET PROF ED Q&A.pdf,"I want to teach concepts, patterns and abstractions. Which method is most appropriate?",Indirect instruction,Discovery,Direct instruction,Problem solving,,C,,Both,Professional Education,Cannot Determine,No,,Ready for Upload,Shared Prof Ed LET reviewer; no answer key was exposed in extracted PDF text. No answer key found in extracted PDF text. Correct answer recovered from bold/highlighted answer choice in the PDF.
160,2,6. LET PROF ED Q&A.pdf,Which behavioral term describes a lesson outcome in the highest level of Bloom's cognitive domain?,Create,Evaluate,Analyze,Design,,C,,Both,Professional Education,Cannot Determine,No,,Ready for Upload,Shared Prof Ed LET reviewer; no answer key was exposed in extracted PDF text. No answer key found in extracted PDF text. Correct answer recovered from bold/highlighted answer choice in the PDF.
161,2,6. LET PROF ED Q&A.pdf,"A sixth grade twelve-year old boy comes from a dysfunctional family and has been abused and neglected. He has been to two orphanages and three different elementary schools. The student can decode on the second grade level, but he can comprehend orally material at the fourth or fifth grade level. The most probable cause/s of this student's reading problem is/are __________.",emotional factors,poor teaching,neurological factors,immaturity,,C,,Both,Professional Education,Cannot Determine,No,,Ready for Upload,Shared Prof Ed LET reviewer; no answer key was exposed in extracted PDF text. No answer key found in extracted PDF text. Correct answer recovered from bold/highlighted answer choice in the PDF.
162,3,6. LET PROF ED Q&A.pdf,Principal B tells her teachers that training in the humanities is most important. To which educational philosophy does he adhere?,Existentialism,Perennialism,Progressivism,Essentialism,,A,,Both,Professional Education,Cannot Determine,No,,Ready for Upload,Shared Prof Ed LET reviewer; no answer key was exposed in extracted PDF text. No answer key found in extracted PDF text. Correct answer recovered from bold/highlighted answer choice in the PDF.
163,3,6. LET PROF ED Q&A.pdf,Which is the first step in planning an achievement test?,Define the instructional objective.,Decide on the length of the test.,Select the type of test items to use.,Build a table of specification.,,A,,Both,Professional Education,Cannot Determine,No,,Ready for Upload,Shared Prof Ed LET reviewer; no answer key was exposed in extracted PDF text. No answer key found in extracted PDF text. Correct answer recovered from bold/highlighted answer choice in the PDF.
164,3,6. LET PROF ED Q&A.pdf,"In the Preamble of the Code of Ethics of Professional Teachers, which is NOT said of teachers?",LET passers,Duly licensed professionals,Possess dignity and reputation,With high-moral values as well as technical and professional competence,,A,,Both,Professional Education,Cannot Determine,No,,Ready for Upload,Shared Prof Ed LET reviewer; no answer key was exposed in extracted PDF text. No answer key found in extracted PDF text. Correct answer recovered from bold/highlighted answer choice in the PDF.
165,3,6. LET PROF ED Q&A.pdf,Teacher Q does not want Teacher B to be promoted and so writes an anonymous letter against Teacher B accusing her of fabricated lies Teacher Q mails this anonymous letter to the Schools Division Superintendent. What should Teacher Q do if she has to act professionally?,"Submit a signed justifiable criticism against Teacher B, if there is any.",Go straight to the Schools Division Superintendent and gives criticism verbally.,Hire a group to distribute poison letters against Teacher B for information dissemination.,Instigate student activists to read poison letters over the microphone.,,A,,Both,Professional Education,Cannot Determine,No,,Ready for Upload,Shared Prof Ed LET reviewer; no answer key was exposed in extracted PDF text. No answer key found in extracted PDF text. Correct answer recovered from bold/highlighted answer choice in the PDF.
166,3,6. LET PROF ED Q&A.pdf,"As a teacher, what do you do when you engage yourself in major task analysis?",Test if learning reached higher level thinking skills.,Breakdown a complex task into sub-skills.,Determine the level of thinking involved.,Revise lesson objectives.,,B,,Both,Professional Education,Cannot Determine,No,,Ready for Upload,Shared Prof Ed LET reviewer; no answer key was exposed in extracted PDF text. No answer key found in extracted PDF text. Correct answer recovered from bold/highlighted answer choice in the PDF.
167,4,6. LET PROF ED Q&A.pdf,Which is a sound classroom management practice?,Avoid establishing routines,Establish routines for all daily needs and tasks.,Apply rules and policies on a case to case basis.,Apply reactive approach to discipline.,,B,,Both,Professional Education,Cannot Determine,No,,Ready for Upload,Shared Prof Ed LET reviewer; no answer key was exposed in extracted PDF text. No answer key found in extracted PDF text. Correct answer recovered from bold/highlighted answer choice in the PDF.
168,4,6. LET PROF ED Q&A.pdf,What does extreme authoritarianism in the home reinforce in learners?,Doing things on their own initiative,Ability to direct themselves.,Dependence on others for direction.,Creativity in work.,,A,,Both,Professional Education,Cannot Determine,No,,Ready for Upload,Shared Prof Ed LET reviewer; no answer key was exposed in extracted PDF text. No answer key found in extracted PDF text. Correct answer recovered from bold/highlighted answer choice in the PDF.
169,4,6. LET PROF ED Q&A.pdf,"In a criterion-referenced testing, what must you do to ensure that your test is fair?",Make all of the questions true or false.,Ask each student to contribute one question.,Make twenty questions but ask the students to answer only ten of their choice.,Use the objectives for the units as guide in your test construction.,,D,,Both,Professional Education,Cannot Determine,No,,Ready for Upload,Shared Prof Ed LET reviewer; no answer key was exposed in extracted PDF text. No answer key found in extracted PDF text. Correct answer recovered from bold/highlighted answer choice in the PDF.
170,4,6. LET PROF ED Q&A.pdf,Teacher M's pupils are quite weak academically and his lesson is already far behind his time table. How should Teacher M proceed with his lesson?,Experientially,Inductively,Logically,Deductively,,A,,Both,Professional Education,Cannot Determine,No,,Ready for Upload,Shared Prof Ed LET reviewer; no answer key was exposed in extracted PDF text. No answer key found in extracted PDF text. Correct answer recovered from bold/highlighted answer choice in the PDF.
171,4,6. LET PROF ED Q&A.pdf,Soc exhibits fear response to freely roaming dogs but does not show fear when a dog is on a leash or confined to a pen. Which conditioning process is illustrated,Generalization,Extinction,Acquisition,Discrimination,,D,,Both,Professional Education,Cannot Determine,No,,Ready for Upload,Shared Prof Ed LET reviewer; no answer key was exposed in extracted PDF text. No answer key found in extracted PDF text. Correct answer recovered from bold/highlighted answer choice in the PDF.
172,5,6. LET PROF ED Q&A.pdf,Teacher P wants to develop the skill of synthesizing inher pupils. Which one will she do?,Ask her students to formulate a generalization from the data shown in graphs.,Ask her students to answer questions beginning withWhat if ...,Tell her pupils to state data presented in graphs.,Directs her students to ask questions on the parts of the lesson not understood.,,A,,Both,Professional Education,Cannot Determine,No,,Ready for Upload,Shared Prof Ed LET reviewer; no answer key was exposed in extracted PDF text. No answer key found in extracted PDF text. Correct answer recovered from bold/highlighted answer choice in the PDF.
173,5,6. LET PROF ED Q&A.pdf,Studies in the areas of neurosciences disclosed that the human brain has limitless capacity. What does this imply?,Some pupils are admittedly not capable of learning.,Every pupil has his own native ability and his learning is limited to this nativeabilty.,Every child is a potential genius.,Pupils can possibly reach a point where they have learned everything.,,C,,Both,Professional Education,Cannot Determine,No,,Ready for Upload,Shared Prof Ed LET reviewer; no answer key was exposed in extracted PDF text. No answer key found in extracted PDF text. Correct answer recovered from bold/highlighted answer choice in the PDF.
174,5,6. LET PROF ED Q&A.pdf,"What should you do if a parent who is concerned about a grade his child received compared to another student's grade, demands to see both students' grades?",Refuse to show either record.,Show both records to him.,Refuse to show any record without expressing permission from principal.,Show only his child's records.,,B,,Both,Professional Education,Cannot Determine,No,,Ready for Upload,Shared Prof Ed LET reviewer; no answer key was exposed in extracted PDF text. No answer key found in extracted PDF text. Correct answer recovered from bold/highlighted answer choice in the PDF.
175,5,6. LET PROF ED Q&A.pdf,Rights and duties are correlative. This means that __________.,rights and duties regulate the relationship of men in society,rights and duties arise from natural law,each right carries with it one or several corresponding duties,rights and duties ultimately come from God,,C,,Both,Professional Education,Cannot Determine,No,,Ready for Upload,Shared Prof Ed LET reviewer; no answer key was exposed in extracted PDF text. No answer key found in extracted PDF text. Correct answer recovered from bold/highlighted answer choice in the PDF.
176,5,6. LET PROF ED Q&A.pdf,"If you agree with Rizal on how you can contribute to our nation's redemption, which should you work for?",Opening our doors to foreign influence,Upgrading the quality of the Filipino through education,Stabilizing the political situation,Gaining economic recovery,,B,,Both,Professional Education,Cannot Determine,No,,Ready for Upload,Shared Prof Ed LET reviewer; no answer key was exposed in extracted PDF text. No answer key found in extracted PDF text. Correct answer recovered from bold/highlighted answer choice in the PDF.
177,6,6. LET PROF ED Q&A.pdf,Teacher A is directed to pass an undeserving student with a death threat. Which advice will a hedonist give?,Pass the student. Why suffer the threat?,Don't pass him. You surely will not like someone to give you a death threat in order to pass.,"Don't pass him. Live by your principle of justice. You will get reward, if not in this life, in the next!","Pass the student. That will be of use to the student, his parents and you.",,B,,Both,Professional Education,Cannot Determine,No,,Ready for Upload,Shared Prof Ed LET reviewer; no answer key was exposed in extracted PDF text. No answer key found in extracted PDF text. Correct answer recovered from bold/highlighted answer choice in the PDF.
178,6,6. LET PROF ED Q&A.pdf,Are percentile ranks the same as percentage correct?,It cannot be determined unless scores are given.,It cannot be determined unless the number of examinees isgiven.,No,Yes,,C,,Both,Professional Education,Cannot Determine,No,,Ready for Upload,Shared Prof Ed LET reviewer; no answer key was exposed in extracted PDF text. No answer key found in extracted PDF text. Correct answer recovered from bold/highlighted answer choice in the PDF.
179,6,6. LET PROF ED Q&A.pdf,Teacher W wants to review and check on the lesson of the previous day? Which one will be most reliable?,Having students identify difficult homework problems.,Having students correct each other's work.,Sampling the understanding of a few students.,Explicitly reviewing the task-relevant information necessary for the day's lesson.,,C,,Both,Professional Education,Cannot Determine,No,,Ready for Upload,Shared Prof Ed LET reviewer; no answer key was exposed in extracted PDF text. No answer key found in extracted PDF text. Correct answer recovered from bold/highlighted answer choice in the PDF.
180,6,6. LET PROF ED Q&A.pdf,"To elicit more student's response, Teacher G made use of covert responses. Which one did she NOT do?",She had the students write their response privately.,She showed the correct answers on the overhead after the students have written their responses.,She had the students write their responses privately then called each of them.,She refrained from judging on the student's responses.,,B,,Both,Professional Education,Cannot Determine,No,,Ready for Upload,Shared Prof Ed LET reviewer; no answer key was exposed in extracted PDF text. No answer key found in extracted PDF text. Correct answer recovered from bold/highlighted answer choice in the PDF.
181,6,6. LET PROF ED Q&A.pdf,Which is a form of direct instruction?,Discovery process,Problem solving,Programmed instruction,Inductive reasoning,,C,,Both,Professional Education,Cannot Determine,No,,Ready for Upload,Shared Prof Ed LET reviewer; no answer key was exposed in extracted PDF text. No answer key found in extracted PDF text. Correct answer recovered from bold/highlighted answer choice in the PDF.
182,7,6. LET PROF ED Q&A.pdf,Which test has broad sampling of topics as strength?,Objective test,Short answer test,Essay test,Problem type,,C,,Both,Professional Education,Cannot Determine,No,,Ready for Upload,Shared Prof Ed LET reviewer; no answer key was exposed in extracted PDF text. No answer key found in extracted PDF text. Correct answer recovered from bold/highlighted answer choice in the PDF.
183,7,6. LET PROF ED Q&A.pdf,Teacher B uses the direct instruction strategy. Which sequence of steps will she follow? I. Independent practice II. Feedback and correctiveness III. Guided student practice IV. Presenting and structuring V. Reviewing the previous day's work,V-II-IV-III-I,III-II-IV-I-V,V-lV-III-II-I,I-V-II-III-IV,,C,,Both,Professional Education,Cannot Determine,No,,Ready for Upload,Shared Prof Ed LET reviewer; no answer key was exposed in extracted PDF text. No answer key found in extracted PDF text. Correct answer recovered from bold/highlighted answer choice in the PDF.
184,7,6. LET PROF ED Q&A.pdf,"Teacher H and Teacher I are rivals for promotion. To gain the favor of the promotional staff, Teacher I offers her beach resort for free for members of the promotional staff before the ranking. As one of the contenders for promotion, is this becoming of her to do?",Yes. This will be professional growth for the promotional staff.,No. This may exert undue influence ori the members of the promotional staff and so may fail to promote someone on the basis of merit.,Yes. The rare invitation will certainly be welcomedby an overworked promotional staff.,Yes. There's nothing wrong with sharing one's blessings.,,B,,Both,Professional Education,Cannot Determine,No,,Ready for Upload,Shared Prof Ed LET reviewer; no answer key was exposed in extracted PDF text. No answer key found in extracted PDF text. Correct answer recovered from bold/highlighted answer choice in the PDF.
185,7,6. LET PROF ED Q&A.pdf,Which illustrates a developmental approach in guidance and counseling?,Spotting on students in need of guidance,Teaching students how to interact in a positive manner,Acting as a mediator,Making the decision for the confused student,,C,,Both,Professional Education,Cannot Determine,No,,Ready for Upload,Shared Prof Ed LET reviewer; no answer key was exposed in extracted PDF text. No answer key found in extracted PDF text. Correct answer recovered from bold/highlighted answer choice in the PDF.
186,7,6. LET PROF ED Q&A.pdf,"The test item ""Group the following items according to shape"" is a thought test item on __________.",creating,classifying,generalizing,comparing,,B,,Both,Professional Education,Cannot Determine,No,,Ready for Upload,Shared Prof Ed LET reviewer; no answer key was exposed in extracted PDF text. No answer key found in extracted PDF text. Correct answer recovered from bold/highlighted answer choice in the PDF.
187,8,6. LET PROF ED Q&A.pdf,"Direct instruction is for facts, rules, and actions as indirect instruction is for __________, __________, __________.","hypotheses, verified data and conclusions","concepts, patterns and abstractions","concepts, processes and generalizations","guesses, data and conclusions",,C,,Both,Professional Education,Cannot Determine,No,,Ready for Upload,Shared Prof Ed LET reviewer; no answer key was exposed in extracted PDF text. No answer key found in extracted PDF text. Correct answer recovered from bold/highlighted answer choice in the PDF.
188,8,6. LET PROF ED Q&A.pdf,Which group of philosophers maintains that truth exists in an objective order that is independent of the knower?,Idealists,Pragmatists,Existentialists,Realist,,D,,Both,Professional Education,Cannot Determine,No,,Ready for Upload,Shared Prof Ed LET reviewer; no answer key was exposed in extracted PDF text. No answer key found in extracted PDF text. Correct answer recovered from bold/highlighted answer choice in the PDF.
189,8,6. LET PROF ED Q&A.pdf,On whose philosophy was,Rousseau,Pestalozzi,Montessori,John Locke,,A,,Both,Professional Education,Cannot Determine,No,,Ready for Upload,Shared Prof Ed LET reviewer; no answer key was exposed in extracted PDF text. No answer key found in extracted PDF text. Correct answer recovered from bold/highlighted answer choice in the PDF.
190,8,6. LET PROF ED Q&A.pdf,Teacher H strives to draw participation of every student into her classroom discussion. Which student's need is she trying to address? The need __________,to show their oral abilities to the rest of the class,to be creative,to feel significant and be part of a group,to get everything out in the open,,C,,Both,Professional Education,Cannot Determine,No,,Ready for Upload,Shared Prof Ed LET reviewer; no answer key was exposed in extracted PDF text. No answer key found in extracted PDF text. Correct answer recovered from bold/highlighted answer choice in the PDF.
191,8,6. LET PROF ED Q&A.pdf,"Out of 3 distracters in a multiple choice test item, namely B, C, and D, no pupil chose D as answer. This implies that D is __________",an ineffective distracter,a vague distracter,an effective distracter,a plausible distracter,,A,,Both,Professional Education,Cannot Determine,No,,Ready for Upload,Shared Prof Ed LET reviewer; no answer key was exposed in extracted PDF text. No answer key found in extracted PDF text. Correct answer recovered from bold/highlighted answer choice in the PDF.
192,9,6. LET PROF ED Q&A.pdf,Which describes norm-referenced grading?,The performance of the group,What constitutes a perfect score,The students' past performance,An absolute standard,,A,,Both,Professional Education,Cannot Determine,No,,Ready for Upload,Shared Prof Ed LET reviewer; no answer key was exposed in extracted PDF text. No answer key found in extracted PDF text. Correct answer recovered from bold/highlighted answer choice in the PDF.
193,9,6. LET PROF ED Q&A.pdf,Which Filipino trait works against the shift in teacher's role from teacher as a fountain of information to teacher as facilitator?,Authoritativeness,Authoritarianism,Hiya,Pakikisama,,C,,Both,Professional Education,Cannot Determine,No,,Ready for Upload,Shared Prof Ed LET reviewer; no answer key was exposed in extracted PDF text. No answer key found in extracted PDF text. Correct answer recovered from bold/highlighted answer choice in the PDF.
194,9,6. LET PROF ED Q&A.pdf,Teacher G's lesson objective has something to do with the skill of synthesizing? Which behavioral term is most appropriate?,Test,Assess,Appraise,Theorize,,D,,Both,Professional Education,Cannot Determine,No,,Ready for Upload,Shared Prof Ed LET reviewer; no answer key was exposed in extracted PDF text. No answer key found in extracted PDF text. Correct answer recovered from bold/highlighted answer choice in the PDF.
195,9,6. LET PROF ED Q&A.pdf,From whom do we owe the theory of deductive interference as illustrated in syllogisms?,Plato,Socrates,Aristotle,Pythagoras,,A,,Both,Professional Education,Cannot Determine,No,,Ready for Upload,Shared Prof Ed LET reviewer; no answer key was exposed in extracted PDF text. No answer key found in extracted PDF text. Correct answer recovered from bold/highlighted answer choice in the PDF.
196,9,6. LET PROF ED Q&A.pdf,To come closer to the truth we need to go back to the things themselves.This is the advice of the,behaviorists,phenomenologists,idealists,pragmatists,,B,,Both,Professional Education,Cannot Determine,No,,Ready for Upload,Shared Prof Ed LET reviewer; no answer key was exposed in extracted PDF text. No answer key found in extracted PDF text. Correct answer recovered from bold/highlighted answer choice in the PDF.
197,9,6. LET PROF ED Q&A.pdf,Which is NOT a sound purpose for asking questions?,To probe deeper after an answer is given.,To discipline a bully in class.,To remind students of a procedure.,To encourage self-reflection.,,B,,Both,Professional Education,Cannot Determine,No,,Ready for Upload,Shared Prof Ed LET reviewer; no answer key was exposed in extracted PDF text. No answer key found in extracted PDF text. Correct answer recovered from bold/highlighted answer choice in the PDF.
198,10,6. LET PROF ED Q&A.pdf,Your teacher is of the opinion that the world and everything in it are ever changing and so teaches you the skill to cope with change. What is his governing philosophy?,Idealism,Existentalism,Experimentalism,Realism,,B,,Both,Professional Education,Cannot Determine,No,,Ready for Upload,Shared Prof Ed LET reviewer; no answer key was exposed in extracted PDF text. No answer key found in extracted PDF text. Correct answer recovered from bold/highlighted answer choice in the PDF.
199,10,6. LET PROF ED Q&A.pdf,Research tells that teachers ask mostly content questions. Which of the following terms does NOT refer to content question?,Closed,Direct,Concept,Convergent,,A,,Both,Professional Education,Cannot Determine,No,,Ready for Upload,Shared Prof Ed LET reviewer; no answer key was exposed in extracted PDF text. No answer key found in extracted PDF text. Correct answer recovered from bold/highlighted answer choice in the PDF.
200,10,6. LET PROF ED Q&A.pdf,"Whose teaching is in support of Education for All (EFA), he asserted that in teaching there should be no distinction of social classes.",Sun Yat Sen,Confucius,Mencius,Lao Tsu,,D,,Both,Professional Education,Cannot Determine,No,,Ready for Upload,Shared Prof Ed LET reviewer; no answer key was exposed in extracted PDF text. No answer key found in extracted PDF text. Correct answer recovered from bold/highlighted answer choice in the PDF.
201,10,6. LET PROF ED Q&A.pdf,"As a teacher, you are a reconstructionist. Which among these will be your guiding principle?","I must teach the child every knowledge, skill, and value that he needs for a better future.",I must teach the child to develop his mental powersto the full.,I must teach the child so he is assured of heaven.,I must teach the child that we can never have real knowledge of anything.,,A,,Both,Professional Education,Cannot Determine,No,,Ready for Upload,Shared Prof Ed LET reviewer; no answer key was exposed in extracted PDF text. No answer key found in extracted PDF text. Correct answer recovered from bold/highlighted answer choice in the PDF.
202,10,6. LET PROF ED Q&A.pdf,"If a teacher plans a constructivist lesson, what will he most likely do? Plan how he can",do evaluate his students' work,do reciprocal teaching,lecture to his students,engage his students in convergent thinking,,D,,Both,Professional Education,Cannot Determine,No,,Ready for Upload,Shared Prof Ed LET reviewer; no answer key was exposed in extracted PDF text. No answer key found in extracted PDF text. Correct answer recovered from bold/highlighted answer choice in the PDF.
203,11,6. LET PROF ED Q&A.pdf,"Based on Piaget's theory, what should a teacher provide for children in the sensorimotor stage?",Games and other physical activities to develop motor skill.,Learning activities that involve problems of classification and ordering.,Activities for hypothesis formulation.,Stimulating environment with ample objects to play with.,,A,,Both,Professional Education,Cannot Determine,No,,Ready for Upload,Shared Prof Ed LET reviewer; no answer key was exposed in extracted PDF text. No answer key found in extracted PDF text. Correct answer recovered from bold/highlighted answer choice in the PDF.
204,11,6. LET PROF ED Q&A.pdf,Teacher H gave her first-grade class a page with a story in which pictures take the place of some words. Which method did she use?,The whole language approach,The Spaulding method,The rebus method,The language experience approach,,B,,Both,Professional Education,Cannot Determine,No,,Ready for Upload,Shared Prof Ed LET reviewer; no answer key was exposed in extracted PDF text. No answer key found in extracted PDF text. Correct answer recovered from bold/highlighted answer choice in the PDF.
205,11,6. LET PROF ED Q&A.pdf,"A stitch on time saves nine, so goes the adage.. Applied to classroom management, this means that we __________",may not occupy ourselves with disruptions which are worth ignoring because they are minor,must be reactive in our approach to discipline,have to Jesolve minor disruptions before they are out of control,may apply 9 rules out of 10 consistently,,C,,Both,Professional Education,Cannot Determine,No,,Ready for Upload,Shared Prof Ed LET reviewer; no answer key was exposed in extracted PDF text. No answer key found in extracted PDF text. Correct answer recovered from bold/highlighted answer choice in the PDF.
206,11,6. LET PROF ED Q&A.pdf,The attention to the development of a deep respect and affection for our rich cultural past is an influence of __________.,Confucius,Hegel,Teilhard de Chardin,Dewey,,A,,Both,Professional Education,Cannot Determine,No,,Ready for Upload,Shared Prof Ed LET reviewer; no answer key was exposed in extracted PDF text. No answer key found in extracted PDF text. Correct answer recovered from bold/highlighted answer choice in the PDF.
207,11,6. LET PROF ED Q&A.pdf,In what way can teachers uphold the highest possible standards of quality education?,By continually improving themselves personally and professionally,By wearing expensive clothes to change people's poor perception of teachers,By working out undeserved promotions,By putting down other professions to lift the status of teaching,,A,,Both,Professional Education,Cannot Determine,No,,Ready for Upload,Shared Prof Ed LET reviewer; no answer key was exposed in extracted PDF text. No answer key found in extracted PDF text. Correct answer recovered from bold/highlighted answer choice in the PDF.
208,12,6. LET PROF ED Q&A.pdf,Student B claims: I cannot see perfection but I long for it. So it must be real.Under which group can he be classified?,Idealist,Empiricist,Realist,Pragmatist,,D,,Both,Professional Education,Cannot Determine,No,,Ready for Upload,Shared Prof Ed LET reviewer; no answer key was exposed in extracted PDF text. No answer key found in extracted PDF text. Correct answer recovered from bold/highlighted answer choice in the PDF.
209,12,6. LET PROF ED Q&A.pdf,"In Krathwohl's taxonomy of objectives in the affective, which is most authentic?",Characterization,Organization,Responding,Valuing,,D,,Both,Professional Education,Cannot Determine,No,,Ready for Upload,Shared Prof Ed LET reviewer; no answer key was exposed in extracted PDF text. No answer key found in extracted PDF text. Correct answer recovered from bold/highlighted answer choice in the PDF.
210,12,6. LET PROF ED Q&A.pdf,NSAT and NEAT results are interpreted against set mastery level. This means that NSAT and NEAT fall under __________.,intelligence test,aptitude test,criterion-referenced test,norm-referenced test,,C,,Both,Professional Education,Cannot Determine,No,,Ready for Upload,Shared Prof Ed LET reviewer; no answer key was exposed in extracted PDF text. No answer key found in extracted PDF text. Correct answer recovered from bold/highlighted answer choice in the PDF.
211,12,6. LET PROF ED Q&A.pdf,"Each teacher is said to be a trustee of the cultural and educational heritage of the nation and is, under obligation to transmit to learners such heritage. Which practice makes him fulfill such obligation?",Use the latest instructional technology.,Observe continuing professional education.,Use interactive teaching strategies.,Study the life of Filipino heroes.,,D,,Both,Professional Education,Cannot Determine,No,,Ready for Upload,Shared Prof Ed LET reviewer; no answer key was exposed in extracted PDF text. No answer key found in extracted PDF text. Correct answer recovered from bold/highlighted answer choice in the PDF.
212,12,6. LET PROF ED Q&A.pdf,"A teacher's summary of a lesson serves the following functions, EXCEPT",it links the parts of the lesson,lt brings together the information that has been discussed,it makes provisions for full participation of students.,it clinches the basic ideas or concepts of the lesson.,,B,,Both,Professional Education,Cannot Determine,No,,Ready for Upload,Shared Prof Ed LET reviewer; no answer key was exposed in extracted PDF text. No answer key found in extracted PDF text. Correct answer recovered from bold/highlighted answer choice in the PDF.
213,12,6. LET PROF ED Q&A.pdf,In which competency do my students find the greatest difficulty? In the item with a difficulty index of __________.,0.1,0.9,0.5,1.0,,A,,Both,Professional Education,Cannot Determine,No,,Ready for Upload,Shared Prof Ed LET reviewer; no answer key was exposed in extracted PDF text. No answer key found in extracted PDF text. Correct answer recovered from bold/highlighted answer choice in the PDF.
214,13,6. LET PROF ED Q&A.pdf,Which method has been proven to be effective in courses that stress acquisition of knowledge?,Socratic method,Cooperative learning,Mastery learning,Indirect instruction,,C,,Both,Professional Education,Cannot Determine,No,,Ready for Upload,Shared Prof Ed LET reviewer; no answer key was exposed in extracted PDF text. No answer key found in extracted PDF text. Correct answer recovered from bold/highlighted answer choice in the PDF.
215,13,6. LET PROF ED Q&A.pdf,Why should a teacher NOT use direct instruction all the time?,It requires much time.,It requires use of many supplementary materials.,It is generally effective only in the teaching of concepts and abstractions.,It reduces students engagement in learning.,,C,,Both,Professional Education,Cannot Determine,No,,Ready for Upload,Shared Prof Ed LET reviewer; no answer key was exposed in extracted PDF text. No answer key found in extracted PDF text. Correct answer recovered from bold/highlighted answer choice in the PDF.
216,13,6. LET PROF ED Q&A.pdf,"Principal C shares this thought with his teachers:Subject matter should help students understand and appreciate themselves as unique individuals who accept complete responsibility for their thoughts, feelings, and actions.From which philosophyis this thought based?",Perennialism,Essentialism,Existentialism,Progressivism,,C,,Both,Professional Education,Cannot Determine,No,,Ready for Upload,Shared Prof Ed LET reviewer; no answer key was exposed in extracted PDF text. No answer key found in extracted PDF text. Correct answer recovered from bold/highlighted answer choice in the PDF.
217,13,6. LET PROF ED Q&A.pdf,"Whose influence is the education program that puts emphasis on self-development. through the classics, music, and rituals?",Buddha,Mohammed,Confucius,Lao Tsu,,A,,Both,Professional Education,Cannot Determine,No,,Ready for Upload,Shared Prof Ed LET reviewer; no answer key was exposed in extracted PDF text. No answer key found in extracted PDF text. Correct answer recovered from bold/highlighted answer choice in the PDF.
218,13,6. LET PROF ED Q&A.pdf,"Teacher A is a teacher of English as a Second Language. She uses vocabulary cards, fill-in-the-blank sentences, dialogues, dictation and writing excercises in teaching a lesson about grocery shopping. Based on this information, which of the following is a valid conclusion?",The teacher is applying Bloom's hierachy of cognitive learning.,The teacher is teaching in a variety of ways because not all students learn in the same manner.,The teacher wants to make herteachirig easier by having less talk.,The teacher is emphasizing reading and writing skills.,,B,,Both,Professional Education,Cannot Determine,No,,Ready for Upload,Shared Prof Ed LET reviewer; no answer key was exposed in extracted PDF text. No answer key found in extracted PDF text. Correct answer recovered from bold/highlighted answer choice in the PDF.
219,14,6. LET PROF ED Q&A.pdf,Which one may support equitable access but may sacrifice quality?,Open admission,School accreditation,Deregulated tuition fee hike,Selective retention,,A,,Both,Professional Education,Cannot Determine,No,,Ready for Upload,Shared Prof Ed LET reviewer; no answer key was exposed in extracted PDF text. No answer key found in extracted PDF text. Correct answer recovered from bold/highlighted answer choice in the PDF.
220,14,6. LET PROF ED Q&A.pdf,Teacher A discovered that his pupils are very good in dramatizing. Which tool must have helped him discover his pupils' strength?,Portfolio assessment,Performance test,Journal entry,Paper-and-pencil test,,B,,Both,Professional Education,Cannot Determine,No,,Ready for Upload,Shared Prof Ed LET reviewer; no answer key was exposed in extracted PDF text. No answer key found in extracted PDF text. Correct answer recovered from bold/highlighted answer choice in the PDF.
221,14,6. LET PROF ED Q&A.pdf,"Two students are given the WISE II. One has a full scale IQ of 91, while the other has an IQ of 109. Which conclusion can be drawn?",The second student has significantly higher intellectual ability,"The first student is probably below average, while the second has above average potential",Both students are functioning in the average range of intellectual ability,Another IQ test should be given to truly assess their intellectual potential,,A,,Both,Professional Education,Cannot Determine,No,,Ready for Upload,Shared Prof Ed LET reviewer; no answer key was exposed in extracted PDF text. No answer key found in extracted PDF text. Correct answer recovered from bold/highlighted answer choice in the PDF.
222,14,6. LET PROF ED Q&A.pdf,Helping in the development of graduates who aremaka-Diyosis an influence of,naturalistic morality,classical Christian morality,situational morality,dialectical morality,,B,,Both,Professional Education,Cannot Determine,No,,Ready for Upload,Shared Prof Ed LET reviewer; no answer key was exposed in extracted PDF text. No answer key found in extracted PDF text. Correct answer recovered from bold/highlighted answer choice in the PDF.
223,14,6. LET PROF ED Q&A.pdf,Teacher B clears his throat to communicate disapproval of a student's behavior. Which specific influence technique is this?,Signal interference,Direct appeal,Interest boosting,Proximity control,,A,,Both,Professional Education,Cannot Determine,No,,Ready for Upload,Shared Prof Ed LET reviewer; no answer key was exposed in extracted PDF text. No answer key found in extracted PDF text. Correct answer recovered from bold/highlighted answer choice in the PDF.
224,15,6. LET PROF ED Q&A.pdf,"In the context on the theory on multiple intelligences, what is one weakness of the paper-pencil test?",It is not easy to administer.,It puts the non-linguistically intelligent at a disadvantage.,It utilizes so much time.,It lacks reability.,,D,,Both,Professional Education,Cannot Determine,No,,Ready for Upload,Shared Prof Ed LET reviewer; no answer key was exposed in extracted PDF text. No answer key found in extracted PDF text. Correct answer recovered from bold/highlighted answer choice in the PDF.
225,15,6. LET PROF ED Q&A.pdf,Which criterion should guide a teacher in the choice of instructional devices?,Attractiveness,Cost,Novelty,Appropriateness,,D,,Both,Professional Education,Cannot Determine,No,,Ready for Upload,Shared Prof Ed LET reviewer; no answer key was exposed in extracted PDF text. No answer key found in extracted PDF text. Correct answer recovered from bold/highlighted answer choice in the PDF.
226,15,6. LET PROF ED Q&A.pdf,What is most likely to happen to our economy when export continuously surpasses import is a thought question on __________.,creating,relating cause-and-effect,synthesizing,predicting,,B,,Both,Professional Education,Cannot Determine,No,,Ready for Upload,Shared Prof Ed LET reviewer; no answer key was exposed in extracted PDF text. No answer key found in extracted PDF text. Correct answer recovered from bold/highlighted answer choice in the PDF.
227,15,6. LET PROF ED Q&A.pdf,The teacher's first task in the selection of media in teaching is to determine the ______.,choice of the students,availability of the media,objectives of the lesson,technique to be used,,C,,Both,Professional Education,Cannot Determine,No,,Ready for Upload,Shared Prof Ed LET reviewer; no answer key was exposed in extracted PDF text. No answer key found in extracted PDF text. Correct answer recovered from bold/highlighted answer choice in the PDF.
228,15,6. LET PROF ED Q&A.pdf,"All men are pretty much alike. It is only by custom that they are set apart, said one Oriental philosopher. Where can this thought be most inspiring?",In a multi-cultural group of learners,In multi-cultural and heterogeneous groups of learners and indigenous peoples' group,In a class composed of indigenous peoples,In heterogeneous class of learners,,B,,Both,Professional Education,Cannot Determine,No,,Ready for Upload,Shared Prof Ed LET reviewer; no answer key was exposed in extracted PDF text. No answer key found in extracted PDF text. Correct answer recovered from bold/highlighted answer choice in the PDF.
229,15,6. LET PROF ED Q&A.pdf,"If teacher has to ask more higher-order questions, he has to ask more __________ questions.",closed,fact,concept,convergent,,D,,Both,Professional Education,Cannot Determine,No,,Ready for Upload,Shared Prof Ed LET reviewer; no answer key was exposed in extracted PDF text. No answer key found in extracted PDF text. Correct answer recovered from bold/highlighted answer choice in the PDF.
230,16,6. LET PROF ED Q&A.pdf,"Student Z does not study at all but when the Licensure Examination for Teachers (LET) comes, before he takes the LET, he spends one hour or more praying for a miracle, i.",Religion as fake,Religion as magic,Religion as authentic,Religion as real,to pass the exam. Which attitude towards religion or God is displayed?,B,,Both,Professional Education,Cannot Determine,No,,Ready for Upload,Shared Prof Ed LET reviewer; no answer key was exposed in extracted PDF text. No answer key found in extracted PDF text. Correct answer recovered from bold/highlighted answer choice in the PDF.
231,16,6. LET PROF ED Q&A.pdf,"Teacher T taught a lesson denoting ownership by means of possessives. He first introduced the rule, then gave examples, followed by class exercises, then back to the rule before he moved into the second rule. Which presenting technique did he use?",Combinatorial,Comparative,Part-whole,Sequence,,D,,Both,Professional Education,Cannot Determine,No,,Ready for Upload,Shared Prof Ed LET reviewer; no answer key was exposed in extracted PDF text. No answer key found in extracted PDF text. Correct answer recovered from bold/highlighted answer choice in the PDF.
232,16,6. LET PROF ED Q&A.pdf,All subjects in Philippine elementary and secondary schools are expected to be taught using the integrated approach. This came about as a result of the implementation of _________.,Program for Decentralized Education,School-Based Management,Basic Education Curriculum,Schools First Initiative,,C,,Both,Professional Education,Cannot Determine,No,,Ready for Upload,Shared Prof Ed LET reviewer; no answer key was exposed in extracted PDF text. No answer key found in extracted PDF text. Correct answer recovered from bold/highlighted answer choice in the PDF.
233,16,6. LET PROF ED Q&A.pdf,Which technique should a teacher use to encourage response if his students do not respond to his question?,"Ask a specific student to respond, state the question, and wait a response.",Tell the class that it will have detention unless answer are forthcoming.,"Ask another question, an easier one.",Wait for a response.,,A,,Both,Professional Education,Cannot Determine,No,,Ready for Upload,Shared Prof Ed LET reviewer; no answer key was exposed in extracted PDF text. No answer key found in extracted PDF text. Correct answer recovered from bold/highlighted answer choice in the PDF.
234,16,6. LET PROF ED Q&A.pdf,Standard deviation is to variability as mean is to __________.,coefficient of correlation,central tendency,discrimination index,level of difficulty,,B,,Both,Professional Education,Cannot Determine,No,,Ready for Upload,Shared Prof Ed LET reviewer; no answer key was exposed in extracted PDF text. No answer key found in extracted PDF text. Correct answer recovered from bold/highlighted answer choice in the PDF.
235,17,6. LET PROF ED Q&A.pdf,Quiz is to formative test while periodic is to __________,criterion-reference test,summative test,norm-reference test,diagnostic test,,B,,Both,Professional Education,Cannot Determine,No,,Ready for Upload,Shared Prof Ed LET reviewer; no answer key was exposed in extracted PDF text. No answer key found in extracted PDF text. Correct answer recovered from bold/highlighted answer choice in the PDF.
236,17,6. LET PROF ED Q&A.pdf,Which teaching activity is founded on Bandura's Social Learning Theory?,Lecturing,Modeling,Questioning,Inductive Reasoning,,B,,Both,Professional Education,Cannot Determine,No,,Ready for Upload,Shared Prof Ed LET reviewer; no answer key was exposed in extracted PDF text. No answer key found in extracted PDF text. Correct answer recovered from bold/highlighted answer choice in the PDF.
237,17,6. LET PROF ED Q&A.pdf,"In mastery learning, the definition of an acceptable standard of performance is called a",SMART,criterion measure,behavior,condition,,B,,Both,Professional Education,Cannot Determine,No,,Ready for Upload,Shared Prof Ed LET reviewer; no answer key was exposed in extracted PDF text. No answer key found in extracted PDF text. Correct answer recovered from bold/highlighted answer choice in the PDF.
238,17,6. LET PROF ED Q&A.pdf,"Students' scores on a test were: 72, 72, 73, 74, 76, 78, 81, 83, 85. The score 76 is the __________.",mode,average,mean,median,,D,,Both,Professional Education,Cannot Determine,No,,Ready for Upload,Shared Prof Ed LET reviewer; no answer key was exposed in extracted PDF text. No answer key found in extracted PDF text. Correct answer recovered from bold/highlighted answer choice in the PDF.
239,17,6. LET PROF ED Q&A.pdf,Test norms are established in order to have a basis for __________.,establishing learning goals,interpreting test results,computing grades,identifying pupils' difficulties,,B,,Both,Professional Education,Cannot Determine,No,,Ready for Upload,Shared Prof Ed LET reviewer; no answer key was exposed in extracted PDF text. No answer key found in extracted PDF text. Correct answer recovered from bold/highlighted answer choice in the PDF.
240,18,6. LET PROF ED Q&A.pdf,Which behavior is exhibited by a student who is strong in interpersonal intelligence?,Works on his/her own.,Keeps interest to himself/herself.,Seeks out a classmate for help when problem occurs.,Spends time meditating.,,C,,Both,Professional Education,Cannot Determine,No,,Ready for Upload,Shared Prof Ed LET reviewer; no answer key was exposed in extracted PDF text. No answer key found in extracted PDF text. Correct answer recovered from bold/highlighted answer choice in the PDF.
241,18,6. LET PROF ED Q&A.pdf,All of the following describe the development of children aged eleven to thirteen EXCEPT __________.,they shift from impulsivity to adaptive ability,sex differences in IQ becomes more evident,they exhibit increase objectivity in thinking,they show abstract thinking and judgement,,A,,Both,Professional Education,Cannot Determine,No,,Ready for Upload,Shared Prof Ed LET reviewer; no answer key was exposed in extracted PDF text. No answer key found in extracted PDF text. Correct answer recovered from bold/highlighted answer choice in the PDF.
242,18,6. LET PROF ED Q&A.pdf,A student passes a research report poorly written but ornately presented in a folder to make up for the poor quality of the book report content. Which Filipino trait does this practice prove? Emphasis on __________.,art over academics,substance overporma,art over science,porma over substance,,D,,Both,Professional Education,Cannot Determine,No,,Ready for Upload,Shared Prof Ed LET reviewer; no answer key was exposed in extracted PDF text. No answer key found in extracted PDF text. Correct answer recovered from bold/highlighted answer choice in the PDF.
243,18,6. LET PROF ED Q&A.pdf,The principle of individual differences requires teachers to __________.,give greater attention to gifted learners,provide for a variety of learning activities,treat all learners alike while in the classroom,prepare modules for slow learners in class,,B,,Both,Professional Education,Cannot Determine,No,,Ready for Upload,Shared Prof Ed LET reviewer; no answer key was exposed in extracted PDF text. No answer key found in extracted PDF text. Correct answer recovered from bold/highlighted answer choice in the PDF.
244,18,6. LET PROF ED Q&A.pdf,Value clarification as a strategy in Values Education classes is anchored on which philosophy?,Existentialism,Christian philosophy,Idealism,Hedonism,,C,,Both,Professional Education,Cannot Determine,No,,Ready for Upload,Shared Prof Ed LET reviewer; no answer key was exposed in extracted PDF text. No answer key found in extracted PDF text. Correct answer recovered from bold/highlighted answer choice in the PDF.
245,18,6. LET PROF ED Q&A.pdf,"Teacher E discussed how electricity flows through wires and what generates the electric charge. Then she gave the students wires, bulbs, switches, and dry cells and told the class to create a circuit that will increase the brightness of each bulb. Which one best describes the approach used?",It used a taxonomy of basic thinking skills,It was contructivist,It helped students understand scientific methodology,It used cooperative learning,,C,,Both,Professional Education,Cannot Determine,No,,Ready for Upload,Shared Prof Ed LET reviewer; no answer key was exposed in extracted PDF text. No answer key found in extracted PDF text. Correct answer recovered from bold/highlighted answer choice in the PDF.
246,19,6. LET PROF ED Q&A.pdf,"Rodel is very aloof and cold in his relationships with his classmates. Which basic goal must haye not been attained by Rodel during his developmental years, according to Erikson's theory on psychological development?",Autonomy,Trust,Initiative,Generativity,,B,,Both,Professional Education,Cannot Determine,No,,Ready for Upload,Shared Prof Ed LET reviewer; no answer key was exposed in extracted PDF text. No answer key found in extracted PDF text. Correct answer recovered from bold/highlighted answer choice in the PDF.
247,19,6. LET PROF ED Q&A.pdf,"Which type of report refers toon-the-spotdescription of some incident, episode or occurrence that is being observed and recorded as being of possible significance?",Autobiographical report,Biographical report,Value and interest report,Anecdotal report,,C,,Both,Professional Education,Cannot Determine,No,,Ready for Upload,Shared Prof Ed LET reviewer; no answer key was exposed in extracted PDF text. No answer key found in extracted PDF text. Correct answer recovered from bold/highlighted answer choice in the PDF.
248,19,6. LET PROF ED Q&A.pdf,The main purpose of compulsory study of the Constitution is to __________,"develop students into responsible, thinking citizens",acquaint students with the historical development of the Philippine Constitution,make constitutional experts of the students,prepare students for law-making,,A,,Both,Professional Education,Cannot Determine,No,,Ready for Upload,Shared Prof Ed LET reviewer; no answer key was exposed in extracted PDF text. No answer key found in extracted PDF text. Correct answer recovered from bold/highlighted answer choice in the PDF.
249,19,6. LET PROF ED Q&A.pdf,"The following are used in writing performance objectives, EXCEPT",delineate,diagram,integrate,comprehend,,A,,Both,Professional Education,Cannot Determine,No,,Ready for Upload,Shared Prof Ed LET reviewer; no answer key was exposed in extracted PDF text. No answer key found in extracted PDF text. Correct answer recovered from bold/highlighted answer choice in the PDF.
250,19,6. LET PROF ED Q&A.pdf,Which can effectively measure students' awareness of values?,Projective techniques,Moral dilemma,Likert scales,Anecdotal record,,D,,Both,Professional Education,Cannot Determine,No,,Ready for Upload,Shared Prof Ed LET reviewer; no answer key was exposed in extracted PDF text. No answer key found in extracted PDF text. Correct answer recovered from bold/highlighted answer choice in the PDF.
251,20,6. LET PROF ED Q&A.pdf,The first thing to do in constructing a periodic test is for a teacher to __________,decide on the number of items for the test,go back to her instructional objectives,study the content,decide on the type of test to construct,,B,,Both,Professional Education,Cannot Determine,No,,Ready for Upload,Shared Prof Ed LET reviewer; no answer key was exposed in extracted PDF text. No answer key found in extracted PDF text. Correct answer recovered from bold/highlighted answer choice in the PDF.
252,20,6. LET PROF ED Q&A.pdf,"Teacher F is convinced that whenever a student performs a desired behavior, provided reinforcement and soon the student will learn to perform the behavior on his own. On which principle is Teacher F's conviction based?",Cognitivism,Environmentalism,Behaviorism,Constructivism,,C,,Both,Professional Education,Cannot Determine,No,,Ready for Upload,Shared Prof Ed LET reviewer; no answer key was exposed in extracted PDF text. No answer key found in extracted PDF text. Correct answer recovered from bold/highlighted answer choice in the PDF.
253,20,6. LET PROF ED Q&A.pdf,Teacher U teaches to his pupils that pleasure is not the highest good. Teacher's teaching is against what philosophy?,Realism,Hedonism,Epicureanism,Empiricism,,B,,Both,Professional Education,Cannot Determine,No,,Ready for Upload,Shared Prof Ed LET reviewer; no answer key was exposed in extracted PDF text. No answer key found in extracted PDF text. Correct answer recovered from bold/highlighted answer choice in the PDF.
254,20,6. LET PROF ED Q&A.pdf,Teacher F wanted to teach the pupils the skill to do cross stitching. Her check up quiz was a written test on the steps of cross stitching. Which characteristic of a good test does it lack?,Scorability,Reliability,Objectivity,Validity,,A,,Both,Professional Education,Cannot Determine,No,,Ready for Upload,Shared Prof Ed LET reviewer; no answer key was exposed in extracted PDF text. No answer key found in extracted PDF text. Correct answer recovered from bold/highlighted answer choice in the PDF.
255,20,6. LET PROF ED Q&A.pdf,"In self-directed learning, to what extent should a teacher's scaffolding be?",To a degree the student needs it.,"None, to force the student to learn by himself.","To the minimum, to speed up development of student's sense of independence.","To the maximum, in order to extend to the student all the help he needs.",,C,,Both,Professional Education,Cannot Determine,No,,Ready for Upload,Shared Prof Ed LET reviewer; no answer key was exposed in extracted PDF text. No answer key found in extracted PDF text. Correct answer recovered from bold/highlighted answer choice in the PDF.
256,21,6. LET PROF ED Q&A.pdf,What can be said of Peter who obtained a score of 75 in a Grammar objective test?,He answered 75 items in the test correctly.,He answered 75% of the test items correctly.,His rating is 75.,He performed better than 5% of his classmates.,,A,,Both,Professional Education,Cannot Determine,No,,Ready for Upload,Shared Prof Ed LET reviewer; no answer key was exposed in extracted PDF text. No answer key found in extracted PDF text. Correct answer recovered from bold/highlighted answer choice in the PDF.
257,21,6. LET PROF ED Q&A.pdf,Which applies when skewnessis zero?,Mean is greater than the median,Median is greater than mean,Scores have three modes,Scores are normally distributed,,D,,Both,Professional Education,Cannot Determine,No,,Ready for Upload,Shared Prof Ed LET reviewer; no answer key was exposed in extracted PDF text. No answer key found in extracted PDF text. Correct answer recovered from bold/highlighted answer choice in the PDF.
258,21,6. LET PROF ED Q&A.pdf,Which measure(s) of central tendency separate(s) the top half of the group from the bottom half?,Median,Mean,Median and Mean,Mode,,C,,Both,Professional Education,Cannot Determine,No,,Ready for Upload,Shared Prof Ed LET reviewer; no answer key was exposed in extracted PDF text. No answer key found in extracted PDF text. Correct answer recovered from bold/highlighted answer choice in the PDF.
259,21,6. LET PROF ED Q&A.pdf,What was the most prominent educational issue of the mid 1980s?,Bilingual Education,Values Education,Accountability,Mainstreaming,,A,,Both,Professional Education,Cannot Determine,No,,Ready for Upload,Shared Prof Ed LET reviewer; no answer key was exposed in extracted PDF text. No answer key found in extracted PDF text. Correct answer recovered from bold/highlighted answer choice in the PDF.
260,21,6. LET PROF ED Q&A.pdf,How can you exhibit expert power on the first day of school?,By making them feel you know what you are talking about.,By making them realize the importance of good grades.,By reminding them your students your authority over them again and again.,By giving your students a sense of belonging and acceptance.,,A,,Both,Professional Education,Cannot Determine,No,,Ready for Upload,Shared Prof Ed LET reviewer; no answer key was exposed in extracted PDF text. No answer key found in extracted PDF text. Correct answer recovered from bold/highlighted answer choice in the PDF.
261,21,6. LET PROF ED Q&A.pdf,Which types of play is most characteristic of a four to six-year old child?,Solitary and onlooker plays,Associative and coooperative plays,Associative and onlooker plays,Cooperative and solitary plays,,B,,Both,Professional Education,Cannot Determine,No,,Ready for Upload,Shared Prof Ed LET reviewer; no answer key was exposed in extracted PDF text. No answer key found in extracted PDF text. Correct answer recovered from bold/highlighted answer choice in the PDF.
262,22,6. LET PROF ED Q&A.pdf,For which may you use the direct instruction method?,Become aware of the pollutants around us.,Appreciate Milton's Paradise Lost.,Use a microscope properly.,Distinguish war from aggression.,,C,,Both,Professional Education,Cannot Determine,No,,Ready for Upload,Shared Prof Ed LET reviewer; no answer key was exposed in extracted PDF text. No answer key found in extracted PDF text. Correct answer recovered from bold/highlighted answer choice in the PDF.
263,22,6. LET PROF ED Q&A.pdf,"Read the following then answer the question TEACHER: IN WHAT WAYS OTHER THAN THE PERIODIC TABLE MIGHT WE PREDICT THE UNDISCOVERED ELEMENTS? BOBBY: WE COULD GOTO THE MOON AND SEE IF THERE ARE SOME ELEMENTS THERE WE DON'T HAVE. BETTY: WE COULD DIG DOWN INTO THE CENTER OF THE EARTH AND SEE IF WE FIND ANY OF THE MISSING ELEMENTS RICKY: WE COULD STUDY DEBRIS FROM THE METEORITES IF WE CAN FIND ANY. TEACHER: THOSE ARE ALL GOOD ANSWERS. BUT WHAT IF THOSE EXCURSIONS TO THE MOON, TO THE CENTER OF THE EARTH, OR TO FIND METEORITES WERE TOO COSTLY AND TIME CONSUMING? HOW MIGHT WE USE THE ELEMENTS WE ALREADY HAVE HERE ON EARTH TO FIND SOME NEW ONES? Question: The Teacher's questions in the above exchange are examples of __________ questions.",fact,concept,direct,closed,,C,,Both,Professional Education,Cannot Determine,No,,Ready for Upload,Shared Prof Ed LET reviewer; no answer key was exposed in extracted PDF text. No answer key found in extracted PDF text. Correct answer recovered from bold/highlighted answer choice in the PDF.
264,22,6. LET PROF ED Q&A.pdf,The following are sound specific purposes of questions EXCEPT,to call the attention of an inattentive student,to teach via student answers,to stimulate leamers to ask questions,to arouse interestand curiosity,,A,,Both,Professional Education,Cannot Determine,No,,Ready for Upload,Shared Prof Ed LET reviewer; no answer key was exposed in extracted PDF text. No answer key found in extracted PDF text. Correct answer recovered from bold/highlighted answer choice in the PDF.
265,22,6. LET PROF ED Q&A.pdf,Teacher B engages her students with information for thorough understanding for meaning and for competent application. Which principle governs Teacher B's practice?,Contructivist,Gestalt,Behaviorist,Cognitivist,,D,,Both,Professional Education,Cannot Determine,No,,Ready for Upload,Shared Prof Ed LET reviewer; no answer key was exposed in extracted PDF text. No answer key found in extracted PDF text. Correct answer recovered from bold/highlighted answer choice in the PDF.
266,23,6. LET PROF ED Q&A.pdf,"In a study conducted, the pupils were asked which nationality they preferred, if given a choice. Majority of the pupils wanted to be Americans. In this case, in which obligation relative to the state, do schools seem to be failing? In their obligation to __________",respect for all duly constituted authorities,promote national pride,promote obedience to the laws of the state,instill allegiance to the Constitution,,B,,Both,Professional Education,Cannot Determine,No,,Ready for Upload,Shared Prof Ed LET reviewer; no answer key was exposed in extracted PDF text. No answer key found in extracted PDF text. Correct answer recovered from bold/highlighted answer choice in the PDF.
267,23,6. LET PROF ED Q&A.pdf,Read this question:How will you present the layers of the earth to your class?This is a question that,directs,leads the student to evaluate,assesses cognition,probes creative thinking,,D,,Both,Professional Education,Cannot Determine,No,,Ready for Upload,Shared Prof Ed LET reviewer; no answer key was exposed in extracted PDF text. No answer key found in extracted PDF text. Correct answer recovered from bold/highlighted answer choice in the PDF.
268,23,6. LET PROF ED Q&A.pdf,"A mother gives his boy his favorite snack everytime the boy cleans up his room. Afterwards, the boy cleaned his room everyday in anticipation of the snack. Which theory is illustrated?",Associative Learning,Classical Conditioning,Operant Conditioning,Pavlonian Conditioning,,D,,Both,Professional Education,Cannot Determine,No,,Ready for Upload,Shared Prof Ed LET reviewer; no answer key was exposed in extracted PDF text. No answer key found in extracted PDF text. Correct answer recovered from bold/highlighted answer choice in the PDF.
269,23,6. LET PROF ED Q&A.pdf,What should a teacher dofor students in his class who are not on grade level?,"Give them materials on their level and let them work at a pace that is reasonable for them, trying to bring them up to a grade level.","Give them the same work as the other students, because they will absorb as much as they are capable of.","Give them the same work as the other students, not much, so that they won't feel embarrassed.",Give them work on the level of the other students and work a little above the classmates level to challenge them.,,A,,Both,Professional Education,Cannot Determine,No,,Ready for Upload,Shared Prof Ed LET reviewer; no answer key was exposed in extracted PDF text. No answer key found in extracted PDF text. Correct answer recovered from bold/highlighted answer choice in the PDF.
270,23,6. LET PROF ED Q&A.pdf,Which holds true to standardized tests?,They are used for comparative purposes,They are administered differently,They are scored according to different standards,They are used for assigning grades,,C,,Both,Professional Education,Cannot Determine,No,,Ready for Upload,Shared Prof Ed LET reviewer; no answer key was exposed in extracted PDF text. No answer key found in extracted PDF text. Correct answer recovered from bold/highlighted answer choice in the PDF.
271,24,6. LET PROF ED Q&A.pdf,"Shown a picture of children in sweaters inside the classroom, the students were asked this question: ""In what kind of climate do these children live?"" This is a thought question on __________",inferring,applying,creating,predicting,,A,,Both,Professional Education,Cannot Determine,No,,Ready for Upload,Shared Prof Ed LET reviewer; no answer key was exposed in extracted PDF text. No answer key found in extracted PDF text. Correct answer recovered from bold/highlighted answer choice in the PDF.
272,24,6. LET PROF ED Q&A.pdf,"In his second item analysis, Teacher H found out that more from the lower group got the test item # 6 correctly. This means that the test item __________.",has a negative discriminating power,has a lower validity,has a positive discriminating power,has a high reability,,B,,Both,Professional Education,Cannot Determine,No,,Ready for Upload,Shared Prof Ed LET reviewer; no answer key was exposed in extracted PDF text. No answer key found in extracted PDF text. Correct answer recovered from bold/highlighted answer choice in the PDF.
273,24,6. LET PROF ED Q&A.pdf,Teacher A knows of the illegal activities of a neighbor but keeps quiet in order not to be involved in any investigation. Which foundational principle of morality does Teacher A fail to apply?,The end does not justify the means.,The principle of double-effect,Always do what is right.,"Between two evils, do the lesser evil.",,C,,Both,Professional Education,Cannot Determine,No,,Ready for Upload,Shared Prof Ed LET reviewer; no answer key was exposed in extracted PDF text. No answer key found in extracted PDF text. Correct answer recovered from bold/highlighted answer choice in the PDF.
274,24,6. LET PROF ED Q&A.pdf,"As a teacher, you are a rationalist. Which among these will be your guiding principle?",I must teach the child that we can never have real knowledge of anything.,I must teAch the child to develop his mental powers to the full.,I must teach the child so he is assured of heaven.,"I must teach the child every knowledge, skill, and value that he needs for a better future.",,B,,Both,Professional Education,Cannot Determine,No,,Ready for Upload,Shared Prof Ed LET reviewer; no answer key was exposed in extracted PDF text. No answer key found in extracted PDF text. Correct answer recovered from bold/highlighted answer choice in the PDF.
275,24,6. LET PROF ED Q&A.pdf,Which guideline in test construction is NOT observed in this test item: Jose Rizal wrote __________.,The central problem should be packed in the stem.,There must be only one correct answer.,Alternatives must have grammatical parallelism.,The alternates must be plausible.,,B,,Both,Professional Education,Cannot Determine,No,,Ready for Upload,Shared Prof Ed LET reviewer; no answer key was exposed in extracted PDF text. No answer key found in extracted PDF text. Correct answer recovered from bold/highlighted answer choice in the PDF.
276,25,6. LET PROF ED Q&A.pdf,I combined several subject areas in order to focus on a single concept for inter-disciplinary teaching. Which strategy/method did I use?,Problem-entered learning,Thematic instruction,Reading-writing activity,Unit method,,D,,Both,Professional Education,Cannot Determine,No,,Ready for Upload,Shared Prof Ed LET reviewer; no answer key was exposed in extracted PDF text. No answer key found in extracted PDF text. Correct answer recovered from bold/highlighted answer choice in the PDF.
277,25,6. LET PROF ED Q&A.pdf,Which is a major advantage of a curriculum-based assessment?,It is informal in nature.,It connects testing with teaching.,It tends to focus on anecdotal information on student progress.,It is based on a norm-referenced measurement model.,,D,,Both,Professional Education,Cannot Determine,No,,Ready for Upload,Shared Prof Ed LET reviewer; no answer key was exposed in extracted PDF text. No answer key found in extracted PDF text. Correct answer recovered from bold/highlighted answer choice in the PDF.
278,25,6. LET PROF ED Q&A.pdf,"Based on Edgar Dale's Cone of Experience, which activity is closest to the real thing?",View images,Attend exhibit,Watch a demo,Hear,,B,,Both,Professional Education,Cannot Determine,No,,Ready for Upload,Shared Prof Ed LET reviewer; no answer key was exposed in extracted PDF text. No answer key found in extracted PDF text. Correct answer recovered from bold/highlighted answer choice in the PDF.
279,25,6. LET PROF ED Q&A.pdf,Teacher Y does norm-referenced interpretation of scores. Which of the following does she do?,She describes group performance in relation to a level of mastery set.,She uses a specified content as its frame of reference.,She compares every individual students' scores with others' scores.,She describes what should be their performance.,,C,,Both,Professional Education,Cannot Determine,No,,Ready for Upload,Shared Prof Ed LET reviewer; no answer key was exposed in extracted PDF text. No answer key found in extracted PDF text. Correct answer recovered from bold/highlighted answer choice in the PDF.
280,25,6. LET PROF ED Q&A.pdf,The typical autocratic teacher consistently does the following EXCEPT,encouraging students.,shaming students.,ridiculing students.,intimidating students.,,A,,Both,Professional Education,Cannot Determine,No,,Ready for Upload,Shared Prof Ed LET reviewer; no answer key was exposed in extracted PDF text. No answer key found in extracted PDF text. Correct answer recovered from bold/highlighted answer choice in the PDF.
281,25,6. LET PROF ED Q&A.pdf,Which is one role of play in the pre-school and early childhood years?,Develops competitive spirit.,Separates reality from fantasy.,Increases imagination due to expanding knowledge and emotional range.,Develops the upper and lower limbs.,,C,,Both,Professional Education,Cannot Determine,No,,Ready for Upload,Shared Prof Ed LET reviewer; no answer key was exposed in extracted PDF text. No answer key found in extracted PDF text. Correct answer recovered from bold/highlighted answer choice in the PDF.
282,26,6. LET PROF ED Q&A.pdf,"During the Spanish period, what was/were the medium/media of instruction in schools?",The Vernacular,English,Spanish,Spanish and the Vernacular,,D,,Both,Professional Education,Cannot Determine,No,,Ready for Upload,Shared Prof Ed LET reviewer; no answer key was exposed in extracted PDF text. No answer key found in extracted PDF text. Correct answer recovered from bold/highlighted answer choice in the PDF.
283,26,6. LET PROF ED Q&A.pdf,An effective classroom manager uses low-profile classroom control. Which is a low-profile classroom technique?,Note to parents,After-school detention,Withdrawal of privileges,Raising the pitch of the voice,,D,,Both,Professional Education,Cannot Determine,No,,Ready for Upload,Shared Prof Ed LET reviewer; no answer key was exposed in extracted PDF text. No answer key found in extracted PDF text. Correct answer recovered from bold/highlighted answer choice in the PDF.
284,26,6. LET PROF ED Q&A.pdf,The primary objective of my lesson is:To add similar fractions correctly.Before I can do this I must first aim at this specific objective:To distinguish a numerator from a nominator.What kind of objective is the latter?,Major,Terminal,Enabling,Primary,,C,,Both,Professional Education,Cannot Determine,No,,Ready for Upload,Shared Prof Ed LET reviewer; no answer key was exposed in extracted PDF text. No answer key found in extracted PDF text. Correct answer recovered from bold/highlighted answer choice in the PDF.
285,26,6. LET PROF ED Q&A.pdf,"Which is/are the sources of man's intellectual drives, according to Freud?",Id,Superego,Id and ego,Ego,,C,,Both,Professional Education,Cannot Determine,No,,Ready for Upload,Shared Prof Ed LET reviewer; no answer key was exposed in extracted PDF text. No answer key found in extracted PDF text. Correct answer recovered from bold/highlighted answer choice in the PDF.
286,26,6. LET PROF ED Q&A.pdf,Which is an appropriate way to manage off-task behavior?,Make eye contact.,Stop your class activity to correct a child who is no longer on task.,Move closer to the child.,Redirect a child's attention to task and check his progress to make sure he is continuing to work.,,D,,Both,Professional Education,Cannot Determine,No,,Ready for Upload,Shared Prof Ed LET reviewer; no answer key was exposed in extracted PDF text. No answer key found in extracted PDF text. Correct answer recovered from bold/highlighted answer choice in the PDF.
287,27,6. LET PROF ED Q&A.pdf,John Watson said:Men are built not born.What does this statement point to?,The ineffectiveness of training on a person's development.,The effect of environmental stimulation on a person's development.,The absence of genetic influence on a person's development,The effect of heredity.,,B,,Both,Professional Education,Cannot Determine,No,,Ready for Upload,Shared Prof Ed LET reviewer; no answer key was exposed in extracted PDF text. No answer key found in extracted PDF text. Correct answer recovered from bold/highlighted answer choice in the PDF.
288,27,6. LET PROF ED Q&A.pdf,Which does NOT belong to the group of alternative learning systems?,Multi-grade grouping,Multi-age grouping,Graded education,Non-graded grouping,,C,,Both,Professional Education,Cannot Determine,No,,Ready for Upload,Shared Prof Ed LET reviewer; no answer key was exposed in extracted PDF text. No answer key found in extracted PDF text. Correct answer recovered from bold/highlighted answer choice in the PDF.
289,27,6. LET PROF ED Q&A.pdf,Which activity should a teacher have more for his students if he wants them to develop logical- mathematical thinking?,Problem solving,Choral reading,Drama,Storytelling,,A,,Both,Professional Education,Cannot Determine,No,,Ready for Upload,Shared Prof Ed LET reviewer; no answer key was exposed in extracted PDF text. No answer key found in extracted PDF text. Correct answer recovered from bold/highlighted answer choice in the PDF.
290,27,6. LET PROF ED Q&A.pdf,A goal-oriented instruction culminates in __________.,planning of activities,evaluation,identification of topics,formulation of objectives,,A,,Both,Professional Education,Cannot Determine,No,,Ready for Upload,Shared Prof Ed LET reviewer; no answer key was exposed in extracted PDF text. No answer key found in extracted PDF text. Correct answer recovered from bold/highlighted answer choice in the PDF.
291,27,6. LET PROF ED Q&A.pdf,A teacher/student is held responsible for his actions because s/he __________.,has instincts,is mature,has a choice,has reason,,C,,Both,Professional Education,Cannot Determine,No,,Ready for Upload,Shared Prof Ed LET reviewer; no answer key was exposed in extracted PDF text. No answer key found in extracted PDF text. Correct answer recovered from bold/highlighted answer choice in the PDF.
292,27,6. LET PROF ED Q&A.pdf,The burnout malady gets worse if a teacher doesn't intervene to change whatever areas he or she can control. Which one can renew a teacher's enthusiasm?,Stick to job,Initiate changes in jobs,Judge someone else as wrong,Engage in self-pity,,B,,Both,Professional Education,Cannot Determine,No,,Ready for Upload,Shared Prof Ed LET reviewer; no answer key was exposed in extracted PDF text. No answer key found in extracted PDF text. Correct answer recovered from bold/highlighted answer choice in the PDF.
293,28,6. LET PROF ED Q&A.pdf,"With indirect instruction in mind, which does NOT belong to the group?",Problem solving,Lecture-recitation,Inductive reasoning,Discovery,,D,,Both,Professional Education,Cannot Determine,No,,Ready for Upload,Shared Prof Ed LET reviewer; no answer key was exposed in extracted PDF text. No answer key found in extracted PDF text. Correct answer recovered from bold/highlighted answer choice in the PDF.
294,28,6. LET PROF ED Q&A.pdf,History books used in schools are replete with events portraying defeats and weaknesses of the Filipino as a people. How should you tackle them in the classroom?,Present them and express your feelings of shame.,Present facts and use them as means in inspiring your class to learn from them.,Present them and blame those people responsibleor those who have contributed.,"Present them as they are presented,and tell the class to accept reality.",,B,,Both,Professional Education,Cannot Determine,No,,Ready for Upload,Shared Prof Ed LET reviewer; no answer key was exposed in extracted PDF text. No answer key found in extracted PDF text. Correct answer recovered from bold/highlighted answer choice in the PDF.
295,28,6. LET PROF ED Q&A.pdf,"Teachers often complain of numerous non-teaching assignments that adversely, affect their teaching. Does this mean that teachers must be preoccupied only with teaching?","Yes, if they are given other assignments, justice demands that they be properly compensated.","Yes, because other community leaders, not teachers, are tasked to leadin community activities.","NO, because every teacher is expected to provide leadership and initiative in activities for betterment of communities.","Yes, because teaching is enough full time job.",,C,,Both,Professional Education,Cannot Determine,No,,Ready for Upload,Shared Prof Ed LET reviewer; no answer key was exposed in extracted PDF text. No answer key found in extracted PDF text. Correct answer recovered from bold/highlighted answer choice in the PDF.
296,28,6. LET PROF ED Q&A.pdf,"""In the light of the facts presented, what is most likely to happen when ... ?"" is a sample thought question on",inferring,generalizing,synthesizing,justifying,,A,,Both,Professional Education,Cannot Determine,No,,Ready for Upload,Shared Prof Ed LET reviewer; no answer key was exposed in extracted PDF text. No answer key found in extracted PDF text. Correct answer recovered from bold/highlighted answer choice in the PDF.
297,28,6. LET PROF ED Q&A.pdf,Which is a true foundation of the social order?,Obedient citizenry,The reciprocation of rights and duties,Strong political leadership,Equitable distribution of wealth,,B,,Both,Professional Education,Cannot Determine,No,,Ready for Upload,Shared Prof Ed LET reviewer; no answer key was exposed in extracted PDF text. No answer key found in extracted PDF text. Correct answer recovered from bold/highlighted answer choice in the PDF.
298,29,6. LET PROF ED Q&A.pdf,"For maximum interaction, a teacher ought to avoid __________ questions.",informational,rhetorical,leading,divergent,,C,,Both,Professional Education,Cannot Determine,No,,Ready for Upload,Shared Prof Ed LET reviewer; no answer key was exposed in extracted PDF text. No answer key found in extracted PDF text. Correct answer recovered from bold/highlighted answer choice in the PDF.
299,29,6. LET PROF ED Q&A.pdf,It is not wise to laugh at a two-year old child when he utters bad word because in his stage he is learning to __________.,consider other's views,distinguish sex differences,socialize,distinguish right from wrong,,A,,Both,Professional Education,Cannot Determine,No,,Ready for Upload,Shared Prof Ed LET reviewer; no answer key was exposed in extracted PDF text. No answer key found in extracted PDF text. Correct answer recovered from bold/highlighted answer choice in the PDF.
300,29,6. LET PROF ED Q&A.pdf,Which guideline must be observed in the use of prompting to shape the correct performance of your students?,Use the least intrusive prompt first.,Use all prompts available.,Use the most intrusive prompt first.,Refrain from using prompts.,,A,,Both,Professional Education,Cannot Determine,No,,Ready for Upload,Shared Prof Ed LET reviewer; no answer key was exposed in extracted PDF text. No answer key found in extracted PDF text. Correct answer recovered from bold/highlighted answer choice in the PDF.
301,29,6. LET PROF ED Q&A.pdf,Bruner's theory on intellectual development moves from enactive to iconic and symbolic stages. In which stage(s) are diagrams helpful to accompany verbal information?,Enactive and iconic,Symbolic,Symbolic and enactive,Iconic,,B,,Both,Professional Education,Cannot Determine,No,,Ready for Upload,Shared Prof Ed LET reviewer; no answer key was exposed in extracted PDF text. No answer key found in extracted PDF text. Correct answer recovered from bold/highlighted answer choice in the PDF.
302,29,6. LET PROF ED Q&A.pdf,"If your Licensure Examination Test (LET) items sample adequately the competencies listed in the syllabi, it can be said that the LET possesses __________ validity.",concurrent,construct,content,predictive,,C,,Both,Professional Education,Cannot Determine,No,,Ready for Upload,Shared Prof Ed LET reviewer; no answer key was exposed in extracted PDF text. No answer key found in extracted PDF text. Correct answer recovered from bold/highlighted answer choice in the PDF.
303,30,6. LET PROF ED Q&A.pdf,"Teacher F is newly converted to a religion. Deeply convinced of his new found religion, he starts Monday classes by attacking one religion and convinces his pupils to attend their religious services on Sundays. Is this in accordance with the Code of Ethics of Professional Teachers?",Yes. What he does is values education.,No. A teacher should not use his position to proselyte others.,"Yes. In the name of academic freedom, a teacher can decide what to teach.",Yes.What he does strengthens values education.,,B,,Both,Professional Education,Cannot Determine,No,,Ready for Upload,Shared Prof Ed LET reviewer; no answer key was exposed in extracted PDF text. No answer key found in extracted PDF text. Correct answer recovered from bold/highlighted answer choice in the PDF.
304,30,6. LET PROF ED Q&A.pdf,"Which does Noam Chomsky, assert about language learning for children? I. Young children learn and apply grammatical rules and vocabulary as they are exposed to them. II. Begin formal teaching of grammatical rules to children as early as possible. III. Do not require initial formal language teaching for children.",I and III,II only,I only,I and II,,D,,Both,Professional Education,Cannot Determine,No,,Ready for Upload,Shared Prof Ed LET reviewer; no answer key was exposed in extracted PDF text. No answer key found in extracted PDF text. Correct answer recovered from bold/highlighted answer choice in the PDF.
305,30,6. LET PROF ED Q&A.pdf,"In a social studies class, Teacher I presents a morally ambiguous situation and asks his students what they would do. On whose theory is Teacher I's technique based?",Kohlberg,Bandura,Piaget,Bruner,,B,,Both,Professional Education,Cannot Determine,No,,Ready for Upload,Shared Prof Ed LET reviewer; no answer key was exposed in extracted PDF text. No answer key found in extracted PDF text. Correct answer recovered from bold/highlighted answer choice in the PDF.
306,30,6. LET PROF ED Q&A.pdf,You arrive at knowledge by re-thinking of latent ideas. From whom does this thought come?,Experimentalist,Realist,Idealist,Existentialist,,A,,Both,Professional Education,Cannot Determine,No,,Ready for Upload,Shared Prof Ed LET reviewer; no answer key was exposed in extracted PDF text. No answer key found in extracted PDF text. Correct answer recovered from bold/highlighted answer choice in the PDF.
307,30,6. LET PROF ED Q&A.pdf,"A child who gets punished for stealing candy may not steal again immediately. But this does not mean that the child may not steal again. Based on Thorndike's theory on punishment and learning, this shows that __________",punishment strengthens a response,punishment removes a response,punishment does not remove a response,punishment weakens a response,,C,,Both,Professional Education,Cannot Determine,No,,Ready for Upload,Shared Prof Ed LET reviewer; no answer key was exposed in extracted PDF text. No answer key found in extracted PDF text. Correct answer recovered from bold/highlighted answer choice in the PDF.
308,31,6. LET PROF ED Q&A.pdf,"After giving an input on a good paragraph, Teacher W asks her students to rate a given paragraph along the elements of a good paragraph. The students' task is in level of __________",application,analysis,evaluation,synthesis,,B,,Both,Professional Education,Cannot Determine,No,,Ready for Upload,Shared Prof Ed LET reviewer; no answer key was exposed in extracted PDF text. No answer key found in extracted PDF text. Correct answer recovered from bold/highlighted answer choice in the PDF.
309,31,6. LET PROF ED Q&A.pdf,Which is most implied by a negatively skewed score distribution?,The scores are evenly distributed from left to the right,Most pupils are achievers,Most of the scores are low,Most of the scores are high,,C,,Both,Professional Education,Cannot Determine,No,,Ready for Upload,Shared Prof Ed LET reviewer; no answer key was exposed in extracted PDF text. No answer key found in extracted PDF text. Correct answer recovered from bold/highlighted answer choice in the PDF.
310,31,6. LET PROF ED Q&A.pdf,How can you exhibit referent power on the first day of school?,By making them feel you know what you are talking about.,By telling them the importance of good grades.,By reminding your students your authority over them again and again.,By giving your students a sense of belonging and acceptance.,,B,,Both,Professional Education,Cannot Determine,No,,Ready for Upload,Shared Prof Ed LET reviewer; no answer key was exposed in extracted PDF text. No answer key found in extracted PDF text. Correct answer recovered from bold/highlighted answer choice in the PDF.
311,31,6. LET PROF ED Q&A.pdf,"If teacher wants to test students' ability to organize ideas, which type of test should she formulate?",Multiple-choice type,Short answer,Essay,Technical problem,,C,,Both,Professional Education,Cannot Determine,No,,Ready for Upload,Shared Prof Ed LET reviewer; no answer key was exposed in extracted PDF text. No answer key found in extracted PDF text. Correct answer recovered from bold/highlighted answer choice in the PDF.
312,31,6. LET PROF ED Q&A.pdf,Ruben is very attached to his mother and Ruth to her father. In what developmental stage are they according to Freudian psychological theory?,Oedipal stage,Latent stage,Anal stage,Pre-genital stage,,A,,Both,Professional Education,Cannot Determine,No,,Ready for Upload,Shared Prof Ed LET reviewer; no answer key was exposed in extracted PDF text. No answer key found in extracted PDF text. Correct answer recovered from bold/highlighted answer choice in the PDF.
313,32,6. LET PROF ED Q&A.pdf,Behavior followed by pleasant consequences will be strengthened and will be more likely to occur in the future. Behavior followed by unpleasant consequences will be weakened and will be less likely to be repeated in the future. Which one is explained?,Freud's Psychoanalytic Theory,F. Skinner's Operant Conditioning Theory,B. F. Skinner's Operant Conditioning Theory,Bandura's Social Learning Theory,,C,,Both,Professional Education,Cannot Determine,No,,Ready for Upload,Shared Prof Ed LET reviewer; no answer key was exposed in extracted PDF text. No answer key found in extracted PDF text. Correct answer recovered from the bolded C choice in the PDF; repaired choice text split by extraction.
314,32,6. LET PROF ED Q&A.pdf,Which one can enhance the comparability of grades?,Using common conversion table for translating test scores in to ratings,Formulating tests that vary from one teacher to another,Allowing individual teachers to determine factors for rating,Individual teachers giving weights to factors considered for rating,,A,,Both,Professional Education,Cannot Determine,No,,Ready for Upload,Shared Prof Ed LET reviewer; no answer key was exposed in extracted PDF text. No answer key found in extracted PDF text. Correct answer recovered from bold/highlighted answer choice in the PDF.
315,32,6. LET PROF ED Q&A.pdf,Based on Freud's psychoanalytic theory which component(s) of personality is (are) concerned with a sense of right and wrong?,Super-ego,Super-ego and Ego,Id,Ego,,B,,Both,Professional Education,Cannot Determine,No,,Ready for Upload,Shared Prof Ed LET reviewer; no answer key was exposed in extracted PDF text. No answer key found in extracted PDF text. Correct answer recovered from bold/highlighted answer choice in the PDF.
316,32,6. LET PROF ED Q&A.pdf,Which assumption underlies the teacher's use of performance objectives?,Not every form of learning is observable.,Performance objectives assure the learrier of learning.,Learning is defined as a change in the learner's observable performance.,The success of learner is based on teacher performance.,,C,,Both,Professional Education,Cannot Determine,No,,Ready for Upload,Shared Prof Ed LET reviewer; no answer key was exposed in extracted PDF text. No answer key found in extracted PDF text. Correct answer recovered from bold/highlighted answer choice in the PDF.
317,32,6. LET PROF ED Q&A.pdf,Who among the following needs less verbal counseling but needs more concrete and operational forms of assistance? The child who __________.,has mental retardation,has attention-deficit disorder,has learning disability,has conduct disorder,,B,,Both,Professional Education,Cannot Determine,No,,Ready for Upload,Shared Prof Ed LET reviewer; no answer key was exposed in extracted PDF text. No answer key found in extracted PDF text. Correct answer recovered from bold/highlighted answer choice in the PDF.
318,33,6. LET PROF ED Q&A.pdf,"We encounter people whose prayer goes like this: ""O God, if there is a God; save my soul, if I have a soul"" From whom is this prayer?",Stoic,Empiricist,Agnostic,Skeptic,,C,,Both,Professional Education,Cannot Determine,No,,Ready for Upload,Shared Prof Ed LET reviewer; no answer key was exposed in extracted PDF text. No answer key found in extracted PDF text. Correct answer recovered from bold/highlighted answer choice in the PDF.
319,33,6. LET PROF ED Q&A.pdf,The best way for a guidance counselor to begin to develop study skills and habits in underachieving student would be to __________.,have these underachieving students observe the study habits of excelling students,encourage students to talk about study habits from their own experiences,have them view film strips about various study approaches,give out a list of effective study approaches,,B,,Both,Professional Education,Cannot Determine,No,,Ready for Upload,Shared Prof Ed LET reviewer; no answer key was exposed in extracted PDF text. No answer key found in extracted PDF text. Correct answer recovered from bold/highlighted answer choice in the PDF.
320,33,6. LET PROF ED Q&A.pdf,"To promote effective practice, which guideline should you bear in mind? Practice should be",done in an evaluative atmosphere,difficult for students to learn a lesson,arranged to allow students to receive feedback,take place over a long period of time,,A,,Both,Professional Education,Cannot Determine,No,,Ready for Upload,Shared Prof Ed LET reviewer; no answer key was exposed in extracted PDF text. No answer key found in extracted PDF text. Correct answer recovered from bold/highlighted answer choice in the PDF.
321,33,6. LET PROF ED Q&A.pdf,"In Krathwohl's affective domain of objectives, which of the following is the lowest level of affective behavior?",Valuing,Characterization,Responding,Organization,,D,,Both,Professional Education,Cannot Determine,No,,Ready for Upload,Shared Prof Ed LET reviewer; no answer key was exposed in extracted PDF text. No answer key found in extracted PDF text. Correct answer recovered from bold/highlighted answer choice in the PDF.
322,33,6. LET PROF ED Q&A.pdf,"With specific details in mind, which one has (have) a stronger diagnostic value?",Multiple choice test,Non-restricted essay test,Restricted essay test,Restricted and non-restricted essay tests,,D,,Both,Professional Education,Cannot Determine,No,,Ready for Upload,Shared Prof Ed LET reviewer; no answer key was exposed in extracted PDF text. No answer key found in extracted PDF text. Correct answer recovered from bold/highlighted answer choice in the PDF.
323,33,6. LET PROF ED Q&A.pdf,"What is the mean of this score distribution: 4, 5, 6, 7, 8, 9, 10?",7,6,8.5,7.5,,A,,Both,Professional Education,Cannot Determine,No,,Ready for Upload,Shared Prof Ed LET reviewer; no answer key was exposed in extracted PDF text. No answer key found in extracted PDF text. Correct answer recovered from bold/highlighted answer choice in the PDF.
324,34,6. LET PROF ED Q&A.pdf,Availment of the Philippine Education Placement Test (PEPT) for adults and out-of-school youths is in support of the goverriment'S educational programtowards __________.,equitable access,quality,quality and relevance,relevance,,A,,Both,Professional Education,Cannot Determine,No,,Ready for Upload,Shared Prof Ed LET reviewer; no answer key was exposed in extracted PDF text. No answer key found in extracted PDF text. Correct answer recovered from bold/highlighted answer choice in the PDF.
325,34,6. LET PROF ED Q&A.pdf,"With-it-ness, according to Kounin, is one of the characterestics of an effective classroom manager. Which phrase goes with it?",Have hands that write fast.,Have eyes on the back of your heads.,Have a mouth ready to speak.,Have minds packed with knowledge.,,B,,Both,Professional Education,Cannot Determine,No,,Ready for Upload,Shared Prof Ed LET reviewer; no answer key was exposed in extracted PDF text. No answer key found in extracted PDF text. Correct answer recovered from bold/highlighted answer choice in the PDF.
326,34,6. LET PROF ED Q&A.pdf,"Teacher B is a teacher of English as a Second Language. She uses vocabulary cards, fill-in-the- blank sentences, dictation and writing exercises in teaching a lesson about grocery shopping. Based on this information, which of the following is a valid conclusion?","The teacher is reinforcing learning by giving the same information in, a variety of methods.",The teacher is applying Bloom's hierachy of cognitive learning.,The teacher wants to do less talk.,The teacher is emphasizing listening and speaking skills.,,A,,Both,Professional Education,Cannot Determine,No,,Ready for Upload,Shared Prof Ed LET reviewer; no answer key was exposed in extracted PDF text. No answer key found in extracted PDF text. Correct answer recovered from bold/highlighted answer choice in the PDF.
327,34,6. LET PROF ED Q&A.pdf,"With synthesizing skills in mind, which has the highest diagnostic value?",Essay test,Performance test,Completion test,Multiple choice test,,B,,Both,Professional Education,Cannot Determine,No,,Ready for Upload,Shared Prof Ed LET reviewer; no answer key was exposed in extracted PDF text. No answer key found in extracted PDF text. Correct answer recovered from bold/highlighted answer choice in the PDF.
328,34,6. LET PROF ED Q&A.pdf,How can you exhibit legitimate power on the first day of school?,By making your students feel they are accepted for who they are.,By informing them you are allowed to act in loco parentis.,By making them realize the importance of good grades.,By making them feel you have mastery of subjectmatter.,,D,,Both,Professional Education,Cannot Determine,No,,Ready for Upload,Shared Prof Ed LET reviewer; no answer key was exposed in extracted PDF text. No answer key found in extracted PDF text. Correct answer recovered from bold/highlighted answer choice in the PDF.
329,35,6. LET PROF ED Q&A.pdf,Which questioning practice promotes more class interaction?,Asking the question before calling on a student.,Focusing on divergent question,Focusing on convergent questions.,Asking rhetorical questions.,,B,,Both,Professional Education,Cannot Determine,No,,Ready for Upload,Shared Prof Ed LET reviewer; no answer key was exposed in extracted PDF text. No answer key found in extracted PDF text. Correct answer recovered from bold/highlighted answer choice in the PDF.
330,35,6. LET PROF ED Q&A.pdf,"Theft of school equipment like tv, computer, etc. by teenagers in the community itself is becoming a common phenomenon. What does this incident signify?",Prevalence of poverty in the community.,Inability of school to hire security guards.,Deprivation of Filipino schools.,Community's lack of sense of co-ownership.,,D,,Both,Professional Education,Cannot Determine,No,,Ready for Upload,Shared Prof Ed LET reviewer; no answer key was exposed in extracted PDF text. No answer key found in extracted PDF text. Correct answer recovered from bold/highlighted answer choice in the PDF.
331,35,6. LET PROF ED Q&A.pdf,Which of the following propositions is attributed to Plato?,Truth is relative to a particular time and place.,Human beings create their own truths.,Learning is the discovery of truth as Iatent ideas are brought to consciousness.,Sense perception is the most accurate guide to knowledge.,,C,,Both,Professional Education,Cannot Determine,No,,Ready for Upload,Shared Prof Ed LET reviewer; no answer key was exposed in extracted PDF text. No answer key found in extracted PDF text. Correct answer recovered from bold/highlighted answer choice in the PDF.
332,35,6. LET PROF ED Q&A.pdf,In the parlance of test construction what does TOS mean?,Table of Specifics,Table of Specifications,Table of Specific Test Items,Team of Specifications,,B,,Both,Professional Education,Cannot Determine,No,,Ready for Upload,Shared Prof Ed LET reviewer; no answer key was exposed in extracted PDF text. No answer key found in extracted PDF text. Correct answer recovered from bold/highlighted answer choice in the PDF.
333,35,6. LET PROF ED Q&A.pdf,"Read the following then answer the question: TEACHER: IN WHAT WAYS OTHER THAN THE PERIODIC TABLE MIGHT WE PREDICT THE UNDISCOVERED ELEMENTS? BOBBY: WE COULD GO TOTHE MOON AND SEE IF THERE ARE SOME ELEMENTS THERE WE DON'T HAVE. BETTY: WE COULD DIG DOWN TO THE CENTER OF THE EARTH AND SEE IF WE FIND ANY OF THE MISSING ELEMENTS. RICKY: WE COULD STUDY DEBRIS FROM THE METEORITES IF WE CAN FIND ANY. TEACHER: THOSE ARE ALL GOOD ANSWERS BUT WHAT IF THOSE, EXCURSIONS TO THE MOON, TO THE CENTER OF THE EARTH, OR TO FIND METEORITES WERE TOO COSTLY AND TIME CONSUMING? HOW MIGHT WE USE THE ELEMENTS WE ALREADY HAVE HERE ON EARTH TO FIND SOME NEW ONES? Question: Which questioning strategy/ies does/do the exchange of thoughts above illustrate?",Funneling,Sowing and reaping,Nose-dive,Extending and lifting,,D,,Both,Professional Education,Cannot Determine,No,,Ready for Upload,Shared Prof Ed LET reviewer; no answer key was exposed in extracted PDF text. No answer key found in extracted PDF text. Correct answer recovered from bold/highlighted answer choice in the PDF.
334,36,6. LET PROF ED Q&A.pdf,Standard deviation is to variability as mode to __________.,level of difficulty,discrimination,correlation,central tendency,,D,,Both,Professional Education,Cannot Determine,No,,Ready for Upload,Shared Prof Ed LET reviewer; no answer key was exposed in extracted PDF text. No answer key found in extracted PDF text. Correct answer recovered from bold/highlighted answer choice in the PDF.
335,36,6. LET PROF ED Q&A.pdf,. By what name is Indirect instruction the Socratic method also known?,Mastery learning,Indirect Method,Morrison method,Questioning method,,D,,Both,Professional Education,Cannot Determine,No,,Ready for Upload,Shared Prof Ed LET reviewer; no answer key was exposed in extracted PDF text. No answer key found in extracted PDF text. Correct answer recovered from bold/highlighted answer choice in the PDF.
336,36,6. LET PROF ED Q&A.pdf,"In a treatment for alcoholism, Ramil was made to drink an alcoholic beverage and then made to ingest a drug that produces nausea. Eventually, he was nauseated at the sight and smell of alcohol and stopped drinking alcohoL Which theory explains this?",Operant conditioning,Social Learning Theory,Associative Learning,Attribution Theory,,C,,Both,Professional Education,Cannot Determine,No,,Ready for Upload,Shared Prof Ed LET reviewer; no answer key was exposed in extracted PDF text. No answer key found in extracted PDF text. Correct answer recovered from bold/highlighted answer choice in the PDF.
337,36,6. LET PROF ED Q&A.pdf,The search for related literature by accessing several databases by the use of a telephone line to connect a computer library with other computers that have database is termed __________.,compact disc search,manual search,on-line search,computer search,,C,,Both,Professional Education,Cannot Determine,No,,Ready for Upload,Shared Prof Ed LET reviewer; no answer key was exposed in extracted PDF text. No answer key found in extracted PDF text. Correct answer recovered from bold/highlighted answer choice in the PDF.
338,37,6. LET PROF ED Q&A.pdf,Which one can best evaluate students' attitudinal development?,Essay test,Portfolio,Observation,Short answer test,,B,,Both,Professional Education,Cannot Determine,No,,Ready for Upload,Shared Prof Ed LET reviewer; no answer key was exposed in extracted PDF text. No answer key found in extracted PDF text. Correct answer recovered from bold/highlighted answer choice in the PDF.
339,37,6. LET PROF ED Q&A.pdf,Which are direct measures of competence?,Personality tests,Performance tests,Paper-and-pencil tests,Standardized test,,D,,Both,Professional Education,Cannot Determine,No,,Ready for Upload,Shared Prof Ed LET reviewer; no answer key was exposed in extracted PDF text. No answer key found in extracted PDF text. Correct answer recovered from bold/highlighted answer choice in the PDF.
340,37,6. LET PROF ED Q&A.pdf,In instructional planning it is necessary that the parts of the plan from the first to the last have __________.,clarity,symmetry,coherence,conciseness,,B,,Both,Professional Education,Cannot Determine,No,,Ready for Upload,Shared Prof Ed LET reviewer; no answer key was exposed in extracted PDF text. No answer key found in extracted PDF text. Correct answer recovered from bold/highlighted answer choice in the PDF.
341,37,6. LET PROF ED Q&A.pdf,The cultivation of reflective and meditative skills in teaching is an influence of __________.,Shintoism,Zen Buddhism,Confucianism,Taoism,,B,,Both,Professional Education,Cannot Determine,No,,Ready for Upload,Shared Prof Ed LET reviewer; no answer key was exposed in extracted PDF text. No answer key found in extracted PDF text. Correct answer recovered from bold/highlighted answer choice in the PDF.
342,37,6. LET PROF ED Q&A.pdf,With which goals of educational institutions as provided for by the Constitution is the development of work skills aligned?,To develop moral character,To teach the duties of citizenship,To inculcate love of country,To develop vocational efficiency,,D,,Both,Professional Education,Cannot Determine,No,,Ready for Upload,Shared Prof Ed LET reviewer; no answer key was exposed in extracted PDF text. No answer key found in extracted PDF text. Correct answer recovered from bold/highlighted answer choice in the PDF.
343,38,6. LET PROF ED Q&A.pdf,Researches conducted show that teacher's expectations of students become. Do not require initial formal language teaching for children self-fulfilling prophecies. What is this phenomenon called?,Halo effect,Pygmalion effect,Ripple effect,Hawthorne effect,,B,,Both,Professional Education,Cannot Determine,No,,Ready for Upload,Shared Prof Ed LET reviewer; no answer key was exposed in extracted PDF text. No answer key found in extracted PDF text. Correct answer recovered from bold/highlighted answer choice in the PDF.
344,38,6. LET PROF ED Q&A.pdf,"Under which program were students who were not accommodated in public elementary and secondary schools because of lack of classroom, teachers, and instructional materials, were enrolled in private schools in their respective communities at the government's expense?",Government Assistance Program,Study Now-Pay Later,Educational Service Contract System,National Scholarship Program,,D,,Both,Professional Education,Cannot Determine,No,,Ready for Upload,Shared Prof Ed LET reviewer; no answer key was exposed in extracted PDF text. No answer key found in extracted PDF text. Correct answer recovered from bold/highlighted answer choice in the PDF.
345,38,6. LET PROF ED Q&A.pdf,"Under which program were students who were not accommodated in public elementary and secondary schools because of lack of classroom, teachers, and instructional materials, were enrolled in private schools in their respective communities at the government's expense?",Government Assistance Program,Study Now-Pay Later,Educational Service Contract System,National Scholarship Program,,A,,Both,Professional Education,Cannot Determine,No,,Ready for Upload,Shared Prof Ed LET reviewer; no answer key was exposed in extracted PDF text. No answer key found in extracted PDF text. Duplicate or near-duplicate of row 344. Correct answer recovered from bold/highlighted answer choice in the PDF.
346,38,6. LET PROF ED Q&A.pdf,"How would you select the most fit in government positions? Applying Confucius teachings, which would be the answer?",By course accreditation of an accrediting body,By merit system and course accreditation,By merit system,By government examinations,,C,,Both,Professional Education,Cannot Determine,No,,Ready for Upload,Shared Prof Ed LET reviewer; no answer key was exposed in extracted PDF text. No answer key found in extracted PDF text. Correct answer recovered from bold/highlighted answer choice in the PDF.
347,38,6. LET PROF ED Q&A.pdf,"Referring to Teacher S, Nicolle describes her teacher asfair, caring and someone you can talk to.Which power or leadership does Teacher S have?",Referent power,Legitimate power,Reward power,Expert power,,B,,Both,Professional Education,Cannot Determine,No,,Ready for Upload,Shared Prof Ed LET reviewer; no answer key was exposed in extracted PDF text. No answer key found in extracted PDF text. Correct answer recovered from bold/highlighted answer choice in the PDF.
348,1,2. GEN ED AND PROF ED.pdf,Robert Frost wrote the poem Acquainted with the Night from which the stanza is taken: I have been one acquainted with the night. I have walked out in rain-back in rain. I have out walked the farthest city light The poet in the stanza talks of?,isolation and loneliness,joy getting out of the house,youthful delight playing in the rain,happiness in having been acquainted with the night,,A,,Both,General/Professional Education,Cannot Determine,No,,Ready for Upload,Shared Gen Ed and Prof Ed compilation; answers are embedded as Answer: X after questions where available. Correct answer is embedded in PDF text.
349,1,2. GEN ED AND PROF ED.pdf,Which is the BEST WAY to write the underlined portion of this sentence? Researchers also speculate that some teachers might have given boys more computer time because parents and teachers expected boys to need computers for future careers.,expected,expecting,will expect,will have expected,,D,,Both,General/Professional Education,Cannot Determine,No,,Ready for Upload,Shared Gen Ed and Prof Ed compilation; answers are embedded as Answer: X after questions where available. Correct answer is embedded in PDF text.
350,1,2. GEN ED AND PROF ED.pdf,The wounded soldiers were visited by the president who honoured them with ____ for their _____.,medals – valor,gun salute – bravery,appointments – dedication,money – sacrifice,,A,,Both,General/Professional Education,Cannot Determine,No,,Ready for Upload,Shared Gen Ed and Prof Ed compilation; answers are embedded as Answer: X after questions where available. Correct answer is embedded in PDF text.
351,1,2. GEN ED AND PROF ED.pdf,"Every June, Manila has its festival of outstanding Filipino films. This was a project initiated by",Arsenio Lacson,German Moreno,Antonio Villegas,Ramon Bagatsing,,C,,Both,General/Professional Education,Cannot Determine,No,,Ready for Upload,Shared Gen Ed and Prof Ed compilation; answers are embedded as Answer: X after questions where available. Correct answer is embedded in PDF text.
352,1,2. GEN ED AND PROF ED.pdf,Which among the sounds below is voiceless?,/b/,/z/,/g/,/p/,,D,,Both,General/Professional Education,Cannot Determine,No,,Ready for Upload,Shared Gen Ed and Prof Ed compilation; answers are embedded as Answer: X after questions where available. Correct answer is embedded in PDF text.
353,1,2. GEN ED AND PROF ED.pdf,“Only the heart can see rightly.” This statement is lifted from what particular novel?,The Prince and the Pauper,The Little Prince,The Right One,The Pearl,,B,,Both,General/Professional Education,Cannot Determine,No,,Ready for Upload,Shared Gen Ed and Prof Ed compilation; answers are embedded as Answer: X after questions where available. Correct answer is embedded in PDF text.
354,2,2. GEN ED AND PROF ED.pdf,"He was the American President who said, “Ask not what America will do for you, but what together we can do for the freedom of man.”",Gerald Ford,Franklin Roosevelt,Henry Truman,John F. Kennedy,,D,,Both,General/Professional Education,Cannot Determine,No,,Ready for Upload,Shared Gen Ed and Prof Ed compilation; answers are embedded as Answer: X after questions where available. Correct answer is embedded in PDF text.
355,2,2. GEN ED AND PROF ED.pdf,History is the witness that ______ passing of time.,testifies,will testify,testifies for,testifies for the,,D,,Both,General/Professional Education,Cannot Determine,No,,Ready for Upload,Shared Gen Ed and Prof Ed compilation; answers are embedded as Answer: X after questions where available. Correct answer is embedded in PDF text.
356,2,2. GEN ED AND PROF ED.pdf,"When I met Liza yesterday, it was the first time I _____ her since Christmas.",saw,had seen,have seen,have been seen,,D,,Both,General/Professional Education,Cannot Determine,No,,Ready for Upload,Shared Gen Ed and Prof Ed compilation; answers are embedded as Answer: X after questions where available. Correct answer is embedded in PDF text.
357,2,2. GEN ED AND PROF ED.pdf,The commander ordered his men to hold on the fort. What was the message?,Surrender in arms,Keep on with the fight,Disregard the peace negotiation,Rescue the hostage victims fast and early,,B,,Both,General/Professional Education,Cannot Determine,No,,Ready for Upload,Shared Gen Ed and Prof Ed compilation; answers are embedded as Answer: X after questions where available. Correct answer is embedded in PDF text.
358,2,2. GEN ED AND PROF ED.pdf,“She is a vision of feminine pulchritude.” This stands for the following EXCEPT,Loveliness,Comeliness,Homeliness,Physical beauty,,C,,Both,General/Professional Education,Cannot Determine,No,,Ready for Upload,Shared Gen Ed and Prof Ed compilation; answers are embedded as Answer: X after questions where available. Correct answer is embedded in PDF text.
359,2,2. GEN ED AND PROF ED.pdf,The Nibelungenlied is a,Latin Myth,Chinese legend,Russian folk song,Medieval German epic,,D,,Both,General/Professional Education,Cannot Determine,No,,Ready for Upload,Shared Gen Ed and Prof Ed compilation; answers are embedded as Answer: X after questions where available. Correct answer is embedded in PDF text.
360,3,2. GEN ED AND PROF ED.pdf,An association wherein the name of something is substituted by something that represents it.,Metonymy,Comparison,Euphemism,Personification,,A,,Both,General/Professional Education,Cannot Determine,No,,Ready for Upload,Shared Gen Ed and Prof Ed compilation; answers are embedded as Answer: X after questions where available. Correct answer is embedded in PDF text.
361,3,2. GEN ED AND PROF ED.pdf,"Because the moon rotates on its axis at the same time as it ______ around the earth, we see the same side",Revolve,Revolves,Is revolving,Has been revolving,,B,,Both,General/Professional Education,Cannot Determine,No,,Ready for Upload,Shared Gen Ed and Prof Ed compilation; answers are embedded as Answer: X after questions where available. Correct answer is embedded in PDF text.
362,3,2. GEN ED AND PROF ED.pdf,"In English verse, a poetic foot having 1 stressed syllable followed by 1 unstressed syllable is ______.",Trochaic,Iambic,Dactylic,Anapaestic,,A,,Both,General/Professional Education,Cannot Determine,No,,Ready for Upload,Shared Gen Ed and Prof Ed compilation; answers are embedded as Answer: X after questions where available. Correct answer is embedded in PDF text.
363,3,2. GEN ED AND PROF ED.pdf,Senators were accused by activists of washing their hands with the perfumes of Arabia. This state is commonly known as,Guilt,Triumph,Indecision,Aggression,,A,,Both,General/Professional Education,Cannot Determine,No,,Ready for Upload,Shared Gen Ed and Prof Ed compilation; answers are embedded as Answer: X after questions where available. Correct answer is embedded in PDF text.
364,3,2. GEN ED AND PROF ED.pdf,It is a collection of religious poetry written by Rabindranath Tagore.,Mahabharata,Gitanjali,The Ramayana,Bhagavad Gita,,B,,Both,General/Professional Education,Cannot Determine,No,,Ready for Upload,Shared Gen Ed and Prof Ed compilation; answers are embedded as Answer: X after questions where available. Correct answer is embedded in PDF text.
365,3,2. GEN ED AND PROF ED.pdf,I suggest that he _____ in the room for one week.,Stay,Stayed,Staying,Stays,,A,,Both,General/Professional Education,Cannot Determine,No,,Ready for Upload,Shared Gen Ed and Prof Ed compilation; answers are embedded as Answer: X after questions where available. Correct answer is embedded in PDF text.
366,4,2. GEN ED AND PROF ED.pdf,"The manager told his workers, “We have to reduce our workforce.” What did he mean? Workers are free to leave Workers are warned of possible lay off Workers have to double time on their jobs Workers should submit themselves to a reducing gym",,,,,,B,,Both,General/Professional Education,Cannot Determine,No,,Incomplete,Shared Gen Ed and Prof Ed compilation; answers are embedded as Answer: X after questions where available. Correct answer is embedded in PDF text. Incomplete question/options after extraction.
367,4,2. GEN ED AND PROF ED.pdf,"The parent remarked, “__________ I come late, just lock the door.”",In the absence,In the process,In the event,In the case,,C,,Both,General/Professional Education,Cannot Determine,No,,Ready for Upload,Shared Gen Ed and Prof Ed compilation; answers are embedded as Answer: X after questions where available. Correct answer is embedded in PDF text.
368,4,2. GEN ED AND PROF ED.pdf,The copyreader found the news story boring. He found it full of _____.,Adjectives,Verbs,Pronouns,Adverbs,,C,,Both,General/Professional Education,Cannot Determine,No,,Ready for Upload,Shared Gen Ed and Prof Ed compilation; answers are embedded as Answer: X after questions where available. Correct answer is embedded in PDF text.
369,4,2. GEN ED AND PROF ED.pdf,"There were three guests on the stage. They were made up of a parent, the governor and the principal. Who should be acknowledged first by the valedictorian?",The classmates,The principal,The governor,The parent,,C,,Both,General/Professional Education,Cannot Determine,No,,Ready for Upload,Shared Gen Ed and Prof Ed compilation; answers are embedded as Answer: X after questions where available. Correct answer is embedded in PDF text.
370,4,2. GEN ED AND PROF ED.pdf,"What is suggested in the opening line? June 13, 1986 - they came from all over America - 200,000 heroes strong, with their families.",The writer holds great admiration for the veterans,The writer is opposed to the Vietnam War,The writer was a veteran of the war,The writer is a flag-waving patriot,,A,,Both,General/Professional Education,Cannot Determine,No,,Ready for Upload,Shared Gen Ed and Prof Ed compilation; answers are embedded as Answer: X after questions where available. Correct answer is embedded in PDF text.
371,4,2. GEN ED AND PROF ED.pdf,"A readability mismatch happens when the reading levels of books exceed the reading levels of the students. In this situation, the students experience frustration and they fall short of the expected or desired output. A student who finds himself/ herself in such a mismatch will likely do which of the following?",Give an intelligent critique of the selection or story read,Write a comprehensive reaction paper regarding the selection or story read,Present an argument that the selection or story read was not properly written,Manifest an expected and commensurate emotional reaction to the selection or story read,,C,,Both,General/Professional Education,Cannot Determine,No,,Ready for Upload,Shared Gen Ed and Prof Ed compilation; answers are embedded as Answer: X after questions where available. Correct answer is embedded in PDF text.
372,5,2. GEN ED AND PROF ED.pdf,What does this mean: Excuses are for losers… those who take responsibility for their actions are real winners in life. This tells of?,losers often fail because they find reasons for losing,a winner can also be a quitter,accountability of one’s action tells of bravery,excuses are needed to justify any failure,,C,,Both,General/Professional Education,Cannot Determine,No,,Ready for Upload,Shared Gen Ed and Prof Ed compilation; answers are embedded as Answer: X after questions where available. Correct answer is embedded in PDF text.
373,5,2. GEN ED AND PROF ED.pdf,A couple accepted a wedding invitation. They showed pleasure in these remarks,All guests congratulated the organizers and the couple,Guests came in and out of the ceremonies,The ceremonies were very impressive,The couple felt uneasy with the priest,,C,,Both,General/Professional Education,Cannot Determine,No,,Duplicate,Shared Gen Ed and Prof Ed compilation; answers are embedded as Answer: X after questions where available. Correct answer is embedded in PDF text. Duplicate or near-duplicate of row 122.
374,5,2. GEN ED AND PROF ED.pdf,What correction should be made to this sentence? One of the theories is that the first child receives more of the parents' attention than other children so first-borns tend to be more intellectual.,Change is to are,Insert a comma after children,Change parents' to parent's,Change theories to theory's,,B,,Both,General/Professional Education,Cannot Determine,No,,Ready for Upload,Shared Gen Ed and Prof Ed compilation; answers are embedded as Answer: X after questions where available. Correct answer is embedded in PDF text.
375,5,2. GEN ED AND PROF ED.pdf,"Carl Sundburg wrote ""Jazz Fantasia"" which has for its first stanza: Drum on your drums, batter on your banjos, sob on the long cool winding saxophones. Go to it, O jazzmen. Which words illustrate alliteration?",Batter and banjos,Sob and winding,Long and cool,To and it,,A,,Both,General/Professional Education,Cannot Determine,No,,Ready for Upload,Shared Gen Ed and Prof Ed compilation; answers are embedded as Answer: X after questions where available. Correct answer is embedded in PDF text.
376,5,2. GEN ED AND PROF ED.pdf,"What is meant by AT SIXES AND SEVENS in this sentence? We moved into the house last week, but I'm afraid everything, is still at sixes and sevens.",The things have not been shipped.,In a state of confusion,In an orderly manner,The boxes are still intact,,B,,Both,General/Professional Education,Cannot Determine,No,,Ready for Upload,Shared Gen Ed and Prof Ed compilation; answers are embedded as Answer: X after questions where available. Correct answer is embedded in PDF text.
377,5,2. GEN ED AND PROF ED.pdf,"What is the mood of these lines? Daylight, I must wait for the sunrise I must think of a new life And I mustn't give in. When the dawn comes tonight will be a memory, too And a new day will begin.",Afraid,Sarcastic,Depressed,Hopeful,,D,,Both,General/Professional Education,Cannot Determine,No,,Ready for Upload,Shared Gen Ed and Prof Ed compilation; answers are embedded as Answer: X after questions where available. Correct answer is embedded in PDF text.
378,6,2. GEN ED AND PROF ED.pdf,"Sinabi ni Carlos P. Romulo sa isa niyang akda, “Ang Pilipino ay may dugong maharlika.” Ano ang kahulugan nito?",Ang Pilipino ay nanggaling sa malayang lahi,Ang Pilipino ay sadyang mabuti ang budhi.,Ang Pilipino ay galing sa mayamang lahi,Ang Pilipino ay madaling maipagbili,,A,,Both,General/Professional Education,Cannot Determine,No,,Ready for Upload,Shared Gen Ed and Prof Ed compilation; answers are embedded as Answer: X after questions where available. Correct answer is embedded in PDF text.
379,6,2. GEN ED AND PROF ED.pdf,Alin sa mga sumusunod ang pinakatamang pangungusap?,Ang mga kabataan sa lansangan ay naglalaro at nagtatakbuhan sa lansangan.,Ang kabataan ay naglalaro kung maliwanag ang buwan at nagtatakbuhan sa lansangan.,Ang mga kabataan ay naglalaro at nagtatakbuhan sa lansangan kung maliwanag ang gabi.,Ang mga kabataan kung maliwanag ang buwan ay nagtatakbuhan sa lansangan at naglalaro.,,C,,Both,General/Professional Education,Cannot Determine,No,,Ready for Upload,Shared Gen Ed and Prof Ed compilation; answers are embedded as Answer: X after questions where available. Correct answer is embedded in PDF text.
380,6,2. GEN ED AND PROF ED.pdf,Piliin ang gawi ng pagsasalita: Kasiyahan ko nang makitang kayo’y nagmamahalan.,Pangarap,Pagkontrol ng kilos,Pagkuha ng impormasyon,Pagbabahagi ng damdamin,,D,,Both,General/Professional Education,Cannot Determine,No,,Ready for Upload,Shared Gen Ed and Prof Ed compilation; answers are embedded as Answer: X after questions where available. Correct answer is embedded in PDF text.
381,6,2. GEN ED AND PROF ED.pdf,"Ang kaugnayan ng pagkakapatay kina Burgos, Gomez at Zamora sa panitikang Pilipino ay",Nanatiling masigla ang diwang Pilipino,Nakagising sa damdaming makabayan ng mga Pilipino,Natutong lumabag sa batas at lumaban sa may kapangyarihan ang mga Pilipino,Naimpluwensyahan ang diwang alipin ng mga Pilipino,,B,,Both,General/Professional Education,Cannot Determine,No,,Ready for Upload,Shared Gen Ed and Prof Ed compilation; answers are embedded as Answer: X after questions where available. Correct answer is embedded in PDF text.
382,7,2. GEN ED AND PROF ED.pdf,Laging UMUUKILKIL sa isipan ng ama ang nasirang pangako ng anak.,Sumasagi,Gumugulo,Bumubuhay,Sumasapi,,B,,Both,General/Professional Education,Cannot Determine,No,,Ready for Upload,Shared Gen Ed and Prof Ed compilation; answers are embedded as Answer: X after questions where available. Correct answer is embedded in PDF text.
383,7,2. GEN ED AND PROF ED.pdf,Ang Kagawaran ng Ugnayang Panlabas ng Pilipinas ay gulong-gulo kapag may giyera sa ibang bansa. Ano ang unang ginagampanan ng ambassador ng bansa?,Bilangin ang mga nasugatan at nasawi,Alamin ang mga tirahan ng mga Pilipino sa bayang iyon.,Ipunin ang mga maykaya at ipalipad pauwi.,Bayaang magsipag-uwian sa sariling sikap ang bawat isa,,B,,Both,General/Professional Education,Cannot Determine,No,,Ready for Upload,Shared Gen Ed and Prof Ed compilation; answers are embedded as Answer: X after questions where available. Correct answer is embedded in PDF text.
384,7,2. GEN ED AND PROF ED.pdf,Ano ang pokus ng pandiwa sa pahayag na “Bumili ng bagong sasakyan si Angelo”?,Pokus sa direksyon,Pokus sa kagamitan,Pokus sa sanhi,Pokus sa aktor,,D,,Both,General/Professional Education,Cannot Determine,No,,Ready for Upload,Shared Gen Ed and Prof Ed compilation; answers are embedded as Answer: X after questions where available. Correct answer is embedded in PDF text.
385,7,2. GEN ED AND PROF ED.pdf,Kabaliwan at paglulustay ang inyong ginagawa taon-taon. Higit na marami ang maralitang nangangailangan ng salapi at dunong. Ang nagsasalita ay,Kuripot,Matipid,Maramot,Praktikal,,D,,Both,General/Professional Education,Cannot Determine,No,,Ready for Upload,Shared Gen Ed and Prof Ed compilation; answers are embedded as Answer: X after questions where available. Correct answer is embedded in PDF text.
386,7,2. GEN ED AND PROF ED.pdf,Nasa anong kaganapan ng pandiwa ang pangungusap? Naglaro ng basketball sa Rizal Stadium ang koponan ng aming pamantasan.,Sanhi,Tagaganap,Kagamitan,Ganapan,,D,,Both,General/Professional Education,Cannot Determine,No,,Ready for Upload,Shared Gen Ed and Prof Ed compilation; answers are embedded as Answer: X after questions where available. Correct answer is embedded in PDF text.
387,8,2. GEN ED AND PROF ED.pdf,Anong tayutay ang tinutukoy sa pahayag. Durog ang katawang bumagsak sa semento si Miguel.,Pagtutulad,Pagbibigay katauhan,Pagmamalabis,Pagwawangis,,C,,Both,General/Professional Education,Cannot Determine,No,,Ready for Upload,Shared Gen Ed and Prof Ed compilation; answers are embedded as Answer: X after questions where available. Correct answer is embedded in PDF text.
388,8,2. GEN ED AND PROF ED.pdf,Sino ang pinagkalooban ng karangalan bilang “Unang Tunay na Makata” noong 1708?,Jose dela Cruz,Felipe de Jesus,Francisco Balagtas,Jose Corazon de Jesus,,B,,Both,General/Professional Education,Cannot Determine,No,,Ready for Upload,Shared Gen Ed and Prof Ed compilation; answers are embedded as Answer: X after questions where available. Correct answer is embedded in PDF text.
389,8,2. GEN ED AND PROF ED.pdf,“Magtatrabaho ako at ikaw ay mag-aaral upang makatapos ka ng pag-aaral.” Anong uri ng pangungusap ito?,Payak,Tambalan,Hugnayan,Langkapan,,D,,Both,General/Professional Education,Cannot Determine,No,,Ready for Upload,Shared Gen Ed and Prof Ed compilation; answers are embedded as Answer: X after questions where available. Correct answer is embedded in PDF text.
390,8,2. GEN ED AND PROF ED.pdf,Mag-aalas-singko na _____ umaga _____ magising siya.,ng – ng,nang – nang,ng – nang,nang – kapag,,C,,Both,General/Professional Education,Cannot Determine,No,,Ready for Upload,Shared Gen Ed and Prof Ed compilation; answers are embedded as Answer: X after questions where available. Correct answer is embedded in PDF text.
391,8,2. GEN ED AND PROF ED.pdf,"Ang butong tinangay ng aso, walang pagsalang nalawayan ito. Ang kaisipang ito ay tumutukoy sa katotohanan ng ______.",Pagnanakaw,Pagtatanan,Pagpapakasal,Pakikipagkaibigan,,B,,Both,General/Professional Education,Cannot Determine,No,,Ready for Upload,Shared Gen Ed and Prof Ed compilation; answers are embedded as Answer: X after questions where available. Correct answer is embedded in PDF text.
392,8,2. GEN ED AND PROF ED.pdf,Anong uri ng pagbigkas ang salitang “dambuhala”?,Malumi,Mabilis,Maragsa,Malumay,,A,,Both,General/Professional Education,Cannot Determine,No,,Ready for Upload,Shared Gen Ed and Prof Ed compilation; answers are embedded as Answer: X after questions where available. Correct answer is embedded in PDF text.
393,9,2. GEN ED AND PROF ED.pdf,"Ang katawagan sa pangngalan, pang-abay, pang-uri at pandiwa ay?",Palabuuan,Pangkayarian,Pangnilalaman,Palaugnayan,,C,,Both,General/Professional Education,Cannot Determine,No,,Ready for Upload,Shared Gen Ed and Prof Ed compilation; answers are embedded as Answer: X after questions where available. Correct answer is embedded in PDF text.
394,9,2. GEN ED AND PROF ED.pdf,Ang panukalang inihain niya ay lubhang malalim at mahirap arukin.,Abutin,Unawain,Sukatin,Tanggalin,,B,,Both,General/Professional Education,Cannot Determine,No,,Ready for Upload,Shared Gen Ed and Prof Ed compilation; answers are embedded as Answer: X after questions where available. Correct answer is embedded in PDF text.
395,9,2. GEN ED AND PROF ED.pdf,Ang wikang Filipino ay hawig sa mga wika sa Asya. Alin dito ang pinagmulan ng wikang Filipino?,Bahasa,,Nihonggo,Malayo-Polinesyo,,D,,Both,General/Professional Education,Cannot Determine,No,,Ready for Upload,Shared Gen Ed and Prof Ed compilation; answers are embedded as Answer: X after questions where available. Correct answer is embedded in PDF text.
396,9,2. GEN ED AND PROF ED.pdf,Ano ang katumbas ng “Dekalogo” ni Apolinario Mabini na nagsasaad ng aral sa Filipino?,Mosaic Law,,New Society ni Pres. Marcos,Code of Citizenship ni Pres. Quezon,,A,,Both,General/Professional Education,Cannot Determine,No,,Ready for Upload,Shared Gen Ed and Prof Ed compilation; answers are embedded as Answer: X after questions where available. Correct answer is embedded in PDF text.
397,9,2. GEN ED AND PROF ED.pdf,Siya ay hinirang na taga-sensus ng bahay-bahay. Ano ang kanyang nalikom?,Ang bilang ng tao sa bahay,Ang kayamanan ng may-bahay,Ang datos tungkol sa mga bata sa bawat bahay,Ang datos tungkol sa mga naninirahan sa bawat bahay,,D,,Both,General/Professional Education,Cannot Determine,No,,Ready for Upload,Shared Gen Ed and Prof Ed compilation; answers are embedded as Answer: X after questions where available. Correct answer is embedded in PDF text.
398,9,2. GEN ED AND PROF ED.pdf,Kami ang kabataang siyang magiging pag-asa ng bayan. Paano ginamit ang salitang may salungguhit?,Pagtukoy,Pagpuri,Panghalip,Pagmamalaki,,A,,Both,General/Professional Education,Cannot Determine,No,,Ready for Upload,Shared Gen Ed and Prof Ed compilation; answers are embedded as Answer: X after questions where available. Correct answer is embedded in PDF text.
399,10,2. GEN ED AND PROF ED.pdf,Walang tubig kahapon. Ito ay pangungusap na:,May paksa,Walang pandiwa,May panaguri,Walang paksa,,D,,Both,General/Professional Education,Cannot Determine,No,,Ready for Upload,Shared Gen Ed and Prof Ed compilation; answers are embedded as Answer: X after questions where available. Correct answer is embedded in PDF text.
400,10,2. GEN ED AND PROF ED.pdf,"Ipinagmamalaki mo siya, BAHAG naman pala ang kanyang BUNTOT. Ang ibig sabihin ng salitang may malaking titik ay:",Kuripot,Traydor,Duwag,Mahiyain,,C,,Both,General/Professional Education,Cannot Determine,No,,Ready for Upload,Shared Gen Ed and Prof Ed compilation; answers are embedded as Answer: X after questions where available. Correct answer is embedded in PDF text.
401,10,2. GEN ED AND PROF ED.pdf,"Sabihin ang gawi ng pananalitang ito: “Bawal tumawid, may namatay na dito!”",Pananakot,Pagtukoy,Babala,Paalala,,C,,Both,General/Professional Education,Cannot Determine,No,,Ready for Upload,Shared Gen Ed and Prof Ed compilation; answers are embedded as Answer: X after questions where available. Correct answer is embedded in PDF text.
402,10,2. GEN ED AND PROF ED.pdf,Pinakamahalagang nobelang Pilipino sa maraming taon na nalimbag noong 1906 at tumalakay nang masinsinan sa paksang puhunan laban paggawa at sa sosyalismo ang _____.,Luha ng Buwaya,Banaag at Sikat,Ibong Mandaragit,Pangginggera,,B,,Both,General/Professional Education,Cannot Determine,No,,Ready for Upload,Shared Gen Ed and Prof Ed compilation; answers are embedded as Answer: X after questions where available. Correct answer is embedded in PDF text.
403,10,2. GEN ED AND PROF ED.pdf,"Ayon kay Balagtas, “ang laki sa layaw, karaniwa’y hubad” kaya ang mga bata ay",jeproks,nag-aartista,nakapagtatapos sa pag-aaral,hindi sumusunod sa magulang,,D,,Both,General/Professional Education,Cannot Determine,No,,Ready for Upload,Shared Gen Ed and Prof Ed compilation; answers are embedded as Answer: X after questions where available. Correct answer is embedded in PDF text.
404,10,2. GEN ED AND PROF ED.pdf,"Noong taong 1962, ano ang pagbabago sa paglimbag ng diploma at sertipiko ng pagtatapos?",Pinahihintutan ang pribadong paaralan na maglimbag sa wikang Ingles,Nilimbag sa Tagalog ang diploma sa di-Tagalog na bayan,Nilimbag sa Filipino ang diploma ngunit may Ingles,Nalimbag sa Filipino ang diploma,,D,,Both,General/Professional Education,Cannot Determine,No,,Ready for Upload,Shared Gen Ed and Prof Ed compilation; answers are embedded as Answer: X after questions where available. Correct answer is embedded in PDF text.
405,10,2. GEN ED AND PROF ED.pdf,Ang gintong panahon ng mga manunulat noong panahon ng Amerikano ay batid sa uring,Sanaysay,Nobela,Panulaan,Maikling kwento,,D,,Both,General/Professional Education,Cannot Determine,No,,Duplicate,Shared Gen Ed and Prof Ed compilation; answers are embedded as Answer: X after questions where available. Correct answer is embedded in PDF text. Duplicate or near-duplicate of row 80.
406,11,2. GEN ED AND PROF ED.pdf,Alin sa mga sumusunod ang may wastong gamit ng tinig ng pandiwa?,Ang hinog na papaya na kinuha sa puno ni Marie.,Kinuha ni Marie ang hinog na papaya sa puno.,Kinuha sa puno ang hinog na papaya ni Marie.,Papayang hinog ang kinuha sa puno ni Marie.,,B,,Both,General/Professional Education,Cannot Determine,No,,Ready for Upload,Shared Gen Ed and Prof Ed compilation; answers are embedded as Answer: X after questions where available. Correct answer is embedded in PDF text.
407,11,2. GEN ED AND PROF ED.pdf,Two buses leave the same station at 8:00 pm. One bus travels north at the rate of 30 kph and the other travels east at 40 kph. How many kilometers apart are the buses at 10 pm?,140 km,100 km,70 km,50 km,,B,,Both,General/Professional Education,Cannot Determine,No,,Ready for Upload,Shared Gen Ed and Prof Ed compilation; answers are embedded as Answer: X after questions where available. Correct answer is embedded in PDF text.
408,11,2. GEN ED AND PROF ED.pdf,"Calculate the mean absolute deviation of the following numbers: 60, 80, 100, 75 and 95",12.4,14.2,16.1,18.9,,A,,Both,General/Professional Education,Cannot Determine,No,,Ready for Upload,Shared Gen Ed and Prof Ed compilation; answers are embedded as Answer: X after questions where available. Correct answer is embedded in PDF text.
409,11,2. GEN ED AND PROF ED.pdf,Which of the following is the factorization of the binomial x2 - 42 ?,(x + 4)(x + 2),(x – 4)2,x(x + 2x + 2),(x – 4)(x + 4),,D,,Both,General/Professional Education,Cannot Determine,No,,Ready for Upload,Shared Gen Ed and Prof Ed compilation; answers are embedded as Answer: X after questions where available. Correct answer is embedded in PDF text.
410,11,2. GEN ED AND PROF ED.pdf,What value of x will satisfy the equation: 0.4(5x - 1470) = x?,490,"2,130",1470,,,D,,Both,General/Professional Education,Cannot Determine,No,,Ready for Upload,Shared Gen Ed and Prof Ed compilation; answers are embedded as Answer: X after questions where available. Correct answer is embedded in PDF text.
411,12,2. GEN ED AND PROF ED.pdf,Which of the following has the greatest value:,3 + 32 + (3 + 3)2,33,[(3 + 3)2 ]2,(3 + 3 + 3)2,,C,,Both,General/Professional Education,Cannot Determine,No,,Ready for Upload,Shared Gen Ed and Prof Ed compilation; answers are embedded as Answer: X after questions where available. Correct answer is embedded in PDF text.
412,12,2. GEN ED AND PROF ED.pdf,The average of 5 different counting numbers is 20. What is the highest possible value that one of the numbers can have?,20,40,30,90,,D,,Both,General/Professional Education,Cannot Determine,No,,Ready for Upload,Shared Gen Ed and Prof Ed compilation; answers are embedded as Answer: X after questions where available. Correct answer is embedded in PDF text.
413,12,2. GEN ED AND PROF ED.pdf,"Three brothers inherited a cash amount of P62,000 and they divided it among themselves in the ratio of 5:4:1. How much more is the largest share than the smallest share?","P75,000","P30,000","P24,800",,,C,,Both,General/Professional Education,Cannot Determine,No,,Ready for Upload,Shared Gen Ed and Prof Ed compilation; answers are embedded as Answer: X after questions where available. Correct answer is embedded in PDF text.
414,12,2. GEN ED AND PROF ED.pdf,"What is the missing terms in the series 5, 20, 80, ___,1280, ___, 20, 480?",50;210,40;160,35;135,320;5120,,D,,Both,General/Professional Education,Cannot Determine,No,,Ready for Upload,Shared Gen Ed and Prof Ed compilation; answers are embedded as Answer: X after questions where available. Correct answer is embedded in PDF text.
415,12,2. GEN ED AND PROF ED.pdf,At what rate per annum should P2400 be invested so that it will earn an interest of P800 in 8 years?,6 ½ %,5 ½ %,4.17 %,6 %,,C,,Both,General/Professional Education,Cannot Determine,No,,Ready for Upload,Shared Gen Ed and Prof Ed compilation; answers are embedded as Answer: X after questions where available. Correct answer is embedded in PDF text.
416,12,2. GEN ED AND PROF ED.pdf,"The area of a rectangle is (x2 + 2x - 8). If its length is x + 4, what is its width?",x + 2,x - 2,x + 1,x + 6,,B,,Both,General/Professional Education,Cannot Determine,No,,Ready for Upload,Shared Gen Ed and Prof Ed compilation; answers are embedded as Answer: X after questions where available. Correct answer is embedded in PDF text.
417,13,2. GEN ED AND PROF ED.pdf,What is the value of 12⅙ - 3 ⅜ - 5 ⅔ + 20 ¾?,21 1/8,22,23 7/8,21,,C,,Both,General/Professional Education,Cannot Determine,No,,Ready for Upload,Shared Gen Ed and Prof Ed compilation; answers are embedded as Answer: X after questions where available. Correct answer is embedded in PDF text.
418,13,2. GEN ED AND PROF ED.pdf,The vertex angle of an isosceles triangle is 20°. What is the measure of one of the base angles?,150°,60°,75°,80°,,D,,Both,General/Professional Education,Cannot Determine,No,,Ready for Upload,Shared Gen Ed and Prof Ed compilation; answers are embedded as Answer: X after questions where available. Correct answer is embedded in PDF text.
419,13,2. GEN ED AND PROF ED.pdf,"Ana and Beth do a job together in three hours. Working alone, Ana does the job in 5 hours. How long will it take Beth to do the job alone?",3 and 1/3 hours,2 and 1/3 hours,3 hours,7 and 1/2 hours,,D,,Both,General/Professional Education,Cannot Determine,No,,Ready for Upload,Shared Gen Ed and Prof Ed compilation; answers are embedded as Answer: X after questions where available. Correct answer is embedded in PDF text.
420,13,2. GEN ED AND PROF ED.pdf,Which of the following has the largest value?,85,39,65,94,,A,,Both,General/Professional Education,Cannot Determine,No,,Ready for Upload,Shared Gen Ed and Prof Ed compilation; answers are embedded as Answer: X after questions where available. Correct answer is embedded in PDF text.
421,13,2. GEN ED AND PROF ED.pdf,A water tank contains 18 liters when it is 20% full. How many liters does it contain when 50% full?,60,30,58,45,,D,,Both,General/Professional Education,Cannot Determine,No,,Ready for Upload,Shared Gen Ed and Prof Ed compilation; answers are embedded as Answer: X after questions where available. Correct answer is embedded in PDF text.
422,14,2. GEN ED AND PROF ED.pdf,The edges of a rectangular solid have these measures: 1.5 feet by 1½ feet by 3 inches. What is its volume in cubic inches?,324,225,972,27,,C,,Both,General/Professional Education,Cannot Determine,No,,Ready for Upload,Shared Gen Ed and Prof Ed compilation; answers are embedded as Answer: X after questions where available. Correct answer is embedded in PDF text.
423,14,2. GEN ED AND PROF ED.pdf,"In a certain school, the ratio of boys to girls is 5 is to 7. If there are 180 boys and girls in the school, how many boys are there?",105,90,45,75,,D,,Both,General/Professional Education,Cannot Determine,No,,Ready for Upload,Shared Gen Ed and Prof Ed compilation; answers are embedded as Answer: X after questions where available. Correct answer is embedded in PDF text.
424,14,2. GEN ED AND PROF ED.pdf,"Ruben’s grades in 6 subjects are 88, 90, 97, 90, 91 and 86? What is the least grade that he should aim for in the 7th subject if he has to have an average of 88?",92,74,88,85,,B,,Both,General/Professional Education,Cannot Determine,No,,Ready for Upload,Shared Gen Ed and Prof Ed compilation; answers are embedded as Answer: X after questions where available. Correct answer is embedded in PDF text.
425,14,2. GEN ED AND PROF ED.pdf,"On a certain day, three computer technicians took turns in manning a 24-hour internet shop. The number of hours Cesar, Bert, and Danny were on duty was in the ratio 3:4:5, respectively. The shop owner pays them P50 per hour. How much would Danny receive for that day?",P 230,P500,P160,P480,,B,,Both,General/Professional Education,Cannot Determine,No,,Ready for Upload,Shared Gen Ed and Prof Ed compilation; answers are embedded as Answer: X after questions where available. Correct answer is embedded in PDF text.
426,14,2. GEN ED AND PROF ED.pdf,"An online shop sells a certain calculator for P950 and charges P150 for shipping within Manila, regardless of the number of calculators ordered. Which of the following equations shows the total cost (y) of an order as a function of the number of calculators ordered (x)?",y = (950 + 150)x,y = 150x +950,x = 950y + 150,y = 950x + 150,,D,,Both,General/Professional Education,Cannot Determine,No,,Ready for Upload,Shared Gen Ed and Prof Ed compilation; answers are embedded as Answer: X after questions where available. Correct answer is embedded in PDF text.
427,15,2. GEN ED AND PROF ED.pdf,One side of a 45° - 45° - 90° triangle measures x cm. What is the length of its hypotenuse?,X √3 cm,X cm,(X √3)/2 cm,X √2 cm,,D,,Both,General/Professional Education,Cannot Determine,No,,Ready for Upload,Shared Gen Ed and Prof Ed compilation; answers are embedded as Answer: X after questions where available. Correct answer is embedded in PDF text.
428,15,2. GEN ED AND PROF ED.pdf,How much longer is the perimeter of the larger triangle than the perimeter of the smaller triangle?,84,7,12,14,,C,,Both,General/Professional Education,Cannot Determine,No,,Ready for Upload,Shared Gen Ed and Prof Ed compilation; answers are embedded as Answer: X after questions where available. Correct answer is embedded in PDF text.
429,15,2. GEN ED AND PROF ED.pdf,"Determine the midpoint of the line segment joining the points (7, -3) and (-1, 6).","(2, 3/2)","(2, -3/2)","(3, 3/2)","(1, 5/2)",,C,,Both,General/Professional Education,Cannot Determine,No,,Ready for Upload,Shared Gen Ed and Prof Ed compilation; answers are embedded as Answer: X after questions where available. Correct answer is embedded in PDF text.
430,15,2. GEN ED AND PROF ED.pdf,Which of these has the longest perimeter?,A square 21 cm on a side,A rectangle 19 cm long and 24 cm wide,An equilateral triangle whose side is 28 cm,A right triangle whose two legs are 24 and 32 cm,,D,,Both,General/Professional Education,Cannot Determine,No,,Ready for Upload,Shared Gen Ed and Prof Ed compilation; answers are embedded as Answer: X after questions where available. Correct answer is embedded in PDF text.
431,15,2. GEN ED AND PROF ED.pdf,How many square inches are in 2 square yard?,900,144,1296,"2,592",,D,,Both,General/Professional Education,Cannot Determine,No,,Ready for Upload,Shared Gen Ed and Prof Ed compilation; answers are embedded as Answer: X after questions where available. Correct answer is embedded in PDF text.
432,15,2. GEN ED AND PROF ED.pdf,"In a playground for Kindergarten kids, 18 children are riding tricycles or bicycles. If there are 43 wheels in all, how many tricycles are there?",8,9,7,11,,C,,Both,General/Professional Education,Cannot Determine,No,,Ready for Upload,Shared Gen Ed and Prof Ed compilation; answers are embedded as Answer: X after questions where available. Correct answer is embedded in PDF text.
433,16,2. GEN ED AND PROF ED.pdf,Nelia takes ¾ hour to dress and get ready for school. It takes 4/5 hour to reach the school. If her class starts promptly at 8:00 am; what is the latest time she can jump out of bed in order not to be late for school?,6:42 am,6:27 am,6:57 am,7:02 am,,B,,Both,General/Professional Education,Cannot Determine,No,,Ready for Upload,Shared Gen Ed and Prof Ed compilation; answers are embedded as Answer: X after questions where available. Correct answer is embedded in PDF text.
434,16,2. GEN ED AND PROF ED.pdf,Which common fraction is equivalent to 0.215?,43/200,27/125,21/50,108/375,,A,,Both,General/Professional Education,Cannot Determine,No,,Ready for Upload,Shared Gen Ed and Prof Ed compilation; answers are embedded as Answer: X after questions where available. Correct answer is embedded in PDF text.
435,16,2. GEN ED AND PROF ED.pdf,Which of the following statements best describes a hypothetical element with an electron configuration of 1s2 2s2 2p6 3s2 3p5 ?,The hypothetical element has an atomic number of 11.,"The hypothetical element is a member of Group V, otherwise called the Nitrogen Group.","The hypothetical element is in the fifth position in the p-block, along the third period of the periodic table.","The hypothetical element is located at the third position of the p-block, along the fifth period of the periodic table.",,C,,Both,General/Professional Education,Cannot Determine,No,,Ready for Upload,Shared Gen Ed and Prof Ed compilation; answers are embedded as Answer: X after questions where available. Correct answer is embedded in PDF text.
436,16,2. GEN ED AND PROF ED.pdf,"Despite the observed diversity among organisms, they are all made from the same set of biomolecules composed of monomeric units except:",Proteins,Carbohydrates,Nucleic Acids,Lipids and Fats,,D,,Both,General/Professional Education,Cannot Determine,No,,Ready for Upload,Shared Gen Ed and Prof Ed compilation; answers are embedded as Answer: X after questions where available. Correct answer is embedded in PDF text.
437,16,2. GEN ED AND PROF ED.pdf,"What will be formed when radium isotope, with 88 protons and 138 neutrons undergoes alpha decay?",Radon Atom (Rn222 ) with 86 Protons,Francium Atom (Fr222 ) with 87 Protons,Actinium Atom (Ac222 ) with 89 Protons,Thorium Atom (Th232 ) with 90 Protons,,A,,Both,General/Professional Education,Cannot Determine,No,,Ready for Upload,Shared Gen Ed and Prof Ed compilation; answers are embedded as Answer: X after questions where available. Correct answer is embedded in PDF text.
438,17,2. GEN ED AND PROF ED.pdf,Which of the following examples best illustrates application of Boyle’s Law?,A tire becomes harder as more air is pumped into it.,A sealed aerosol can explodes when thrown into a fire.,A balloon expands and bursts when exposed to direct sunlight.,A scuba divers stops at certain depths as he ascends to the ocean’s surface.,,D,,Both,General/Professional Education,Cannot Determine,No,,Ready for Upload,Shared Gen Ed and Prof Ed compilation; answers are embedded as Answer: X after questions where available. Correct answer is embedded in PDF text.
439,17,2. GEN ED AND PROF ED.pdf,"Three liquids A, B, C were studied in a laboratory. Liquid A was found to float over B and",Densest and most viscous,Densest and least viscous,Least dense and most viscous,Least dense and least viscous,,D,,Both,General/Professional Education,Cannot Determine,No,,Ready for Upload,Shared Gen Ed and Prof Ed compilation; answers are embedded as Answer: X after questions where available. Correct answer is embedded in PDF text.
440,17,2. GEN ED AND PROF ED.pdf,Which of the following statements represents a physical change?,An antacid tablet forms bubbles when dissolved in water.,A flashlight beam slowly gets dimmer and finally dies out over time.,The lawn grows thicker every day because fertilizers were added into the soil.,Frozen mango juice melted when left standing at room temperature for 30 minutes.,,D,,Both,General/Professional Education,Cannot Determine,No,,Ready for Upload,Shared Gen Ed and Prof Ed compilation; answers are embedded as Answer: X after questions where available. Correct answer is embedded in PDF text.
441,17,2. GEN ED AND PROF ED.pdf,Acid rain occurs when ____________.,,,,,,D,,Both,General/Professional Education,Cannot Determine,No,,Incomplete,Shared Gen Ed and Prof Ed compilation; answers are embedded as Answer: X after questions where available. Correct answer is embedded in PDF text. Incomplete question/options after extraction.
442,17,2. GEN ED AND PROF ED.pdf,Acid rain occurs when _________.,carbon dioxide combines with water in the atmosphere.,phosphorus-rich water in lakes evaporates to form phosphoric acid.,sulfur released in burning fossil fuels combines with water in the atmosphere.,excess hydrogen is released into the atmosphere to produce acids.,,C,,Both,General/Professional Education,Cannot Determine,No,,Duplicate,Shared Gen Ed and Prof Ed compilation; answers are embedded as Answer: X after questions where available. Correct answer is embedded in PDF text. Duplicate or near-duplicate of row 441.
443,18,2. GEN ED AND PROF ED.pdf,Why is it difficult to integrate nitrogen gas from the atmosphere into the nitrogen cycle of the biosphere?,Nitrogen is very abundant in the atmosphere,Living organisms quickly absorb nitrogen gas,Oceans quickly absorb nitrogen gas,Few organisms can directly utilize atmospheric nitrogen,,D,,Both,General/Professional Education,Cannot Determine,No,,Ready for Upload,Shared Gen Ed and Prof Ed compilation; answers are embedded as Answer: X after questions where available. Correct answer is embedded in PDF text.
444,18,2. GEN ED AND PROF ED.pdf,Which of the following sentences about greenhouse effect is INCORRECT?,Greenhouse gases trap heat in the atmosphere which are returned to the earth’s surface.,Greenhouse effect is important in maintaining the temperature of the earth.,Greenhouse effect is due to gases that absorb the green region of light from the sun.,Greenhouse effect increases the overall surface temperature of the earth.,,C,,Both,General/Professional Education,Cannot Determine,No,,Ready for Upload,Shared Gen Ed and Prof Ed compilation; answers are embedded as Answer: X after questions where available. Correct answer is embedded in PDF text.
445,18,2. GEN ED AND PROF ED.pdf,"When a gardener propagates a plant by taking cuttings, he plants his cutting in a well-watered soil in a plant pot. What is the most likely reason why he may then cover the plant and pot with a lightly perforated polythene bag?",To reduce the water demand of the cutting.,To decrease the rate of gaseous exchange by the plant.,To reduce the chance of attack by pests.,To protect the plant from cold weather.,,A,,Both,General/Professional Education,Cannot Determine,No,,Ready for Upload,Shared Gen Ed and Prof Ed compilation; answers are embedded as Answer: X after questions where available. Correct answer is embedded in PDF text.
446,18,2. GEN ED AND PROF ED.pdf,It is a common observation that mushrooms thrive few days after lightning strikes. Which among the following biogeochemical cycles is involved in this process?,Nitrogen cycle,Carbon-Oxygen cycle,Phosphorus cycle,Sulfur cycle,,A,,Both,General/Professional Education,Cannot Determine,No,,Ready for Upload,Shared Gen Ed and Prof Ed compilation; answers are embedded as Answer: X after questions where available. Correct answer is embedded in PDF text.
447,18,2. GEN ED AND PROF ED.pdf,Which of the following factors contribute to an increase in human population? I. Immigration II. Emigration III. Natality IV. Mortality,III and IV,II and III,I only,I and III,,D,,Both,General/Professional Education,Cannot Determine,No,,Ready for Upload,Shared Gen Ed and Prof Ed compilation; answers are embedded as Answer: X after questions where available. Correct answer is embedded in PDF text.
448,18,2. GEN ED AND PROF ED.pdf,Shown below is a simple food web in a grassy community. The arrow symbol means eaten by. What would happen if all snakes are killed? Grass>Grasshopper>Frog>Snake Bird>Snake,Grass population would increase.,Grasshopper population would increase.,Bird and frog populations would increase.,Grasshopper and bird populations would increase.,,C,,Both,General/Professional Education,Cannot Determine,No,,Ready for Upload,Shared Gen Ed and Prof Ed compilation; answers are embedded as Answer: X after questions where available. Correct answer is embedded in PDF text.
449,19,2. GEN ED AND PROF ED.pdf,Which of the following shows mechanical weathering of rocks?,formation of caverns,acids dissolves rocks,freezing water between rock particles,iron in rocks combine with oxygen,,C,,Both,General/Professional Education,Cannot Determine,No,,Ready for Upload,Shared Gen Ed and Prof Ed compilation; answers are embedded as Answer: X after questions where available. Correct answer is embedded in PDF text.
450,19,2. GEN ED AND PROF ED.pdf,"PAGASA announces the approach of the seasonal winds. The familiar names used are Amihan and Habagat, internationally known as ________ and ________ respectively.",Northeast and southwest,Trade wind and easterlies,Southwest and northeast,Westerlies and easterlies,,A,,Both,General/Professional Education,Cannot Determine,No,,Ready for Upload,Shared Gen Ed and Prof Ed compilation; answers are embedded as Answer: X after questions where available. Correct answer is embedded in PDF text.
451,19,2. GEN ED AND PROF ED.pdf,Fog is a cloud with its base at or very near the ground. The formation of fog generally occurs after the ground has lost heat by:,Evaporation,Convection,Conduction,Radiation,,D,,Both,General/Professional Education,Cannot Determine,No,,Ready for Upload,Shared Gen Ed and Prof Ed compilation; answers are embedded as Answer: X after questions where available. Correct answer is embedded in PDF text.
452,19,2. GEN ED AND PROF ED.pdf,Why do we see the sun rise in the east?,The earth revolves eastward.,The earth rotates from west to east.,We are located in the 20th meridian.,"On the globe, we are located in the east.",,B,,Both,General/Professional Education,Cannot Determine,No,,Ready for Upload,Shared Gen Ed and Prof Ed compilation; answers are embedded as Answer: X after questions where available. Correct answer is embedded in PDF text.
453,19,2. GEN ED AND PROF ED.pdf,"If a voltage of 100 volts produces a current of 5 amperes in an electrical device, what is the resistance?",95 Ohms,20 Ohms,105 Ohms,500 Ohms,,B,,Both,General/Professional Education,Cannot Determine,No,,Ready for Upload,Shared Gen Ed and Prof Ed compilation; answers are embedded as Answer: X after questions where available. Correct answer is embedded in PDF text.
454,20,2. GEN ED AND PROF ED.pdf,Which of the following best differentiates an earthquake's intensity from its magnitude?,Intensity describes 'the depth from which the earthquake originated’ while magnitude refers to ‘the energy of the earthquake’.,Intensity cannot be measured while magnitude can be measured using a seismograph.,Intensity refers to the strength of the quake while magnitude refers to the degree of destruction it caused at the epicenter.,Intensity is a measure of how much damage an earthquake cause at the surface while magnitude is the strength of the quake.,,D,,Both,General/Professional Education,Cannot Determine,No,,Ready for Upload,Shared Gen Ed and Prof Ed compilation; answers are embedded as Answer: X after questions where available. Correct answer is embedded in PDF text.
455,20,2. GEN ED AND PROF ED.pdf,"Comparing the speed of sound in liquids, gases, and solids, the speed of sound is usually lowest in ____ and highest in ____.","solids, gases","gases, liquids","liquids, solids","gases, solids",,D,,Both,General/Professional Education,Cannot Determine,No,,Ready for Upload,Shared Gen Ed and Prof Ed compilation; answers are embedded as Answer: X after questions where available. Correct answer is embedded in PDF text.
456,20,2. GEN ED AND PROF ED.pdf,"Which has a greater density, a lake full of water or a cupful of water?",The cup full of water,The lake full of water,Not enough information,They have the same density,,D,,Both,General/Professional Education,Cannot Determine,No,,Ready for Upload,Shared Gen Ed and Prof Ed compilation; answers are embedded as Answer: X after questions where available. Correct answer is embedded in PDF text.
457,20,2. GEN ED AND PROF ED.pdf,A stainless steel spoon feels colder than a plastic spoon because stainless steel,absorbs less heat from the hand than plastic does,is really colder than plastic,has a lower temperature than plastic,conducts heat away from the hand faster than plastic does,,D,,Both,General/Professional Education,Cannot Determine,No,,Ready for Upload,Shared Gen Ed and Prof Ed compilation; answers are embedded as Answer: X after questions where available. Correct answer is embedded in PDF text.
458,20,2. GEN ED AND PROF ED.pdf,Why is it NOT advisable to repeatedly open the door of a refrigerator?,It will loosen the hinges of the refrigerator's door,Leads to wastage in electrical energy.,Repeated opening introduces bacteria in to the refrigerator.,The warm air outside lowers the temperature inside thus making the refrigeration less- efficient.,,B,,Both,General/Professional Education,Cannot Determine,No,,Ready for Upload,Shared Gen Ed and Prof Ed compilation; answers are embedded as Answer: X after questions where available. Correct answer is embedded in PDF text.
459,20,2. GEN ED AND PROF ED.pdf,What kind of mirror is used in cars to give the driver a wider area and smaller image of the traffic behind him/her?,Double concave,Convex,Plane,Concave,,B,,Both,General/Professional Education,Cannot Determine,No,,Ready for Upload,Shared Gen Ed and Prof Ed compilation; answers are embedded as Answer: X after questions where available. Correct answer is embedded in PDF text.
460,21,2. GEN ED AND PROF ED.pdf,Why do we hear thunder some seconds after seeing lightning?,Light appears brighter in the sky.,Light travels faster than sound.,Sound travels 1.331 m/s,Sound is released later actually,,B,,Both,General/Professional Education,Cannot Determine,No,,Ready for Upload,Shared Gen Ed and Prof Ed compilation; answers are embedded as Answer: X after questions where available. Correct answer is embedded in PDF text.
461,21,2. GEN ED AND PROF ED.pdf,Water has a higher specific heat than iron. What does this mean?,Water is hotter than iron,Water heats more rapidly than iron,Water is more dense than iron,Water heats more slowly than iron,,D,,Both,General/Professional Education,Cannot Determine,No,,Ready for Upload,Shared Gen Ed and Prof Ed compilation; answers are embedded as Answer: X after questions where available. Correct answer is embedded in PDF text.
462,21,2. GEN ED AND PROF ED.pdf,"If a colorblind man marries a woman who has normal vision and no history of the disease, it is most probable that all of their :",daughters will be carriers,daughters will be colorblind,sons will be carriers,sons will be colorblind,,A,,Both,General/Professional Education,Cannot Determine,No,,Ready for Upload,Shared Gen Ed and Prof Ed compilation; answers are embedded as Answer: X after questions where available. Correct answer is embedded in PDF text.
463,21,2. GEN ED AND PROF ED.pdf,"Albino corn seedlings may grow several inches tall. However, they will eventually die, primarily because",direct sunlight will destroy their cells,they lack adequate root system,they cannot produce their own food,they cannot obtain carbon dioxide,,C,,Both,General/Professional Education,Cannot Determine,No,,Ready for Upload,Shared Gen Ed and Prof Ed compilation; answers are embedded as Answer: X after questions where available. Correct answer is embedded in PDF text.
464,21,2. GEN ED AND PROF ED.pdf,"Mimosa pudica, locally known as Makahiya is called as such because its leaflets tend to close when touched. This organismal response to a given stimuli is called:",Hydrotropism,Thigmotropism,Geotropism,Phototropism,,B,,Both,General/Professional Education,Cannot Determine,No,,Ready for Upload,Shared Gen Ed and Prof Ed compilation; answers are embedded as Answer: X after questions where available. Correct answer is embedded in PDF text.
465,22,2. GEN ED AND PROF ED.pdf,What factor was a major cause of both World War I and World War II?,The spread of Marxian ideas into Europe,The dropping of atomic bombs,Nationalism and national borders,The rise of totalitarian fascist states,,D,,Both,General/Professional Education,Cannot Determine,No,,Ready for Upload,Shared Gen Ed and Prof Ed compilation; answers are embedded as Answer: X after questions where available. Correct answer is embedded in PDF text.
466,22,2. GEN ED AND PROF ED.pdf,In which organization is the Philippines a member to fight communist aggression?,APEC,ASA,UN,SEATO,,D,,Both,General/Professional Education,Cannot Determine,No,,Ready for Upload,Shared Gen Ed and Prof Ed compilation; answers are embedded as Answer: X after questions where available. Correct answer is embedded in PDF text.
467,22,2. GEN ED AND PROF ED.pdf,The theory that population increases by geometrical ratio while the means of subsistence increases by arithmetical ratio is attributed to?,Karl Marx,Robert Malthus,Emile Durkheim,Aristotle,,B,,Both,General/Professional Education,Cannot Determine,No,,Ready for Upload,Shared Gen Ed and Prof Ed compilation; answers are embedded as Answer: X after questions where available. Correct answer is embedded in PDF text.
468,22,2. GEN ED AND PROF ED.pdf,In what instance is the Filipino double-standard morality shown?,A couple brings their sick child to the doctor then later to the espiritista,Young parents bring up their children in a manner different from how they were brought up,Illiterate parents are eager to send their children to school even if they themselves did not go to school,A married man who flirts with someone else other than his wife seems acceptable but a married woman who flirts with another man is condemned.,,D,,Both,General/Professional Education,Cannot Determine,No,,Ready for Upload,Shared Gen Ed and Prof Ed compilation; answers are embedded as Answer: X after questions where available. Correct answer is embedded in PDF text.
469,22,2. GEN ED AND PROF ED.pdf,Which part of Asia does the Arabian peninsula occupy?,Northwest,Southeast,Southwest,Northeast,,C,,Both,General/Professional Education,Cannot Determine,No,,Ready for Upload,Shared Gen Ed and Prof Ed compilation; answers are embedded as Answer: X after questions where available. Correct answer is embedded in PDF text.
470,22,2. GEN ED AND PROF ED.pdf,The important factors which have contributed to the weakness in the internalization of desirable values is the?,Lack of models among the very people expected to exemplify these values,Use of approaches which are mainly cognitive rather than effective,Lack of follow up systems from one grade level to another,Minimum recognition and appreciation given to teachers,,A,,Both,General/Professional Education,Cannot Determine,No,,Ready for Upload,Shared Gen Ed and Prof Ed compilation; answers are embedded as Answer: X after questions where available. Correct answer is embedded in PDF text.
471,23,2. GEN ED AND PROF ED.pdf,To govern is to rule and the government rules by laws. Whose main duty is the enforcement of laws?,Police department,Judiciary department,Legislative department,Executive department,,D,,Both,General/Professional Education,Cannot Determine,No,,Ready for Upload,Shared Gen Ed and Prof Ed compilation; answers are embedded as Answer: X after questions where available. Correct answer is embedded in PDF text.
472,23,2. GEN ED AND PROF ED.pdf,The term that refers to the class of Filipinos who were free and independent,Timawa,Maharlika,Aliping namamahay,Aliping saguiguilid,,A,,Both,General/Professional Education,Cannot Determine,No,,Ready for Upload,Shared Gen Ed and Prof Ed compilation; answers are embedded as Answer: X after questions where available. Correct answer is embedded in PDF text.
473,23,2. GEN ED AND PROF ED.pdf,The Spanish expedition responsible for naming the archipelago Filipinas,Magellan’s expedition,Loarca expedition,Legaspi expedition,Villalobos expedition,,D,,Both,General/Professional Education,Cannot Determine,No,,Ready for Upload,Shared Gen Ed and Prof Ed compilation; answers are embedded as Answer: X after questions where available. Correct answer is embedded in PDF text.
474,23,2. GEN ED AND PROF ED.pdf,The third and last military governor of the Philippines was,Gen. Wesley Merritt,Gen. Elwell Otis,Gen. Arthur MacArthur,Gen. Douglas MacArthur,,C,,Both,General/Professional Education,Cannot Determine,No,,Ready for Upload,Shared Gen Ed and Prof Ed compilation; answers are embedded as Answer: X after questions where available. Correct answer is embedded in PDF text.
475,23,2. GEN ED AND PROF ED.pdf,Which Katipunan member commuted from Cavite to Manila to buy materials used to make ammunitions?,Teresa Magbanua,Agueda Esteban,Teodora Alonso,Trinidad Tecson,,B,,Both,General/Professional Education,Cannot Determine,No,,Ready for Upload,Shared Gen Ed and Prof Ed compilation; answers are embedded as Answer: X after questions where available. Correct answer is embedded in PDF text.
476,23,2. GEN ED AND PROF ED.pdf,Which economic system is based on free enterprise?,Globalism,Mixed economies,Capitalism,Communism,,C,,Both,General/Professional Education,Cannot Determine,No,,Ready for Upload,Shared Gen Ed and Prof Ed compilation; answers are embedded as Answer: X after questions where available. Correct answer is embedded in PDF text.
477,23,2. GEN ED AND PROF ED.pdf,How is the so-called colonial mentality manifested?,Cultural relativism,Cultural diversity,Xenocentrism,Ethnocentrism,,C,,Both,General/Professional Education,Cannot Determine,No,,Ready for Upload,Shared Gen Ed and Prof Ed compilation; answers are embedded as Answer: X after questions where available. Correct answer is embedded in PDF text.
478,24,2. GEN ED AND PROF ED.pdf,Which is a safeguard against unfair trade practices like short-weighing?,Total Quality Movement,Consumerism,Consumer vigilance,Substandardization,,C,,Both,General/Professional Education,Cannot Determine,No,,Ready for Upload,Shared Gen Ed and Prof Ed compilation; answers are embedded as Answer: X after questions where available. Correct answer is embedded in PDF text.
479,24,2. GEN ED AND PROF ED.pdf,7th,,,,,,D,,Both,General/Professional Education,Cannot Determine,No,,Incomplete,Shared Gen Ed and Prof Ed compilation; answers are embedded as Answer: X after questions where available. Correct answer is embedded in PDF text. Incomplete question/options after extraction.
480,24,2. GEN ED AND PROF ED.pdf,In which continent can we find stormy Cape Horn which is known as the graveyard of ships and sailors?,Africa,Australia,South America,Asia,,C,,Both,General/Professional Education,Cannot Determine,No,,Ready for Upload,Shared Gen Ed and Prof Ed compilation; answers are embedded as Answer: X after questions where available. Correct answer is embedded in PDF text.
481,24,2. GEN ED AND PROF ED.pdf,Which led to the creation of Pakistan as a nation in 1947? Religious differences between,Hindus and Christians,Christians and Muslims,Hindus and Buddhists,Hindus and Muslims,,D,,Both,General/Professional Education,Cannot Determine,No,,Ready for Upload,Shared Gen Ed and Prof Ed compilation; answers are embedded as Answer: X after questions where available. Correct answer is embedded in PDF text.
482,24,2. GEN ED AND PROF ED.pdf,Which is common to Sun Yat Sen and Mahatma Gandhi?,Promoted a society ruled by religious leaders,Rejected violence as a way to political power,Led a successful nationalistic movement in their respective countries,Supported Marxist philosophy to change existing governments,,B,,Both,General/Professional Education,Cannot Determine,No,,Ready for Upload,Shared Gen Ed and Prof Ed compilation; answers are embedded as Answer: X after questions where available. Correct answer is embedded in PDF text.
483,24,2. GEN ED AND PROF ED.pdf,Nebuchadnezzar was to the Babylonian Empire as Asoka was to the ______ Empire.,Roman,Gupta,Greek,Maurya,,D,,Both,General/Professional Education,Cannot Determine,No,,Ready for Upload,Shared Gen Ed and Prof Ed compilation; answers are embedded as Answer: X after questions where available. Correct answer is embedded in PDF text.
484,25,2. GEN ED AND PROF ED.pdf,"With the opposition of the parity rights in mind, who does NOT belong to the group?",Claro M. Recto,Jose Laurel,Manuel Roxas,Pedro Taruc,,C,,Both,General/Professional Education,Cannot Determine,No,,Ready for Upload,Shared Gen Ed and Prof Ed compilation; answers are embedded as Answer: X after questions where available. Correct answer is embedded in PDF text.
485,25,2. GEN ED AND PROF ED.pdf,"When the Filipino reformists asked for the assimilation of the Philippines by Spain, what did they ask for? For the Philippines to ____",Become independent from Spain,Become a province of Spain,Be independent from Spain with certain conditions,Be represented in the Spanish Cortes,,B,,Both,General/Professional Education,Cannot Determine,No,,Ready for Upload,Shared Gen Ed and Prof Ed compilation; answers are embedded as Answer: X after questions where available. Correct answer is embedded in PDF text.
486,25,2. GEN ED AND PROF ED.pdf,Who among the Presidents changed the date of our celebration of Independence day from July 4 to June 12?,Ramon Magsaysay,Diosdado Macapagal,Carlos Garcia,Ferdinand Marcos,,B,,Both,General/Professional Education,Cannot Determine,No,,Ready for Upload,Shared Gen Ed and Prof Ed compilation; answers are embedded as Answer: X after questions where available. Correct answer is embedded in PDF text.
487,25,2. GEN ED AND PROF ED.pdf,"In which country did the Philippines participate in the world’s peacekeeping operations by sending doctors, nurses, soldiers and police?",Israel,East Timor,Iraq,Iran,,C,,Both,General/Professional Education,Cannot Determine,No,,Ready for Upload,Shared Gen Ed and Prof Ed compilation; answers are embedded as Answer: X after questions where available. Correct answer is embedded in PDF text.
488,25,2. GEN ED AND PROF ED.pdf,In which poem did Rizal write about offering one’s life for one’s country?,A La Juventud Filipina,Song of Maria Clara,Sa Aking mga Kabata,Mi Ultimo Adios,,D,,Both,General/Professional Education,Cannot Determine,No,,Ready for Upload,Shared Gen Ed and Prof Ed compilation; answers are embedded as Answer: X after questions where available. Correct answer is embedded in PDF text.
489,25,2. GEN ED AND PROF ED.pdf,"As an effect of our geography, in which of the following island/s do people travel mostly by water?",Luzon,Mindanao,Visayas,Visayas and Mindanao,,C,,Both,General/Professional Education,Cannot Determine,No,,Ready for Upload,Shared Gen Ed and Prof Ed compilation; answers are embedded as Answer: X after questions where available. Correct answer is embedded in PDF text.
490,26,2. GEN ED AND PROF ED.pdf,"As an insular country, to which principle does the Philippines adhere when it comes to territorial boundary?",Two hundred nautical miles of the country’s coast,Three hundred fifty nautical miles from shore,Three-mile territorial limit,Archipelagic doctrine,,D,,Both,General/Professional Education,Cannot Determine,No,,Ready for Upload,Shared Gen Ed and Prof Ed compilation; answers are embedded as Answer: X after questions where available. Correct answer is embedded in PDF text.
491,26,2. GEN ED AND PROF ED.pdf,Which part/s of the Visayas has/have comparatively more excessively moist climate and limited arable lands?,Western,Eastern,Eastern and Central,Central and Western,,B,,Both,General/Professional Education,Cannot Determine,No,,Ready for Upload,Shared Gen Ed and Prof Ed compilation; answers are embedded as Answer: X after questions where available. Correct answer is embedded in PDF text.
492,26,2. GEN ED AND PROF ED.pdf,Which follows Pres. Garcia’s “Filipino First Policy”? Filipinos,Should buy and consume Filipino products only,Should not contribute to the brain drain problem,Should be selective in the entry in the entry of foreign professionals in the country,Were to be given first preference in all matters related to the economic development of the country,,D,,Both,General/Professional Education,Cannot Determine,No,,Ready for Upload,Shared Gen Ed and Prof Ed compilation; answers are embedded as Answer: X after questions where available. Correct answer is embedded in PDF text.
493,26,2. GEN ED AND PROF ED.pdf,"Aside from the Philippines, which countries claim part of the Spratly islands in the South China Sea?","China, Thailand, Brunei, Malaysia","China, Taiwan, Vietnam, Malaysia","Indonesia, China, Taiwan, Malaysia","China, Thailand, Brunei, Malaysia",,B,,Both,General/Professional Education,Cannot Determine,No,,Ready for Upload,Shared Gen Ed and Prof Ed compilation; answers are embedded as Answer: X after questions where available. Correct answer is embedded in PDF text.
494,26,2. GEN ED AND PROF ED.pdf,The following are our constitutional rights EXCEPT to,Free access to legal assistance which shall not be denied due to poverty,Have access to all records of the government,Be presumed innocent until proven guilty,Form association and labor unions,,B,,Both,General/Professional Education,Cannot Determine,No,,Ready for Upload,Shared Gen Ed and Prof Ed compilation; answers are embedded as Answer: X after questions where available. Correct answer is embedded in PDF text.
495,27,2. GEN ED AND PROF ED.pdf,Which of the following is not a benefit of technology in education?,Improves critical-thinking abilities.,Unlimited access to games and other internet sites.,Allows cooperative learning.,Increases self-expression.,,B,,Both,General/Professional Education,Cannot Determine,No,,Ready for Upload,Shared Gen Ed and Prof Ed compilation; answers are embedded as Answer: X after questions where available. Correct answer is embedded in PDF text.
496,27,2. GEN ED AND PROF ED.pdf,Which situation shows that technology can be used to motivate students to learn?,Teacher Eric employs educational games related to the lesson they are taking.,Miss Cleo designs lessons which use cooperative learning with technology integration.,Mr. Jimmy utilizes computer assisted instruction programs so that students will learn at their own pace.,Teacher Sarah assigns projects to her class where self-expression and creativity is acknowledged.,,A,,Both,General/Professional Education,Cannot Determine,No,,Ready for Upload,Shared Gen Ed and Prof Ed compilation; answers are embedded as Answer: X after questions where available. Correct answer is embedded in PDF text.
497,27,2. GEN ED AND PROF ED.pdf,He is considered as the “Father of Modern Media in Education”.,Jean Piaget,F. Skinner,,Edgar Dale,,D,,Both,General/Professional Education,Cannot Determine,No,,Ready for Upload,Shared Gen Ed and Prof Ed compilation; answers are embedded as Answer: X after questions where available. Correct answer is embedded in PDF text.
498,27,2. GEN ED AND PROF ED.pdf,It is a term to denote a whole range of technologies associated with processing information and with sending and receiving messages.,Educational Technology,Information and Communication Technology,Media Technology,Instructional Systems Design,,B,,Both,General/Professional Education,Cannot Determine,No,,Ready for Upload,Shared Gen Ed and Prof Ed compilation; answers are embedded as Answer: X after questions where available. Correct answer is embedded in PDF text.
499,27,2. GEN ED AND PROF ED.pdf,A methodology widely used for developing new training programs.,Microsoft,World Wide Web,Instructional Systems Design,Computer Technology,,C,,Both,General/Professional Education,Cannot Determine,No,,Ready for Upload,Shared Gen Ed and Prof Ed compilation; answers are embedded as Answer: X after questions where available. Correct answer is embedded in PDF text.
500,27,2. GEN ED AND PROF ED.pdf,This is considered to be the first manual data processing device developed in China in the 12th century,Hieroglyphics,Papyrus,Printing Press,Abacus,,D,,Both,General/Professional Education,Cannot Determine,No,,Ready for Upload,Shared Gen Ed and Prof Ed compilation; answers are embedded as Answer: X after questions where available. Correct answer is embedded in PDF text.
501,28,2. GEN ED AND PROF ED.pdf,He is considered to be the “Father of Computing” because of his contributions to the basic design of computer.,John Napier,William Oughtred,Blaise Pascal,Charles Babbage,,D,,Both,General/Professional Education,Cannot Determine,No,,Ready for Upload,Shared Gen Ed and Prof Ed compilation; answers are embedded as Answer: X after questions where available. Correct answer is embedded in PDF text.
502,28,2. GEN ED AND PROF ED.pdf,"Which is the standard input device that accepts letters, numbers and commands from the user?",Trackpad,Lightpen,Mouse,Keyboard,,D,,Both,General/Professional Education,Cannot Determine,No,,Ready for Upload,Shared Gen Ed and Prof Ed compilation; answers are embedded as Answer: X after questions where available. Correct answer is embedded in PDF text.
503,28,2. GEN ED AND PROF ED.pdf,Mr. Rico carefully studies the materials he acquired from the internet. He always examines if the author is qualified to present the material. This practice is?,necessary to ensure that the materials are reliable.,unethical because he does not trust the author.,unnecessary because all resources from the internet are dependable.,just a waste of time.,,A,,Both,General/Professional Education,Cannot Determine,No,,Ready for Upload,Shared Gen Ed and Prof Ed compilation; answers are embedded as Answer: X after questions where available. Correct answer is embedded in PDF text.
504,28,2. GEN ED AND PROF ED.pdf,"When a teacher asks the consistency of a material taken from the internet with other available materials, he/she is concerned with its?",relevance,accuracy,coverage,currency,,B,,Both,General/Professional Education,Cannot Determine,No,,Ready for Upload,Shared Gen Ed and Prof Ed compilation; answers are embedded as Answer: X after questions where available. Correct answer is embedded in PDF text.
505,28,2. GEN ED AND PROF ED.pdf,The Department of Education gives greater emphasis on the development of basic skills. What is the philosophical basis for this?,Essentialism,Existentialism,Perennialism,Pragmatism,,A,,Both,General/Professional Education,Cannot Determine,No,,Ready for Upload,Shared Gen Ed and Prof Ed compilation; answers are embedded as Answer: X after questions where available. Correct answer is embedded in PDF text.
506,29,2. GEN ED AND PROF ED.pdf,"Teacher M views his students as unique, free-choosing and responsible individuals. All classroom activities revolve around the said premise. What theory underlies this?",Essentialism,Existentialism,Progressivism,Realism,,B,,Both,General/Professional Education,Cannot Determine,No,,Ready for Upload,Shared Gen Ed and Prof Ed compilation; answers are embedded as Answer: X after questions where available. Correct answer is embedded in PDF text.
507,29,2. GEN ED AND PROF ED.pdf,Religious rituals in the classroom and in the school programs prove the deep natural religiosity of the Filipinos. Which philosophy has greatly contributed to the tradition?,Buddhism,Confucianism,Hinduism,Islam,,B,,Both,General/Professional Education,Cannot Determine,No,,Ready for Upload,Shared Gen Ed and Prof Ed compilation; answers are embedded as Answer: X after questions where available. Correct answer is embedded in PDF text.
508,29,2. GEN ED AND PROF ED.pdf,"In order to make Roman education truly utilitarian, how should the day-to-day lessons be taught?",Taught in the students' native dialect,Taught interestingly through the play way method,Related and linked to the events happening in everyday life,Practiced at home under the guidance of their respective parents.,,C,,Both,General/Professional Education,Cannot Determine,No,,Ready for Upload,Shared Gen Ed and Prof Ed compilation; answers are embedded as Answer: X after questions where available. Correct answer is embedded in PDF text.
509,29,2. GEN ED AND PROF ED.pdf,Which influenced the military training requirements among students in the secondary and tertiary levels?,Chinese,Greeks,Orientals,Romans,,D,,Both,General/Professional Education,Cannot Determine,No,,Ready for Upload,Shared Gen Ed and Prof Ed compilation; answers are embedded as Answer: X after questions where available. Correct answer is embedded in PDF text.
510,29,2. GEN ED AND PROF ED.pdf,Which philosophy has the educational objective to indoctrinate Filipinos to accept the teachings of the Catholic church which is foster faith in God?,Realism,Pragmatism,Idealism,Existentialism,,C,,Both,General/Professional Education,Cannot Determine,No,,Ready for Upload,Shared Gen Ed and Prof Ed compilation; answers are embedded as Answer: X after questions where available. Correct answer is embedded in PDF text.
511,30,2. GEN ED AND PROF ED.pdf,Virtue as one component in the teaching of Rizal as a course focuses on the teaching of good and beauty consistent with the good and beauty in God. What philosophy supports this?,Existentialism,Idealism,Progressivism,Social Reconstructionism,,B,,Both,General/Professional Education,Cannot Determine,No,,Ready for Upload,Shared Gen Ed and Prof Ed compilation; answers are embedded as Answer: X after questions where available. Correct answer is embedded in PDF text.
512,30,2. GEN ED AND PROF ED.pdf,"Giving education the highest budgetary allocation, the Philippine government recognizes the possible contribution of its future citizens to the national development goals of the Philippine society. Which stressed this goal of education for social transformation?",Athenian education,Followers of Christ,Greek education,Roman education,,D,,Both,General/Professional Education,Cannot Determine,No,,Ready for Upload,Shared Gen Ed and Prof Ed compilation; answers are embedded as Answer: X after questions where available. Correct answer is embedded in PDF text.
513,30,2. GEN ED AND PROF ED.pdf,The progressivists emphasized the individuality of the child. What is the concern of the reconstructionists?,Experiential learning,Socialization,Social problem,,,C,,Both,General/Professional Education,Cannot Determine,No,,Ready for Upload,Shared Gen Ed and Prof Ed compilation; answers are embedded as Answer: X after questions where available. Correct answer is embedded in PDF text.
514,30,2. GEN ED AND PROF ED.pdf,One of the following quotations does not conform to the Christian doctrine of Education for Humanitarianism. Which one is it?,Do unto others as you would like others do unto you,Love they neighbor as thyself,Not on bread alone is man to live but on every utterance that comes from mouth of God,"Whatever good things we do to our poor, helpless brothers, we do it for God.",,C,,Both,General/Professional Education,Cannot Determine,No,,Ready for Upload,Shared Gen Ed and Prof Ed compilation; answers are embedded as Answer: X after questions where available. Correct answer is embedded in PDF text.
515,30,2. GEN ED AND PROF ED.pdf,"Scouting and Citizen's Army Training (CAT) give training in character-building, citizenship training, etc. Which leads to the creation of a new social order and a new society eventually. What philosophy supports this?",Existentialism,Perennialism,Progressivism,Social reconstructionism,,D,,Both,General/Professional Education,Cannot Determine,No,,Ready for Upload,Shared Gen Ed and Prof Ed compilation; answers are embedded as Answer: X after questions where available. Correct answer is embedded in PDF text.
516,30,2. GEN ED AND PROF ED.pdf,Teacher V demonstrated the technique on how to group students according to their needs and interests and how to use self-paced instructional materials. Which philosophy is manifested in this activity?,Essentialism,Progressivism,Realism,Social Reconstructionism,,B,,Both,General/Professional Education,Cannot Determine,No,,Ready for Upload,Shared Gen Ed and Prof Ed compilation; answers are embedded as Answer: X after questions where available. Correct answer is embedded in PDF text.
517,31,2. GEN ED AND PROF ED.pdf,"Teacher G, a Christian Living teacher, puts so much significance on values development and discipline. What could be her educational philosophy?",Idealism,Pragmatism,Progressivism,Realism,,A,,Both,General/Professional Education,Cannot Determine,No,,Ready for Upload,Shared Gen Ed and Prof Ed compilation; answers are embedded as Answer: X after questions where available. Correct answer is embedded in PDF text.
518,31,2. GEN ED AND PROF ED.pdf,Which one does not illustrate the principle that rights and duties are correlative?,The right of an unmarried pregnant teacher to abort her baby in relation to her duty to protect her name and her job as a teacher,The right of a state to compel students to military service is reciprocated by the duty of the state to protect them.,The right to a living wage involves the duty of the school administrators to give the salary agreed upon and the duty of the teachers to give a fair amount of work.,The right to life of children and to be given respect of such right.,,A,,Both,General/Professional Education,Cannot Determine,No,,Ready for Upload,Shared Gen Ed and Prof Ed compilation; answers are embedded as Answer: X after questions where available. Correct answer is embedded in PDF text.
519,31,2. GEN ED AND PROF ED.pdf,Why should a teacher take the obligation upon himself to study and understand the custom and traditions of the community where he works?,To change the culture of the community.,To have a sympathetic attitude for the people of the community.,To identify the weaknesses of the culture of the community.,To please the people of the community.,,B,,Both,General/Professional Education,Cannot Determine,No,,Ready for Upload,Shared Gen Ed and Prof Ed compilation; answers are embedded as Answer: X after questions where available. Correct answer is embedded in PDF text.
520,31,2. GEN ED AND PROF ED.pdf,"A teacher who is a recognized expert in carpentry works, taught his students how to prepare and construct good and aesthetic furniture from local resources. What cultural transmission process is this?",Acculturation,Enculturation,Indoctrination,Observation,,B,,Both,General/Professional Education,Cannot Determine,No,,Ready for Upload,Shared Gen Ed and Prof Ed compilation; answers are embedded as Answer: X after questions where available. Correct answer is embedded in PDF text.
521,31,2. GEN ED AND PROF ED.pdf,"Every first day of the school year, Miss Reyes prepared activities which will make her Grade 2 children, sing, plan, learn and introduce themselves to the class. What process did the teacher emphasize?",Acculturation,Enculturation,Indoctrination,Socialization,,D,,Both,General/Professional Education,Cannot Determine,No,,Ready for Upload,Shared Gen Ed and Prof Ed compilation; answers are embedded as Answer: X after questions where available. Correct answer is embedded in PDF text.
522,32,2. GEN ED AND PROF ED.pdf,Which program in the educational system seems to be aligned to the Christian humanitarian principle respect for the human personality?,The alternative learning system delivery,The functional literacy program for the out-of-school youth and adults,The promotion of the basic human rights of the Filipino,The study of the Philippine Constitution,,C,,Both,General/Professional Education,Cannot Determine,No,,Ready for Upload,Shared Gen Ed and Prof Ed compilation; answers are embedded as Answer: X after questions where available. Correct answer is embedded in PDF text.
523,32,2. GEN ED AND PROF ED.pdf,"With a death threat over his head, Teacher Liza is directed to pass an undeserving student, if she is a hedonist, which of the following will she do?","Don't pass him, live her principle of justice. She will get reward, if not in this life, in the next.",Don't pass him. She surely will not like someone to give you a death threat in order to pass.,"Pass the student. That will be of use to her, the student and his parents.",Pass the student. Why suffer the threat?,,D,,Both,General/Professional Education,Cannot Determine,No,,Ready for Upload,Shared Gen Ed and Prof Ed compilation; answers are embedded as Answer: X after questions where available. Correct answer is embedded in PDF text.
524,32,2. GEN ED AND PROF ED.pdf,Which philosophy approves a teacher who lectures most of the time and requires his students to memorize the rules of grammar?,Existentialism,Idealism,Pragmatism,Realism,,B,,Both,General/Professional Education,Cannot Determine,No,,Ready for Upload,Shared Gen Ed and Prof Ed compilation; answers are embedded as Answer: X after questions where available. Correct answer is embedded in PDF text.
525,32,2. GEN ED AND PROF ED.pdf,"In a student conducted, the pupils were asked which nationality they would prefer if given a choice. Majority of the pupils wanted to be Americans. In this case, in which obligation relative to the state are schools seemed to be failing?",Instill allegiance to the constitutional authorities,Promote national pride,Promote obedience to the laws of the state,Respect for all duly constituted authorities.,,B,,Both,General/Professional Education,Cannot Determine,No,,Ready for Upload,Shared Gen Ed and Prof Ed compilation; answers are embedded as Answer: X after questions where available. Correct answer is embedded in PDF text.
526,32,2. GEN ED AND PROF ED.pdf,Which subject in the elementary and likewise in the secondary schools are similar to the goal of Rome to train the students for citizenship?,Communication ARts,MAPEH/PEHMS,Science,THE/TLE,,D,,Both,General/Professional Education,Cannot Determine,No,,Ready for Upload,Shared Gen Ed and Prof Ed compilation; answers are embedded as Answer: X after questions where available. Correct answer is embedded in PDF text.
527,32,2. GEN ED AND PROF ED.pdf,Which of the following schools practices is not based on Social Reconstructionism?,Establishment of SDF,Exemption of Scouts from CAT,Promoting culture and arts in schools,Promoting project WOW,,C,,Both,General/Professional Education,Cannot Determine,No,,Ready for Upload,Shared Gen Ed and Prof Ed compilation; answers are embedded as Answer: X after questions where available. Correct answer is embedded in PDF text.
528,33,2. GEN ED AND PROF ED.pdf,Which of the following is the focus of the Japanese education in the Philippines?,Democratic ideals and nationalism,Love and service to one's country,Religion and love for Asian brothers,Vocational and health education,,D,,Both,General/Professional Education,Cannot Determine,No,,Ready for Upload,Shared Gen Ed and Prof Ed compilation; answers are embedded as Answer: X after questions where available. Correct answer is embedded in PDF text.
529,33,2. GEN ED AND PROF ED.pdf,"According to reconstructionism, the goal of education is to bring about a new social order. Which practice best manifests this view?",The class conducts scientific experiments to discover or verify concepts.,The class discusses role models and their impact on society.,The class allowed to engage in divergent thinking.,The class undertakes well-planned projects in the community.,,D,,Both,General/Professional Education,Cannot Determine,No,,Ready for Upload,Shared Gen Ed and Prof Ed compilation; answers are embedded as Answer: X after questions where available. Correct answer is embedded in PDF text.
530,33,2. GEN ED AND PROF ED.pdf,"Teacher A, a Values Education teacher emphasizes ethics in almost all her lessons. Which of the following emphasizes the same?",Liberal Education,Moral Education,Religious Training,Social Education,,B,,Both,General/Professional Education,Cannot Determine,No,,Ready for Upload,Shared Gen Ed and Prof Ed compilation; answers are embedded as Answer: X after questions where available. Correct answer is embedded in PDF text.
531,33,2. GEN ED AND PROF ED.pdf,Which reform in the Philippine Educational System advocates the use of English and Filipino as media of instruction in specific learning areas?,Alternative Learning,Bilingual Education,K-12 Program,Multilingual Education,,B,,Both,General/Professional Education,Cannot Determine,No,,Ready for Upload,Shared Gen Ed and Prof Ed compilation; answers are embedded as Answer: X after questions where available. Correct answer is embedded in PDF text.
532,34,2. GEN ED AND PROF ED.pdf,Activities planned by school clubs/ organizations show school-community connection geared towards society's needs. What philosophy is related to this?,Existentialism,Progressivism,Realism,Social reconstructionism,,D,,Both,General/Professional Education,Cannot Determine,No,,Ready for Upload,Shared Gen Ed and Prof Ed compilation; answers are embedded as Answer: X after questions where available. Correct answer is embedded in PDF text.
533,34,2. GEN ED AND PROF ED.pdf,What philosophy is related to the practice of schools acting as laboratory for teaching reforms and experimentation?,Essentialism,Existentialism,Progressivism,Social Reconstructionism,,C,,Both,General/Professional Education,Cannot Determine,No,,Ready for Upload,Shared Gen Ed and Prof Ed compilation; answers are embedded as Answer: X after questions where available. Correct answer is embedded in PDF text.
534,34,2. GEN ED AND PROF ED.pdf,Which of the following situations presents a value conflict?,The teacher and his students have class standing as their priorities.,The teacher and the administrator follow a set of criteria in giving grades.,The teacher has students whose parents want their children to obtain higher grades than what they are capable of getting.,The teacher sets high expectations for intelligent students such as getting higher grades.,,C,,Both,General/Professional Education,Cannot Determine,No,,Ready for Upload,Shared Gen Ed and Prof Ed compilation; answers are embedded as Answer: X after questions where available. Correct answer is embedded in PDF text.
535,34,2. GEN ED AND PROF ED.pdf,Which situation shows that a sense of nationhood is exemplified?,The class conducted a debate using Filipino as medium,The class is required to watch the TV sitcom of Oprah to improve their English communication skills.,The class opted to make a choral rendition of the theme song of a foreign movie.,"When Teacher Chris asked her Grade 2 students in what country they wish to live, most of them chose United States.",,A,,Both,General/Professional Education,Cannot Determine,No,,Ready for Upload,Shared Gen Ed and Prof Ed compilation; answers are embedded as Answer: X after questions where available. Correct answer is embedded in PDF text.
536,34,2. GEN ED AND PROF ED.pdf,A teacher who believes in the progressivist theory of education would embrace certain reforms on methodology. Which reform would be consistent with this theory?,Active participation of teachers,Formal instructional pattern,Strict external discipline,Teacher domination of class activities,,A,,Both,General/Professional Education,Cannot Determine,No,,Ready for Upload,Shared Gen Ed and Prof Ed compilation; answers are embedded as Answer: X after questions where available. Correct answer is embedded in PDF text.
537,34,2. GEN ED AND PROF ED.pdf,What philosophy of education advocates that the curriculum should only include universal and unchanging truths?,Essentialism,Idealism,Perennialism,Pragmatism,,C,,Both,General/Professional Education,Cannot Determine,No,,Ready for Upload,Shared Gen Ed and Prof Ed compilation; answers are embedded as Answer: X after questions where available. Correct answer is embedded in PDF text.
538,35,2. GEN ED AND PROF ED.pdf,Which of the following is not a function of the school?,Changing cultural practices,Development of attitudes and skills,Reproduction of species,Socialization among children,,C,,Both,General/Professional Education,Cannot Determine,No,,Ready for Upload,Shared Gen Ed and Prof Ed compilation; answers are embedded as Answer: X after questions where available. Correct answer is embedded in PDF text.
539,35,2. GEN ED AND PROF ED.pdf,Which move liberalized access to education during Spanish period?,The education of illiterate parents,The establishment of at least one primary school for boys and girls in each municipality,The hiring of tribal tutors to teach children,The provision of vocational training for school age children,,B,,Both,General/Professional Education,Cannot Determine,No,,Ready for Upload,Shared Gen Ed and Prof Ed compilation; answers are embedded as Answer: X after questions where available. Correct answer is embedded in PDF text.
540,35,2. GEN ED AND PROF ED.pdf,Which of the following is the chief aim of Spanish education?,Conformity and militarism,Perpetuation of culture,Propagation of the Catholic religion,Utilitarianism and conformity,,C,,Both,General/Professional Education,Cannot Determine,No,,Ready for Upload,Shared Gen Ed and Prof Ed compilation; answers are embedded as Answer: X after questions where available. Correct answer is embedded in PDF text.
541,35,2. GEN ED AND PROF ED.pdf,Which of the following is the aim of our education during the Commonwealth period?,Designed after Japanese education,Patterned after the American curriculum,Predominantly religious,Purely nationalistic and democratic,,D,,Both,General/Professional Education,Cannot Determine,No,,Ready for Upload,Shared Gen Ed and Prof Ed compilation; answers are embedded as Answer: X after questions where available. Correct answer is embedded in PDF text.
542,35,2. GEN ED AND PROF ED.pdf,Which of the following is not a reason why the basic education curriculum has been restructured?,To become globally competitive during this industrial age,To be relevant and responsive to a rapidly changing world,To empower the Filipino learners for self- development throughout their life.,To help raise the achievement level of students,,D,,Both,General/Professional Education,Cannot Determine,No,,Ready for Upload,Shared Gen Ed and Prof Ed compilation; answers are embedded as Answer: X after questions where available. Correct answer is embedded in PDF text.
543,35,2. GEN ED AND PROF ED.pdf,Which philosophy of education influence the singing of the National Anthem in schools?,Nationalism,Naturalism,Pragmatism,Socialism,,A,,Both,General/Professional Education,Cannot Determine,No,,Ready for Upload,Shared Gen Ed and Prof Ed compilation; answers are embedded as Answer: X after questions where available. Correct answer is embedded in PDF text.
544,36,2. GEN ED AND PROF ED.pdf,"Who among the following believes that learning requires disciplined attention, regular homework, and respect for legitimate authority?",Essentialist,Progressivist,Realist,Reconstructionist,,A,,Both,General/Professional Education,Cannot Determine,No,,Ready for Upload,Shared Gen Ed and Prof Ed compilation; answers are embedded as Answer: X after questions where available. Correct answer is embedded in PDF text.
545,36,2. GEN ED AND PROF ED.pdf,Which of the following is the main function of the philosophy of education?,Reconsider existing educational goals in the light of society's needs,Provide the academic background prerequisite to learning,Define the goals and set the direction for which education is to strive,Aid the learner to build his own personal philosophy,,C,,Both,General/Professional Education,Cannot Determine,No,,Ready for Upload,Shared Gen Ed and Prof Ed compilation; answers are embedded as Answer: X after questions where available. Correct answer is embedded in PDF text.
546,36,2. GEN ED AND PROF ED.pdf,Homeroom advisers always emphasize the importance of cleanliness of the body. Children are taught how to wash their hands before and after eating. What is this practice called?,Folkway,Laws,Mores,Social norm,,D,,Both,General/Professional Education,Cannot Determine,No,,Ready for Upload,Shared Gen Ed and Prof Ed compilation; answers are embedded as Answer: X after questions where available. Correct answer is embedded in PDF text.
547,36,2. GEN ED AND PROF ED.pdf,Which curricular move served to strengthen spiritual and ethical values?,Integration of creative thinking in all subject,Introduction of Values education as a separate subject area,Reducing the number of subject areas into skill subject,Re-introducing science as a subject in Grade 1,,D,,Both,General/Professional Education,Cannot Determine,No,,Ready for Upload,Shared Gen Ed and Prof Ed compilation; answers are embedded as Answer: X after questions where available. Correct answer is embedded in PDF text.
548,36,2. GEN ED AND PROF ED.pdf,"The greatest happiness lies in the contemplative use of mind, said Plato. Which of the following activities adheres to this?",Cooperative learning,Instrospection,Role Playing,Social Interaction,,B,,Both,General/Professional Education,Cannot Determine,No,,Ready for Upload,Shared Gen Ed and Prof Ed compilation; answers are embedded as Answer: X after questions where available. Correct answer is embedded in PDF text.
549,36,2. GEN ED AND PROF ED.pdf,Your teacher is of the opinion that the word and everything in it are ever changing and so teaches you the skill to cope with the changes. Which in his governing philosophy?,Experimentalism,Existentialism,Idealism,Realism,,A,,Both,General/Professional Education,Cannot Determine,No,,Ready for Upload,Shared Gen Ed and Prof Ed compilation; answers are embedded as Answer: X after questions where available. Correct answer is embedded in PDF text.
550,37,2. GEN ED AND PROF ED.pdf,"Teacher Myra says: ""If it is billiard that brings students out of the classroom, let us bring it into the classroom. Perhaps, I can use it to teach Math"". To which philosophy does teacher Myra adheres to?",Essentialism,Idealism,Progressivism,Reconstructionism,,C,,Both,General/Professional Education,Cannot Determine,No,,Ready for Upload,Shared Gen Ed and Prof Ed compilation; answers are embedded as Answer: X after questions where available. Correct answer is embedded in PDF text.
551,37,2. GEN ED AND PROF ED.pdf,Which of the following should be done to build a sense of pride among Filipino youth?,Replace the study of folklores and myths with technical subjects,Re-study our history and stress on our achievements as people,Re-study our history from the perspective of our colonizers,Set aside the study of local history,,B,,Both,General/Professional Education,Cannot Determine,No,,Ready for Upload,Shared Gen Ed and Prof Ed compilation; answers are embedded as Answer: X after questions where available. Correct answer is embedded in PDF text.
552,37,2. GEN ED AND PROF ED.pdf,A teacher who subscribes to the pragmatic philosophy of education believes that experience study should follow learning in her teaching. Which of the following does she do to support her belief?,Encouraging learners to memorize factual knowledge,Equipping learners with the basic abilities and skills,Providing learners opportunities to apply theories and principles,Requiring learners full master of the lesson.,,C,,Both,General/Professional Education,Cannot Determine,No,,Ready for Upload,Shared Gen Ed and Prof Ed compilation; answers are embedded as Answer: X after questions where available. Correct answer is embedded in PDF text.
553,37,2. GEN ED AND PROF ED.pdf,Which philosophy influenced the cultivation of reflective and meditative skills in teaching?,Confucianism,Existentialism,Taoism,Zen Buddhism,,D,,Both,General/Professional Education,Cannot Determine,No,,Ready for Upload,Shared Gen Ed and Prof Ed compilation; answers are embedded as Answer: X after questions where available. Correct answer is embedded in PDF text.
554,37,2. GEN ED AND PROF ED.pdf,Which of the following situation manifests a balance between teachers responsibility and accountability?,She entertains her students with personal stories until the end of the period.,She spends most of the time on the latest gossips in showbiz.,She teaches as much as she could for duration of the period.,She teaches as well as entertains the students with per personal stories.,,C,,Both,General/Professional Education,Cannot Determine,No,,Ready for Upload,Shared Gen Ed and Prof Ed compilation; answers are embedded as Answer: X after questions where available. Correct answer is embedded in PDF text.
555,38,2. GEN ED AND PROF ED.pdf,"Dr. Escoto, the school physician conducted a physical examination in Ms. Manuel's class. What concept best describes the quantitative increase observed by Dr. Escoto among learners in terms of height and weight?",Development,Growth,Learning,Maturation,,B,,Both,General/Professional Education,Cannot Determine,No,,Ready for Upload,Shared Gen Ed and Prof Ed compilation; answers are embedded as Answer: X after questions where available. Correct answer is embedded in PDF text.
556,38,2. GEN ED AND PROF ED.pdf,Which situation best illustrates the concept of growth?,A kinder pupil gains 2 pounds within two months.,A high school student gets a score of 85 in mental ability test.,An education student has gained knowledge on approaches and strategies in teaching different subjects,An elementary grader has learned to play piano.,,A,,Both,General/Professional Education,Cannot Determine,No,,Ready for Upload,Shared Gen Ed and Prof Ed compilation; answers are embedded as Answer: X after questions where available. Correct answer is embedded in PDF text.
557,38,2. GEN ED AND PROF ED.pdf,Which statements below best describes development?,"A high school student's height increased by 5'2"" to 5'4""",A high school student's change in weight from 110 lbs. to 125 lbs.,A student had learned to operate the computer,A student's enlargement of hips,,C,,Both,General/Professional Education,Cannot Determine,No,,Ready for Upload,Shared Gen Ed and Prof Ed compilation; answers are embedded as Answer: X after questions where available. Correct answer is embedded in PDF text.
558,38,2. GEN ED AND PROF ED.pdf,"What concept can best describes Francisco's ability to walk without a support at age of 12 months because of the ""internal ripening"" that occured in his muscles, bones and nervous system development?",Development,Growth,Learning,Maturation,,D,,Both,General/Professional Education,Cannot Determine,No,,Ready for Upload,Shared Gen Ed and Prof Ed compilation; answers are embedded as Answer: X after questions where available. Correct answer is embedded in PDF text.
559,38,2. GEN ED AND PROF ED.pdf,Teacher Jesus in now 69 years old has been observing changes in himself such as the aging process. Which term refers to the development change in the individual?,Development,Growth,Learning,Maturation,,D,,Both,General/Professional Education,Cannot Determine,No,,Ready for Upload,Shared Gen Ed and Prof Ed compilation; answers are embedded as Answer: X after questions where available. Correct answer is embedded in PDF text.
560,39,2. GEN ED AND PROF ED.pdf,"Manuel, a five-year old boy can hold his pen and write his name with his right hand. Which term describes Manuel's action/ behavior?",Development,Growth,Learning,Maturation,,A,,Both,General/Professional Education,Cannot Determine,No,,Ready for Upload,Shared Gen Ed and Prof Ed compilation; answers are embedded as Answer: X after questions where available. Correct answer is embedded in PDF text.
561,39,2. GEN ED AND PROF ED.pdf,Which of the following theory can help Miss Samson determine the readiness of her learners by administering a readiness test?,Conditioning Theories,Cognitive Development Theory,Maturation Theory,Ethological Theory,,C,,Both,General/Professional Education,Cannot Determine,No,,Ready for Upload,Shared Gen Ed and Prof Ed compilation; answers are embedded as Answer: X after questions where available. Correct answer is embedded in PDF text.
562,39,2. GEN ED AND PROF ED.pdf,Mr. Francisco was very much worried about the thumb sucking of his son. A friend of him says that certain behavior among infants. Who presented that notion that certain behavior like thumb-sucking is normal behavior?,Sigmund Freud,Erick Ericson,John Bowlly,Urie Bronfrenbenner,,A,,Both,General/Professional Education,Cannot Determine,No,,Ready for Upload,Shared Gen Ed and Prof Ed compilation; answers are embedded as Answer: X after questions where available. Correct answer is embedded in PDF text.
563,39,2. GEN ED AND PROF ED.pdf,"A newborn infant move his whole body at one time, instead of moving a part of it. Which of the following principles is illustrated by his behavior?",Development proceeds from specific to general.,Development proceeds from general to specific.,Development follows an orderly pattern.,Development follows a general pattern.,,B,,Both,General/Professional Education,Cannot Determine,No,,Ready for Upload,Shared Gen Ed and Prof Ed compilation; answers are embedded as Answer: X after questions where available. Correct answer is embedded in PDF text.
564,39,2. GEN ED AND PROF ED.pdf,"Train up a child in the way he should be; when he grows up, he will not depart from it. Which principle supports this?",Development is determined by his heredity,Development is determined by the environment,Early development is more critical than the late development,Early development is less critical than late development.,,B,,Both,General/Professional Education,Cannot Determine,No,,Ready for Upload,Shared Gen Ed and Prof Ed compilation; answers are embedded as Answer: X after questions where available. Correct answer is embedded in PDF text.
565,39,2. GEN ED AND PROF ED.pdf,Which state of the psycho-sexual theory does young boys experience rivalry with their father for their mother's attention and affection?,Oral,Anal,Phallic,Latency,,C,,Both,General/Professional Education,Cannot Determine,No,,Ready for Upload,Shared Gen Ed and Prof Ed compilation; answers are embedded as Answer: X after questions where available. Correct answer is embedded in PDF text.
566,40,2. GEN ED AND PROF ED.pdf,Angela focuses her attention on the school work and vigorous play that consume most of her physical energy. Which stage of psychosexual theory illustrates her behavior?,Oral,Anal,Phallic,Latency,,D,,Both,General/Professional Education,Cannot Determine,No,,Ready for Upload,Shared Gen Ed and Prof Ed compilation; answers are embedded as Answer: X after questions where available. Correct answer is embedded in PDF text.
567,40,2. GEN ED AND PROF ED.pdf,Which of the following is likely to be developed if infants are shown genuine affection?,Trust,Autonomy,Initiative,Industry,,A,,Both,General/Professional Education,Cannot Determine,No,,Ready for Upload,Shared Gen Ed and Prof Ed compilation; answers are embedded as Answer: X after questions where available. Correct answer is embedded in PDF text.
568,40,2. GEN ED AND PROF ED.pdf,"Christian develops an integral and coherent sense of self. He seeks answers to the question. ""Who am I""? Which of the following is Christian likely to develop?",Initiative,Identity and Role Confusion,Intimacy,Autonomy,,B,,Both,General/Professional Education,Cannot Determine,No,,Ready for Upload,Shared Gen Ed and Prof Ed compilation; answers are embedded as Answer: X after questions where available. Correct answer is embedded in PDF text.
569,40,2. GEN ED AND PROF ED.pdf,Ms. Reyes uses images and language to represent and understand her various lessons to preschool learners. What stage in the cognitive theory of development explains this?,Sensorimotor,Preoperational,Concrete operation,Formal operation,,B,,Both,General/Professional Education,Cannot Determine,No,,Ready for Upload,Shared Gen Ed and Prof Ed compilation; answers are embedded as Answer: X after questions where available. Correct answer is embedded in PDF text.
570,40,2. GEN ED AND PROF ED.pdf,"Connie develops concepts necessary for everyday living, builds healthy attitudes towards oneself, and achieve personal independence. These are among the attributes of an individual in what particular stage?",Infancy and early childhood,Middle childhood,Adolescence,Early adulthood,,B,,Both,General/Professional Education,Cannot Determine,No,,Ready for Upload,Shared Gen Ed and Prof Ed compilation; answers are embedded as Answer: X after questions where available. Correct answer is embedded in PDF text.
571,40,2. GEN ED AND PROF ED.pdf,"Some children are more active than others, as everyone knows-extremely highlevels of activity or hyperactivity are considered problematic. How may a teacher help a child who is hyperactive?",Make him the leader of the class,Transfer him to another class,Give him challenging activities that are appropriate to his ability level and interests.,Allow him to spend longer at the playground until he gets tired.,,C,,Both,General/Professional Education,Cannot Determine,No,,Ready for Upload,Shared Gen Ed and Prof Ed compilation; answers are embedded as Answer: X after questions where available. Correct answer is embedded in PDF text.
572,41,2. GEN ED AND PROF ED.pdf,Tessa gets jealous whenever she sees her father showing love and affection to her mother. Which of the following is she showing according to Freud?,Complex,Phallic,Electra Complex,Oedipus Complex,,C,,Both,General/Professional Education,Cannot Determine,No,,Ready for Upload,Shared Gen Ed and Prof Ed compilation; answers are embedded as Answer: X after questions where available. Correct answer is embedded in PDF text.
573,41,2. GEN ED AND PROF ED.pdf,"In Piaget's Theory of Cognitive Development, which of the following statements would illustrate Edward who is 11 years old?",Able to see relationships and to reason in the abstract.,Unable to breakdown a whole into separate parts.,Differentiates goals and goal-directed activities.,Experiments with methods to reach goals.,,A,,Both,General/Professional Education,Cannot Determine,No,,Ready for Upload,Shared Gen Ed and Prof Ed compilation; answers are embedded as Answer: X after questions where available. Correct answer is embedded in PDF text.
574,41,2. GEN ED AND PROF ED.pdf,Trisha goes with her mother in school. She enjoys the workplace of her mother. Which of the following ecological theories is illustrated by the situation?,Microsystem,Mesosystem,Exosystem,Macrosystem,,C,,Both,General/Professional Education,Cannot Determine,No,,Ready for Upload,Shared Gen Ed and Prof Ed compilation; answers are embedded as Answer: X after questions where available. Correct answer is embedded in PDF text.
575,41,2. GEN ED AND PROF ED.pdf,"Lito, a student in secondary level tends to spend more time with his friends and his family, thus, his behavior is greatly affected by them. In which stage in the Psychosocial Stages of Development does Lito belong?",Autonomous vs Shame and Doubt,Identity vs. Role Confusion,Intimacy vs. Isolation,Initiative vs. Guilt,,D,,Both,General/Professional Education,Cannot Determine,No,,Ready for Upload,Shared Gen Ed and Prof Ed compilation; answers are embedded as Answer: X after questions where available. Correct answer is embedded in PDF text.
576,41,2. GEN ED AND PROF ED.pdf,Anna believes that authority is respected. She is now in what particular level in moral development theory of Lawrence Kholberg?,Social contract,Law and order orientation,Interpersonal concordance,Universal ethics orientation,,A,,Both,General/Professional Education,Cannot Determine,No,,Ready for Upload,Shared Gen Ed and Prof Ed compilation; answers are embedded as Answer: X after questions where available. Correct answer is embedded in PDF text.
577,42,2. GEN ED AND PROF ED.pdf,What level has a four year old learner like Maryann reached when she acquired new skills such as putting the same shapes and the same colors together?,Development,Maturation,Zone of Proximal Development,Learning,,C,,Both,General/Professional Education,Cannot Determine,No,,Ready for Upload,Shared Gen Ed and Prof Ed compilation; answers are embedded as Answer: X after questions where available. Correct answer is embedded in PDF text.
578,42,2. GEN ED AND PROF ED.pdf,Which of the following principles can be the basis of the growing realization of the significance of the early childhood education?,The young children are capable of doing many things at an early stage.,The child should be seen and should learn.,The first five years of life are the formative years of the child.,Early childhood experiences can be interesting and challenging.,,B,,Both,General/Professional Education,Cannot Determine,No,,Ready for Upload,Shared Gen Ed and Prof Ed compilation; answers are embedded as Answer: X after questions where available. Correct answer is embedded in PDF text.
579,42,2. GEN ED AND PROF ED.pdf,Which of the following is true about human development?,Human development considers both maturation and learning.,Development refers to the progressive series of changes of an orderly coherent type toward the goal of maturity.,Development is the gradual and orderly unfolding of the characteristics of the individuals as they go through the successive stages of growth.,All of the above,,D,,Both,General/Professional Education,Cannot Determine,No,,Ready for Upload,Shared Gen Ed and Prof Ed compilation; answers are embedded as Answer: X after questions where available. Correct answer is embedded in PDF text.
580,43,2. GEN ED AND PROF ED.pdf,What do you call the quantitative increase in terms of height and weight as observed by the school physician during the physical examination of the students?,Development,Growth,Learning,Maturation,,B,,Both,General/Professional Education,Cannot Determine,No,,Ready for Upload,Shared Gen Ed and Prof Ed compilation; answers are embedded as Answer: X after questions where available. Correct answer is embedded in PDF text.
581,43,2. GEN ED AND PROF ED.pdf,Mrs. Gomez conducts research on the psychosocial domain of development. In what particular area of the child's development is Mrs. Gomez most likely to be interested with?,Perceptual abilities,Brain-wave patterns,Emotions,Use of language,,C,,Both,General/Professional Education,Cannot Determine,No,,Ready for Upload,Shared Gen Ed and Prof Ed compilation; answers are embedded as Answer: X after questions where available. Correct answer is embedded in PDF text.
582,43,2. GEN ED AND PROF ED.pdf,Which of the following is the correct order of psychosexual stages proposed by Sigmund Freud?,"Oral stage, anal stage, phallic stage, latency stage, genital stage","Anal stage, oral stage, phallic stage, latency stage, genital stage","Oral stage, anal stage, genital stage, latency stage, phallic stage","Anal stage, oral stage, genital stage, latency stage, phallic stage",,A,,Both,General/Professional Education,Cannot Determine,No,,Ready for Upload,Shared Gen Ed and Prof Ed compilation; answers are embedded as Answer: X after questions where available. Correct answer is embedded in PDF text.
583,43,2. GEN ED AND PROF ED.pdf,What is the best description of Erickson's psychosocial theory of human development?,Eight crises all people are thought to lace,Four psychosocial stages in latency period,"The same number of stages as Freud's, but with different names",A stage theory that is not psychoanalytic,,A,,Both,General/Professional Education,Cannot Determine,No,,Ready for Upload,Shared Gen Ed and Prof Ed compilation; answers are embedded as Answer: X after questions where available. Correct answer is embedded in PDF text.
584,43,2. GEN ED AND PROF ED.pdf,"In Erickson's theory, what is the unresolved crisis of an adult who has difficulty establishing a secure, mutual relationship with a life partner?",Initiative vs. Guilt,Autonomy vs. Shame and Doubt,Intimacy vs. Isolation,Trust vs. Mistrust,,C,,Both,General/Professional Education,Cannot Determine,No,,Ready for Upload,Shared Gen Ed and Prof Ed compilation; answers are embedded as Answer: X after questions where available. Correct answer is embedded in PDF text.
585,43,2. GEN ED AND PROF ED.pdf,"Alyssa is eight years old, and although she understands some logical principles, she still has troubles in understanding hypothetical concepts. According to Piaget, Alyssa belongs to what particular stage of cognitive development?",Sensorimotor,Preoperational,Concrete operational,Formal operational,,C,,Both,General/Professional Education,Cannot Determine,No,,Ready for Upload,Shared Gen Ed and Prof Ed compilation; answers are embedded as Answer: X after questions where available. Correct answer is embedded in PDF text.
586,44,2. GEN ED AND PROF ED.pdf,Which of the following provides the best broad description of the relationship between heredity and environment in determining height?,"Heredity is the primary influence, with environment affecting development only in severe situations.",Heredity and environment contribute equally to development,Environment is the major influence on physical characteristics.,Heredity directs the individual's potential and environment determines whether and to what degree the individual reaches the potential.,,A,,Both,General/Professional Education,Cannot Determine,No,,Ready for Upload,Shared Gen Ed and Prof Ed compilation; answers are embedded as Answer: X after questions where available. Correct answer is embedded in PDF text.
587,44,2. GEN ED AND PROF ED.pdf,What is the correct sequence of prenatal stages of development?,"Embryo, germinal, fetus","Germinal, fetus, embryo","Germinal, embryo, fetus","Embryo, fetus, germinal",,C,,Both,General/Professional Education,Cannot Determine,No,,Ready for Upload,Shared Gen Ed and Prof Ed compilation; answers are embedded as Answer: X after questions where available. Correct answer is embedded in PDF text.
588,44,2. GEN ED AND PROF ED.pdf,"When a baby realized that a rubber duck which has fallen out of the tub must be somewhere on the floor, he is likely to achieved what aspect of cognitive development?",Object permanence,Deferred imitation,Mental combinations,Goal-directed behavior,,A,,Both,General/Professional Education,Cannot Determine,No,,Ready for Upload,Shared Gen Ed and Prof Ed compilation; answers are embedded as Answer: X after questions where available. Correct answer is embedded in PDF text.
589,44,2. GEN ED AND PROF ED.pdf,"Which of the following will be Freud's description of the child's behavior if he he has biting, sarcastic manner?",Anally expulsive,Anally retentive,Fixated in the oral stage,Experiencing the crisis of trust vs. mistrust,,C,,Both,General/Professional Education,Cannot Determine,No,,Ready for Upload,Shared Gen Ed and Prof Ed compilation; answers are embedded as Answer: X after questions where available. Correct answer is embedded in PDF text.
590,44,2. GEN ED AND PROF ED.pdf,What is Freud's idea about a young boy's guilt feelings brought about by jealousy of his father's relationship with his mother?,Electra complex,Oedipus complex,Phallic complex,Penis envy complex,,B,,Both,General/Professional Education,Cannot Determine,No,,Ready for Upload,Shared Gen Ed and Prof Ed compilation; answers are embedded as Answer: X after questions where available. Correct answer is embedded in PDF text.
591,44,2. GEN ED AND PROF ED.pdf,"When a little girl who says she wants her mother to go on vacation so that she can marry her father, Freud believes that he is voicing a fantasy consistent with?",Oedipus complex,Electra complex,Theory of mind,Crisis of initiative vs. Guilt,,B,,Both,General/Professional Education,Cannot Determine,No,,Ready for Upload,Shared Gen Ed and Prof Ed compilation; answers are embedded as Answer: X after questions where available. Correct answer is embedded in PDF text.
592,45,2. GEN ED AND PROF ED.pdf,Which of the following can best describe the preschooler's readiness to learn new task and play activities?,Emerging competency and self-awareness,Theory of the Mind,Relationship with parents,Growing identification with others,,A,,Both,General/Professional Education,Cannot Determine,No,,Ready for Upload,Shared Gen Ed and Prof Ed compilation; answers are embedded as Answer: X after questions where available. Correct answer is embedded in PDF text.
593,45,2. GEN ED AND PROF ED.pdf,"James noted that when the preschoolers eagerly begin many new activities but are vulnerable to criticism and feelings of failure, they are experiencing what particular crisis?",Identity vs. Role Confusion,Initiative vs. Guilt,Basic trust vs. mistrust,Efficacy vs. Helplessness,,B,,Both,General/Professional Education,Cannot Determine,No,,Ready for Upload,Shared Gen Ed and Prof Ed compilation; answers are embedded as Answer: X after questions where available. Correct answer is embedded in PDF text.
594,45,2. GEN ED AND PROF ED.pdf,What stage of Piaget's Cognitive Development does a person belong to when he can understand specific logical ideas and apply them to concrete problems?,Preoperational thought,Operational thought,Create operational thought,Formal operational thought,,C,,Both,General/Professional Education,Cannot Determine,No,,Ready for Upload,Shared Gen Ed and Prof Ed compilation; answers are embedded as Answer: X after questions where available. Correct answer is embedded in PDF text.
595,45,2. GEN ED AND PROF ED.pdf,What is the best explanation of Piaget's concrete operational thought to describe the school- age child's mental ability?,A child can reason logically about things and events he or she perceives.,A child's ability to think about how he thinks,Can understand that certain characteristics of an object remain the same when other characteristics are changed,Can understand that moral principles may supersede the standards of society.,,C,,Both,General/Professional Education,Cannot Determine,No,,Ready for Upload,Shared Gen Ed and Prof Ed compilation; answers are embedded as Answer: X after questions where available. Correct answer is embedded in PDF text.
596,45,2. GEN ED AND PROF ED.pdf,Elisa who is in between 9 and 11 years of age are most likely to demonstrate moral reasoning at which Kohlberg's stage?,Pre-conventional,Conventional,Post-conventional,None of the above,,B,,Both,General/Professional Education,Cannot Determine,No,,Ready for Upload,Shared Gen Ed and Prof Ed compilation; answers are embedded as Answer: X after questions where available. Correct answer is embedded in PDF text.
597,46,2. GEN ED AND PROF ED.pdf,"According to Kohlberg, a dutiful citizen who obeys the laws set down by society is at which level of moral reasoning?",Pre-conventional Stage One,Pre-conventional Stage Two,Conventional,Post-conventional,,C,,Both,General/Professional Education,Cannot Determine,No,,Ready for Upload,Shared Gen Ed and Prof Ed compilation; answers are embedded as Answer: X after questions where available. Correct answer is embedded in PDF text.
598,46,2. GEN ED AND PROF ED.pdf,"Ana, who is low-achieving, shy and withdrawn, is rejected by most of her peers. her teacher wants to help Ana increase her self-esteem and social acceptance. What can Joy's teacher suggest to her parents?",Transfer her to a different school,Help their daughter improve her motor skills,Help their daughter learn to accept more responsibility for her academic failures,Help their daughter improve her skills in relating to peers,,D,,Both,General/Professional Education,Cannot Determine,No,,Ready for Upload,Shared Gen Ed and Prof Ed compilation; answers are embedded as Answer: X after questions where available. Correct answer is embedded in PDF text.
599,46,2. GEN ED AND PROF ED.pdf,What is the most accurate definition of puberty stage?,Rapid physical growth that occurs during adolescence,Stage when sexual maturation is attained.,Rapid physical growth and sexual maturation that ends childhood,Stage when adolescents establish identifies separate from their parents.,,C,,Both,General/Professional Education,Cannot Determine,No,,Ready for Upload,Shared Gen Ed and Prof Ed compilation; answers are embedded as Answer: X after questions where available. Correct answer is embedded in PDF text.
600,46,2. GEN ED AND PROF ED.pdf,"Fifteen year old Marie is preoccupied with her ""disgusting appearance"" and seems depressed most of the time. What is the best thing her parents can do to help her get through this difficult time?",Ignore her self-preoccupation because their attention would only reinforce it.,"Encourage to ""shape up"" and not give in the self-pity",Kid her about her appearance in the hope that she will see how silly she is acting.,"Offer practical advice, such as clothing suggestions, to improve her body image.",,D,,Both,General/Professional Education,Cannot Determine,No,,Ready for Upload,Shared Gen Ed and Prof Ed compilation; answers are embedded as Answer: X after questions where available. Correct answer is embedded in PDF text.
601,46,2. GEN ED AND PROF ED.pdf,What can be the best comparison of the behavior of a 17 year old girl to that of her 13 year old brother?,She is more likely critical about herself,She tends to be more egocentric.,She had less confidence in her abilities.,She is more capable of reasoning hypothetically.,,D,,Both,General/Professional Education,Cannot Determine,No,,Ready for Upload,Shared Gen Ed and Prof Ed compilation; answers are embedded as Answer: X after questions where available. Correct answer is embedded in PDF text.
602,46,2. GEN ED AND PROF ED.pdf,"According to Erikson, what is the primary task of adolescent?",To establish trust,To search for his identity,To be more intimate with others,To establish integrity,,B,,Both,General/Professional Education,Cannot Determine,No,,Ready for Upload,Shared Gen Ed and Prof Ed compilation; answers are embedded as Answer: X after questions where available. Correct answer is embedded in PDF text.
603,47,2. GEN ED AND PROF ED.pdf,What is the main source of emotional support for most young people who are establishing independence from their parents?,Older adolescents of the opposite sex,Older sibling,Teachers,Peer groups,,D,,Both,General/Professional Education,Cannot Determine,No,,Ready for Upload,Shared Gen Ed and Prof Ed compilation; answers are embedded as Answer: X after questions where available. Correct answer is embedded in PDF text.
604,47,2. GEN ED AND PROF ED.pdf,"Which theory operates on the ""stimulus-response principle"", which means all behaviors are caused by external stimuli?",Contextual theory,Behaviorist theory,Cognitive theory,Constructivist theory,,B,,Both,General/Professional Education,Cannot Determine,No,,Ready for Upload,Shared Gen Ed and Prof Ed compilation; answers are embedded as Answer: X after questions where available. Correct answer is embedded in PDF text.
605,47,2. GEN ED AND PROF ED.pdf,"Ms. Erika in her Biology class accompanies her discussion with interesting visual aids. She strongly believes that students learn better when lessons are presented with images, real or imagined aside from mere lecture method. Which learning theory does she upholds?",Dual-Coding Theory,Information Processing Theory,Meaningful Reception Learning Theory,Social Cognitive Theory,,A,,Both,General/Professional Education,Cannot Determine,No,,Ready for Upload,Shared Gen Ed and Prof Ed compilation; answers are embedded as Answer: X after questions where available. Correct answer is embedded in PDF text.
606,47,2. GEN ED AND PROF ED.pdf,"Miss Rita is an excellent Physical Education teacher. She started teaching volleyball to her Grade 2 class. Despite all her efforts, her class does not seem to learn how to play the game. What law of learning was disregarded?",Law of Disuse,Law of Effect,Law of Exercise,Law of Readiness,,D,,Both,General/Professional Education,Cannot Determine,No,,Ready for Upload,Shared Gen Ed and Prof Ed compilation; answers are embedded as Answer: X after questions where available. Correct answer is embedded in PDF text.
607,48,2. GEN ED AND PROF ED.pdf,"Teacher jay, a physical education teacher, demonstrates the new skill to be learned so that his students can watch him and later reproduce the skill. What learning theory is associated with the situation?",Dual-Coding Learning Theory,Information Processing,Schema Learning Theory,Social Learning,,D,,Both,General/Professional Education,Cannot Determine,No,,Ready for Upload,Shared Gen Ed and Prof Ed compilation; answers are embedded as Answer: X after questions where available. Correct answer is embedded in PDF text.
608,48,2. GEN ED AND PROF ED.pdf,Patrice is always fearful of freely roaming dogs but does not mind dogs in a pen or on a leash. What feature of classical conditioning is exhibited?,Discrimination,Extinction,Generalization,Practice,,A,,Both,General/Professional Education,Cannot Determine,No,,Ready for Upload,Shared Gen Ed and Prof Ed compilation; answers are embedded as Answer: X after questions where available. Correct answer is embedded in PDF text.
609,48,2. GEN ED AND PROF ED.pdf,A music teacher is careful in planning activities for each lesson. He praises liberally and rewards correct answers. What view of learning is exhibited?,Classical conditioning,Meaningful learning,Operant conditioning,Social learning,,C,,Both,General/Professional Education,Cannot Determine,No,,Ready for Upload,Shared Gen Ed and Prof Ed compilation; answers are embedded as Answer: X after questions where available. Correct answer is embedded in PDF text.
610,48,2. GEN ED AND PROF ED.pdf,Which of the theories of learning presents or states that learning skills are hierarchically arranged?,Cumulative Learning,Meaningful Learning,Social Cognitive Learning,Theory of Instruction,,A,,Both,General/Professional Education,Cannot Determine,No,,Ready for Upload,Shared Gen Ed and Prof Ed compilation; answers are embedded as Answer: X after questions where available. Correct answer is embedded in PDF text.
611,48,2. GEN ED AND PROF ED.pdf,Which of the following best describes what meaningful learning is?,When what is to be learned is new and easy for the students,Materials presented are difficult and challenging to the students,When the materials to be learned is related to what students already know,Students find the lessons easy and relevant to what was assigned to them,,C,,Both,General/Professional Education,Cannot Determine,No,,Ready for Upload,Shared Gen Ed and Prof Ed compilation; answers are embedded as Answer: X after questions where available. Correct answer is embedded in PDF text.
612,49,2. GEN ED AND PROF ED.pdf,Rita easily remember dates and events in history. What component of LTM does Rita have?,Creative thinking,Critical thinking,Reflective thinking,Logical thinking,,C,,Both,General/Professional Education,Cannot Determine,No,,Ready for Upload,Shared Gen Ed and Prof Ed compilation; answers are embedded as Answer: X after questions where available. Correct answer is embedded in PDF text.
613,49,2. GEN ED AND PROF ED.pdf,"An Earth Science has just completed a unit on the sun. As she recognizes her next unit on other stars, she uses the sun as a frame of reference. What view of learning was used?",Discovery learning,Informative learning,Meaningful learning,Transfer learning,,C,,Both,General/Professional Education,Cannot Determine,No,,Ready for Upload,Shared Gen Ed and Prof Ed compilation; answers are embedded as Answer: X after questions where available. Correct answer is embedded in PDF text.
614,49,2. GEN ED AND PROF ED.pdf,Which is an application of cognitive approach to motivation?,Explain the reasons for studying the topic,Create a supportive classroom climate for students,Provide clear and prompt feedback on assignments,Begin lessons with challenging questions and conflicting events,,A,,Both,General/Professional Education,Cannot Determine,No,,Ready for Upload,Shared Gen Ed and Prof Ed compilation; answers are embedded as Answer: X after questions where available. Correct answer is embedded in PDF text.
615,49,2. GEN ED AND PROF ED.pdf,"The first people power was held in February 25, 1986. What kind of knowledge is presented?",Conditional Knowledge,Cognitive Knowledge,Domain-Specific Knowledge,Procedural Knowledge,,B,,Both,General/Professional Education,Cannot Determine,No,,Ready for Upload,Shared Gen Ed and Prof Ed compilation; answers are embedded as Answer: X after questions where available. Correct answer is embedded in PDF text.
616,49,2. GEN ED AND PROF ED.pdf,The students of Mrs. Reyes were not able to learn the concepts that she presented yesterday so she taught the same concepts again but this time using a different teaching method. What principle of learning was applied?,Concepts should be presented in varied and different ways,Effort was put forth when tasks are challenging,Learning by doing is more effective than just by sitting and listening,Learning is aided by formulating and asking questions,,A,,Both,General/Professional Education,Cannot Determine,No,,Ready for Upload,Shared Gen Ed and Prof Ed compilation; answers are embedded as Answer: X after questions where available. Correct answer is embedded in PDF text.
617,49,2. GEN ED AND PROF ED.pdf,"Alvin is a transferee and feels uneasy with his new school. His teacher is very accommodating, warm and caring. Alvin felt comfortable with the teacher display of genuine warmth. The teacher is consistent in his manner and Alvin began to associate school with the teacher's warmth. Which theory is being illustrated?",Meaningful learning,Operant conditioning,Classical conditioning,Observational learning,,B,,Both,General/Professional Education,Cannot Determine,No,,Ready for Upload,Shared Gen Ed and Prof Ed compilation; answers are embedded as Answer: X after questions where available. Correct answer is embedded in PDF text.
618,50,2. GEN ED AND PROF ED.pdf,"After just being introduced to another guest in the party, Tom cannot remember the name of the guest he was introduced to. In what memory stage was the information stored in?",Episodic memory,Semantic memory,Sensory memory,Working memory,,C,,Both,General/Professional Education,Cannot Determine,No,,Ready for Upload,Shared Gen Ed and Prof Ed compilation; answers are embedded as Answer: X after questions where available. Correct answer is embedded in PDF text.
619,50,2. GEN ED AND PROF ED.pdf,Vygotsky claimed that social interaction is important for learning. What does this imply?,Children are independent problem solvers,Children learn from adults and other children,Children learn by passive presentation of information,"Children in the crib has no learning yet, since they are not capable of interaction",,B,,Both,General/Professional Education,Cannot Determine,No,,Ready for Upload,Shared Gen Ed and Prof Ed compilation; answers are embedded as Answer: X after questions where available. Correct answer is embedded in PDF text.
620,50,2. GEN ED AND PROF ED.pdf,How would you help a student who is intelligent but is underachieving in class?,Provide challenging activities which he/she can accomplish,Recognize his talents by asking him/her to help other students with their work,Identify the immediate causes of difficulties that cause his/her being an underachiever,Allow him/her to work with the slow learner group to cope with the academic needs of the lesson.,,C,,Both,General/Professional Education,Cannot Determine,No,,Ready for Upload,Shared Gen Ed and Prof Ed compilation; answers are embedded as Answer: X after questions where available. Correct answer is embedded in PDF text.
621,50,2. GEN ED AND PROF ED.pdf,Mrs. Corpuz always makes sure that her pre-school classroom is well organized and clean. She puts up interesting and colorful visuals on the bulletin boards. What principle of motivation was applied?,Incentives motivate learning,Internal motivation is longer lasting and more self-directive than is external motivation,Motivation is enhanced by the way in which instructional material is organized.,The environment can be used to focus the student's attention on what needs to be learned.,,D,,Both,General/Professional Education,Cannot Determine,No,,Ready for Upload,Shared Gen Ed and Prof Ed compilation; answers are embedded as Answer: X after questions where available. Correct answer is embedded in PDF text.
622,50,2. GEN ED AND PROF ED.pdf,"For every correct answer, the teacher would give a star to her students. What schedule of reinforcement was used?",Fixed interval,Fixed ratio,Variable interval,Variable ratio,,B,,Both,General/Professional Education,Cannot Determine,No,,Ready for Upload,Shared Gen Ed and Prof Ed compilation; answers are embedded as Answer: X after questions where available. Correct answer is embedded in PDF text.
623,50,2. GEN ED AND PROF ED.pdf,"Marga, a six year old, always asked her playmates to sit in front of her small black board and she plays teacher. Her mother is a teacher. What theory explains Marga's behavior?",Classical Conditioning,Operant Conditioning,Social Learning,Information Processing,,C,,Both,General/Professional Education,Cannot Determine,No,,Ready for Upload,Shared Gen Ed and Prof Ed compilation; answers are embedded as Answer: X after questions where available. Correct answer is embedded in PDF text.
624,51,2. GEN ED AND PROF ED.pdf,What should the teacher do to help students learn psychomotor skills?,Teacher uses verbal explanation and description of the movements in addition to live demonstration of the movements,Teacher provides feedback to the learner about his/her progress,"Teacher encourages the learner to practice, in order to maintain his/her sharpness of the movements",All of the above,,D,,Both,General/Professional Education,Cannot Determine,No,,Ready for Upload,Shared Gen Ed and Prof Ed compilation; answers are embedded as Answer: X after questions where available. Correct answer is embedded in PDF text.
625,51,2. GEN ED AND PROF ED.pdf,The teacher presented a new lesson where in the students were asked to work on a new project which was somewhat complicated. The students showed interest while working on the project. What principle applies to the situation?,Effort was put forth when tasks are challenging,Lessons should be presented in varied and different ways,Meaningful materials are readily learned than nonsense materials,Teachers should provide opportunities for meaningful and appropriate practice,,A,,Both,General/Professional Education,Cannot Determine,No,,Ready for Upload,Shared Gen Ed and Prof Ed compilation; answers are embedded as Answer: X after questions where available. Correct answer is embedded in PDF text.
626,51,2. GEN ED AND PROF ED.pdf,Maturation should precede certain types of learning. How is this applied in the classroom?,Concepts should be taught from simple to complex,Consider the age level of students in assigning tasks,Follow the interest of students in assigning tasks,Give the same task to all students in a particular grade level,,A,,Both,General/Professional Education,Cannot Determine,No,,Ready for Upload,Shared Gen Ed and Prof Ed compilation; answers are embedded as Answer: X after questions where available. Correct answer is embedded in PDF text.
627,51,2. GEN ED AND PROF ED.pdf,Luz easily learns a lesson when she is working with laboratory equipment but hardly remembers a lesson the teacher lectured on. What type of learner is Luz?,Auditory Learner,Kinesthetic Learner,Tactile Learner,Visual Learner,,D,,Both,General/Professional Education,Cannot Determine,No,,Ready for Upload,Shared Gen Ed and Prof Ed compilation; answers are embedded as Answer: X after questions where available. Correct answer is embedded in PDF text.
628,51,2. GEN ED AND PROF ED.pdf,Which of the following statements about motivation is false?,External motivation is longer lasting and more self-directive than internal motivation,Internal motivation is fueled by one's goals or ambitions,Motivation is enhanced by the way in which the instructional material is organized,Motivation to perform is affected by expectancy and value,,A,,Both,General/Professional Education,Cannot Determine,No,,Ready for Upload,Shared Gen Ed and Prof Ed compilation; answers are embedded as Answer: X after questions where available. Correct answer is embedded in PDF text.
629,52,2. GEN ED AND PROF ED.pdf,"Based on Bandura's theory, which conditions must be present for a student to learn from a model? I. Attention II. Retention III. Motor Reproduction IV. Motivation",I and II,"I, II and III","I, II, III and IV",III and IV,,C,,Both,General/Professional Education,Cannot Determine,No,,Ready for Upload,Shared Gen Ed and Prof Ed compilation; answers are embedded as Answer: X after questions where available. Correct answer is embedded in PDF text.
630,52,2. GEN ED AND PROF ED.pdf,Which of the following principles of learning applies to considering student's age in presenting certain content and cognitive processes?,Principle of readiness,Principle of learning by doing,Principle of presenting challenging tasks,Principle of learning aided by formulating and asking questions,,A,,Both,General/Professional Education,Cannot Determine,No,,Ready for Upload,Shared Gen Ed and Prof Ed compilation; answers are embedded as Answer: X after questions where available. Correct answer is embedded in PDF text.
631,52,2. GEN ED AND PROF ED.pdf,"In classical conditioning, which are paired together in order to elicit the desired response?",UCS and NS,CS and NS,UCS and CS,UCR and NS,,A,,Both,General/Professional Education,Cannot Determine,No,,Ready for Upload,Shared Gen Ed and Prof Ed compilation; answers are embedded as Answer: X after questions where available. Correct answer is embedded in PDF text.
632,52,2. GEN ED AND PROF ED.pdf,"According to Thorndike, what law states that the strength of a connection is influenced by the consequences of the response?",Law of disuse,Law of effect,Law of exercise,Law of readiness,,B,,Both,General/Professional Education,Cannot Determine,No,,Ready for Upload,Shared Gen Ed and Prof Ed compilation; answers are embedded as Answer: X after questions where available. Correct answer is embedded in PDF text.
633,52,2. GEN ED AND PROF ED.pdf,"A burglary occurred in Jason's neighborhood. Since then, Jason is very careful of locking their doors and closing windows. What theory best explains Jason's behavior?",Observational learning,Imitation learning,Self-regulated learning,Vicarious learning,,D,,Both,General/Professional Education,Cannot Determine,No,,Ready for Upload,Shared Gen Ed and Prof Ed compilation; answers are embedded as Answer: X after questions where available. Correct answer is embedded in PDF text.
634,53,2. GEN ED AND PROF ED.pdf,"In observation and imitation learning, what should be the learner's response when the teacher initially models the behavior?",Reproduce and match,Pay Attention,Imitate and practice,Shows satisfaction,,B,,Both,General/Professional Education,Cannot Determine,No,,Ready for Upload,Shared Gen Ed and Prof Ed compilation; answers are embedded as Answer: X after questions where available. Correct answer is embedded in PDF text.
635,53,2. GEN ED AND PROF ED.pdf,What is the correct sequence of information processing?,Sensory register-STM-LTM,STM-sensory register-LTM,Sensory register-LTM-STM,LTM-sensory register- STM,,A,,Both,General/Professional Education,Cannot Determine,No,,Ready for Upload,Shared Gen Ed and Prof Ed compilation; answers are embedded as Answer: X after questions where available. Correct answer is embedded in PDF text.
636,53,2. GEN ED AND PROF ED.pdf,Concept learning,2-1-3-4,2-1-4-3,2-3-4-1,2-4-3-1,,D,,Both,General/Professional Education,Cannot Determine,No,,Ready for Upload,Shared Gen Ed and Prof Ed compilation; answers are embedded as Answer: X after questions where available. Correct answer is embedded in PDF text.
637,53,2. GEN ED AND PROF ED.pdf,Which is essential in meaningful reception learning?,Concepts are presented to learner and received by them.,Concepts are discovered by the learner,Concepts are related to one another,Concepts are solicited from the learners,,C,,Both,General/Professional Education,Cannot Determine,No,,Ready for Upload,Shared Gen Ed and Prof Ed compilation; answers are embedded as Answer: X after questions where available. Correct answer is embedded in PDF text.
638,53,2. GEN ED AND PROF ED.pdf,Grace is bilingual. She speaks both English and Filipino fluently. She begins to study Spanish and immediately recognizes many similarities between the Spanish and Filipino languages and uses this information to acquire the new language faster. What kind of transfer was Grace able to use?,Lateral Transfer,General Transfer,Specific Transfer,Vertical Transfer,,C,,Both,General/Professional Education,Cannot Determine,No,,Ready for Upload,Shared Gen Ed and Prof Ed compilation; answers are embedded as Answer: X after questions where available. Correct answer is embedded in PDF text.
639,54,2. GEN ED AND PROF ED.pdf,"Cristina is almost asleep when she felt the need to go to the bathroom. She tried to sleep it off but after a while, she was forced to stand up and go to the bathroom. What theory of motivation explains Cristina's behavior?",Attribution Theory,Drive Theory,Expentancies and Values Theory,Solomon's Opponent Theory,,C,,Both,General/Professional Education,Cannot Determine,No,,Ready for Upload,Shared Gen Ed and Prof Ed compilation; answers are embedded as Answer: X after questions where available. Correct answer is embedded in PDF text.
640,54,2. GEN ED AND PROF ED.pdf,Marko excels in adding numbers. He learned this skill in his Math class. He is now able to apply this skill in his Music class. What type of transfer was used?,Lateral transfer,General transfer,Specific transfer,Vertical transfer,,B,,Both,General/Professional Education,Cannot Determine,No,,Ready for Upload,Shared Gen Ed and Prof Ed compilation; answers are embedded as Answer: X after questions where available. Correct answer is embedded in PDF text.
641,54,2. GEN ED AND PROF ED.pdf,Mr. Lorenzo would always give the chapter test on a Friday. What schedule of reinforcement is used by Mr. Lorenzo?,Fixed interval,Fixed ratio,Variable interval,Variable ratio,,A,,Both,General/Professional Education,Cannot Determine,No,,Ready for Upload,Shared Gen Ed and Prof Ed compilation; answers are embedded as Answer: X after questions where available. Correct answer is embedded in PDF text.
642,54,2. GEN ED AND PROF ED.pdf,"To remember the six digits, 8, 4, 3, 9, 4, 5, the Math teacher grouped the numbers in two's 84, 39, 45 or in threes 843, 945. What control process of retaining information is referred to?",Chunking,Interfering,Rehearsing,Remembering,,A,,Both,General/Professional Education,Cannot Determine,No,,Ready for Upload,Shared Gen Ed and Prof Ed compilation; answers are embedded as Answer: X after questions where available. Correct answer is embedded in PDF text.
643,54,2. GEN ED AND PROF ED.pdf,Rob regularly practice playing the guitar so he can finish Book I. His mother promised to buy him a Nintendo when he finishes Book I. How is Rob motivated?,Extrinsically,Intrinsically,with Self-Determination,with Self-Efficacy,,C,,Both,General/Professional Education,Cannot Determine,No,,Ready for Upload,Shared Gen Ed and Prof Ed compilation; answers are embedded as Answer: X after questions where available. Correct answer is embedded in PDF text.
644,55,2. GEN ED AND PROF ED.pdf,Lara excels in dancing and in certain sports. According to Gardner what intelligence is dominant in Lara?,Bodily kinesthetic,Intrapersonal,Musical,Spatial,,A,,Both,General/Professional Education,Cannot Determine,No,,Ready for Upload,Shared Gen Ed and Prof Ed compilation; answers are embedded as Answer: X after questions where available. Correct answer is embedded in PDF text.
645,55,2. GEN ED AND PROF ED.pdf,"According to Bronfenbrenner, what system contains structures that has direct contact with the child?",Chronosystem,Exosystem,Mesosystem,Microsystem,,D,,Both,General/Professional Education,Cannot Determine,No,,Ready for Upload,Shared Gen Ed and Prof Ed compilation; answers are embedded as Answer: X after questions where available. Correct answer is embedded in PDF text.
646,55,2. GEN ED AND PROF ED.pdf,Some learners like to find specific and concrete answers. What kind of learners are they?,Accomodators,Assimilators,Convergers,Divergers,,C,,Both,General/Professional Education,Cannot Determine,No,,Ready for Upload,Shared Gen Ed and Prof Ed compilation; answers are embedded as Answer: X after questions where available. Correct answer is embedded in PDF text.
647,55,2. GEN ED AND PROF ED.pdf,"Mrs. Mercado, the Home Economics teacher, constantly gives verbal guidance to her pupils while practicing a sewing skill. What is the value of giving verbal guidance in improving pupils learning behavior?",It promotes the growth of interest in the new learning tasks,It serves as informational feedback,It facilitates perfection of skills,It directs pupils' attention to more adequate and better techniques,,B,,Both,General/Professional Education,Cannot Determine,No,,Ready for Upload,Shared Gen Ed and Prof Ed compilation; answers are embedded as Answer: X after questions where available. Correct answer is embedded in PDF text.
648,55,2. GEN ED AND PROF ED.pdf,Why should learning be aided by formulating and asking questions?,Students will have a grade in recitation,Students will develop their self-confidence,The teacher will know who among the students can communicate very well,The teacher will not always do the talking but the students will be given a chance to do the same thing.,,B,,Both,General/Professional Education,Cannot Determine,No,,Ready for Upload,Shared Gen Ed and Prof Ed compilation; answers are embedded as Answer: X after questions where available. Correct answer is embedded in PDF text.
649,55,2. GEN ED AND PROF ED.pdf,"Ms. Baquiran, the VE teacher, and her pupils, while working on the concept of honesty, agreed that no cabinets and book cases would be locked throughout the day. Which principle in affective learning is being implemented?",Provide exemplary models,Provide appropriate practice,Provide for pleasant emotional experience,Provide for independent attitude cultivation,,B,,Both,General/Professional Education,Cannot Determine,No,,Ready for Upload,Shared Gen Ed and Prof Ed compilation; answers are embedded as Answer: X after questions where available. Correct answer is embedded in PDF text.
650,56,2. GEN ED AND PROF ED.pdf,"Instead of asking her students to write about their reaction to a story, the teacher asked her students to interpret the story in dance form. What principle of learning is considered?",Concepts should be presented in varied and different ways,Effort if put forth when tasks are challenging,Learning by doing is more effective than just sitting and listening,Learning is aided by formulating and asking questions,,B,,Both,General/Professional Education,Cannot Determine,No,,Ready for Upload,Shared Gen Ed and Prof Ed compilation; answers are embedded as Answer: X after questions where available. Correct answer is embedded in PDF text.
651,56,2. GEN ED AND PROF ED.pdf,"In performing the minuet, first raise your heel, second make three steps forward, third step make a point. What kind of knowledge was exhibited?",Conditional Knowledge,Declarative Knowledge,Domain-Specific Knowledge,Procedural Knowledge,,D,,Both,General/Professional Education,Cannot Determine,No,,Ready for Upload,Shared Gen Ed and Prof Ed compilation; answers are embedded as Answer: X after questions where available. Correct answer is embedded in PDF text.
652,56,2. GEN ED AND PROF ED.pdf,Why should teachers provide positive feedback and realistic praise?,To motivate the students to study,So the students will know what to do,To be liked and loved by the students,So the students will praise him/her,,B,,Both,General/Professional Education,Cannot Determine,No,,Ready for Upload,Shared Gen Ed and Prof Ed compilation; answers are embedded as Answer: X after questions where available. Correct answer is embedded in PDF text.
653,56,2. GEN ED AND PROF ED.pdf,Which statement does not refer to cognitive theories?,Prefer to concentrate on analyzing cognitive process,Conclusions are based on observation of external manifestations on learning,Study of the structures and components of information processing,Believe in non-observable behavior,,B,,Both,General/Professional Education,Cannot Determine,No,,Ready for Upload,Shared Gen Ed and Prof Ed compilation; answers are embedded as Answer: X after questions where available. Correct answer is embedded in PDF text.
654,56,2. GEN ED AND PROF ED.pdf,"To ensure the lesson will go smoothly, Teacher A listed down the steps she will undertake together with those of her students. This practice relates to?",Teaching style,Teaching method,Teaching strategy,Teaching technique,,B,,Both,General/Professional Education,Cannot Determine,No,,Ready for Upload,Shared Gen Ed and Prof Ed compilation; answers are embedded as Answer: X after questions where available. Correct answer is embedded in PDF text.
655,57,2. GEN ED AND PROF ED.pdf,"The class of Grade 6 - Einstein is scheduled to perform an experiment on that day. However, the chemicals are insufficient. What method may then be used?",Project,Laboratory,Lecture,Demonstration,,D,,Both,General/Professional Education,Cannot Determine,No,,Ready for Upload,Shared Gen Ed and Prof Ed compilation; answers are embedded as Answer: X after questions where available. Correct answer is embedded in PDF text.
656,57,2. GEN ED AND PROF ED.pdf,"Teacher C gives the class specific topic as assignment which they have to research and pass the following day. However, the students could not find any information about it. What method should Teacher C use to teach the assignment?",Project method,Discovery approach,Lecture method,Demonstration method,,C,,Both,General/Professional Education,Cannot Determine,No,,Ready for Upload,Shared Gen Ed and Prof Ed compilation; answers are embedded as Answer: X after questions where available. Correct answer is embedded in PDF text.
657,57,2. GEN ED AND PROF ED.pdf,"Pictures, models and the like arouse students interest on the day's topic, in what part of the lesson should the given materials be presented?",Initiating activities,Culminating activities,Evaluation activities,Developmental activities,,A,,Both,General/Professional Education,Cannot Determine,No,,Ready for Upload,Shared Gen Ed and Prof Ed compilation; answers are embedded as Answer: X after questions where available. Correct answer is embedded in PDF text.
658,57,2. GEN ED AND PROF ED.pdf,"In Bloom's taxonomy of educational objectives, the domains are stated from lowest to highest level. Which of the following objectives belongs to the lowest level?",To identify the characters of the story.,To differentiate active from passive voice.,To give the available resources that could be recycled to useful things.,To explain the procedure in changing improper fraction to mixed number,,A,,Both,General/Professional Education,Cannot Determine,No,,Ready for Upload,Shared Gen Ed and Prof Ed compilation; answers are embedded as Answer: X after questions where available. Correct answer is embedded in PDF text.
659,57,2. GEN ED AND PROF ED.pdf,The class of IV - Kalikasan is tasked to analyze the present population of the different cities and municipalities of the National Capital Region for the last five years. How can they best present their analysis?,By means of a table,By looking for a pattern,By means of a graph,By guessing and checking,,C,,Both,General/Professional Education,Cannot Determine,No,,Ready for Upload,Shared Gen Ed and Prof Ed compilation; answers are embedded as Answer: X after questions where available. Correct answer is embedded in PDF text.
660,58,2. GEN ED AND PROF ED.pdf,There are several reasons why problem-solving is taught in Math. Which is the LEAST important?,It is the main goal for the study of Math,It provides the content in which concepts and skills are learned and applied,It provides an opportunity to develop critical and analytical thinking,It provides pupils an opportunity to relate Math in the real world,,A,,Both,General/Professional Education,Cannot Determine,No,,Ready for Upload,Shared Gen Ed and Prof Ed compilation; answers are embedded as Answer: X after questions where available. Correct answer is embedded in PDF text.
661,58,2. GEN ED AND PROF ED.pdf,"Teacher D teaches in a remote high school where newspapers are delivered irregularly. Knowing the importance of keeping the students aware of current affairs, what is probably the best way to keep the students updated?",Gather back issues of newspapers and let pupils compile them.,Urge the pupils to listen to stories circulating in the community.,Encourage the pupils to listen to daily broadcast from a transistor radio.,The teacher should try all available means to get the newspaper delivered to the school,,C,,Both,General/Professional Education,Cannot Determine,No,,Ready for Upload,Shared Gen Ed and Prof Ed compilation; answers are embedded as Answer: X after questions where available. Correct answer is embedded in PDF text.
662,58,2. GEN ED AND PROF ED.pdf,Devices can make a lecture more understandable and meaningful. What is the most important thing a teacher should consider in the selection and utilization of instructional materials?,Objectives of the lesson,Availability of instructional materials,Attractiveness of instructional materials,Degree of interest on the part of the students,,A,,Both,General/Professional Education,Cannot Determine,No,,Ready for Upload,Shared Gen Ed and Prof Ed compilation; answers are embedded as Answer: X after questions where available. Correct answer is embedded in PDF text.
663,58,2. GEN ED AND PROF ED.pdf,"Teacher E asks student A to identify and analyze events, ideas or objects in order to state their similarities and differences. In which part of the lesson does said activity take place?",Preparation,Generalization,Application,Comparison and Abstraction,,D,,Both,General/Professional Education,Cannot Determine,No,,Ready for Upload,Shared Gen Ed and Prof Ed compilation; answers are embedded as Answer: X after questions where available. Correct answer is embedded in PDF text.
664,58,2. GEN ED AND PROF ED.pdf,Which part of the lesson is involved in the giving of situation or activities based on the concepts learned?,Preparation,Generalization,Application,Comparison and Abstraction,,C,,Both,General/Professional Education,Cannot Determine,No,,Ready for Upload,Shared Gen Ed and Prof Ed compilation; answers are embedded as Answer: X after questions where available. Correct answer is embedded in PDF text.
665,58,2. GEN ED AND PROF ED.pdf,Teacher F wants the class to find out the effect of heat on matter. Which method will help him accomplish his objective?,Project Method,Laboratory Method,Problem Method,Expository Method,,B,,Both,General/Professional Education,Cannot Determine,No,,Ready for Upload,Shared Gen Ed and Prof Ed compilation; answers are embedded as Answer: X after questions where available. Correct answer is embedded in PDF text.
666,59,2. GEN ED AND PROF ED.pdf,"In Math, Teacher G presents various examples of plane figures to her class. Afterwards, she asks the students to give definition of each. What method did she use?",Inductive,Laboratory,Deductive,Expository,,A,,Both,General/Professional Education,Cannot Determine,No,,Ready for Upload,Shared Gen Ed and Prof Ed compilation; answers are embedded as Answer: X after questions where available. Correct answer is embedded in PDF text.
667,59,2. GEN ED AND PROF ED.pdf,Teaching Tinikling to I-Maliksi becomes possible through the use of?,Inductive Method,Expository Method,Demonstration Method,Laboratory Method,,C,,Both,General/Professional Education,Cannot Determine,No,,Ready for Upload,Shared Gen Ed and Prof Ed compilation; answers are embedded as Answer: X after questions where available. Correct answer is embedded in PDF text.
668,59,2. GEN ED AND PROF ED.pdf,What is the implication of using a method that focuses on the why rather than the how?,There is best method,Typical one will be good for any subject,These methods should be standardized for different subjects.,Teaching methods should favor inquiry and problem solving.,,D,,Both,General/Professional Education,Cannot Determine,No,,Ready for Upload,Shared Gen Ed and Prof Ed compilation; answers are embedded as Answer: X after questions where available. Correct answer is embedded in PDF text.
669,59,2. GEN ED AND PROF ED.pdf,"When using problem solving method, the teacher can",Set up the problem,Test the conclusion,Propose ways of obtaining the needed data,Help the learners define what is it to be solved,,D,,Both,General/Professional Education,Cannot Determine,No,,Ready for Upload,Shared Gen Ed and Prof Ed compilation; answers are embedded as Answer: X after questions where available. Correct answer is embedded in PDF text.
670,59,2. GEN ED AND PROF ED.pdf,Which of the following characterizes a well-motivated lesson?,The class is quiet.,The children have something to do.,The teacher can leave the pupils,There are varied procedures and activities undertaken by the pupils.,,D,,Both,General/Professional Education,Cannot Determine,No,,Ready for Upload,Shared Gen Ed and Prof Ed compilation; answers are embedded as Answer: X after questions where available. Correct answer is embedded in PDF text.
671,59,2. GEN ED AND PROF ED.pdf,"Learners must be developed not only in the cognitive, psychomotor but also in the affective aspect. Why is development of the latter also important?",It helps them develop a sound value system.,Their actions are dominated by their feelings.,It helps them develop an adequate knowledge of good actions.,Awareness of the consequences of their action is sharpened.,,A,,Both,General/Professional Education,Cannot Determine,No,,Ready for Upload,Shared Gen Ed and Prof Ed compilation; answers are embedded as Answer: X after questions where available. Correct answer is embedded in PDF text.
672,60,2. GEN ED AND PROF ED.pdf,Which of the following attributes characterizes a learner who is yet to develop the concept?,The learner can identify the attributes of the concept.,The learner can summarize the ideas shared about the concept.,The learner can distinguish examples from non-examples.,The learner gets a failing grade in the tests given after the concept has been discussed.,,A,,Both,General/Professional Education,Cannot Determine,No,,Ready for Upload,Shared Gen Ed and Prof Ed compilation; answers are embedded as Answer: X after questions where available. Correct answer is embedded in PDF text.
673,60,2. GEN ED AND PROF ED.pdf,"The strategy which makes use of the old concept of ""each-one-teach-one"" of the sixty's is similar to?",Peer learning,Independent learning,Partner learning,Cooperative learning,,D,,Both,General/Professional Education,Cannot Determine,No,,Ready for Upload,Shared Gen Ed and Prof Ed compilation; answers are embedded as Answer: X after questions where available. Correct answer is embedded in PDF text.
674,60,2. GEN ED AND PROF ED.pdf,Which part of the lesson does the learner give a synthesis of the things learned?,Motivation,Application,Evaluation,Generalization,,C,,Both,General/Professional Education,Cannot Determine,No,,Ready for Upload,Shared Gen Ed and Prof Ed compilation; answers are embedded as Answer: X after questions where available. Correct answer is embedded in PDF text.
675,60,2. GEN ED AND PROF ED.pdf,Educational objectives are arranged from simple to complex. Why is this?,Each level is built upon and assumes acquisition of skills from the previous level.,Objectives are broad and value-laden statements that lead to the philosophy of education.,Be idealistic and ambitious to begin with grandiose scheme for using taxonomy in all levels.,These are guidelines to be taught and learned where teachers and students evaluate learning.,,A,,Both,General/Professional Education,Cannot Determine,No,,Ready for Upload,Shared Gen Ed and Prof Ed compilation; answers are embedded as Answer: X after questions where available. Correct answer is embedded in PDF text.
676,60,2. GEN ED AND PROF ED.pdf,Which of the following is NOT true?,Lesson plan should be in constant state of revision.,A good daily lesson plan ensures a better discussion.,Students should never see a teacher using a lesson plan.,All teachers regardless of their experience should have daily lesson plan.,,C,,Both,General/Professional Education,Cannot Determine,No,,Ready for Upload,Shared Gen Ed and Prof Ed compilation; answers are embedded as Answer: X after questions where available. Correct answer is embedded in PDF text.
677,60,2. GEN ED AND PROF ED.pdf,"In Music, Teacher 1 wants to teach the class how to play the piano in the Key of",To play the piano in the key of C chords,To improve playing the piano in the key of C,To interpret property of chords of Key of C in the piano,To exhibit excellent playing of piano in the key of C,,A,,Both,General/Professional Education,Cannot Determine,No,,Ready for Upload,Shared Gen Ed and Prof Ed compilation; answers are embedded as Answer: X after questions where available. Correct answer is embedded in PDF text.
678,61,2. GEN ED AND PROF ED.pdf,"When using instructional material, what should the teacher primarily consider?",The material must be new and skillfully made.,It must be suited to the lesson objective.,The material must stimulate and maintain students' interest,It must be updated and relevant to Filipino setting.,,B,,Both,General/Professional Education,Cannot Determine,No,,Ready for Upload,Shared Gen Ed and Prof Ed compilation; answers are embedded as Answer: X after questions where available. Correct answer is embedded in PDF text.
679,66,2. GEN ED AND PROF ED.pdf,Which is NOT a provision for the development of each learner in a good curriculum?,Extensive arrangements are made for the educational diagnosis of individual learners.,"Self-directed, independent study is encouraged wherever possible and advisable.",Self-motivation and self-evaluation are stimulated and emphasized throughout the learning opportunities of the school.,"The program provides a wide range of opportunities for individuals with same abilities, needs and interests.",,D,,Both,General/Professional Education,Cannot Determine,No,,Ready for Upload,Shared Gen Ed and Prof Ed compilation; answers are embedded as Answer: X after questions where available. Correct answer is embedded in PDF text.
680,66,2. GEN ED AND PROF ED.pdf,Teacher Lily would like to take part in developing a subject-centered curriculum because she believes that all subjects in this type of curriculum are geared towards the hollistic development of the learner. Is her belief about the subject-centered curriculum true?,"Yes, because the subject-centered curriculum focuses on the learners needs, interests and abilities.","No, because it is the experience-centered curriculum that emphasizes the teaching of facts and knowledge for future use.","Yes, because the subject-centered curriculum involves cooperative control.","No, because it is the experience centered and not the subject-centered curriculum that emphasizes integration of habits and skills in learning the knowledge component of subject areas.",,D,,Both,General/Professional Education,Cannot Determine,No,,Ready for Upload,Shared Gen Ed and Prof Ed compilation; answers are embedded as Answer: X after questions where available. Correct answer is embedded in PDF text.
681,66,2. GEN ED AND PROF ED.pdf,"In the elementary level, English literature and Social studies relate well. While history is being studied, different literary pieces during the historical period is being studied as well. What curriculum design is shown here?",Separate subject design,Correlation design,Discipline design,Broad field design,,C,,Both,General/Professional Education,Cannot Determine,No,,Ready for Upload,Shared Gen Ed and Prof Ed compilation; answers are embedded as Answer: X after questions where available. Correct answer is embedded in PDF text.
682,66,2. GEN ED AND PROF ED.pdf,"This phase of curriculum development involves decisions, among other things, on grade placement and sequencing of content. Which phase is this?",Curriculum planning,Curriculum evaluation,Curriculum organization,Curriculum implementation,,C,,Both,General/Professional Education,Cannot Determine,No,,Ready for Upload,Shared Gen Ed and Prof Ed compilation; answers are embedded as Answer: X after questions where available. Correct answer is embedded in PDF text.
683,67,2. GEN ED AND PROF ED.pdf,"One example of this design of subject-centered curriculum is that which shows social studies being combined with geography, civics, culture and history to comprises subject area. Which design is this?",Correlated,Broadfields,Separate Subject,Core,,B,,Both,General/Professional Education,Cannot Determine,No,,Ready for Upload,Shared Gen Ed and Prof Ed compilation; answers are embedded as Answer: X after questions where available. Correct answer is embedded in PDF text.
684,67,2. GEN ED AND PROF ED.pdf,"Ms. Ortiz, as Science teacher tries to enrich the content of her lesson by identifying related concepts in Math. What pattern of organizing subjects did Ms. Ortiz consider?",Broadfield,Correlated,Core,Separate Subject,,B,,Both,General/Professional Education,Cannot Determine,No,,Ready for Upload,Shared Gen Ed and Prof Ed compilation; answers are embedded as Answer: X after questions where available. Correct answer is embedded in PDF text.
685,67,2. GEN ED AND PROF ED.pdf,Which design is easy to deliver because complementary books and materials are commercially available?,Experience centered design,Problem design,Process design,Subject centered design,,D,,Both,General/Professional Education,Cannot Determine,No,,Ready for Upload,Shared Gen Ed and Prof Ed compilation; answers are embedded as Answer: X after questions where available. Correct answer is embedded in PDF text.
686,67,2. GEN ED AND PROF ED.pdf,What refers to the matching between curriculum and test to be used to assess the learners?,Alignment,Auditing,Articulation,Delivery,,A,,Both,General/Professional Education,Cannot Determine,No,,Ready for Upload,Shared Gen Ed and Prof Ed compilation; answers are embedded as Answer: X after questions where available. Correct answer is embedded in PDF text.
687,67,2. GEN ED AND PROF ED.pdf,"Ms. Mateo, a History teacher considers the element of time in arranging content of her lessons in World History. What way of establishing sequence is given emphasis by Ms. Mateo?",Simple to complex,Part to whole,Concrete to abstract,Chronological,,D,,Both,General/Professional Education,Cannot Determine,No,,Ready for Upload,Shared Gen Ed and Prof Ed compilation; answers are embedded as Answer: X after questions where available. Correct answer is embedded in PDF text.
688,67,2. GEN ED AND PROF ED.pdf,"Mr. Rivera, a new teacher believes that education is a process of development and is life itself; therefore, experience related to the child's need and interest should be given primary consideration. What educational philosophy is being exhibited by Mr. Rivera?",Idealism,Reconstructionism,Progressivism,Realism,,C,,Both,General/Professional Education,Cannot Determine,No,,Ready for Upload,Shared Gen Ed and Prof Ed compilation; answers are embedded as Answer: X after questions where available. Correct answer is embedded in PDF text.
689,68,2. GEN ED AND PROF ED.pdf,"A stakeholder in curriculum development, Mr. Cruz, a district supervisor and a member of the school board has one of the following primary roles.",Support and participate in parent-school organization activities.,"Authorize school expenditures for curriculum development, implementation and evaluation",Enact legislation to effect curriculum improvement.,Recommend changes in curriculum.,,D,,Both,General/Professional Education,Cannot Determine,No,,Ready for Upload,Shared Gen Ed and Prof Ed compilation; answers are embedded as Answer: X after questions where available. Correct answer is embedded in PDF text.
690,68,2. GEN ED AND PROF ED.pdf,The schools in the first District plan to adopt the reading program used in the third district. What level of curriculum improvement is used?,Variation,Value orientation,Substitution,Restructuring,,C,,Both,General/Professional Education,Cannot Determine,No,,Ready for Upload,Shared Gen Ed and Prof Ed compilation; answers are embedded as Answer: X after questions where available. Correct answer is embedded in PDF text.
691,68,2. GEN ED AND PROF ED.pdf,"Mr. Bernardo, a curriculum consultant on Economics insists that in selecting the curriculum content, it is better that throughout the high school years, economic geography concepts be used to recur and be repeated with depth for effective learning. What criterion in content selection is shown here?",Validity,Continuity,Significance,Learnability,,B,,Both,General/Professional Education,Cannot Determine,No,,Ready for Upload,Shared Gen Ed and Prof Ed compilation; answers are embedded as Answer: X after questions where available. Correct answer is embedded in PDF text.
692,68,2. GEN ED AND PROF ED.pdf,The Filipino learners envisioned by the Department of Education (DepEd) in the light of K- 12 Curriculum is,Technologically literate or logistically developed Filipino,Functionally literate or logistically developed Filipino,Scientifically Advanced and Values Oriented Filipino,National Oriented and Internationally Competitive Filipinos,,B,,Both,General/Professional Education,Cannot Determine,No,,Ready for Upload,Shared Gen Ed and Prof Ed compilation; answers are embedded as Answer: X after questions where available. Correct answer is embedded in PDF text.
693,68,2. GEN ED AND PROF ED.pdf,"Teacher Dominguito believes that a new respect for the child is fundamental in curriculum. Thus, all activities in the classroom are geared towards the development of the child - the center of the educative process. To which approach in curriculum does Teacher Dominguito adhere?",Learner-centered,Subject-centered,Problem-centered,Pragmatic,,A,,Both,General/Professional Education,Cannot Determine,No,,Ready for Upload,Shared Gen Ed and Prof Ed compilation; answers are embedded as Answer: X after questions where available. Correct answer is embedded in PDF text.
694,69,2. GEN ED AND PROF ED.pdf,"Mrs. Manuel, the Principal of Bagong Barrio Elementary School invited the Brgy. Captain in the school to solicit inputs for a new curriculum in Social Science which highlights indigenous knowledge in the community. What is shown in this situation?",Community members as supporters of curriculum,Community members as curriculum resources,Community members as managers of curriculum,Community members as beneficiaries of curriculum,,B,,Both,General/Professional Education,Cannot Determine,No,,Ready for Upload,Shared Gen Ed and Prof Ed compilation; answers are embedded as Answer: X after questions where available. Correct answer is embedded in PDF text.
695,69,2. GEN ED AND PROF ED.pdf,Teacher Bert puts emphasis on the immediate felt interests and needs of his students and not on the anticipated needs and interests. What type of curriculum does teacher Bert adheres?,Subject-centered,Learner-centered,Experience-centered,Culture-based,,C,,Both,General/Professional Education,Cannot Determine,No,,Ready for Upload,Shared Gen Ed and Prof Ed compilation; answers are embedded as Answer: X after questions where available. Correct answer is embedded in PDF text.
696,69,2. GEN ED AND PROF ED.pdf,"What type of curriculum divides the school day into different periods such as language arts, social studies, science and health, arithmetic, etc.?",Correlated,Broad fields,Integrated,Separate Subject,,D,,Both,General/Professional Education,Cannot Determine,No,,Ready for Upload,Shared Gen Ed and Prof Ed compilation; answers are embedded as Answer: X after questions where available. Correct answer is embedded in PDF text.
697,69,2. GEN ED AND PROF ED.pdf,"Which curriculum design element is taking place when Eduardo, a 4th year student can connect the lessons he learned in a subject area to a related content in another subject area?",Articulation,Balance,Continuity,Integration,,D,,Both,General/Professional Education,Cannot Determine,No,,Ready for Upload,Shared Gen Ed and Prof Ed compilation; answers are embedded as Answer: X after questions where available. Correct answer is embedded in PDF text.
698,69,2. GEN ED AND PROF ED.pdf,"The following curricular changes took place in what particular period? Restore Grade VII, double-single session was abolished and more textbooks were written by Filipino authors.",American Period,Philippine Republic,Japanese Occupation,New Society,,B,,Both,General/Professional Education,Cannot Determine,No,,Ready for Upload,Shared Gen Ed and Prof Ed compilation; answers are embedded as Answer: X after questions where available. Correct answer is embedded in PDF text.
699,70,2. GEN ED AND PROF ED.pdf,"This concept includes the sub-processes of curriculum planning, organization, implementation and evaluation. Which concept is this?",Curriculum development,Curriculum assessment,Curriculum management,Curriculum and instruction,,A,,Both,General/Professional Education,Cannot Determine,No,,Ready for Upload,Shared Gen Ed and Prof Ed compilation; answers are embedded as Answer: X after questions where available. Correct answer is embedded in PDF text.
700,70,2. GEN ED AND PROF ED.pdf,"If curriculum is the ""means"", what is the ""end""?",Strategies,Instruction,Technique,Approaches,,B,,Both,General/Professional Education,Cannot Determine,No,,Ready for Upload,Shared Gen Ed and Prof Ed compilation; answers are embedded as Answer: X after questions where available. Correct answer is embedded in PDF text.
701,70,2. GEN ED AND PROF ED.pdf,"The curriculum used during the period in Philippine history terminated the use of English as a medium of instruction, What period is this?",American,Spanish,Commonwealth,Japanese,,D,,Both,General/Professional Education,Cannot Determine,No,,Ready for Upload,Shared Gen Ed and Prof Ed compilation; answers are embedded as Answer: X after questions where available. Correct answer is embedded in PDF text.
702,70,2. GEN ED AND PROF ED.pdf,Which of the following statements about the concept of curriculum is NOT quite acceptable?,It refers to all experiences that both the school and the teacher provide the students with.,"It is the set of acquired knowledge, habits and skills",It consists of everything that goes within the school.,It is a planned action for instruction,,C,,Both,General/Professional Education,Cannot Determine,No,,Ready for Upload,Shared Gen Ed and Prof Ed compilation; answers are embedded as Answer: X after questions where available. Correct answer is embedded in PDF text.
703,70,2. GEN ED AND PROF ED.pdf,What process is being undertaken by curriculum developers when they enrich or modify certain aspects of a particular program without changing its fundamental conceptions?,Curriculum improvement,Curriculum change,Curriculum design,Curriculum implementation,,A,,Both,General/Professional Education,Cannot Determine,No,,Ready for Upload,Shared Gen Ed and Prof Ed compilation; answers are embedded as Answer: X after questions where available. Correct answer is embedded in PDF text.
704,71,2. GEN ED AND PROF ED.pdf,What design element establishes the vertical linkage from level to level to avoid glaring gaps and wasteful overlaps?,Articulation,Balance,Scope,Sequence,,A,,Both,General/Professional Education,Cannot Determine,No,,Ready for Upload,Shared Gen Ed and Prof Ed compilation; answers are embedded as Answer: X after questions where available. Correct answer is embedded in PDF text.
705,71,2. GEN ED AND PROF ED.pdf,What refers to the authenticity of the content selected by the curriculum developer?,Feasibility,Learnability,Significance,Validity,,D,,Both,General/Professional Education,Cannot Determine,No,,Ready for Upload,Shared Gen Ed and Prof Ed compilation; answers are embedded as Answer: X after questions where available. Correct answer is embedded in PDF text.
706,71,2. GEN ED AND PROF ED.pdf,What do we call the allocation of content to a definite grade capable of learning?,Time allotment,Grade placement,Grade level,Maturity level,,B,,Both,General/Professional Education,Cannot Determine,No,,Ready for Upload,Shared Gen Ed and Prof Ed compilation; answers are embedded as Answer: X after questions where available. Correct answer is embedded in PDF text.
707,71,2. GEN ED AND PROF ED.pdf,"Which pattern of experience-centered curriculum centers around the normal activities of children and is based on each child's needs, interests and potentials?",Child-centered,Activity,Social function,Specific competencies,,A,,Both,General/Professional Education,Cannot Determine,No,,Ready for Upload,Shared Gen Ed and Prof Ed compilation; answers are embedded as Answer: X after questions where available. Correct answer is embedded in PDF text.
708,71,2. GEN ED AND PROF ED.pdf,Which curriculum development phase focuses on the change which will take place in certain aspects of the curriculum without changing the fundamental conceptions?,Curriculum planning,Curriculum design,Curriculum improvement,Curriculum evaluation,,C,,Both,General/Professional Education,Cannot Determine,No,,Ready for Upload,Shared Gen Ed and Prof Ed compilation; answers are embedded as Answer: X after questions where available. Correct answer is embedded in PDF text.
709,71,2. GEN ED AND PROF ED.pdf,Which is not a component of curriculum designing?,Objective,learning content,learning experiences,Diagnosis of needs,,D,,Both,General/Professional Education,Cannot Determine,No,,Ready for Upload,Shared Gen Ed and Prof Ed compilation; answers are embedded as Answer: X after questions where available. Correct answer is embedded in PDF text.
710,72,2. GEN ED AND PROF ED.pdf,Which type of curriculum design serves as a response to society's demand for integration of knowledge and enables the learner to see relationship among various aspects?,Broadfield,Correlated,Core,Separate subjects,,A,,Both,General/Professional Education,Cannot Determine,No,,Ready for Upload,Shared Gen Ed and Prof Ed compilation; answers are embedded as Answer: X after questions where available. Correct answer is embedded in PDF text.
711,72,2. GEN ED AND PROF ED.pdf,Who controls the subject centered-curriculum?,Learner,Teacher,Parent,Teacher and parent,,B,,Both,General/Professional Education,Cannot Determine,No,,Ready for Upload,Shared Gen Ed and Prof Ed compilation; answers are embedded as Answer: X after questions where available. Correct answer is embedded in PDF text.
712,72,2. GEN ED AND PROF ED.pdf,"To provide individual differences in the classroom, how is curriculum designed?",Minimum learning competencies are included,Realistic and meaningful experiences are provided,Some degree of flexibility is provided,Social skills are emphasized,,C,,Both,General/Professional Education,Cannot Determine,No,,Ready for Upload,Shared Gen Ed and Prof Ed compilation; answers are embedded as Answer: X after questions where available. Correct answer is embedded in PDF text.
713,72,2. GEN ED AND PROF ED.pdf,"To ensure success in curriculum development, which of the following specific actions should a curriculum leader avoid?",Work with people over them.,Use your status frequently to establish discipline,Keep channels of communication open,Show that you too desire to improve,,B,,Both,General/Professional Education,Cannot Determine,No,,Ready for Upload,Shared Gen Ed and Prof Ed compilation; answers are embedded as Answer: X after questions where available. Correct answer is embedded in PDF text.
714,72,2. GEN ED AND PROF ED.pdf,Which of the following is a reason for the continuous appraisal of the existing curriculum in all levels?,New national policies in government,Changing needs and condition of society,Economic status of the people,Political trust of the country,,B,,Both,General/Professional Education,Cannot Determine,No,,Ready for Upload,Shared Gen Ed and Prof Ed compilation; answers are embedded as Answer: X after questions where available. Correct answer is embedded in PDF text.
715,72,2. GEN ED AND PROF ED.pdf,Which of the following best defines curriculum development?,The total mental phenomena directly received at any given time,The planning of learning opportunities intended to bring about certain desired changes in pupils and the assessment of the extent to which these changes have taken place.,A continuous cycle of activities in which all elements of curriculum are considered.,Education is aiding each child to be socially creative individuals.,,B,,Both,General/Professional Education,Cannot Determine,No,,Ready for Upload,Shared Gen Ed and Prof Ed compilation; answers are embedded as Answer: X after questions where available. Correct answer is embedded in PDF text.
716,73,2. GEN ED AND PROF ED.pdf,"To build a sense of pride among Filipino youth, which should be done in the curriculum?",Re-study our history and stress on our achievements as a people.,Re-study our history from the perspective of our colonizer.,Replace the study of folklore and myths with technical subjects.,Set aside the study of local history.,,A,,Both,General/Professional Education,Cannot Determine,No,,Ready for Upload,Shared Gen Ed and Prof Ed compilation; answers are embedded as Answer: X after questions where available. Correct answer is embedded in PDF text.
717,73,2. GEN ED AND PROF ED.pdf,What do you call the curriculum when the teacher puts into action all the different planned activities in the classroom?,Recommended Curriculum,Written Curriculum,Taught Curriculum,Supported Curriculum,,C,,Both,General/Professional Education,Cannot Determine,No,,Ready for Upload,Shared Gen Ed and Prof Ed compilation; answers are embedded as Answer: X after questions where available. Correct answer is embedded in PDF text.
718,73,2. GEN ED AND PROF ED.pdf,Which statement about the subject-centered curriculum is NOT true?,There is a high level of cooperative interaction,It covers much content in a short period of time,The teacher has full control of the classroom activities,The main task is mastery of learning,,A,,Both,General/Professional Education,Cannot Determine,No,,Ready for Upload,Shared Gen Ed and Prof Ed compilation; answers are embedded as Answer: X after questions where available. Correct answer is embedded in PDF text.
719,73,2. GEN ED AND PROF ED.pdf,"Schools divide the school hours to different subjects such as reading, grammar, literature, math, science, history and geography. What curriculum design is referred here?",Problem-centered,Learner-centered,Subject-centered,Culture-based,,C,,Both,General/Professional Education,Cannot Determine,No,,Ready for Upload,Shared Gen Ed and Prof Ed compilation; answers are embedded as Answer: X after questions where available. Correct answer is embedded in PDF text.
720,73,2. GEN ED AND PROF ED.pdf,Which is NOT a description of the learner-centered curriculum?,Emphasis is on the total growth and development of the learners,"Controlled and cooperatively directed by learners, teachers and parents",Education is a means to develop social creative individual,Emphasis upon facts and knowledge for future use,,D,,Both,General/Professional Education,Cannot Determine,No,,Ready for Upload,Shared Gen Ed and Prof Ed compilation; answers are embedded as Answer: X after questions where available. Correct answer is embedded in PDF text.
721,73,2. GEN ED AND PROF ED.pdf,The K-12 curriculum is otherwise called as,2002 Basic Education Curriculum,Revitalized Basic Education Curriculum,Enhanced Basic Education Curriculum,Extended Basic Education Curriculum,,C,,Both,General/Professional Education,Cannot Determine,No,,Ready for Upload,Shared Gen Ed and Prof Ed compilation; answers are embedded as Answer: X after questions where available. Correct answer is embedded in PDF text.
722,74,2. GEN ED AND PROF ED.pdf,What refers to an individual or group of individuals who have a direct and indirect influence in curriculum development?,Stockholders,Stakeholders,Promoters,Incorporators,,B,,Both,General/Professional Education,Cannot Determine,No,,Ready for Upload,Shared Gen Ed and Prof Ed compilation; answers are embedded as Answer: X after questions where available. Correct answer is embedded in PDF text.
723,74,2. GEN ED AND PROF ED.pdf,What refers to the appropriateness of the content in the light of the particular students who are to experience the curriculum?,Significance,Validity,Interest,Learnability,,D,,Both,General/Professional Education,Cannot Determine,No,,Ready for Upload,Shared Gen Ed and Prof Ed compilation; answers are embedded as Answer: X after questions where available. Correct answer is embedded in PDF text.
724,74,2. GEN ED AND PROF ED.pdf,Which of the following statements is NOT acceptable?,Instruction is the actual engagement of learners in the planned learning activities.,"Curriculum determines what assessment should be done, and how to do it.",Instruction requires teachers to use a variety of action to accomplish a variety of functions.,Assessment establishes what is to be accomplished in teaching and learning.,,D,,Both,General/Professional Education,Cannot Determine,No,,Ready for Upload,Shared Gen Ed and Prof Ed compilation; answers are embedded as Answer: X after questions where available. Correct answer is embedded in PDF text.
725,74,2. GEN ED AND PROF ED.pdf,Which characteristic of a good curriculum highlights the psychological nature of the learner?,Provisions are made for the smooth transition and continuing achievement of pupils.,Curriculum plans in areas which extend over several years are developed vertically.,Classroom practices give attention to the maturity and learning problems of each pupil.,Cooperative planning and teaching provide for exchange of information about pupil's learning experiences.,,C,,Both,General/Professional Education,Cannot Determine,No,,Ready for Upload,Shared Gen Ed and Prof Ed compilation; answers are embedded as Answer: X after questions where available. Correct answer is embedded in PDF text.
726,74,2. GEN ED AND PROF ED.pdf,"Objectives must be evaluated in the light of practical considerations, including teacher competence, availability of instructional materials, time allotment, etc. What characteristic of educational objective is defined by the aforementioned statement?",Comprehension,Attainability,Consistency,Feasibility,,D,,Both,General/Professional Education,Cannot Determine,No,,Ready for Upload,Shared Gen Ed and Prof Ed compilation; answers are embedded as Answer: X after questions where available. Correct answer is embedded in PDF text.
727,74,2. GEN ED AND PROF ED.pdf,"""Knowledge is true if it is workable"". What philosophical foundation supports this statement?",Idealism,Realism,Pragmatism,Essentialism,,C,,Both,General/Professional Education,Cannot Determine,No,,Ready for Upload,Shared Gen Ed and Prof Ed compilation; answers are embedded as Answer: X after questions where available. Correct answer is embedded in PDF text.
728,75,2. GEN ED AND PROF ED.pdf,"As a member of the curriculum committee, your chief concern is to give the child freedom to choose what to learn and believe, as you allow them to set their own identities and standards. What philosophy will you consider?",Existentialism,Realism,Idealism,Pragmatism,,A,,Both,General/Professional Education,Cannot Determine,No,,Ready for Upload,Shared Gen Ed and Prof Ed compilation; answers are embedded as Answer: X after questions where available. Correct answer is embedded in PDF text.
729,75,2. GEN ED AND PROF ED.pdf,Which of the following statements has a very limited definition of educational technology?,It is a profession composed of various job categories.,It refers to the computers used for teaching and learning.,"It includes audiovisual materials, interactive multimedia and self-instructional materials.","It is the development, application and evaluation of system, techniques and aids to improve human learning",,B,,Both,General/Professional Education,Cannot Determine,No,,Ready for Upload,Shared Gen Ed and Prof Ed compilation; answers are embedded as Answer: X after questions where available. Correct answer is embedded in PDF text.
730,75,2. GEN ED AND PROF ED.pdf,Which of the following statements is correct about the domains of educational technology?,Design is the production stage while development is the planning stage.,Both the design and development are the planning stage.,Evaluation is synonymous with implementation.,Utilization is the action phase.,,D,,Both,General/Professional Education,Cannot Determine,No,,Ready for Upload,Shared Gen Ed and Prof Ed compilation; answers are embedded as Answer: X after questions where available. Correct answer is embedded in PDF text.
731,75,2. GEN ED AND PROF ED.pdf,Ms. Gomez is planning to integrate technology in her Mathematics class. Which of the following would be the logical steps in doing this? I. Set the objectives II. Analyze the learners III. Utilize the materials with showmanship IV. Evaluate the performance of the students,"I, II, III, IV","II, I, III, IV","I, II, IV, III","II, I, IV, III",,B,,Both,General/Professional Education,Cannot Determine,No,,Ready for Upload,Shared Gen Ed and Prof Ed compilation; answers are embedded as Answer: X after questions where available. Correct answer is embedded in PDF text.
732,76,2. GEN ED AND PROF ED.pdf,Which of the following is a limitation of models and real objects in teaching and learning?,They pose problems on storage,They make learning more concrete.,They provide hands-on learning experiences.,"They are readily available in the environment, around school and in the home.",,A,,Both,General/Professional Education,Cannot Determine,No,,Ready for Upload,Shared Gen Ed and Prof Ed compilation; answers are embedded as Answer: X after questions where available. Correct answer is embedded in PDF text.
733,76,2. GEN ED AND PROF ED.pdf,Which group of technologies has the highest degree of concreteness?,Realia and computer,"Video, picture and television","Digital video, film, versatile compact disc","Book, imaginative literature, programmed instruction",,A,,Both,General/Professional Education,Cannot Determine,No,,Ready for Upload,Shared Gen Ed and Prof Ed compilation; answers are embedded as Answer: X after questions where available. Correct answer is embedded in PDF text.
734,76,2. GEN ED AND PROF ED.pdf,Mrs. Del Prado placed text together with the relevant graphics on the same page in her multimedia presentation. Which principle did she apply?,Split attention,Spatial contiguity,Cost effectiveness,Communication effectiveness,,A,,Both,General/Professional Education,Cannot Determine,No,,Ready for Upload,Shared Gen Ed and Prof Ed compilation; answers are embedded as Answer: X after questions where available. Correct answer is embedded in PDF text.
735,76,2. GEN ED AND PROF ED.pdf,Mrs. Olivarez presented real samples of rocks in her General Science class. What principle did she apply?,Appropriateness,Authenticity,Responsiveness,Simplicity,,B,,Both,General/Professional Education,Cannot Determine,No,,Ready for Upload,Shared Gen Ed and Prof Ed compilation; answers are embedded as Answer: X after questions where available. Correct answer is embedded in PDF text.
736,76,2. GEN ED AND PROF ED.pdf,Which is the best reason why teachers state the objectives before using instructional media?,To secure materials,To prepare the materials beforehand.,To determine which media to use best.,To be able to practice how to operate the equipment,,C,,Both,General/Professional Education,Cannot Determine,No,,Ready for Upload,Shared Gen Ed and Prof Ed compilation; answers are embedded as Answer: X after questions where available. Correct answer is embedded in PDF text.
737,76,2. GEN ED AND PROF ED.pdf,Which of the following should Mr. Rivera primarily consider in determining the teaching- learning objectives and use of instructional media?,The assessment tool to be used,The learning activities,The learner,The teacher,,B,,Both,General/Professional Education,Cannot Determine,No,,Ready for Upload,Shared Gen Ed and Prof Ed compilation; answers are embedded as Answer: X after questions where available. Correct answer is embedded in PDF text.
738,77,2. GEN ED AND PROF ED.pdf,Which of the following technologies provide iconic experiences to students/ children?,Video and books,Pictures and videos,Radio and recording,Modules and periodicals,,B,,Both,General/Professional Education,Cannot Determine,No,,Ready for Upload,Shared Gen Ed and Prof Ed compilation; answers are embedded as Answer: X after questions where available. Correct answer is embedded in PDF text.
739,77,2. GEN ED AND PROF ED.pdf,Which of these technologies used in the classroom are arranged from the most symbolic to multisensory?,"Real objects, print, audio-visual materials and visual materials","Visual materials, audio visual materials, print and computers","Visual materials, print, audio-visual materials and realia","Print, audio-visual materials, computers and realia",,D,,Both,General/Professional Education,Cannot Determine,No,,Ready for Upload,Shared Gen Ed and Prof Ed compilation; answers are embedded as Answer: X after questions where available. Correct answer is embedded in PDF text.
740,77,2. GEN ED AND PROF ED.pdf,"Which of the following is inappropriate in using printed visuals such as charts, graphs and drawings?",Provide written or verbal cues to highlight important aspect of visuals,Present the instructional materials simultaneously,Use materials that everyone can see,Make the presentation suspenseful,,B,,Both,General/Professional Education,Cannot Determine,No,,Ready for Upload,Shared Gen Ed and Prof Ed compilation; answers are embedded as Answer: X after questions where available. Correct answer is embedded in PDF text.
741,77,2. GEN ED AND PROF ED.pdf,"Susan wants to learn more English. Specifically, she wants to improve her listening skills. She has a CD player, a tape recorder and has internet access. As an English teacher, what do you suggest? I. CDs with English listening drills II. Tapes with English listening drills III. Internet website such as Go4English, English Language Listening Lab or Randall's listening Lab",I and II,II and III,I or III,"I, II and III",,D,,Both,General/Professional Education,Cannot Determine,No,,Ready for Upload,Shared Gen Ed and Prof Ed compilation; answers are embedded as Answer: X after questions where available. Correct answer is embedded in PDF text.
742,77,2. GEN ED AND PROF ED.pdf,Which of the following statements is incorrect about the contributions of technology to student learning?,The quality of learning can be improved.,The delivery of instruction can be more interesting.,The method of teaching and learning becomes more interactive.,The role of the teacher can be changed into knowledge dispenser.,,D,,Both,General/Professional Education,Cannot Determine,No,,Ready for Upload,Shared Gen Ed and Prof Ed compilation; answers are embedded as Answer: X after questions where available. Correct answer is embedded in PDF text.
743,78,2. GEN ED AND PROF ED.pdf,"Mr. Tarnate, an ICT teacher takes into account technology standards to address the needs of the students and help them adapt with the changing society and technology Which of the following standards is an exception?",Creativity and innovation,Research and information literacy,Model digital-age work and learning,Technology operations and concepts,,C,,Both,General/Professional Education,Cannot Determine,No,,Ready for Upload,Shared Gen Ed and Prof Ed compilation; answers are embedded as Answer: X after questions where available. Correct answer is embedded in PDF text.
744,78,2. GEN ED AND PROF ED.pdf,"Ms. Vinluan, a computer teacher demonstrates understanding of local and global issues and exhibits ethical and legal use of information and communications technology tools. Which is true about her?",She models digital-age work and learning,She facilitates and inspires student learning and creativity.,She promotes and models digital citizenship and responsibility.,She designs and develops digital-age learning experiences and assessments,,C,,Both,General/Professional Education,Cannot Determine,No,,Ready for Upload,Shared Gen Ed and Prof Ed compilation; answers are embedded as Answer: X after questions where available. Correct answer is embedded in PDF text.
745,78,2. GEN ED AND PROF ED.pdf,"With the fast-paced evolution of technologies nowadays, why are teachers encouraged to shift gradually from a teacher-centered instruction to a learner-centered instruction? I. A learner-centered instruction focuses on transformation of facts.",II and IV only,"I, II and IV only","I, III and IV only","II, III and IV only",,C,,Both,General/Professional Education,Cannot Determine,No,,Ready for Upload,Shared Gen Ed and Prof Ed compilation; answers are embedded as Answer: X after questions where available. Correct answer is embedded in PDF text.
746,78,2. GEN ED AND PROF ED.pdf,Ms. Hernandez employs student-centered instruction as the learners create their digital portfolios in her computer class. What could be developed among them through this approach?,Repetition and active learning,Mastery of skills and information delivery,Information processing and passive learning,Construction of knowledge and information exchange,,D,,Both,General/Professional Education,Cannot Determine,No,,Ready for Upload,Shared Gen Ed and Prof Ed compilation; answers are embedded as Answer: X after questions where available. Correct answer is embedded in PDF text.
747,78,2. GEN ED AND PROF ED.pdf,Mr. Torres will have a multimedia presentation in his Science class. Which of the following should he avoid?,Consider technical quality.,Apply different computer effects per slid.,Present information through graphic organizers,Use contrasting colors for text and background.,,B,,Both,General/Professional Education,Cannot Determine,No,,Ready for Upload,Shared Gen Ed and Prof Ed compilation; answers are embedded as Answer: X after questions where available. Correct answer is embedded in PDF text.
748,79,2. GEN ED AND PROF ED.pdf,Mrs. Sison would like to integrate technology in writing a friendly letter. Which of the following is the most effective way of doing it?,Let the pupils surf a friendly letter from the internet,Have the pupils write a friendly letter and send it through an email.,have the pupils forward a downloaded friendly letter to others via email.,Let the pupils write a friendly letter using word processing and have it critiqued by their peers.,,D,,Both,General/Professional Education,Cannot Determine,No,,Ready for Upload,Shared Gen Ed and Prof Ed compilation; answers are embedded as Answer: X after questions where available. Correct answer is embedded in PDF text.
749,79,2. GEN ED AND PROF ED.pdf,Which of the following computer-based instructional materials can be used to learn new concepts?,Games,Tutorial,Simulation,Drill and practice,,B,,Both,General/Professional Education,Cannot Determine,No,,Ready for Upload,Shared Gen Ed and Prof Ed compilation; answers are embedded as Answer: X after questions where available. Correct answer is embedded in PDF text.
750,79,2. GEN ED AND PROF ED.pdf,"Professor dela Cruz would like to create a presentation material for her lesson on the types of computer-assisted instruction. To make her presentation effective, which?",Situating tool,Informative tool,Productivity tool,Communicative tool,,C,,Both,General/Professional Education,Cannot Determine,No,,Ready for Upload,Shared Gen Ed and Prof Ed compilation; answers are embedded as Answer: X after questions where available. Correct answer is embedded in PDF text.
751,79,2. GEN ED AND PROF ED.pdf,Professor Reyes is thinking of an online learning approach by which content provides links to information at other locations and serves as a focal point for a distance education experience. Which of the following should she use?,Teleconferencing,Self-paced program,Web-based instruction,Computer-aided instruction,,C,,Both,General/Professional Education,Cannot Determine,No,,Ready for Upload,Shared Gen Ed and Prof Ed compilation; answers are embedded as Answer: X after questions where available. Correct answer is embedded in PDF text.
752,79,2. GEN ED AND PROF ED.pdf,Which is NOT a basic consideration in selecting and evaluating the content of an educational technology tool?,Does it match the content?,Can it be easily dismantled?,Will it motivate and maintain interest?,Is there evidence of its effectiveness?,,B,,Both,General/Professional Education,Cannot Determine,No,,Ready for Upload,Shared Gen Ed and Prof Ed compilation; answers are embedded as Answer: X after questions where available. Correct answer is embedded in PDF text.
753,79,2. GEN ED AND PROF ED.pdf,Your father wanted to finish his long dreamed course but he wanted to do it at home during his free time. Would you recommend an online learning?,"Yes, because online learning is the ""in"" thing","No, because online learning inhibits student-teacher interaction.","No, because hiring a helper would enable him to attend regularly in his class.","Yes, because he could learn at his own pace using a wide spectrum of technologies.",,D,,Both,General/Professional Education,Cannot Determine,No,,Ready for Upload,Shared Gen Ed and Prof Ed compilation; answers are embedded as Answer: X after questions where available. Correct answer is embedded in PDF text.
754,80,2. GEN ED AND PROF ED.pdf,Ms. Delos Santos is a fresh graduate teacher who was hired to teach in an elementary school where there are enough resources for instruction. She wanted to start preparing her instructional materials. Which is the most systematic process in doing this?,"Design, utilization, evaluation, development","Design, development, utilization, evaluation","Development, design, utilization, evaluation","Development, utilization, evaluation, design",,B,,Both,General/Professional Education,Cannot Determine,No,,Ready for Upload,Shared Gen Ed and Prof Ed compilation; answers are embedded as Answer: X after questions where available. Correct answer is embedded in PDF text.
755,80,2. GEN ED AND PROF ED.pdf,Which is the most important reason why teachers need to preview their instructional materials that will be used in the class?,To gain confidence in using them,To encourage viewers to be more focused,To avoid potential problems that might occur while materials are in use,To ensure appropriateness of the materials with the objectives and target audience,,D,,Both,General/Professional Education,Cannot Determine,No,,Ready for Upload,Shared Gen Ed and Prof Ed compilation; answers are embedded as Answer: X after questions where available. Correct answer is embedded in PDF text.
756,80,2. GEN ED AND PROF ED.pdf,"After Ms. Rivas planned her lesson in English, she found out that the materials at hand do not match her objectives. Which is the best thing that she can do?",Modify the available materials,Teach the lesson the following day.,Change the objectives to match with available materials.,Carry out the lesson as planned and use the materials at hand.,,A,,Both,General/Professional Education,Cannot Determine,No,,Ready for Upload,Shared Gen Ed and Prof Ed compilation; answers are embedded as Answer: X after questions where available. Correct answer is embedded in PDF text.
757,80,2. GEN ED AND PROF ED.pdf,"Prof. Balagtas used worksheets, manipulatives, and models in teaching math to help her students understand the lessons and love the subject. What did she bear in mind when she used these materials?",Appropriateness,Balance,Breadth,Variety,,D,,Both,General/Professional Education,Cannot Determine,No,,Ready for Upload,Shared Gen Ed and Prof Ed compilation; answers are embedded as Answer: X after questions where available. Correct answer is embedded in PDF text.
758,81,2. GEN ED AND PROF ED.pdf,"With increasing use of educational technology inside the classroom, what role is expected of the teacher?",Facilitator,Researcher,Knowledge giver,Source of information,,A,,Both,General/Professional Education,Cannot Determine,No,,Ready for Upload,Shared Gen Ed and Prof Ed compilation; answers are embedded as Answer: X after questions where available. Correct answer is embedded in PDF text.
759,81,2. GEN ED AND PROF ED.pdf,It is impractical to bring real objects to the classroom so Aaron constructed a three- dimensional visual instead. Which of the following did he construct?,Chart,Cartoon,Model,Graphic organizer,,C,,Both,General/Professional Education,Cannot Determine,No,,Ready for Upload,Shared Gen Ed and Prof Ed compilation; answers are embedded as Answer: X after questions where available. Correct answer is embedded in PDF text.
760,81,2. GEN ED AND PROF ED.pdf,You asked your students to show a two-dimensional illustration of what they have understood from what they have read. Which of the following non-projected visuals are you referring to?,Graphic organizer,Print materials,Model,Realia,,A,,Both,General/Professional Education,Cannot Determine,No,,Ready for Upload,Shared Gen Ed and Prof Ed compilation; answers are embedded as Answer: X after questions where available. Correct answer is embedded in PDF text.
761,81,2. GEN ED AND PROF ED.pdf,There are several reasons why teachers are reluctant in using electronic media in the teaching- learning process. Which is the most common reason?,The limited exposure of teachers to new equipment,Their incompatibility to diverse needs of the learners,The difficulty in integrating technology in the curriculum,The excessive availability of local technology in the community,,A,,Both,General/Professional Education,Cannot Determine,No,,Ready for Upload,Shared Gen Ed and Prof Ed compilation; answers are embedded as Answer: X after questions where available. Correct answer is embedded in PDF text.
762,81,2. GEN ED AND PROF ED.pdf,Prof. Mandanas would like to use an audio compact disc in teaching a lesson in Filipino. In which activity in the teaching-learning process is it very effective?,In developing listening skills,In teaching creating thinking,In composing poems,In building concepts,,A,,Both,General/Professional Education,Cannot Determine,No,,Ready for Upload,Shared Gen Ed and Prof Ed compilation; answers are embedded as Answer: X after questions where available. Correct answer is embedded in PDF text.
763,81,2. GEN ED AND PROF ED.pdf,"Plants, pebbles, and blocks are just some of the effective instructional materials readily found in the environment if they are utilized properly. Which of the following is INCORRECT about their classroom use?",Pass a single object around the class.,Familiarize yourself with the object or model before its actual utilization.,Use the objects as springboard in encouraging students' active participation.,Make sure that the realia and model are large enough to be seen by the whole class.,,A,,Both,General/Professional Education,Cannot Determine,No,,Ready for Upload,Shared Gen Ed and Prof Ed compilation; answers are embedded as Answer: X after questions where available. Correct answer is embedded in PDF text.
764,82,2. GEN ED AND PROF ED.pdf,Prof. Ruiz uses projected visuals such as Digital Liquid Projector (DLP) in presenting her lesson. What could be her main reason for using it?,The projected materials are readily available.,They are more abstract than any other visuals.,Most projected visuals can be obtained at no cost.,She can easily prepare for own transparencies in advance.,,A,,Both,General/Professional Education,Cannot Determine,No,,Ready for Upload,Shared Gen Ed and Prof Ed compilation; answers are embedded as Answer: X after questions where available. Correct answer is embedded in PDF text.
765,82,2. GEN ED AND PROF ED.pdf,"Ms. Samonte used a film clip in teaching Social Studies concepts to her First Year High School class. However, she found out that it was ineffectively used in the classroom. When is technology considered INEFFECTIVE?",When it promotes mastery of the lesson,When it makes viewing more interesting,When it helps attain the objectives of the lesson,When it induces alienation on the part of the learners,,D,,Both,General/Professional Education,Cannot Determine,No,,Ready for Upload,Shared Gen Ed and Prof Ed compilation; answers are embedded as Answer: X after questions where available. Correct answer is embedded in PDF text.
766,82,2. GEN ED AND PROF ED.pdf,Your principal purchased new computer units for your Learning Resource Center. Which of the following should be your last consideration in using the technology?,Computers can be used for entertainment.,Computers can be used for research activity.,Computers can be used for interactive presentation.,Computers can be used to reinforce discussion of difficult concepts in class.,,A,,Both,General/Professional Education,Cannot Determine,No,,Ready for Upload,Shared Gen Ed and Prof Ed compilation; answers are embedded as Answer: X after questions where available. Correct answer is embedded in PDF text.
767,82,2. GEN ED AND PROF ED.pdf,"Computers can be classified according to the roles they play namely communicative tool, informative tool, and constructive tool. What is the other role of computers not mentioned in this item?",Instructional tool,Situating tool,Utility tool,Application tool,,B,,Both,General/Professional Education,Cannot Determine,No,,Ready for Upload,Shared Gen Ed and Prof Ed compilation; answers are embedded as Answer: X after questions where available. Correct answer is embedded in PDF text.
768,82,2. GEN ED AND PROF ED.pdf,Which of the following categories of CAI will you use in your class if your objective is to increase proficiency in a newly learned skill or refresh an existing one?,Tutorial,Simulation,Drill and practice,Instructional game,,C,,Both,General/Professional Education,Cannot Determine,No,,Ready for Upload,Shared Gen Ed and Prof Ed compilation; answers are embedded as Answer: X after questions where available. Correct answer is embedded in PDF text.
769,83,2. GEN ED AND PROF ED.pdf,Which of the following is an ineffective use of Presentation software?,Darken the room.,Use appropriate pacing.,Read directly from the slides.,Allow interaction with the learner.,,C,,Both,General/Professional Education,Cannot Determine,No,,Ready for Upload,Shared Gen Ed and Prof Ed compilation; answers are embedded as Answer: X after questions where available. Correct answer is embedded in PDF text.
770,83,2. GEN ED AND PROF ED.pdf,Which of the following is NOT an example of a communicative tool?,Chat,Electronic mail,Teleconferencing,Multimedia encyclopedia,,D,,Both,General/Professional Education,Cannot Determine,No,,Ready for Upload,Shared Gen Ed and Prof Ed compilation; answers are embedded as Answer: X after questions where available. Correct answer is embedded in PDF text.
771,83,2. GEN ED AND PROF ED.pdf,Why is one-way delivery of information a misuse of communication tools?,Because the teacher expects the student to study more,Because it requires activities that focus on thinking than responding,Because it enables the users to focus more on higher level cognitive activities,Because this kind of practice lessens interaction capabilities of communication tools,,D,,Both,General/Professional Education,Cannot Determine,No,,Ready for Upload,Shared Gen Ed and Prof Ed compilation; answers are embedded as Answer: X after questions where available. Correct answer is embedded in PDF text.
772,83,2. GEN ED AND PROF ED.pdf,Internet consists of thousands of connected computer networks around the world. Which term does not refer to internet?,NET,On-line,Cyberspace,Information Superhighway,,B,,Both,General/Professional Education,Cannot Determine,No,,Ready for Upload,Shared Gen Ed and Prof Ed compilation; answers are embedded as Answer: X after questions where available. Correct answer is embedded in PDF text.
773,83,2. GEN ED AND PROF ED.pdf,Which technology tool can Prof. Soriano use to communicate asynchronously with her students?,Chat and blog,Chat and instant messaging,Blog and video conferencing,Electronic bulletin board and email,,D,,Both,General/Professional Education,Cannot Determine,No,,Ready for Upload,Shared Gen Ed and Prof Ed compilation; answers are embedded as Answer: X after questions where available. Correct answer is embedded in PDF text.
774,83,2. GEN ED AND PROF ED.pdf,"In your computer subject, you allow your class to chat as part of your motivation before discussing to them the roles of computer as a tool. How is chat used in t his context?",Information tool,Application tool,Communicative tool,Situating tool,,B,,Both,General/Professional Education,Cannot Determine,No,,Ready for Upload,Shared Gen Ed and Prof Ed compilation; answers are embedded as Answer: X after questions where available. Correct answer is embedded in PDF text.
775,84,2. GEN ED AND PROF ED.pdf,Which statement is INCORRECT about computer conferencing?,It refers to live student interaction with an expert.,It is also known as discussion forum or bulletin board.,"It also refers to online class discussions, forums or debates.",It permits two or more individuals,,A,,Both,General/Professional Education,Cannot Determine,No,,Ready for Upload,Shared Gen Ed and Prof Ed compilation; answers are embedded as Answer: X after questions where available. Correct answer is embedded in PDF text.
776,84,2. GEN ED AND PROF ED.pdf,Which instructional application will you introduce to your class if your objective is to help them find and use information resources available in the internet?,Webquests,Hybrid course,Scavenger Hunt,Distance education,,C,,Both,General/Professional Education,Cannot Determine,No,,Ready for Upload,Shared Gen Ed and Prof Ed compilation; answers are embedded as Answer: X after questions where available. Correct answer is embedded in PDF text.
777,84,2. GEN ED AND PROF ED.pdf,"In the delivery of distance education, what computer application is used to organize instructions and track students records and progress?",Computer-based Multimedia,Computer-assisted Instruction,Computer-mediated Education,Computer-managed Instruction,,B,,Both,General/Professional Education,Cannot Determine,No,,Ready for Upload,Shared Gen Ed and Prof Ed compilation; answers are embedded as Answer: X after questions where available. Correct answer is embedded in PDF text.
778,84,2. GEN ED AND PROF ED.pdf,When is distance education as effective as the traditional instruction?,"When the method, technologist and assessment used are appropriate to the required competencies.",When the course requires more face-to-face communication between the students and teachers.,When students depend more on their online mentor.,When there is student to student interaction.,,A,,Both,General/Professional Education,Cannot Determine,No,,Ready for Upload,Shared Gen Ed and Prof Ed compilation; answers are embedded as Answer: X after questions where available. Correct answer is embedded in PDF text.
779,85,2. GEN ED AND PROF ED.pdf,Who among the teachers described below is doing assessment?,Mrs. Bautista who is administering a test to her students.,Mr. Ferrer who is counting the scores obtained by the students in his test.,Ms. Leyva who is computing the final grade of the students after completing all their requirements.,Prof. Cuevas who is planning for a remedial instruction after knowing that students perform poorly in her test,,C,,Both,General/Professional Education,Cannot Determine,No,,Ready for Upload,Shared Gen Ed and Prof Ed compilation; answers are embedded as Answer: X after questions where available. Correct answer is embedded in PDF text.
780,85,2. GEN ED AND PROF ED.pdf,Mr. Fernandez is judging the accuracy of these statements. Which statements will he consider as correct? I. Test is a tool to measure a trait. II. Measurement is the process of qualifying a given trait. III. Assessment is the gathering of quantitative and qualitative data. IV. Evaluation is the analysis of quantitative and qualitative data for decision making,I and II only,III and IV only,"I, II, and III","I, III and IV",,D,,Both,General/Professional Education,Cannot Determine,No,,Ready for Upload,Shared Gen Ed and Prof Ed compilation; answers are embedded as Answer: X after questions where available. Correct answer is embedded in PDF text.
781,85,2. GEN ED AND PROF ED.pdf,"If I have to use the most authentic method of assessment, which of these procedures should I consider?",Traditional Test,Performance-based Assessment,Written Test,Objective Assessment,,B,,Both,General/Professional Education,Cannot Determine,No,,Ready for Upload,Shared Gen Ed and Prof Ed compilation; answers are embedded as Answer: X after questions where available. Correct answer is embedded in PDF text.
782,85,2. GEN ED AND PROF ED.pdf,"After doing the exercise on verbs, Ms. Borillo gave a short quiz to find out how well students have understood the lesson. What type of assessment was done?",Summative Assessment,Formative Assessment,Diagnostic Assessment,Placement Assessment,,B,,Both,General/Professional Education,Cannot Determine,No,,Ready for Upload,Shared Gen Ed and Prof Ed compilation; answers are embedded as Answer: X after questions where available. Correct answer is embedded in PDF text.
783,85,2. GEN ED AND PROF ED.pdf,Who among the teachers below performed a diagnostic assessment?,Ms. Santos who asked questions when the discussion was going on to know who among h er students understood what she was trying to emphasize.,Mr. Colubong who gave a short quiz after discussing thoroughly the lesson to determine the programs of learning.,Ms. Ventura who gave 10-item test to find out the specific lessons which the students failed to understand.,Mrs. Lopez who administered a readiness test to the incoming grade one pupils.,,C,,Both,General/Professional Education,Cannot Determine,No,,Ready for Upload,Shared Gen Ed and Prof Ed compilation; answers are embedded as Answer: X after questions where available. Correct answer is embedded in PDF text.
784,86,2. GEN ED AND PROF ED.pdf,You are assessing for learning. Which of these will you likely do?,Giving grades to students,Reporting to parents the performance of their child.,Recommending new policies in grading students.,Assessing the strengths and weaknesses of students.,,D,,Both,General/Professional Education,Cannot Determine,No,,Ready for Upload,Shared Gen Ed and Prof Ed compilation; answers are embedded as Answer: X after questions where available. Correct answer is embedded in PDF text.
785,86,2. GEN ED AND PROF ED.pdf,Ms. Saplan is planning to do an assessment of learning. Which of these should she include in her plan considering her purpose for assessment?,How to give immediate feedback to student's strengths and weaknesses,How to determine the area of interest of learners,How to certify student's achievement,How to design one's instruction,,C,,Both,General/Professional Education,Cannot Determine,No,,Ready for Upload,Shared Gen Ed and Prof Ed compilation; answers are embedded as Answer: X after questions where available. Correct answer is embedded in PDF text.
786,86,2. GEN ED AND PROF ED.pdf,"You targeted that after instruction, your students should be able to show their ability to solve problems with speed and accuracy. You then designed a tool to measure this ability. What principle of assessment did you consider in this situation?",Assessment should be based on clear and appropriate learning targets or objectives.,Assessment should have a positive consequence on student's learning,Assessment should be reliable.,Assessment should be fair.,,A,,Both,General/Professional Education,Cannot Determine,No,,Ready for Upload,Shared Gen Ed and Prof Ed compilation; answers are embedded as Answer: X after questions where available. Correct answer is embedded in PDF text.
787,86,2. GEN ED AND PROF ED.pdf,Ms. Ortega tasked her students to show how to play basketball. What learning target is she assessing?,Knowledge,Reasoning,Skills,Products,,C,,Both,General/Professional Education,Cannot Determine,No,,Ready for Upload,Shared Gen Ed and Prof Ed compilation; answers are embedded as Answer: X after questions where available. Correct answer is embedded in PDF text.
788,86,2. GEN ED AND PROF ED.pdf,"Mr. Ravelas made an essay test for the objective ""Identify the planets in the solar system"". Was the assessment method used the most appropriate for the given objective? Why?","Yes, because essay test is easier to construct than objective test.","Yes, because essay test can measure any type of objective.","No, he should have conducted oral questioning.","No, he should have prepared an objective test.",,D,,Both,General/Professional Education,Cannot Determine,No,,Ready for Upload,Shared Gen Ed and Prof Ed compilation; answers are embedded as Answer: X after questions where available. Correct answer is embedded in PDF text.
789,86,2. GEN ED AND PROF ED.pdf,"Mr. Cidro wants to test students' knowledge of the different places in the Philippines, their capital and their products and so he gave his students an essay test. If you were the teacher, will you do the same?","No, the giving of an objective test is more appropriate than the use of essay.","No, such method of assessment is inappropriate because essay is difficult.","Yes, essay test could measure more than what other tests could measure.","Yes, essay test is the best in measuring any type of knowledge.",,A,,Both,General/Professional Education,Cannot Determine,No,,Ready for Upload,Shared Gen Ed and Prof Ed compilation; answers are embedded as Answer: X after questions where available. Correct answer is embedded in PDF text.
790,87,2. GEN ED AND PROF ED.pdf,What type of validity does the Pre-board examination possess if its results can explain how the students will likely perform in their licensure examination?,Concurrent,Predictive,Construct,Content,,B,,Both,General/Professional Education,Cannot Determine,No,,Ready for Upload,Shared Gen Ed and Prof Ed compilation; answers are embedded as Answer: X after questions where available. Correct answer is embedded in PDF text.
791,87,2. GEN ED AND PROF ED.pdf,"Ms. Aviz wants to determine if the students' scores in their Final Test is reliable. However, she has only one set of test and her students are already on vacation. What test of reliability can she employ?",Test-Retest,Kuder Richardson Method,Equivalent Forms,Test-Retest with Equivalent Forms,,B,,Both,General/Professional Education,Cannot Determine,No,,Ready for Upload,Shared Gen Ed and Prof Ed compilation; answers are embedded as Answer: X after questions where available. Correct answer is embedded in PDF text.
792,87,2. GEN ED AND PROF ED.pdf,Whose practice is acceptable based on the principles of assessment?,Teacher A,Teacher B,Both Teacher A and B,Neither Teacher A nor Teacher B,,A,,Both,General/Professional Education,Cannot Determine,No,,Ready for Upload,Shared Gen Ed and Prof Ed compilation; answers are embedded as Answer: X after questions where available. Correct answer is embedded in PDF text.
793,87,2. GEN ED AND PROF ED.pdf,Which is true about the given case?,Objective A matched with performance-based assessment while B can be assessed using the traditional pen-and-paper objective test.,Objective A matched with traditional assessment while B can be assessed using a performance-based method.,Both objective A and B matched with performance-based assessment.,Both objective A and B matched with traditional assessment.,,A,,Both,General/Professional Education,Cannot Determine,No,,Ready for Upload,Shared Gen Ed and Prof Ed compilation; answers are embedded as Answer: X after questions where available. Correct answer is embedded in PDF text.
794,88,2. GEN ED AND PROF ED.pdf,"In the context of the Theory of Multiple Intelligence, which is a weakness of the paper-pencil test?",It puts non-linguistically intelligent at a disadvantage.,It is not easy to administer.,It utilizes so much time.,It lacks reliability.,,A,,Both,General/Professional Education,Cannot Determine,No,,Ready for Upload,Shared Gen Ed and Prof Ed compilation; answers are embedded as Answer: X after questions where available. Correct answer is embedded in PDF text.
795,88,2. GEN ED AND PROF ED.pdf,Mr. Umayam is doing a performance-based assessment for the day's lesson. Which of the following will most likely happen?,Students are evaluated in one sitting.,Students do an actual demonstration of their skill.,Students are evaluated in the most objective manner.,Students are evaluated based on varied evidences of learning,,B,,Both,General/Professional Education,Cannot Determine,No,,Ready for Upload,Shared Gen Ed and Prof Ed compilation; answers are embedded as Answer: X after questions where available. Correct answer is embedded in PDF text.
796,88,2. GEN ED AND PROF ED.pdf,Ms. del Rosario rated her students in terms of appropriate and effective use of some laboratory equipment and measurement tools and the students ability to follow the specified procedures. What mode of assessment should Miss del Rosario use?,Portfolio Assessment,Journal Assessment,Traditional Assessment,Performance-based Assessment,,D,,Both,General/Professional Education,Cannot Determine,No,,Ready for Upload,Shared Gen Ed and Prof Ed compilation; answers are embedded as Answer: X after questions where available. Correct answer is embedded in PDF text.
797,88,2. GEN ED AND PROF ED.pdf,Mrs. Hilario presented the lesson on baking through a group activity so that the students will not just learn how to bake but also develop their interpersonal skills. How should this lesson be assessed? I. She should give the students an essay test explaining how they baked the cake. II. The students should be graded on the quality of their baked cake using a rubric. III. The students in a group should rate the members based on their ability to cooperate in their group activity. IV. She should observe how the pupils perform their tasks.,"I, II, and III only","I, III, and IV only","I, II and IV only","I, II, III, and IV",,C,,Both,General/Professional Education,Cannot Determine,No,,Ready for Upload,Shared Gen Ed and Prof Ed compilation; answers are embedded as Answer: X after questions where available. Correct answer is embedded in PDF text.
798,88,2. GEN ED AND PROF ED.pdf,"If a teacher has set objectives in all domains or learning targets and which could be assessed using a single performance task, what criterion in selecting a task should she consider?",Generalizability,Fairness,Multiple Foci,Teachability,,C,,Both,General/Professional Education,Cannot Determine,No,,Ready for Upload,Shared Gen Ed and Prof Ed compilation; answers are embedded as Answer: X after questions where available. Correct answer is embedded in PDF text.
799,89,2. GEN ED AND PROF ED.pdf,Which term refers to the collection of students' products and accomplishments in a given period for evaluation purposes?,Diary,Portfolio,Anecdotal record,Observation report,,B,,Both,General/Professional Education,Cannot Determine,No,,Ready for Upload,Shared Gen Ed and Prof Ed compilation; answers are embedded as Answer: X after questions where available. Correct answer is embedded in PDF text.
800,89,2. GEN ED AND PROF ED.pdf,Mrs. Catalan allowed the students to develop their own portfolio in their own style as long as they show all the non-negotiable evidences of learning. What principle in portfolio assessment explains this practice?,Content Principle,Learning Principle,Equity Principle,Product Principle,,C,,Both,General/Professional Education,Cannot Determine,No,,Ready for Upload,Shared Gen Ed and Prof Ed compilation; answers are embedded as Answer: X after questions where available. Correct answer is embedded in PDF text.
801,89,2. GEN ED AND PROF ED.pdf,How should the following steps in portfolio assessment be arranged logically? I. Set targets II. Select evidences III. Collect evidences IV. Rate Collection V. Reflect on Evidences,"I, II, III, IV, V","I, III, II, V, IV","I, II, III, V, IV","I, III, V, II, IV",,B,,Both,General/Professional Education,Cannot Determine,No,,Ready for Upload,Shared Gen Ed and Prof Ed compilation; answers are embedded as Answer: X after questions where available. Correct answer is embedded in PDF text.
802,89,2. GEN ED AND PROF ED.pdf,Which could be seen in a rubric? I. Objective in a high level of cognitive behavior II. Multiple criteria in assessing learning III. Quantitative descriptions of the quality of work IV. Qualitative descriptions of the quality of work,I and II only,"II, III and IV only","I, II and III","I, II, III and IV",,B,,Both,General/Professional Education,Cannot Determine,No,,Ready for Upload,Shared Gen Ed and Prof Ed compilation; answers are embedded as Answer: X after questions where available. Correct answer is embedded in PDF text.
803,90,2. GEN ED AND PROF ED.pdf,The pupils are to be judged individually on their mastery of the singing of the national anthem so their teacher let them sing individually. What should the teacher use in rating the performance of the pupils considering the fact that the teacher has only one period to spend in evaluating her 20 pupils?,Analytic,Holistic,Either holistic or analytic,Both holistic and analytic,,B,,Both,General/Professional Education,Cannot Determine,No,,Ready for Upload,Shared Gen Ed and Prof Ed compilation; answers are embedded as Answer: X after questions where available. Correct answer is embedded in PDF text.
804,90,2. GEN ED AND PROF ED.pdf,Mrs. Pua is judging the worth of the project of the students in her Science class based on a set of criteria. What process describes what she is doing?,Testing,Measuring,Evaluating,Assessing,,C,,Both,General/Professional Education,Cannot Determine,No,,Ready for Upload,Shared Gen Ed and Prof Ed compilation; answers are embedded as Answer: X after questions where available. Correct answer is embedded in PDF text.
805,90,2. GEN ED AND PROF ED.pdf,Mrs. Acebuche is comparing measurement from evaluation. Which statement explains the difference?,Measurement is assigning a numerical value to a given trait while evaluation is giving meaning to the numerical value of the trait.,Measurement is the process of gathering while evaluation is the process of quantifying the data gathered.,Measurement is the process of quantifying data while evaluation is the process of organizing data.,Measurement is a pre-requisite of assessment while evaluation is the pre-requisite of testing.,,A,,Both,General/Professional Education,Cannot Determine,No,,Ready for Upload,Shared Gen Ed and Prof Ed compilation; answers are embedded as Answer: X after questions where available. Correct answer is embedded in PDF text.
806,90,2. GEN ED AND PROF ED.pdf,Ms. Ricafort uses alternative methods of assessment. Which of the following will she not likely use?,Multiple Choice Test,Reflective Journal Writing,Oral Presentation,Developing Portfolios,,A,,Both,General/Professional Education,Cannot Determine,No,,Ready for Upload,Shared Gen Ed and Prof Ed compilation; answers are embedded as Answer: X after questions where available. Correct answer is embedded in PDF text.
807,91,2. GEN ED AND PROF ED.pdf,Ms. Camba aims to measure a product of learning. Which of these objectives will she most likely set for her instruction?,Show positive attitude towards learning common nouns,Identify common nouns in a reading selection,Construct a paragraph using common nouns,User a common noun in a sentence,,C,,Both,General/Professional Education,Cannot Determine,No,,Ready for Upload,Shared Gen Ed and Prof Ed compilation; answers are embedded as Answer: X after questions where available. Correct answer is embedded in PDF text.
808,91,2. GEN ED AND PROF ED.pdf,"The students of Mrs. Valino are very noisy. To keep them busy, they were given any test available in the classroom and then the results were graded as a way to punish them. Which statement best explains if the practice is acceptable or not?",The practice is acceptable because the students behaved well when they were given a test.,The practice is not acceptable because it violates the principle of reliability.,The practice is not acceptable because it violates the principle of validity.,The practice is acceptable since the test results are graded.,,C,,Both,General/Professional Education,Cannot Determine,No,,Ready for Upload,Shared Gen Ed and Prof Ed compilation; answers are embedded as Answer: X after questions where available. Correct answer is embedded in PDF text.
809,91,2. GEN ED AND PROF ED.pdf,Ms. Delos Angeles advocates assessment for learning. Which will she NOT likely do?,Formative Assessment,Diagnostic Assessment,Placement Assessment,Summative Assessment,,A,,Both,General/Professional Education,Cannot Determine,No,,Ready for Upload,Shared Gen Ed and Prof Ed compilation; answers are embedded as Answer: X after questions where available. Correct answer is embedded in PDF text.
810,91,2. GEN ED AND PROF ED.pdf,"At the beginning of the school year, the 6-year old pupils were tested to find out who among them can already read. The result was used to determine their sections. What kind of test was given to them?",Diagnostic,Formative,Placement,Summative,,C,,Both,General/Professional Education,Cannot Determine,No,,Ready for Upload,Shared Gen Ed and Prof Ed compilation; answers are embedded as Answer: X after questions where available. Correct answer is embedded in PDF text.
811,91,2. GEN ED AND PROF ED.pdf,"The grade six pupils were given a diagnostic test in addition and subtraction of whole numbers to find out if they can proceed to the next unit. However, the results of the test were very low. What should the teacher do?",Proceed to the next lesson to be able to finish all the topics in the course.,Construct another test parallel to the given test to determine the consistency of the scores.,Count the frequency of errors to find out the lessons that the majority of students need to relearn.,Record the scores then inform the parents about the very poor performance of their child in mathematics.,,C,,Both,General/Professional Education,Cannot Determine,No,,Ready for Upload,Shared Gen Ed and Prof Ed compilation; answers are embedded as Answer: X after questions where available. Correct answer is embedded in PDF text.
812,92,2. GEN ED AND PROF ED.pdf,Mrs. Nogueras is doing an assessment of learning. At what stage of instruction should she do it?,Before instruction,After instruction,Prior to instruction,During the instructional process,,D,,Both,General/Professional Education,Cannot Determine,No,,Ready for Upload,Shared Gen Ed and Prof Ed compilation; answers are embedded as Answer: X after questions where available. Correct answer is embedded in PDF text.
813,92,2. GEN ED AND PROF ED.pdf,Mr. Cartilla developed an Achievement Test in Math for her grade three pupils. Before she finalized the test she examined carefully if the test items were constructed based on the competencies that have to be tested. What test of validity was she trying to establish?,Content-validity,Concurrent validity,Predictive validity,Construct validity,,A,,Both,General/Professional Education,Cannot Determine,No,,Ready for Upload,Shared Gen Ed and Prof Ed compilation; answers are embedded as Answer: X after questions where available. Correct answer is embedded in PDF text.
814,92,2. GEN ED AND PROF ED.pdf,Mrs. Robles wants to establish the reliability of her achievement test in English. Which of the following activities will help achieve her purpose?,Administer two parallel tests to different groups of students.,Administer two equivalent tests to the same group of students,Administer a single test but two different groups of students.,Administer two different tests but to the same group of students.,,B,,Both,General/Professional Education,Cannot Determine,No,,Ready for Upload,Shared Gen Ed and Prof Ed compilation; answers are embedded as Answer: X after questions where available. Correct answer is embedded in PDF text.
815,92,2. GEN ED AND PROF ED.pdf,Which is NOT true about the given case?,Ms. Cidro practices a balanced assessment.,Ms. Cidro's assessment method is performance-based.,Ms. Cidro needs a rubric in scoring the work of the students.,Ms. Cidro's assessment targets are all in the cognitive domain.,,D,,Both,General/Professional Education,Cannot Determine,No,,Ready for Upload,Shared Gen Ed and Prof Ed compilation; answers are embedded as Answer: X after questions where available. Correct answer is embedded in PDF text.
816,92,2. GEN ED AND PROF ED.pdf,"If Mr. Paraiso will have to make a scoring rubric for the student's output, what format is better to construct considering that the teacher has limited time to evaluate their work?",Analytic Rubric,Holistic Rubric,Either A or B,Neither A nor B,,B,,Both,General/Professional Education,Cannot Determine,No,,Ready for Upload,Shared Gen Ed and Prof Ed compilation; answers are embedded as Answer: X after questions where available. Correct answer is embedded in PDF text.
817,93,2. GEN ED AND PROF ED.pdf,The school principal has 3 teacher applicants all of whom graduated from the same institution and are licensed teachers. She only needs to hire one. What should she do to choose the best teacher from the three? I. Give them a placement test. II. Interview them on why they want to apply in the school. III. Let them demonstrate how to teach a particular lesson. IV. Study their portfolios to examine the qualities of the students' outputs when they were in College.,I and II.,II and III.,"I and III, IV","II, III and IV",,D,,Both,General/Professional Education,Cannot Determine,No,,Ready for Upload,Shared Gen Ed and Prof Ed compilation; answers are embedded as Answer: X after questions where available. Correct answer is embedded in PDF text.
818,93,2. GEN ED AND PROF ED.pdf,What should be done first when planning for a performance-based assessment?,"Determine the ""table of specifications"" of the tasks",Set the competency to be assessed.,Set the criteria in scoring the task.,Prepare a scoring rubric.,,B,,Both,General/Professional Education,Cannot Determine,No,,Ready for Upload,Shared Gen Ed and Prof Ed compilation; answers are embedded as Answer: X after questions where available. Correct answer is embedded in PDF text.
819,93,2. GEN ED AND PROF ED.pdf,"To maximize the amount of time spent for performance-based assessment, which one should be done?",Plan a task that can be used for instruction and assessment at the same time.,Assess one objective for one performance task.,Set objectives only for cognitive domains.,Limit the task to one meeting only.,,A,,Both,General/Professional Education,Cannot Determine,No,,Ready for Upload,Shared Gen Ed and Prof Ed compilation; answers are embedded as Answer: X after questions where available. Correct answer is embedded in PDF text.
820,93,2. GEN ED AND PROF ED.pdf,"Who among the teachers below gave the most authentic assessment task for the objective ""Solve word problems involving the four basic operations""",Mrs. Juliano who presented a word problem involving a four fundamental operations and then asked the pupils to solve it.,Mrs. Mandia who asked her pupils to construct a word problem for a given number sentence that involves four fundamental operations and then asked them to solve the word problem they constructed.,Mrs. Malang who asked her pupils to construct any word problem that involves the four fundamental operations and then asked them to show how to solve it.,Mrs. Pontipedra who asked her pupils to construct any word problem that involves the four fundamental operations then formed them by twos so that each pair exchanged problems and help solve each other's problem.,,D,,Both,General/Professional Education,Cannot Determine,No,,Ready for Upload,Shared Gen Ed and Prof Ed compilation; answers are embedded as Answer: X after questions where available. Correct answer is embedded in PDF text.
821,94,2. GEN ED AND PROF ED.pdf,Which is wrong to assume about traditional assessment?,It can assess individuals objectively.,It can assess individuals at the same time.,It is easier to administer than performance test.,It can assess fairly all the domains of intelligence of an individual,,D,,Both,General/Professional Education,Cannot Determine,No,,Ready for Upload,Shared Gen Ed and Prof Ed compilation; answers are embedded as Answer: X after questions where available. Correct answer is embedded in PDF text.
822,94,2. GEN ED AND PROF ED.pdf,Which statement about performance-based assessment is FALSE?,It emphasizes merely process.,"It also stresses doing, not only knowing.",It accentuates on process as well as product.,Essay tests are an example of performance-based assessments.,,A,,Both,General/Professional Education,Cannot Determine,No,,Ready for Upload,Shared Gen Ed and Prof Ed compilation; answers are embedded as Answer: X after questions where available. Correct answer is embedded in PDF text.
823,94,2. GEN ED AND PROF ED.pdf,Under which assumption is portfolio assessment based?,Portfolio assessment is a dynamic assessment.,Assessment should stress the reproduction of knowledge.,An individual learner is adequately characterized by a test score.,An individual learner is inadequately characterized by a test score.,,D,,Both,General/Professional Education,Cannot Determine,No,,Ready for Upload,Shared Gen Ed and Prof Ed compilation; answers are embedded as Answer: X after questions where available. Correct answer is embedded in PDF text.
824,94,2. GEN ED AND PROF ED.pdf,Which is a good portfolio evidence of a student's acquired knowledge and writing skills?,Project,Test Results,Reflective Journal,Critiqued Outputs,,C,,Both,General/Professional Education,Cannot Determine,No,,Ready for Upload,Shared Gen Ed and Prof Ed compilation; answers are embedded as Answer: X after questions where available. Correct answer is embedded in PDF text.
825,94,2. GEN ED AND PROF ED.pdf,"When planning for portfolio assessment, which should you do first?",Set the targets for portfolio assessment.,Exhibit one's work and be proud of one's collection,Select evidences that could be captured in one's portfolio,Reflect on one's collection and identify strengths and weaknesses,,A,,Both,General/Professional Education,Cannot Determine,No,,Ready for Upload,Shared Gen Ed and Prof Ed compilation; answers are embedded as Answer: X after questions where available. Correct answer is embedded in PDF text.
826,94,2. GEN ED AND PROF ED.pdf,Which kind of rubric is best to use in rating students' projects done for several days?,Analytic,Holistic,Either holistic or analytic,Both holistic and analytic,,A,,Both,General/Professional Education,Cannot Determine,No,,Ready for Upload,Shared Gen Ed and Prof Ed compilation; answers are embedded as Answer: X after questions where available. Correct answer is embedded in PDF text.
827,95,2. GEN ED AND PROF ED.pdf,Which is not true of an analytic rubric?,It is time consuming,It is easier to construct than the holistic rubric,It gives one's level of performance per criterion,It allows one to pinpoint the strengths and weaknesses of one's work.,,B,,Both,General/Professional Education,Cannot Determine,No,,Ready for Upload,Shared Gen Ed and Prof Ed compilation; answers are embedded as Answer: X after questions where available. Correct answer is embedded in PDF text.
828,95,2. GEN ED AND PROF ED.pdf,"Mrs. Bacani prepared a rubric with 5 levels of performance described in 5-excellent, 4-very satisfactory, 3-satisfactory, 2 needs improvement, 1-poor. After using this rubric with these descriptions, she found out that most of her students had a rating of 3. Even those who are evidently poor in their performance had a rating of satisfactory. Cold there be a possible error in the use of the rubric?","Yes, the teacher could have committed the generosity error.","Yes, the teacher could have committed the central tendency source of error.","No, it is just common to see more of the students having grade of 3 in a 5-point scale.","No, such result is acceptable as long as it has a positive consequence to the students.",,B,,Both,General/Professional Education,Cannot Determine,No,,Ready for Upload,Shared Gen Ed and Prof Ed compilation; answers are embedded as Answer: X after questions where available. Correct answer is embedded in PDF text.
829,95,2. GEN ED AND PROF ED.pdf,"In a positively skewed distribution, the following statement are true except",Median is higher than the mode.,Mean is higher than the Media.,Mean is lower than the Mode.,Mean is not lower than the Mode.,,C,,Both,General/Professional Education,Cannot Determine,No,,Ready for Upload,Shared Gen Ed and Prof Ed compilation; answers are embedded as Answer: X after questions where available. Correct answer is embedded in PDF text.
830,95,2. GEN ED AND PROF ED.pdf,Which of the following questions indicate a norm - referred interpretation?,How does the pupils test performance in our school compare with that of other schools?:,How does a pupil's test performance in reading and mathematics compare?,What type of remedial work will be most helpful for a slow- learning pupil?,Which pupils have achieved master of computational skills?,,A,,Both,General/Professional Education,Cannot Determine,No,,Ready for Upload,Shared Gen Ed and Prof Ed compilation; answers are embedded as Answer: X after questions where available. Correct answer is embedded in PDF text.
831,95,2. GEN ED AND PROF ED.pdf,What is the performance of a student in the National Achievement Test (NAT) if he obtained/got a stanine score of 5?,Between average and above average,Between average and below average,Below average,Average,,D,,Both,General/Professional Education,Cannot Determine,No,,Ready for Upload,Shared Gen Ed and Prof Ed compilation; answers are embedded as Answer: X after questions where available. Correct answer is embedded in PDF text.
832,96,2. GEN ED AND PROF ED.pdf,"Based on the figure, which is true about the distribution?","Mean=55, median=48, mode=34","Mean=46, median=40, mode=37","Mean=63, median=63, mode=63",The distribution is mesokrutic,,C,,Both,General/Professional Education,Cannot Determine,Yes,question:/Users/lyndon/reviewnatin/output/pdf/images/let_questions/let_gen_ed_prof_ed_p096_q004_fig01.png,Ready for Upload,Shared Gen Ed and Prof Ed compilation; answers are embedded as Answer: X after questions where available. Correct answer is embedded in PDF text. Figure crop extracted from source PDF page 96 and attached to this question. Figure crop extracted from source PDF page 96 and attached to this question.
833,96,2. GEN ED AND PROF ED.pdf,"If quartile deviation is to median, what is to mean?",Standard deviation,Mode,Range,Variance,,A,,Both,General/Professional Education,Cannot Determine,No,,Ready for Upload,Shared Gen Ed and Prof Ed compilation; answers are embedded as Answer: X after questions where available. Correct answer is embedded in PDF text.
834,96,2. GEN ED AND PROF ED.pdf,"In a normal distribution, which of the following is true?",median=mode=mean,median≠mode=mean,median≠mode≠mean,Mean=median=mode,,D,,Both,General/Professional Education,Cannot Determine,No,,Ready for Upload,Shared Gen Ed and Prof Ed compilation; answers are embedded as Answer: X after questions where available. Correct answer is embedded in PDF text.
835,96,2. GEN ED AND PROF ED.pdf,Which of the following situations may lower the validity of test?,Mrs. Josea increases the number of items measuring each specific skill from three to five.,Mr. Santosa simplifies the language in the directions for the test.,Miss. Lopeza removes the items in the achievement test that everyone would be able to answer correctly.,None of the above.,,D,,Both,General/Professional Education,Cannot Determine,No,,Ready for Upload,Shared Gen Ed and Prof Ed compilation; answers are embedded as Answer: X after questions where available. Correct answer is embedded in PDF text.
836,97,2. GEN ED AND PROF ED.pdf,"In a negatively skewed distribution, which of the following statements is true?",Mode is lower than the mean.,Mean is lower than the mode.,Median is higher than the mode.,Mode is lower than the median.,,B,,Both,General/Professional Education,Cannot Determine,No,,Ready for Upload,Shared Gen Ed and Prof Ed compilation; answers are embedded as Answer: X after questions where available. Correct answer is embedded in PDF text.
837,97,2. GEN ED AND PROF ED.pdf,"In a negatively skewed distribution, the following statements are true EXCEPT?",Mean is not higher than the median,Median is lower than the mode.,Mean is lower than the mode.,Mode is less than the median.,,D,,Both,General/Professional Education,Cannot Determine,No,,Ready for Upload,Shared Gen Ed and Prof Ed compilation; answers are embedded as Answer: X after questions where available. Correct answer is embedded in PDF text.
838,97,2. GEN ED AND PROF ED.pdf,Miss Cortez administered a test to her class and the result is positively skewed. What kind of test do you think Miss Cortez gave to her pupils?,Post test,Pretest,Mastery test,Criterion-referenced test,,B,,Both,General/Professional Education,Cannot Determine,No,,Ready for Upload,Shared Gen Ed and Prof Ed compilation; answers are embedded as Answer: X after questions where available. Correct answer is embedded in PDF text.
839,97,2. GEN ED AND PROF ED.pdf,The result of the test given by teacher A showed a negatively skewed distribution. What kind of test did Teacher A give?,The test is difficult,It is not too easy nor too difficult,It is moderately difficult,It is easy,,D,,Both,General/Professional Education,Cannot Determine,No,,Ready for Upload,Shared Gen Ed and Prof Ed compilation; answers are embedded as Answer: X after questions where available. Correct answer is embedded in PDF text.
840,97,2. GEN ED AND PROF ED.pdf,"When the distribution is skewed to the right, what kind of test was administered?",Difficult,Easy,Average/moderately difficult,Partly easy- partly difficult,,A,,Both,General/Professional Education,Cannot Determine,No,,Ready for Upload,Shared Gen Ed and Prof Ed compilation; answers are embedded as Answer: X after questions where available. Correct answer is embedded in PDF text.
841,97,2. GEN ED AND PROF ED.pdf,"In a negatively skewed distribution, what kind of students does Teacher B have?",Very good,Very poor,Average,Heterogeneous,,A,,Both,General/Professional Education,Cannot Determine,No,,Ready for Upload,Shared Gen Ed and Prof Ed compilation; answers are embedded as Answer: X after questions where available. Correct answer is embedded in PDF text.
842,98,2. GEN ED AND PROF ED.pdf,"In a positively skewed distribution, the students are?",Very good,Very poor,Average,Normally distributed,,B,,Both,General/Professional Education,Cannot Determine,No,,Ready for Upload,Shared Gen Ed and Prof Ed compilation; answers are embedded as Answer: X after questions where available. Correct answer is embedded in PDF text.
843,98,2. GEN ED AND PROF ED.pdf,"In a positively skewed distribution, which of the following statements is true?",Mode = 67 while Media = 54,Median = 53 while Mean = 41,Mean = 73 while Mode = 49,Median = 34 while Mode = 42,,C,,Both,General/Professional Education,Cannot Determine,No,,Ready for Upload,Shared Gen Ed and Prof Ed compilation; answers are embedded as Answer: X after questions where available. Correct answer is embedded in PDF text.
844,98,2. GEN ED AND PROF ED.pdf,Which statements represent criterion-referenced interpretation?,Lucresia did better in solving the linear equation than 80% of representative Algebra students.,Lucresia's score indicates that she is able to solve about two thirds of all one-variable linear equations of such complexity.,Students who have reached Lucresia's level on linear equations usually succeed in the subsequent unit on simultaneous equations with special help or extra time; i.,All of the above,", Lucresia is ready to move ahead.",B,,Both,General/Professional Education,Cannot Determine,No,,Ready for Upload,Shared Gen Ed and Prof Ed compilation; answers are embedded as Answer: X after questions where available. Correct answer is embedded in PDF text.
845,98,2. GEN ED AND PROF ED.pdf,Bernard obtained a 97 percentile rank in an aptitude test. This means,He answered 97% of the items correctly.,He belongs to the 97% of the group who took the test.,79% of the examinees did better than her on the test.,He surpassed 97% of those who took the test.,,D,,Both,General/Professional Education,Cannot Determine,No,,Ready for Upload,Shared Gen Ed and Prof Ed compilation; answers are embedded as Answer: X after questions where available. Correct answer is embedded in PDF text.
846,98,2. GEN ED AND PROF ED.pdf,"Which set of scores has the least variability? Set 1 0,5,10,15,20 Set 2 25,35,45,55 Set 3 0,2,8,15,20 Set 4 505,501,503",Set 1,Set 2,Set 3,Set 4,,D,,Both,General/Professional Education,Cannot Determine,No,,Ready for Upload,Shared Gen Ed and Prof Ed compilation; answers are embedded as Answer: X after questions where available. Correct answer is embedded in PDF text.
847,98,2. GEN ED AND PROF ED.pdf,Standard deviation is to variability as mode to?,Correlation,Discrimination,Central tendency,Level of difficulty,,C,,Both,General/Professional Education,Cannot Determine,No,,Duplicate,Shared Gen Ed and Prof Ed compilation; answers are embedded as Answer: X after questions where available. Correct answer is embedded in PDF text. Duplicate or near-duplicate of row 334.
848,99,2. GEN ED AND PROF ED.pdf,Goring performed better than 65% of the total number of examinees in the district achievement test. What is his percentile rank?,P35,P65,P66,P75,,B,,Both,General/Professional Education,Cannot Determine,No,,Ready for Upload,Shared Gen Ed and Prof Ed compilation; answers are embedded as Answer: X after questions where available. Correct answer is embedded in PDF text.
849,99,2. GEN ED AND PROF ED.pdf,Which is a guidance function of a test?,Identifying pupils who need corrective teaching,Predicting success in future academic and vocational education,Assigning marks for courses taken,Grouping pupils for instruction within a class,,B,,Both,General/Professional Education,Cannot Determine,No,,Ready for Upload,Shared Gen Ed and Prof Ed compilation; answers are embedded as Answer: X after questions where available. Correct answer is embedded in PDF text.
850,99,2. GEN ED AND PROF ED.pdf,"Mr. Reyes, an elementary school teacher in Science found out that many of his pupils got very high scores in the test. What measure of central tendency should he use to describe their average performance in the subject?",Mean,Median,Mode,Range,,B,,Both,General/Professional Education,Cannot Determine,No,,Ready for Upload,Shared Gen Ed and Prof Ed compilation; answers are embedded as Answer: X after questions where available. Correct answer is embedded in PDF text.
851,99,2. GEN ED AND PROF ED.pdf,Which of the following indicates how compressed or expanded the distribution of scores is?,Measures of position,Measures of central tendency,Measures of correlation,Measures of variability,,D,,Both,General/Professional Education,Cannot Determine,No,,Ready for Upload,Shared Gen Ed and Prof Ed compilation; answers are embedded as Answer: X after questions where available. Correct answer is embedded in PDF text.
852,99,2. GEN ED AND PROF ED.pdf,"The proportion passing the upper and lower group is .80 and .95, respectively. What is the index of difficulty?",.38,.40,.58,1.02,,C,,Both,General/Professional Education,Cannot Determine,No,,Ready for Upload,Shared Gen Ed and Prof Ed compilation; answers are embedded as Answer: X after questions where available. Correct answer is embedded in PDF text.
853,99,2. GEN ED AND PROF ED.pdf,Mr. Gringo tried to correlate the scores of his pupils in the Social studies test with their grades in the same subject last 3rd quarter. What test validity is he trying to establish?,Content validity,Construct validity,Concurrent validity,Criterion related validity,,C,,Both,General/Professional Education,Cannot Determine,No,,Ready for Upload,Shared Gen Ed and Prof Ed compilation; answers are embedded as Answer: X after questions where available. Correct answer is embedded in PDF text.
854,100,2. GEN ED AND PROF ED.pdf,"If a test item has a difficulty index of 0.06, how would you describe the test item?",It is very easy.,It is moderately difficulty.,It is very difficult,It is difficult,,C,,Both,General/Professional Education,Cannot Determine,No,,Ready for Upload,Shared Gen Ed and Prof Ed compilation; answers are embedded as Answer: X after questions where available. Correct answer is embedded in PDF text.
855,100,2. GEN ED AND PROF ED.pdf,Which of the two sections is more homogeneous?,Section 1,Section 2,Both A and B,None of the above,,A,,Both,General/Professional Education,Cannot Determine,No,,Ready for Upload,Shared Gen Ed and Prof Ed compilation; answers are embedded as Answer: X after questions where available. Correct answer is embedded in PDF text.
856,100,2. GEN ED AND PROF ED.pdf,Miss Corteza administered a test to her class and the result is positively skewed. What kind of test do you think Miss Corteza gave to her pupils?,Posttest,Pretest,Mastery test,Criterion-referenced test,,B,,Both,General/Professional Education,Cannot Determine,No,,Ready for Upload,Shared Gen Ed and Prof Ed compilation; answers are embedded as Answer: X after questions where available. Correct answer is embedded in PDF text.
857,100,2. GEN ED AND PROF ED.pdf,"In his second item analysis, Mr. Gonzales found out that more from the lower group got the test item 15 correctly. What does this mean?",The item has become more valid,The item has become more reliable,The item has a positive discriminating power,The item has a negative discriminating power,,D,,Both,General/Professional Education,Cannot Determine,No,,Ready for Upload,Shared Gen Ed and Prof Ed compilation; answers are embedded as Answer: X after questions where available. Correct answer is embedded in PDF text.
858,101,2. GEN ED AND PROF ED.pdf,Q1 is 25th percentile as media is to what percentile?,40th percentile,60th percentile,50th percentile,75th percentile,,C,,Both,General/Professional Education,Cannot Determine,No,,Ready for Upload,Shared Gen Ed and Prof Ed compilation; answers are embedded as Answer: X after questions where available. Correct answer is embedded in PDF text.
859,101,2. GEN ED AND PROF ED.pdf,Which is implied by a positively skewed scores distribution?,"The mean, the median, and the mode are equal.",Most of the scores are high,Most of the scores are low.,The mode is high,,C,,Both,General/Professional Education,Cannot Determine,No,,Ready for Upload,Shared Gen Ed and Prof Ed compilation; answers are embedded as Answer: X after questions where available. Correct answer is embedded in PDF text.
860,101,2. GEN ED AND PROF ED.pdf,"In a normal distribution curve, what does a T-score of 60 mean?",Two SDs below the mean,Two SDs below the mean,One SD below the mean,One SD above the mean,,D,,Both,General/Professional Education,Cannot Determine,No,,Ready for Upload,Shared Gen Ed and Prof Ed compilation; answers are embedded as Answer: X after questions where available. Correct answer is embedded in PDF text.
861,101,2. GEN ED AND PROF ED.pdf,"For items 8 to 13, what does each figure/distribution on the right indicate?",mean > median > mode,mean < mode > median,mean > mode < median,mean < median < mode,,D,,Both,General/Professional Education,Cannot Determine,Yes,question:/Users/lyndon/reviewnatin/output/pdf/images/let_questions/let_gen_ed_prof_ed_p101_q008_fig01.png,Ready for Upload,Shared Gen Ed and Prof Ed compilation; answers are embedded as Answer: X after questions where available. Correct answer is embedded in PDF text. Incomplete question/options after extraction. Figure crop extracted from source PDF page 101 and attached to this question. Figure crop extracted from source PDF page 101 and attached to this question.
862,101,2. GEN ED AND PROF ED.pdf,"For items 8 to 13, what does each figure/distribution on the right indicate?",mode < mean < median,mode > mean > median,median < mode > mean,none of the above,,D,,Both,General/Professional Education,Cannot Determine,Yes,question:/Users/lyndon/reviewnatin/output/pdf/images/let_questions/let_gen_ed_prof_ed_p102_q009_fig01.png,Ready for Upload,Shared Gen Ed and Prof Ed compilation; answers are embedded as Answer: X after questions where available. Correct answer is embedded in PDF text. Incomplete question/options after extraction. Figure crop extracted from source PDF page 102 and attached to this question.
863,102,2. GEN ED AND PROF ED.pdf,"For items 8 to 13, what does each figure/distribution on the right indicate?","equal means, unequal standard deviations","equal means, equal standard deviations","unequal means, equal standard deviations",unequal means unequal standard deviations,,A,,Both,General/Professional Education,Cannot Determine,Yes,question:/Users/lyndon/reviewnatin/output/pdf/images/let_questions/let_gen_ed_prof_ed_p102_q010_fig01.png,Ready for Upload,Shared Gen Ed and Prof Ed compilation; answers are embedded as Answer: X after questions where available. Correct answer is embedded in PDF text. Incomplete question/options after extraction. Figure crop extracted from source PDF page 102 and attached to this question. Figure crop extracted from source PDF page 102 and attached to this question.
864,102,2. GEN ED AND PROF ED.pdf,"For items 8 to 13, what does each figure/distribution on the right indicate?","unequal means, equal standard deviations","unequal means, equal standard deviations","equal means, equal standard deviations","equal means, unequal standard deviations",,A,,Both,General/Professional Education,Cannot Determine,Yes,question:/Users/lyndon/reviewnatin/output/pdf/images/let_questions/let_gen_ed_prof_ed_p102_q011_fig01.png,Ready for Upload,Shared Gen Ed and Prof Ed compilation; answers are embedded as Answer: X after questions where available. Correct answer is embedded in PDF text. Figure crop extracted from source PDF page 102 and attached to this question. Figure crop extracted from source PDF page 102 and attached to this question.
865,103,2. GEN ED AND PROF ED.pdf,"For items 8 to 13, what does each figure/distribution on the right indicate?","unequal variability, equal means, different shapes","unequal means, equal variability, different shapes","equal variability, equal means, different shapes","unequal variability, unequal means, different shapes",,C,,Both,General/Professional Education,Cannot Determine,Yes,question:/Users/lyndon/reviewnatin/output/pdf/images/let_questions/let_gen_ed_prof_ed_p103_q012_fig01.png,Ready for Upload,Shared Gen Ed and Prof Ed compilation; answers are embedded as Answer: X after questions where available. Correct answer is embedded in PDF text. Incomplete question/options after extraction. Figure crop extracted from source PDF page 103 and attached to this question. Figure crop extracted from source PDF page 103 and attached to this question.
866,103,2. GEN ED AND PROF ED.pdf,"For items 8 to 13, what does each figure/distribution on the right indicate?","unequal means, equal standard deviations","equal means, unequal standard deviations","equal means, equal standard deviations","unequal means, unequal standard deviations",,D,,Both,General/Professional Education,Cannot Determine,Yes,question:/Users/lyndon/reviewnatin/output/pdf/images/let_questions/let_gen_ed_prof_ed_p103_q013_fig01.png,Ready for Upload,Shared Gen Ed and Prof Ed compilation; answers are embedded as Answer: X after questions where available. Correct answer is embedded in PDF text. Incomplete question/options after extraction. Figure crop extracted from source PDF page 103 and attached to this question. Figure crop extracted from source PDF page 103 and attached to this question.
867,103,2. GEN ED AND PROF ED.pdf,"In conducting a parent- teacher conference, which of the following is NOT true?",Be friendly and informal,Be a know-it-all person,Be willing to accept suggestions,Be careful in giving advice,,B,,Both,General/Professional Education,Cannot Determine,No,,Ready for Upload,Shared Gen Ed and Prof Ed compilation; answers are embedded as Answer: X after questions where available. Correct answer is embedded in PDF text.
868,103,2. GEN ED AND PROF ED.pdf,"In a frequency distribution, what is the midpoint of the class interval whose lower and upper limits are 99.5 and 109.5?",107.0,105.0,104.5,102.5,,C,,Both,General/Professional Education,Cannot Determine,No,,Ready for Upload,Shared Gen Ed and Prof Ed compilation; answers are embedded as Answer: X after questions where available. Correct answer is embedded in PDF text.
869,104,2. GEN ED AND PROF ED.pdf,"In a frequency distribution, what is the interval size of the class whose lower and upper limits are 9.5 and 19.5?",11.0,10.0,9.0,5.0,,B,,Both,General/Professional Education,Cannot Determine,No,,Ready for Upload,Shared Gen Ed and Prof Ed compilation; answers are embedded as Answer: X after questions where available. Correct answer is embedded in PDF text.
870,104,2. GEN ED AND PROF ED.pdf,"Given a mean of 55 and a standard deviation of 8, what two scores include one standard deviation below and above the mean?",46 and 63,47 and 64,47 and 63,46 and 64,,C,,Both,General/Professional Education,Cannot Determine,No,,Ready for Upload,Shared Gen Ed and Prof Ed compilation; answers are embedded as Answer: X after questions where available. Correct answer is embedded in PDF text.
871,104,2. GEN ED AND PROF ED.pdf,"Given the same mean of 55 and standard deviation of 8, what score corresponds to two standard deviation above the mean?",70,71,72,73,,B,,Both,General/Professional Education,Cannot Determine,No,,Ready for Upload,Shared Gen Ed and Prof Ed compilation; answers are embedded as Answer: X after questions where available. Correct answer is embedded in PDF text.
872,104,2. GEN ED AND PROF ED.pdf,What principle of test construction is violated when one places very difficult items at the beginning; thus creating frustration among students particularly those of average ability and below average?,All the items of particular type should be placed together in the test.,The items should be phrased so that the content rather than the form of the statements will determine the answer.,All items should be approximately 50 percent difficulty.,The items of any particular type should be arranged in an ascending order of difficulty.,,D,,Both,General/Professional Education,Cannot Determine,No,,Ready for Upload,Shared Gen Ed and Prof Ed compilation; answers are embedded as Answer: X after questions where available. Correct answer is embedded in PDF text.
873,104,2. GEN ED AND PROF ED.pdf,Mrs. Reyes would like to find out how well her students know each other. What assessment instrument would best suit her objective?,Self-report instrument,Sociometric technique,Guess-who technique,All of the above,,C,,Both,General/Professional Education,Cannot Determine,No,,Ready for Upload,Shared Gen Ed and Prof Ed compilation; answers are embedded as Answer: X after questions where available. Correct answer is embedded in PDF text.
874,104,2. GEN ED AND PROF ED.pdf,"Mr. Reyes asked his pupils to indicate on the piece of paper the names of their classmates whom they would like to be with for some group activity, what assessment technique did Mr. Reyes use?",Self-report technique,Guess-who technique,Sociometric technique,Anecdotal technique,,C,,Both,General/Professional Education,Cannot Determine,No,,Ready for Upload,Shared Gen Ed and Prof Ed compilation; answers are embedded as Answer: X after questions where available. Correct answer is embedded in PDF text.
875,105,2. GEN ED AND PROF ED.pdf,Which of the following assessment procedures/tools is useful in assessing social relation skills?,Anecdotal record,Attitude scale,Peer appraisal,any of the above,,C,,Both,General/Professional Education,Cannot Determine,No,,Ready for Upload,Shared Gen Ed and Prof Ed compilation; answers are embedded as Answer: X after questions where available. Correct answer is embedded in PDF text.
876,105,2. GEN ED AND PROF ED.pdf,"If the proportion passing for the upper and lower group is .90 and .30 respectively, what is the discrimination index?",.40,.50,.60,.70,,C,,Both,General/Professional Education,Cannot Determine,No,,Ready for Upload,Shared Gen Ed and Prof Ed compilation; answers are embedded as Answer: X after questions where available. Correct answer is embedded in PDF text.
877,105,2. GEN ED AND PROF ED.pdf,Which is an example of affective learning outcome?,Interpret stimuli from various modalities to provide data needed in making adjustments to the environment,Judge problem and issues in terms of situations involved than in terms of fixed dogmatic thinking,Appreciate the quality and worth of the story read,None of the above,,B,,Both,General/Professional Education,Cannot Determine,No,,Ready for Upload,Shared Gen Ed and Prof Ed compilation; answers are embedded as Answer: X after questions where available. Correct answer is embedded in PDF text.
878,105,2. GEN ED AND PROF ED.pdf,Mr. Mirasol who is a high school teacher in English conducted an item analysis of her test. She found out that four of the items of the test obtained the following difficulty and discrimination indices and as follows: Item NumberDifficulty IndexDiscrimination Index 1 .58 .49 2 .92 .72 3 .09 .32 4 .93 .15 Which of the above items should be discard in her item pool?,Item 1,Item 2,Item 3,Item 4,,D,,Both,General/Professional Education,Cannot Determine,No,,Ready for Upload,Shared Gen Ed and Prof Ed compilation; answers are embedded as Answer: X after questions where available. Correct answer is embedded in PDF text.
879,106,2. GEN ED AND PROF ED.pdf,Which of the following emphasizes the right of citizens to quality education?,The basic education level,Tertiary level,The graduate level,All levels,,D,,Both,General/Professional Education,Cannot Determine,No,,Ready for Upload,Shared Gen Ed and Prof Ed compilation; answers are embedded as Answer: X after questions where available. Correct answer is embedded in PDF text.
880,106,2. GEN ED AND PROF ED.pdf,"Which educational level/s provide/s for free and compulsory education as stipulated in Article IV, Section 2 of the Philippine Constitution?",Elementary level,Secondary level,Elementary and secondary levels,Tertiary level,,C,,Both,General/Professional Education,Cannot Determine,No,,Ready for Upload,Shared Gen Ed and Prof Ed compilation; answers are embedded as Answer: X after questions where available. Correct answer is embedded in PDF text.
881,106,2. GEN ED AND PROF ED.pdf,Who among the following is in the category of non-academic personnel as provided for under Education Act of 1982?,Guidance counselors,School principal,School nurse,School librarian,,C,,Both,General/Professional Education,Cannot Determine,No,,Ready for Upload,Shared Gen Ed and Prof Ed compilation; answers are embedded as Answer: X after questions where available. Correct answer is embedded in PDF text.
882,106,2. GEN ED AND PROF ED.pdf,How is gradual progression of teacher's salary from minimum to maximum done?,Regular increment every year,Increment after ten years of service,Regular increment every 3 years,Increment after five years,,C,,Both,General/Professional Education,Cannot Determine,No,,Ready for Upload,Shared Gen Ed and Prof Ed compilation; answers are embedded as Answer: X after questions where available. Correct answer is embedded in PDF text.
883,106,2. GEN ED AND PROF ED.pdf,Which of the following is NOT recognized by the Magna Carta for Public School Teachers?,Quality education depends primarily on the quality of socio-economic status of teachers.,Advancement in education depends on the teachers' qualifications and ability.,Education is an essential factor in the economic growth of the nation.,Education is development and vice-versa.,,D,,Both,General/Professional Education,Cannot Determine,No,,Ready for Upload,Shared Gen Ed and Prof Ed compilation; answers are embedded as Answer: X after questions where available. Correct answer is embedded in PDF text.
884,107,2. GEN ED AND PROF ED.pdf,What appointment can be given to Teacher A who possesses the minimum qualifications but lacks the appropriate but lacks the appropriate civil service eligibility?,Contractual basis,Permanent,Provisional,Substitute,,C,,Both,General/Professional Education,Cannot Determine,No,,Ready for Upload,Shared Gen Ed and Prof Ed compilation; answers are embedded as Answer: X after questions where available. Correct answer is embedded in PDF text.
885,107,2. GEN ED AND PROF ED.pdf,Which of the following rights is intended for parents under Education Act of 1982?,The right to academic freedom,The right to privacy of communication,The right to seek redress of grievance,The right to full access to the evidence of the case,,C,,Both,General/Professional Education,Cannot Determine,No,,Ready for Upload,Shared Gen Ed and Prof Ed compilation; answers are embedded as Answer: X after questions where available. Correct answer is embedded in PDF text.
886,107,2. GEN ED AND PROF ED.pdf,What can help achieve relevant quality education?,Strong curriculum,Competent instruction,School-community relations,Competent administrator,,B,,Both,General/Professional Education,Cannot Determine,No,,Ready for Upload,Shared Gen Ed and Prof Ed compilation; answers are embedded as Answer: X after questions where available. Correct answer is embedded in PDF text.
887,107,2. GEN ED AND PROF ED.pdf,Which of the following provisions under the Magna Carta for Public School Teachers will most likely promote teachers' welfare and defend their interests?,Be promoted in rank and salary,Regulate their social involvement,Undergo and participate in professional development,"Establish, join and maintain professional and self-regulation organizations",,D,,Both,General/Professional Education,Cannot Determine,No,,Ready for Upload,Shared Gen Ed and Prof Ed compilation; answers are embedded as Answer: X after questions where available. Correct answer is embedded in PDF text.
888,107,2. GEN ED AND PROF ED.pdf,"What does ""teachers are persons in authority"" imply?",Teachers cannot be charged.,No person can assault a teacher.,Teachers have immunity from arrest.,Decisions made by teachers are deemed right.,,B,,Both,General/Professional Education,Cannot Determine,No,,Ready for Upload,Shared Gen Ed and Prof Ed compilation; answers are embedded as Answer: X after questions where available. Correct answer is embedded in PDF text.
889,107,2. GEN ED AND PROF ED.pdf,Who among the following characterizes a professional teacher?,An education graduate who received honors,A teacher who has taught for at least six years,A teacher who has attended national seminars on teaching,A teacher who qualifies for a permanent position under RA 4670,,D,,Both,General/Professional Education,Cannot Determine,No,,Ready for Upload,Shared Gen Ed and Prof Ed compilation; answers are embedded as Answer: X after questions where available. Correct answer is embedded in PDF text.
890,108,2. GEN ED AND PROF ED.pdf,Who are covered by RA 4670?,Teachers in all levels,Teachers in all public elementary schools,Teachers in both public and private schools,Teachers in public elementary and secondary schools,,D,,Both,General/Professional Education,Cannot Determine,No,,Ready for Upload,Shared Gen Ed and Prof Ed compilation; answers are embedded as Answer: X after questions where available. Correct answer is embedded in PDF text.
891,108,2. GEN ED AND PROF ED.pdf,"Teacher B has been in active service for 10 years when he decided to pursue higher studies. Under RA 4670, what kind of leave of absence can s/he avail of?",Indefinite leave,Scholarship leave,Study leave,Vacation leave,,C,,Both,General/Professional Education,Cannot Determine,No,,Ready for Upload,Shared Gen Ed and Prof Ed compilation; answers are embedded as Answer: X after questions where available. Correct answer is embedded in PDF text.
892,108,2. GEN ED AND PROF ED.pdf,When can teachers be required to work on assignment not related to their duties?,When on probation,When found inefficient,When lacking in educational qualifications,When compensated under existing laws,,D,,Both,General/Professional Education,Cannot Determine,No,,Ready for Upload,Shared Gen Ed and Prof Ed compilation; answers are embedded as Answer: X after questions where available. Correct answer is embedded in PDF text.
893,108,2. GEN ED AND PROF ED.pdf,"Teacher C has been teaching 7 straight years and therefore qualities for a study leave with pay for one year. Should she pursue it, how much pay is she entitled to receive?",50% of monthly salary,60% of monthly salary,70% of monthly salary,100% monthly salary,,B,,Both,General/Professional Education,Cannot Determine,No,,Ready for Upload,Shared Gen Ed and Prof Ed compilation; answers are embedded as Answer: X after questions where available. Correct answer is embedded in PDF text.
894,108,2. GEN ED AND PROF ED.pdf,Which of the following laws strengthens teacher education in the Philippines through the establishment of centers of excellence?,RA 7722,RA 7784,RA 7796,RA 7834,,B,,Both,General/Professional Education,Cannot Determine,No,,Ready for Upload,Shared Gen Ed and Prof Ed compilation; answers are embedded as Answer: X after questions where available. Correct answer is embedded in PDF text.
895,108,2. GEN ED AND PROF ED.pdf,What does free public secondary educational under the law mean?,Right of every student to enter public secondary schools,Free from being screened to enter pubic secondary schools,Free from payment of school fees identifies and authorized by law,Free from payment of tuition and other fees for students enrolled in public secondary schools,,D,,Both,General/Professional Education,Cannot Determine,No,,Ready for Upload,Shared Gen Ed and Prof Ed compilation; answers are embedded as Answer: X after questions where available. Correct answer is embedded in PDF text.
896,109,2. GEN ED AND PROF ED.pdf,Teacher D is assigned in a rural area; Teacher E in a depressed community; Teacher F in a hazardous area; and Teacher G in a place where standard of living is high. Who is entitled to a hardship allowance?,Teacher D,Teacher E,Teacher F,Teacher G,,C,,Both,General/Professional Education,Cannot Determine,No,,Ready for Upload,Shared Gen Ed and Prof Ed compilation; answers are embedded as Answer: X after questions where available. Correct answer is embedded in PDF text.
897,109,2. GEN ED AND PROF ED.pdf,Teacher H contracted an illness that required rest for more than one year. Which leave should she apply for?,Sick leave,Personal leave,Vacation leave,Indefinite leave,,D,,Both,General/Professional Education,Cannot Determine,No,,Ready for Upload,Shared Gen Ed and Prof Ed compilation; answers are embedded as Answer: X after questions where available. Correct answer is embedded in PDF text.
898,109,2. GEN ED AND PROF ED.pdf,A school personnel can avail of free legal service under certain circumstances. Principal I was accused of maligning her neighbor. Is Principal I entitled to the said service?,"Yes, she should defend herself.","No, if funds are not available.","No, it might bring some disagreements in school","No, the case is not related to her professional duties.",,D,,Both,General/Professional Education,Cannot Determine,No,,Ready for Upload,Shared Gen Ed and Prof Ed compilation; answers are embedded as Answer: X after questions where available. Correct answer is embedded in PDF text.
899,109,2. GEN ED AND PROF ED.pdf,Teacher J discusses conflicts between warring groups in Mindanao. Which pillar should he stress more?,Learning to be,Learning to live together,Learning to do,Learning to know,,B,,Both,General/Professional Education,Cannot Determine,No,,Ready for Upload,Shared Gen Ed and Prof Ed compilation; answers are embedded as Answer: X after questions where available. Correct answer is embedded in PDF text.
900,109,2. GEN ED AND PROF ED.pdf,"Teacher K teaches in a public school in her locality. Due to teacher shortage, her classroom teaching starts from 6 am and ends at 3 pm. Is the assignment given her just?","Yes, the situation demands that she render longer teaching hours.","Yes, as long as she signs a conforme letter to that effect.","No, rendering longer teaching hours would make the teacher tired and exhausted.","No, Magna Carta for Public School Teachers states that in the exigencies of service, any teacher may be required to render more than six hours and n ot more than eight hours of actual classroom teaching a day.",,D,,Both,General/Professional Education,Cannot Determine,No,,Ready for Upload,Shared Gen Ed and Prof Ed compilation; answers are embedded as Answer: X after questions where available. Correct answer is embedded in PDF text.
901,110,2. GEN ED AND PROF ED.pdf,"Teacher L, a graduate of BSEd with majorship in Mathematics teaches in a national high school in her province. Since she has been rated outstanding in her performance, can she be exempted from taking the LET?","Yes, that is a privilege that must be given to teachers whose performance is outstanding.","Yes, if approved by PRC.","No, RA 7836 states that no person shall practice or offer to practice the teaching profession in the Philippines or be appointed as teacher to any position calling for a teaching position without having previously obtained a valid certificate and a valid license from the Commission.","No, professional license is required of all teachers regardless of age and teaching performance.",,C,,Both,General/Professional Education,Cannot Determine,No,,Ready for Upload,Shared Gen Ed and Prof Ed compilation; answers are embedded as Answer: X after questions where available. Correct answer is embedded in PDF text.
902,110,2. GEN ED AND PROF ED.pdf,Which of the following statements is NOT true about the Code of Ethics for Professional Teachers?,The teacher must select which information to keep confidential,The teacher must demonstrate full commitment and devotion to duty,The teacher must manifest pride in the nobility of the teaching profession,The teacher must make no prejudice or discrimination against any learner,,A,,Both,General/Professional Education,Cannot Determine,No,,Ready for Upload,Shared Gen Ed and Prof Ed compilation; answers are embedded as Answer: X after questions where available. Correct answer is embedded in PDF text.
903,110,2. GEN ED AND PROF ED.pdf,Which of the following could be the reason for the teacher's suspension from the practice of the teaching profession?,"Immoral, unprofessional or dishonorable conduct",Observing proper procedures in obtaining a certificate of registration,Faithfulness to the code of ethical and professional standards for professional teachers,"Willingness to attend seminars, workshops, conferences and the like or the continuing education program prescribed by the Board and the Commission.",,A,,Both,General/Professional Education,Cannot Determine,No,,Ready for Upload,Shared Gen Ed and Prof Ed compilation; answers are embedded as Answer: X after questions where available. Correct answer is embedded in PDF text.
904,110,2. GEN ED AND PROF ED.pdf,"Ms. Sanchez, a BSE graduate, has not passed the LET yet. On what capacity can she be hired?",Permanent status,Emergency status,Provisional for not less six months,Provisional for not less than one year,,D,,Both,General/Professional Education,Cannot Determine,No,,Ready for Upload,Shared Gen Ed and Prof Ed compilation; answers are embedded as Answer: X after questions where available. Correct answer is embedded in PDF text.
905,111,2. GEN ED AND PROF ED.pdf,Teacher M suffers from hypertension and experiences difficulty in speech. Which would be affected if he continues teaching?,Personality,Punctuality,Effectiveness,Devotion to duty,,C,,Both,General/Professional Education,Cannot Determine,No,,Ready for Upload,Shared Gen Ed and Prof Ed compilation; answers are embedded as Answer: X after questions where available. Correct answer is embedded in PDF text.
906,111,2. GEN ED AND PROF ED.pdf,Teacher N wants to continue with her study leave for another six months after completing a school year. Could she be allowed?,"Yes, if her grades are excellent.","Yes, but without compensation.","No, other teachers should have the chance.","No, study leave should not exceed one year.",,B,,Both,General/Professional Education,Cannot Determine,No,,Ready for Upload,Shared Gen Ed and Prof Ed compilation; answers are embedded as Answer: X after questions where available. Correct answer is embedded in PDF text.
907,111,2. GEN ED AND PROF ED.pdf,"Teacher O tutors her students, who have difficulty coping with Math, after class hours. Is her act ethical?","Yes, provided she receives jut compensation.","Yes, provided she does not require a fee from the parent.","No, that is unfair to other students.","No, she should be free after her official time.",,B,,Both,General/Professional Education,Cannot Determine,No,,Ready for Upload,Shared Gen Ed and Prof Ed compilation; answers are embedded as Answer: X after questions where available. Correct answer is embedded in PDF text.
908,111,2. GEN ED AND PROF ED.pdf,"Teacher P, the English coordinator, was assisted by Teacher Q throughout the celebration of English Week. What could Teacher P do to acknowledge Teacher Q's assistance?",Buy her a gift,Keep quiet about the assistance received.,Mention formally to the principal the assistance received.,Make an announcement giving due recognition of the assistance received.,,D,,Both,General/Professional Education,Cannot Determine,No,,Ready for Upload,Shared Gen Ed and Prof Ed compilation; answers are embedded as Answer: X after questions where available. Correct answer is embedded in PDF text.
909,111,2. GEN ED AND PROF ED.pdf,Is holding a rally to protest the delay of benefits due a person ethically acceptable?,"Yes, when hold while on official time.","Yes, when hold outside the official time.","Yes, when hold with approval of the principal.","Yes, when hold together with parents and students.",,B,,Both,General/Professional Education,Cannot Determine,No,,Ready for Upload,Shared Gen Ed and Prof Ed compilation; answers are embedded as Answer: X after questions where available. Correct answer is embedded in PDF text.
910,111,2. GEN ED AND PROF ED.pdf,What should a teacher do when he/she falls in love with his/her student?,Court the student at home.,Propose and marry the student.,Wait till the student is no longer under his/her tutelage.,Act normally as if nothing happens and the student does not exist.,,C,,Both,General/Professional Education,Cannot Determine,No,,Ready for Upload,Shared Gen Ed and Prof Ed compilation; answers are embedded as Answer: X after questions where available. Correct answer is embedded in PDF text.
911,112,2. GEN ED AND PROF ED.pdf,"When a Principal starts to exercise his/her powers over making and promoting students, is his/her action acceptable?","Yes, when the teacher cannot make decision on time.","Yes, when there is abuse of judgment on the part of the teacher.","No, teachers are more knowledgeable of their student's performance.","No, grading and promoting students are exclusive functions of teachers.",,B,,Both,General/Professional Education,Cannot Determine,No,,Ready for Upload,Shared Gen Ed and Prof Ed compilation; answers are embedded as Answer: X after questions where available. Correct answer is embedded in PDF text.
912,112,2. GEN ED AND PROF ED.pdf,Teacher R was asked by her principal to teach pre-school class in addition to her regular grade one class. What will be the basis for her additional compensation?,Her basic salary,Performance rating,Providing public information of their policies and procedures,Encouraging appreciation of government agencies,,D,,Both,General/Professional Education,Cannot Determine,No,,Ready for Upload,Shared Gen Ed and Prof Ed compilation; answers are embedded as Answer: X after questions where available. Correct answer is embedded in PDF text.
913,112,2. GEN ED AND PROF ED.pdf,Which of the following shows responsiveness of public officials and employees?,Avoiding wastage in public funds,Formulating rules and policies regarding work,Providing public information of their policies and procedures,Encouraging appreciation of government services,,C,,Both,General/Professional Education,Cannot Determine,No,,Ready for Upload,Shared Gen Ed and Prof Ed compilation; answers are embedded as Answer: X after questions where available. Correct answer is embedded in PDF text.
914,112,2. GEN ED AND PROF ED.pdf,"Teacher S, a Science teacher has been accused of sexual harassment by one of her students. What should the school principal do?",Ask the teacher to surrender to the police.,Tell the teacher to stop reporting to school.,Advice the teacher to transfer to other school.,Create a committee to investigate the accusation.,,D,,Both,General/Professional Education,Cannot Determine,No,,Ready for Upload,Shared Gen Ed and Prof Ed compilation; answers are embedded as Answer: X after questions where available. Correct answer is embedded in PDF text.
915,112,2. GEN ED AND PROF ED.pdf,Teacher T receives a love letter from one of her third year high school students in Eenglish. What should Mr. Martin do?,Read her letter to the class.,Let the student express her feelings through letters.,Return the letter to the student and tell her not to do it again.,Surrender the letter to the parent of the student.,,C,,Both,General/Professional Education,Cannot Determine,No,,Ready for Upload,Shared Gen Ed and Prof Ed compilation; answers are embedded as Answer: X after questions where available. Correct answer is embedded in PDF text.
916,112,2. GEN ED AND PROF ED.pdf,"Mr. Nico, a Social Science teacher is advocating reforms which the principal failed to recognize. What should the principal do?",Subject Mr. Nico to a disciplinary measure.,Just keep quiet about the behavior of Mr. Nico,Call Mr. Nico to the office and clarify things out with him.,Send Mr. Nico a memo requiring him to explain his behavior.,,C,,Both,General/Professional Education,Cannot Determine,No,,Ready for Upload,Shared Gen Ed and Prof Ed compilation; answers are embedded as Answer: X after questions where available. Correct answer is embedded in PDF text.
917,113,2. GEN ED AND PROF ED.pdf,"Which of the following manifests ""Commitment to democracy"" as explained in RA 6713?",Maintaining the principle of accountability.,Committing to democratic values and ways of life.,Manifesting by deeds the supremacy of civilian authority over the military.,All of the above,,D,,Both,General/Professional Education,Cannot Determine,No,,Ready for Upload,Shared Gen Ed and Prof Ed compilation; answers are embedded as Answer: X after questions where available. Correct answer is embedded in PDF text.
918,113,2. GEN ED AND PROF ED.pdf,Teacher U was ordered by her principal to come to school on four consecutive Saturdays for the training of students' editorial staff of their school paper. Is this allowed under RA 4670?,"Yes, provided the teacher is compensated.","No, because it's not within the regular functions of the classroom teacher.","Yes, because it's part of the teacher's other duties","No, because it's not clearly indicated in the law",,C,,Both,General/Professional Education,Cannot Determine,No,,Ready for Upload,Shared Gen Ed and Prof Ed compilation; answers are embedded as Answer: X after questions where available. Correct answer is embedded in PDF text.
919,113,2. GEN ED AND PROF ED.pdf,"Dr. Velasco, a schools' division superintendent acted on the complaint filed by a group of parents against the alleged misconduct of a particular teacher. She issued a memorandum requiring her to take a leave of absence for a week while the complaint is being heard yet. Was the action of the superintendent legal?","Yes, because she is the superintendent.","No, because the complaint has not been heard yet.","Yes, the superintendent has disciplinary authority over teachers.","No, the superintendent has no disciplinary authority over teachers.",,C,,Both,General/Professional Education,Cannot Determine,No,,Ready for Upload,Shared Gen Ed and Prof Ed compilation; answers are embedded as Answer: X after questions where available. Correct answer is embedded in PDF text.
920,113,2. GEN ED AND PROF ED.pdf,A school's academic coordinator has been found to have engaged in gambling which has caused him to be absent most of the time. Can his certificate of registration as a teacher be revoked?,"No, unless he's proven guilty.","No, because he's protected by his rights as a teacher.","Yes, because he's incompetent.","Yes, because habitual gambling is a dishonorable conduct and is against the practice of teaching.",,D,,Both,General/Professional Education,Cannot Determine,No,,Ready for Upload,Shared Gen Ed and Prof Ed compilation; answers are embedded as Answer: X after questions where available. Correct answer is embedded in PDF text.
921,113,2. GEN ED AND PROF ED.pdf,"Mr. Santos is a holder of a valid certificate of eligibility as a teacher issued by the Civil Service Commissioner and the then DECS, while Mr. Cruz is a registered professional. Who is allowed to practice the teaching profession in the Philippines?","Mr. Santos, because of his CSC eligibility certificate.","Mr. Cruz, because their credentials are both recognized by law.","Both of them, because their credentials are both recognized by law.",Neither of the two because they did not take and pass the LET.,,C,,Both,General/Professional Education,Cannot Determine,No,,Ready for Upload,Shared Gen Ed and Prof Ed compilation; answers are embedded as Answer: X after questions where available. Correct answer is embedded in PDF text.
922,114,2. GEN ED AND PROF ED.pdf,What is RA 6713 also called?,Ethical Standards for public Employees,Code of Ethical Standards for Government Officials and Employees,Code of Conduct and Ethical Standards for Public Officials and Employees,Code of Ethical Standards and Conduct of Government Officials and Employees,,C,,Both,General/Professional Education,Cannot Determine,No,,Ready for Upload,Shared Gen Ed and Prof Ed compilation; answers are embedded as Answer: X after questions where available. Correct answer is embedded in PDF text.
923,114,2. GEN ED AND PROF ED.pdf,"Teacher V, a BEED graduate is preparing for the LET. Which of the following should she focus her attention more?",General Education,Specialization,Professional Education,General Education and Professional Education,,D,,Both,General/Professional Education,Cannot Determine,No,,Ready for Upload,Shared Gen Ed and Prof Ed compilation; answers are embedded as Answer: X after questions where available. Correct answer is embedded in PDF text.
924,114,2. GEN ED AND PROF ED.pdf,What norm of conduct is manifested by being loyal to the republic and to the Filipino people?,Professionalism,Nationalism and Patriotism,Responsiveness to the public,Honesty,,B,,Both,General/Professional Education,Cannot Determine,No,,Ready for Upload,Shared Gen Ed and Prof Ed compilation; answers are embedded as Answer: X after questions where available. Correct answer is embedded in PDF text.
925,114,2. GEN ED AND PROF ED.pdf,"Mr. Salazar, a school superintendent, filed his statement of assets and liabilities upon assuming to office. Under what ethical standard does this practice fall?",Divestment,Prohibited Acts and Transactions,Statement of Assets and Liabilities,System of Incentives,,C,,Both,General/Professional Education,Cannot Determine,No,,Ready for Upload,Shared Gen Ed and Prof Ed compilation; answers are embedded as Answer: X after questions where available. Correct answer is embedded in PDF text.
926,114,2. GEN ED AND PROF ED.pdf,Principal B acted on the letter of complaint received by his office 30 days after saying he was preoccupied by more important things the past days. Is his reason acceptable?,"Yes, because he has to prioritize things.","No, RA 6713 states that public officials and employees must act promptly on letters and requests within 15 working days from receipt thereof.","Yes, because the letter of complaint can wait and is of no urgency.","No, the reason is simple unacceptable.",,B,,Both,General/Professional Education,Cannot Determine,No,,Ready for Upload,Shared Gen Ed and Prof Ed compilation; answers are embedded as Answer: X after questions where available. Correct answer is embedded in PDF text.
927,114,2. GEN ED AND PROF ED.pdf,Which of the following is NOT in the norms of conduct under RA 6713?,Professionalism,Justness and sincerity,Commitment to public interest,Responsiveness to the private,,D,,Both,General/Professional Education,Cannot Determine,No,,Ready for Upload,Shared Gen Ed and Prof Ed compilation; answers are embedded as Answer: X after questions where available. Correct answer is embedded in PDF text.
928,115,2. GEN ED AND PROF ED.pdf,Which of the following is true about the teacher as a person under the Code of Ethics for Professional Teachers?,Live with dignity at all times wherever he/she is,Serve as a model worthy of emulation,Place premium upon self-respect and self-discipline,All of the above.,,D,,Both,General/Professional Education,Cannot Determine,No,,Ready for Upload,Shared Gen Ed and Prof Ed compilation; answers are embedded as Answer: X after questions where available. Correct answer is embedded in PDF text.
929,115,2. GEN ED AND PROF ED.pdf,Which of the following conditions manifests trend of globalization?,Establishment of stronger boundaries between and among nations.,Increased awareness on the importance of national cultures and traditions.,Less and less impact of human activity on the planet earth.,The incorporation of local and national economies into a worldwide global economy.,,D,,Both,General/Professional Education,Cannot Determine,No,,Ready for Upload,Shared Gen Ed and Prof Ed compilation; answers are embedded as Answer: X after questions where available. Correct answer is embedded in PDF text.
930,115,2. GEN ED AND PROF ED.pdf,"According to the Delors report, there are a number of main tensions central to the problems of the twenty first century that we need to overcome. One of them is the challenge to an individual how he or she can adapt to the changing world without forgetting or turning his/her back from the past. What kind of tension or conflict is manifested in this situation?",Tension between tradition and modernity,Tension between the global and the local,Tension between the universal and the individual,Tension between long term and short term considerations,,B,,Both,General/Professional Education,Cannot Determine,No,,Ready for Upload,Shared Gen Ed and Prof Ed compilation; answers are embedded as Answer: X after questions where available. Correct answer is embedded in PDF text.
931,115,2. GEN ED AND PROF ED.pdf,Which of the following features represents the new paradigm shift in education?,Traditional pedagogies,Lifelong education for all,Rigid subject matter boundaries,Knowledge as the only learning outcome,,B,,Both,General/Professional Education,Cannot Determine,No,,Ready for Upload,Shared Gen Ed and Prof Ed compilation; answers are embedded as Answer: X after questions where available. Correct answer is embedded in PDF text.
932,116,2. GEN ED AND PROF ED.pdf,What is the measure of relevance in education?,Democratization of access,Functionality and meaningfulness,Ability to sustain education through the future,Excellence and effectiveness,,B,,Both,General/Professional Education,Cannot Determine,No,,Ready for Upload,Shared Gen Ed and Prof Ed compilation; answers are embedded as Answer: X after questions where available. Correct answer is embedded in PDF text.
933,116,2. GEN ED AND PROF ED.pdf,What is the concern of Multicultural Education?,Anticipating the future and imagining possible and probable futures.,Gender equality and harnessing of the role of women in development.,Promoting care for the environment and building a global culture of ecological responsibility.,"The exploration of concepts of cultural diversity, similarities and prejudices to promote cultural understanding.",,D,,Both,General/Professional Education,Cannot Determine,No,,Ready for Upload,Shared Gen Ed and Prof Ed compilation; answers are embedded as Answer: X after questions where available. Correct answer is embedded in PDF text.
934,116,2. GEN ED AND PROF ED.pdf,Which of the following may be considered an economic impact of globalization on education?,Increasing commercialization of education and the corporate takeover of education,"Weakening of the notion of the ""citizen"" as a unified and unifying concept.",New technologies of information and communication creates new approaches to learning,Reduction of state and government support and subsidy for education,,A,,Both,General/Professional Education,Cannot Determine,No,,Ready for Upload,Shared Gen Ed and Prof Ed compilation; answers are embedded as Answer: X after questions where available. Correct answer is embedded in PDF text.
935,116,2. GEN ED AND PROF ED.pdf,Which of the following aptly describes Marshall Mcluhans' concept of global village?,"The idea that because of rapid globalization and development in technology, the world has become one global village where increased diversity and difference among people has become more pronounced than ever.","Rapid integration of the planet through media and technology where events in one part of the world could be experienced from other parts in real-time, similar to what human experience was like when we lived in small villages.","Global Village is the kind of global world we are experiencing, characterized by fundamentalism, apathy and conflict brought about by clashes of cultures.",People's cultural and religious identities will be the primary source of conflict in the post-Cold War world as evidenced by the conflict between fundamentalist Muslims and the western world.,,A,,Both,General/Professional Education,Cannot Determine,No,,Ready for Upload,Shared Gen Ed and Prof Ed compilation; answers are embedded as Answer: X after questions where available. Correct answer is embedded in PDF text.
936,116,2. GEN ED AND PROF ED.pdf,"When planning her lessons and units, Mrs. Jones is careful to include books and resources from a variety of cultures and ethnic groups. What kind of education is this?",Multilingual education,Transformative education,Multicultural education,Gender free education,,C,,Both,General/Professional Education,Cannot Determine,No,,Ready for Upload,Shared Gen Ed and Prof Ed compilation; answers are embedded as Answer: X after questions where available. Correct answer is embedded in PDF text.
937,116,2. GEN ED AND PROF ED.pdf,Which of the following is NOT a characteristic of globalization?,"Stretching a social, political and economic activities across political frontiers, regions and continents.","The growing magnitude of interconnectedness and flows of trade, investment and migration.",A speeding up of global interactions and processes through worldwide systems of transportation and communication.,The expansion of economic protectionism and isolation of poor countries.,,D,,Both,General/Professional Education,Cannot Determine,No,,Ready for Upload,Shared Gen Ed and Prof Ed compilation; answers are embedded as Answer: X after questions where available. Correct answer is embedded in PDF text.
938,117,2. GEN ED AND PROF ED.pdf,Which of the following illustrates the major paradigm shift in education in the 21st century?,Shift from rigid subject matter to a more interdisciplinary and multidisciplinary pedagogical approach.,Shift from values education and emotional learning to knowledge dominated curriculum,From contextualized themes generated from global and local realities to pre-organized subject matter,From more flexible learning styles to a prescribed pedagogy,,A,,Both,General/Professional Education,Cannot Determine,No,,Ready for Upload,Shared Gen Ed and Prof Ed compilation; answers are embedded as Answer: X after questions where available. Correct answer is embedded in PDF text.
939,117,2. GEN ED AND PROF ED.pdf,"What educational approach/perspective recognizes the knowledge and experience of women, racial groups and ethnic groups as being just, as valid and relevant as the knowledge of dominant groups in mainstream academic discourse?",Transformative education,Multicultural education,Inclusive education,Global education,,C,,Both,General/Professional Education,Cannot Determine,No,,Ready for Upload,Shared Gen Ed and Prof Ed compilation; answers are embedded as Answer: X after questions where available. Correct answer is embedded in PDF text.
940,117,2. GEN ED AND PROF ED.pdf,How does the notion of cultural relativity and variability affect the teaching-learning processes in school?,The students' varied cultural background will in now way affect the way they will learn the lessons in school.,The students can readily adjust to the way the teacher initiates learning in school because children are adaptable beings no matter what culture they come from.,"The child's cultural background influences the children's way of interpreting and viewing the world; hence, teachers must consider the children's world view when teaching.",The teacher should be wary of differing cultural points of view and must make sure that students will see things the same way.,,D,,Both,General/Professional Education,Cannot Determine,No,,Ready for Upload,Shared Gen Ed and Prof Ed compilation; answers are embedded as Answer: X after questions where available. Correct answer is embedded in PDF text.
941,117,2. GEN ED AND PROF ED.pdf,Which among the following is the focus of Civic Education?,"Promote understanding of human rights, concepts and values to enable learners to comprehend and transform conditions which give rise to human rights violations.",Learning for effective participation in democratic and development processes at both local and national levels.,Foster a vision of education for sustainable development and care for the environment.,"Empower people with the skills, attitudes and knowledge to build a peaceful world based on justice and human rights.",,B,,Both,General/Professional Education,Cannot Determine,No,,Ready for Upload,Shared Gen Ed and Prof Ed compilation; answers are embedded as Answer: X after questions where available. Correct answer is embedded in PDF text.
942,118,2. GEN ED AND PROF ED.pdf,Which of the following initiatives would NOT help a school address diversity?,Using ability grouping,Using cooperative learning,Working with neighborhood groups,Using culturally-relevant teaching methods,,A,,Both,General/Professional Education,Cannot Determine,No,,Ready for Upload,Shared Gen Ed and Prof Ed compilation; answers are embedded as Answer: X after questions where available. Correct answer is embedded in PDF text.
943,118,2. GEN ED AND PROF ED.pdf,"If the teacher is emphasizing the development of the learner's competency to transform knowledge into innovations and job-creation, what pillar of education does s/he is actually promoting?",Learning to Know,Learning to Do,Learning to Live Together,Learning to Be,,B,,Both,General/Professional Education,Cannot Determine,No,,Ready for Upload,Shared Gen Ed and Prof Ed compilation; answers are embedded as Answer: X after questions where available. Correct answer is embedded in PDF text.
944,118,2. GEN ED AND PROF ED.pdf,"What pillar of education which emphasizes learning to be human, through acquisition of knowledge, skills and values conducive to personality development?",Learning to Know,Learning to Do,Learning to Live Together,Learning to Be,,D,,Both,General/Professional Education,Cannot Determine,No,,Ready for Upload,Shared Gen Ed and Prof Ed compilation; answers are embedded as Answer: X after questions where available. Correct answer is embedded in PDF text.
945,118,2. GEN ED AND PROF ED.pdf,A class is composed of students coming from several ethnic communities including Muslims and lumads. They seem to have difficulty understanding each others' behavior and points of view. What should the teacher do?,Introduce multicuturalism in the class and provide activities for practice.,"Threaten the students that if there are students who do not behave and tolerant of their classmates, s/he will be dropped from class.","Inform students that they will all be learning new ways of thinking and behaving in this class, so they might as well leave their cultural idiosyncrasies at home.",Assign bright students to monitor and control behavior of poor students.,,A,,Both,General/Professional Education,Cannot Determine,No,,Ready for Upload,Shared Gen Ed and Prof Ed compilation; answers are embedded as Answer: X after questions where available. Correct answer is embedded in PDF text.
946,118,2. GEN ED AND PROF ED.pdf,"Which of the following qualities should be developed by the pillar, Learning to Live Together?",Strong appreciation of the diversity of the human race,Readiness to take risks and resolve or manage conflicts,Scientific spirit and an inquiring mind,"Complete fulfillment of humans, in all the richness of his/her personality",,A,,Both,General/Professional Education,Cannot Determine,No,,Ready for Upload,Shared Gen Ed and Prof Ed compilation; answers are embedded as Answer: X after questions where available. Correct answer is embedded in PDF text.
947,118,2. GEN ED AND PROF ED.pdf,Which of the following statements about Gender is correct?,Gender is biologically determined.,Gender is socially and culturally-constructed.,Gender roles are the same in all societies.,Gender is an ascribed status in society.,,B,,Both,General/Professional Education,Cannot Determine,No,,Ready for Upload,Shared Gen Ed and Prof Ed compilation; answers are embedded as Answer: X after questions where available. Correct answer is embedded in PDF text.
948,119,2. GEN ED AND PROF ED.pdf,UNICEF and UNESCO are two key UN agencies which are particularly active advocates of education for peace. Which of the following is not supported by UNESCO in promoting peace in the schools?,Uphold children's basic rights as outlined in the Convention on the Rights of the Child (CRC),Develop a climate that models peaceful and respectful behavior among all members of the learning community,Demonstrate the principles of equality and non-discrimination in administrative policies,Enable the teachers to stress peace-making in social studies classroom only when necessary,,D,,Both,General/Professional Education,Cannot Determine,No,,Ready for Upload,Shared Gen Ed and Prof Ed compilation; answers are embedded as Answer: X after questions where available. Correct answer is embedded in PDF text.
949,119,2. GEN ED AND PROF ED.pdf,"One way to advance peace education is through partnerships of various non-governmental organizations, education institutions, United Nations specialized bodies which link ideals of peace with research and practice. One such significant examples is the Hague Agenda for Peace and Justice for the 21st Century. What is the aim of the Agenda's Global Campaign for Peace Education?",Helps coordinate local initiatives and unite educators in the common practice of educating for a culture of peace.,Supports the UN Decade for a Culture of Peace and Non-violence for the Children of the World and to introduce peace and human rights education into all educational institutions.,"Brings together multiple traditions of pedagogy, theories of education, and international initiatives for the advancement of total human development and care for the environment through learning.",Serves to enhance learning across subjects like conflict resolution initiatives.,,B,,Both,General/Professional Education,Cannot Determine,No,,Ready for Upload,Shared Gen Ed and Prof Ed compilation; answers are embedded as Answer: X after questions where available. Correct answer is embedded in PDF text.
950,119,2. GEN ED AND PROF ED.pdf,"The impact of conflict on children whether as victims of war or child soldiers has been brought to world attention through media, international organizations and eye witness accounts. What is the best thing to do to help children affected by conflict?","Employ education to regain parts of a lost children and to facilitate the experiences that support healthy social, emotional and intellectual growth and development",Provide employment opportunity for them as well as their parents to attain financial independence,Offer them to migrate in neighboring country as foreign refugees,Secure their safety by imposing strict curfew hours,,A,,Both,General/Professional Education,Cannot Determine,No,,Ready for Upload,Shared Gen Ed and Prof Ed compilation; answers are embedded as Answer: X after questions where available. Correct answer is embedded in PDF text.
951,119,2. GEN ED AND PROF ED.pdf,The United Nations is committed to address climate through mitigation and adaptation. Which of the following is the best way of addressing the issue?,"Deepen strategic and operational collaboration with international and regional organizations, including international financial institutions and regional development banks, and other stakeholders.",Developing a policy framework that identifies basic elements needed to prevent human rights violations.,Facilitate and execute agreements on reducing emissions from deforestation and forest degradation to protect forests and sustain the livelihoods of the people who depend on them.,"Enhancing collaboration among humanitarian organizations, particularly from the global South, at the local, national and regional levels, to strengthen community resilience and emergency response, and establishing a monitoring system to assess progress on the implementation of preparedness measures.",,C,,Both,General/Professional Education,Cannot Determine,No,,Ready for Upload,Shared Gen Ed and Prof Ed compilation; answers are embedded as Answer: X after questions where available. Correct answer is embedded in PDF text.
952,120,2. GEN ED AND PROF ED.pdf,Why are educational environments very crucial to peace education?,"The social, cultural, economic and political contexts in which educators work shape the specific content and methods they choose for peace education.","The variety of different educational settings from rural to urban, school-based to community and within the formal curricula or non-formal popular education projects are relevant to peace education.","Many teachers infuse peace education into traditional academic subjects such as literature, math, science, history, language, civics and the arts.",All of the above,,D,,Both,General/Professional Education,Cannot Determine,No,,Ready for Upload,Shared Gen Ed and Prof Ed compilation; answers are embedded as Answer: X after questions where available. Correct answer is embedded in PDF text.
953,120,2. GEN ED AND PROF ED.pdf,What is celebrated every December 10?,Mother Language day,Human Rights Day,Earth's Day,International Day of Tolerance,,B,,Both,General/Professional Education,Cannot Determine,No,,Ready for Upload,Shared Gen Ed and Prof Ed compilation; answers are embedded as Answer: X after questions where available. Correct answer is embedded in PDF text.
954,120,2. GEN ED AND PROF ED.pdf,"What kind of tension is referred to when people prefer to have quick answers and ready solution to many problems even if its calls for a patient, concerted, negotiated strategy of reform?",Tension between modernity and tradition,Tension between long term and short term considerations,Tension between spiritual and material,Tension between individual and universal,,B,,Both,General/Professional Education,Cannot Determine,No,,Ready for Upload,Shared Gen Ed and Prof Ed compilation; answers are embedded as Answer: X after questions where available. Correct answer is embedded in PDF text.
955,121,2. GEN ED AND PROF ED.pdf,"In what strands of the four pillars of education implies a shift from skill to competence, or a mix of higher-order skills specific to each individual?",Learning to Know,Learning to Do,Learning to Be,,,B,,Both,General/Professional Education,Cannot Determine,No,,Ready for Upload,Shared Gen Ed and Prof Ed compilation; answers are embedded as Answer: X after questions where available. Correct answer is embedded in PDF text.
956,121,2. GEN ED AND PROF ED.pdf,Which of the following is NOT true about the Four Pilalrs of Learning?,"The pillars of learning stress the goal of contributing to social cohesion, intercultural and international understanding, peaceful interchange, and harmony.","The Pillars of Learning imply a shift from schooling to learning throughout life by ""learning how to learn""",The pillars of learning stress the importance of closer linkage between education and the world of work.,The Pillars of Learning adheres to the instrumental and purely academic view of education that focuses on the achievement of specific aims of education such as economic productivity.,,D,,Both,General/Professional Education,Cannot Determine,No,,Ready for Upload,Shared Gen Ed and Prof Ed compilation; answers are embedded as Answer: X after questions where available. Correct answer is embedded in PDF text.
957,121,2. GEN ED AND PROF ED.pdf,What pillar of education of J. Delors (UNESCO) focuses on voc-tech relevant to people- centered human development?,Learning to Know,Learning to Do,Learning to Live Together,Learning to Be,,B,,Both,General/Professional Education,Cannot Determine,No,,Ready for Upload,Shared Gen Ed and Prof Ed compilation; answers are embedded as Answer: X after questions where available. Correct answer is embedded in PDF text.
958,121,2. GEN ED AND PROF ED.pdf,"The rapid traversing of ideas, attitudes and values across national borders that generally leads to an interconnectedness and interaction between peoples of diverse cultures and ways of life. What is being referred to?",Cultural Globalization,Fundamentalism,Multiculturalism,Clash of civilization,,A,,Both,General/Professional Education,Cannot Determine,No,,Ready for Upload,Shared Gen Ed and Prof Ed compilation; answers are embedded as Answer: X after questions where available. Correct answer is embedded in PDF text.
959,121,2. GEN ED AND PROF ED.pdf,Which is considered a political impact of globalization?,Changing role of education in terms of preparing students for the world of work,The threat to the autonomy of national educational systems by globalization.,Reforms in education as lifelong education,"Branding, globalization and learning to be consumers",,B,,Both,General/Professional Education,Cannot Determine,No,,Ready for Upload,Shared Gen Ed and Prof Ed compilation; answers are embedded as Answer: X after questions where available. Correct answer is embedded in PDF text.
960,122,2. GEN ED AND PROF ED.pdf,What United Nation Decade are we celebrating for 2005-2014?,Educating for Culture of Peace,Educating for International Understanding,Educating for Sustainable Development,Promoting the Rights of the Elderly,,C,,Both,General/Professional Education,Cannot Determine,No,,Ready for Upload,Shared Gen Ed and Prof Ed compilation; answers are embedded as Answer: X after questions where available. Correct answer is embedded in PDF text.
961,122,2. GEN ED AND PROF ED.pdf,"With the growing competition brought about by globalization, what is preferred by most employers in hiring their employees?",Flexible,Selective,Quick,None of the above,,A,,Both,General/Professional Education,Cannot Determine,No,,Ready for Upload,Shared Gen Ed and Prof Ed compilation; answers are embedded as Answer: X after questions where available. Correct answer is embedded in PDF text.
962,122,2. GEN ED AND PROF ED.pdf,Which of the following characteristics does NOT describe contextualized learning as a major paradigm shift in education?,"From limited access to time-bound and space limited education, to borderless education, lifelong learning for all in a learning society.",From traditional pedagogies to more modern strategies of teaching and learning.,"From knowledge limited to the local scene to the globalized knowledge, values, attitudes, and skills interfaced with local wisdom.","Pre-organized subject matter to localized themes generated from the global realities and the cultural relevant, meaningful and useful to learner.",,A,,Both,General/Professional Education,Cannot Determine,No,,Ready for Upload,Shared Gen Ed and Prof Ed compilation; answers are embedded as Answer: X after questions where available. Correct answer is embedded in PDF text.
963,122,2. GEN ED AND PROF ED.pdf,"What current current trend in education focuses on the study of the basic concepts, beliefs and values underlying our democratic political community and constitutional order?",Civic education,Development education,Multicultural education,,,A,,Both,General/Professional Education,Cannot Determine,No,,Ready for Upload,Shared Gen Ed and Prof Ed compilation; answers are embedded as Answer: X after questions where available. Correct answer is embedded in PDF text.
964,122,2. GEN ED AND PROF ED.pdf,Which of the following is the first target of the Millennium Development Goals (MDG's) formulated by member states of the UN in September 2000?,Reduce child mortality,Eradicate extreme poverty and hunger,Reduce death due to HIV/AIDS and malaria,Achieve universal access to primary education,,B,,Both,General/Professional Education,Cannot Determine,No,,Ready for Upload,Shared Gen Ed and Prof Ed compilation; answers are embedded as Answer: X after questions where available. Correct answer is embedded in PDF text.
965,122,2. GEN ED AND PROF ED.pdf,Which among the following statements about Human Rights Education (HRE) is correct?,HRE is more of the responsibilities of the state to implement human rights law rather than the protection of the rights holders,"HRE should focus more on rights based on ""law in books"", rather than ""law in real-life"".","HRE needs to focus on the values, principles, and standards and human rights and how they can be translated into day-to-day actions",Human Rights Standards vary from society to society and HRE therefore should also vary in terms of approaches and methods,,C,,Both,General/Professional Education,Cannot Determine,No,,Ready for Upload,Shared Gen Ed and Prof Ed compilation; answers are embedded as Answer: X after questions where available. Correct answer is embedded in PDF text.
966,123,2. GEN ED AND PROF ED.pdf,What is the implication and globalization to the practice and experience of education?,Increase of state and government support and subsidy for education,Commodification and the corporate takeover of education,Greater autonomy of national educational systems,Delocalization of technologies and orientations in education,,B,,Both,General/Professional Education,Cannot Determine,No,,Ready for Upload,Shared Gen Ed and Prof Ed compilation; answers are embedded as Answer: X after questions where available. Correct answer is embedded in PDF text.
967,123,2. GEN ED AND PROF ED.pdf,"Which of the following skills corresponds to the Fourth Pillar of Learning, ""Learning to live together""?",Empathy and cooperative social behavior,Personal commitment and sense of responsibility,Adaptability to change in the world of work,Reasoning and problem solving skills,,A,,Both,General/Professional Education,Cannot Determine,No,,Ready for Upload,Shared Gen Ed and Prof Ed compilation; answers are embedded as Answer: X after questions where available. Correct answer is embedded in PDF text.
968,123,2. GEN ED AND PROF ED.pdf,Which of the following is NOT a characteristic of Multicultural education?,Personality empowering,Socially transformative,Pedagogically humanistic,Culturally discriminating,,D,,Both,General/Professional Education,Cannot Determine,No,,Ready for Upload,Shared Gen Ed and Prof Ed compilation; answers are embedded as Answer: X after questions where available. Correct answer is embedded in PDF text.
969,123,2. GEN ED AND PROF ED.pdf,What is the character of education that manifests democratization of access and inclusivity?,Relevance,Sustainability,Quality,Equity,,D,,Both,General/Professional Education,Cannot Determine,No,,Ready for Upload,Shared Gen Ed and Prof Ed compilation; answers are embedded as Answer: X after questions where available. Correct answer is embedded in PDF text.
970,123,2. GEN ED AND PROF ED.pdf,What is the kind of education that emphasizes human-earth relationships and fosters a vision of education for sustainable development to build a global culture of ecological responsibility?,Human Rights Education,Development Education,Environmental Education,Global Education,,C,,Both,General/Professional Education,Cannot Determine,No,,Ready for Upload,Shared Gen Ed and Prof Ed compilation; answers are embedded as Answer: X after questions where available. Correct answer is embedded in PDF text.
971,124,2. GEN ED AND PROF ED.pdf,Which of the following is NOT a benefit of multicultural education?,"Multicultural education increases positive relationships through achievement of common goals, respect, appreciation and commitment to equality among the teachers and students.",Multicultural education decreases stereotyping and prejudice through direct contact and interaction among diverse individuals.,Multicultural education promotes independence of various ethnic groups in development and supports fragmented view of the world.,Multicultural education renews vitality of society through the richness of the different cultures of its members and fosters development.,,C,,Both,General/Professional Education,Cannot Determine,No,,Ready for Upload,Shared Gen Ed and Prof Ed compilation; answers are embedded as Answer: X after questions where available. Correct answer is embedded in PDF text.
972,124,2. GEN ED AND PROF ED.pdf,Which of the following is NOT one of the benefits of social media?,Mass media decreases prejudice and discrimination.,Mass media enriches the educational programs.,Mass media increases student's exposure to diversity.,Mass media helps provoke discussion of current issues.,,A,,Both,General/Professional Education,Cannot Determine,No,,Ready for Upload,Shared Gen Ed and Prof Ed compilation; answers are embedded as Answer: X after questions where available. Correct answer is embedded in PDF text.
973,124,2. GEN ED AND PROF ED.pdf,Which among the following rights manifests rule of law and good governance?,Right to education,Right to environment protection,Right of participation,Right to work,,C,,Both,General/Professional Education,Cannot Determine,No,,Ready for Upload,Shared Gen Ed and Prof Ed compilation; answers are embedded as Answer: X after questions where available. Correct answer is embedded in PDF text.
974,124,2. GEN ED AND PROF ED.pdf,Which among the following is NOT a core principle of human rights?,Human dignity,Non-discrimination,Universality,Independency,,D,,Both,General/Professional Education,Cannot Determine,No,,Ready for Upload,Shared Gen Ed and Prof Ed compilation; answers are embedded as Answer: X after questions where available. Correct answer is embedded in PDF text.
975,124,2. GEN ED AND PROF ED.pdf,How are human rights principles reflected in the activities of national and local governments?,Legislating laws to include rights education in all levels of schooling,Organizing local exhibit or event to highlight the children's talents and local products,Asking the community leaders to volunteer in the construction of a barangay hall,Lobbying to the UN High Commission for Human Rights to allocate higher budget for Philippines' Commission on Human Rights.,,A,,Both,General/Professional Education,Cannot Determine,No,,Ready for Upload,Shared Gen Ed and Prof Ed compilation; answers are embedded as Answer: X after questions where available. Correct answer is embedded in PDF text.
976,124,2. GEN ED AND PROF ED.pdf,"Which of the following could be a reason to justify peace education as a series of ""teaching encounters"" or teaching-learning process?",Desire for peace,Nonviolent alternatives for managing conflict,Skills for critical analysis of structural arrangements that produce and legitimize injustice and inequality,All of the above,,D,,Both,General/Professional Education,Cannot Determine,No,,Ready for Upload,Shared Gen Ed and Prof Ed compilation; answers are embedded as Answer: X after questions where available. Correct answer is embedded in PDF text.
977,125,2. GEN ED AND PROF ED.pdf,Which of the following is accurate in regard to working with parents in diverse classrooms?,"The parent's culture is important, but should not influence their children's education.","Teachers should demonstrate their ""expertise"" to parents to show they know best.","Teachers should strive to use a variety of ways to keep parents informed, including parents who cannot speak English or Filipino.l",The importance of the family's influence on children's education has diminished over the past few years.,,C,,Both,General/Professional Education,Cannot Determine,No,,Ready for Upload,Shared Gen Ed and Prof Ed compilation; answers are embedded as Answer: X after questions where available. Correct answer is embedded in PDF text.
978,125,2. GEN ED AND PROF ED.pdf,Which of the following is NOT a guiding statement of peace education?,Peace education teaches students what to think rather than how to think.,Peace education employs holistic and participatory approach.,Peace education aims not to reproduce but transform.,Peace builds bridges of support among key participants.,,A,,Both,General/Professional Education,Cannot Determine,No,,Ready for Upload,Shared Gen Ed and Prof Ed compilation; answers are embedded as Answer: X after questions where available. Correct answer is embedded in PDF text.
979,1,Updated Gen-Ed-150-items.pdf,"Who said , “These are times that try men’s souls?”",James Madison,Thomas Paine,Benjamin Franklin,Thomas Jefferson,,B,,Both,General Education,Cannot Determine,No,,Ready for Upload,Shared Gen Ed 2023/2025-2026 update; answer key appears at the end of the PDF.
980,1,Updated Gen-Ed-150-items.pdf,Identify the author of the poem which the following lines are taken: O is she rosely loved Is she lovely rosed O is she lovely sung as sea-shells?,Fernando M. Maramag,Mauro Mendez,Natividad Marquez,Jose Garcia Villa,,D,,Both,General Education,Cannot Determine,No,,Ready for Upload,Shared Gen Ed 2023/2025-2026 update; answer key appears at the end of the PDF.
981,1,Updated Gen-Ed-150-items.pdf,The Picture of Dorian Gray is a novel by whose author?,Oscar Wilde,Edgar Allan Poe,John Steinbeck,Rudyard Kipling,,A,,Both,General Education,Cannot Determine,No,,Ready for Upload,Shared Gen Ed 2023/2025-2026 update; answer key appears at the end of the PDF.
982,1,Updated Gen-Ed-150-items.pdf,History is the witness that ______ passing of time.,testifies,will testify,testify for,testify for the,,D,,Both,General Education,Cannot Determine,No,,Ready for Upload,Shared Gen Ed 2023/2025-2026 update; answer key appears at the end of the PDF. Duplicate or near-duplicate of row 355.
983,1,Updated Gen-Ed-150-items.pdf,He is known as the father of modern taxonomy.,Socrates,Carl Linnaeus,Aristotle,Plato,,B,,Both,General Education,Cannot Determine,No,,Ready for Upload,Shared Gen Ed 2023/2025-2026 update; answer key appears at the end of the PDF.
984,1,Updated Gen-Ed-150-items.pdf,The “Cry of Balintawak” signaled the start of the open rebellion of the Filipino “Katipuneros” under the leadership of ______.,Antonio Luna,Andres Bonifacio,Gregorio del Pilar,Emilio Aguinaldo,,B,,Both,General Education,Cannot Determine,No,,Ready for Upload,Shared Gen Ed 2023/2025-2026 update; answer key appears at the end of the PDF.
985,1,Updated Gen-Ed-150-items.pdf,The DEPRAVITY of the criminal’s behavior shocked us all. The capitalized word means:,Harshness,Gravity,Deprivations,Viciousness,,D,,Both,General Education,Cannot Determine,No,,Ready for Upload,Shared Gen Ed 2023/2025-2026 update; answer key appears at the end of the PDF.
986,1,Updated Gen-Ed-150-items.pdf,"Anong tayutay ang tinutukoy sa pahayag, “Durog ang katawang bumagsak sa semento si Miguel”?",Pagtutulad,Pagbibigay katauhan,Pagmamalabis,Pagwawangis,,C,,Both,General Education,Cannot Determine,No,,Ready for Upload,Shared Gen Ed 2023/2025-2026 update; answer key appears at the end of the PDF. Duplicate or near-duplicate of row 387.
987,1,Updated Gen-Ed-150-items.pdf,Ang gintong panahon ng mga manunulat noong panahon ng Amerikano ay batid sa uring,Sanaysay,Nobela,Panulaan,Maikling kwento,,D,,Both,General Education,Cannot Determine,No,,Ready for Upload,Shared Gen Ed 2023/2025-2026 update; answer key appears at the end of the PDF. Duplicate or near-duplicate of row 80.
988,1,Updated Gen-Ed-150-items.pdf,Alin sa mga sumusunod ang may wastong gamit ng tinig ng pandiwa?,Ang hinog na papaya na kinuha sa puno ni Marie.,Kinuha ni Marie ang hinog na papaya sa puno.,Kinuha sa puno ang hinog na papaya ni Marie.,Papayang hinog ang kinuha sap uno ni Marie.,,B,,Both,General Education,Cannot Determine,No,,Ready for Upload,Shared Gen Ed 2023/2025-2026 update; answer key appears at the end of the PDF. Duplicate or near-duplicate of row 406.
989,1,Updated Gen-Ed-150-items.pdf,"Ayon kay Balagtas, “ang laki sa layaw, karaniwa’y hubad” kaya ang mga bata ay",Jeproks,Nag-aartista,Nakapagtapos sap ag-aaral,Hindi sumusunod sa magulang,,D,,Both,General Education,Cannot Determine,No,,Ready for Upload,Shared Gen Ed 2023/2025-2026 update; answer key appears at the end of the PDF. Duplicate or near-duplicate of row 403.
990,1,Updated Gen-Ed-150-items.pdf,Two buses leave the same station at 8:00pm. One bus travels north at the rate of 30kph and the other travels east at 40kph. How many kilometers apart are the buses at 10pm?,140km,100km,70km,50km,,B,,Both,General Education,Cannot Determine,No,,Ready for Upload,Shared Gen Ed 2023/2025-2026 update; answer key appears at the end of the PDF. Duplicate or near-duplicate of row 407.
991,1,Updated Gen-Ed-150-items.pdf,"What is the mood of these lines? Daylight, I must wait for the sunrise I must think of a new life And I mustn't give in. When the dawn comes tonight will be a memory, too And a new day will begin.",Afraid,Sarcastic,Depressed,Hopeful LICENSURE EXAMINATION FOR TEACHERS (LET) MARCH 2023 GENERAL EDUCATION QUESTIONS (TARA REVIEW! LET Reviewer Philippines – LPT),,D,,Both,General Education,Cannot Determine,No,,Ready for Upload,Shared Gen Ed 2023/2025-2026 update; answer key appears at the end of the PDF. Duplicate or near-duplicate of row 377.
992,2,Updated Gen-Ed-150-items.pdf,"Sinabi ni Carlos P. Romulo sa isa niyang akda, “Ang Pilipino ay may dugong maharlika.” Ano ang kahulugan nito?",Ang Pilipino ay nanggaling sa malayang lahi,Ang Pilipino ay sadyang mabuti ang budhi.,Ang Pilipino ay galing sa mayamang lahi,Ang Pilipino ay madaling maipagbili,,B,,Both,General Education,Cannot Determine,No,,Ready for Upload,Shared Gen Ed 2023/2025-2026 update; answer key appears at the end of the PDF. Duplicate or near-duplicate of row 378.
993,2,Updated Gen-Ed-150-items.pdf,"Ipinagmamalaki mo siya, BAHAG naman pala ang kanyang BUNTOT. Ang ibig sabihin ng salitang may malaking titik ay:",Kuripot,Traydor,Duwag,Mahiyain,,C,,Both,General Education,Cannot Determine,No,,Ready for Upload,Shared Gen Ed 2023/2025-2026 update; answer key appears at the end of the PDF. Duplicate or near-duplicate of row 400.
994,2,Updated Gen-Ed-150-items.pdf,"The legs of one right triangle are 9 and 12, while those of another right triangle are 12 and 16. How much longer is the perimeter of the larger triangle than the perimeter of the smaller triangle?",84,7,12,14,,C,,Both,General Education,Cannot Determine,No,,Ready for Upload,Shared Gen Ed 2023/2025-2026 update; answer key appears at the end of the PDF.
995,2,Updated Gen-Ed-150-items.pdf,"Calculate the mean absolute deviation of the following numbers: 60, 80, 100, 75 and 95",12.4,14.2,16.1,18.9,,A,,Both,General Education,Cannot Determine,No,,Ready for Upload,Shared Gen Ed 2023/2025-2026 update; answer key appears at the end of the PDF. Duplicate or near-duplicate of row 408.
996,2,Updated Gen-Ed-150-items.pdf,Which common fraction is equivalent to 0.215?,43/200,27/125,21/50,108/375,,A,,Both,General Education,Cannot Determine,No,,Ready for Upload,Shared Gen Ed 2023/2025-2026 update; answer key appears at the end of the PDF. Duplicate or near-duplicate of row 434.
997,2,Updated Gen-Ed-150-items.pdf,Nelia takes ¾ hour to dress and get ready for school. It takes 4/5 hour to reach the school. If her class starts promptly at 8:00 am; what is the latest time she can jump out of bed in order not to be late for school?,6:42 am,6:27 am,6:57 am,7:02 am,,B,,Both,General Education,Cannot Determine,No,,Ready for Upload,Shared Gen Ed 2023/2025-2026 update; answer key appears at the end of the PDF. Duplicate or near-duplicate of row 433.
998,2,Updated Gen-Ed-150-items.pdf,"In a playground for Kindergarten kids, 18 children are riding tricycles or bicycles. If there are 43 wheels in all, how many tricycles are there?",8,9,7,11,,C,,Both,General Education,Cannot Determine,No,,Ready for Upload,Shared Gen Ed 2023/2025-2026 update; answer key appears at the end of the PDF. Duplicate or near-duplicate of row 432.
999,2,Updated Gen-Ed-150-items.pdf,Which of these has the longest perimeter?,A square 21 cm on a side,A rectangle 19 cm long and 24 cm wide,An equilateral triangle whose side is 28 cm,A right triangle whose two legs are 24 and 32 cm,,D,,Both,General Education,Cannot Determine,No,,Ready for Upload,Shared Gen Ed 2023/2025-2026 update; answer key appears at the end of the PDF. Duplicate or near-duplicate of row 430.
1000,2,Updated Gen-Ed-150-items.pdf,Dona was tired to death after a long day of cooking.,simile,metaphor,hyperbole,personification,,C,,Both,General Education,Cannot Determine,No,,Ready for Upload,Shared Gen Ed 2023/2025-2026 update; answer key appears at the end of the PDF.
1001,2,Updated Gen-Ed-150-items.pdf,Who is known as the “Father of the Local Government Code”?,Joey Lina,Jovito Salonga,Joseph Estrada,Aquilino Pimentel,,D,,Both,General Education,Cannot Determine,No,,Ready for Upload,Shared Gen Ed 2023/2025-2026 update; answer key appears at the end of the PDF.
1002,2,Updated Gen-Ed-150-items.pdf,Who was the last Spanish Governor-General of the Philippines?,Ramon Blanco,Basilio Agustin,Diego de los Rios,Fermin Jaudenes,,C,,Both,General Education,Cannot Determine,No,,Ready for Upload,Shared Gen Ed 2023/2025-2026 update; answer key appears at the end of the PDF.
1003,2,Updated Gen-Ed-150-items.pdf,This demonstrated the feeding connections between all life forms.,Nutrition cycles,Fossil cycle,Biochemical pathways,Food web,,D,,Both,General Education,Cannot Determine,No,,Ready for Upload,Shared Gen Ed 2023/2025-2026 update; answer key appears at the end of the PDF.
1004,2,Updated Gen-Ed-150-items.pdf,"In William Shakespeare’s “Merchant of Venice,” Portia, the judge said: “The quality of mercy is not strained; it droppeth as the gentle rain from heaven upon the place beneath... It is twice blest; it blesseth him that gives and him that takes. ‘Tis mightier than the mightiest... and one is likened to God when mercy seasons justice.” The main thought of the excerpt it that ___________________",Mercy is only for deserving,Mercy is limited in extent,Mercy is spontaneous and freely given.,Mercy is dynamic. LICENSURE EXAMINATION FOR TEACHERS (LET) MARCH 2023 GENERAL EDUCATION QUESTIONS (TARA REVIEW! LET Reviewer Philippines – LPT),,C,,Both,General Education,Cannot Determine,No,,Ready for Upload,Shared Gen Ed 2023/2025-2026 update; answer key appears at the end of the PDF.
1005,3,Updated Gen-Ed-150-items.pdf,“Your statements are IMPERTINENT to the case.” The capitalized word means ______________.,Important,Irrelevant,Violent,Malicious,,B,,Both,General Education,Cannot Determine,No,,Ready for Upload,Shared Gen Ed 2023/2025-2026 update; answer key appears at the end of the PDF.
1006,3,Updated Gen-Ed-150-items.pdf,Who is the proponent of the arena theater?,Carpio,Tinio,Montano,Avellana,,C,,Both,General Education,Cannot Determine,No,,Ready for Upload,Shared Gen Ed 2023/2025-2026 update; answer key appears at the end of the PDF.
1007,3,Updated Gen-Ed-150-items.pdf,What is a collection of Indian sacred hymns?,Rig Veda,Mahabharata,Upanishad,Ramayana,,A,,Both,General Education,Cannot Determine,No,,Ready for Upload,Shared Gen Ed 2023/2025-2026 update; answer key appears at the end of the PDF.
1008,3,Updated Gen-Ed-150-items.pdf,Which is NOT a characteristic of people with strong sense of self-efficacy?,View challenging problems as tasks to be mastered.,Recover quickly from setbacks and disappointments.,Avoid challenging tasks.,Develop deeper interest in the activities in which they participate.,,C,,Both,General Education,Cannot Determine,No,,Ready for Upload,Shared Gen Ed 2023/2025-2026 update; answer key appears at the end of the PDF.
1009,3,Updated Gen-Ed-150-items.pdf,Who is the first mythical geographer who was recognized due to his vivid descriptions of lands and people encountered by his hero Ulysses?,Virgil,Plato,Homer,Cicero,,C,,Both,General Education,Cannot Determine,No,,Ready for Upload,Shared Gen Ed 2023/2025-2026 update; answer key appears at the end of the PDF.
1010,3,Updated Gen-Ed-150-items.pdf,What is the least common multiple of 12 and 60?,340,140,120,360,,C,,Both,General Education,Cannot Determine,No,,Ready for Upload,Shared Gen Ed 2023/2025-2026 update; answer key appears at the end of the PDF.
1011,3,Updated Gen-Ed-150-items.pdf,Whose philosophy advocates the use of reason in understanding the existence of God?,St. Benedict,St. Peter,St. John,St. Thomas Aquinas,,D,,Both,General Education,Cannot Determine,No,,Ready for Upload,Shared Gen Ed 2023/2025-2026 update; answer key appears at the end of the PDF.
1012,3,Updated Gen-Ed-150-items.pdf,Which is the fundamental law of the land?,Bill of Rights,Constitution,Civil Criminal,Ten Commandments,,B,,Both,General Education,Cannot Determine,No,,Ready for Upload,Shared Gen Ed 2023/2025-2026 update; answer key appears at the end of the PDF.
1013,3,Updated Gen-Ed-150-items.pdf,What was the term given by Marcelo H. Del Pilar to hidden control and domination by Spanish religious priests over the colonial government?,Pase region,Las suerte partidas,Complace,Frailocracia,,D,,Both,General Education,Cannot Determine,No,,Ready for Upload,Shared Gen Ed 2023/2025-2026 update; answer key appears at the end of the PDF.
1014,3,Updated Gen-Ed-150-items.pdf,What law passed on August 1909 by the US Congress that established a partial free trade in the Philippines?,Bell Trace,Payne-Aldrich Act,Treaty on General Relations,Underwood-Simmons Act,,B,,Both,General Education,Cannot Determine,No,,Ready for Upload,Shared Gen Ed 2023/2025-2026 update; answer key appears at the end of the PDF.
1015,3,Updated Gen-Ed-150-items.pdf,The Filipino writer in English who used Hispanic Filipino culture and traditions in his fiction works?,Ediberto Tiempo,Nick Joaquin,Sionil Jose,Jose Garcia Villa,,B,,Both,General Education,Cannot Determine,No,,Ready for Upload,Shared Gen Ed 2023/2025-2026 update; answer key appears at the end of the PDF.
1016,3,Updated Gen-Ed-150-items.pdf,Which among the following is the part of the newspaper where you can see the opinions of people?,Classified Section,Obituary,Headline,Editorial Section,,D,,Both,General Education,Cannot Determine,No,,Ready for Upload,Shared Gen Ed 2023/2025-2026 update; answer key appears at the end of the PDF.
1017,3,Updated Gen-Ed-150-items.pdf,Ibigay ang angkop na damdaming napapaloob sa ‘Bakit gabi na ay di pa sya dumarating?”,Pagkatuwa,Pagkapoot,Pagkatakot,Pagkagalit,,C,,Both,General Education,Cannot Determine,No,,Ready for Upload,Shared Gen Ed 2023/2025-2026 update; answer key appears at the end of the PDF.
1018,3,Updated Gen-Ed-150-items.pdf,Isang paraan ng pagkuha ng datos na ginagamitan ng sunod-sunod na tatlong tuldok para ipakita na may mga bahaging hindi na sinipi sa talata.,Ellipsis,Abstrak,Synopsis,Sintesis,,A,,Both,General Education,Cannot Determine,No,,Ready for Upload,Shared Gen Ed 2023/2025-2026 update; answer key appears at the end of the PDF.
1019,3,Updated Gen-Ed-150-items.pdf,What percent of 75 is 15?,20%,30%,38%,40%,,A,,Both,General Education,Cannot Determine,No,,Ready for Upload,Shared Gen Ed 2023/2025-2026 update; answer key appears at the end of the PDF.
1020,3,Updated Gen-Ed-150-items.pdf,In how many ways can 5 girls be seated in a row of 5 seats?,95,120,105,100 LICENSURE EXAMINATION FOR TEACHERS (LET) MARCH 2023 GENERAL EDUCATION QUESTIONS (TARA REVIEW! LET Reviewer Philippines – LPT),,B,,Both,General Education,Cannot Determine,No,,Ready for Upload,Shared Gen Ed 2023/2025-2026 update; answer key appears at the end of the PDF.
1021,4,Updated Gen-Ed-150-items.pdf,Ito ay ang sistematikong paglalarawan ng mga datos na estatika.,Talahanayan,Grap,Balangkas,Mapa,,B,,Both,General Education,Cannot Determine,No,,Ready for Upload,Shared Gen Ed 2023/2025-2026 update; answer key appears at the end of the PDF.
1022,4,Updated Gen-Ed-150-items.pdf,Pag-aaral ng mga tuntunin kung paano inaayos ang mga salita sa loob ng pangungusap.,Semantika,Syntax,Pragmatika,Ortograpiya,,B,,Both,General Education,Cannot Determine,No,,Ready for Upload,Shared Gen Ed 2023/2025-2026 update; answer key appears at the end of the PDF.
1023,4,Updated Gen-Ed-150-items.pdf,The menace of drugs has affected the Philippine economy greatly. Which of these drugs are found most destructive to one’s brain?,opium,marijuana,methyl salicylate,cocaine,,D,,Both,General Education,Cannot Determine,No,,Ready for Upload,Shared Gen Ed 2023/2025-2026 update; answer key appears at the end of the PDF.
1024,4,Updated Gen-Ed-150-items.pdf,Which of the following factors contribute to an increase in human population? I. Immigration II. Emigration III. Natality IV. Mortality,III and IV,II and III,I only,I and III,,D,,Both,General Education,Cannot Determine,No,,Ready for Upload,Shared Gen Ed 2023/2025-2026 update; answer key appears at the end of the PDF. Duplicate or near-duplicate of row 447.
1025,4,Updated Gen-Ed-150-items.pdf,"Three liquids A, B, C were studied in a laboratory. Liquid A was found to float over B and",Densest and most viscous,Densest and least viscous,Least dense and most viscous,Least dense and least viscous,,D,,Both,General Education,Cannot Determine,No,,Ready for Upload,Shared Gen Ed 2023/2025-2026 update; answer key appears at the end of the PDF. Duplicate or near-duplicate of row 439.
1026,4,Updated Gen-Ed-150-items.pdf,Which of the following statements represents a physical change?,An antacid tablet forms bubbles when dissolve in water.,A flashlight beam slowly gets dimmer and finally dies out over time.,The lawn grows thicker every day because fertilizers were added into the soil.,Frozen mango juice melted when left standing at room temperature for 30 minutes.,,D,,Both,General Education,Cannot Determine,No,,Ready for Upload,Shared Gen Ed 2023/2025-2026 update; answer key appears at the end of the PDF. Duplicate or near-duplicate of row 440.
1027,4,Updated Gen-Ed-150-items.pdf,Which of the following examples best illustrates application of Boyle’s Law?,A tire becomes harder as more air is pumped into it.,A sealed aerosol can explode when thrown into a fire.,A balloon expands and bursts when exposed to direct sunlight.,A scuba diver stops at certain depth as he ascends to the ocean’s surface.,,D,,Both,General Education,Cannot Determine,No,,Ready for Upload,Shared Gen Ed 2023/2025-2026 update; answer key appears at the end of the PDF. Duplicate or near-duplicate of row 438.
1028,4,Updated Gen-Ed-150-items.pdf,Which of the following sentences about greenhouse effect is INCORRECT?,Greenhouse gases trap heat in the atmosphere which are returned to the earth’s surface.,Greenhouse effect is important in maintaining the temperature of the earth.,Greenhouse effect is due to gases that absorb the green region of light from the sun.,Greenhouse effect increases the overall surface temperature of the earth.,,C,,Both,General Education,Cannot Determine,No,,Ready for Upload,Shared Gen Ed 2023/2025-2026 update; answer key appears at the end of the PDF. Duplicate or near-duplicate of row 444.
1029,4,Updated Gen-Ed-150-items.pdf,Which situation shows that technology can be used to motivate students to learn?,Teacher Eric employs educational games related to the lesson they are taking.,Miss Cleo designs lessons which use cooperative learning with technology integration.,Mr. Jimmy utilizes computer assisted instruction programs so that students will learn at their own pace.,Teacher Sarah assigns projects to her class where self- expression and creativity is acknowledged.,,A,,Both,General Education,Cannot Determine,No,,Ready for Upload,Shared Gen Ed 2023/2025-2026 update; answer key appears at the end of the PDF. Duplicate or near-duplicate of row 496.
1030,4,Updated Gen-Ed-150-items.pdf,"As an insular country, to which principle does the Philippines adhere when it comes to territorial boundary?",Two hundred nautical miles of the country’s coast,Three hundred fifty nautical miles from shore,Three-mile territorial limit,Archipelagic doctrine,,D,,Both,General Education,Cannot Determine,No,,Ready for Upload,Shared Gen Ed 2023/2025-2026 update; answer key appears at the end of the PDF. Duplicate or near-duplicate of row 490.
1031,4,Updated Gen-Ed-150-items.pdf,A methodology widely used for developing new training programs.,Microsoft,World Wide Web,Instructional Systems Design,Computer Technology,,C,,Both,General Education,Cannot Determine,No,,Ready for Upload,Shared Gen Ed 2023/2025-2026 update; answer key appears at the end of the PDF. Duplicate or near-duplicate of row 499.
1032,4,Updated Gen-Ed-150-items.pdf,The following are our constitutional rights EXCEPT to,Free access to legal assistance which shall not be denied due to poverty,Have access to all records of the government,Be presumed innocent until proven guilty,Form association and labor unions LICENSURE EXAMINATION FOR TEACHERS (LET) MARCH 2023 GENERAL EDUCATION QUESTIONS (TARA REVIEW! LET Reviewer Philippines – LPT),,B,,Both,General Education,Cannot Determine,No,,Ready for Upload,Shared Gen Ed 2023/2025-2026 update; answer key appears at the end of the PDF. Duplicate or near-duplicate of row 494.
1033,5,Updated Gen-Ed-150-items.pdf,Which of the following is not a benefit of technology in education?,improves critical-thinking abilities,unlimited access to games and other internet sites,allows cooperative thinking,increases self-expression,,B,,Both,General Education,Cannot Determine,No,,Ready for Upload,Shared Gen Ed 2023/2025-2026 update; answer key appears at the end of the PDF. Duplicate or near-duplicate of row 495.
1034,5,Updated Gen-Ed-150-items.pdf,He is considered as the “Father of Modern Media in Education”.,Jean Piaget,F. Skinner,,Edgar Dale,,D,,Both,General Education,Cannot Determine,No,,Ready for Upload,Shared Gen Ed 2023/2025-2026 update; answer key appears at the end of the PDF. Duplicate or near-duplicate of row 497.
1035,5,Updated Gen-Ed-150-items.pdf,This is considered to be the first manual data processing device developed in China in the 12th century,Hieroglyphics,Papyrus,Printing Press,Abacus,,D,,Both,General Education,Cannot Determine,No,,Ready for Upload,Shared Gen Ed 2023/2025-2026 update; answer key appears at the end of the PDF. Duplicate or near-duplicate of row 500.
1036,5,Updated Gen-Ed-150-items.pdf,How is the so-called colonial mentality manifested?,cultural relativism,cultural diversity,xenocentrism,ethnocentrism,,C,,Both,General Education,Cannot Determine,No,,Ready for Upload,Shared Gen Ed 2023/2025-2026 update; answer key appears at the end of the PDF. Duplicate or near-duplicate of row 477.
1037,5,Updated Gen-Ed-150-items.pdf,Who among the Presidents changed the date of our celebration of Independence Day from July 4 to June 12?,Ramon Magsaysay,Diosdado Macapagal,Carlos Garcia,Ferdinand Marcos,,B,,Both,General Education,Cannot Determine,No,,Ready for Upload,Shared Gen Ed 2023/2025-2026 update; answer key appears at the end of the PDF. Duplicate or near-duplicate of row 486.
1038,5,Updated Gen-Ed-150-items.pdf,Which Katipunan member commuted from Cavite to Manila to buy materials used to make ammunitions?,Teresa Magbanua,Agueda Esteban,Teodora Alonso,Trinidad Tecson,,B,,Both,General Education,Cannot Determine,No,,Ready for Upload,Shared Gen Ed 2023/2025-2026 update; answer key appears at the end of the PDF. Duplicate or near-duplicate of row 475.
1039,5,Updated Gen-Ed-150-items.pdf,The theory that population increases by geometrical ratio while the means of subsistence increases by arithmetical ration is attributed to?,Karl Marx,Robert Malthus,Emile Durkheim,Aristotle,,B,,Both,General Education,Cannot Determine,No,,Ready for Upload,Shared Gen Ed 2023/2025-2026 update; answer key appears at the end of the PDF.
1040,5,Updated Gen-Ed-150-items.pdf,"With the opposition of the parity rights in mind, who does NOT belong to the group?",Claro M. Recto,Jose Laurel,Manuel Roxas,Pedro Taruc,,C,,Both,General Education,Cannot Determine,No,,Ready for Upload,Shared Gen Ed 2023/2025-2026 update; answer key appears at the end of the PDF. Duplicate or near-duplicate of row 484.
1041,5,Updated Gen-Ed-150-items.pdf,What factor was a major cause of both World War I and World War II?,The spread of Marxian ideas into Europe,The dropping of atomic bombs,Nationalism and national borders,The rise of totalitarian fascist states,,D,,Both,General Education,Cannot Determine,No,,Ready for Upload,Shared Gen Ed 2023/2025-2026 update; answer key appears at the end of the PDF. Duplicate or near-duplicate of row 465.
1042,5,Updated Gen-Ed-150-items.pdf,In which continent can we find stormy Cape Horn which is known as the graveyard of ships and sailors?,Africa,Australia,South America,Asia,,C,,Both,General Education,Cannot Determine,No,,Ready for Upload,Shared Gen Ed 2023/2025-2026 update; answer key appears at the end of the PDF. Duplicate or near-duplicate of row 480.
1043,5,Updated Gen-Ed-150-items.pdf,In which poem did Rizal write about offering one’s life for one’s country?,A La Juventad Filipina,Song of Maria Clara,Sa Aking mga Kabata,Mi Ultimo Adios,,D,,Both,General Education,Cannot Determine,No,,Ready for Upload,Shared Gen Ed 2023/2025-2026 update; answer key appears at the end of the PDF. Duplicate or near-duplicate of row 488.
1044,5,Updated Gen-Ed-150-items.pdf,The term that refers to the class of Filipinos who were free and independent.,Timawa,Maharlika,Aliping namamahay,Aliping saguiguilid,,A,,Both,General Education,Cannot Determine,No,,Ready for Upload,Shared Gen Ed 2023/2025-2026 update; answer key appears at the end of the PDF. Duplicate or near-duplicate of row 472.
1045,5,Updated Gen-Ed-150-items.pdf,Nebuchadnezzar was to the Babylonian Empire as Asoka was to the ____ Empire.,Roman,Gupta,Greek,Maurya,,D,,Both,General Education,Cannot Determine,No,,Ready for Upload,Shared Gen Ed 2023/2025-2026 update; answer key appears at the end of the PDF. Duplicate or near-duplicate of row 483.
1046,5,Updated Gen-Ed-150-items.pdf,Those are probably the ______ blankets in the store.,least fancy,fanciest,most fanciest,most fancy,,B,,Both,General Education,Cannot Determine,No,,Ready for Upload,Shared Gen Ed 2023/2025-2026 update; answer key appears at the end of the PDF.
1047,5,Updated Gen-Ed-150-items.pdf,"Shakespeare once said, “My honor is my life, both grow as one, take honor from me and my life is gone.” What is the correct interpretation for this?",His life is determined by his honor.,He values honor as much as life.,He prefers honor instead of life.,He values life before honor.,,B,,Both,General Education,Cannot Determine,No,,Ready for Upload,Shared Gen Ed 2023/2025-2026 update; answer key appears at the end of the PDF.
1048,5,Updated Gen-Ed-150-items.pdf,Ang salin sa blangko para sa blank ay halimbawa ng pagtutumbas na _______________.,Panghiram sa Espanyol at pagbaybay sa Filipino.,Kung ano ang bigkas siyang sulat.,Paggamit sa leksikong Filipino.,Panghihiram ng salitang katutubo. LICENSURE EXAMINATION FOR TEACHERS (LET) MARCH 2023 GENERAL EDUCATION QUESTIONS (TARA REVIEW! LET Reviewer Philippines – LPT),,A,,Both,General Education,Cannot Determine,No,,Ready for Upload,Shared Gen Ed 2023/2025-2026 update; answer key appears at the end of the PDF.
1049,6,Updated Gen-Ed-150-items.pdf,“Pen pen de sarapen/de cuchillo de almasen/ haw haw de carabao batuten.” Pinatutunayan ng linya ang paglaganap ng wika dahil sa ________________.,heograpiya,pananakop,pakikipagkalakan,modernisasyon,,A,,Both,General Education,Cannot Determine,No,,Ready for Upload,Shared Gen Ed 2023/2025-2026 update; answer key appears at the end of the PDF.
1050,6,Updated Gen-Ed-150-items.pdf,"“Heto na, heto na, heto na…. Wahh! Doo bidoo, bidoo”. Alin sa mga salita o tunog na hango mula sa awitin ang naaayon sa teoryang pooh-pooh?",Wahh,Heto,Na,Doo bidoo,,A,,Both,General Education,Cannot Determine,No,,Ready for Upload,Shared Gen Ed 2023/2025-2026 update; answer key appears at the end of the PDF.
1051,6,Updated Gen-Ed-150-items.pdf,"Kung sa pakikinig, ang layuning malibang ay nauuri bilang apresyatib, mauri naman sa pagbasa bilang _______________.",ekstensibo,intensibo,mapanuri,makahulugan,,A,,Both,General Education,Cannot Determine,No,,Ready for Upload,Shared Gen Ed 2023/2025-2026 update; answer key appears at the end of the PDF.
1052,6,Updated Gen-Ed-150-items.pdf,"In a bundle of new 100 bills, the bills are consecutively numbered RTC3432260 to RTC3432280. How much is the total amount of the bills?",3200,2000,3400,3500,,B,,Both,General Education,Cannot Determine,No,,Ready for Upload,Shared Gen Ed 2023/2025-2026 update; answer key appears at the end of the PDF.
1053,6,Updated Gen-Ed-150-items.pdf,"A business man had incurred the following expenses in his trips to the Visayas islands: P5100.00, P4600.00, P3800.00 and P3200.00. What was his total expense for the trip?",P16000,P16700,P17000,P17500,,B,,Both,General Education,Cannot Determine,No,,Ready for Upload,Shared Gen Ed 2023/2025-2026 update; answer key appears at the end of the PDF.
1054,6,Updated Gen-Ed-150-items.pdf,Monica respects the ideas of her colleagues even if they are very much contrary to her own beliefs. What important scientific attitude is seen in her action?,Honesty,Absence of prejudice,Open-mindedness,Acceptance,,C,,Both,General Education,Cannot Determine,No,,Ready for Upload,Shared Gen Ed 2023/2025-2026 update; answer key appears at the end of the PDF.
1055,6,Updated Gen-Ed-150-items.pdf,"The existence of extraterrestrial life may never be proven, but this idea will become more scientifically acceptable over time if _________________.",hypotheses are made related to the idea,no one disputes this idea in a scientific form,alternative hypotheses are proposed and confirmed,increasing scientific evidence supports idea.,,D,,Both,General Education,Cannot Determine,No,,Ready for Upload,Shared Gen Ed 2023/2025-2026 update; answer key appears at the end of the PDF.
1056,6,Updated Gen-Ed-150-items.pdf,The correct way of eating fruits is when eaten _____________.,with an empty stomach,after meals,before sleeping at night,during snacks,,A,,Both,General Education,Cannot Determine,No,,Ready for Upload,Shared Gen Ed 2023/2025-2026 update; answer key appears at the end of the PDF.
1057,6,Updated Gen-Ed-150-items.pdf,"John experienced a lack of growth hormone (GH) as a child. Now that John is an adult, it is likely he _________________.",has cognitive and emotional problems as a result of his hormone deficiency,"has normal adult body proportions, but an extremely short statue","is of normal height, but has child-like body proportions",has developed a physique similar to that typically seen in females.,,B,,Both,General Education,Cannot Determine,No,,Ready for Upload,Shared Gen Ed 2023/2025-2026 update; answer key appears at the end of the PDF.
1058,6,Updated Gen-Ed-150-items.pdf,One immediate cause of a decrease in the rate of photosynthesis is a reduction in the availability of which of the following substances?,Carbon dioxide,Carbon monoxide,Hydrogen,Oxygen,,A,,Both,General Education,Cannot Determine,No,,Ready for Upload,Shared Gen Ed 2023/2025-2026 update; answer key appears at the end of the PDF.
1059,6,Updated Gen-Ed-150-items.pdf,Plants create their own food by absorbing and processing sunlight. The ability to produce one’s own food source is a metabolic process known as ___________.,Heterotrophy,Autotrophy,Homotrophy,Ditrophy,,B,,Both,General Education,Cannot Determine,No,,Ready for Upload,Shared Gen Ed 2023/2025-2026 update; answer key appears at the end of the PDF.
1060,6,Updated Gen-Ed-150-items.pdf,What human right is violated when one opens a letter without permission from the addressee?,Right to privacy of communication and correspondence,Right to read the letter,Right to open the envelope without permission,Right to private affairs,,A,,Both,General Education,Cannot Determine,No,,Ready for Upload,Shared Gen Ed 2023/2025-2026 update; answer key appears at the end of the PDF.
1061,6,Updated Gen-Ed-150-items.pdf,When an individual is imprisoned without proper investigation what right is violated?,Right to due process of law,Right to secure persons,Right to process paper,Right to protection,,A,,Both,General Education,Cannot Determine,No,,Ready for Upload,Shared Gen Ed 2023/2025-2026 update; answer key appears at the end of the PDF.
1062,6,Updated Gen-Ed-150-items.pdf,Who was among the last Filipino generals who fought the Americans and established the so-called “Tagalog Republic”?,Gregorio del Pilar,Miguel Malvar,Macario Sakay,Manuel Tinio LICENSURE EXAMINATION FOR TEACHERS (LET) MARCH 2023 GENERAL EDUCATION QUESTIONS (TARA REVIEW! LET Reviewer Philippines – LPT),,C,,Both,General Education,Cannot Determine,No,,Ready for Upload,Shared Gen Ed 2023/2025-2026 update; answer key appears at the end of the PDF.
1063,7,Updated Gen-Ed-150-items.pdf,"In Philippine history, who was known as “The Great Dissenter”?",Camilio Osias,Manuel Roxas,Claro M. Recto,Eulogio Rodriguez,,C,,Both,General Education,Cannot Determine,No,,Ready for Upload,Shared Gen Ed 2023/2025-2026 update; answer key appears at the end of the PDF.
1064,7,Updated Gen-Ed-150-items.pdf,"During the Spanish era, who was the revolutionary leader who waged a long war against the government because it did not allow proper burial for his brother?",Macario Sakay,Andres Bonifacio,Diego Silang,Francisco Dagohoy,,D,,Both,General Education,Cannot Determine,No,,Ready for Upload,Shared Gen Ed 2023/2025-2026 update; answer key appears at the end of the PDF.
1065,7,Updated Gen-Ed-150-items.pdf,"When one controls the supply of sugar, which term applies?",Monopoly,Inflation,Economic Stability,Equilibrium,,A,,Both,General Education,Cannot Determine,No,,Ready for Upload,Shared Gen Ed 2023/2025-2026 update; answer key appears at the end of the PDF.
1066,7,Updated Gen-Ed-150-items.pdf,What was the first book published in the Philippines?,Del Superior Govierno,Doctrina Christiana,Pasiong Mahal,Barlaame Josaphat,,B,,Both,General Education,Cannot Determine,No,,Ready for Upload,Shared Gen Ed 2023/2025-2026 update; answer key appears at the end of the PDF.
1067,7,Updated Gen-Ed-150-items.pdf,"Which term refers the measures undertaken by the government which would remove anything that hinders the entry of foreign products, services and capital between countries?",Liberalization,Globalization,Privatization,Internationalization,,A,,Both,General Education,Cannot Determine,No,,Ready for Upload,Shared Gen Ed 2023/2025-2026 update; answer key appears at the end of the PDF.
1068,7,Updated Gen-Ed-150-items.pdf,An elevator can carry a maximum load of 605kgs. How many passengers of weight 50.5 kg each can the elevator hold?,12,11.9,11,10,,C,,Both,General Education,Cannot Determine,No,,Ready for Upload,Shared Gen Ed 2023/2025-2026 update; answer key appears at the end of the PDF.
1069,7,Updated Gen-Ed-150-items.pdf,“She is a vision of feminine pulchritude.” This stands for _________.,homeliness,loveliness,plain,simple,,B,,Both,General Education,Cannot Determine,No,,Ready for Upload,Shared Gen Ed 2023/2025-2026 update; answer key appears at the end of the PDF.
1070,7,Updated Gen-Ed-150-items.pdf,"What figure of speech is employed when the author states, “O souls and spirits of the martyred, arise”?",Metaphor,Apostrophe,Onomatopoeia,Metonymy,,B,,Both,General Education,Cannot Determine,No,,Ready for Upload,Shared Gen Ed 2023/2025-2026 update; answer key appears at the end of the PDF.
1071,7,Updated Gen-Ed-150-items.pdf,Who said “The Filipino is worth dying for.”?,Benigno Aquino Jr.,Jose Rizal,Andres Bonifacio,Carlos P. Garcia,,A,,Both,General Education,Cannot Determine,No,,Ready for Upload,Shared Gen Ed 2023/2025-2026 update; answer key appears at the end of the PDF.
1072,7,Updated Gen-Ed-150-items.pdf,Everyone was home for the holidays. What could make for ________ Christmas than that?,a merry,the merriest,a merrier,a merriest,,C,,Both,General Education,Cannot Determine,No,,Ready for Upload,Shared Gen Ed 2023/2025-2026 update; answer key appears at the end of the PDF.
1073,7,Updated Gen-Ed-150-items.pdf,To govern is to rule and the government rules by laws. Whose main duty is the enforcement of laws?,Police department,Judiciary department,Legislative department,Executive department,,D,,Both,General Education,Cannot Determine,No,,Ready for Upload,Shared Gen Ed 2023/2025-2026 update; answer key appears at the end of the PDF. Duplicate or near-duplicate of row 471.
1074,7,Updated Gen-Ed-150-items.pdf,Which is common to Sun Yat Sen and mahatma Gandhi?,Promoted a society ruled by religious leaders,Rejected violence as a way to political power,Led a successful nationalistic movement in their respective countries,Supported Marxist philosophy to change existing governments,,B,,Both,General Education,Cannot Determine,No,,Ready for Upload,Shared Gen Ed 2023/2025-2026 update; answer key appears at the end of the PDF. Duplicate or near-duplicate of row 482.
1075,7,Updated Gen-Ed-150-items.pdf,Which led to the creation of Pakistan as a nation in 1947? Religious differences between ____________>,Hindus and Christians,Christians and Muslims,Hindus and Buddhists,Hindus and Muslims,,D,,Both,General Education,Cannot Determine,No,,Ready for Upload,Shared Gen Ed 2023/2025-2026 update; answer key appears at the end of the PDF. Duplicate or near-duplicate of row 481.
1076,7,Updated Gen-Ed-150-items.pdf,The Spanish expedition responsible for naming the archipelago Filipinas,Magellan’s expedition,Loarca expedition,Legaspi expedition,Villalobos expedition LICENSURE EXAMINATION FOR TEACHERS (LET) MARCH 2023 GENERAL EDUCATION QUESTIONS (TARA REVIEW! LET Reviewer Philippines – LPT),,D,,Both,General Education,Cannot Determine,No,,Ready for Upload,Shared Gen Ed 2023/2025-2026 update; answer key appears at the end of the PDF. Duplicate or near-duplicate of row 473.
1077,8,Updated Gen-Ed-150-items.pdf,"Our favorite song goes: No man is an island, No man stands alone Each man’s joy is joy to me Each man’s grief is my own. What does this song express?",Solitude,Independence,Brotherhood,Individualization,,C,,Both,General Education,Cannot Determine,No,,Ready for Upload,Shared Gen Ed 2023/2025-2026 update; answer key appears at the end of the PDF.
1078,8,Updated Gen-Ed-150-items.pdf,“It is only the heart that can see rightly.” This line means _____________.,important things are invisible to the heart,only the heart can see the beautiful things in life,the heart is always correct about everything,the heart is visible if one is kind,,B,,Both,General Education,Cannot Determine,No,,Ready for Upload,Shared Gen Ed 2023/2025-2026 update; answer key appears at the end of the PDF.
1079,8,Updated Gen-Ed-150-items.pdf,"Of the seven continents comprising continues land mass surrounded by big bodies of water, the biggest is ___________.",Asia,Australia,Europe,Northern America,,A,,Both,General Education,Cannot Determine,No,,Ready for Upload,Shared Gen Ed 2023/2025-2026 update; answer key appears at the end of the PDF.
1080,8,Updated Gen-Ed-150-items.pdf,What was the power to set aside certain by the Kingdom of Spain to the Governor-General of the Philippines?,Veto power,Condign power,Conditioned power,compensatory power,,A,,Both,General Education,Cannot Determine,No,,Ready for Upload,Shared Gen Ed 2023/2025-2026 update; answer key appears at the end of the PDF.
1081,8,Updated Gen-Ed-150-items.pdf,"What best describes the form of government of England with its parliament, a prime minister, and a queen (or king)?",Constitutional monarchy,Anarchism,Ethnocracy,Demarchy,,A,,Both,General Education,Cannot Determine,No,,Ready for Upload,Shared Gen Ed 2023/2025-2026 update; answer key appears at the end of the PDF.
1082,8,Updated Gen-Ed-150-items.pdf,What is the application of the principles of theories of human behavior in teaching and learning?,Educational theory,Educational philosophy,Educational psychology,Educational sociology,,C,,Both,General Education,Cannot Determine,No,,Ready for Upload,Shared Gen Ed 2023/2025-2026 update; answer key appears at the end of the PDF.
1083,8,Updated Gen-Ed-150-items.pdf,Which word/phrase does NOT go with school-based management?,Transparency,Authoritarian leadership,Partnership,Continuous improvement,,C,,Both,General Education,Cannot Determine,No,,Ready for Upload,Shared Gen Ed 2023/2025-2026 update; answer key appears at the end of the PDF.
1084,8,Updated Gen-Ed-150-items.pdf,What kind of an improvement process is in keeping with SBM? I. Data-driven II. Continuous III. Participatory,"I, II, and III",II and III,I and II,I and III,,A,,Both,General Education,Cannot Determine,No,,Ready for Upload,Shared Gen Ed 2023/2025-2026 update; answer key appears at the end of the PDF.
1085,8,Updated Gen-Ed-150-items.pdf,"In SBM, who is empowered to lead the school and the community for improvement?",school head,teachers,supervisor,parent leaders,,A,,Both,General Education,Cannot Determine,No,,Ready for Upload,Shared Gen Ed 2023/2025-2026 update; answer key appears at the end of the PDF.
1086,8,Updated Gen-Ed-150-items.pdf,Our school has 8 male teachers who comprise 25% of all our teachers. How many teachers do we have?,24,28,32,40,,C,,Both,General Education,Cannot Determine,No,,Ready for Upload,Shared Gen Ed 2023/2025-2026 update; answer key appears at the end of the PDF.
1087,8,Updated Gen-Ed-150-items.pdf,"Ms. Tonelada weighed 60kg. She lost 4 kg on her first week of exercise, gained 2kg on her second week, lost 6kg on the 3rd week and remained her weight during the fourth week. What was her weight on the 4th week?",52kg,58kg,68kg,72ks,,A,,Both,General Education,Cannot Determine,No,,Ready for Upload,Shared Gen Ed 2023/2025-2026 update; answer key appears at the end of the PDF.
1088,8,Updated Gen-Ed-150-items.pdf,"A group of young people from four countries gathered together for an international conference: 40 from Philippines, 60 from Japan, 35 from Thailand, and 45 from Singapore. The participants will form discussion groups with equal number of members from each country in each group. What is the greatest number of discussion groups can be formed?",5,15,20,25,,A,,Both,General Education,Cannot Determine,No,,Ready for Upload,Shared Gen Ed 2023/2025-2026 update; answer key appears at the end of the PDF.
1089,8,Updated Gen-Ed-150-items.pdf,"The first 5 numbers in a sequence are 2, 3, 5, 8, and 12. What is the 7th number in the sequence?",15,19,23,25 LICENSURE EXAMINATION FOR TEACHERS (LET) MARCH 2023 GENERAL EDUCATION QUESTIONS (TARA REVIEW! LET Reviewer Philippines – LPT),,C,,Both,General Education,Cannot Determine,No,,Ready for Upload,Shared Gen Ed 2023/2025-2026 update; answer key appears at the end of the PDF.
1090,9,Updated Gen-Ed-150-items.pdf,"Don Antonio invested part of 30,000 pesos at 5% interest and the remaining amount at 6% interest at BPI. If his investment yields an annual income of 1,620 pesos, how much did he invest at 6% interest?","2,000 pesos","14,000 pesos","16,000 pesos","18,000 pesos",,A,,Both,General Education,Cannot Determine,No,,Ready for Upload,Shared Gen Ed 2023/2025-2026 update; answer key appears at the end of the PDF.
1091,9,Updated Gen-Ed-150-items.pdf,Which of the following is a proper example of natural selection?,Human beings continue to get taller because of thousands of years of proper nutrition.,"A community of lady bugs begins having offspring with darker shells, in order to hide from their predators.","Albino rodents die off quickly in a community, being more vulnerable to certain pancreatic diseases.",Seagulls begin to eat so many fish so that only those with dark blue scale color survive,,D,,Both,General Education,Cannot Determine,No,,Ready for Upload,Shared Gen Ed 2023/2025-2026 update; answer key appears at the end of the PDF.
1092,9,Updated Gen-Ed-150-items.pdf,Why do we hear thunder some seconds after seeing lightning?,Light appears brighter in the sky.,Light travels faster than sound.,Sound travels 1.331m/s,Sound is released later actually.,,B,,Both,General Education,Cannot Determine,No,,Ready for Upload,Shared Gen Ed 2023/2025-2026 update; answer key appears at the end of the PDF. Duplicate or near-duplicate of row 460.
1093,9,Updated Gen-Ed-150-items.pdf,Water has a higher specific heat than iron. What does this mean?,Water in hotter than iron.,Water heats more rapidly than iron.,Water is denser than iron.,Water heats more slowly than iron.,,D,,Both,General Education,Cannot Determine,No,,Ready for Upload,Shared Gen Ed 2023/2025-2026 update; answer key appears at the end of the PDF. Duplicate or near-duplicate of row 461.
1094,9,Updated Gen-Ed-150-items.pdf,"Mimosa pudica, locally known as Makahiya is called as such because its leaflets tend to close when touched. This organismal response to a given stimuli is called ______________.",Hydrotropism,Thigmotropism,Geotropism,Phototropism,,B,,Both,General Education,Cannot Determine,No,,Ready for Upload,Shared Gen Ed 2023/2025-2026 update; answer key appears at the end of the PDF. Duplicate or near-duplicate of row 464.
1095,9,Updated Gen-Ed-150-items.pdf,What kind of mirror is used in cars to give the driver a wider area and smaller image of the traffic behind him/her?,double concave,convex,plane,concave,,B,,Both,General Education,Cannot Determine,No,,Ready for Upload,Shared Gen Ed 2023/2025-2026 update; answer key appears at the end of the PDF. Duplicate or near-duplicate of row 459.
1096,9,Updated Gen-Ed-150-items.pdf,Why is it NOT advisable to repeatedly open the door of refrigerator?,It will loosen the hinges of the refrigerator’s door.,Leads to wastage in electrical energy,Repeated opening introduces bacteria in to the refrigerator.,The warm air outside lowers the temperature inside thus making the refrigeration less-efficient,,B,,Both,General Education,Cannot Determine,No,,Ready for Upload,Shared Gen Ed 2023/2025-2026 update; answer key appears at the end of the PDF.
1097,9,Updated Gen-Ed-150-items.pdf,"When a gardener propagates a plant by taking cuttings, he plants his cutting in a well-watered soil in a plant pot. What is most likely reason why he may then cover the plant and pot with a lightly perforated polythene bag?",To reduce the water demand of the cutting,To decrease the rate of gaseous exchange by the plant,To reduce the chance of attack by pests,To protect the plant from cold weather,,A,,Both,General Education,Cannot Determine,No,,Ready for Upload,Shared Gen Ed 2023/2025-2026 update; answer key appears at the end of the PDF.
1098,9,Updated Gen-Ed-150-items.pdf,"When a teacher asks the consistency of a material taken from the internet with other materials, he/she is concerned with its?",relevance,accuracy,coverage,currency,,B,,Both,General Education,Cannot Determine,No,,Ready for Upload,Shared Gen Ed 2023/2025-2026 update; answer key appears at the end of the PDF.
1099,9,Updated Gen-Ed-150-items.pdf,"Filipinos in Barcelona, sone of whom were Rizal’s schoolmate in Ateneo gave him party at their favorite café _______________.",Hotel de Paz,Plaza de Cataluna,Las Ramblas,Port-Bou,,B,,Both,General Education,Cannot Determine,No,,Ready for Upload,Shared Gen Ed 2023/2025-2026 update; answer key appears at the end of the PDF.
1100,9,Updated Gen-Ed-150-items.pdf,The article that Rizal wrote in Madrid on November 1882 which was returned to him because the Diariong Tagalog ceased publication.,Los Viajes,Felicitacion,Amor Patrio,Revisita de Madrid,,C,,Both,General Education,Cannot Determine,No,,Ready for Upload,Shared Gen Ed 2023/2025-2026 update; answer key appears at the end of the PDF.
1101,9,Updated Gen-Ed-150-items.pdf,What is the symbolism of Bapor Tabo in the first chapter of El Filibusterismo?,Social class divide,Water pollution in Pasig River,Arrival of the Americans,Love of the Spanish for fancy things LICENSURE EXAMINATION FOR TEACHERS (LET) MARCH 2023 GENERAL EDUCATION QUESTIONS (TARA REVIEW! LET Reviewer Philippines – LPT),,A,,Both,General Education,Cannot Determine,No,,Ready for Upload,Shared Gen Ed 2023/2025-2026 update; answer key appears at the end of the PDF.
1102,10,Updated Gen-Ed-150-items.pdf,"In his two-day sojourn in the English colony of Singapore, what did Rizal particularly admire?",Their languages and culture they spoke,Their customs and traditions that were somewhat alike to the Filipinos,The confidence which natives of Singapore seemed to have in their government,Their discipline and strict compliance of imposed laws,,C,,Both,General Education,Cannot Determine,No,,Ready for Upload,Shared Gen Ed 2023/2025-2026 update; answer key appears at the end of the PDF.
1103,10,Updated Gen-Ed-150-items.pdf,Makamisa was an unfinished literary work by Rizal. What was it?,Poem,Novel,Collection of Poems,Play,,B,,Both,General Education,Cannot Determine,No,,Ready for Upload,Shared Gen Ed 2023/2025-2026 update; answer key appears at the end of the PDF.
1104,10,Updated Gen-Ed-150-items.pdf,The president who signed the Rizal Law or RA 1425 is ___________.,Ramon Magsaysay,Ferdinand Marcos,Manuel Roxas,Manuel Quezon,,A,,Both,General Education,Cannot Determine,No,,Ready for Upload,Shared Gen Ed 2023/2025-2026 update; answer key appears at the end of the PDF.
1105,10,Updated Gen-Ed-150-items.pdf,"“I shall die without seeing the dawn break upon my homeland. You, who shall see it, salute it! Do not forget those who have fallen during the night.” Who said this line?",Elias,Crisostomo Ibarra,,Sisa,,A,,Both,General Education,Cannot Determine,No,,Ready for Upload,Shared Gen Ed 2023/2025-2026 update; answer key appears at the end of the PDF.
1106,10,Updated Gen-Ed-150-items.pdf,"Which application program provides users with a means to organize and present information through the use of text, numbers, graphs, sounds, and visual images?",Multimedia,Publisher,Spreadsheet,Word processing,,A,,Both,General Education,Cannot Determine,No,,Ready for Upload,Shared Gen Ed 2023/2025-2026 update; answer key appears at the end of the PDF.
1107,10,Updated Gen-Ed-150-items.pdf,The search for related literature by accessing several data bases by the use of a telephone line to connect a computer library with other computers that have database is termed __________.,compact disc search,on-line search,manual search,computer search,,B,,Both,General Education,Cannot Determine,No,,Ready for Upload,Shared Gen Ed 2023/2025-2026 update; answer key appears at the end of the PDF. Duplicate or near-duplicate of row 337.
1108,10,Updated Gen-Ed-150-items.pdf,Which among the following is NOT a Filipino quality emphasized in the Noli Me Tangere of Dr. Jose Rizal?,Devotion of a Filipina,Deep sense of gratitude,Common sense of Filipinos,Innate Subversiveness,,D,,Both,General Education,Cannot Determine,No,,Ready for Upload,Shared Gen Ed 2023/2025-2026 update; answer key appears at the end of the PDF.
1109,10,Updated Gen-Ed-150-items.pdf,The sun appears more reddish at sunset than at noon. Which of the following phenomena is responsible for this effect?,Dispersion,Reflection,Scattering,Interference,,C,,Both,General Education,Cannot Determine,No,,Ready for Upload,Shared Gen Ed 2023/2025-2026 update; answer key appears at the end of the PDF.
1110,10,Updated Gen-Ed-150-items.pdf,What law was passed by Philippine Congress in 1995 which affirms the total integration of persons with disabilities into the mainstream of society?,Republic Act No. 7277,Republic Act No. 7784,Republic Act No. 7722,Republic Act No. 7776,,A,,Both,General Education,Cannot Determine,No,,Ready for Upload,Shared Gen Ed 2023/2025-2026 update; answer key appears at the end of the PDF.
1111,10,Updated Gen-Ed-150-items.pdf,Which act is a deprivation of life without due process?,killing in self-defense,salvaging,imposition of the death penalty,death resulting from illness,,B,,Both,General Education,Cannot Determine,No,,Ready for Upload,Shared Gen Ed 2023/2025-2026 update; answer key appears at the end of the PDF.
1112,10,Updated Gen-Ed-150-items.pdf,Which is right violated by wiretapping?,Freedom of expression,The right to private property,The right to privacy of communication,The right to information on matters of public concern,,C,,Both,General Education,Cannot Determine,No,,Ready for Upload,Shared Gen Ed 2023/2025-2026 update; answer key appears at the end of the PDF.
1113,10,Updated Gen-Ed-150-items.pdf,The expression promdi connotes __________.,ethnocentrism,tenocentrism,favoritism,racial discrimination,,A,,Both,General Education,Cannot Determine,No,,Ready for Upload,Shared Gen Ed 2023/2025-2026 update; answer key appears at the end of the PDF.
1114,10,Updated Gen-Ed-150-items.pdf,She was a “Phantom of Delight” connotes that the woman is ____________.,real,lovely,an illusion,virtuo,,B,,Both,General Education,Cannot Determine,No,,Ready for Upload,Shared Gen Ed 2023/2025-2026 update; answer key appears at the end of the PDF.
1115,10,Updated Gen-Ed-150-items.pdf,"In Psalm 23 otherwise known as Psalm of David, which meaning is closest to the line, “He maketh me to lie down in green pastures: he leadeth me beside the still waters”.",He will be provided peace and prosperity.,He will be given riches and mercy.,He will be known throughout the land.,He will always obey his master for His glory.,,A,,Both,General Education,Cannot Determine,No,,Ready for Upload,Shared Gen Ed 2023/2025-2026 update; answer key appears at the end of the PDF.
1116,10,Updated Gen-Ed-150-items.pdf,What figure of speech is used in the line “I wandered lonely as a cloud…..”,Alliteration,Personification,Simile,Metaphor LICENSURE EXAMINATION FOR TEACHERS (LET) MARCH 2023 GENERAL EDUCATION QUESTIONS (TARA REVIEW! LET Reviewer Philippines – LPT),,C,,Both,General Education,Cannot Determine,No,,Ready for Upload,Shared Gen Ed 2023/2025-2026 update; answer key appears at the end of the PDF.
1117,11,Updated Gen-Ed-150-items.pdf,Wise people can _____ with frustrations?,cope in,cope up,cope,cope on,,C,,Both,General Education,Cannot Determine,No,,Ready for Upload,Shared Gen Ed 2023/2025-2026 update; answer key appears at the end of the PDF.
1118,11,Updated Gen-Ed-150-items.pdf,They visited ______ children where ______ are pursuing post-baccalaureate degrees.,their-there,there-their,their-they’re,there-they’re,,C,,Both,General Education,Cannot Determine,No,,Ready for Upload,Shared Gen Ed 2023/2025-2026 update; answer key appears at the end of the PDF.
1119,11,Updated Gen-Ed-150-items.pdf,Which does one portray when he thinks that is foreign is best and that what is local is inferior?,xenocentrism,relativism,ethnocentrism,favoritism,,A,,Both,General Education,Cannot Determine,No,,Ready for Upload,Shared Gen Ed 2023/2025-2026 update; answer key appears at the end of the PDF.
1120,11,Updated Gen-Ed-150-items.pdf,Upon which is based the claim that there is no single universal standard to be used to judge any culture- based?,cultural relativism,culture shock,cultural diversity,ethical relativism,,A,,Both,General Education,Cannot Determine,No,,Ready for Upload,Shared Gen Ed 2023/2025-2026 update; answer key appears at the end of the PDF.
1121,11,Updated Gen-Ed-150-items.pdf,"What is the maximum number of books, each 1.4 cm thick that can be put vertically in a shelf which is 64cm long?",44,45,46,64,,B,,Both,General Education,Cannot Determine,No,,Ready for Upload,Shared Gen Ed 2023/2025-2026 update; answer key appears at the end of the PDF.
1122,11,Updated Gen-Ed-150-items.pdf,A building 25m tall casts a shadow 10m long. How long is the shadow of a 5-foot girl standing beside the building?,2ft,2.5ft,10ft,250ft,,A,,Both,General Education,Cannot Determine,No,,Ready for Upload,Shared Gen Ed 2023/2025-2026 update; answer key appears at the end of the PDF.
1123,11,Updated Gen-Ed-150-items.pdf,"Tukuyin and sugnay na makapag-iisa. Kung magkakasundo tayo, ikaw ang mamumuno at ako naman ang tagasunod.",Kung magkakasundo tayo,Ako naman,Ang magiging tagasunod,Ikaw ang mamumuno,,D,,Both,General Education,Cannot Determine,No,,Ready for Upload,Shared Gen Ed 2023/2025-2026 update; answer key appears at the end of the PDF.
1124,11,Updated Gen-Ed-150-items.pdf,Ang pagkautal ay matatawag na ________ na sagabal sa pagsasalita.,semantic,pisyolohikal,pisikal,saykolohikal,,B,,Both,General Education,Cannot Determine,No,,Ready for Upload,Shared Gen Ed 2023/2025-2026 update; answer key appears at the end of the PDF.
1125,11,Updated Gen-Ed-150-items.pdf,The voltage across a transformer primary coil that has 100 turns is 10V. What is the voltage across the secondary coil which has 20V turns?,100 V,10 V,2 V,20 V,,C,,Both,General Education,Cannot Determine,No,,Ready for Upload,Shared Gen Ed 2023/2025-2026 update; answer key appears at the end of the PDF.
1126,11,Updated Gen-Ed-150-items.pdf,Riders in a bus are pushed forward during a sudden stop. Which law of motion provides an explanation?,Law of Inertia,Law of Interaction,Law of Universal Gravitation,Hooke’s Law,,A,,Both,General Education,Cannot Determine,No,,Ready for Upload,Shared Gen Ed 2023/2025-2026 update; answer key appears at the end of the PDF.
1127,11,Updated Gen-Ed-150-items.pdf,"Pedro easily carried the television by himself when his neighbor’s house was on fire. But when the fire was over, he could not bring it back to the house alone. This is on account of the hormone __________.",pancreatine,insulin,adrenaline,ptyaline,,C,,Both,General Education,Cannot Determine,No,,Ready for Upload,Shared Gen Ed 2023/2025-2026 update; answer key appears at the end of the PDF.
1128,11,Updated Gen-Ed-150-items.pdf,Which one links the computers to base computer making it possible to share software materials?,Local area network,Modem,Interface,Internet LICENSURE EXAMINATION FOR TEACHERS (LET) MARCH 2023 GENERAL EDUCATION QUESTIONS (TARA REVIEW! LET Reviewer Philippines – LPT),,A,,Both,General Education,Cannot Determine,No,,Ready for Upload,Shared Gen Ed 2023/2025-2026 update; answer key appears at the end of the PDF.
1129,1,Updated Prof-Ed-150-items.pdf,"What is the primary advantage of active learning techniques (disgussion, role play, gaming, etc.) in instruction?",Higher thinking,Problem solving,Student engagement,"Focus on questions, not answers",,C,,Both,Professional Education,Cannot Determine,No,,Ready for Upload,Shared Prof Ed 2023/2025-2026 update; answer key appears at the end of the PDF.
1130,1,Updated Prof-Ed-150-items.pdf,"These are rights given the child in indigenous minorities, but NOT to include ___.",to profess his/her religion,to enjoy his/her culture,to use his/her own language,to be exempted from formal education,,D,,Both,Professional Education,Cannot Determine,No,,Ready for Upload,Shared Prof Ed 2023/2025-2026 update; answer key appears at the end of the PDF.
1131,1,Updated Prof-Ed-150-items.pdf,Which of the following simulation to abstract the real world learning?,Chess,Role playing,Monopoly,Scrabble,,B,,Both,Professional Education,Cannot Determine,No,,Ready for Upload,Shared Prof Ed 2023/2025-2026 update; answer key appears at the end of the PDF.
1132,1,Updated Prof-Ed-150-items.pdf,"Following the principles for punishing students, which of the following is the LEAST desirable strategy for classroom management?",Punishing while angry,Give punishment sparingly,Punishing the erring student rather than the entire class,Punishing while clarifying why punishment is done,,A,,Both,Professional Education,Cannot Determine,No,,Ready for Upload,Shared Prof Ed 2023/2025-2026 update; answer key appears at the end of the PDF.
1133,1,Updated Prof-Ed-150-items.pdf,What kind of literary works are very creative by way of descriptive language and dramatic episodes?,Fiction novels,Historical account,Biography,Autobiography,,A,,Both,Professional Education,Cannot Determine,No,,Ready for Upload,Shared Prof Ed 2023/2025-2026 update; answer key appears at the end of the PDF.
1134,1,Updated Prof-Ed-150-items.pdf,What is the descriptor for a numerical grade of 95 as level of proficiency?,Satisfactory,Outstanding,Very Satisfactory,Did not meet expectations,,B,,Both,Professional Education,Cannot Determine,No,,Ready for Upload,Shared Prof Ed 2023/2025-2026 update; answer key appears at the end of the PDF.
1135,1,Updated Prof-Ed-150-items.pdf,There are more elementary schools than high schools run by government. This can be traced to this era.,Pre-Hispanic,Spanish,American,Japanese,,B,,Both,Professional Education,Cannot Determine,No,,Ready for Upload,Shared Prof Ed 2023/2025-2026 update; answer key appears at the end of the PDF.
1136,1,Updated Prof-Ed-150-items.pdf,Which behavior does a great teacher who can emphasize with his/her students display?,Feels what students feel,Expects students to understand his/her feelings,Gives no assignment,Makes test easy,,A,,Both,Professional Education,Cannot Determine,No,,Ready for Upload,Shared Prof Ed 2023/2025-2026 update; answer key appears at the end of the PDF.
1137,1,Updated Prof-Ed-150-items.pdf,"Among models of reading strategies, what did student Lorna adopts when she read back and forth, attending to both what is in her mind and what’s on the page?",Down-Top,Interactive,Top-Down,Bottoms-Up,,B,,Both,Professional Education,Cannot Determine,No,,Ready for Upload,Shared Prof Ed 2023/2025-2026 update; answer key appears at the end of the PDF.
1138,1,Updated Prof-Ed-150-items.pdf,"Of the following questions, which relate to metacognition?",How is this done?,Am I learning well enough?,What facts did I know?,When did this event occur?,,B,,Both,Professional Education,Cannot Determine,No,,Ready for Upload,Shared Prof Ed 2023/2025-2026 update; answer key appears at the end of the PDF.
1139,1,Updated Prof-Ed-150-items.pdf,Which is an implication of a positively skewed distribution?,Students have high IQ,There was mastery of the lesson,Teaching was effective,Teaching was not effective,,D,,Both,Professional Education,Cannot Determine,No,,Ready for Upload,Shared Prof Ed 2023/2025-2026 update; answer key appears at the end of the PDF.
1140,1,Updated Prof-Ed-150-items.pdf,"In Piaget's theory, and individuals adjustment to new information is called:",Accommodation,Adaptation,Assimilation,Organization,,A,,Both,Professional Education,Cannot Determine,No,,Ready for Upload,Shared Prof Ed 2023/2025-2026 update; answer key appears at the end of the PDF.
1141,2,Updated Prof-Ed-150-items.pdf,"For effective teaching-learning, there is no such thing as “one-size-fits-all”. What does this imply?",Allow students to use their cellphones in class.,Always end up with a lesson summary,Use performance tests since they are more reliable.,Consider multiple intelligences in teaching.,,D,,Both,Professional Education,Cannot Determine,No,,Ready for Upload,Shared Prof Ed 2023/2025-2026 update; answer key appears at the end of the PDF.
1142,2,Updated Prof-Ed-150-items.pdf,"Which philosophy supports universal values in education, as there are important in molding young minds towards broad ideals such as demoracy, freedom, human rights?",Essentialism,Behaviorism,Existentialism,Empiricism,,C,,Both,Professional Education,Cannot Determine,No,,Ready for Upload,Shared Prof Ed 2023/2025-2026 update; answer key appears at the end of the PDF.
1143,2,Updated Prof-Ed-150-items.pdf,"In his history class, teacher Naomi uses a current events IQ contest to determine champions in identifying people, places, and events. What learning objective/outcome does she aim to achieve?",Application,Knowledge or recall,Responding,Perpetual abilities,,B,,Both,Professional Education,Cannot Determine,No,,Ready for Upload,Shared Prof Ed 2023/2025-2026 update; answer key appears at the end of the PDF.
1144,2,Updated Prof-Ed-150-items.pdf,Which of these is a tool to foster creativity?,Case analysis,Debate,Brainstorming,Feedback,,C,,Both,Professional Education,Cannot Determine,No,,Ready for Upload,Shared Prof Ed 2023/2025-2026 update; answer key appears at the end of the PDF.
1145,2,Updated Prof-Ed-150-items.pdf,Operant conditioning can be applied to classroom by ___.,Connecting facts and concepts,Fostering conducive learning environment,Using reinforcement,Using manipulative devices,,C,,Both,Professional Education,Cannot Determine,No,,Ready for Upload,Shared Prof Ed 2023/2025-2026 update; answer key appears at the end of the PDF.
1146,2,Updated Prof-Ed-150-items.pdf,"During classroom-level of curriculum implementation, the strategies that work are classified as “green.” Which of the following belongs in this category?",Content delivery based on lessons,Excess in chalkboard talk,Homogeneous student grouping,Student interest and teacher enthusiasm,,D,,Both,Professional Education,Cannot Determine,No,,Ready for Upload,Shared Prof Ed 2023/2025-2026 update; answer key appears at the end of the PDF.
1147,2,Updated Prof-Ed-150-items.pdf,Which situation best illustrates the concept of growth?,A kinder pupil gains 2 pounds within two months.,A high school student gets a score of 85 in mental ability test.,An education student has gained knowledge on approaches and strategies in teaching different subjects.,An elementary grader has learned to play piano.,,A,,Both,Professional Education,Cannot Determine,No,,Duplicate,Shared Prof Ed 2023/2025-2026 update; answer key appears at the end of the PDF. Duplicate or near-duplicate of row 556.
1148,2,Updated Prof-Ed-150-items.pdf,In what year was the K-12 offered to incoming Grade 1 to Grade 7?,2011-2012,2012-2013,2013-2014,2016-2017,,B,,Both,Professional Education,Cannot Determine,No,,Ready for Upload,Shared Prof Ed 2023/2025-2026 update; answer key appears at the end of the PDF.
1149,2,Updated Prof-Ed-150-items.pdf,"Jay exceeded the threshold of the prescribed number of absences during the school year, but his teacher still gave him some considerations. Is it acceptable?","No, without the consent of the school head.",Yes.,No.,"Yes, provided that the student will be given warning.",,A,,Both,Professional Education,Cannot Determine,No,,Ready for Upload,"Shared Prof Ed 2023/2025-2026 update; answer key appears at the end of the PDF. Correct answer matched from trailing answer-key text: No, without the consent of the school head."
1150,2,Updated Prof-Ed-150-items.pdf,Teacher Mark will be talking about venomous animals in his next meeting. Which among these is the least likely of his options as teaching materials?,mock-ups,models,realia,illustrations,,C,,Both,Professional Education,Cannot Determine,No,,Ready for Upload,Shared Prof Ed 2023/2025-2026 update; answer key appears at the end of the PDF.
1151,2,Updated Prof-Ed-150-items.pdf,What does a difficulty index of 0.82 mean? The test is ___.,Easy,Very Easy,Difficult,Moderate,,B,,Both,Professional Education,Cannot Determine,No,,Ready for Upload,Shared Prof Ed 2023/2025-2026 update; answer key appears at the end of the PDF.
1152,3,Updated Prof-Ed-150-items.pdf,Which of the following does not belong to the metacognitive reading activities?,Predicting,Testing,Sampling,Perceiving,,D,,Both,Professional Education,Cannot Determine,No,,Ready for Upload,Shared Prof Ed 2023/2025-2026 update; answer key appears at the end of the PDF.
1153,3,Updated Prof-Ed-150-items.pdf,Who stressed the idea that students cannot learn if their basic needs are not met.,Miller,Maslow,Westheimer,Thorndike,,B,,Both,Professional Education,Cannot Determine,No,,Ready for Upload,Shared Prof Ed 2023/2025-2026 update; answer key appears at the end of the PDF.
1154,3,Updated Prof-Ed-150-items.pdf,"Happiness is different from the pleasure in being an abiding consequence of result which is not destroyed, even by the presence of pain. The best illustration of this principle is ___.",A student topping the board exam,A mother giving birth,An engaged getting married,A jackpot winner collecting his prize,,B,,Both,Professional Education,Cannot Determine,No,,Ready for Upload,Shared Prof Ed 2023/2025-2026 update; answer key appears at the end of the PDF.
1155,3,Updated Prof-Ed-150-items.pdf,"Of the following, the most important for classroom management is ___.",The classroom is conducive to learning.,Latecomers are duly noted.,Instructional tools are used.,The students are quite in class.,,A,,Both,Professional Education,Cannot Determine,No,,Ready for Upload,Shared Prof Ed 2023/2025-2026 update; answer key appears at the end of the PDF.
1156,3,Updated Prof-Ed-150-items.pdf,One of the rights of the students is the right to make decisions in selecting alternative field of work. This is an adherence to a philosophical foundation of education. Identify the philosophical basis.,Behaviorism,Constructivism,Existentialism,Progressivism,,C,,Both,Professional Education,Cannot Determine,No,,Ready for Upload,Shared Prof Ed 2023/2025-2026 update; answer key appears at the end of the PDF. Correct answer matched from trailing answer-key text: Existentialism.
1157,3,Updated Prof-Ed-150-items.pdf,Confucius asserted that in teaching there should be no distinction of classes. Confucius teaching is in support of ___.,Education for All (EFA),Moral Recovery Program,Back-to-the-Basics,Values Education,,A,,Both,Professional Education,Cannot Determine,No,,Ready for Upload,Shared Prof Ed 2023/2025-2026 update; answer key appears at the end of the PDF.
1158,3,Updated Prof-Ed-150-items.pdf,The index difficulty of a particular test is 0.10. What does this mean? My students ___.,gained masyery over the item,performed very well against expectation,found that the test item was either easy nor difficult,find the test item difficult,,D,,Both,Professional Education,Cannot Determine,No,,Ready for Upload,Shared Prof Ed 2023/2025-2026 update; answer key appears at the end of the PDF.
1159,3,Updated Prof-Ed-150-items.pdf,In what way can teachers uphold the highest possible standards of quality education?,by putting down other professions to lift the status of teaching,by working out underserved promotions,by continually improving themselves personally and professionally,by wearing expensive clothes to change people’s poor perception of teachers,,C,,Both,Professional Education,Cannot Determine,No,,Duplicate,Shared Prof Ed 2023/2025-2026 update; answer key appears at the end of the PDF. Duplicate or near-duplicate of row 207.
1160,3,Updated Prof-Ed-150-items.pdf,"In Erikson's Stages of Theory of Development, which of the following needs to be developed from the child (1 ½ to 3 years old)?",Autonomy,Initiative,Industry,Trust,,A,,Both,Professional Education,Cannot Determine,No,,Ready for Upload,Shared Prof Ed 2023/2025-2026 update; answer key appears at the end of the PDF.
1161,3,Updated Prof-Ed-150-items.pdf,The principle of individual differences enables a teacher to ___.,Requires much time to teach,Reduce student engagement in learning,Treat all learners alike while inside the classroom,Provide different activities to meet student needs,,D,,Both,Professional Education,Cannot Determine,No,,Ready for Upload,Shared Prof Ed 2023/2025-2026 update; answer key appears at the end of the PDF.
1162,3,Updated Prof-Ed-150-items.pdf,"To ensure high standards of teacher's personal and professional development, one must refer to the qualification standards to the PQF. What does PQF stand for?",Philippine Quality Framework,Philippine Qualifications Framework,Philippine Qualifications Focus,Philippines Qualification Framework,,B,,Both,Professional Education,Cannot Determine,No,,Ready for Upload,Shared Prof Ed 2023/2025-2026 update; answer key appears at the end of the PDF.
1163,4,Updated Prof-Ed-150-items.pdf,"Among mistaken goals in the Acceptance Approach to discipline, what happens when students seek to hurt others to make up for being hurt or rejected?",Attention getting,Power seeking,Revenge seeking,Withdrawal,,C,,Both,Professional Education,Cannot Determine,No,,Ready for Upload,Shared Prof Ed 2023/2025-2026 update; answer key appears at the end of the PDF.
1164,4,Updated Prof-Ed-150-items.pdf,The theory of behaviorism focuses on the study of ___.,Logical reasoning,Abstract reasoning,Observable and measurable behavior,Covert behavior,,C,,Both,Professional Education,Cannot Determine,No,,Ready for Upload,Shared Prof Ed 2023/2025-2026 update; answer key appears at the end of the PDF.
1165,4,Updated Prof-Ed-150-items.pdf,What does a difficulty index of 0.20 mean? The test is ___.,Easy,Difficult,Very Difficult,Very Easy,,C,,Both,Professional Education,Cannot Determine,No,,Ready for Upload,Shared Prof Ed 2023/2025-2026 update; answer key appears at the end of the PDF.
1166,4,Updated Prof-Ed-150-items.pdf,Teacher Dave wants to develop the ability of sound judgment in his students. Which of the following questions should he ask?,"With the elements of a good paragraph in mind, which one is best written?","Of the characters of the story, with whom do you identify yourself?",What is the essayist saying about judging other people?,Why is there so much poverty in a country where there is plenty of natural resources?,,A,,Both,Professional Education,Cannot Determine,No,,Ready for Upload,Shared Prof Ed 2023/2025-2026 update; answer key appears at the end of the PDF.
1167,4,Updated Prof-Ed-150-items.pdf,Which of the following will you do if somebody confided to you an offense which will implicate your brother?,Find out the whole account of the matter,Tell him to report the matter to authorities,Advise the person who confided to you to get the services of the lawyer,Encourage him to keep quiet so as not to implicate your brother,,A,,Both,Professional Education,Cannot Determine,No,,Ready for Upload,Shared Prof Ed 2023/2025-2026 update; answer key appears at the end of the PDF.
1168,4,Updated Prof-Ed-150-items.pdf,Which modes of delivery apply to the e-IMPACT system? I. Programmed teaching II. Peer-group learning III. Individual study,"I, II, and III",I and II,II and III,only III,,A,,Both,Professional Education,Cannot Determine,No,,Ready for Upload,Shared Prof Ed 2023/2025-2026 update; answer key appears at the end of the PDF.
1169,4,Updated Prof-Ed-150-items.pdf,The index difficulty of a particular test item is 0.10. What does this mean?,Students gained mastery over that item and found out easy.,Students found that the test item was very difficult.,Students found that the test item neither easy nor difficult.,Students performed very well against expectation.,,B,,Both,Professional Education,Cannot Determine,No,,Ready for Upload,Shared Prof Ed 2023/2025-2026 update; answer key appears at the end of the PDF.
1170,4,Updated Prof-Ed-150-items.pdf,"Upon prior consent of parents and school authorities, religion may be taught in Philippine schools ___.",within regular class hours,afer class,during vacant period,after recess,,A,,Both,Professional Education,Cannot Determine,No,,Ready for Upload,Shared Prof Ed 2023/2025-2026 update; answer key appears at the end of the PDF.
1171,4,Updated Prof-Ed-150-items.pdf,"Under the affective domain of learning, what includes active attention to stimuli such as acquiescence, willingness to answer, and feelings of satisfaction.",Valuing,Organization,Characterization,Responding,,D,,Both,Professional Education,Cannot Determine,No,,Ready for Upload,Shared Prof Ed 2023/2025-2026 update; answer key appears at the end of the PDF.
1172,4,Updated Prof-Ed-150-items.pdf,Who among the following needs less verbal counseling but needs more concrete and operational forms of assistance? The child who ___.,has mental retardation,has attention-deficit disorder,has learning disability,has conduct disorder,,B,,Both,Professional Education,Cannot Determine,No,,Duplicate,Shared Prof Ed 2023/2025-2026 update; answer key appears at the end of the PDF. Duplicate or near-duplicate of row 317.
1173,5,Updated Prof-Ed-150-items.pdf,"With grading practice in mind, what is meant by teacher's severity error?",He uses tests and quizzes for punishment.,He tends to favor high-performing students.,He tends to give lower grade than what is supposed to be.,He gives way to students' who ask for reschedule of the test.,,C,,Both,Professional Education,Cannot Determine,No,,Ready for Upload,Shared Prof Ed 2023/2025-2026 update; answer key appears at the end of the PDF.
1174,5,Updated Prof-Ed-150-items.pdf,Which of the following activities best develops creative thinking?,Sounding out words while reading,Giving an alternative ending for a story read,Looking at the authors biography,Rejecting the premises of the author,,B,,Both,Professional Education,Cannot Determine,No,,Ready for Upload,Shared Prof Ed 2023/2025-2026 update; answer key appears at the end of the PDF.
1175,5,Updated Prof-Ed-150-items.pdf,An assessment used to evaluate the effectiveness of instruction at the end of a specific course is referred to as a ___ assessment.,formative,summative,scholastic aptitude,general aptitude,,B,,Both,Professional Education,Cannot Determine,No,,Ready for Upload,Shared Prof Ed 2023/2025-2026 update; answer key appears at the end of the PDF.
1176,5,Updated Prof-Ed-150-items.pdf,Industry vs. inferiority stage and development of competence is associated with what level?,Preschool,Elementary school,High school,Tertiary level,,B,,Both,Professional Education,Cannot Determine,No,,Ready for Upload,Shared Prof Ed 2023/2025-2026 update; answer key appears at the end of the PDF.
1177,5,Updated Prof-Ed-150-items.pdf,Who is retained in the same grade level for Grade 1 to 10? Any students who did not meet expectations ___.,In three or more learning areas,In 2 learning areas,In four learning areas,As shown in the general average,,A,,Both,Professional Education,Cannot Determine,No,,Ready for Upload,Shared Prof Ed 2023/2025-2026 update; answer key appears at the end of the PDF.
1178,5,Updated Prof-Ed-150-items.pdf,Leticia strives hard to excel in oratory. Which would explain best her effort?,Desire to satisfy aesthetic needs,Desire for security,Desire for self-actualization,Desire to know and understand,,C,,Both,Professional Education,Cannot Determine,No,,Ready for Upload,Shared Prof Ed 2023/2025-2026 update; answer key appears at the end of the PDF.
1179,5,Updated Prof-Ed-150-items.pdf,"Among components in the instructional framework for learning strategies, which is demonstrated by teacher Jiny who worked together with her students on a skill or task and figure out how to apply the skill?",Independent practice,Guided practice,Consolidation,Review,,B,,Both,Professional Education,Cannot Determine,No,,Ready for Upload,Shared Prof Ed 2023/2025-2026 update; answer key appears at the end of the PDF.
1180,5,Updated Prof-Ed-150-items.pdf,Which criterion should guide a teacher in the choice of instructional devices?,Cost,Novelty,Appropriateness,Attractiveness,,C,,Both,Professional Education,Cannot Determine,No,,Duplicate,Shared Prof Ed 2023/2025-2026 update; answer key appears at the end of the PDF. Duplicate or near-duplicate of row 225.
1181,5,Updated Prof-Ed-150-items.pdf,What kind of classroom management is applied in the case of Teacher San who attends to every situation as it comes hoping to meet it as it comes without much foresight and preparation?,Heading-on,Proactive,Reactive,Reinforcing,,C,,Both,Professional Education,Cannot Determine,No,,Ready for Upload,Shared Prof Ed 2023/2025-2026 update; answer key appears at the end of the PDF.
1182,5,Updated Prof-Ed-150-items.pdf,"In problem-based learning, which kind of problem should the teacher give? I. With one answer II. With one solution III. With many possible answers",II,III,I and III,II and III,,B,,Both,Professional Education,Cannot Determine,No,,Ready for Upload,Shared Prof Ed 2023/2025-2026 update; answer key appears at the end of the PDF.
1183,5,Updated Prof-Ed-150-items.pdf,"Among the following questions, which is not applicable to metacognition?",How will I know if I am learning at an appropriate rate?,Do I know what I need to know?,"Did I understand what I just hear, read or saw?",What factual information have I retained?,,D,,Both,Professional Education,Cannot Determine,No,,Ready for Upload,Shared Prof Ed 2023/2025-2026 update; answer key appears at the end of the PDF.
1184,6,Updated Prof-Ed-150-items.pdf,"PE teacher, Renz, want his students to learn basketball in a practical way. What kind of simple inexpensive can he use to achieve the outcome of the students knowing to apply the rules in the game?",Lecture using videos,"Lecture, demonstrate, simulate",Play and be skillful in the game,Use successful athletes as resource persons,,B,,Both,Professional Education,Cannot Determine,No,,Ready for Upload,Shared Prof Ed 2023/2025-2026 update; answer key appears at the end of the PDF.
1185,6,Updated Prof-Ed-150-items.pdf,Which Pillar of Education pertains to the overall development of the human person as an individual and as a member of the society?,Learning to Know,Learning to Live Together,Learning to Do,Learning to Be,,D,,Both,Professional Education,Cannot Determine,No,,Ready for Upload,Shared Prof Ed 2023/2025-2026 update; answer key appears at the end of the PDF.
1186,6,Updated Prof-Ed-150-items.pdf,"Based on DepEd's present grading system, which of the following are recorded and graded? I. Formative assessment II. Summative assessment III. Assessment of learning",l and II,ll and III,I and Ill,"I, II, and III",,B,,Both,Professional Education,Cannot Determine,No,,Ready for Upload,Shared Prof Ed 2023/2025-2026 update; answer key appears at the end of the PDF.
1187,6,Updated Prof-Ed-150-items.pdf,Joshua got a final grade of 88 in his Mathematics subject. Which best describes his performance?,Fairly Satisfactory,Outstanding,Very Satisfactory,Satisfactory,,C,,Both,Professional Education,Cannot Determine,No,,Ready for Upload,Shared Prof Ed 2023/2025-2026 update; answer key appears at the end of the PDF.
1188,6,Updated Prof-Ed-150-items.pdf,What is the descriptor for a numerical grade of 73 as level of proficiency?,Satisfactory,Outstanding,Fairly Satisfactory,Did Not Meet Expectations,,D,,Both,Professional Education,Cannot Determine,No,,Ready for Upload,Shared Prof Ed 2023/2025-2026 update; answer key appears at the end of the PDF.
1189,6,Updated Prof-Ed-150-items.pdf,"In the DepEd's grading system, what are the components of summative assessment?","Written, Performance, and Periodical Assessment","Written, Paper and Pencil, and Performance Tasks","Written, Attendance, Projects, Objective-Type Tests, and Achievement Test","Written, Periodical, National Achievement Test, and National Career Assessment Exam",,A,,Both,Professional Education,Cannot Determine,No,,Ready for Upload,Shared Prof Ed 2023/2025-2026 update; answer key appears at the end of the PDF.
1190,6,Updated Prof-Ed-150-items.pdf,"When classes began, Teacher Dan asked student in pairs to interview and introduce each other to the class. How will this activity be classified according to Edgar Dale's cone of experience?",Purposefulexperience,Dramatizedexperience,Verbal symbols,Demonstration,,A,,Both,Professional Education,Cannot Determine,No,,Ready for Upload,Shared Prof Ed 2023/2025-2026 update; answer key appears at the end of the PDF.
1191,6,Updated Prof-Ed-150-items.pdf,"On the aspect of personal classroom management, which factor greatly affects the rate of learning or the speed of absorption of knowledge among students?",Use of visual aids,Manner of presentation of the lesson,Difficulty in lesson content,Voice delivery and clarity of the teacher,,D,,Both,Professional Education,Cannot Determine,No,,Ready for Upload,Shared Prof Ed 2023/2025-2026 update; answer key appears at the end of the PDF.
1192,6,Updated Prof-Ed-150-items.pdf,"According to Nagel’s Acronym PPPF, what is important to Follow Up in the proper use of instructional materials?",Student interest,Student expectations,Lesson objectives,Media and materials,,C,,Both,Professional Education,Cannot Determine,No,,Ready for Upload,Shared Prof Ed 2023/2025-2026 update; answer key appears at the end of the PDF.
1193,6,Updated Prof-Ed-150-items.pdf,"Teacher Mica says: “If it is billiard that brings students out of the classroom, let us bring it into the classroom. Perhaps, I can use it to teach Math”. To which philosophy does teacher Myra adheres to?",Essentialism,Idealism,Progressivism,Reconstructionism,,C,,Both,Professional Education,Cannot Determine,No,,Ready for Upload,Shared Prof Ed 2023/2025-2026 update; answer key appears at the end of the PDF.
1194,7,Updated Prof-Ed-150-items.pdf,"During the first day of school, crying children are a common sight especially in the pre-school dapartment. What explains this?",Object permanence,Stranger shyness,Temper tantrums,Separation anxiety,,D,,Both,Professional Education,Cannot Determine,No,,Ready for Upload,Shared Prof Ed 2023/2025-2026 update; answer key appears at the end of the PDF.
1195,7,Updated Prof-Ed-150-items.pdf,What criterion is achieved when a bulletin board display that has repeated shape or colors and also using boarders to put the display together?,Balance,Correctness,Durability,Unity,,D,,Both,Professional Education,Cannot Determine,No,,Ready for Upload,Shared Prof Ed 2023/2025-2026 update; answer key appears at the end of the PDF.
1196,7,Updated Prof-Ed-150-items.pdf,Teacher Magat took photograph of the different animals in the zoo as his instructional materials in his Science class. Which is the best thing to do to allow the whole class to see the realistic reproductions of these pictures at the same time?,Mount the pictures on the board one by one.,Have the pupils pass the pictures around.,Photocopy the pictures taken.,Transform the pictures into slides.,,D,,Both,Professional Education,Cannot Determine,No,,Ready for Upload,Shared Prof Ed 2023/2025-2026 update; answer key appears at the end of the PDF.
1197,7,Updated Prof-Ed-150-items.pdf,"In the taxonomy of learning objectives or outcomes, which relates to judging in terms of internal evidence or logical consistency, or external evidence consistent with fact?",Evaluation,Receiving,Valuing,Application,,A,,Both,Professional Education,Cannot Determine,No,,Ready for Upload,Shared Prof Ed 2023/2025-2026 update; answer key appears at the end of the PDF.
1198,7,Updated Prof-Ed-150-items.pdf,In the parlance of test construction what does TOS mean?,Table of Specifics,Table of Specifications,Table of Specific Test Items,Team of Specifications,,B,,Both,Professional Education,Cannot Determine,No,,Duplicate,Shared Prof Ed 2023/2025-2026 update; answer key appears at the end of the PDF. Duplicate or near-duplicate of row 332.
1199,7,Updated Prof-Ed-150-items.pdf,"What criteria is the focus of Teacher Edward who makes sure that factual information from a website is well-documented, pictures and diagrams are properly labeled?",Accuracy,Appropriateness,Durability,Unity,,A,,Both,Professional Education,Cannot Determine,No,,Ready for Upload,Shared Prof Ed 2023/2025-2026 update; answer key appears at the end of the PDF.
1200,7,Updated Prof-Ed-150-items.pdf,"Under the learning to do pillar, which of the following instruments must be acquired so that a person can perform his work effectively?",Compromise,Insights,Competence,Communication,,C,,Both,Professional Education,Cannot Determine,No,,Ready for Upload,Shared Prof Ed 2023/2025-2026 update; answer key appears at the end of the PDF.
1201,7,Updated Prof-Ed-150-items.pdf,"Principal A shares this thought with his teachers: Subject matter should help students understand and appreciate themselves as unique individuals who accept complete responsibility for their thoughts, feelings, and actions. From which philosophy is this thought based?",Perennialism,Existentialism,Progressivism,Essentialism,,B,,Both,Professional Education,Cannot Determine,No,,Ready for Upload,Shared Prof Ed 2023/2025-2026 update; answer key appears at the end of the PDF.
1202,7,Updated Prof-Ed-150-items.pdf,How will you make a child memorize the table of multiplication from the point of view of Pavlov?,Make them understand the meaning of multiplication,Call the child's attention every time you recite the table for them,Model the recitation of the table of multiplication,Reward the child with a candy for every correct recitation,,B,,Both,Professional Education,Cannot Determine,No,,Ready for Upload,Shared Prof Ed 2023/2025-2026 update; answer key appears at the end of the PDF.
1203,7,Updated Prof-Ed-150-items.pdf,"A mother gives her son his favorite snack every time the boy cleans his room. Afterward, the boy cleans his room every day in anticipation of the snack. Which theory is illustrated?",associative learning,classical conditioning,operant conditioning,modeling,,C,,Both,Professional Education,Cannot Determine,No,,Ready for Upload,Shared Prof Ed 2023/2025-2026 update; answer key appears at the end of the PDF.
1204,8,Updated Prof-Ed-150-items.pdf,Which part of the lesson development is concerned with mood setting?,Deepening,Application,Generalization,Motivation,,D,,Both,Professional Education,Cannot Determine,No,,Ready for Upload,Shared Prof Ed 2023/2025-2026 update; answer key appears at the end of the PDF.
1205,8,Updated Prof-Ed-150-items.pdf,"Learning is strengthened if it results in satisfaction, but it is weakened if it leads to annoyance. This is the Law of ___.",effect,repetition,readiness,exercise,,A,,Both,Professional Education,Cannot Determine,No,,Ready for Upload,Shared Prof Ed 2023/2025-2026 update; answer key appears at the end of the PDF.
1206,8,Updated Prof-Ed-150-items.pdf,Why is TOS important?,For content validity,For reliability,For face validity,For format validity,,B,,Both,Professional Education,Cannot Determine,No,,Ready for Upload,Shared Prof Ed 2023/2025-2026 update; answer key appears at the end of the PDF.
1207,8,Updated Prof-Ed-150-items.pdf,The following terms refers to performance objectives except ___ objectives.,Teachers,Behavioral,Lesson,Learners,,A,,Both,Professional Education,Cannot Determine,No,,Ready for Upload,Shared Prof Ed 2023/2025-2026 update; answer key appears at the end of the PDF.
1208,8,Updated Prof-Ed-150-items.pdf,What is the level of mastery for a grade of 75?,Outstanding,Satisfactory,Fairly Satisfactory,Did Not Meet Expectations,,C,,Both,Professional Education,Cannot Determine,No,,Ready for Upload,Shared Prof Ed 2023/2025-2026 update; answer key appears at the end of the PDF.
1209,8,Updated Prof-Ed-150-items.pdf,Do the quarterly assessments have the same percentage weights for all subjects for all the tracks in Grades 11 and 12?,No,Yes,"Yes, only for the academic track",It depends on schools,,A,,Both,Professional Education,Cannot Determine,No,,Ready for Upload,Shared Prof Ed 2023/2025-2026 update; answer key appears at the end of the PDF.
1210,8,Updated Prof-Ed-150-items.pdf,Which design is easy to deliver because complementary books and materials are commercially available?,Experience centered design,Problem design,Process design,Subject centered design,,D,,Both,Professional Education,Cannot Determine,No,,Duplicate,Shared Prof Ed 2023/2025-2026 update; answer key appears at the end of the PDF. Duplicate or near-duplicate of row 685.
1211,8,Updated Prof-Ed-150-items.pdf,"You are starting to love Science as a subject because every time you answer correctly, your Science teacher gives you verbal praises and recitation chips. This situation is an example of:",Operant conditioning,Classical conditioning,Cognitive functioning,Moral reasoning,,A,,Both,Professional Education,Cannot Determine,No,,Ready for Upload,Shared Prof Ed 2023/2025-2026 update; answer key appears at the end of the PDF.
1212,8,Updated Prof-Ed-150-items.pdf,What happens when a student in Grade 1 to 10 did not meet the expectations in two learning areas?,Retained in the same grade level,He/She is not accepted for enrolment in the school,Promoted in the next grade level but has back subjects in the lower grade level,Promoted to the next grade level after passing remedial classes for learning areas with failing mark,,D,,Both,Professional Education,Cannot Determine,No,,Ready for Upload,Shared Prof Ed 2023/2025-2026 update; answer key appears at the end of the PDF.
1213,8,Updated Prof-Ed-150-items.pdf,"Because motivation comes before learning,Teacher Carl should ___.",teach concepts from simple to complex,follow the interest of the students in assigning task,consider age level of students in teaching certain concepts,give the same task to all students in a particular learning level,,B,,Both,Professional Education,Cannot Determine,No,,Ready for Upload,Shared Prof Ed 2023/2025-2026 update; answer key appears at the end of the PDF.
1214,8,Updated Prof-Ed-150-items.pdf,Which of the following best describes the role of a teacher from a perennialist perspective?,To expose the learner up-to-date information about Science and Math,To reveal the wisdom of the ages such as those contained in the Bible/Koran,To assist the learner to clarify his/her value priorities through self-analysis,"To give, interpret, or analyze complete information to the students",,B,,Both,Professional Education,Cannot Determine,No,,Ready for Upload,Shared Prof Ed 2023/2025-2026 update; answer key appears at the end of the PDF.
1215,9,Updated Prof-Ed-150-items.pdf,Which of the following is the correct example of the deductive method approach of teaching?,The teacher starts by defining a term then gives examples.,The teacher ask questions to the teacher at the end of every discussion.,The lesson starts with the study of specific cases and ends with a generalization.,The teacher asks the students to narrate their unforgettable experiences then share their observation after.,,A,,Both,Professional Education,Cannot Determine,No,,Ready for Upload,Shared Prof Ed 2023/2025-2026 update; answer key appears at the end of the PDF.
1216,9,Updated Prof-Ed-150-items.pdf,Which of the theories of learning presents or states that learning skills are hierarchically arranged?,Cumulative Learning,Meaningful Learning,Social Cognitive Learning,Theory of Instruction,,A,,Both,Professional Education,Cannot Determine,No,,Duplicate,Shared Prof Ed 2023/2025-2026 update; answer key appears at the end of the PDF. Duplicate or near-duplicate of row 610.
1217,9,Updated Prof-Ed-150-items.pdf,What is the level of mastery for a grade of 77?,Fairly Satisfactory,Outstanding,Satisfactory,Did Not Meet Expectations,,A,,Both,Professional Education,Cannot Determine,No,,Ready for Upload,Shared Prof Ed 2023/2025-2026 update; answer key appears at the end of the PDF.
1218,9,Updated Prof-Ed-150-items.pdf,What is known as getting the meaning of a new unfamiliar word by looking for hints from surrounding words in a sentence or paragraph?,Syntactic clues,Semantic clues,Graphophonic clues,Context clues,,D,,Both,Professional Education,Cannot Determine,No,,Ready for Upload,Shared Prof Ed 2023/2025-2026 update; answer key appears at the end of the PDF.
1219,9,Updated Prof-Ed-150-items.pdf,Teacher Paz does NOT personally agree with one school policy. What is her professional responsibility?,Be indifferent about it but exert effort to understand it.,"Make an honest effort to understand, support, and carry out the school policy even if she does NOT personally agree.",Remain connected with the school but defy the policy because in conscience she cannot agree.,Lead a campaign against its abolition.,,B,,Both,Professional Education,Cannot Determine,No,,Ready for Upload,Shared Prof Ed 2023/2025-2026 update; answer key appears at the end of the PDF.
1220,9,Updated Prof-Ed-150-items.pdf,You make full use of the question-and-Answer method as a model for discussion. Who championed/advocated the question-and-Answer method?,Socrates,Mencius,Lao Tzu,Mohammed,,A,,Both,Professional Education,Cannot Determine,No,,Ready for Upload,Shared Prof Ed 2023/2025-2026 update; answer key appears at the end of the PDF.
1221,9,Updated Prof-Ed-150-items.pdf,"A pupil whose mother is an OFW has been absent for three days. Considering the teacher's roles and responsibilities, what action will you take?",Record the absences.,Report to the guidance counselor.,Conduct home visitation.,Conduct action research.,,C,,Both,Professional Education,Cannot Determine,No,,Ready for Upload,Shared Prof Ed 2023/2025-2026 update; answer key appears at the end of the PDF.
1222,9,Updated Prof-Ed-150-items.pdf,"Among cognitive levels of thinking, what cognitive level is stressed by the Essay question: ""In the light of the facts presented, what is most likely to happen when...?",Inferring,Classifying,Applying,Analyzing,,A,,Both,Professional Education,Cannot Determine,No,,Ready for Upload,Shared Prof Ed 2023/2025-2026 update; answer key appears at the end of the PDF.
1223,9,Updated Prof-Ed-150-items.pdf,What is applied by Skinner’s change in overt behaviour like events can result in learning?,Shaping of behaviour,Behavioral Training,Reinforcement Schedules,Operant Conditioning,,D,,Both,Professional Education,Cannot Determine,No,,Ready for Upload,Shared Prof Ed 2023/2025-2026 update; answer key appears at the end of the PDF.
1224,9,Updated Prof-Ed-150-items.pdf,"Teacher Min, a Kindergarten teacher has important assignment to motivate, inspire, encourage, and support students by providing them with a safe, secure and loving environment, to educate them socially, emotionally, and cognitively so they can continue to build a foundation for life-long learning. This best exemplify teaching ___.",Vocation,Mission,Calling,Profession,,B,,Both,Professional Education,Cannot Determine,No,,Ready for Upload,Shared Prof Ed 2023/2025-2026 update; answer key appears at the end of the PDF.
1225,10,Updated Prof-Ed-150-items.pdf,"In his speech class, teacher Rod uses poetry dramatic reading by students, using movements (c, gestures, facial expressions, creative movements, etc.). What learning objectives or outcome is he looking for?",Non-discursive communication,Reflex movements,Skilled movements,Characterization,,A,,Both,Professional Education,Cannot Determine,No,,Ready for Upload,Shared Prof Ed 2023/2025-2026 update; answer key appears at the end of the PDF.
1226,10,Updated Prof-Ed-150-items.pdf,"Jessica took the LET last March 2022 (Third Batch). Unfortunately, she failed in the examination and got an overall rating of 69. Now, is she qualified for the position of para-teachers?","Yes, provided that he is a first taker.",No.,Yes.,Maybe.,,B,,Both,Professional Education,Cannot Determine,No,,Ready for Upload,Shared Prof Ed 2023/2025-2026 update; answer key appears at the end of the PDF.
1227,10,Updated Prof-Ed-150-items.pdf,A student make the teachers and his classmates busy and asks everyone to give him special attention. What is the student's hidden message?,The student want to get even.,The student wants to feel reassured.,The students want to feel empowered.,The student want to feel connected.,,D,,Both,Professional Education,Cannot Determine,No,,Ready for Upload,Shared Prof Ed 2023/2025-2026 update; answer key appears at the end of the PDF.
1228,10,Updated Prof-Ed-150-items.pdf,"Among thinking skills in learning, what includes fluent, flexible, original and elaborate thinking?",Divergent thinking,Convergent thinking,Critical thinking,Problem solving,,A,,Both,Professional Education,Cannot Determine,No,,Ready for Upload,Shared Prof Ed 2023/2025-2026 update; answer key appears at the end of the PDF.
1229,10,Updated Prof-Ed-150-items.pdf,Students must be taught self-responsibility.,Pragmatism,Utilitarianism,Existentialism,Constructivism,,C,,Both,Professional Education,Cannot Determine,No,,Ready for Upload,Shared Prof Ed 2023/2025-2026 update; answer key appears at the end of the PDF.
1230,10,Updated Prof-Ed-150-items.pdf,Behaviorism is a philosophy that has been anchored on the theories that relate to: I. Trial-and-Error II. Stimulus and Response III. Brain and thinking,I only,I and II,"I, II, and III",II only,,B,,Both,Professional Education,Cannot Determine,No,,Ready for Upload,Shared Prof Ed 2023/2025-2026 update; answer key appears at the end of the PDF.
1231,10,Updated Prof-Ed-150-items.pdf,"From among the following skills below, which is the highest in terms of level according to Bloom's Cognitive Taxonomy?",Integration,Literal comprehension,Critical comprehension,Critical evaluation,,D,,Both,Professional Education,Cannot Determine,No,,Ready for Upload,Shared Prof Ed 2023/2025-2026 update; answer key appears at the end of the PDF.
1232,10,Updated Prof-Ed-150-items.pdf,How do you describe the effects of escalating situations of uncontrolled misbehaviors inside a classroom?,Mushroom effect,Rainbow effect,Ripple effect,Step-up effect,,C,,Both,Professional Education,Cannot Determine,No,,Ready for Upload,Shared Prof Ed 2023/2025-2026 update; answer key appears at the end of the PDF.
1233,10,Updated Prof-Ed-150-items.pdf,The Philippine Association for Teachers and Educators (PAFTE) proposed a new curriculum for Teacher Education to make the graduates globally competitive. What type of curriculum is this?,Supported curriculum,Assessed Curriculum,Hidden curriculum,Recommended Curriculum,,D,,Both,Professional Education,Cannot Determine,No,,Ready for Upload,Shared Prof Ed 2023/2025-2026 update; answer key appears at the end of the PDF.
1234,10,Updated Prof-Ed-150-items.pdf,"What kind of teaching-learning approach is adopted in teaching the same major subjects (English, Math, Science) in the K-to-12 curriculum?","Spiral teaching, learning",Redundant teaching-learning,Differentiated teaching- learning,Higher order thinking teaching- learning,,A,,Both,Professional Education,Cannot Determine,No,,Ready for Upload,Shared Prof Ed 2023/2025-2026 update; answer key appears at the end of the PDF.
1235,11,Updated Prof-Ed-150-items.pdf,Which of the following mandated the implementation of PPST?,RA 7836,"DO. 47, s. 2014","DO. 47, s. 2016","DO. 42, s. 2017",,D,,Both,Professional Education,Cannot Determine,No,,Ready for Upload,Shared Prof Ed 2023/2025-2026 update; answer key appears at the end of the PDF.
1236,11,Updated Prof-Ed-150-items.pdf,What activity of human intelligence attaches value or quantitative description to measuring results of learning and school activities?,Understanding,Critical Thinking,Analysis,Assessment,,D,,Both,Professional Education,Cannot Determine,No,,Ready for Upload,Shared Prof Ed 2023/2025-2026 update; answer key appears at the end of the PDF.
1237,11,Updated Prof-Ed-150-items.pdf,"On which principles is the IMPACT system based? I. The children are active participants in the learning process. II. Encourage and develop in the children the skill to learn independently and eventually become self- and lifelong learners. III. Education is viewed as a socializing process and learning training. Group learning is, thus, the primary mode of learning.","I, ll, and III",Only II,II and III,I and II,,A,,Both,Professional Education,Cannot Determine,No,,Ready for Upload,Shared Prof Ed 2023/2025-2026 update; answer key appears at the end of the PDF.
1238,11,Updated Prof-Ed-150-items.pdf,Which of the following ideas exemplify stereotyping that is unfair to student-learners?,All students require quality instruction,All students from peasant communities are dull,All students have rights to be respected,All students can best learn at their own pace,,B,,Both,Professional Education,Cannot Determine,No,,Ready for Upload,Shared Prof Ed 2023/2025-2026 update; answer key appears at the end of the PDF.
1239,11,Updated Prof-Ed-150-items.pdf,What theory states that learning involves the acquisition of abstract concepts that can be applied flexibly in a range of situations which focuses on learner's internal cognitive processes.,Learning Style Theory,Reading Readiness Theory,Multiple Intelligence Theory,Emotional Intelligence Theory,,A,,Both,Professional Education,Cannot Determine,No,,Ready for Upload,Shared Prof Ed 2023/2025-2026 update; answer key appears at the end of the PDF.
1240,11,Updated Prof-Ed-150-items.pdf,"Which philosophy proclaims the spiritual nature of man and stresses that the human spirit, soul or mind are the most important elements in life?",Essentialism,Realism,Perennialism,Idealism,,D,,Both,Professional Education,Cannot Determine,No,,Ready for Upload,Shared Prof Ed 2023/2025-2026 update; answer key appears at the end of the PDF.
1241,11,Updated Prof-Ed-150-items.pdf,Teacher Alex wants his pupils to display their favorite poem among the poems each one composed. What type of portfolio is Teacher Alex expecting to see?,Evaluation Portfolio,Development Portfolio,Showcase Portfolio,Assessment Portfolio,,C,,Both,Professional Education,Cannot Determine,No,,Ready for Upload,Shared Prof Ed 2023/2025-2026 update; answer key appears at the end of the PDF.
1242,11,Updated Prof-Ed-150-items.pdf,Is an alien qualified to take the Licensure Examination for Teachers?,"Yes, provided his / her country has reciprocity with the Philippines in the practice of the teaching profession.","Yes, provided he/she is a teacher education graduate.","No, because she/he is not a citizen of the Philippines.","No, he/she is not a natural born citizen of the Philippines.",,A,,Both,Professional Education,Cannot Determine,No,,Ready for Upload,Shared Prof Ed 2023/2025-2026 update; answer key appears at the end of the PDF.
1243,11,Updated Prof-Ed-150-items.pdf,What is the measure of relevance in education?,Democratization of access,Functionality and meaningfulness,Ability to sustain education through the future,Excellence and effectiveness,,B,,Both,Professional Education,Cannot Determine,No,,Duplicate,Shared Prof Ed 2023/2025-2026 update; answer key appears at the end of the PDF. Duplicate or near-duplicate of row 932.
1244,11,Updated Prof-Ed-150-items.pdf,Can a licensed professional teacher teach after continuous five years of not practicing the teaching profession?,Yes.,"No, unless he/she has earned 12 units of refresher courses in education.",That depends on the LET rating.,That depends on the GPA in college.,,B,,Both,Professional Education,Cannot Determine,No,,Ready for Upload,Shared Prof Ed 2023/2025-2026 update; answer key appears at the end of the PDF.
1245,12,Updated Prof-Ed-150-items.pdf,Where can students find the critical views on current event in newspaper?,Entertainment page,Ads section,Opinion page,News page,,C,,Both,Professional Education,Cannot Determine,No,,Ready for Upload,Shared Prof Ed 2023/2025-2026 update; answer key appears at the end of the PDF.
1246,12,Updated Prof-Ed-150-items.pdf,What is required in order to go up the next grade level for a student who did not meet expectations in TWO learning areas?,Pass remedial classes,Take remedial classes even without passing them,Repeat the whole grade level,Reduction to lower level,,A,,Both,Professional Education,Cannot Determine,No,,Ready for Upload,Shared Prof Ed 2023/2025-2026 update; answer key appears at the end of the PDF.
1247,12,Updated Prof-Ed-150-items.pdf,Which assessment of the teachers below did a diagnostic assessment?,Teacher A who gave a quiz before starting the next chapter on Physics.,Teacher B who administered an achievement test to the Grade 8 students.,Teacher C who gave a journal writing activity immediately after discussion to determine the outcome of instruction.,Teacher D who gave a 10-item test to find out the specific concepts in which the students are encountering difficulty.,,D,,Both,Professional Education,Cannot Determine,No,,Ready for Upload,Shared Prof Ed 2023/2025-2026 update; answer key appears at the end of the PDF.
1248,12,Updated Prof-Ed-150-items.pdf,What are the necessary skils needed under the “learning to live together”.,"Communication, self-control and handling emotions","Interpretation of behaviours, problem solving and critical thinking","Relationship building and cooperation, negotiation and meditation",All of the above.,,D,,Both,Professional Education,Cannot Determine,No,,Ready for Upload,Shared Prof Ed 2023/2025-2026 update; answer key appears at the end of the PDF.
1249,12,Updated Prof-Ed-150-items.pdf,"Among models of reading strategies, what did student Lina adopt when she read back and forth, attending to both what is in her mind and what’s on the page?",Down-top,Interactive,Top-down,Bottoms-up,,B,,Both,Professional Education,Cannot Determine,No,,Ready for Upload,Shared Prof Ed 2023/2025-2026 update; answer key appears at the end of the PDF.
1250,12,Updated Prof-Ed-150-items.pdf,How will you characterize contemporary progressive education?,Traditional,Science-based,Virtue-driven,Classic knowledge,,B,,Both,Professional Education,Cannot Determine,No,,Ready for Upload,Shared Prof Ed 2023/2025-2026 update; answer key appears at the end of the PDF.
1251,12,Updated Prof-Ed-150-items.pdf,"Of skills teachers should understand and students need to acquire, which is the ability to monitor and modify thinking, as well as deal with ambiguous or unclear information without getting frustrated?",Focusing,Sharpening,Tolerance,Narrowing,,C,,Both,Professional Education,Cannot Determine,No,,Ready for Upload,Shared Prof Ed 2023/2025-2026 update; answer key appears at the end of the PDF.
1252,12,Updated Prof-Ed-150-items.pdf,"In Piaget's stages of Cognitive Development, what is the pre-school age in which a child's intelligence is intuitive, able to make mental representation, and close to the use of symbols?",Formal operational stage,Concrete operational,Sensory motor stage,Preoperational stage,,D,,Both,Professional Education,Cannot Determine,No,,Ready for Upload,Shared Prof Ed 2023/2025-2026 update; answer key appears at the end of the PDF.
1253,12,Updated Prof-Ed-150-items.pdf,Which is TRUE when the standard deviation is big?,Scores are spread out,The bell curve shape is steep,Scores are not extremes,Scores are concentrated,,A,,Both,Professional Education,Cannot Determine,No,,Ready for Upload,Shared Prof Ed 2023/2025-2026 update; answer key appears at the end of the PDF.
1254,12,Updated Prof-Ed-150-items.pdf,The ___ established the first public school system in the Philippines.,Educational Reform Act of 1863,Leyes de Indias,Schurman Commission,Treaty of Paris,,A,,Both,Professional Education,Cannot Determine,No,,Ready for Upload,Shared Prof Ed 2023/2025-2026 update; answer key appears at the end of the PDF.
1255,13,Updated Prof-Ed-150-items.pdf,"If schools want students to become self-directed learners,which strategy should they employ?",Drill,Cognitive,Metacognitive,Conditioning,,C,,Both,Professional Education,Cannot Determine,No,,Ready for Upload,Shared Prof Ed 2023/2025-2026 update; answer key appears at the end of the PDF.
1256,13,Updated Prof-Ed-150-items.pdf,"On learning deficiencies, what is known as the learning disability in math calculations.",Dyslexia,Dyscalculia,Dyspepsia,Dysgraphia,,B,,Both,Professional Education,Cannot Determine,No,,Ready for Upload,Shared Prof Ed 2023/2025-2026 update; answer key appears at the end of the PDF.
1257,13,Updated Prof-Ed-150-items.pdf,What will you see as an application of Pavlov's idea of discrimination?,Mentoring low achievers in class,Engaging students in collaborative learning,Giving way for peer tutoring,Allowing students to choose electives,,A,,Both,Professional Education,Cannot Determine,No,,Ready for Upload,Shared Prof Ed 2023/2025-2026 update; answer key appears at the end of the PDF.
1258,13,Updated Prof-Ed-150-items.pdf,Which is NOT among the major targets of the Child-Friendly School System (CFFS)?,All school children are friendly.,All children 6-12 years old are enrolled in elementary schools.,All children complete their elementary education within six years.,"All grade six students pass the division, regional and national tests.",,A,,Both,Professional Education,Cannot Determine,No,,Ready for Upload,Shared Prof Ed 2023/2025-2026 update; answer key appears at the end of the PDF.
1259,13,Updated Prof-Ed-150-items.pdf,What is known as learning a new word by studying its roots and affixes?,Morphology,Phonetic analysis,Structural analysis,Contextualization,,C,,Both,Professional Education,Cannot Determine,No,,Ready for Upload,Shared Prof Ed 2023/2025-2026 update; answer key appears at the end of the PDF.
1260,13,Updated Prof-Ed-150-items.pdf,"Among examples listed, which does not represent teaching strategies to develop metacognition?",Have the students develop questions about what is going around them.,Have teachers the free hand to monitor and rate learning achievement.,Have students to monitor their own learning and thinking.,Have students make predictions about what is to be represented.,,B,,Both,Professional Education,Cannot Determine,No,,Ready for Upload,Shared Prof Ed 2023/2025-2026 update; answer key appears at the end of the PDF.
1261,13,Updated Prof-Ed-150-items.pdf,"Of the following types of tests, which is the most subjective in scoring?",Enumeration,Matching Type,Essay,Multiple Choice,,C,,Both,Professional Education,Cannot Determine,No,,Ready for Upload,Shared Prof Ed 2023/2025-2026 update; answer key appears at the end of the PDF.
1262,13,Updated Prof-Ed-150-items.pdf,Which of the following statements concerning test validity and reliability is most accurate?,A valid test is a reliable test.,A valid test is a valid test.,A test can not be valid and reliable unless it is objective.,A test can not be valid reliable unless it is standardized.,,A,,Both,Professional Education,Cannot Determine,No,,Ready for Upload,Shared Prof Ed 2023/2025-2026 update; answer key appears at the end of the PDF.
1263,13,Updated Prof-Ed-150-items.pdf,"Following Kohlberg's Theory of Moral Development, what is the moral reasoning or perspective of Joy who allows her classmate to copy her test work, so that she will be her friend?",Punishment,Obedience,Law and order,Social approval,,D,,Both,Professional Education,Cannot Determine,No,,Ready for Upload,Shared Prof Ed 2023/2025-2026 update; answer key appears at the end of the PDF.
1264,13,Updated Prof-Ed-150-items.pdf,Mellisa has not practiced her teaching profession for the past five years. How many units of education courses should she take before she is allowed to teach?,12 units,15 units,24 units,30 units,,A,,Both,Professional Education,Cannot Determine,No,,Ready for Upload,Shared Prof Ed 2023/2025-2026 update; answer key appears at the end of the PDF.
1265,13,Updated Prof-Ed-150-items.pdf,"Of the following, which is the truest of adolescents?",Hormonal changes,Defiance of peer group,Last splurge of dependence,Unruly behavior,,A,,Both,Professional Education,Cannot Determine,No,,Ready for Upload,Shared Prof Ed 2023/2025-2026 update; answer key appears at the end of the PDF.
1266,14,Updated Prof-Ed-150-items.pdf,"If an item has difficulty index of .56 and a discrimination index of -5, what will you do with the item?",Reject it,Revise It,Do nothing,Retain It,,A,,Both,Professional Education,Cannot Determine,No,,Ready for Upload,Shared Prof Ed 2023/2025-2026 update; answer key appears at the end of the PDF.
1267,14,Updated Prof-Ed-150-items.pdf,"In Erikson's Stages of Theory of Development, which affirmation belongs to the stage of Identity versus Role Confusion?","When people look at what I have done, I feel embarrassed",I get a good deal of pleasure from working,I wonder what sort of person I am,I feel competent,,C,,Both,Professional Education,Cannot Determine,No,,Ready for Upload,Shared Prof Ed 2023/2025-2026 update; answer key appears at the end of the PDF.
1268,14,Updated Prof-Ed-150-items.pdf,"Teacher Marven asks his students, ""what do you want to become when you grow up""? What kind of philosophy?",Progressivism,Naturalism,Existentialism,Idealism,,D,,Both,Professional Education,Cannot Determine,No,,Ready for Upload,Shared Prof Ed 2023/2025-2026 update; answer key appears at the end of the PDF.
1269,14,Updated Prof-Ed-150-items.pdf,"Speaking of learning style, the “mastery learner” learns best from ___.",dramas,drill,debates,role-playing,,B,,Both,Professional Education,Cannot Determine,No,,Ready for Upload,Shared Prof Ed 2023/2025-2026 update; answer key appears at the end of the PDF.
1270,14,Updated Prof-Ed-150-items.pdf,"This is a level under the Affective Domain by Krathwohl, which shows learners' concern with the worth or value a student attaches to a particular phenomena, object, or behavior.",Characterization,Organization,Responding,Valuing,,D,,Both,Professional Education,Cannot Determine,No,,Ready for Upload,Shared Prof Ed 2023/2025-2026 update; answer key appears at the end of the PDF.
1271,14,Updated Prof-Ed-150-items.pdf,Which of the following is a divergent question?,Is Eve a woman?,When is Christmas Day?,How much did you spend on that bike?,What are the ways of conserving water?,,D,,Both,Professional Education,Cannot Determine,No,,Ready for Upload,Shared Prof Ed 2023/2025-2026 update; answer key appears at the end of the PDF.
1272,14,Updated Prof-Ed-150-items.pdf,Which outcome in remedial instruction in English is generally important?,Resolution of communication problems.,Variety of learning experiences.,Positive experience in language/literature learning.,Participate in learning experiences.,,A,,Both,Professional Education,Cannot Determine,No,,Ready for Upload,Shared Prof Ed 2023/2025-2026 update; answer key appears at the end of the PDF.
1273,14,Updated Prof-Ed-150-items.pdf,"Among the following,which initiative contributes to positive learning and classroom management?",dangle lessons,effective routine and drills,persistent reminder on school rules,simple review and looking back at the lesson,,B,,Both,Professional Education,Cannot Determine,No,,Ready for Upload,Shared Prof Ed 2023/2025-2026 update; answer key appears at the end of the PDF.
1274,14,Updated Prof-Ed-150-items.pdf,"Prof. De Leon teaches in a barangay where there are frequent quarrels and fights due to serious and petty problems. In his Social Studies class, he needs to emphasize:",Learning to Be,Learning to Live Together,Learning to Know,Learning to Do,,B,,Both,Professional Education,Cannot Determine,No,,Ready for Upload,Shared Prof Ed 2023/2025-2026 update; answer key appears at the end of the PDF.
1275,14,Updated Prof-Ed-150-items.pdf,"If an item has difficulty index of .56 and a discrimination index of 5, what will you do with the item?",Reject it,Revise It,Do nothing,Retain It,,D,,Both,Professional Education,Cannot Determine,No,,Duplicate,Shared Prof Ed 2023/2025-2026 update; answer key appears at the end of the PDF. Duplicate or near-duplicate of row 1266.
1276,14,Updated Prof-Ed-150-items.pdf,A teacher's salary must increase right after how many years of service according to the Magna Carta for Public School Teachers?,2 years,5 years,3 years,7 years,,C,,Both,Professional Education,Cannot Determine,No,,Ready for Upload,Shared Prof Ed 2023/2025-2026 update; answer key appears at the end of the PDF.
1277,14,Updated Prof-Ed-150-items.pdf,Which aspect of multi-intelligence is enhanced by asking students to work on a physical model of the atom after a teacher's discussion about the atom?,Interpersonal,Kinesthetical,Mathematical,Linguistic,,B,,Both,Professional Education,Cannot Determine,No,,Ready for Upload,Shared Prof Ed 2023/2025-2026 update; answer key appears at the end of the PDF.
1278,15,Updated Prof-Ed-150-items.pdf,Which of the following is not included in the 3 C's of classroom management?,Content,Conduct,Context,Control PROFESSIONAL EDUCATION - 150 ITEMS,,D,,Both,Professional Education,Cannot Determine,No,,Ready for Upload,Shared Prof Ed 2023/2025-2026 update; answer key appears at the end of the PDF.
1279,1,Updated Prof-Ed-child-and-adolescent-development 50-items.pdf,"Dr, Escoto, the school physician conducted a physical examination in Ms. Manuel’s class. What concept best describes the quantitative increase observed by Dr. Escoto among learners in terms of height and weight?",Development,Growth,Learning,Maturation,,B,,Both,Child and Adolescent Development,Cannot Determine,No,,Duplicate,Shared Prof Ed specialized set; answer key appears at the end of the PDF. Duplicate or near-duplicate of row 555.
1280,1,Updated Prof-Ed-child-and-adolescent-development 50-items.pdf,Which situation best illustrates the concept of growth?,A kinder pupil gains 2 pounds within two months.,A high school student gets a score of 85 on a mental ability test.,An education student has gained knowledge on approaches and strategies in teaching different subjects.,An elementary grader has learned to play the piano.,,A,,Both,Child and Adolescent Development,Cannot Determine,No,,Duplicate,Shared Prof Ed specialized set; answer key appears at the end of the PDF. Duplicate or near-duplicate of row 556.
1281,1,Updated Prof-Ed-child-and-adolescent-development 50-items.pdf,Which statements below best describe development?,A high school student’s height increased by 5’2″ to 5’4″.,A high school student’s change in weight from 110 lbs. to 125 lbs.,A student had learned to operate a computer.,A student’s enlargement of hips.,,C,,Both,Child and Adolescent Development,Cannot Determine,No,,Ready for Upload,Shared Prof Ed specialized set; answer key appears at the end of the PDF.
1282,1,Updated Prof-Ed-child-and-adolescent-development 50-items.pdf,"What concept can best describe Francisco’s ability to walk without support at 12 months because of the “internal ripening” that occurred in his muscles, bones, and nervous system development?",Development,Growth,Learning,Maturation,,D,,Both,Child and Adolescent Development,Cannot Determine,No,,Ready for Upload,Shared Prof Ed specialized set; answer key appears at the end of the PDF.
1283,1,Updated Prof-Ed-child-and-adolescent-development 50-items.pdf,Teacher Jesus is now 69 years old and has been observing changes in himself such as the aging process. Which term refers to the development change in the individual?,Development,Growth,Learning,Maturation,,D,,Both,Child and Adolescent Development,Cannot Determine,No,,Ready for Upload,Shared Prof Ed specialized set; answer key appears at the end of the PDF.
1284,1,Updated Prof-Ed-child-and-adolescent-development 50-items.pdf,"Manuel, a five-year-old boy can hold his pen and write his name with his right hand. Which term describes Manuel’s action/behavior?",Development,Growth,Learning,Maturation,,A,,Both,Child and Adolescent Development,Cannot Determine,No,,Duplicate,Shared Prof Ed specialized set; answer key appears at the end of the PDF. Duplicate or near-duplicate of row 560.
1285,1,Updated Prof-Ed-child-and-adolescent-development 50-items.pdf,Which of the following theory can help Miss Samson determine the readiness of her learners by administering a readiness test?,Conditioning Theories,Cognitive Development Theory,Maturation Theory,Ethological Theory,,C,,Both,Child and Adolescent Development,Cannot Determine,No,,Duplicate,Shared Prof Ed specialized set; answer key appears at the end of the PDF. Duplicate or near-duplicate of row 561.
1286,1,Updated Prof-Ed-child-and-adolescent-development 50-items.pdf,Mr. Francisco was very much worried about the thumb-sucking of his son. A friend of his says that certain behavior among infants. Who presented the notion that certain behavior like thumb- sucking is normal behavior?,Sigmund Freud,Erick Ericson,John Bowlly,Urie Bronfenbrenner,,A,,Both,Child and Adolescent Development,Cannot Determine,No,,Ready for Upload,Shared Prof Ed specialized set; answer key appears at the end of the PDF.
1287,1,Updated Prof-Ed-child-and-adolescent-development 50-items.pdf,"A newborn infant moves his whole body at one time, instead of moving a part of it. Which of the following principles is illustrated by his behavior?",Development proceeds from specific to general,Development proceeds from general to specific Prof Ed LET Reviewer: Child and Adolescent Development,Development follows an orderly pattern,Development follows a general pattern,,B,,Both,Child and Adolescent Development,Cannot Determine,No,,Ready for Upload,Shared Prof Ed specialized set; answer key appears at the end of the PDF.
1288,2,Updated Prof-Ed-child-and-adolescent-development 50-items.pdf,"Train up a child in the way he should be; when he grows up, he will not depart from it. Which principle supports this?",Development is determined by his heredity,Development is determined by the environment,Early development is more critical than the late development,Early development is less critical than late development,,B,,Both,Child and Adolescent Development,Cannot Determine,No,,Duplicate,Shared Prof Ed specialized set; answer key appears at the end of the PDF. Duplicate or near-duplicate of row 564.
1289,2,Updated Prof-Ed-child-and-adolescent-development 50-items.pdf,Which state of the psycho-sexual theory do young boys experience rivalry with their father for their mother’s attention and affection?,Oral,Anal,Phallic,Latency,,C,,Both,Child and Adolescent Development,Cannot Determine,No,,Ready for Upload,Shared Prof Ed specialized set; answer key appears at the end of the PDF.
1290,2,Updated Prof-Ed-child-and-adolescent-development 50-items.pdf,Angela focuses her attention on the school work and vigorous play that consume most of her physical energy. Which stage of psychosexual theory illustrates her behavior?,Oral,Anal,Phallic,Latency,,D,,Both,Child and Adolescent Development,Cannot Determine,No,,Duplicate,Shared Prof Ed specialized set; answer key appears at the end of the PDF. Duplicate or near-duplicate of row 566.
1291,2,Updated Prof-Ed-child-and-adolescent-development 50-items.pdf,Which of the following is likely to be developed if infants are shown genuine affection?,Trust,Autonomy,Initiative,Industry,,A,,Both,Child and Adolescent Development,Cannot Determine,No,,Duplicate,Shared Prof Ed specialized set; answer key appears at the end of the PDF. Duplicate or near-duplicate of row 567.
1292,2,Updated Prof-Ed-child-and-adolescent-development 50-items.pdf,Christian develops an integral and coherent sense of self. He seeks answers to the question. “Who am I”? Which of the following is Christian likely to develop?,Initiative,Identity and Role Confusion,Intimacy,Autonomy,,B,,Both,Child and Adolescent Development,Cannot Determine,No,,Duplicate,Shared Prof Ed specialized set; answer key appears at the end of the PDF. Duplicate or near-duplicate of row 568.
1293,2,Updated Prof-Ed-child-and-adolescent-development 50-items.pdf,Ms. Reyes uses images and language to represent and understand her various lessons to preschool learners. What stage in the cognitive theory of development explains this?,Sensorimotor,Preoperational,Concrete operation,Formal operation,,B,,Both,Child and Adolescent Development,Cannot Determine,No,,Duplicate,Shared Prof Ed specialized set; answer key appears at the end of the PDF. Duplicate or near-duplicate of row 569.
1294,2,Updated Prof-Ed-child-and-adolescent-development 50-items.pdf,"Connie develops concepts necessary for everyday living, builds healthy attitudes towards oneself, and achieves personal independence. These are among the attributes of an individual in what particular stage?",Infancy and early childhood,Middle childhood,Adolescence,Early Adulthood,,B,,Both,Child and Adolescent Development,Cannot Determine,No,,Ready for Upload,Shared Prof Ed specialized set; answer key appears at the end of the PDF.
1295,2,Updated Prof-Ed-child-and-adolescent-development 50-items.pdf,Extremely high levels of activity or hyperactivity are considered problematic. How may a teacher help a hyperactive child?,Make him the leader of the class,Transfer him to another class,Give him challenging activities that are appropriate to his ability level and interests.,Allow him to spend longer at the playground until he gets tired.,,C,,Both,Child and Adolescent Development,Cannot Determine,No,,Ready for Upload,Shared Prof Ed specialized set; answer key appears at the end of the PDF.
1296,2,Updated Prof-Ed-child-and-adolescent-development 50-items.pdf,Tessa gets jealous whenever she sees her father showing love and affection to her mother. Which of the following is she showing according to Freud?,Complex,Phallic Prof Ed LET Reviewer: Child and Adolescent Development,Electra Complex,Oedipus Complex,,C,,Both,Child and Adolescent Development,Cannot Determine,No,,Duplicate,Shared Prof Ed specialized set; answer key appears at the end of the PDF. Duplicate or near-duplicate of row 572.
1297,3,Updated Prof-Ed-child-and-adolescent-development 50-items.pdf,"In Piaget’s Theory of Cognitive Development, which of the following statements would illustrate Edward who is 11 years old?",Able to see relationships and reason in the abstract.,Unable to break down a whole into separate parts.,Differentiates goals and goal-directed activities.,Experiments with methods to reach goals.,,A,,Both,Child and Adolescent Development,Cannot Determine,No,,Duplicate,Shared Prof Ed specialized set; answer key appears at the end of the PDF. Duplicate or near-duplicate of row 573.
1298,3,Updated Prof-Ed-child-and-adolescent-development 50-items.pdf,Trisha goes with her mother to school. She enjoys the workplace of her mother. Which of the following ecological theories is illustrated by the situation?,Microsystem,Mesosystem,Exosystem,Macrosystem,,C,,Both,Child and Adolescent Development,Cannot Determine,No,,Ready for Upload,Shared Prof Ed specialized set; answer key appears at the end of the PDF.
1299,3,Updated Prof-Ed-child-and-adolescent-development 50-items.pdf,"Lito, a student at the secondary level tends to spend more time with his friends and his family, thus, his behavior is greatly affected by them. At which stage in the Pyschosocial Stages of Development does Lito belong?",Autonomous vs. Shame and Doubt,Identity vs. Role Confusion,Intimacy vs. Isolation,Initiative vs. Guilt,,D,,Both,Child and Adolescent Development,Cannot Determine,No,,Ready for Upload,Shared Prof Ed specialized set; answer key appears at the end of the PDF.
1300,3,Updated Prof-Ed-child-and-adolescent-development 50-items.pdf,Anna believes that authority is respected. She is now at what particular level in the moral development theory of Lawrence Kohlberg?,Social contract,Law and order orientation,Interpersonal concordance,Universal ethics orientation,,A,,Both,Child and Adolescent Development,Cannot Determine,No,,Ready for Upload,Shared Prof Ed specialized set; answer key appears at the end of the PDF.
1301,3,Updated Prof-Ed-child-and-adolescent-development 50-items.pdf,What level has a four-year-old learner like Maryann reached when she acquired new skills such as putting the same shapes and the same colors together?,Development,Maturation,Zone of Proximal Development,Learning,,C,,Both,Child and Adolescent Development,Cannot Determine,No,,Duplicate,Shared Prof Ed specialized set; answer key appears at the end of the PDF. Duplicate or near-duplicate of row 577.
1302,3,Updated Prof-Ed-child-and-adolescent-development 50-items.pdf,Which of the following principles can be the basis of the growing realization of the significance of early childhood education?,Young children are capable of doing many things at an early stage.,The child should be seen and should learn,The first five years of life are the formative years of the child.,Early childhood experiences can be interesting and challenging.,,B,,Both,Child and Adolescent Development,Cannot Determine,No,,Ready for Upload,Shared Prof Ed specialized set; answer key appears at the end of the PDF.
1303,3,Updated Prof-Ed-child-and-adolescent-development 50-items.pdf,Which of the following learner’s characteristics will affect most of the learners learning in the academic class?,His affective characteristics,His cognitive characteristics,His psychomotor characteristics,His socio-emotional characteristics,,B,,Both,Child and Adolescent Development,Cannot Determine,No,,Ready for Upload,Shared Prof Ed specialized set; answer key appears at the end of the PDF.
1304,3,Updated Prof-Ed-child-and-adolescent-development 50-items.pdf,Which of the following is true about human development?,Human development considers both maturation and learning.,Development refers to the progressive series of changes of an orderly coherent type toward the goal of maturity.,Development is the gradual and orderly unfolding of the characteristics of the individuals as they go through the successive stages of growth.,All of the Above,,D,,Both,Child and Adolescent Development,Cannot Determine,No,,Duplicate,Shared Prof Ed specialized set; answer key appears at the end of the PDF. Duplicate or near-duplicate of row 579.
1305,3,Updated Prof-Ed-child-and-adolescent-development 50-items.pdf,What do you call the quantitative increase in terms of height and weight as observed by the school physician during the physical examination of the students? Prof Ed LET Reviewer: Child and Adolescent Development,Development,Growth,Learning,Maturation,,B,,Both,Child and Adolescent Development,Cannot Determine,No,,Ready for Upload,Shared Prof Ed specialized set; answer key appears at the end of the PDF.
1306,4,Updated Prof-Ed-child-and-adolescent-development 50-items.pdf,Mrs. Gomez conducts research on psychosocial domain development. In what particular area of the child’s development is Mrs. Gomez most likely to be interested?,Perceptual abilities,Brain-wave patterns,Emotions,Use of language,,C,,Both,Child and Adolescent Development,Cannot Determine,No,,Ready for Upload,Shared Prof Ed specialized set; answer key appears at the end of the PDF.
1307,4,Updated Prof-Ed-child-and-adolescent-development 50-items.pdf,Which of the following is the correct order of psychosexual stages proposed by Sigmund Freud?,"Oral stage, anal stage, phallic stage, latency stage, genital stage","Anal stage, oral stage, phallic stage, latency stage, genital stage","Oral stage, anal stage, genital stage, latency stage, phallic stage","Anal stage, oral stage, genital stage, latency stage, the phallic stage",,A,,Both,Child and Adolescent Development,Cannot Determine,No,,Duplicate,Shared Prof Ed specialized set; answer key appears at the end of the PDF. Duplicate or near-duplicate of row 582.
1308,4,Updated Prof-Ed-child-and-adolescent-development 50-items.pdf,What is the best description of Erickson’s psychosocial theory of human development?,Eight crises all people are thought to lace,Four psychosocial stages in the latency period,"The same number of stages as Freud’s, but with different names",A stage theory that is not psychoanalytic,,A,,Both,Child and Adolescent Development,Cannot Determine,No,,Duplicate,Shared Prof Ed specialized set; answer key appears at the end of the PDF. Duplicate or near-duplicate of row 583.
1309,4,Updated Prof-Ed-child-and-adolescent-development 50-items.pdf,"In Erickson’s theory, what is the unresolved crisis of an adult who has difficulty establishing a secure, mutual relationship with a life partner?",Initiative vs. Guilt,Autonomy vs. Shame and Doubt,Intimacy vs. Isolation,Trust vs. Mistrust,,C,,Both,Child and Adolescent Development,Cannot Determine,No,,Duplicate,Shared Prof Ed specialized set; answer key appears at the end of the PDF. Duplicate or near-duplicate of row 584.
1310,4,Updated Prof-Ed-child-and-adolescent-development 50-items.pdf,"Allysa is eight years old, and although she understands some logical principles, she still has trouble understanding hypothetical concepts. According to Piaget, Allysa belongs to what particular stage of cognitive development?",Sensorimotor,Preoperational,Concrete operational,Formal operational,,C,,Both,Child and Adolescent Development,Cannot Determine,No,,Ready for Upload,Shared Prof Ed specialized set; answer key appears at the end of the PDF.
1311,4,Updated Prof-Ed-child-and-adolescent-development 50-items.pdf,Which of the following provides the best broad description of the relationship between heredity and environment in determining height?,"Heredity is the primary influence, with the environment affecting development only in severe situations.",Heredity and environment contribute equally to the development.,The environment is the major influence on physical characteristics.,Heredity directs the individual’s potential and the environment determines whether and to what degree the individual reaches the potential.,,A,,Both,Child and Adolescent Development,Cannot Determine,No,,Duplicate,Shared Prof Ed specialized set; answer key appears at the end of the PDF. Duplicate or near-duplicate of row 586.
1312,4,Updated Prof-Ed-child-and-adolescent-development 50-items.pdf,What is the correct sequence of prenatal stages of development?,"Embryo, germinal, fetus","Germinal, fetus, embryo","Germinal, embryo, fetus","Embryo, fetus, germinal",,C,,Both,Child and Adolescent Development,Cannot Determine,No,,Duplicate,Shared Prof Ed specialized set; answer key appears at the end of the PDF. Duplicate or near-duplicate of row 587.
1313,4,Updated Prof-Ed-child-and-adolescent-development 50-items.pdf,"When a baby realized that a rubber duck that has fallen out of the tub must be somewhere on the floor, he is likely to achieve what aspect of cognitive development?",Object permanence,Deferred imitation,Mental combination,Goal-directed behavior Prof Ed LET Reviewer: Child and Adolescent Development,,A,,Both,Child and Adolescent Development,Cannot Determine,No,,Ready for Upload,Shared Prof Ed specialized set; answer key appears at the end of the PDF.
1314,5,Updated Prof-Ed-child-and-adolescent-development 50-items.pdf,"Which of the following will be Freud’s description of the child’s behavior if he has a biting, sarcastic manner?",Anally expulsive,Anally retentive,Fixated in the oral stage,Experiencing the crisis of trust vs. mistrust,,C,,Both,Child and Adolescent Development,Cannot Determine,No,,Ready for Upload,Shared Prof Ed specialized set; answer key appears at the end of the PDF.
1315,5,Updated Prof-Ed-child-and-adolescent-development 50-items.pdf,What is Freud’s idea about a young boy’s guilt feelings brought about by jealousy of his father’s relationship with his mother?,Electra complex,Oedipus complex,Phallic complex,Penis envy complex,,B,,Both,Child and Adolescent Development,Cannot Determine,No,,Duplicate,Shared Prof Ed specialized set; answer key appears at the end of the PDF. Duplicate or near-duplicate of row 590.
1316,5,Updated Prof-Ed-child-and-adolescent-development 50-items.pdf,"When a little girl says she wants her mother to go on vacation so that she can marry her father, Freud believes that she is voicing a fantasy consistent with?",Oedipus complex,Electra complex,Theory of mind,Crisis of initiative vs. Guilt,,B,,Both,Child and Adolescent Development,Cannot Determine,No,,Ready for Upload,Shared Prof Ed specialized set; answer key appears at the end of the PDF.
1317,5,Updated Prof-Ed-child-and-adolescent-development 50-items.pdf,Which of the following can best describe the preschooler’s readiness to learn a new task and play activities?,Emerging competency and self-awareness,Theory of mind,Relationship with parents,Growing identification with words,,A,,Both,Child and Adolescent Development,Cannot Determine,No,,Ready for Upload,Shared Prof Ed specialized set; answer key appears at the end of the PDF.
1318,5,Updated Prof-Ed-child-and-adolescent-development 50-items.pdf,"James noted that when the preschoolers eagerly begin many new activities but are vulnerable to criticism and feelings of failure, they are experiencing what particular crisis?",Identity vs. Role confusion,Initiative vs. Guilt,Basic trust vs. mistrust,Efficacy vs. Helplessness,,B,,Both,Child and Adolescent Development,Cannot Determine,No,,Duplicate,Shared Prof Ed specialized set; answer key appears at the end of the PDF. Duplicate or near-duplicate of row 593.
1319,5,Updated Prof-Ed-child-and-adolescent-development 50-items.pdf,What stage of Piaget’s Cognitive Development does a person belong to when he can understand specific logical ideas and apply them to concrete problems?,Preoperational thought,Operational thought,Create operational thought,Formal operational thought,,C,,Both,Child and Adolescent Development,Cannot Determine,No,,Duplicate,Shared Prof Ed specialized set; answer key appears at the end of the PDF. Duplicate or near-duplicate of row 594.
1320,5,Updated Prof-Ed-child-and-adolescent-development 50-items.pdf,What is the best explanation of Piaget’s concrete operational thought to describe the school-age child’s mental health ability?,A child can reason logically about things and events he or she perceives.,A child’s ability to think about how he thinks.,Can understand that certain characteristics of an object remain the same when other characteristics are changed.,Can understand that moral principles may supersede the standards of society.,,C,,Both,Child and Adolescent Development,Cannot Determine,No,,Ready for Upload,Shared Prof Ed specialized set; answer key appears at the end of the PDF.
1321,5,Updated Prof-Ed-child-and-adolescent-development 50-items.pdf,Elisa who is in between 9 and 11 years of age is most likely to demonstrate moral reasoning at which Kohlberg’s stage?,Pre-conventional,Conventional,Post-conventional,None of the above,,B,,Both,Child and Adolescent Development,Cannot Determine,No,,Ready for Upload,Shared Prof Ed specialized set; answer key appears at the end of the PDF.
1322,5,Updated Prof-Ed-child-and-adolescent-development 50-items.pdf,"According to Kohlberg, a dutiful citizen who obeys the laws set down by society is at which level of moral reasoning?",Pre-conventional stage one,Pre-conventional stage two,Conventional,Post-conventional Prof Ed LET Reviewer: Child and Adolescent Development,,C,,Both,Child and Adolescent Development,Cannot Determine,No,,Duplicate,Shared Prof Ed specialized set; answer key appears at the end of the PDF. Duplicate or near-duplicate of row 597.
1323,6,Updated Prof-Ed-child-and-adolescent-development 50-items.pdf,"Ana, who is low-achieving, shy, and withdrawn, is rejected by most of her peers. Her teacher wants to help Ana increase her self-esteem and social acceptance. What can Ana’s teacher suggest to her parents?",Transfer her to a different school,Help their daughter improve her motor skills,Help their daughter learn to accept more responsibility for her academic failures,Help their daughter improve her skills in relating to peers.,,D,,Both,Child and Adolescent Development,Cannot Determine,No,,Ready for Upload,Shared Prof Ed specialized set; answer key appears at the end of the PDF.
1324,6,Updated Prof-Ed-child-and-adolescent-development 50-items.pdf,What is the most accurate definition of the puberty stage?,Rapid physical growth that occurs during adolescence.,Stage when sexual maturation is attained.,Rapid physical growth and sexual maturation that ends childhood.,Stage when adolescents establish identities separate from their parents.,,C,,Both,Child and Adolescent Development,Cannot Determine,No,,Ready for Upload,Shared Prof Ed specialized set; answer key appears at the end of the PDF.
1325,6,Updated Prof-Ed-child-and-adolescent-development 50-items.pdf,Fifteen-year-old Marie is preoccupied with her “disgusting appearance” and seems depressed most of the time. What is the best thing her parents can do to help her get through this difficult time?,Ignore her self-preoccupation because their attention would only reinforce it.,Encourage to “shape up” and not give in to self-pity.,Kid her about her appearance in the hope that she will see how silly she is acting.,"Offer practical advice, such as clothing suggestions, to improve her body image.",,D,,Both,Child and Adolescent Development,Cannot Determine,No,,Duplicate,Shared Prof Ed specialized set; answer key appears at the end of the PDF. Duplicate or near-duplicate of row 600.
1326,6,Updated Prof-Ed-child-and-adolescent-development 50-items.pdf,What can be the best comparison of the behavior of a 17-year-old girl to that of her 13- year-old brother?,She is more likely critical of herself.,She tends to be more egocentric.,She had less confidence in her abilities.,She is more capable of reasoning hypothetically.,,D,,Both,Child and Adolescent Development,Cannot Determine,No,,Duplicate,Shared Prof Ed specialized set; answer key appears at the end of the PDF. Duplicate or near-duplicate of row 601.
1327,6,Updated Prof-Ed-child-and-adolescent-development 50-items.pdf,"According to Erickson, what is the primary task of an adolescent?",To establish trust,To search for his identity,To be more intimate with others,To establish integrity,,B,,Both,Child and Adolescent Development,Cannot Determine,No,,Ready for Upload,Shared Prof Ed specialized set; answer key appears at the end of the PDF.
1328,6,Updated Prof-Ed-child-and-adolescent-development 50-items.pdf,What is the main source of emotional support for most young people who are establishing independence from their parents?,Older adolescents of the opposite sex,Older sibling,Teachers,Peer groups LET Resource Page Ultimate LET Reviewer,,D,,Both,Child and Adolescent Development,Cannot Determine,No,,Duplicate,Shared Prof Ed specialized set; answer key appears at the end of the PDF. Duplicate or near-duplicate of row 603.
1329,1,Updated Prof-Ed-Facilitating-Learning-50-items.pdf,"Macey was walking by the road to buy “suka”. Suddenly, a green snake bit her right foot and left her very terrified for the rest of the day. Since that incident, she has held immense fear of all snakes. What concept is best illustrated in this scenario?",stimulus generalization,associative learning,stimulus discrimination,stimulating stimulus,,A,,Both,Facilitating Learning,Cannot Determine,No,,Ready for Upload,Shared Prof Ed specialized set; answer key appears at the end of the PDF.
1330,1,Updated Prof-Ed-Facilitating-Learning-50-items.pdf,Which of the following will trigger additional development if a child is exposed to more challenges and stimuli in his surroundings?,emotional development,interest,intelligence,social development,,A,,Both,Facilitating Learning,Cannot Determine,No,,Ready for Upload,Shared Prof Ed specialized set; answer key appears at the end of the PDF.
1331,1,Updated Prof-Ed-Facilitating-Learning-50-items.pdf,"If you have to develop in the students a correct sense of right and wrong, with which should you be concerned according to Freud?",Id,Ego,Super-ego and Ego,Super-ego,,D,,Both,Facilitating Learning,Cannot Determine,No,,Ready for Upload,Shared Prof Ed specialized set; answer key appears at the end of the PDF.
1332,1,Updated Prof-Ed-Facilitating-Learning-50-items.pdf,Bernadette enjoyed the roller coaster when they went to the Enchanted Kingdom. The mere sight of the roller coaster gets her excited. Which theory explains Bernadette’s behavior?,Operant conditioning,Attribution Theory,Pavlovian Theory,Social learning theory,,A,,Both,Facilitating Learning,Cannot Determine,No,,Ready for Upload,Shared Prof Ed specialized set; answer key appears at the end of the PDF.
1333,1,Updated Prof-Ed-Facilitating-Learning-50-items.pdf,What is the most accurate definition of the puberty stage?,Staged when sexual maturation is achieved.,Rapid physical growth and sexual maturation end childhood.,The stage when adolescents establish identities separate from their parents.,Rapid physical growth that occurs during adolescence.,,B,,Both,Facilitating Learning,Cannot Determine,No,,Duplicate,Shared Prof Ed specialized set; answer key appears at the end of the PDF. Duplicate or near-duplicate of row 1324.
1334,1,Updated Prof-Ed-Facilitating-Learning-50-items.pdf,Which of the following is a barrier to the improvement of memory?,Mnemonics,Retroactive inhibition,Imagery,Word categorization,,B,,Both,Facilitating Learning,Cannot Determine,No,,Ready for Upload,Shared Prof Ed specialized set; answer key appears at the end of the PDF.
1335,1,Updated Prof-Ed-Facilitating-Learning-50-items.pdf,What is the best explanation of Piaget’s concrete operational thought to describe the school-age child’s mental ability?,Can understand that moral principles may supersede the standards of society.,Can understand that certain characteristics of an object remain the same when other characteristics are changed.,A child can reason logically about things and events he or she perceives.,A child’s ability to think about how he thinks.,,B,,Both,Facilitating Learning,Cannot Determine,No,,Duplicate,Shared Prof Ed specialized set; answer key appears at the end of the PDF. Duplicate or near-duplicate of row 595.
1336,1,Updated Prof-Ed-Facilitating-Learning-50-items.pdf,The use of mnemonics helps a pupil _______ information.,apply,understand,recite,remember,,D,,Both,Facilitating Learning,Cannot Determine,No,,Ready for Upload,Shared Prof Ed specialized set; answer key appears at the end of the PDF.
1337,1,Updated Prof-Ed-Facilitating-Learning-50-items.pdf,What is the main role of the teacher?,Facilitator of student learning,Classroom manager,Model,Manager,,A,,Both,Facilitating Learning,Cannot Determine,No,,Ready for Upload,Shared Prof Ed specialized set; answer key appears at the end of the PDF.
1338,1,Updated Prof-Ed-Facilitating-Learning-50-items.pdf,Which of the following is least associated with longer retention?,active involvement in the learning projects Page | 1 LET Prof Ed Reviewer: Facilitating Learning,mastery learning,rote learning,elaborated feedback,,D,,Both,Facilitating Learning,Cannot Determine,No,,Ready for Upload,Shared Prof Ed specialized set; answer key appears at the end of the PDF.
1339,2,Updated Prof-Ed-Facilitating-Learning-50-items.pdf,"In treatment for alcoholism, Prince was made to drink an alcoholic beverage and then made to ingest Antabuse, a drug that produces nausea. Eventually, he was nauseated at the sight and smell of alcohol and stopped drinking alcohol. This is an example of what theory?",Attribution theory,Operant conditioning,Social learning theory,Associative learning,,D,,Both,Facilitating Learning,Cannot Determine,No,,Ready for Upload,Shared Prof Ed specialized set; answer key appears at the end of the PDF.
1340,2,Updated Prof-Ed-Facilitating-Learning-50-items.pdf,"According to Erickson, what is the primary task of an adolescent?",To establish integrity,To establish trust,To search for his identity,To be more intimate with others,,C,,Both,Facilitating Learning,Cannot Determine,No,,Duplicate,Shared Prof Ed specialized set; answer key appears at the end of the PDF. Duplicate or near-duplicate of row 1327.
1341,2,Updated Prof-Ed-Facilitating-Learning-50-items.pdf,"Teacher Dennis begins a lesson on tumbling by demonstrating front and back somersaults in slow motion and physically guiding his students through the correct movements. As his students become more skillful, he stands back from the mat and gives verbal feedback about how to improve. With Vygotsky’s theory in mind, what did teacher Dennis do?",Scaffolding,Apprenticeship,Peer interaction,Guided participation,,A,,Both,Facilitating Learning,Cannot Determine,No,,Ready for Upload,Shared Prof Ed specialized set; answer key appears at the end of the PDF.
1342,2,Updated Prof-Ed-Facilitating-Learning-50-items.pdf,Which of the following is usually considered the most important factor in a child’s observable classroom behavior?,self-concept,heredity,intelligence,cultural background,,B,,Both,Facilitating Learning,Cannot Determine,No,,Ready for Upload,Shared Prof Ed specialized set; answer key appears at the end of the PDF.
1343,2,Updated Prof-Ed-Facilitating-Learning-50-items.pdf,"Based on Bandura’s social learning theory, whom do children often imitate. Those who ______. I. have substantial influence over their lives II. belong to their peer group III. belong to other races IV. are successful and seem admired",IV only,II and IV,I and IV,I and II,,C,,Both,Facilitating Learning,Cannot Determine,No,,Ready for Upload,Shared Prof Ed specialized set; answer key appears at the end of the PDF.
1344,2,Updated Prof-Ed-Facilitating-Learning-50-items.pdf,The tendency to imitate elders is very strong in the early childhood stage. Teachers should therefore be very good.,role models,counselors,facilitators of learning,disciplinarians,,A,,Both,Facilitating Learning,Cannot Determine,No,,Ready for Upload,Shared Prof Ed specialized set; answer key appears at the end of the PDF.
1345,2,Updated Prof-Ed-Facilitating-Learning-50-items.pdf,Teacher Hanna asked the students to describe how their families celebrate holidays. Students can discover that people celebrate holidays differently. Which principle in cognitive development governs Teacher Hanna’s teaching activity?,Social interaction is essential for cognitive development.,Children actively construct their knowledge.,Cognitive development involves relating new information to prior knowledge,Children often think in different ways at different ages.,,A,,Both,Facilitating Learning,Cannot Determine,No,,Ready for Upload,Shared Prof Ed specialized set; answer key appears at the end of the PDF.
1346,2,Updated Prof-Ed-Facilitating-Learning-50-items.pdf,Bernadette enjoyed the roller coaster when they went to the Enchanted Kingdom. The mere sight of the roller coaster gets her excited. Which theory explains Bernadette’s behavior?,Social learning theory Page | 2 LET Prof Ed Reviewer: Facilitating Learning,Operant conditioning,Attribution theory,Pavlovian conditioning,,B,,Both,Facilitating Learning,Cannot Determine,No,,Duplicate,Shared Prof Ed specialized set; answer key appears at the end of the PDF. Duplicate or near-duplicate of row 1332.
1347,3,Updated Prof-Ed-Facilitating-Learning-50-items.pdf,"According to Erickson, identity and role confusion occurs during:",High School years,Elementary years,College years,Pre-school years,,A,,Both,Facilitating Learning,Cannot Determine,No,,Ready for Upload,Shared Prof Ed specialized set; answer key appears at the end of the PDF.
1348,3,Updated Prof-Ed-Facilitating-Learning-50-items.pdf,"According to Ausubel, one of the ways to strengthen the student’s cognitive structure is by using an instructional tool called:",Cross-referencing,Narrative,Advance organizer,Spiral approach,,C,,Both,Facilitating Learning,Cannot Determine,No,,Ready for Upload,Shared Prof Ed specialized set; answer key appears at the end of the PDF.
1349,3,Updated Prof-Ed-Facilitating-Learning-50-items.pdf,Providing a variety of learning activities to students is a characteristic of a teacher who understands the principle of:,Reward as a potential means of increasing the participation,Proactive teaching as a modern technique of teaching,Allowing students to be exposed to various teaching techniques.,Facilitating learning with an emphasis on individual differences,,D,,Both,Facilitating Learning,Cannot Determine,No,,Ready for Upload,Shared Prof Ed specialized set; answer key appears at the end of the PDF.
1350,3,Updated Prof-Ed-Facilitating-Learning-50-items.pdf,This idea refers to the formation of the meaning of certain knowledge.,Genetic epistemology,Equilibration,Genetic counseling,Semantic structure,,A,,Both,Facilitating Learning,Cannot Determine,No,,Ready for Upload,Shared Prof Ed specialized set; answer key appears at the end of the PDF.
1351,3,Updated Prof-Ed-Facilitating-Learning-50-items.pdf,It is a combination of tangible and intangible traits and characteristics of an individual.,Metacognition,Personality,Spiritual Enhancement,Semantic structure,,B,,Both,Facilitating Learning,Cannot Determine,No,,Ready for Upload,Shared Prof Ed specialized set; answer key appears at the end of the PDF.
1352,3,Updated Prof-Ed-Facilitating-Learning-50-items.pdf,Which of the following best describes the preschooler’s readiness to learn new tasks and play activities?,Growing identification with others,Theory of mind,Relationship with parents,Emerging competency and self-awareness,,D,,Both,Facilitating Learning,Cannot Determine,No,,Ready for Upload,Shared Prof Ed specialized set; answer key appears at the end of the PDF.
1353,3,Updated Prof-Ed-Facilitating-Learning-50-items.pdf,The ability of a child to conceptualize the retention and preservation of the same quantity under various changes.,Accommodation,Centration,Assimilation,Conservation,,D,,Both,Facilitating Learning,Cannot Determine,No,,Ready for Upload,Shared Prof Ed specialized set; answer key appears at the end of the PDF.
1354,3,Updated Prof-Ed-Facilitating-Learning-50-items.pdf,What learning process involves the application of previously acquired learning to new or different situations?,retention,conditioning,motivation,transfer,,D,,Both,Facilitating Learning,Cannot Determine,No,,Ready for Upload,Shared Prof Ed specialized set; answer key appears at the end of the PDF.
1355,3,Updated Prof-Ed-Facilitating-Learning-50-items.pdf,"Student Basil had fun at school yesterday. Today, he is eager to go to class. What theory explains this?",Classical conditioning,Associative learning,Operant conditioning,Affective filter hypothesis Page | 3 LET Prof Ed Reviewer: Facilitating Learning,,C,,Both,Facilitating Learning,Cannot Determine,No,,Ready for Upload,Shared Prof Ed specialized set; answer key appears at the end of the PDF.
1356,4,Updated Prof-Ed-Facilitating-Learning-50-items.pdf,Drive-reduction theory of motivation is for the “push” factor while the ______ is for the “pull” factor.,Incentive theory,Instinct theory,Arousal theory,Cognitive theory,,A,,Both,Facilitating Learning,Cannot Determine,No,,Ready for Upload,Shared Prof Ed specialized set; answer key appears at the end of the PDF.
1357,4,Updated Prof-Ed-Facilitating-Learning-50-items.pdf,Denzel’s mother noticed that her son always wants to get her attention and is jealous of his father. Denzel then can be classified under what psychoanalytic stage of development?,genital,latency,phallic,sexual deviation,,C,,Both,Facilitating Learning,Cannot Determine,No,,Ready for Upload,Shared Prof Ed specialized set; answer key appears at the end of the PDF.
1358,4,Updated Prof-Ed-Facilitating-Learning-50-items.pdf,A child receives STARS STAMP after correctly completing his task. The child always tries to complete all tasks correctly for him to have a stamp once again. What is being shown in the situation?,Classical learning,Pavlovian conditioning,Operant learning,Associative learning,,C,,Both,Facilitating Learning,Cannot Determine,No,,Ready for Upload,Shared Prof Ed specialized set; answer key appears at the end of the PDF.
1359,4,Updated Prof-Ed-Facilitating-Learning-50-items.pdf,The child’s concept of right and wrong is based on external criteria laid down by adults during the stage of pre-conventional morality. This is based on the idea of?,Freud,Piaget,Erickson,Kohlberg,,D,,Both,Facilitating Learning,Cannot Determine,No,,Ready for Upload,Shared Prof Ed specialized set; answer key appears at the end of the PDF.
1360,4,Updated Prof-Ed-Facilitating-Learning-50-items.pdf,The female gonads which are responsible for the production of egg cells are also called ______.,ovary,uterus,fallopian tube,cervix,,A,,Both,Facilitating Learning,Cannot Determine,No,,Ready for Upload,Shared Prof Ed specialized set; answer key appears at the end of the PDF.
1361,4,Updated Prof-Ed-Facilitating-Learning-50-items.pdf,He is generally considered the father of modern education.,Collin,Aristotle,Hagel,Comenius,,D,,Both,Facilitating Learning,Cannot Determine,No,,Ready for Upload,Shared Prof Ed specialized set; answer key appears at the end of the PDF.
1362,4,Updated Prof-Ed-Facilitating-Learning-50-items.pdf,It is the first stage of language acquisition whereby the child uses a single word to represent a sentence or phrase.,Holophrase,Code-switching,Bootstrapping,Fast mapping,,A,,Both,Facilitating Learning,Cannot Determine,No,,Ready for Upload,Shared Prof Ed specialized set; answer key appears at the end of the PDF.
1363,4,Updated Prof-Ed-Facilitating-Learning-50-items.pdf,"Teacher Piolo, a Chemistry teacher, makes sure all eyes are on him as he demonstrates the proper behavior in lighting a Bunsen burner. Whose theory supports Teacher Piolo’s practice?",Jean Piaget,Albert Bandura,Lev Vygotsky,William Glasser,,B,,Both,Facilitating Learning,Cannot Determine,No,,Ready for Upload,Shared Prof Ed specialized set; answer key appears at the end of the PDF.
1364,4,Updated Prof-Ed-Facilitating-Learning-50-items.pdf,"According to Krathwohl’s affective domain of objectives, ______ is the lowest level of affective behavior.",valuing,responding,characterization,organization Page | 4 LET Prof Ed Reviewer: Facilitating Learning,,B,,Both,Facilitating Learning,Cannot Determine,No,,Ready for Upload,Shared Prof Ed specialized set; answer key appears at the end of the PDF.
1365,5,Updated Prof-Ed-Facilitating-Learning-50-items.pdf,"When a little girl says she wants her mother to go on vacation so that she can marry her father, Freud believes that she is voicing a fantasy consistent with?",Theory of mind,Crisis of initiative vs. guilt,Electra complex,Oedipus complex,,C,,Both,Facilitating Learning,Cannot Determine,No,,Duplicate,Shared Prof Ed specialized set; answer key appears at the end of the PDF. Duplicate or near-duplicate of row 1316.
1366,5,Updated Prof-Ed-Facilitating-Learning-50-items.pdf,"Psychological, there is unity in all learning. However, there are distinct types of learning that are recognized. One is effective learning that involves:","acquisition of attitudes ideals, judgment, and values",formation of concepts and ideas,understanding of the external world through the use of the senses.,acquisition of facts and information,,A,,Both,Facilitating Learning,Cannot Determine,No,,Ready for Upload,Shared Prof Ed specialized set; answer key appears at the end of the PDF.
1367,5,Updated Prof-Ed-Facilitating-Learning-50-items.pdf,Children must develop fundamental knowledge of the four properties of the external world. All of the choices are properties EXCEPT:,knowledge of time,knowledge of existence,knowledge of causation,knowledge of objects.,,B,,Both,Facilitating Learning,Cannot Determine,No,,Ready for Upload,Shared Prof Ed specialized set; answer key appears at the end of the PDF.
1368,5,Updated Prof-Ed-Facilitating-Learning-50-items.pdf,This condition is characterized by poor spelling and pervasive difficulty in reading.,savant,mental retardation,autism,dyslexia,,D,,Both,Facilitating Learning,Cannot Determine,No,,Ready for Upload,Shared Prof Ed specialized set; answer key appears at the end of the PDF.
1369,5,Updated Prof-Ed-Facilitating-Learning-50-items.pdf,This educator opposes the traditional notion that students are empty vessels. He calls this traditional technique the banking system.,Locke,Rousseau,Herbart,Freire,,D,,Both,Facilitating Learning,Cannot Determine,No,,Ready for Upload,Shared Prof Ed specialized set; answer key appears at the end of the PDF.
1370,5,Updated Prof-Ed-Facilitating-Learning-50-items.pdf,Which of the following authors would most help teacher Lito to understand the underlying effects of poverty on academic achievements?,Dewey,Kohlberg,Piaget,Maslow,,D,,Both,Facilitating Learning,Cannot Determine,No,,Ready for Upload,Shared Prof Ed specialized set; answer key appears at the end of the PDF.
1371,5,Updated Prof-Ed-Facilitating-Learning-50-items.pdf,It includes everything from simple associations between stimuli and responses or association learning to the development of complex insights as in problem-solving:,Affective learning,Cognitive learning,Psychomotor learning,All of these,,B,,Both,Facilitating Learning,Cannot Determine,No,,Ready for Upload,Shared Prof Ed specialized set; answer key appears at the end of the PDF.
1372,5,Updated Prof-Ed-Facilitating-Learning-50-items.pdf,Repetition will facilitate the learning process when?,given the same information each time,kept short if possible,done in different settings,there are short intervals between repetitions,,A,,Both,Facilitating Learning,Cannot Determine,No,,Ready for Upload,Shared Prof Ed specialized set; answer key appears at the end of the PDF.
1373,5,Updated Prof-Ed-Facilitating-Learning-50-items.pdf,This law state that every stimulus pattern is seen in such a way that the resulting structure is as simple as possible.,Law of readiness,Law of contiguity,Law of prägnanz,Law of similarity,,C,,Both,Facilitating Learning,Cannot Determine,No,,Ready for Upload,Shared Prof Ed specialized set; answer key appears at the end of the PDF.
1374,5,Updated Prof-Ed-Facilitating-Learning-50-items.pdf,Which theory calls for adaptation to the learner’s biological and developmental set of characteristics? Page | 5 LET Prof Ed Reviewer: Facilitating Learning,Learning Style Theory,Reading Readiness Theory,Multiple Intelligence Theory,Psychoanalytic Theory,,C,,Both,Facilitating Learning,Cannot Determine,No,,Ready for Upload,Shared Prof Ed specialized set; answer key appears at the end of the PDF.
1375,6,Updated Prof-Ed-Facilitating-Learning-50-items.pdf,Identical twins are more alike than fraternal twins. Which of the following statements/principles are supported by this?,Intelligence is determined partly by prenatal nutrition.,Heredity has a part in determining the physical appearance,Environment affects both fraternal and identical twins.,Intelligence hinges on physical structure.,,B,,Both,Facilitating Learning,Cannot Determine,No,,Ready for Upload,Shared Prof Ed specialized set; answer key appears at the end of the PDF.
1376,6,Updated Prof-Ed-Facilitating-Learning-50-items.pdf,Parents and teachers are considered authorities and models by children at the early childhood stage. What does this statement imply?,Teachers and parents should serve as role models at all times.,Parent-teacher conferences should always be an activity in school.,Parents should enforce strict discipline at home and teachers ins school.,Teachers should demand complete obedience from the learners in school.,,A,,Both,Facilitating Learning,Cannot Determine,No,,Ready for Upload,Shared Prof Ed specialized set; answer key appears at the end of the PDF.
1377,6,Updated Prof-Ed-Facilitating-Learning-50-items.pdf,"Teacher Miguel believes that to effectively teach, thinking skills like effective thinking, intuitive thinking, and discovery learning must be emphasized to the students. Which particular school of thought/branch of psychology best represents his principle?",Essentialism,Existentialism,Cognitive Psychology,Behaviorism,,C,,Both,Facilitating Learning,Cannot Determine,No,,Ready for Upload,Shared Prof Ed specialized set; answer key appears at the end of the PDF.
1378,6,Updated Prof-Ed-Facilitating-Learning-50-items.pdf,A type of lesson that requires revisiting old facts and concepts from a new perspective and setting is known as?,Demonstration,Review,Development,Independent Study Free LET Reviewer Ultimate Reviewer,,B,,Both,Facilitating Learning,Cannot Determine,No,,Ready for Upload,Shared Prof Ed specialized set; answer key appears at the end of the PDF.
1379,2,05. GEN ED WITH EXPLANATION (SECONDARY).pdf,MANY A CHILD _________ LEFT TO THE CARE OF RELATIVESWHILETHE PARENTSWORK.,are,is,has been,will be,,B,"Many a child is left to the care of relatives while the parents work. The phrase “many a…” takes either the singular form or the plural form of the verb depending on the antecedent.“Child” is singular,so it takes singular verb. By definition,the phrase means“a large number of…”",LET Secondary,General Education,Cannot Determine,No,,Ready for Upload,PDF explicitly labels this set as Secondary; explanations follow each question page. Correct answer matched from the explanation page.
1380,4,05. GEN ED WITH EXPLANATION (SECONDARY).pdf,She hurt ______ when she was slicing the onions.,himself,myself,ourselves,herself,,D,"She hurt herself when she was slicing the onions. Herself is reflexive pronoun. Reflexive pronouns are pronouns that refer back to the subject of the sentence or clause. They either end in –self, as in the singular form, or –selves as in the plural form. In this case,we use herself to refer to“she”.",LET Secondary,General Education,Cannot Determine,No,,Ready for Upload,PDF explicitly labels this set as Secondary; explanations follow each question page. Correct answer matched from the explanation page.
1381,6,05. GEN ED WITH EXPLANATION (SECONDARY).pdf,"If you forgot____textbook, you can use_____,Mark.","yours,ours","his,hers","your,mine","our,hers",,C,"YOUR,MINE The pronoun must agree with its antecedent in number, gender, and person. A singular pronoun must replace a singular noun;a plural pronoun must replace a plural noun. Thus, we use “your” for Mark, and “mine” for the first person speaker.",LET Secondary,General Education,Cannot Determine,No,,Ready for Upload,PDF explicitly labels this set as Secondary; explanations follow each question page. Correct answer matched from the explanation page.
1382,8,05. GEN ED WITH EXPLANATION (SECONDARY).pdf,Mr. Tolentino was concerned about the safety of motorists and so he issued a circular containing ________ safety instructions.,himself,themselves,his,their,,C,"HIS Who issued the circular? It was Mr.Tolentino. Whose safety instructions? Mr.Tolentino’s instructions Thus, he issued a circular containing HIS safety instructions.",LET Secondary,General Education,Cannot Determine,No,,Ready for Upload,PDF explicitly labels this set as Secondary; explanations follow each question page. Correct answer matched from the explanation page.
1383,10,05. GEN ED WITH EXPLANATION (SECONDARY).pdf,The green revolution refers to food production by planting vegetables and fruit trees.A natural resource that has not been sufficiently developed is the world's bodies of water which promise abundant source of food. Referred to as blue revolution this food source refers to,corals,fish,algae,seashells,,B,"FISH The term ""blue revolution"" refers to the remarkable emergence of aquaculture as an important and highly productive agricultural activity. Aquaculture refers to all forms of active culturing of aquatic animals and plants,occurring in marine,brackish,or fresh waters. Although seashells are aquatic animals, yet in terms of production seashell production relates only to small amounts of aquaculture yields throughout the world as compared with fish.",LET Secondary,General Education,Cannot Determine,No,,Ready for Upload,PDF explicitly labels this set as Secondary; explanations follow each question page. Correct answer matched from the explanation page.
1384,12,05. GEN ED WITH EXPLANATION (SECONDARY).pdf,Some animals perform services to assist man. Canines serve in war and in peace. Cats safeguard the home from pests.Pigeons can transmit messages.This is possible if these animals are,fed,drugged,trained,kept,,C,"TRAINED Operant conditioning is the basis of animal training. It is a type of learning in which an animal learns (or, is conditioned) from its behaviors as it acts (operates) on the environment. Animal trainers apply the principles of operant conditioning. If an animal performs a behavior that the trainer wants to see performed again, the trainer will administer a favorable consequence as in the case of animals used during theWorldWar I and II.",LET Secondary,General Education,Cannot Determine,No,,Ready for Upload,PDF explicitly labels this set as Secondary; explanations follow each question page. Correct answer matched from the explanation page.
1385,14,05. GEN ED WITH EXPLANATION (SECONDARY).pdf,"Read the paragraph and answer the item that follows. Nelson Mandela sacrificed so much in his life, family, friends and a big chunk of his life for things he believed in a democratic South Africa, with equal rights and a beacon of hope for the rest of the world. Nelson Mandela's dream for South Africa, which was realized,was",cooperation,unity,democracy,supremacy,,C,"DEMOCRACY One can take the hint of the keywords: equal rights and democratic South Africa pointing to Democracy. Nelson Rolihlahla Mandela (18 July 1918 – 5 December 2013) was a South African anti- apartheid revolutionary, politician, and philanthropist, who served as President of South Africa from 1994 to 1999. He was the country's first black chief executive, and the first elected in a fully representative democratic election.",LET Secondary,General Education,Cannot Determine,No,,Ready for Upload,PDF explicitly labels this set as Secondary; explanations follow each question page. Correct answer matched from the explanation page.
1386,16,05. GEN ED WITH EXPLANATION (SECONDARY).pdf,"Read the paragraph and answer the item that follows. ""As far back as I can remember,our family had always been an extended one.Our grandmother was the mainstay in the family, the silent strength behind our mother who is her daughter."" The informal guide and honorary household chief in.the extended family is the",grandmother,mother,father,aunt,,A,"GRANDMOTHER “Our grandmother was the mainstay in the family…” pictures grandmothers as guide and honorary household chief in an extended family. An extended family is a family that extends beyond the nuclear family, consisting of aunts, uncles, and cousins all living nearby or in the same household.An example is a married couple that lives with either the husband or the wife's parents.",LET Secondary,General Education,Cannot Determine,No,,Ready for Upload,PDF explicitly labels this set as Secondary; explanations follow each question page. Correct answer matched from the explanation page.
1387,18,05. GEN ED WITH EXPLANATION (SECONDARY).pdf,Shirley has not forgotten that she was betrayed by her best friend and carried such __________ in her deeply offended heart for a long time.,rancor,doubt,souvenir,offense,,A,"RANCOR “Shirley has not forgotten that she was betrayed…” Rancor means bitterness or resentfulness, especially when long-standing. All other choices are self-explanatory.",LET Secondary,General Education,Cannot Determine,No,,Ready for Upload,PDF explicitly labels this set as Secondary; explanations follow each question page. Correct answer matched from the explanation page.
1388,20,05. GEN ED WITH EXPLANATION (SECONDARY).pdf,"Even when her friends betray her, Perla bears no rancor in her heart because she is not",embarrassed,consoled,bitter,insulted,,C,BITTER Rancor means bitterness and the stem asks for the opposite of rancor. “Perla bears no rancor… because she is not…” – bitter,LET Secondary,General Education,Cannot Determine,No,,Ready for Upload,PDF explicitly labels this set as Secondary; explanations follow each question page. Correct answer matched from the explanation page.
1389,22,05. GEN ED WITH EXPLANATION (SECONDARY).pdf,Clara would read any book or magazine she could lay her hands on and read from cover to cover in one sitting.She is such a _______ reader.,tedious,serious,leisurely,voracious,,D,"VORACIOUS Voracious reader is one who is reads more than the average number of books;a person who is hungry for reading. Tedious means too long, slow, or dull: tiresome or monotonous. Leisurely means acting or done at leisure; unhurried or relaxed.",LET Secondary,General Education,Cannot Determine,No,,Ready for Upload,PDF explicitly labels this set as Secondary; explanations follow each question page. Correct answer matched from the explanation page.
1390,24,05. GEN ED WITH EXPLANATION (SECONDARY).pdf,A lot of water____needed to irrigate the parched land.,is,are being,is being,are,,A,"IS In spoken English and informal writing we tend to use the phrase “A lot of… or lots of” to mean plenty of or much and many. It is not the phrase a lot of or lots of which determines singular or plural, but the noun of the sentence (here: water ). Thus, we use the singular present participle (is).",LET Secondary,General Education,Cannot Determine,No,,Ready for Upload,PDF explicitly labels this set as Secondary; explanations follow each question page. Correct answer matched from the explanation page.
1391,26,05. GEN ED WITH EXPLANATION (SECONDARY).pdf,You________finished eating before we arrive.,have,should,have been,will have,,D,"WILL HAVE The verb tense used in the sentence is in the Future PerfectTense. The FUTURE PERFECT TENSE indicates that an action will have been completed (finished or ""perfected"") at some point in the future. This tense is formed with ""will"" plus ""have"" plus the past participle of the verb (which can be either regular or irregular in form):will have finished The Future Perfect expresses the idea that something will occur before another action in the future.It can also show that something will happen before a specific time in the future.",LET Secondary,General Education,Cannot Determine,No,,Ready for Upload,PDF explicitly labels this set as Secondary; explanations follow each question page. Correct answer matched from the explanation page.
1392,28,05. GEN ED WITH EXPLANATION (SECONDARY).pdf,Let us campaign for the total ban____of harmful insecticides.,on the use,with the use,on using,with using,,A,ONTHE USE The phrase “on the use” must be coupled with “of” in order to be grammatically correct.,LET Secondary,General Education,Cannot Determine,No,,Ready for Upload,PDF explicitly labels this set as Secondary; explanations follow each question page. Correct answer matched from the explanation page.
1393,30,05. GEN ED WITH EXPLANATION (SECONDARY).pdf,"""She is a vision of feminine pulchritude"". The underlined word means",homeliness,loveliness,plain,ugliness,,B,"LOVELINESS Pulchritude means physical beauty;comeliness, especially a woman's beauty.",LET Secondary,General Education,Cannot Determine,No,,Ready for Upload,PDF explicitly labels this set as Secondary; explanations follow each question page. Correct answer matched from the explanation page.
1394,32,05. GEN ED WITH EXPLANATION (SECONDARY).pdf,"""If you want the moon it will get it for you"" is an example of",hyperbole,synecdoche,irony,personification,,A,"HYPERBOLE A hyperbole is an extreme exaggeration used to make a point. It is like the opposite of “understatement.” It is from a Greek word meaning“excess.” Getting the moon is truthfully impossible and exaggerated. A synecdoche is a figure of speech in which a term for a part of something refers to the whole of something,or vice versa. Irony is the expression of one's meaning by using language that normally signifies the opposite, typically for humorous or emphatic effect.",LET Secondary,General Education,Cannot Determine,No,,Ready for Upload,PDF explicitly labels this set as Secondary; explanations follow each question page. Correct answer matched from the explanation page.
1395,34,05. GEN ED WITH EXPLANATION (SECONDARY).pdf,"""We listened to a loquacious speaker.""The underlined word means",quiet,simple,verbose,lousy,,C,VERBOSE Loquacious means tending to talk a great deal; talkative. Verbose is characterized by the use of many or too many words;wordy.,LET Secondary,General Education,Cannot Determine,No,,Ready for Upload,PDF explicitly labels this set as Secondary; explanations follow each question page. Correct answer matched from the explanation page.
1396,36,05. GEN ED WITH EXPLANATION (SECONDARY).pdf,"What emotion or feeling is expressed in the following lines? To be,or not to be,that is the question whether 'tis nobler in the mind to suffer the slings and arrows of outrageous Fortune,or to take arms against a Sea ofTroubles,and by opposing end them?",sadness,anger,joy,indecision,,D,"INDECISION “To be or not to be…” implies indecision or the doubt concerning two or more possible alternatives or courses of action; ""To be, or not to be..."" is the opening phrase of a soliloquy in the ""Nunnery Scene"" of William Shakespeare's play Hamlet.",LET Secondary,General Education,Cannot Determine,No,,Ready for Upload,PDF explicitly labels this set as Secondary; explanations follow each question page. Correct answer matched from the explanation page.
1397,38,05. GEN ED WITH EXPLANATION (SECONDARY).pdf,"How is 'mercy"" described in the following lines? The quality of mercy is not strained, it droppeth as the gentle rain from heaven Upon the place beneath;it is twice blest; It blesseth him that gives and him that takes.",Everybody deserves mercy.,Mercy is difficult to give.,Mercy drops as rain,Mercy is given only to few,,A,"EVERYBODY DESERVES MERCY “The quality of mercy is not strained…” The first line reveals the context of the poem. Mercy is not strained. In other words, it is not limited or constrained within a few people. It is likened to the rain by which everybody gets wet.",LET Secondary,General Education,Cannot Determine,No,,Ready for Upload,PDF explicitly labels this set as Secondary; explanations follow each question page. Correct answer matched from the explanation page.
1398,40,05. GEN ED WITH EXPLANATION (SECONDARY).pdf,"What figure of speech is the following: ""He is the black sheep of the family.""",metaphor,simile,hyperbole,alliteration,,A,"METAPHOR A metaphor is a figure of speech that identifies something as being the same as some unrelated thing for rhetorical effect, thus highlighting the similarities between the two.",LET Secondary,General Education,Cannot Determine,No,,Ready for Upload,PDF explicitly labels this set as Secondary; explanations follow each question page. Correct answer matched from the explanation page.
1399,42,05. GEN ED WITH EXPLANATION (SECONDARY).pdf,"""The princess is a phantom of delight"" is",simile,hyperbole,metaphor,irony,,C,"METAPHOR Metaphor is a figure of speech involving the comparison of one thing with another thing of a different kind, used to make a description more emphatic or vivid",LET Secondary,General Education,Cannot Determine,No,,Ready for Upload,PDF explicitly labels this set as Secondary; explanations follow each question page. Correct answer matched from the explanation page.
1400,44,05. GEN ED WITH EXPLANATION (SECONDARY).pdf,Poem which is usually composed of fourteen lines which follow specific patterns of rhyme is called,haiku,sonnet,elegy,free verse,,B,"SONNET A sonnet is composed of 14 lines,iambic pentameter. ""Haiku"" is a traditional form of Japanese poetry.Haiku poems consist of 3 lines.The first and last lines of a Haiku have 5 syllables and the middle line has 7 syllables.The lines rarely rhyme. An elegy is a sad poem, usually written to praise and express sorrow for someone who is dead. Free verse is an open form of poetry. It does not use consistent meter patterns,rhyme,or any other musical pattern.It thus tends to follow the rhythm of natural speech.",LET Secondary,General Education,Cannot Determine,No,,Ready for Upload,PDF explicitly labels this set as Secondary; explanations follow each question page. Correct answer matched from the explanation page.
1401,46,05. GEN ED WITH EXPLANATION (SECONDARY).pdf,"""...it droppeth as a gentle rain from heaven"" is what figure of speech?",personification,,metaphor S.simile,hyperbole,,C,"SIMILE A simile is a figure of speech that compares two things that are alike in some way. To help you identify a simile versus a metaphor, know that the words “like” or “as” are typically used in a simile.",LET Secondary,General Education,Cannot Determine,No,,Ready for Upload,"PDF explicitly labels this set as Secondary; explanations follow each question page. Explanation found, but answer letter could not be matched confidently. Correct answer matched against the explanation text in the PDF."
1402,48,05. GEN ED WITH EXPLANATION (SECONDARY).pdf,Haiku is traditional Japanese poem consisting of,three lines totaling 17 syllables with nature as topic,eight lines ending in rhyming couplet with death as topic,four lines that rhyme with love as topic,lines of poetry in free verse with ordinary things as topic,,A,"3 LINESWITH 17 SYLLABLES ""Haiku"" is a traditional form of Japanese poetry. Haiku poems consist of 3 lines.The first and last lines of a Haiku have 5 syllables and the middle line has 7 syllables.The lines rarely rhyme.",LET Secondary,General Education,Cannot Determine,No,,Ready for Upload,"PDF explicitly labels this set as Secondary; explanations follow each question page. Explanation found, but answer letter could not be matched confidently. Correct answer matched against the explanation text in the PDF."
1403,50,05. GEN ED WITH EXPLANATION (SECONDARY).pdf,Jose Rizal's novel which revealed the abuses of the Spanish government in the Philippines and the sufferings of the Filipinos.,Noli MeTangere,Mi UltimoAdios,La Solidaridad,La Independencia,,A,"NOLI METÁNGERE Noli Me Tángere is a novel written by José Rizal, one of the national heroes of the Philippines,during the colonization of the country by Spain to expose the inequities of the Spanish Catholic priests and the ruling government. La Solidaridad (The Solidarity) was an organization created in Spain on December 13,1888. La Independencia is the periodical organ of the Philippine Revolution against Spain. It was edited and founded by General Antonio Luna, Supreme Chief of theArmy under EmilioAguinaldo.",LET Secondary,General Education,Cannot Determine,No,,Ready for Upload,"PDF explicitly labels this set as Secondary; explanations follow each question page. Explanation found, but answer letter could not be matched confidently. Correct answer matched against the explanation text in the PDF."
1404,52,05. GEN ED WITH EXPLANATION (SECONDARY).pdf,"Ang mga salitang teka,san,tena,dali ay nagtataglay ng",pagkaltas,tono,metatesis,asimilasyon,,A,"PAGKAKALTAS O PAGKALTAS Pagkakaltas - sa pagbabagong ito,may nawawalang ponema sa loob ng salita Hal:Hintay ka -Tayka – teka Saan – san Tayo na – tena Ang pagkaltas ay isa sa mga paraan sa pagbabagong morpoponemiko. 1. Pagkaltas 2. Asimilasyon – pagkaltas at pagpapalit 3. Pagpapalit ng Ponema – pagpapalit 4. Metatesis – pagbabago yinari= niyari 5. Paglilipat-diin – pagpapalit ng diin mula sa isang pantig",LET Secondary,General Education,Cannot Determine,No,,Ready for Upload,PDF explicitly labels this set as Secondary; explanations follow each question page. Correct answer matched from the explanation page.
1405,54,05. GEN ED WITH EXPLANATION (SECONDARY).pdf,Tumutukoy ito sa taas-baba ng bigkas ng pantig ng isang salita upang maging mabisa ang pakikipag-usap.,Diin,Antala,Tono,Segmental,,C,"TONO TONO ay ang taas-baba na iniuukol sa pagkabigkas ng pantig ng isang salita upang higit na maging mabisa ang pakikipag-usap natin sa ating kapwa. Ang pagsasalita ay tulad ng musika na may tono,may bahaging mababa,katamtaman,mataas na mataas na tono. HABA ay tumutukoy sa haba ng pagbigkas na iniuukol ng nagsasalita sa patinig na salita. DIIN ay tumutukoy sa lakas ng bigkas sa pantig ng salita. ANTALA ay ang saglit na pagtigil ng sa ating pagsasalita upang higit na maging malinaw ang mensaheng ibig nating ipabatid sa ating kausap.",LET Secondary,General Education,Cannot Determine,No,,Ready for Upload,PDF explicitly labels this set as Secondary; explanations follow each question page. Correct answer matched from the explanation page.
1406,56,05. GEN ED WITH EXPLANATION (SECONDARY).pdf,"Ang mga salitang tanaw,aliw,kamay,reyna ay mga halimbawa ng",diptonggo,pares minimal,klaster,ponema,,A,"DIPTONGGO Diptonggo – alinmang patinig na sinusundan ng malapitinig na /y/ o /w/ sa loob ng isang pantig. Ang mga diptonggo sa Filipino ay iw,iy,ey,oy,at uy. Klaster o Kambal Katinig – magkakabit na dalawang magkaibang katinig sa isang patinig. Ang klaster ay maaaring matagpuan sa unahan o inisyal,at sa hulihan o pinal na pusisyon ng salita. prito Pares Minimal - ang pares na salita na magkaiba ng kahulugan ngunit magkatulad na magkatulad sa bigkas maliban sa isang ponema sa magkatulad na pusisyon ay tinatawag na pares minimal. Ito ay ginagamit upang ipakita ang pagkokontrast ng dalawang ponema sa magkatulad na kaligiran.",LET Secondary,General Education,Cannot Determine,No,,Ready for Upload,PDF explicitly labels this set as Secondary; explanations follow each question page. Correct answer matched from the explanation page.
1407,58,05. GEN ED WITH EXPLANATION (SECONDARY).pdf,"Uri ng pangatnig na ginagamit sa pagpili, pagbubukod at pagtatangi ay",pamukod,panapos,paninsay,panlinaw,,A,"PAMUKOD Pamukod.Ito ay ginagamit upang ihiwalay,itangi,o itakwil ang isa sa ilang bagay o isipan. Paninsay. Ito ay ginagamit sa pangungusap na ang dalawang isipan ay nagkakasalungatan. Panlinaw. Ito ay ginagamit upang dagdagan o susugan ang kalinawan ng mga nasabi na. Panapos.Nagsasaad ito ng wakas ng pagsasalita.",LET Secondary,General Education,Cannot Determine,No,,Ready for Upload,PDF explicitly labels this set as Secondary; explanations follow each question page. Correct answer matched from the explanation page.
1408,60,05. GEN ED WITH EXPLANATION (SECONDARY).pdf,Alinsa mga sumusunod ang nararapat sa komunikasyon na pasulat?,Pagkibit ng balikat,Maliksing mga mata,Lakas ng boses,Maayos na pagpapalugit,,D,MAAYOS NA PAGGAMIT NG PALUGIT Ang isang talata ay nagiging mabisa at maayos kapag ito ay 1. may wastong pasok at palugit; 2. nagtataglay ng mga salitang pasok at palugit; 3. nagtataglay ng mga salitang dapat mapasama roon at hindi sa iba pangdapat mapasama roon at hindi sa iba pang talata. Palugit = Margin,LET Secondary,General Education,Cannot Determine,No,,Ready for Upload,"PDF explicitly labels this set as Secondary; explanations follow each question page. Explanation found, but answer letter could not be matched confidently. Correct answer matched against the explanation text in the PDF."
1409,62,05. GEN ED WITH EXPLANATION (SECONDARY).pdf,Ang wikang nabuo mula sa pangunahing wika ng isang lalawigan na sinasalita sa ibanq bayan ng naturang lalawigan ay tinatawag na,ekolek,dayalek,etnolek,sosyalek,,B,DAYALEK Dayalek/ Dayalekto -pagkakaiba – iba o baryasyon sa loob ng isang particular na wika. -wikang sinasalita sa isang lalawigan Ekolek- wikang kadalasang sinasalita sa loob ng bahay Sosyolek -baryasyon ng wika batay sa katayuan sa lipunan ng nagsasalita o sa pangkat na kanyang kinabibilangan. -may kinalaman sa katayuang sosyo-ekonomiko ng nagsasalita Etnolek – nadedelop mula sa mga etnolinggwistikong pangkat,LET Secondary,General Education,Cannot Determine,No,,Ready for Upload,PDF explicitly labels this set as Secondary; explanations follow each question page. Correct answer matched from the explanation page.
1410,64,05. GEN ED WITH EXPLANATION (SECONDARY).pdf,Wikang nabuo mula sa pangunahing wika ng isang lugar o lalawigan na kadalasang sinasalita sa ibang bayan ng naturang lugar. A Ekolek,,Etnolek,Dayalek,Sosyalek,,C,DAYALEK Dayalek/ Dayalekto -pagkakaiba – iba o baryasyon sa loob ng isang particular na wika. -wikang sinasalita sa isang lalawigan Ekolek- wikang kadalasang sinasalita sa loob ng bahay Sosyolek -baryasyon ng wika batay sa katayuan sa lipunan ng nagsasalita o sa pangkat na kanyang kinabibilangan. -may kinalaman sa katayuang sosyo-ekonomiko ng nagsasalita Etnolek – nadedelop mula sa mga etnolinggwistikong pangkat,LET Secondary,General Education,Cannot Determine,No,,Ready for Upload,PDF explicitly labels this set as Secondary; explanations follow each question page. Correct answer matched from the explanation page.
1411,66,05. GEN ED WITH EXPLANATION (SECONDARY).pdf,Bantas na ginagamit sa pagitan ng panlalaping ika at tambilang.,Gitling,Kuwit,Panaklong,Tuldok,,A,GITLING Kapag ang panlaping ika- ay iniunlapi sa numero o tambilang.,LET Secondary,General Education,Cannot Determine,No,,Ready for Upload,PDF explicitly labels this set as Secondary; explanations follow each question page. Correct answer matched from the explanation page.
1412,68,05. GEN ED WITH EXPLANATION (SECONDARY).pdf,Ang pariralang nalaglag-nahulog ay nagpapakahulugan ng,magkahawig,magkasalungat,magkapares,idyoma,,C,MAGKAPARES Nalaglag at nahulog ay magkasingkahulugan.,LET Secondary,General Education,Cannot Determine,No,,Ready for Upload,PDF explicitly labels this set as Secondary; explanations follow each question page. Correct answer matched from the explanation page.
1413,70,05. GEN ED WITH EXPLANATION (SECONDARY).pdf,"Ano ang kahulugan ng ""Neneng is the apple of Daddy's eye?""",Paborito ni Daddy ang mansanas.,Mahal ni Daddy si Neneng.,Si Neneng ay tulad ng mansanas.,Tawag-pansin ang mansanas.,,B,MAHAL NI DADDY SI NENENG. “You are the apple of my eye” sa Ingles ay isinasalin bilang “Ikaw ang paborito ko”. Isa itong tayutay na nangangahulugang ang isang tao minamahal o paborito.,LET Secondary,General Education,Cannot Determine,No,,Ready for Upload,PDF explicitly labels this set as Secondary; explanations follow each question page. Correct answer matched from the explanation page.
1414,72,05. GEN ED WITH EXPLANATION (SECONDARY).pdf,"Uri ng pagsasaling-wika na tumutukoy sa mga disiplinang akademiko,agham,kalikasan at lipunan ay tinatawag na",pangkasaysayan,pangkultura,teknikal,pampanitikan,,C,"TEKNIKAL Teknikal kung tumutukoy sa mga disiplinang akademiko, agham, kalikasan at lipunan. Pangkasaysayan naman kung may kaugnayan sa kasaysayan at sa mga makabuluhang pangyayari. Pangkultura kung ito ay tumutukoy sa kultura at tradisyon. Pampanitikan naman kung may kinalaman sa panitikan, musika, at arts.",LET Secondary,General Education,Cannot Determine,No,,Ready for Upload,PDF explicitly labels this set as Secondary; explanations follow each question page. Correct answer matched from the explanation page.
1415,74,05. GEN ED WITH EXPLANATION (SECONDARY).pdf,"Sa pangungusap na ""Malakas ang boses mo"", ang salitang malakas ay isang",pang-uri,pangatnig,panghalip,pandiwa,,A,PANG-URI Pang-uri ang tawag sa mga salitang naglalarawan. Sa pangungusap na “Malakas ang boses mo.” inilalarawan ng malakas ang boses.,LET Secondary,General Education,Cannot Determine,No,,Ready for Upload,PDF explicitly labels this set as Secondary; explanations follow each question page. Correct answer matched from the explanation page.
1416,76,05. GEN ED WITH EXPLANATION (SECONDARY).pdf,Isang disenyo ng pananaliksik na nagsisiyasat sa pamamagitan ng palatanungan o pakikipanayam.,Sarbey,Case study,Feasibility study,Etnograpiya,,A,"SARBEY O SURVEY Ang survey ay ginagamit upang magsiyasat sa pamamagitan ng palatanungan (questionnaires) o pakikipanayam. Pag-aaral ng Kaso (Case Study) - ang paraang ito'y detalyadong pag-aaral tungkol sa isang tao o yunit sa loob ng sapat na panahon. Patakarang Pagsusuri (Feasibility Study) - Ginagamit na datos sa pag-aaral na ito ang mga kondisyong umiiral sa kasalukuyan. Ang etnograpiya ay ang makaagham na estratehiya ng pananaliksik na ginagamit sa larangan ng agham panlipunan, sa pag-aaral ng mga pangkat etniko, at iba pang mga kabuuang etniko, ang kanilang etnohenesis, kumposisyon, muling paglipat, mga katangian ng kabutihang panlipunan,pati na ang kanilang kalinangang materyal at espirituwal.",LET Secondary,General Education,Cannot Determine,No,,Ready for Upload,PDF explicitly labels this set as Secondary; explanations follow each question page. Correct answer matched from the explanation page.
1417,78,05. GEN ED WITH EXPLANATION (SECONDARY).pdf,Ang wastong kahulugan ng: The present problem is only a storm in a teacup.,bale-wala,buong puso,may galit,matagumpay,,A,BALEWALA “The present problem is only a storm in a teacup.” Ang mga salitang nakahiling na nasa Ingles ay isang idiomatikong pagpahayag na nangangahulugang balewala at ‘di dapat pagtuunan ng pansin.,LET Secondary,General Education,Cannot Determine,No,,Ready for Upload,PDF explicitly labels this set as Secondary; explanations follow each question page. Correct answer matched from the explanation page.
1418,80,05. GEN ED WITH EXPLANATION (SECONDARY).pdf,Sa anong bahagi ng pananaliksik matatagpuan ang mga lugar at babasahing mapagkukunan ng mga literature at pag-aaral.,Kabanata I,Kabanata lV,Kabanata II,KabanataV,,A,KABANATA II Ang kombensyunal na format ng isang pananliksik o research ay sumusunod sa pagkakasaayos: Kabanata I – introduction o panimula Kabanata II – review of related literature and studies Kabanata III – methodology Kabanata IV – results and discussion KabanataV – conclusion and recommendation,LET Secondary,General Education,Cannot Determine,No,,Ready for Upload,PDF explicitly labels this set as Secondary; explanations follow each question page. Correct answer matched from the explanation page.
1419,82,05. GEN ED WITH EXPLANATION (SECONDARY).pdf,"Isang uri ng pamahayagan na nag-uulat ng mga tunay na pangyayari batay sa pag-aaral, pananaliksik, o pakikipanayam at isinusulat sa paraang kawili-wili.",editoryal,pangulong tudling,lathalain,kumento,,C,"LATHALAIN Ang lathalain ay isang akdang naglalahad ng mga makatotohanang pangyayari batay sa karanasan, pagmamasid, pag-aaral, pananaliksik o pakikipanayam at sinusulat sa isang kawili- wiling pamamaraan. Ang editoryal o pangulong-tudling ang pangunahing tudling ng kuru-kuro ng isang pahayagan. Kumakatawan ito sa sama-samang paninindigan ng patnugutan ng pahayagan kaya sinasabing kaluluwa ito ng publikasyon. Layunin nito sa pagbibigay ng kuru-kuro ang magpabatid, magpakahulugan, magbigay-puna, magbigay- puri,manlibang at magpahalaga sa natatanging araw. Ang kumento naman ay ang reaksyon o tugon at opinyon ng manunulat sa isang tanong o makabuluhang pangyayari sa isang lathalain.",LET Secondary,General Education,Cannot Determine,No,,Ready for Upload,PDF explicitly labels this set as Secondary; explanations follow each question page. Correct answer matched from the explanation page.
1420,84,05. GEN ED WITH EXPLANATION (SECONDARY).pdf,Uri ng pagsulat na ang pokus ay ang imahinasyon ng manunulat;pukawin ang damdamin,malikhain,jornalistik,teknikal,academiko,,A,"MALIKHAIN Ang malikhaing pagsulat ay ang pagsulat na ang pokus ay ang imahinasyon ng manunulat. Teknikal naman kapag tumutukoy sa sa mga disiplinang akademiko,agham,kalikasan at lipunan. Akademiko kapag nakapokus ang pagsulat sa mga lathalaing kaugnay sa akademiks o asignatura. Jornalistik kapag ang pagsulat ay nakalaan sa mga makabuluhang pangyayari o entries sa pang araw- araw.",LET Secondary,General Education,Cannot Determine,No,,Ready for Upload,PDF explicitly labels this set as Secondary; explanations follow each question page. Correct answer matched from the explanation page.
1421,88,05. GEN ED WITH EXPLANATION (SECONDARY).pdf,Nakikipag-away ka sa speaker. Ito ay pakikinig na,pasibo,masusi,may lugod,kombatib,,D,KOMBATIB Kombatib o combative conversation kapag nakikipagtagisan ka sa tagapagsalita o nakikipag- away ka sa speaker Pasibo o passive listening ay ang pakikinig na walang anumang tugon o reaksyon na manggagaling mula sa tagapakinig. May lugod o with delight kapag kasiyasiya at kawiliwili ang tugon ng tagapakinig. Masusi o metikuloso naman kapag tumutukoy sa paghihimay-himay sa impormasyong natanggap.,LET Secondary,General Education,Cannot Determine,No,,Ready for Upload,PDF explicitly labels this set as Secondary; explanations follow each question page. Correct answer matched from the explanation page.
1422,90,05. GEN ED WITH EXPLANATION (SECONDARY).pdf,Ito ang rutang dinaraanan ng mensahe ng tagapagsalita.,Konteksto,Tsanel,Participant,Pidbak,,B,TSANEL O CHANNEL Tsanel ay ang ruta o daanan ng mensahe mula sa speaker o tagapagsalita patungo sa tagatanggap o receiver-listener. Konteksto o context ay ang setting ng mensahe o makabuluhang paksa sa kabuuan. Pidbak o feedback ay ang tugon . Partisipant ay ang mga taong kasali sa pag-uusap o conversation.,LET Secondary,General Education,Cannot Determine,No,,Ready for Upload,PDF explicitly labels this set as Secondary; explanations follow each question page. Correct answer matched from the explanation page.
1423,92,05. GEN ED WITH EXPLANATION (SECONDARY).pdf,"Regala Company manufactures beds;in its catalogue, a double bed is priced at P5.000.00 less a discount of 20%. What will Rizza have to pay for the bed she ordered?","P4,150.00",P4.100.00,"P4,200.00",P4.000.00,,D,"4,000 Discounted Price = Original price - (Original price x rate) D.P.= 5000 - (5000 x .20) 5000- 1000 DP = 4000",LET Secondary,General Education,Cannot Determine,No,,Ready for Upload,"PDF explicitly labels this set as Secondary; explanations follow each question page. Explanation found, but answer letter could not be matched confidently. Correct answer matched against the explanation text in the PDF."
1424,94,05. GEN ED WITH EXPLANATION (SECONDARY).pdf,"Clara Ramos works as a sales clerk.She is paid a salary of P3,000.00 a week plus 2% commission on sales over P4.000.00. Find her gross pay for a week in which her sales amounts to P9.500.00",P3.500.00,P3.250.00,"P3,110.00",P3.210.00,,,"3,110 Her sales over 4000 is 9500 – 4000 = 5,500 So,Clara’s salary for the week: Clara’s basic salary + (sales over 4000 x .02) = 3000 + (5,500 x 0.02) = 3110",LET Secondary,General Education,Cannot Determine,No,,Needs Answer,"PDF explicitly labels this set as Secondary; explanations follow each question page. Explanation found, but answer letter could not be matched confidently."
1425,96,05. GEN ED WITH EXPLANATION (SECONDARY).pdf,A Toyota car travelling at a rate of 70km. per hour leaves the house 2 hours after a Kia car has left and overtakes it in 5 hours at what rate was the Kia car travelling?,40 kilometers per hour,30 kilometers per hour,50 kilometers per hour,20 kilometers per hour,,C,"50 KM/HR To solve for this we have to realize that the distance when the overtaking occurred is the same for both cars. We now have to find the time it took for each car to arrive at the same distance then apply to the formula: Rate = distance / time Toyota’s total time to overtake Kia is 5 hours. Its rate is 70 km/h. So by the time Toyota overtook Kia,the distance for both car is d = Rt,d=70(5) = 350 km And,Kia’s total time is 7 hours.Thus,Kia’s rate is R=d/t,R=350/7 = 50 km/hr.",LET Secondary,General Education,Cannot Determine,No,,Ready for Upload,"PDF explicitly labels this set as Secondary; explanations follow each question page. Explanation found, but answer letter could not be matched confidently. Correct answer matched against the explanation text in the PDF."
1426,98,05. GEN ED WITH EXPLANATION (SECONDARY).pdf,How many prime numbers are there between 1 and 100?,24,23,22,25,,D,"25 PRIME NUMBERS They are 2,3,5,7,11,13,17,19,23,29,31,37, 41, 43, 47, 53, 59, 61, 67, 71, 73, 79, 83, and 89.",LET Secondary,General Education,Cannot Determine,No,,Ready for Upload,PDF explicitly labels this set as Secondary; explanations follow each question page. Correct answer matched from the explanation page.
1427,100,05. GEN ED WITH EXPLANATION (SECONDARY).pdf,What number must be subtracted from both numerator and denominator of the fraction 11/23 to give a fraction whose value is 2/5?,4,2,5,3,,,"The easiest and the most convenient way to do this is to try the choices. If we try from letters a to d,we get the answers respectively: a.7/19 b.9/21 or 3/7 c.6/18 or 1/3 d.8/20 or 2/5",LET Secondary,General Education,Cannot Determine,No,,Needs Answer,"PDF explicitly labels this set as Secondary; explanations follow each question page. Explanation found, but answer letter could not be matched confidently."
1428,102,05. GEN ED WITH EXPLANATION (SECONDARY).pdf,` 51.The halfway between 3/7 and 4/7 is,1/2,1/8,1/4,1/3,,A,"1/2 Halfway means average,thus we get (3/7 + 4/7) ÷ 2 = 1/2",LET Secondary,General Education,Cannot Determine,No,,Ready for Upload,PDF explicitly labels this set as Secondary; explanations follow each question page. Correct answer matched from the explanation page.
1429,104,05. GEN ED WITH EXPLANATION (SECONDARY).pdf,"A recipe calls for 2 cups of milk for every 7 cups of flour. A chef will use 28 cups of flour,how many cups of milk must he have?",12,10,14,8,,,"By ratio and proportion, 2 cups milk :7 cups flour = x milk :28 cups flour We get, 28 (2) = 7x 8 = x",LET Secondary,General Education,Cannot Determine,No,,Needs Answer,"PDF explicitly labels this set as Secondary; explanations follow each question page. Explanation found, but answer letter could not be matched confidently."
1430,106,05. GEN ED WITH EXPLANATION (SECONDARY).pdf,"If Karl has an average of 76% on his first two tests and has an average of 85% on the next four tests, what is his final average on all six tests?",82.5%,80.5%,81.3%,82.0%,,A,"82% To solve for this we simply convert the true value of the two averages,add them then divide by 6. As for 76%,76x2 = 152 As for 85%,85x4 = 340 We get, (152 + 340) ÷ 6 =82",LET Secondary,General Education,Cannot Determine,No,,Ready for Upload,PDF explicitly labels this set as Secondary; explanations follow each question page. Correct answer matched from the explanation page.
1431,108,05. GEN ED WITH EXPLANATION (SECONDARY).pdf,"A room is 30ft long, 25ft wide and 14ft high. If 42 balloons are inside the room, how many cubic feet of space does this allow for each balloon?",11,12,12.5,11.9,,,"250 CUBIC FEET To solve for this we will get the volume of the room first,then divide for 42 balloons. Volume of room = LWH V=30x25x14 = 10,500 cub.ft. 10500 ÷ 42 balloons = 250 cub.ft.of space per balloon",LET Secondary,General Education,Cannot Determine,No,,Needs Answer,"PDF explicitly labels this set as Secondary; explanations follow each question page. Explanation found, but answer letter could not be matched confidently."
1432,110,05. GEN ED WITH EXPLANATION (SECONDARY).pdf,What percent of 75 is 15?,30%,40%,20%,38%,,C,20% (15/75) x 100% = 20%,LET Secondary,General Education,Cannot Determine,No,,Ready for Upload,PDF explicitly labels this set as Secondary; explanations follow each question page. Correct answer matched from the explanation page. Duplicate or near-duplicate of row 1019.
1433,112,05. GEN ED WITH EXPLANATION (SECONDARY).pdf,All right angles are,parallel,oblique,supplementary,equal,,D,EQUAL All right angles have 90 degrees measurement. Therefore all right angles are equal.,LET Secondary,General Education,Cannot Determine,No,,Ready for Upload,PDF explicitly labels this set as Secondary; explanations follow each question page. Correct answer matched from the explanation page.
1434,114,05. GEN ED WITH EXPLANATION (SECONDARY).pdf,The side opposite the right angle of a right triangle is the _______ and each of the other two sides is ______,"hypotenuse,leg","opposite,adjacent","leg,hypotenuse","adjacent,opposite",,A,"HYPOTENUSE,LEG The side opposite to the right triangle is the hypotenuse. The two other sides other than the hypotenuse are the legs.",LET Secondary,General Education,Cannot Determine,No,,Ready for Upload,PDF explicitly labels this set as Secondary; explanations follow each question page. Correct answer matched from the explanation page.
1435,116,05. GEN ED WITH EXPLANATION (SECONDARY).pdf,A 10 meter board leans against the wall. The foot of the board is 8 meters from the wall. How far up the wall does the board reach?,10 meters,4 meters,6 meters,8 meters,,A,10 meters 8 meters,LET Secondary,General Education,Cannot Determine,No,,Ready for Upload,PDF explicitly labels this set as Secondary; explanations follow each question page. Correct answer matched from the explanation page.
1436,118,05. GEN ED WITH EXPLANATION (SECONDARY).pdf,The sum of the sides of a polygon is the _______ of the polygon.,volume,area,legs,perimeter,,D,PERIMETER Perimeter is the sum of all sides in a polygon.,LET Secondary,General Education,Cannot Determine,No,,Ready for Upload,PDF explicitly labels this set as Secondary; explanations follow each question page. Correct answer matched from the explanation page.
1437,120,05. GEN ED WITH EXPLANATION (SECONDARY).pdf,"If two legs of one right triangle are equal respectively to two legs of another, the right triangles are",congruent,complementary,supplementary,adjacent,,A,CONGRUENT Congruent means having exactly equal in size and shape. Congruent sides or segments have the exact same length. Complementary refers to angles whose sum is 90°. Adjacent angles are two angles that have a common vertex and a common side. Supplementary refers to angles whose sum is 180°.,LET Secondary,General Education,Cannot Determine,No,,Ready for Upload,PDF explicitly labels this set as Secondary; explanations follow each question page. Correct answer matched from the explanation page.
1438,122,05. GEN ED WITH EXPLANATION (SECONDARY).pdf,"Find the least common multiple of 8, 6,3",24,48,72,96,,,"List all multiples of the numbers then find the least common among them. 8 = 8,16,24,… 6= 6,12,18,24,… 3 = 3,6,9,12,15,18,21,24,…",LET Secondary,General Education,Cannot Determine,No,,Needs Answer,"PDF explicitly labels this set as Secondary; explanations follow each question page. Explanation found, but answer letter could not be matched confidently."
1439,126,05. GEN ED WITH EXPLANATION (SECONDARY).pdf,The measure of an angle is 25 more than its supplement. What is the measure of the larger angle?,102.5 degrees,77.5 degrees,110.5 degrees,95.5 degrees,,A,"102.5 Supplementary angles are angles whose sum is 180.thus, Let X be the supplement Let X+25 be the larger angle 180 = x + (x + 25) 180 = 2x + 25 180 – 25 = 2x 155 =2x 77.5 = x;so the larger angle is 77.5 + 25 = 102.5",LET Secondary,General Education,Cannot Determine,No,,Ready for Upload,PDF explicitly labels this set as Secondary; explanations follow each question page. Correct answer matched from the explanation page.
1440,128,05. GEN ED WITH EXPLANATION (SECONDARY).pdf,"Find the least common multiple of 5, 2,7",140,35,15,70,,C,"5 = 5,10,15,20,25,30,…70 2 = 2,4,6,8,10,12,…,70 7 = 7,14,21,28,35,42,49,56,63,70",LET Secondary,General Education,Cannot Determine,No,,Ready for Upload,PDF explicitly labels this set as Secondary; explanations follow each question page. Correct answer matched from the explanation page.
1441,130,05. GEN ED WITH EXPLANATION (SECONDARY).pdf,Simply:(3x - 9) / (x2 - 9),3 / (x + 3),3 / (9 - 3),(x + 3) / 3,(x - 3) / 3,,A,3/(X+3) •,LET Secondary,General Education,Cannot Determine,No,,Ready for Upload,PDF explicitly labels this set as Secondary; explanations follow each question page. Correct answer matched from the explanation page.
1442,132,05. GEN ED WITH EXPLANATION (SECONDARY).pdf,Simplify: (8x - 24) / (2x2-X-15),(x - 4) / (x + 4),4 / (x -13),8 / (2x + 5),5 / (2x - 5),,C,8/(2X+5) •,LET Secondary,General Education,Cannot Determine,No,,Ready for Upload,PDF explicitly labels this set as Secondary; explanations follow each question page. Correct answer matched from the explanation page.
1443,134,05. GEN ED WITH EXPLANATION (SECONDARY).pdf,"The grades in Mathematics of the students in section A are as follows: 80,75, 60, 95, 100.What is the range of their group?",80 - 95,60-100,60 - 95,70 - 1OO,,B,60-100 Range is the difference between the lowest value and the highest value in a given set.,LET Secondary,General Education,Cannot Determine,No,,Ready for Upload,PDF explicitly labels this set as Secondary; explanations follow each question page. Correct answer matched from the explanation page.
1444,136,05. GEN ED WITH EXPLANATION (SECONDARY).pdf,Which among the measures of central tendency is not influenced by outliers?,Mean,Weighted Mean,Median,Mode,,C,"MEDIAN Advantage of the median: The median is less affected by outliers and skewed data than the mean, and is usually the preferred measure of central tendency when the distribution is not symmetrical. Weighted arithmetic mean is similar to an ordinary arithmetic mean, except that instead of each of the data points contributing equally to the final average, some data points contribute more than others.",LET Secondary,General Education,Cannot Determine,No,,Ready for Upload,PDF explicitly labels this set as Secondary; explanations follow each question page. Correct answer matched from the explanation page.
1445,138,05. GEN ED WITH EXPLANATION (SECONDARY).pdf,What measure of central tendency can best describe the size of T-shirts commonly worn by teenagers?,mode,meanD.median,range,,,A,"MODE The mode is the value that appears most often in a set of data. The mean is the average of the numbers:a calculated ""central"" value of a set of numbers. The Range is the difference between the lowest and highest values. The median is also the number that is halfway into the set.To find the median,the data should first be arranged in order from least to greatest.",LET Secondary,General Education,Cannot Determine,No,,Ready for Upload,PDF explicitly labels this set as Secondary; explanations follow each question page. Correct answer matched from the explanation page.
1446,140,05. GEN ED WITH EXPLANATION (SECONDARY).pdf,"If a die is rolled, what is the probability of getting a number divisible by 2?",1/2 C 1/3,1/6,,1/4,,A,"1/2 A dies has 6 faces with 2, 4 and 6 as even faces (divisible by two). Thus, we get 3 even faces among 6 faces. The probability is 3/6 or 1/2",LET Secondary,General Education,Cannot Determine,No,,Ready for Upload,PDF explicitly labels this set as Secondary; explanations follow each question page. Correct answer matched from the explanation page.
1447,142,05. GEN ED WITH EXPLANATION (SECONDARY).pdf,"In a Physics test, 9 students obtained the following scores: 80, 86, 78, 88, 90, 82, 76, 84, 92.What is the median score?",84,82,86,88,,,"Arrange first the values from lowest to highest. Thus, 76,78,80,82,84 86,88,90,92. The middle most value is our median. The middlemost value in the set is 84.",LET Secondary,General Education,Cannot Determine,No,,Needs Answer,"PDF explicitly labels this set as Secondary; explanations follow each question page. Explanation found, but answer letter could not be matched confidently."
1448,144,05. GEN ED WITH EXPLANATION (SECONDARY).pdf,"What is the pressure exerting on the plasma membrane against the cell wall of bacteria, fungi and plant cells?",osmotic pressure,wall pressure,turgor pressure,plasma pressure,,C,"TURGOR PRESSURE Turgor pressure pushes the plasma membrane against the cell wall of plant, bacteria, and fungi cells as well as those protist cells which have cell walls. Osmotic pressure is the minimum pressure which needs to be applied to a solution to prevent the inward flow of water across a semi-permeable membrane. It is also defined as the measure of the tendency of a solution to take in water by osmosis. There are no such things as wall pressure and plasma pressure.",LET Secondary,General Education,Cannot Determine,No,,Ready for Upload,PDF explicitly labels this set as Secondary; explanations follow each question page. Correct answer matched from the explanation page.
1449,146,05. GEN ED WITH EXPLANATION (SECONDARY).pdf,Which organism is an example of a fungus?,Algae,Yeast,Euglenoids,Entamoeba,,B,"YEAST Yeast is the only unicellular fungus in the Kingdom Fungi. Algae, Euglenoids and Entamoeba belong to Kingdom Protista. They are all unicellular eukaryotes.",LET Secondary,General Education,Cannot Determine,No,,Ready for Upload,PDF explicitly labels this set as Secondary; explanations follow each question page. Correct answer matched from the explanation page.
1450,148,05. GEN ED WITH EXPLANATION (SECONDARY).pdf,Which of the following is an example of a useful function for bacteria?,can clean up an oil spill by digesting hydrocarbons,may be used as vectors to introduce proteins,can synthesize new forms of heavy metals,may be pathogenic and cause human disease,,A,"CAN CLEAN UPAN OIL SPILL BY DIGESTING HYDROCARBONS That techniques is known as Bioremediation. Bioremediation is a waste management technique that involves the use of organisms to remove or neutralize pollutants from a contaminated site. In other words, bioremediation is a “treatment that uses naturally occurring organisms like bacteria to break down hazardous substances into less toxic or non toxic substances”.",LET Secondary,General Education,Cannot Determine,No,,Ready for Upload,PDF explicitly labels this set as Secondary; explanations follow each question page. Correct answer matched from the explanation page.
1451,150,05. GEN ED WITH EXPLANATION (SECONDARY).pdf,Which protist can cause dysentery?,Gorilla beringei,Plasmodium vivax,Streptococcus,Entamoeba histolytica,,D,"ENTAMOEBA HYSTOLYTICA Entamoeba histolytica is a protozoan parasite responsible for a disease called amoebiasis or amoebic dysentery. Gorilla beringei is the scientific name of Mountain Gorilla. Plasmodium vivax is a protozoal parasite that causes malaria. Streptococcus is a genus of coccus gram-positive bacteria belonging to the phylum Firmicutes and the order Lactobacillales.Some cause diseases,some will not.",LET Secondary,General Education,Cannot Determine,No,,Ready for Upload,"PDF explicitly labels this set as Secondary; explanations follow each question page. Explanation found, but answer letter could not be matched confidently. Correct answer matched against the explanation text in the PDF."
1452,152,05. GEN ED WITH EXPLANATION (SECONDARY).pdf,Which organism is classified under Kingdom Fungi?,Red algae,Microsporidia,Diatoms,Streptococcus,,B,"MICROSPORIDIA The Microsporidia constitute a group of spore- forming unicellular parasites. They were once considered protozoans or protists, but are now known to be fungi. Red algae and diatoms belong to Kingdom Protista. Streptococcus belong to Kingdom Monera.",LET Secondary,General Education,Cannot Determine,No,,Ready for Upload,PDF explicitly labels this set as Secondary; explanations follow each question page. Correct answer matched from the explanation page.
1453,154,05. GEN ED WITH EXPLANATION (SECONDARY).pdf,Humans reproduce when an ovum is combined with a sperm leading to the development of an embryo.This form of reproduction is called,Asexual reproduction,Fertilization,Budding,Binary fission,,B,"FERTILIZATION Fertilization involves the union of gametes or sex cells. Whereas, asexual reproduction does not involve sex cells. Examples of asexual reproduction are budding in yeast and binary fission in bacteria.",LET Secondary,General Education,Cannot Determine,No,,Ready for Upload,PDF explicitly labels this set as Secondary; explanations follow each question page. Correct answer matched from the explanation page.
1454,156,05. GEN ED WITH EXPLANATION (SECONDARY).pdf,The waste product of photosynthesis is,carbon monoxide,nitrogen,carbon dioxide,oxygen,,D,"OXYGEN The process of photosynthesis requires Carbon dioxide and Water as raw materials, and expels Oxygen gas as waste and produces Sugar as the main product.",LET Secondary,General Education,Cannot Determine,No,,Ready for Upload,PDF explicitly labels this set as Secondary; explanations follow each question page. Correct answer matched from the explanation page.
1455,158,05. GEN ED WITH EXPLANATION (SECONDARY).pdf,"A hypothetical ecosystem contains lettuce(the producer),a caterpillar(the primary consumer),a small passerine bird(the secondary consumer) and a lion(the tertiary consumer).A gardener arrives and sprays pesticide,killing all the caterpillars. What can happen to the ecosystem?",The passerine birds will thrive.,The Lions will eventually die.,The passerine birds will convert to herbivores.,The lettuce will wilt and die.,,B,"LION Any point in the food chain when cut will affect the subsequent organisms depending on the relative role of that organism taken away from the chain. Thus, in such a case, eventually the lion which is the topmost predator will be affected as its prey (bird) will dwindle in number for lack of food (caterpillar).",LET Secondary,General Education,Cannot Determine,No,,Ready for Upload,"PDF explicitly labels this set as Secondary; explanations follow each question page. Explanation found, but answer letter could not be matched confidently. Correct answer matched against the explanation text in the PDF."
1456,160,05. GEN ED WITH EXPLANATION (SECONDARY).pdf,What is the molecule that allows plants to capture energy from sunlight?,Oxygen,Carbohydrates,ATP,Chlorophyll,,D,CHLOROPHYLL Chlorophyll is the green pigment in photosynthetic organisms that capture light and convert it to chemical energy in food.,LET Secondary,General Education,Cannot Determine,No,,Ready for Upload,PDF explicitly labels this set as Secondary; explanations follow each question page. Correct answer matched from the explanation page.
1457,162,05. GEN ED WITH EXPLANATION (SECONDARY).pdf,"A human arm, a bat's wing and a seal's flipper are examples of",Analogous organs,Homologous organs,Embryonic organs,Vestigial organs,,B,"HOMOLOGOUS STRUCTURES Homologous organs are those body parts of different organisms derived from a common ancestor.In this case,all animals presented are of mammalian origin. Analogous organs are those organs of different organisms appearing similar physically, but these organisms are of different ancestors. Vestigial organs are organs inherited from a common ancestor but serve no function in its present condition. Embryonic organs are organs present at the early stage of development of an organism.",LET Secondary,General Education,Cannot Determine,No,,Ready for Upload,"PDF explicitly labels this set as Secondary; explanations follow each question page. Explanation found, but answer letter could not be matched confidently. Correct answer matched against the explanation text in the PDF."
1458,164,05. GEN ED WITH EXPLANATION (SECONDARY).pdf,An important endocrine gland that is shaped like a bow-tie and located in the neck is called,pituitary gland,parathyroid gland,adrenal gland,thyroid gland,,D,"THYROID GLAND Thyroid gland is a large ductless gland in the neck that secretes hormones (thyroxine) regulating growth and development through the rate of metabolism. The parathyroid glands are four tiny glands, located in the neck just behind the thyroid gland,that control the body's calcium levels. The adrenal glands are endocrine glands that produce a variety of hormones including adrenaline and the steroids.",LET Secondary,General Education,Cannot Determine,No,,Ready for Upload,PDF explicitly labels this set as Secondary; explanations follow each question page. Correct answer matched from the explanation page.
1459,166,05. GEN ED WITH EXPLANATION (SECONDARY).pdf,Which of the following is an organism that feeds on necrotic and decaying matter?,Vulture,Parakeet,Algae,Yeast,,A,VULTURE Vultures are categorically scavengers.They feed on left- over food from a hunt or decaying bodies of animals. Yeast are typically fermenters. Algae may be photosynthetic or autotrophic. Parakeet or parrot is an herbivore.,LET Secondary,General Education,Cannot Determine,No,,Ready for Upload,PDF explicitly labels this set as Secondary; explanations follow each question page. Correct answer matched from the explanation page.
1460,168,05. GEN ED WITH EXPLANATION (SECONDARY).pdf,The asexual reproduction which occurs when a new organism develops from an outgrowth is called,fission,fertilization,budding,grafting,,C,"BUDDING In budding, new organism develops from an outgrowth from a parental cell. Fission is simply equally dividing a cell from the equatorial plane producing 2 cells. Grafting is done by cutting a stem and inserting into a new plant.",LET Secondary,General Education,Cannot Determine,No,,Ready for Upload,PDF explicitly labels this set as Secondary; explanations follow each question page. Correct answer matched from the explanation page.
1461,170,05. GEN ED WITH EXPLANATION (SECONDARY).pdf,Predation is a relationship exemplified by,An orchid attached to the trunk of a Narra tree.,A hunter shooting a duck in the forest and having it for dinner.,A tapeworm living in the gastrointestinal tract of a toddler.,A clownfish living within a sea anemone.,,B,"HUNTER KILLSA DUCK FOR FOOD In this case, the hunter is the predator and the duck is the prey. Predation is a relationship where one eats (predator) the other organism (prey). LetterA is Commensalism. Letter C is Parasitism. Letter D is Mutualism.",LET Secondary,General Education,Cannot Determine,No,,Ready for Upload,"PDF explicitly labels this set as Secondary; explanations follow each question page. Explanation found, but answer letter could not be matched confidently. Correct answer matched against the explanation text in the PDF."
1462,172,05. GEN ED WITH EXPLANATION (SECONDARY).pdf,The molecules that contain an organism's genetic make-up is called,genetic membrane,nucleic acid,nucleolus,cytosol,,B,NUCLEICACID Nucleic acid is the compound that stores and transmits hereditary material.Examples of this are DNA and RNA. There is no such thing as genetic membrane. Cytosol is cytoplasm. Nucleolus is the spherical body inside the nucleus that creates the ribosomes.,LET Secondary,General Education,Cannot Determine,No,,Ready for Upload,PDF explicitly labels this set as Secondary; explanations follow each question page. Correct answer matched from the explanation page.
1463,174,05. GEN ED WITH EXPLANATION (SECONDARY).pdf,What is the process used by plants to convert the energy from sunlight into chemical energy?,Photosynthesis,Diffusion,Photochemical conversion,Cytolysis,,A,"PHOTOSYNTHESIS Photosynthesis involves the conversion of light energy into chemical energy. Diffusion is the spreading of molecules from an area of higher concentration to an area of lower concentration. Photochemical conversion is the conversion of light energy into chemical energy through the use of solar panels and a battery. Cytolysis is the bursting of a cell because of hypotonicity, or when a cell is exposed to a hypotonic environment.",LET Secondary,General Education,Cannot Determine,No,,Ready for Upload,PDF explicitly labels this set as Secondary; explanations follow each question page. Correct answer matched from the explanation page.
1464,176,05. GEN ED WITH EXPLANATION (SECONDARY).pdf,"What are the thin structures essential for cytokinesis, amoeboid movement and changes in cell shape?",nanofilaments,myosin filamentsD.pseudofilaments,microfilaments,,,C,"MICROFILAMENTS Microfilaments or actin filaments are the thinnest filaments of the cytoskeleton,a structure found in the cytoplasm of eukaryotic cells. Myosin filaments are thick filaments in a muscle tissue, acting in consonance with microfilaments. Nanofilaments are filaments made of carbon or carbon-based compounds used in electronic materials. No such thing as pseudofilaments.",LET Secondary,General Education,Cannot Determine,No,,Ready for Upload,PDF explicitly labels this set as Secondary; explanations follow each question page. Correct answer matched from the explanation page.
1465,178,05. GEN ED WITH EXPLANATION (SECONDARY).pdf,What are the small hair-like structures that serve a sensory function in eukaryotic cells?,Plasma membraneC.Actin filaments,Centromere,,Cilia,,D,"CILIA Cilia are hair-like structures on the surface of the cell which typically function for attachment,movement and feeding. Plasma membrane is the cell membrane. Actin is a contractile protein molecule present in muscles. Centromere is the point in the middle of the chromosomes to hold the two sister chromatids together during cell division.",LET Secondary,General Education,Cannot Determine,No,,Ready for Upload,PDF explicitly labels this set as Secondary; explanations follow each question page. Correct answer matched from the explanation page.
1466,180,05. GEN ED WITH EXPLANATION (SECONDARY).pdf,Who was the father of modern taxonomy and responsible for coining the term Homo sapiens for human?,Chatton,Aristotle,H.Copeland,Linnaeus,,D,"LINNAEUS The name Homo sapiens was applied in 1758 by the father of modern biological classification,Carolus Linnaeus. Édouard Chatton was a French biologist who first characterized the distinction between the eukaryotic and prokaryotic systems of cellular organization. Herbert Faulkner Copeland (1902–1968) was an American biologist who contributed to the theory of biological kingdoms.",LET Secondary,General Education,Cannot Determine,No,,Ready for Upload,PDF explicitly labels this set as Secondary; explanations follow each question page. Correct answer matched from the explanation page.
1467,182,05. GEN ED WITH EXPLANATION (SECONDARY).pdf,What is a possible consequence of eutrophication?,Water that is colourless and odor-free,Significantly diminished sea harvest by fishermen.,Decreased toxicity of bodies of water.,Less turbidity of water.,,B,"DIMINISHED HARVEST OF FISH Eutrophication is an indication of water pollution. It is when algae bloom and cover the surface of water coupled with decomposition of organic matter, thereby reducing photosynthesis of other organisms and oxygen concentration in water.",LET Secondary,General Education,Cannot Determine,No,,Ready for Upload,"PDF explicitly labels this set as Secondary; explanations follow each question page. Explanation found, but answer letter could not be matched confidently. Correct answer matched against the explanation text in the PDF."
1468,184,05. GEN ED WITH EXPLANATION (SECONDARY).pdf,What is the maximum number of electrons that can occupy a p-orbital?,6,10,18,14,,A,6 ELECTRONS The p-orbital can hold a maximum of 6 electrons. The s-orbital can hold 2. The d-orbital can hold 10. The f-orbital can hold 14.,LET Secondary,General Education,Cannot Determine,No,,Ready for Upload,PDF explicitly labels this set as Secondary; explanations follow each question page. Correct answer matched from the explanation page.
1469,186,05. GEN ED WITH EXPLANATION (SECONDARY).pdf,Which of the following statements is TRUE about a textbook laid on the table?,The textbook undergoes deceleration,The textbook undergoes acceleration,No force is acting on it,The sum of the forces acting upon it is zero,,D,"EQUILIBRIUM The sum of the forces acting upon it is zero. In other words, the forces (weight, normal force and friction) are in equilibrium. In such a case, the first law of motion applies. The object remains at rest unless acted upon by external force.",LET Secondary,General Education,Cannot Determine,No,,Ready for Upload,"PDF explicitly labels this set as Secondary; explanations follow each question page. Explanation found, but answer letter could not be matched confidently. Correct answer matched against the explanation text in the PDF."
1470,188,05. GEN ED WITH EXPLANATION (SECONDARY).pdf,"A population of rabbits live in a stable habitat, with no changes in the environment for a long time. How will genetic drift possibly affect this population?",It may decrease genetic variation.,It will promote the dominance of the rabbits with superior traits.,It will decrease the population of the rabbits.,It will stimulate the appearance of new traits.,,,"DECREASEDVARIATION Genetic drift (also known as allelic drift or the Sewall Wright effect after biologist Sewall Wright) is the change in the frequency of a gene variant (allele) in a population due to random sampling of organisms. When there are few copies of an allele, the effect of genetic drift is larger, and when there are many copies the effect is smaller. Genetic drift happens when a previously large population decreases in number because of some event, thereby decreasing the gene pool and variation available in such population.",LET Secondary,General Education,Cannot Determine,No,,Needs Answer,"PDF explicitly labels this set as Secondary; explanations follow each question page. Explanation found, but answer letter could not be matched confidently."
1471,190,05. GEN ED WITH EXPLANATION (SECONDARY).pdf,"Element X has an electron configuration of 1S2 2S2 2p2. Based on information,element X belongs to a/an family",Alkali metal,Inert gas,Halogen,Coinage,,,"CARBON FAMILY/GROUP Based on its electron configuration, 1S2 2S2 2p2, such element has a total of 6 electrons. We can safely assume it has the atomic number of 6. Element with such atomic number is Carbon.Carbon belongs to carbon family. Coinage elements end with“d” in its configuration. Alkali metals end with“s” Halogens end with“p5” Inert gases end with“p6” Carbon group ends with“p2”",LET Secondary,General Education,Cannot Determine,No,,Needs Answer,"PDF explicitly labels this set as Secondary; explanations follow each question page. Explanation found, but answer letter could not be matched confidently."
1472,192,05. GEN ED WITH EXPLANATION (SECONDARY).pdf,"Besides solid, liquid, and gas, what is the fourth form of matter?",Gel,Colloid,Plasma,Foam,,C,"PLASMA Plasma,the 4th state of matter,is superheated gas. The 5th state of matter is Bose-Einstein Condensates which are super cooled particles.",LET Secondary,General Education,Cannot Determine,No,,Ready for Upload,PDF explicitly labels this set as Secondary; explanations follow each question page. Correct answer matched from the explanation page.
1473,194,05. GEN ED WITH EXPLANATION (SECONDARY).pdf,Which of the following is the lowest rank of coal and is otherwise called brown coal?,Charcoal,Lignite,Anthracite,Bituminous,,B,"LIGNITE The kinds of coal, in increasing order of alteration, are lignite (brown coal--immature), sub- bituminous,bituminous,and anthracite (mature). Lignite is considered to be ""immature"" coal because it is still somewhat light in color and it remains soft. As this process of burial and alteration continues,more chemical and physical changes occur and a the coal is classified as bituminous.At this point the coal is dark and hard. Anthracite is the last of the classifications, when the coal has reached ultimate maturation. Anthracite coal is very hard and shiny.",LET Secondary,General Education,Cannot Determine,No,,Ready for Upload,PDF explicitly labels this set as Secondary; explanations follow each question page. Correct answer matched from the explanation page.
1474,196,05. GEN ED WITH EXPLANATION (SECONDARY).pdf,The feeding connections between all life forms are referred to as,nutrition cycles,food web,biochemical pathways,fossil cycle,,B,"FOODWEB Food web is composed of linked food chains, showing feeding relationships. Biochemical pathways is the cycle of matter in the environment.",LET Secondary,General Education,Cannot Determine,No,,Ready for Upload,PDF explicitly labels this set as Secondary; explanations follow each question page. Correct answer matched from the explanation page.
1475,198,05. GEN ED WITH EXPLANATION (SECONDARY).pdf,What diagnostic test allows microorganisms to multiply in a medium under controlled laboratory condition in order to determine the cause of an infectious disease?,Microbial culture,Chest x-ray,Complete blood count,Urinalysis,,A,MICROBIAL CULTURE Scientists and lab technicians allow microorganisms to multiply in a medium (Petri dish with Agar) under controlled laboratory condition in order to determine the cause of an infectious disease.,LET Secondary,General Education,Cannot Determine,No,,Ready for Upload,PDF explicitly labels this set as Secondary; explanations follow each question page. Correct answer matched from the explanation page.
1476,200,05. GEN ED WITH EXPLANATION (SECONDARY).pdf,"If carbohydrates are hydrophilic-organic compounds,lipids are _____ organic compounds.",biomolecules,hydrophobic,polypeptide,simple,,,"HYDOPHOBIC Hydrophobic or water-fearing compounds are those compounds that do not interact with water molecules.Examples are fat,oil and lipids.",LET Secondary,General Education,Cannot Determine,No,,Needs Answer,"PDF explicitly labels this set as Secondary; explanations follow each question page. Explanation found, but answer letter could not be matched confidently."
1477,202,05. GEN ED WITH EXPLANATION (SECONDARY).pdf,This isTRUE of recessive genes.,Will only have phenotypic expression if present as a homozygous genotype,Should be paired with a dominant gene for it to be expressed,Will prevent a dominant gene from expressing its phenotype,Have more superior phenotypic traits,,,"EXPRESSEDWHEN IN PAIR Recessive genes will only have phenotypic expression if present as a homozygous genotype. In other words, recessive traits are only expressed when two alleles (genes) are present in an individual.",LET Secondary,General Education,Cannot Determine,No,,Needs Answer,"PDF explicitly labels this set as Secondary; explanations follow each question page. Explanation found, but answer letter could not be matched confidently."
1478,204,05. GEN ED WITH EXPLANATION (SECONDARY).pdf,The bond in sodium fluoride is which of the following types of chemical bond?,halogens,alkali metals,rare earths,alkaline earth metals,,,"IONIC BOND Ionic bonds form when metals combine with non-metals. In this case, sodium is a metal and fluorine is a non-metal. The two combine to form sodium fluoride, an ionic compound.",LET Secondary,General Education,Cannot Determine,No,,Needs Answer,"PDF explicitly labels this set as Secondary; explanations follow each question page. Explanation found, but answer letter could not be matched confidently."
1479,206,05. GEN ED WITH EXPLANATION (SECONDARY).pdf,"You won the jackpot prize in the lottery.The prize money cannot be paid in currency but only in gold. Applying your knowledge in chemistry, select the largest amount of gold from the choices below.(Au = 197).",297 grams of gold,40.0 kilograms of gold,Avogadro's number of atoms gold,22.4 moles of gold,,B,"40 KG OFAU Mole is the amount of particles in a substance.Therefore,we must convert all the choices to mole simply by remembering the formula: Mole = given mass in grams ÷ atomic mass Respectively the number of moles of each choice is a. 203 moles b. 22.4 moles c. 1.5 moles d. Avogadro’s number is just equal to 1 mole",LET Secondary,General Education,Cannot Determine,No,,Ready for Upload,"PDF explicitly labels this set as Secondary; explanations follow each question page. Explanation found, but answer letter could not be matched confidently. Correct answer matched against the explanation text in the PDF."
1480,208,05. GEN ED WITH EXPLANATION (SECONDARY).pdf,"The Brundtland Commission defines it as: ""development that meets the needs of the present without compromising the ability of future generations to meet their own needs.""",Ecological development,Environmental development,Sustainable development,Uncompromising development,,C,"SUSTAINABLE DEVELOPMENT As proposed by Brundtland Commission,we,the present generation,must follow sustainable development. That being said, it means development that meets the needs of the present without compromising the ability of future generations to meet their own needs.",LET Secondary,General Education,Cannot Determine,No,,Ready for Upload,PDF explicitly labels this set as Secondary; explanations follow each question page. Correct answer matched from the explanation page.
1481,210,05. GEN ED WITH EXPLANATION (SECONDARY).pdf,Which 2 chemical factors cause decomposition?,Putrefaction and respiration,Death and cellular respiration,Autolysis and photosynthesis,Autolysis and putrefaction,,D,"AUTOLYSISAND PUTREFACTION Decomposition begins at the moment of death, caused by two factors: autolysis, the breaking down of tissues by the body's own internal chemicals and enzymes, and putrefaction,the breakdown of tissues by bacteria. These processes release gases that are the chief source of the unmistakably putrid odor of decaying animal tissue.",LET Secondary,General Education,Cannot Determine,No,,Ready for Upload,PDF explicitly labels this set as Secondary; explanations follow each question page. Correct answer matched from the explanation page.
1482,212,05. GEN ED WITH EXPLANATION (SECONDARY).pdf,An atom of silicon has a mass number of 28 and an atomic number of 14. How many protons are in this atom?,14,12,28,7,,,Atomic number is the number of protons in an tom. Atomic mass is the combined number of protons and neutrons in an atom.,LET Secondary,General Education,Cannot Determine,No,,Needs Answer,"PDF explicitly labels this set as Secondary; explanations follow each question page. Explanation found, but answer letter could not be matched confidently."
1483,214,05. GEN ED WITH EXPLANATION (SECONDARY).pdf,Bats are able to navigate in the dark without bumping into anything because they,are able to fluoresce in the dark,have supersonic eyesight,emit sound waves whose returning vibrations can detect the presence of objects,can disappear in the dark,,C,"ECHOLOCATION Bats emit sound waves whose returning vibrations can detect the presence of objects. In other words, they do not rely on eyesight but on the echo of sounds they emit.",LET Secondary,General Education,Cannot Determine,No,,Ready for Upload,"PDF explicitly labels this set as Secondary; explanations follow each question page. Explanation found, but answer letter could not be matched confidently. Correct answer matched against the explanation text in the PDF."
1484,216,05. GEN ED WITH EXPLANATION (SECONDARY).pdf,The protein shell of a virus is called,nucleolus,nucleic acid,nucleus,capsid,,D,CAPSID Capsid is the protein coat of a virus particle. It is the outermost part of a virus particle. Nucleolus is a sub-nuclear compartment which makes the ribosomes. NucleicAcid is what makes up the DNA.,LET Secondary,General Education,Cannot Determine,No,,Ready for Upload,PDF explicitly labels this set as Secondary; explanations follow each question page. Correct answer matched from the explanation page.
1485,218,05. GEN ED WITH EXPLANATION (SECONDARY).pdf,Alcohol is a class of organic compound characterized by,A halogen attached to an alkyl group,A carbonyl group bonded to two carbon atoms,A hydroxyl bonded to an alkyl group,A carbonyl attached to an ether linkage,,C,"HYDROXYL BONDEDTOANALKYL GROUP Alcohol, any of a class of organic compounds characterized by one or more hydroxyl (−OH) groups attached to a carbon atom of an alkyl group (hydrocarbon chain). Haloalkane is formed when a halogen is attached to an alkyl group. Ketone is a compound that contains a carbonyl group attached to two carbons. Ether is a molecule containing oxygen singly-bonded to two carbon atoms.",LET Secondary,General Education,Cannot Determine,No,,Ready for Upload,"PDF explicitly labels this set as Secondary; explanations follow each question page. Explanation found, but answer letter could not be matched confidently. Correct answer matched against the explanation text in the PDF."
1486,220,05. GEN ED WITH EXPLANATION (SECONDARY).pdf,"Participation in governance,including the right to vote and seek public office is secured within the citizenry's",Right to due process,Right of suffrage,Political rights,Socio-civic rights,,C,"POLITICAL RIGHTS Political rights are the constitutional right to vote and to seek public office. It also includes the right to be informed of government transactions in addition to suffrage. Right of suffrage (vote) is under Political Rights. Socio-civic rights include right to health,right to education, social security,housing,etc.",LET Secondary,General Education,Cannot Determine,No,,Ready for Upload,PDF explicitly labels this set as Secondary; explanations follow each question page. Correct answer matched from the explanation page.
1487,222,05. GEN ED WITH EXPLANATION (SECONDARY).pdf,The right to search for information is invoked through the,writ of habeas corpus,writ of certiorari,writ of habeas data,writ ofAmparo,,C,WRIT OF HABEAS DATA There are many writs issued by the judiciary. writ of habeas corpus – issued to a person to produce and bring to the court another person who is in his custody writ of habeas data – issued to produce whatever important information acquired by an individual from another person writ of certiorari – issued when a party to a case is aggrieved by the decision of a court or tribunal and wants that case to be reviewed by a higher court writ of Amparo – issued to a person whose life is in endangered and for protection against extra-judicial killings,LET Secondary,General Education,Cannot Determine,No,,Ready for Upload,PDF explicitly labels this set as Secondary; explanations follow each question page. Correct answer matched from the explanation page.
1488,224,05. GEN ED WITH EXPLANATION (SECONDARY).pdf,Which condition contradicts the social justice mandate in the 1987 Constitution?,Creation of economic opportunities for all,Sense of dependency among citizens,Elimination of cultural inequalities,Equitable distribution of wealth,,B,"SENSE OF DEPENDENCY Article 13, sec 2 of the Constitution states that “The promotion of social justice shall include commitment to create economic opportunities based on freedom of INITIATIVE and SELF-RELIANCE. Self dependency is different from initiative.The provision contemplates for an independent citizenry who are self- sufficient and resourceful.",LET Secondary,General Education,Cannot Determine,No,,Ready for Upload,PDF explicitly labels this set as Secondary; explanations follow each question page. Correct answer matched from the explanation page.
1489,226,05. GEN ED WITH EXPLANATION (SECONDARY).pdf,Which is the fundamental law of the Philippines?,The Philippine Constitution,The Civil and Criminal Codes,TheTen Commandments,The Bill of Rights,,A,"CONSTITUTION The basic and organic law of the land is the Constitution itself. From Malolos Constitution, 1935 Consti, 1973 Consti, and at present the 1987 Constitution, our country has already 4 duly constituted organic laws.",LET Secondary,General Education,Cannot Determine,No,,Ready for Upload,"PDF explicitly labels this set as Secondary; explanations follow each question page. Explanation found, but answer letter could not be matched confidently. Correct answer matched against the explanation text in the PDF."
1490,228,05. GEN ED WITH EXPLANATION (SECONDARY).pdf,"The fundamental right invoked by filing the ""writ of amparo"" is",The right to self-defense,The right to due process,"The right to life,liberty and security",The right to be defended by a public attorney,,B,"RIGHTTO LIFE,LIBERTYAND SECURITY The Writ of Amparo is invoked primarily for protection. Amparo The basic is by issuing the writ, the authorities are directed to protect the person invoking such writ from lawless elements who are, more often than not,government officials themselves.",LET Secondary,General Education,Cannot Determine,No,,Ready for Upload,"PDF explicitly labels this set as Secondary; explanations follow each question page. Explanation found, but answer letter could not be matched confidently. Correct answer copied from an exact duplicate question already answered in the extracted LET files."
1491,230,05. GEN ED WITH EXPLANATION (SECONDARY).pdf,The biggest of the seven continents of the world is,Asia,Australia,Africa,Europe,,A,"ASIA In terms of land mass,the biggest continent is Asia, then Africa, then North America, South America, Antarctica,Europe,the least isAustralia.",LET Secondary,General Education,Cannot Determine,No,,Ready for Upload,PDF explicitly labels this set as Secondary; explanations follow each question page. Correct answer matched from the explanation page.
1492,232,05. GEN ED WITH EXPLANATION (SECONDARY).pdf,"Which band played the Marcha Nacional Filipino or the national anthem on June 12,1998 during the declaration of Philippine Independence?",Malabon Band,Kawit Cavite Band,Pangkat Kawayan ng Pateros,San Francisco Del Monte Band,,A,"SAN FRANCISCO DE MALABON BAND The following day (June 12, 1898), the music band of San Francisco de Malabon played the Marcha for the first time during the unfurling of the Filipino flag at Kawit.",LET Secondary,General Education,Cannot Determine,No,,Ready for Upload,PDF explicitly labels this set as Secondary; explanations follow each question page. Correct answer matched from the explanation page.
1493,234,05. GEN ED WITH EXPLANATION (SECONDARY).pdf,"The province in the Philippines which was called ""Ma-i"" by the Chinese in the 14th century is",Ilocos,Mindoro,Cavite,Palawan,,B,"MINDORO Ma-i or Maidh was a sovereign polity that pre-dated the Hispanic establishment of the Philippines and notable for having established trade relations with the Kingdom of Brunei, and with Song and Ming Dynasty China. • For many years,scholars believed that this state was likely to have been on the island of Mindoro.But recent scholarship casts doubt on this theory, arguing that historical descriptions better match Bay,Laguna (whose name is pronounced Ba-i),which once ruled over a vast territory on the eastern coasts of Laguna de Bay. Another suggested location is Malolos,Bulacan.",LET Secondary,General Education,Cannot Determine,No,,Ready for Upload,PDF explicitly labels this set as Secondary; explanations follow each question page. Correct answer matched from the explanation page.
1494,236,05. GEN ED WITH EXPLANATION (SECONDARY).pdf,"Through the Galleon Trade (1565-1815), the Philippines had extended contacts with",Mexico,Spain,China,Spice Islands,,A,"MEXICO The Galleon Trade extended trade relationship between Acapulco, Mexico and the Philippines. Galleon is a big ship of Spanish origin for transportation and goods shipping.",LET Secondary,General Education,Cannot Determine,No,,Ready for Upload,PDF explicitly labels this set as Secondary; explanations follow each question page. Correct answer matched from the explanation page.
1495,238,05. GEN ED WITH EXPLANATION (SECONDARY).pdf,Which religious missionary order first arrived in the Philippines?,Augustinian,Jesuit,Dominican,Franciscan,,A,"AUGUSTINIANS In order,the religious missionaries who came to the Philippines are the: Augustinians 1565 Franciscans 1578 Jesuits 1581 Dominicans 1587",LET Secondary,General Education,Cannot Determine,No,,Ready for Upload,PDF explicitly labels this set as Secondary; explanations follow each question page. Correct answer matched from the explanation page.
1496,240,05. GEN ED WITH EXPLANATION (SECONDARY).pdf,Which law set a full free trade policy abolishing the quota limitations on-Philippine export to the United States?,Payne-AldrichAct,Underwood-SimmonsAct,BellTrade,Hare-Hawes CuttingAct,,B,UNDERWOOD-SIMMONSACT Underwood-SimmonsAct– taking away the limits/quota on import and export Payne-AldrichTariffAct - 1909 partial trade BellTrade – parity clause forAmericans here in the country The Hare–Hawes–Cutting Act was the first US law passed for the decolonization of the Philippines.It was the result of the OsRox Mission led by Sergio Osmeña and Manuel Roxas.,LET Secondary,General Education,Cannot Determine,No,,Ready for Upload,PDF explicitly labels this set as Secondary; explanations follow each question page. Correct answer matched from the explanation page.
1497,242,05. GEN ED WITH EXPLANATION (SECONDARY).pdf,"Which power of the state enables it to impose charge of burden upon persons, property or property rights for the use and support of the government in its discharge of appropriate functions?",Eminent Domain,Expropriation,Value addedTax,Taxation,,D,TAXATION Taxation is the power of the state to impose burden on property and property rights. Eminent Domain is the power of the state to appropriate private property for public use upon just compensation and with expropriation proceeding. Value-added tax is just an expansion of taxation on selected services and goods up to 10%.,LET Secondary,General Education,Cannot Determine,No,,Ready for Upload,PDF explicitly labels this set as Secondary; explanations follow each question page. Correct answer matched from the explanation page.
1498,244,05. GEN ED WITH EXPLANATION (SECONDARY).pdf,Which best describes the division of the Legislature into the Senate and the House of Representatives?,Unicameralism,Bipartisanship,Co-legislative powers,Bicameralism,,D,"BICAMERALISM It exists when there are two houses for one congress (HR and Senate). Unicameralism has only one house for congress. Co-legislative powers are powers of an entity (example: president) to pass laws,other than the congress. Bipartisanship exists when there are two political parties in a country (Democrats and Republican in the USA).",LET Secondary,General Education,Cannot Determine,No,,Ready for Upload,PDF explicitly labels this set as Secondary; explanations follow each question page. Correct answer matched from the explanation page.
1499,246,05. GEN ED WITH EXPLANATION (SECONDARY).pdf,What kind of cooperative system sells farmers' agricultural produce?,Service cooperative,Producers cooperative,Marketing cooperative,Multi-purpose cooperative,,,124.The economic policy that good action is one that helps the greatest number of people is called A.mercantilismC.capitalism B.colonialism D.utilitarianism,LET Secondary,General Education,Cannot Determine,No,,Needs Answer,"PDF explicitly labels this set as Secondary; explanations follow each question page. Explanation found, but answer letter could not be matched confidently."
1500,247,05. GEN ED WITH EXPLANATION (SECONDARY).pdf,The economic policy that good action is one that helps the greatest number of people is called,mercantilismC.capitalism,colonialism,,utilitarianism,,D,"UTILITARIANISM Utilitarianism is a theory holding that the best good action is the one that maximizes utility. Utility is defined in various ways, but is usually related to the well-being of sentient entities. Mercantilism was an economic theory and practice, dominant in Europe from the 16th to the 18th century,that promoted governmental regulation of a nation's economy for the purpose of augmenting state power at the expense of rival national powers. Colonialism is the establishment, exploitation, maintenance, acquisition, and expansion of colony in one territory by a political power from another territory. Capitalism is a social system based on the principle of individual rights, which results to free market.",LET Secondary,General Education,Cannot Determine,No,,Ready for Upload,PDF explicitly labels this set as Secondary; explanations follow each question page. Correct answer matched from the explanation page.
1501,249,05. GEN ED WITH EXPLANATION (SECONDARY).pdf,Which contradicts the Filipino family value of sacrifice?,Willingness to forgive,Delayed satisfaction of desires,Inability to forgive,Tolerance of pain and mistakes,,C,"INABILITYTO FORGIVE Sacrifice entails altruism, consequential pains, and especially amenability to forgiveness.",LET Secondary,General Education,Cannot Determine,No,,Ready for Upload,PDF explicitly labels this set as Secondary; explanations follow each question page. Correct answer matched from the explanation page.
1502,251,05. GEN ED WITH EXPLANATION (SECONDARY).pdf,The smallest unit of society is the,church,family,purok,government,,B,"FAMILY The Constitution itself recognizes the family as the basic unit of society. ARTICLE XV THE FAMILY Section 1. The State recognizes the Filipino family as the foundation of the nation. Accordingly,it shall strengthen its solidarity and actively promote its total development.",LET Secondary,General Education,Cannot Determine,No,,Ready for Upload,PDF explicitly labels this set as Secondary; explanations follow each question page. Correct answer matched from the explanation page.
1503,253,05. GEN ED WITH EXPLANATION (SECONDARY).pdf,"Is it correct to say that ""Bahala na"" is a Filipino negative trait?","Yes,it is tantamount to leaving one's fate to another.",It depends on the situation of the person saying it.,It depends on the intention of one's action.,"No,""Bahala na"" is an attitude of daring combined with genuine concern.",,B,"IT DEPENDS ONTHE SITUATION In its basic sense, Filipinos usually say “Bahala na” when they are unable to decide their next course of action or when they have no idea what will happen next. They say this phrase as if the outcome of his actions are up to fate or to whatever consequence it may bring, without carefully thinking of it. Thus, it is equivalent to lack of foresight,indecisiveness,negligence and carelessness. On the other hand, when faced with challenging situations, Filipinos can do a daring act and they leave everything to God hoping God will take care of them.They accept what comes their way,appreciate what they have,and God will take care of the rest.In time of tragedy,they are not easily discouraged.",LET Secondary,General Education,Cannot Determine,No,,Ready for Upload,PDF explicitly labels this set as Secondary; explanations follow each question page. Correct answer matched from the explanation page.
1504,255,05. GEN ED WITH EXPLANATION (SECONDARY).pdf,Birth place of Jose Rizal,"Intramuros,Manila","Calamba,Laguna","Malolos,Bulacan","Kawit,Cavite",,B,"CALAMBA,LAGUNA JOSE RIZAL, was born on June 19, 1861, in the town of Calamba,Laguna.",LET Secondary,General Education,Cannot Determine,No,,Ready for Upload,PDF explicitly labels this set as Secondary; explanations follow each question page. Correct answer matched from the explanation page.
1505,257,05. GEN ED WITH EXPLANATION (SECONDARY).pdf,One instance of taking away the life of another person without due process is,salvaging,suicide,capital punishment,euthanasia,,A,SALVAGING Salvaging is killing a person without due process and without regard to the sanctity of life. Euthanasia is the painless killing of a patient suffering from an incurable and painful disease or in an irreversible coma.,LET Secondary,General Education,Cannot Determine,No,,Ready for Upload,PDF explicitly labels this set as Secondary; explanations follow each question page. Correct answer matched from the explanation page.
1506,259,05. GEN ED WITH EXPLANATION (SECONDARY).pdf,What was the first term given by Marcelo H. del Pilar to the hidden control and domination by Spanish religious priests over the colonial government?,las suerte partidas,pase region,frailocracia,complace,,C,"FRAILOCRACIA Frailocracia is the term given by MH del Pilar to the control by friars in the government.He wrote La Frailocracia Filipina. La Frailocracia Filipina is a pamphlet written by Filipino writer Marcelo H. del Pilar. The arguments were in five parts, namely, the much-mooted problem of filibusterism, the much-vaunted love of the friars for Spain, the disagreement of Filipino civilization by the friars,the influence of the friars on the Filipinos,and the aspirations of the Filipinos.",LET Secondary,General Education,Cannot Determine,No,,Ready for Upload,PDF explicitly labels this set as Secondary; explanations follow each question page. Correct answer matched from the explanation page.
1507,261,05. GEN ED WITH EXPLANATION (SECONDARY).pdf,What does a professional code of conduct prescribe?,Civic conduct for all,Professional traditions and mores,Moral and ethical standards,Stricter implementation of laws,,C,"MORALAND ETHICAL STANDARDS PREAMBLE Teachers are duly licensed professionals who possesses dignity and reputation with high moral values as well as technical and professional competence in the practice of their noble profession,and they strictly adhere to,observe,and practice this set of ethical and moral principles,standards,and values.",LET Secondary,General Education,Cannot Determine,No,,Ready for Upload,PDF explicitly labels this set as Secondary; explanations follow each question page. Correct answer matched from the explanation page.
1508,263,05. GEN ED WITH EXPLANATION (SECONDARY).pdf,"Due to close family ties, Filipino families are generally",secular,nuclear,extended,divided,,C,"EXTENDED Apart from the regular nuclear family patterns practiced by some Filipinos, majority of the society would be observed to be having or practicing the extended family type. This means that distant relatives, “such as grandparents, aunts, uncles, nephews, nieces, and grandchildren, would be living under the same roof or in the same compound” (Basbas 2007).",LET Secondary,General Education,Cannot Determine,No,,Ready for Upload,PDF explicitly labels this set as Secondary; explanations follow each question page. Correct answer matched from the explanation page.
1509,265,05. GEN ED WITH EXPLANATION (SECONDARY).pdf,"The Philippine President who was known as ""the man of the masses"" was",Fidel Ramos,Ramon Magsaysay,Manuel Quezon,Manuel Roxas,,B,"RAMON MAGSAYSAY He was the “Man of the Masses”, the “Champion of the Common Man” and “The People’s President,” - the most tangible manifestation of which was his throwing open the heavy doors of Malacañang for his people to stream through freely.",LET Secondary,General Education,Cannot Determine,No,,Ready for Upload,PDF explicitly labels this set as Secondary; explanations follow each question page. Correct answer matched from the explanation page.
1510,267,05. GEN ED WITH EXPLANATION (SECONDARY).pdf,A recently awarded national artist for sculpture was,Baco,Abueva,Alcantara,Luna,,B,"ABUEVA According to www.ncca.gov.ph, The persons listed in the website as National Artist of the Philippines for Sculptor are Guillermo Tolentino (1973),Napoleón Abueva (1976) Abdulmari Asia Imao (2006) and recently FedericoAguilarAlcuaz (2009).",LET Secondary,General Education,Cannot Determine,No,,Ready for Upload,PDF explicitly labels this set as Secondary; explanations follow each question page. Correct answer matched from the explanation page.
1511,269,05. GEN ED WITH EXPLANATION (SECONDARY).pdf,The stage actress who brought fame to her country through her international awards for her stage performances was,IsayAlvarez,Geneva Cruz,Lea Salonga,Sharon Cuneta,,C,"LEAH SALONGA Salonga's breakout role as Kim in Miss Saigon showcased her voice from the top to the bottom. Salonga is the first Filipino artist to sign with an international record label (Atlantic Records in 1993). She is also the first Philippine-based artist to have received a major album release and distribution deal in the United States, and one of the best-selling Filipino artists of all time,having sold over 19 million copies of her albums worldwide.",LET Secondary,General Education,Cannot Determine,No,,Ready for Upload,"PDF explicitly labels this set as Secondary; explanations follow each question page. Explanation found, but answer letter could not be matched confidently. Correct answer matched against the explanation text in the PDF."
1512,271,05. GEN ED WITH EXPLANATION (SECONDARY).pdf,Those who advocate the revival of the classics in art and literature are called,humanists,rationalist,reformists,existentialist,,A,"HUMANIST In addition to the revival of ancient literature, the humanist movement also encouraged a revival of ancient philosophy.",LET Secondary,General Education,Cannot Determine,No,,Ready for Upload,PDF explicitly labels this set as Secondary; explanations follow each question page. Correct answer matched from the explanation page.
1513,273,05. GEN ED WITH EXPLANATION (SECONDARY).pdf,The part of the body that controls emotion is,kidney,heart,endocrine glands,lungs,,,"LIMBIC SYSTEM Emotions enable us to react to situations – for example, anger or fear will set your heart racing, and feeling happy will make you smile. One of the key areas of your brain that deals with showing, recognizing and controlling the body's reactions to emotions is known as the limbic system. Limbic system is a complex system of nerves and networks in the brain, involving several areas near the edge of the cortex concerned with instinct and mood.",LET Secondary,General Education,Cannot Determine,No,,Needs Answer,"PDF explicitly labels this set as Secondary; explanations follow each question page. Explanation found, but answer letter could not be matched confidently."
1514,275,05. GEN ED WITH EXPLANATION (SECONDARY).pdf,Which characterizes psychologically healthy people?,pre-occupied only with their interest,concerned with goals beyond themselves,feels superior over others,can't accept others as they are,,B,"CONCERNEDWITH GOALS BEYONDTHEMSELVES Psychological well-being has been defined as “the self-evaluated person”. Psychologically well persons set goals to achieve beyond themselves. Goals are signals that orient a person to what is valuable,meaningful,and.",LET Secondary,General Education,Cannot Determine,No,,Ready for Upload,PDF explicitly labels this set as Secondary; explanations follow each question page. Correct answer matched from the explanation page.
1515,277,05. GEN ED WITH EXPLANATION (SECONDARY).pdf,Study of human behavior,Ethics,Philosophy,Morality,Psychology,,D,"PSYCHOLOGY Psychology is the study of mind and behavior. Ethics or moral philosophy is the branch of philosophy that involves systematizing, defending, and recommending concepts of right and wrong conduct. Philosophy is the study of the general and fundamental nature of reality, existence, knowledge, values,reason,mind,and language. Morality is a body of standards or principles derived from a code of conduct from a particular philosophy, religion, or culture, or it can derive from a standard that a person believes should be universal.",LET Secondary,General Education,Cannot Determine,No,,Ready for Upload,PDF explicitly labels this set as Secondary; explanations follow each question page. Correct answer matched from the explanation page.
1516,279,05. GEN ED WITH EXPLANATION (SECONDARY).pdf,The sum total of a person's efforts to cope with stressful situations in life is called,reaction,anger,defense mechanism,emotion,,C,DEFENSE MECHANISMS A defense mechanism is a coping technique that reduces anxiety arising from unacceptable or potentially harmful impulses. Defense mechanisms are unconscious and are not to be confused with conscious coping strategies. Sigmund Freud was one of the first proponents of this construct.,LET Secondary,General Education,Cannot Determine,No,,Ready for Upload,PDF explicitly labels this set as Secondary; explanations follow each question page. Correct answer matched from the explanation page.
1517,281,05. GEN ED WITH EXPLANATION (SECONDARY).pdf,It illustrates a particular data series through rectangles.,Bar graphs,Line graphs,Circle graphs,Pie graphs,,A,BAR GRAPH A Bar Graph (also called Bar Chart) is a graphical display of data using bars of different heights.,LET Secondary,General Education,Cannot Determine,No,,Ready for Upload,PDF explicitly labels this set as Secondary; explanations follow each question page. Correct answer matched from the explanation page.
1518,283,05. GEN ED WITH EXPLANATION (SECONDARY).pdf,It can be used to show the progress in academic grades over four quarters.,Bar graph,Pie graph,Line graph,Circle graph,,C,"LINE GRAPH A line graph shows points plotted on a graph.The points are then connected to form a line.hese lines monitor and compare various data sets.Usually,the x-axis represents time measurements while the y-axis is a representative of measure or percentage of quantity.For this reason,a line graph is used often for tracking variables of one or more subjects in time.",LET Secondary,General Education,Cannot Determine,No,,Ready for Upload,PDF explicitly labels this set as Secondary; explanations follow each question page. Correct answer matched from the explanation page.
1519,285,05. GEN ED WITH EXPLANATION (SECONDARY).pdf,"It is the process of storing,recovering and disseminating recorded data through the computer.",Information technology,Information utilization,Information retrieval,Information science,,B,"INFORMATION UTILIZATION Information utilization is the process of storing, recovering and disseminating recorded data through the computer.",LET Secondary,General Education,Cannot Determine,No,,Ready for Upload,PDF explicitly labels this set as Secondary; explanations follow each question page. Correct answer matched from the explanation page.
1520,287,05. GEN ED WITH EXPLANATION (SECONDARY).pdf,Social network service available through the computer is,Wikipedia,i-pad,Google,Facebook,,D,"FACEBOOK Social media are websites and applications that enable users to create and share content or to participate in social networking. Facebook is a corporation and online social networking service headquartered in Menlo Park, California, in the United States. Its website was launched on February 4, 2004, by Mark Zuckerberg with his Harvard College roommates and fellow students Eduardo Saverin,Andrew McCollum,Dustin Moskovitz and Chris Hughes.",LET Secondary,General Education,Cannot Determine,No,,Ready for Upload,PDF explicitly labels this set as Secondary; explanations follow each question page. Correct answer matched from the explanation page.
1521,289,05. GEN ED WITH EXPLANATION (SECONDARY).pdf,______means the graphics will be displayed more than once.,texting,tagging,timing,tiling,,D,"TILING In computing, tiling is a window management wherein which screens are organized into mutually non-overlapping frames. Tagging is to attach or mention names of user in a social media.",LET Secondary,General Education,Cannot Determine,No,,Ready for Upload,PDF explicitly labels this set as Secondary; explanations follow each question page. Correct answer matched from the explanation page.
1522,291,05. GEN ED WITH EXPLANATION (SECONDARY).pdf,Face-to-face communication is made possible via the computer through,twitter,e-mail,skype,google,,C,"SKYPE Skype is essentially a freemium voice-over-IP service,aka a VoIP,that allows registered users to communicate online via online video calling, instant messaging, and mobile chat.",LET Secondary,General Education,Cannot Determine,No,,Ready for Upload,PDF explicitly labels this set as Secondary; explanations follow each question page. Correct answer matched from the explanation page.
1523,293,05. GEN ED WITH EXPLANATION (SECONDARY).pdf,Messages are easily transported anywhere in the world through the,e-shopping,e-learning,e-register,e-mail,,D,"E-MAIL Electronic mail, most commonly called email or e-mail since around 1993, is a method of exchanging digital messages from an author to one or more recipients. Email operates across the Internet or other computer networks via an email provider's server facility.",LET Secondary,General Education,Cannot Determine,No,,Ready for Upload,PDF explicitly labels this set as Secondary; explanations follow each question page. Correct answer matched from the explanation page.
1524,295,05. GEN ED WITH EXPLANATION (SECONDARY).pdf,What symbol is used to make the text bold?,Ctrl+X,Ctrl+V,Ctrl+O,Ctrl+B,,D,CTRL+B Ctrl+B – bold Ctrl+O – open a file Ctrl+X – cut Ctrl+V - paste,LET Secondary,General Education,Cannot Determine,No,,Ready for Upload,PDF explicitly labels this set as Secondary; explanations follow each question page. Correct answer matched from the explanation page.
1525,297,05. GEN ED WITH EXPLANATION (SECONDARY).pdf,Which is the computer,RAM,CPU,Program,Password,,B,"CPU A central processing unit (CPU) is the electronic circuitry within a computer that carries out the instructions of a computer program by performing the basic arithmetic, logical, control and input/output (I/O) operations specified by the instructions. The term has been used in the computer industry at least since the early 1960s.",LET Secondary,General Education,Cannot Determine,No,,Ready for Upload,PDF explicitly labels this set as Secondary; explanations follow each question page. Correct answer matched from the explanation page.
1526,299,05. GEN ED WITH EXPLANATION (SECONDARY).pdf,A computer system is described as,Virtual,Distance,Online,Network,,D,"NETWORK A system of interconnected computers that share a central storage system and various peripheral devices such as a printers, scanners, or routers. Each computer connected to the system can operate independently, but has the ability to communicate with other external devices and computers.",LET Secondary,General Education,Cannot Determine,No,,Ready for Upload,PDF explicitly labels this set as Secondary; explanations follow each question page. Correct answer matched from the explanation page.
1527,1,16. 200-ITEMS-BEED-WITH-ANSWER-KEY.pdf,"Sa Noche Buena, kami ay maghahanda ng _______ at keso de bola.",hamón,hάmon,homάn,hóman,,,,LET Elementary,General Education,Cannot Determine,No,,Needs Answer,PDF filename identifies BEED; no separate answer key was exposed in extracted PDF text. No answer key found in extracted PDF text.
1528,1,16. 200-ITEMS-BEED-WITH-ANSWER-KEY.pdf,Hinipan ng pulis ang kanyang __________________.,píto,pitó,píto-pitu,. píto-pito,,,,LET Elementary,General Education,Cannot Determine,No,,Needs Answer,PDF filename identifies BEED; no separate answer key was exposed in extracted PDF text. No answer key found in extracted PDF text.
1529,1,16. 200-ITEMS-BEED-WITH-ANSWER-KEY.pdf,Si Heneral Gregorio del Pilar ay nagapi sa ______________ Tirad.,Pasóng,Pasòng,Pάsong,Pasông,,,,LET Elementary,General Education,Cannot Determine,No,,Needs Answer,PDF filename identifies BEED; no separate answer key was exposed in extracted PDF text. No answer key found in extracted PDF text.
1530,1,16. 200-ITEMS-BEED-WITH-ANSWER-KEY.pdf,"Kapag lumaki na ang mga tanim mo, ilipat mo na sila sa mas malaking _________.",pasó,pasò,pάsong,pasôPara sa bilang,,,,LET Elementary,General Education,Cannot Determine,No,,Needs Answer,PDF filename identifies BEED; no separate answer key was exposed in extracted PDF text. No answer key found in extracted PDF text.
1531,1,16. 200-ITEMS-BEED-WITH-ANSWER-KEY.pdf,Nawala ang lahat kay Ryan nang namatay ang kanyang mga magulang.,Pinagtampuhan ng langit at lupa,Pinagtakluban ng langit at lupa,Naglubid ng buhangin,Namangka sa dalawan ilog,,,,LET Elementary,General Education,Cannot Determine,No,,Needs Answer,PDF filename identifies BEED; no separate answer key was exposed in extracted PDF text. No answer key found in extracted PDF text.
1532,1,16. 200-ITEMS-BEED-WITH-ANSWER-KEY.pdf,Malimit magsinungaling ang batang hindi pinalaki ng tama.,Nagdilang kuneho,Naglubid ng buhangin,Nagbuhat ng sariling bangko,Namuti ang uwak,,,,LET Elementary,General Education,Cannot Determine,No,,Needs Answer,PDF filename identifies BEED; no separate answer key was exposed in extracted PDF text. No answer key found in extracted PDF text.
1533,1,16. 200-ITEMS-BEED-WITH-ANSWER-KEY.pdf,Galit na galit ako sa taong nagnakaw ng aking tanghalian.,Mabigat ang dugo,Makitid ang noo,Matalas ang ulo,kumukulo ang dugo,,,,LET Elementary,General Education,Cannot Determine,No,,Needs Answer,PDF filename identifies BEED; no separate answer key was exposed in extracted PDF text. No answer key found in extracted PDF text.
1534,1,16. 200-ITEMS-BEED-WITH-ANSWER-KEY.pdf,Madaling lokohin si Anna.,Makitid ang noo,Tak-biya,Matuwid at paniwalaan,Nagmurang kamatis,,,,LET Elementary,General Education,Cannot Determine,No,,Needs Answer,PDF filename identifies BEED; no separate answer key was exposed in extracted PDF text. No answer key found in extracted PDF text.
1535,1,16. 200-ITEMS-BEED-WITH-ANSWER-KEY.pdf,Punung-puno ng tao ang Dallas Stadium kung saan ginawa ang laban ni Manny Pacquiao.,Di mahulugang karayom,Di mahapayang gating,Di makabasag pinggan,Di maliparang uwak,,,,LET Elementary,General Education,Cannot Determine,No,,Needs Answer,PDF filename identifies BEED; no separate answer key was exposed in extracted PDF text. No answer key found in extracted PDF text.
1536,1,16. 200-ITEMS-BEED-WITH-ANSWER-KEY.pdf,Pinandirihan ni Mico ang aso niyang_______.,ma-galis,mag-alis,magalis,galis-aso,,C,,LET Elementary,General Education,Cannot Determine,No,,Ready for Upload,PDF filename identifies BEED; no separate answer key was exposed in extracted PDF text. No answer key found in extracted PDF text. Correct answer copied from an exact duplicate question already answered in the extracted LET files.
1537,1,16. 200-ITEMS-BEED-WITH-ANSWER-KEY.pdf,"Pag laki ko, gusto kong maging _________ ng Pilipinas.",pang-ulo,pangulo,panggulo,pa-ngulo,,,,LET Elementary,General Education,Cannot Determine,No,,Needs Answer,PDF filename identifies BEED; no separate answer key was exposed in extracted PDF text. No answer key found in extracted PDF text.
1538,1,16. 200-ITEMS-BEED-WITH-ANSWER-KEY.pdf,Hanapin mo ako sa ___________ ng mga sasakyan.,Pag-abangan,Hintayin,bantayan,abangan,,,,LET Elementary,General Education,Cannot Determine,No,,Needs Answer,PDF filename identifies BEED; no separate answer key was exposed in extracted PDF text. No answer key found in extracted PDF text.
1539,1,16. 200-ITEMS-BEED-WITH-ANSWER-KEY.pdf,Gagawin mo lang yan _____ mo ako mahal.,Kung di,Kundi,kungdi,kun di,,,,LET Elementary,General Education,Cannot Determine,No,,Needs Answer,PDF filename identifies BEED; no separate answer key was exposed in extracted PDF text. No answer key found in extracted PDF text.
1540,1,16. 200-ITEMS-BEED-WITH-ANSWER-KEY.pdf,_____________ ka na sa ilog. Nanginginig ka na.,Lumusong,Sumuong,Umahon,Humango,,,,LET Elementary,General Education,Cannot Determine,No,,Needs Answer,PDF filename identifies BEED; no separate answer key was exposed in extracted PDF text. No answer key found in extracted PDF text.
1541,1,16. 200-ITEMS-BEED-WITH-ANSWER-KEY.pdf,Kinakailangang ____________ ang damit sa Huwebes.,May-ari,Mayari,yariin,magyari,,,,LET Elementary,General Education,Cannot Determine,No,,Needs Answer,PDF filename identifies BEED; no separate answer key was exposed in extracted PDF text. No answer key found in extracted PDF text.
1542,1,16. 200-ITEMS-BEED-WITH-ANSWER-KEY.pdf,Limang oras na pero hindi parin _______________ ang nawawalang aklat.,Mahanap,Makita,hanapin,kitain,,,,LET Elementary,General Education,Cannot Determine,No,,Needs Answer,PDF filename identifies BEED; no separate answer key was exposed in extracted PDF text. No answer key found in extracted PDF text.
1543,2,16. 200-ITEMS-BEED-WITH-ANSWER-KEY.pdf,Nag-aaral ako _____________ mabuti upang makakuha ako ng iskolarship.,nang,ng,mas,lalong,,,,LET Elementary,General Education,Cannot Determine,No,,Needs Answer,PDF filename identifies BEED; no separate answer key was exposed in extracted PDF text. No answer key found in extracted PDF text.
1544,2,16. 200-ITEMS-BEED-WITH-ANSWER-KEY.pdf,____________ natin ng mapa si Kenny para hindi sya maligaw.,Iwan,Mag-iwan,Iwanan,Pag-iwan,,,,LET Elementary,General Education,Cannot Determine,No,,Needs Answer,PDF filename identifies BEED; no separate answer key was exposed in extracted PDF text. No answer key found in extracted PDF text.
1545,2,16. 200-ITEMS-BEED-WITH-ANSWER-KEY.pdf,Tandaan mo na lahat ng paghihirap ni Luis ay ______ sa iyong magandang kinabukasan.,tungkol,upang,sanhi,ukol,,D,,LET Elementary,General Education,Cannot Determine,No,,Ready for Upload,PDF filename identifies BEED; no separate answer key was exposed in extracted PDF text. No answer key found in extracted PDF text. Correct answer copied from an exact duplicate question already answered in the extracted LET files.
1546,2,16. 200-ITEMS-BEED-WITH-ANSWER-KEY.pdf,tinuturing na pinakamatandang epiko ng Pilipinas.,“Si malakas at maganda”,“Alim” (Ifugao),Ibalon (Bicol),“Biag ni Lam-ang” (Ilocos),“Bidasari (Maguindanao),,,LET Elementary,General Education,Cannot Determine,No,,Needs Answer,PDF filename identifies BEED; no separate answer key was exposed in extracted PDF text. No answer key found in extracted PDF text.
1547,2,16. 200-ITEMS-BEED-WITH-ANSWER-KEY.pdf,Isang uri ng tula na binubuo ng labindalawang pantig bawat taludtod sa isang saknong at inaawit ito nang marahan. Pangunahing halimbawa ay ang “Florante at Laura”,Ang Tibag,Balagtasan,Awit,Dulaan,Kurido,,,LET Elementary,General Education,Cannot Determine,No,,Needs Answer,PDF filename identifies BEED; no separate answer key was exposed in extracted PDF text. No answer key found in extracted PDF text.
1548,2,16. 200-ITEMS-BEED-WITH-ANSWER-KEY.pdf,Ang akdang hindi nauukol sa relihiyon noong panahon ng kastila,Dalit,Panuluyan,Senakulo,panubog,alay,,,LET Elementary,General Education,Cannot Determine,No,,Needs Answer,PDF filename identifies BEED; no separate answer key was exposed in extracted PDF text. No answer key found in extracted PDF text.
1549,2,16. 200-ITEMS-BEED-WITH-ANSWER-KEY.pdf,Anong ayos ng pantig ang gamit sa salitang “Daigdig”,KPPKKPK,KKPKPPK,KPPPKPP,KKPPKPP,,,,LET Elementary,General Education,Cannot Determine,No,,Needs Answer,PDF filename identifies BEED; no separate answer key was exposed in extracted PDF text. No answer key found in extracted PDF text.
1550,2,16. 200-ITEMS-BEED-WITH-ANSWER-KEY.pdf,_____________mo kay Luisito na may pasalubong ako para sa kanya.,Sabihin,Sabihan,Pakisabi,Pakisabihan,,,,LET Elementary,General Education,Cannot Determine,No,,Needs Answer,PDF filename identifies BEED; no separate answer key was exposed in extracted PDF text. No answer key found in extracted PDF text.
1551,2,16. 200-ITEMS-BEED-WITH-ANSWER-KEY.pdf,Huwag mong __________ ng kalat ang kama ko.,Ipatong,Magpatong,patungan,pagpatungan,,,,LET Elementary,General Education,Cannot Determine,No,,Needs Answer,PDF filename identifies BEED; no separate answer key was exposed in extracted PDF text. No answer key found in extracted PDF text.
1552,2,16. 200-ITEMS-BEED-WITH-ANSWER-KEY.pdf,Ang pagdadasal at pananalig ay ___________ sa tao upang mapalapit siya sa Diyos.,Nakakatulong,Nakatutulong,nakakatulungan,mag-tulungan,,,,LET Elementary,General Education,Cannot Determine,No,,Needs Answer,PDF filename identifies BEED; no separate answer key was exposed in extracted PDF text. No answer key found in extracted PDF text.
1553,2,16. 200-ITEMS-BEED-WITH-ANSWER-KEY.pdf,Nawawala ang alahas na _______ mo sa akin.,Pinatago,Pinagtago,ipinapatago,ipinatago,,,,LET Elementary,General Education,Cannot Determine,No,,Needs Answer,PDF filename identifies BEED; no separate answer key was exposed in extracted PDF text. No answer key found in extracted PDF text.
1554,2,16. 200-ITEMS-BEED-WITH-ANSWER-KEY.pdf,Marumi ang baso. Huwag mong ___________ yan!,Inumin,Inuman,uminom,pag-inuman,,,,LET Elementary,General Education,Cannot Determine,No,,Needs Answer,PDF filename identifies BEED; no separate answer key was exposed in extracted PDF text. No answer key found in extracted PDF text.
1555,2,16. 200-ITEMS-BEED-WITH-ANSWER-KEY.pdf,__________ mo sana kay Ronald kung kalian siya uuwi ng Pilipinas.,Ipagtanong,Ipagtatanong,Tinanong,Itinanong,,,,LET Elementary,General Education,Cannot Determine,No,,Needs Answer,PDF filename identifies BEED; no separate answer key was exposed in extracted PDF text. No answer key found in extracted PDF text.
1556,2,16. 200-ITEMS-BEED-WITH-ANSWER-KEY.pdf,Kailan nga ba ___________ si Mayor dahil sa pangungurakot?,Kinulong,Kinukulong,ikinulong,ikinukulong,,,,LET Elementary,General Education,Cannot Determine,No,,Needs Answer,PDF filename identifies BEED; no separate answer key was exposed in extracted PDF text. No answer key found in extracted PDF text.
1557,2,16. 200-ITEMS-BEED-WITH-ANSWER-KEY.pdf,"Despite her parents’ complaints, she decided to live by _____________ in Manila.",her,herself,oneself,himself,,,,LET Elementary,General Education,Cannot Determine,No,,Needs Answer,PDF filename identifies BEED; no separate answer key was exposed in extracted PDF text. No answer key found in extracted PDF text.
1558,2,16. 200-ITEMS-BEED-WITH-ANSWER-KEY.pdf,"If you happen to see Adolfo this Friday, please give ____________ my warmest regards.",her,him,it,them,,,,LET Elementary,General Education,Cannot Determine,No,,Needs Answer,PDF filename identifies BEED; no separate answer key was exposed in extracted PDF text. No answer key found in extracted PDF text.
1559,3,16. 200-ITEMS-BEED-WITH-ANSWER-KEY.pdf,I can never understand __________when Rita speaks Spanish with ______.,"her, me","him, me","her, them","hum, her",,,,LET Elementary,General Education,Cannot Determine,No,,Needs Answer,PDF filename identifies BEED; no separate answer key was exposed in extracted PDF text. No answer key found in extracted PDF text.
1560,3,16. 200-ITEMS-BEED-WITH-ANSWER-KEY.pdf,"Nene was worried about the children, so she told ____ husband not to accept the job offer.",his,her,their,my,,,,LET Elementary,General Education,Cannot Determine,No,,Needs Answer,PDF filename identifies BEED; no separate answer key was exposed in extracted PDF text. No answer key found in extracted PDF text.
1561,3,16. 200-ITEMS-BEED-WITH-ANSWER-KEY.pdf,I hurt ______ when I was slicing the onions.,me,myself,you,my,,,,LET Elementary,General Education,Cannot Determine,No,,Needs Answer,PDF filename identifies BEED; no separate answer key was exposed in extracted PDF text. No answer key found in extracted PDF text.
1562,3,16. 200-ITEMS-BEED-WITH-ANSWER-KEY.pdf,Your findings are impertinent to the results of this investigation.,Malicious,Violent,important,irrelevant,,,,LET Elementary,General Education,Cannot Determine,No,,Needs Answer,PDF filename identifies BEED; no separate answer key was exposed in extracted PDF text. No answer key found in extracted PDF text.
1563,3,16. 200-ITEMS-BEED-WITH-ANSWER-KEY.pdf,Several elements must be transmuted to see the real implications of this event.,Surpassed,Estimated,changed,summed,,,,LET Elementary,General Education,Cannot Determine,No,,Needs Answer,PDF filename identifies BEED; no separate answer key was exposed in extracted PDF text. No answer key found in extracted PDF text.
1564,3,16. 200-ITEMS-BEED-WITH-ANSWER-KEY.pdf,The president showed great aplomb while dealing with the reporters.,agitation,nervousness,composure,perturbation,,,,LET Elementary,General Education,Cannot Determine,No,,Needs Answer,PDF filename identifies BEED; no separate answer key was exposed in extracted PDF text. No answer key found in extracted PDF text.
1565,3,16. 200-ITEMS-BEED-WITH-ANSWER-KEY.pdf,"Thank you for your candor, Mr. Secretary.",honesty,frankness,shyness,courage,,,,LET Elementary,General Education,Cannot Determine,No,,Needs Answer,PDF filename identifies BEED; no separate answer key was exposed in extracted PDF text. No answer key found in extracted PDF text.
1566,3,16. 200-ITEMS-BEED-WITH-ANSWER-KEY.pdf,The price of these sneakers ______ reasonable.,is,are,seem,aren’t,,,,LET Elementary,General Education,Cannot Determine,No,,Needs Answer,PDF filename identifies BEED; no separate answer key was exposed in extracted PDF text. No answer key found in extracted PDF text.
1567,3,16. 200-ITEMS-BEED-WITH-ANSWER-KEY.pdf,The nearest post office is on ________________.,Twenty-second street,Twenty second Street,Twenty Second Street,Twenty-second Street,,B,,LET Elementary,General Education,Cannot Determine,No,,Ready for Upload,PDF filename identifies BEED; no separate answer key was exposed in extracted PDF text. No answer key found in extracted PDF text. Correct answer copied from an exact duplicate question already answered in the extracted LET files.
1568,3,16. 200-ITEMS-BEED-WITH-ANSWER-KEY.pdf,Please read the chapter ______________.,Filing your Income Tax Returns.,Filing Your Income Tax Returns.,“Filing your income Tax Returns.”,“Filing Your Income Tax Returns.”,,A,,LET Elementary,General Education,Cannot Determine,No,,Ready for Upload,PDF filename identifies BEED; no separate answer key was exposed in extracted PDF text. No answer key found in extracted PDF text. Correct answer copied from an exact duplicate question already answered in the extracted LET files.
1569,3,16. 200-ITEMS-BEED-WITH-ANSWER-KEY.pdf,New students at the shop should bring _________________.,hammers wrenches and screwdrivers,"hammers, wrenches, and screwdrivers","hammers, wrenches and screwdrivers","hammers wrenches, and screwdrivers",,A,,LET Elementary,General Education,Cannot Determine,No,,Ready for Upload,PDF filename identifies BEED; no separate answer key was exposed in extracted PDF text. No answer key found in extracted PDF text. Correct answer copied from an exact duplicate question already answered in the extracted LET files.
1570,3,16. 200-ITEMS-BEED-WITH-ANSWER-KEY.pdf,Mrs. Navarro said that ____________________.,“The Chemistry II exam will be next wednesday.”,the Chemistry II exam will be next Wednesday.,the chemistry II exam will be next Wednesday.,"“The chemistry II exam will be next Wednesday.” Read the selection below. Select the letter of the best answer to questions #45-49. Medical knowledge in ancient Egypt as an excellent reputation, and rulers of the empires would ask the Egyptians pharaoh to send them their best physician to treat their love ones. Egyptians had some knowledge of human anatomy, even though they never dissected the body. For example, in the classic mummification process, they knew how to insert a long hooked implement through a nostril, breaking the thin bone of the brain case and remove the brain. Egyptian physicians also were aware of the importance of the pulse and of a connection between pulse and heart. They developed their theory of “channels” that carried air, water and blood to the body by observing the River Nile. If the Nile became blocked, crops became unhealthy. They applied this theory to the body- if a person was unwell, they would use laxatives to unblock the “channels”",,D,,LET Elementary,General Education,Cannot Determine,No,,Ready for Upload,PDF filename identifies BEED; no separate answer key was exposed in extracted PDF text. No answer key found in extracted PDF text. Correct answer recovered from bold/highlighted answer choice in the PDF.
1571,4,16. 200-ITEMS-BEED-WITH-ANSWER-KEY.pdf,What is the main idea of this selection?,Ancient Egyptian physicians,Medical knowledge in ancient Egypt,The Nile river in Egyptian medical knowledge,Infection in ancient Egypt.,,,,LET Elementary,General Education,Cannot Determine,No,,Needs Answer,PDF filename identifies BEED; no separate answer key was exposed in extracted PDF text. No answer key found in extracted PDF text.
1572,4,16. 200-ITEMS-BEED-WITH-ANSWER-KEY.pdf,What would happen if the Nile river was blocked?,Egyptians would have problems washing their clothes.,Fermentation and molds became a big problem,The diet of Egyptians would drastically change.,Crops would wither and die.,,,,LET Elementary,General Education,Cannot Determine,No,,Needs Answer,PDF filename identifies BEED; no separate answer key was exposed in extracted PDF text. No answer key found in extracted PDF text.
1573,4,16. 200-ITEMS-BEED-WITH-ANSWER-KEY.pdf,Why did Egyptians practice brain removal?,To aid in mummification,To unblock “channels” in the body,To purge the body of infection,To free the dead of the burdens of the human mind,,,,LET Elementary,General Education,Cannot Determine,No,,Needs Answer,PDF filename identifies BEED; no separate answer key was exposed in extracted PDF text. No answer key found in extracted PDF text.
1574,4,16. 200-ITEMS-BEED-WITH-ANSWER-KEY.pdf,Which of the following is an evidence that Egyptians were masters of human anatomy even if they did not perform dissection of human bodies?,They have detailed drawings of anatomy of the human body.,They knew how to remove brains during mummification.,Egyptian physicians prescribed to cleanse the body of infections.,They correlated the human body with the behavior of the Nile river.,,,,LET Elementary,General Education,Cannot Determine,No,,Needs Answer,PDF filename identifies BEED; no separate answer key was exposed in extracted PDF text. No answer key found in extracted PDF text.
1575,4,16. 200-ITEMS-BEED-WITH-ANSWER-KEY.pdf,Who did the Egyptians plead to when their loved ones had grave illnesses?,Best Egyptians physicians,Prime Minister,Moses,Pharaoh,,,,LET Elementary,General Education,Cannot Determine,No,,Needs Answer,PDF filename identifies BEED; no separate answer key was exposed in extracted PDF text. No answer key found in extracted PDF text.
1576,4,16. 200-ITEMS-BEED-WITH-ANSWER-KEY.pdf,The Independent Power Producers (IPP’s) are seeking a higher price A B increase for power generations. No error. C D,,,,,,,,LET Elementary,General Education,Cannot Determine,No,,Incomplete,PDF filename identifies BEED; no separate answer key was exposed in extracted PDF text. No answer key found in extracted PDF text. Incomplete question/options after extraction.
1577,4,16. 200-ITEMS-BEED-WITH-ANSWER-KEY.pdf,They do not care whether or not they passed the qualifying examinations. A B C No error. D,,,,,,,,LET Elementary,General Education,Cannot Determine,No,,Incomplete,PDF filename identifies BEED; no separate answer key was exposed in extracted PDF text. No answer key found in extracted PDF text. Incomplete question/options after extraction.
1578,4,16. 200-ITEMS-BEED-WITH-ANSWER-KEY.pdf,"Without hardly a moment’s delay, the computer began to print out the A B C answer to the problem. No error. D E",,,,,,,,LET Elementary,General Education,Cannot Determine,No,,Incomplete,PDF filename identifies BEED; no separate answer key was exposed in extracted PDF text. No answer key found in extracted PDF text. Incomplete question/options after extraction.
1579,4,16. 200-ITEMS-BEED-WITH-ANSWER-KEY.pdf,Suffrage is a privilege in a democracy. Those who are deprived of their voting rights are normally:,Penalized,criminally-liable,disenfranchised,imprisoned,,,,LET Elementary,General Education,Cannot Determine,No,,Needs Answer,PDF filename identifies BEED; no separate answer key was exposed in extracted PDF text. No answer key found in extracted PDF text.
1580,4,16. 200-ITEMS-BEED-WITH-ANSWER-KEY.pdf,“Join the street rallies and demonstrations!” shouted the rallyists. What was asked of the crowd?,Sympathy for a cause,Apathy for a cause,Empathy for a cause,Avoidance of the action,,,,LET Elementary,General Education,Cannot Determine,No,,Needs Answer,PDF filename identifies BEED; no separate answer key was exposed in extracted PDF text. No answer key found in extracted PDF text.
1581,4,16. 200-ITEMS-BEED-WITH-ANSWER-KEY.pdf,"The statement “ I am used to same tales” means,",there was redundancy,there is great news,there is nothing new,this is original,,,,LET Elementary,General Education,Cannot Determine,No,,Needs Answer,PDF filename identifies BEED; no separate answer key was exposed in extracted PDF text. No answer key found in extracted PDF text.
1582,5,16. 200-ITEMS-BEED-WITH-ANSWER-KEY.pdf,Which sentence is in its correct form?,His allays are mostly from the Nacionalista Party,The delays in the election returns are very suspicious,He has been travelling for the last 3 years.,Only 16.8% of the nursing examiners passed the 2009 Nursing Board Examinations.,,,,LET Elementary,General Education,Cannot Determine,No,,Needs Answer,PDF filename identifies BEED; no separate answer key was exposed in extracted PDF text. No answer key found in extracted PDF text.
1583,5,16. 200-ITEMS-BEED-WITH-ANSWER-KEY.pdf,What does it mean when we say “We have achieved a breakthrough here.”?,That the negotiators or members have begun to agree on certain issues,That the members have abandoned the negotiating table,The other party have won the negotiation,The conference have been indefinitely postponed.,,,,LET Elementary,General Education,Cannot Determine,No,,Needs Answer,PDF filename identifies BEED; no separate answer key was exposed in extracted PDF text. No answer key found in extracted PDF text.
1584,5,16. 200-ITEMS-BEED-WITH-ANSWER-KEY.pdf,Elevator: shaft::,electricity : outlet,water : conduit,railroad : train,skyscraper : foundation,,,,LET Elementary,General Education,Cannot Determine,No,,Needs Answer,PDF filename identifies BEED; no separate answer key was exposed in extracted PDF text. No answer key found in extracted PDF text.
1585,5,16. 200-ITEMS-BEED-WITH-ANSWER-KEY.pdf,Hydrology : science ::,Astronomy : galaxy,Fir : tree,fashion : style,theory : practice,,,,LET Elementary,General Education,Cannot Determine,No,,Needs Answer,PDF filename identifies BEED; no separate answer key was exposed in extracted PDF text. No answer key found in extracted PDF text.
1586,5,16. 200-ITEMS-BEED-WITH-ANSWER-KEY.pdf,"In his address, the Regional Director exhorted the teachers to discover and ______ each student’s ___ talents.",Develop : intrinsic,Justify : gratuitous,redirect : specialty,uplift : unrecognized,,,,LET Elementary,General Education,Cannot Determine,No,,Needs Answer,PDF filename identifies BEED; no separate answer key was exposed in extracted PDF text. No answer key found in extracted PDF text.
1587,5,16. 200-ITEMS-BEED-WITH-ANSWER-KEY.pdf,Give the ratio of 18 enlisted men to 12 insurgents.,4:3,6:3,3:2,2:3,,,,LET Elementary,General Education,Cannot Determine,No,,Needs Answer,PDF filename identifies BEED; no separate answer key was exposed in extracted PDF text. No answer key found in extracted PDF text.
1588,5,16. 200-ITEMS-BEED-WITH-ANSWER-KEY.pdf,Josef weighs 84 kilos. How much will he weigh in pounds?,188.40 lbs,184. 80lbs,184.40lbs,168lbs,,,,LET Elementary,General Education,Cannot Determine,No,,Needs Answer,PDF filename identifies BEED; no separate answer key was exposed in extracted PDF text. No answer key found in extracted PDF text.
1589,5,16. 200-ITEMS-BEED-WITH-ANSWER-KEY.pdf,What is the ratio in the lowest term of two hours to 30 minutes?,2 : 4,4 : 1,2 :15,2 :30,,,,LET Elementary,General Education,Cannot Determine,No,,Needs Answer,PDF filename identifies BEED; no separate answer key was exposed in extracted PDF text. No answer key found in extracted PDF text.
1590,5,16. 200-ITEMS-BEED-WITH-ANSWER-KEY.pdf,John plays basketball for the University’s Varsity Team. He attempted 35 free throws and shot 80% of these. How many free throws did he make?,25,28,26,27,,,,LET Elementary,General Education,Cannot Determine,No,,Needs Answer,PDF filename identifies BEED; no separate answer key was exposed in extracted PDF text. No answer key found in extracted PDF text.
1591,5,16. 200-ITEMS-BEED-WITH-ANSWER-KEY.pdf,What is the value of N in the equation N=18 1/8 +26 ¼?,44 ½,44 3/8,43 ¼,44 ¼,,,,LET Elementary,General Education,Cannot Determine,No,,Needs Answer,PDF filename identifies BEED; no separate answer key was exposed in extracted PDF text. No answer key found in extracted PDF text.
1592,5,16. 200-ITEMS-BEED-WITH-ANSWER-KEY.pdf,"The letters A, B, C and d have numerical values 1, 2, 3, 4… and so on. What is the sum of the letters in JOSEF?",50,60,53,55,,,,LET Elementary,General Education,Cannot Determine,No,,Needs Answer,PDF filename identifies BEED; no separate answer key was exposed in extracted PDF text. No answer key found in extracted PDF text.
1593,5,16. 200-ITEMS-BEED-WITH-ANSWER-KEY.pdf,"How many ribbons, each at 12 ¾ cm. long, can be obtained from a roll 6.63 meters long?",50,52,55,58,,,,LET Elementary,General Education,Cannot Determine,No,,Needs Answer,PDF filename identifies BEED; no separate answer key was exposed in extracted PDF text. No answer key found in extracted PDF text.
1594,5,16. 200-ITEMS-BEED-WITH-ANSWER-KEY.pdf,Change the following percents to decimal: 28% ; 4.5% ; 3% ; 25.5 %.,.28; .045; 0.03; .255,.28 ; .45 ; .003 ;.025,.28 ; .045 ; .03 ; .025,.28 ; .0045 ; .035 ; .255,,,,LET Elementary,General Education,Cannot Determine,No,,Needs Answer,PDF filename identifies BEED; no separate answer key was exposed in extracted PDF text. No answer key found in extracted PDF text.
1595,5,16. 200-ITEMS-BEED-WITH-ANSWER-KEY.pdf,"The BIR sold 21,250 documentary stamps at P.35@. Annie remitted at the end of the day P6, 897.50. How much was left with the seller?",P548.50,P540.00,P504.50,"5, 450",,,,LET Elementary,General Education,Cannot Determine,No,,Needs Answer,PDF filename identifies BEED; no separate answer key was exposed in extracted PDF text. No answer key found in extracted PDF text.
1596,5,16. 200-ITEMS-BEED-WITH-ANSWER-KEY.pdf,"Premium gas’ selling price yesterday was P38.28/liter. Today, it was selling at P38.78/liter. The station sold 6,855 liters today. How much profit was earned today?","P34,275","3,427.50","P3,042.75","P3,042.75",,,,LET Elementary,General Education,Cannot Determine,No,,Needs Answer,PDF filename identifies BEED; no separate answer key was exposed in extracted PDF text. No answer key found in extracted PDF text.
1597,5,16. 200-ITEMS-BEED-WITH-ANSWER-KEY.pdf,Evaluate the following expressions : 5 + 3 (42 + 7) – 7 (2 + 32 x 8 )0,0,152 C 72,,-444,,,,LET Elementary,General Education,Cannot Determine,No,,Needs Answer,PDF filename identifies BEED; no separate answer key was exposed in extracted PDF text. No answer key found in extracted PDF text.
1598,5,16. 200-ITEMS-BEED-WITH-ANSWER-KEY.pdf,What are the prime factors of 128?,1 x 2 x 8,2 x 2 x 2 x 2 x 2 x 2 x 2,2 x 2 x 2 x 4 x 4,2 x 3 x 2 x 2 x 2 x 2 x 2 x 2,,,,LET Elementary,General Education,Cannot Determine,No,,Needs Answer,PDF filename identifies BEED; no separate answer key was exposed in extracted PDF text. No answer key found in extracted PDF text.
1599,6,16. 200-ITEMS-BEED-WITH-ANSWER-KEY.pdf,What are the prime factors of 153?,3 x 3 x 17,3 x 3 x 7 x 9,153 x 1,17 x 3 x 7,,,,LET Elementary,General Education,Cannot Determine,No,,Needs Answer,PDF filename identifies BEED; no separate answer key was exposed in extracted PDF text. No answer key found in extracted PDF text.
1600,6,16. 200-ITEMS-BEED-WITH-ANSWER-KEY.pdf,What are the prime factors of 273?,3 x 3 x 7 x 7,3 x 17 x 11,3 x 6 x 9 x 11,3 x 7 x 13,,,,LET Elementary,General Education,Cannot Determine,No,,Needs Answer,PDF filename identifies BEED; no separate answer key was exposed in extracted PDF text. No answer key found in extracted PDF text.
1601,6,16. 200-ITEMS-BEED-WITH-ANSWER-KEY.pdf,"The number, 512115273999132, is NOT divisible by which of the following factors?",2,3,4,8,,,,LET Elementary,General Education,Cannot Determine,No,,Needs Answer,PDF filename identifies BEED; no separate answer key was exposed in extracted PDF text. No answer key found in extracted PDF text.
1602,6,16. 200-ITEMS-BEED-WITH-ANSWER-KEY.pdf,Miss Santiago’s class has 20 boys and 15 girls in her English class. What percent of the students are girls?,28%,43%,44%,50%,,,,LET Elementary,General Education,Cannot Determine,No,,Needs Answer,PDF filename identifies BEED; no separate answer key was exposed in extracted PDF text. No answer key found in extracted PDF text.
1603,6,16. 200-ITEMS-BEED-WITH-ANSWER-KEY.pdf,"A business man had incurred the following expenses in his trips to the Visayas islands: P5100.00, P4600.00, P3800.00, and P3200.00. What was his total expense for the trip?",P1600,P16700,P1700,P17500,,B,,LET Elementary,General Education,Cannot Determine,No,,Ready for Upload,PDF filename identifies BEED; no separate answer key was exposed in extracted PDF text. No answer key found in extracted PDF text. Duplicate or near-duplicate of row 1053. Correct answer copied from an exact duplicate question already answered in the extracted LET files.
1604,6,16. 200-ITEMS-BEED-WITH-ANSWER-KEY.pdf,"Ms. Tonelada weighed 60 kg. She lost 4 kg on her first week of exercise, gained 2 kg on her second week, lost 6 kg on 3rd week and remained weight during the fourth week.",52 kg,58 kg,68 kg,72 kg,,,,LET Elementary,General Education,Cannot Determine,No,,Needs Answer,PDF filename identifies BEED; no separate answer key was exposed in extracted PDF text. No answer key found in extracted PDF text.
1605,6,16. 200-ITEMS-BEED-WITH-ANSWER-KEY.pdf,"A farmer can plow ! "" of a hectare in 1 hr. At this rate, in how many hours will 5 farmers plow the same field? No answer",1/5,10/3,15/2,10,,,,LET Elementary,General Education,Cannot Determine,No,,Needs Answer,PDF filename identifies BEED; no separate answer key was exposed in extracted PDF text. No answer key found in extracted PDF text.
1606,6,16. 200-ITEMS-BEED-WITH-ANSWER-KEY.pdf,Consider the triangle illustrated below. Find the value of x. No answer X 125,55,35,60,25,,,,LET Elementary,General Education,Cannot Determine,No,,Needs Answer,PDF filename identifies BEED; no separate answer key was exposed in extracted PDF text. No answer key found in extracted PDF text.
1607,6,16. 200-ITEMS-BEED-WITH-ANSWER-KEY.pdf,Factor completely the expression: a2x – 5b2y – 5a2y + b2x.,(a2 + b2)( x -5y),(a2 – b2)(x + 4y + 3),(a + b )(a –,(a2 + b2)(x2 – 5y2),,,,LET Elementary,General Education,Cannot Determine,No,,Needs Answer,PDF filename identifies BEED; no separate answer key was exposed in extracted PDF text. No answer key found in extracted PDF text.
1608,6,16. 200-ITEMS-BEED-WITH-ANSWER-KEY.pdf,Which among the following in NOT a perfect square trinomial?,x2+ 8x + 16,9x2 + 12x + 4,49x2 + 70x + 36,x2 + 6x + 9,,,,LET Elementary,General Education,Cannot Determine,No,,Needs Answer,PDF filename identifies BEED; no separate answer key was exposed in extracted PDF text. No answer key found in extracted PDF text.
1609,6,16. 200-ITEMS-BEED-WITH-ANSWER-KEY.pdf,Factor completely the expression: 27a3 – 54a2b + 36ab2 – 8b3,(3a – 3b)3,(a – 3b)3,(4a – 3b)3,(3a – 2b)3,,,,LET Elementary,General Education,Cannot Determine,No,,Needs Answer,PDF filename identifies BEED; no separate answer key was exposed in extracted PDF text. No answer key found in extracted PDF text.
1610,6,16. 200-ITEMS-BEED-WITH-ANSWER-KEY.pdf,What is the equation of the line with x – intercept of 4 and y- intercept of 3?,3x + 4y = -12 (3x + 4y= 12)- answer,3x – 4y = 12,6x – 8y = 12,4x – 3y =12,,,,LET Elementary,General Education,Cannot Determine,No,,Needs Answer,PDF filename identifies BEED; no separate answer key was exposed in extracted PDF text. No answer key found in extracted PDF text.
1611,6,16. 200-ITEMS-BEED-WITH-ANSWER-KEY.pdf,"Find the equation of the line with a slope of 4 and passing through the point (-5,3).",X – 4y = -23,4x – 4 = 23,4x – y = -23,x – y = -4,,,,LET Elementary,General Education,Cannot Determine,No,,Needs Answer,PDF filename identifies BEED; no separate answer key was exposed in extracted PDF text. No answer key found in extracted PDF text.
1612,6,16. 200-ITEMS-BEED-WITH-ANSWER-KEY.pdf,The length of the rectangle is 18 cm. What are the possible widths that will give a perimeter less than 150 cm?,3 < width < 54,0 < width < 57,18 < width < 36,12 < width < 57,,,,LET Elementary,General Education,Cannot Determine,No,,Needs Answer,PDF filename identifies BEED; no separate answer key was exposed in extracted PDF text. No answer key found in extracted PDF text.
1613,7,16. 200-ITEMS-BEED-WITH-ANSWER-KEY.pdf,"If a die is rolled, what is the probability of getting a number divisible by 2?",1/6,½,¼,1/3,,A,,LET Elementary,General Education,Cannot Determine,No,,Ready for Upload,PDF filename identifies BEED; no separate answer key was exposed in extracted PDF text. No answer key found in extracted PDF text. Duplicate or near-duplicate of row 1446. Correct answer copied from an exact duplicate question already answered in the extracted LET files.
1614,7,16. 200-ITEMS-BEED-WITH-ANSWER-KEY.pdf,Which among the measures of central tendency is NOT influenced by outliers?,Mean,weight mean,median,mode,,C,,LET Elementary,General Education,Cannot Determine,No,,Ready for Upload,PDF filename identifies BEED; no separate answer key was exposed in extracted PDF text. No answer key found in extracted PDF text. Duplicate or near-duplicate of row 1444. Correct answer copied from an exact duplicate question already answered in the extracted LET files.
1615,7,16. 200-ITEMS-BEED-WITH-ANSWER-KEY.pdf,"Monica obtained the following results from her mathematics exams: 80, 82, 83, 91. What score must she get on the next exam so that her average score is 85?",92,93,89,85,,,,LET Elementary,General Education,Cannot Determine,No,,Needs Answer,PDF filename identifies BEED; no separate answer key was exposed in extracted PDF text. No answer key found in extracted PDF text.
1616,7,16. 200-ITEMS-BEED-WITH-ANSWER-KEY.pdf,"In a Filipino test, eight students obtained the following scores: 10, 15, 12, 18, 16, 24, 12, 14. What is the median score?",14,14.5,15,15,,,,LET Elementary,General Education,Cannot Determine,No,,Needs Answer,PDF filename identifies BEED; no separate answer key was exposed in extracted PDF text. No answer key found in extracted PDF text.
1617,7,16. 200-ITEMS-BEED-WITH-ANSWER-KEY.pdf,The genetic information in a DNA is coded in the ________?,sequence of ribonucleotide,proportion of the base results,base pairings,sequence of nucleotides,,,,LET Elementary,General Education,Cannot Determine,No,,Needs Answer,PDF filename identifies BEED; no separate answer key was exposed in extracted PDF text. No answer key found in extracted PDF text.
1618,7,16. 200-ITEMS-BEED-WITH-ANSWER-KEY.pdf,"In humans, food is moved down the esophagus into the stomach by means of?",cyclosis,peptic acids,peristalsis,active transport,,,,LET Elementary,General Education,Cannot Determine,No,,Needs Answer,PDF filename identifies BEED; no separate answer key was exposed in extracted PDF text. No answer key found in extracted PDF text.
1619,7,16. 200-ITEMS-BEED-WITH-ANSWER-KEY.pdf,Chemistry is primarily concerned with the composition and changes of?,nature,matter,man,earth,,,,LET Elementary,General Education,Cannot Determine,No,,Needs Answer,PDF filename identifies BEED; no separate answer key was exposed in extracted PDF text. No answer key found in extracted PDF text.
1620,7,16. 200-ITEMS-BEED-WITH-ANSWER-KEY.pdf,+which of the following is NOT a compound?,Acetic acid,alcohol,magnesium,zinc oxide,,,,LET Elementary,General Education,Cannot Determine,No,,Needs Answer,PDF filename identifies BEED; no separate answer key was exposed in extracted PDF text. No answer key found in extracted PDF text.
1621,7,16. 200-ITEMS-BEED-WITH-ANSWER-KEY.pdf,"The easier the atom loses its electrons, the less its?",Electro- negativity,Atomic radius,number of shells,valence electrons,,,,LET Elementary,General Education,Cannot Determine,No,,Needs Answer,PDF filename identifies BEED; no separate answer key was exposed in extracted PDF text. No answer key found in extracted PDF text.
1622,7,16. 200-ITEMS-BEED-WITH-ANSWER-KEY.pdf,"Geothermal energy, an energy resource in the country, is based on which phenomenon?",Earth’s internal energy heats its surface more than the sun does.,There are concentrations of heat in some places of earth’s crust.,Heat energy from the sun penetrates deep into the earth.,Human activity is the largest source of heat energy on earth.,,,,LET Elementary,General Education,Cannot Determine,No,,Needs Answer,PDF filename identifies BEED; no separate answer key was exposed in extracted PDF text. No answer key found in extracted PDF text.
1623,7,16. 200-ITEMS-BEED-WITH-ANSWER-KEY.pdf,Why do fisher folks catch more fish during the new moon than during the full moon?,Fishes are more active during the new moon because the salt content of water is just right.,Fished look for mates during the new moon.,Fishes go near the surface during the moon because the water is warmer.,Fishes are attracted to the light from the fishing boat which fisherman makes use of during the new moon,,D,,LET Elementary,General Education,Cannot Determine,No,,Ready for Upload,PDF filename identifies BEED; no separate answer key was exposed in extracted PDF text. No answer key found in extracted PDF text. Correct answer copied from an exact duplicate question already answered in the extracted LET files.
1624,7,16. 200-ITEMS-BEED-WITH-ANSWER-KEY.pdf,Bagoong smells because ____________.,Air and volatile particles from bagoong mix and get spoiled further,That is the natural scent of bagoong,Molecules from bagoong spread in air,It uses spoiled fish ingredients,,,,LET Elementary,General Education,Cannot Determine,No,,Needs Answer,PDF filename identifies BEED; no separate answer key was exposed in extracted PDF text. No answer key found in extracted PDF text.
1625,7,16. 200-ITEMS-BEED-WITH-ANSWER-KEY.pdf,Why do people feel their ears pop or crack when they are up in the air?,There are less air particles,There are more air particles,Air is cooler.,Air is cleaner.,,,,LET Elementary,General Education,Cannot Determine,No,,Needs Answer,PDF filename identifies BEED; no separate answer key was exposed in extracted PDF text. No answer key found in extracted PDF text.
1626,7,16. 200-ITEMS-BEED-WITH-ANSWER-KEY.pdf,Why are nights cooler hen the sky is clear than when it is overcast?,Rain falls when water vapor condenses above freezing point .,Cooler air holds less vapor.,The sun is hidden during the night.,There is no cloud cover to prevent heat from escaping.,,,,LET Elementary,General Education,Cannot Determine,No,,Needs Answer,PDF filename identifies BEED; no separate answer key was exposed in extracted PDF text. No answer key found in extracted PDF text.
1627,7,16. 200-ITEMS-BEED-WITH-ANSWER-KEY.pdf,Water covers about 75% of the Earth’s surface and yet some people still do not have enough water to drink. Why? I. Most of world’s water is salty II. Most of our bodies of water are polluted by chemicals. III. Most freshwater are frozen in ice caps.,I and II,"I, II and III",II and III,I and II,,,,LET Elementary,General Education,Cannot Determine,No,,Needs Answer,PDF filename identifies BEED; no separate answer key was exposed in extracted PDF text. No answer key found in extracted PDF text.
1628,8,16. 200-ITEMS-BEED-WITH-ANSWER-KEY.pdf,Children born with a deficiency of thyroxin _______ if deficiency is not checked.,Lose their hair,Have weak bones,grow too rapidly,become mentally retarded,,,,LET Elementary,General Education,Cannot Determine,No,,Needs Answer,PDF filename identifies BEED; no separate answer key was exposed in extracted PDF text. No answer key found in extracted PDF text.
1629,8,16. 200-ITEMS-BEED-WITH-ANSWER-KEY.pdf,An eclipse of the sun throws of the _______.,Moon on the earth,Moon on the sun,earth on the sun,earth on the moon,,,,LET Elementary,General Education,Cannot Determine,No,,Needs Answer,PDF filename identifies BEED; no separate answer key was exposed in extracted PDF text. No answer key found in extracted PDF text.
1630,8,16. 200-ITEMS-BEED-WITH-ANSWER-KEY.pdf,Which of the following best describes a group of cells that work together to perform a function?,Tissue,Organ system D Organism,Organ,,,,,LET Elementary,General Education,Cannot Determine,No,,Needs Answer,PDF filename identifies BEED; no separate answer key was exposed in extracted PDF text. No answer key found in extracted PDF text.
1631,8,16. 200-ITEMS-BEED-WITH-ANSWER-KEY.pdf,Which of the following are duplicated during the process of itosis?,Centromeres,Chromosomes,Chloroplasts,Centrosomes,,,,LET Elementary,General Education,Cannot Determine,No,,Needs Answer,PDF filename identifies BEED; no separate answer key was exposed in extracted PDF text. No answer key found in extracted PDF text.
1632,8,16. 200-ITEMS-BEED-WITH-ANSWER-KEY.pdf,Plants create their own food by absorbing and processing sunlight. The ability to produce one’s own food source is a metabolic process known as _________.,Heterotrophy,Autotrophy,Homotrophy,Ditrophy,,B,,LET Elementary,General Education,Cannot Determine,No,,Ready for Upload,PDF filename identifies BEED; no separate answer key was exposed in extracted PDF text. No answer key found in extracted PDF text. Duplicate or near-duplicate of row 1059. Correct answer copied from an exact duplicate question already answered in the extracted LET files.
1633,8,16. 200-ITEMS-BEED-WITH-ANSWER-KEY.pdf,Which among the following cell organelles does NOT participate in cellular division?,Ribosomes,Chromosomes,Mitotic spindle,Cytoplasm.,,,,LET Elementary,General Education,Cannot Determine,No,,Needs Answer,PDF filename identifies BEED; no separate answer key was exposed in extracted PDF text. No answer key found in extracted PDF text.
1634,8,16. 200-ITEMS-BEED-WITH-ANSWER-KEY.pdf,Which of the following is NOT an example of a naturally-occurring sugar?,Sucrose,Maltose,Glucose,Galactose,,,,LET Elementary,General Education,Cannot Determine,No,,Needs Answer,PDF filename identifies BEED; no separate answer key was exposed in extracted PDF text. No answer key found in extracted PDF text.
1635,8,16. 200-ITEMS-BEED-WITH-ANSWER-KEY.pdf,Which among the following has the most polar bond?,N2,HF,F2,HCI,,,,LET Elementary,General Education,Cannot Determine,No,,Needs Answer,PDF filename identifies BEED; no separate answer key was exposed in extracted PDF text. No answer key found in extracted PDF text.
1636,8,16. 200-ITEMS-BEED-WITH-ANSWER-KEY.pdf,Which among the following elements can be drawn into thin wires and hammered into thin sheets?,Ag,Na,Cu,Sn,,,,LET Elementary,General Education,Cannot Determine,No,,Needs Answer,PDF filename identifies BEED; no separate answer key was exposed in extracted PDF text. No answer key found in extracted PDF text.
1637,8,16. 200-ITEMS-BEED-WITH-ANSWER-KEY.pdf,"Alchemists in ancient Egypt tested gold for purity by remelting it and heating it. If the gold became whiter, it contained _______.",Copper,lead,silver,tin,,,,LET Elementary,General Education,Cannot Determine,No,,Needs Answer,PDF filename identifies BEED; no separate answer key was exposed in extracted PDF text. No answer key found in extracted PDF text.
1638,8,16. 200-ITEMS-BEED-WITH-ANSWER-KEY.pdf,Salts of which of the following metals are added to fireworks to make them brilliant red?,Copper,Barium,Potassium,Strontium,,,,LET Elementary,General Education,Cannot Determine,No,,Needs Answer,PDF filename identifies BEED; no separate answer key was exposed in extracted PDF text. No answer key found in extracted PDF text.
1639,8,16. 200-ITEMS-BEED-WITH-ANSWER-KEY.pdf,What type of lens is a magnifying glass?,Convex,Concave,Plane-Concave,plane Glass,,,,LET Elementary,General Education,Cannot Determine,No,,Needs Answer,PDF filename identifies BEED; no separate answer key was exposed in extracted PDF text. No answer key found in extracted PDF text.
1640,8,16. 200-ITEMS-BEED-WITH-ANSWER-KEY.pdf,Which of the following is NOT a good heat insulator?,Wood,Wool,Feathers,Iron,,,,LET Elementary,General Education,Cannot Determine,No,,Needs Answer,PDF filename identifies BEED; no separate answer key was exposed in extracted PDF text. No answer key found in extracted PDF text.
1641,8,16. 200-ITEMS-BEED-WITH-ANSWER-KEY.pdf,Bending of light rays when they enter a different medium is known as ____?,reflection,refraction,convection,radiation,,,,LET Elementary,General Education,Cannot Determine,No,,Needs Answer,PDF filename identifies BEED; no separate answer key was exposed in extracted PDF text. No answer key found in extracted PDF text.
1642,8,16. 200-ITEMS-BEED-WITH-ANSWER-KEY.pdf,"When a spring is released, its potential energy is converted to ____ energy.",magnetic,electrical,light,kinetic,,,,LET Elementary,General Education,Cannot Determine,No,,Needs Answer,PDF filename identifies BEED; no separate answer key was exposed in extracted PDF text. No answer key found in extracted PDF text.
1643,8,16. 200-ITEMS-BEED-WITH-ANSWER-KEY.pdf,A piece of mud flies off the rim of bicycle wheel. In what direction will it be going immediately after leaving the wheel?,On a line directly away from the center of the wheel.,On a line at a tangent to the edge of the wheel.,On a curved path moving around the wheel.,On a straight line directed somewhere between the center and the edge.,,,,LET Elementary,General Education,Cannot Determine,No,,Needs Answer,PDF filename identifies BEED; no separate answer key was exposed in extracted PDF text. No answer key found in extracted PDF text.
1644,9,16. 200-ITEMS-BEED-WITH-ANSWER-KEY.pdf,Trace the energy transformation when a flashlight is on.,Chemical -------à light ---------à electrical,Electrical --------à chemical ------à light,Chemical -------à electrical -------à light,Electrical--------à light --------à chemical,,,,LET Elementary,General Education,Cannot Determine,No,,Needs Answer,PDF filename identifies BEED; no separate answer key was exposed in extracted PDF text. No answer key found in extracted PDF text.
1645,9,16. 200-ITEMS-BEED-WITH-ANSWER-KEY.pdf,What is the largest organ in the human body?,Skin,Liver,Heart,Brain,,,,LET Elementary,General Education,Cannot Determine,No,,Needs Answer,PDF filename identifies BEED; no separate answer key was exposed in extracted PDF text. No answer key found in extracted PDF text.
1646,9,16. 200-ITEMS-BEED-WITH-ANSWER-KEY.pdf,Why are shadows formed?,Light travels through opaque objects.,Light is reflected.,Light is refracted.,Light travels in a straight line.,,,,LET Elementary,General Education,Cannot Determine,No,,Needs Answer,PDF filename identifies BEED; no separate answer key was exposed in extracted PDF text. No answer key found in extracted PDF text.
1647,9,16. 200-ITEMS-BEED-WITH-ANSWER-KEY.pdf,What characteristic/s of government is established by the 1987 Constitutions? I. Presidential system of government with three branches II. Parliamentary system of government III. The three branches of government are separate and independent of one another. IV. The three branches of government have a check and balance over another.,I only,II only,"II, III, and IV","I, III and IV",,,,LET Elementary,General Education,Cannot Determine,No,,Needs Answer,PDF filename identifies BEED; no separate answer key was exposed in extracted PDF text. No answer key found in extracted PDF text.
1648,9,16. 200-ITEMS-BEED-WITH-ANSWER-KEY.pdf,"If our present government is a democracy, where does power reside?",In the Filipino People,In Congress,In the President,In the Supreme Court,,,,LET Elementary,General Education,Cannot Determine,No,,Needs Answer,PDF filename identifies BEED; no separate answer key was exposed in extracted PDF text. No answer key found in extracted PDF text.
1649,9,16. 200-ITEMS-BEED-WITH-ANSWER-KEY.pdf,"In President Quezon’s time, the country had the Philippine Commonwealth. What is TRUE about the Philippine Commonwealth? The Filipino people_______.",Were fully independent,Were partially independent,Were granted total freedom to course their destiny in matters of education,Were citizens of the United States.,,,,LET Elementary,General Education,Cannot Determine,No,,Needs Answer,PDF filename identifies BEED; no separate answer key was exposed in extracted PDF text. No answer key found in extracted PDF text.
1650,9,16. 200-ITEMS-BEED-WITH-ANSWER-KEY.pdf,"With the Batasang Pambansa perfoming legislative and executive powers in the Marcos regime, which form of government was implemented?",Parliamentary,Dictatorial,Monarchical,Presidential,,,,LET Elementary,General Education,Cannot Determine,No,,Needs Answer,PDF filename identifies BEED; no separate answer key was exposed in extracted PDF text. No answer key found in extracted PDF text.
1651,9,16. 200-ITEMS-BEED-WITH-ANSWER-KEY.pdf,What form of government is characterized by the separations of powers?,Parliamentary,Presidential,Aristocracy,Monarchical,,,,LET Elementary,General Education,Cannot Determine,No,,Needs Answer,PDF filename identifies BEED; no separate answer key was exposed in extracted PDF text. No answer key found in extracted PDF text.
1652,9,16. 200-ITEMS-BEED-WITH-ANSWER-KEY.pdf,To which of political system do we belong?,Colonialism,Totalitarianism,Democracy,Capitalism,,,,LET Elementary,General Education,Cannot Determine,No,,Needs Answer,PDF filename identifies BEED; no separate answer key was exposed in extracted PDF text. No answer key found in extracted PDF text.
1653,9,16. 200-ITEMS-BEED-WITH-ANSWER-KEY.pdf,"The Philippine government is divided into three branches: executive, legislative and judiciary. Which among the following doctrines best describes the model of governance in the Philippines?",Tricameralism,Separation of powers,Emancipation of state,Division of labor,,B,,LET Elementary,General Education,Cannot Determine,No,,Ready for Upload,PDF filename identifies BEED; no separate answer key was exposed in extracted PDF text. No answer key found in extracted PDF text. Correct answer copied from an exact duplicate question already answered in the extracted LET files.
1654,9,16. 200-ITEMS-BEED-WITH-ANSWER-KEY.pdf,What law was passed by Philippine Congress in 1995 which affirms the total integration of persons with disabilities into the mainstream of society?,Republic Act No. 7277,Republic Act No. 7784,Republic Act No. 7722,Republic Act No. 7776,,A,,LET Elementary,General Education,Cannot Determine,No,,Ready for Upload,PDF filename identifies BEED; no separate answer key was exposed in extracted PDF text. No answer key found in extracted PDF text. Duplicate or near-duplicate of row 1110. Correct answer copied from an exact duplicate question already answered in the extracted LET files.
1655,10,16. 200-ITEMS-BEED-WITH-ANSWER-KEY.pdf,An individual has the right to file writ of amparo before the investigation of an administrative case filed against him/her. What fundamental right is invoked by the individual?,"Right to life, liberty and security",Right to due process,Right to be defended by a public attorney,Right to self-defense,,,,LET Elementary,General Education,Cannot Determine,No,,Needs Answer,PDF filename identifies BEED; no separate answer key was exposed in extracted PDF text. No answer key found in extracted PDF text.
1656,10,16. 200-ITEMS-BEED-WITH-ANSWER-KEY.pdf,What is the writ of habeas data?,Right to information privacy,Right to accumulate data,Right to transmit data,Right to search for private information,,,,LET Elementary,General Education,Cannot Determine,No,,Needs Answer,PDF filename identifies BEED; no separate answer key was exposed in extracted PDF text. No answer key found in extracted PDF text.
1657,10,16. 200-ITEMS-BEED-WITH-ANSWER-KEY.pdf,Who does the canvassing of votes for President and Vice President in every election?,Comelec and Chief Justice,Senate and Congress,Supreme Court and Congress,Joint committee of Congress,,,,LET Elementary,General Education,Cannot Determine,No,,Needs Answer,PDF filename identifies BEED; no separate answer key was exposed in extracted PDF text. No answer key found in extracted PDF text.
1658,10,16. 200-ITEMS-BEED-WITH-ANSWER-KEY.pdf,Which department has the authority to make laws and to alter them when needed?,Executive,Legislative,Judicial,Administrative,,A,,LET Elementary,General Education,Cannot Determine,No,,Ready for Upload,PDF filename identifies BEED; no separate answer key was exposed in extracted PDF text. No answer key found in extracted PDF text. Correct answer copied from an exact duplicate question already answered in the extracted LET files.
1659,10,16. 200-ITEMS-BEED-WITH-ANSWER-KEY.pdf,Who has the power to declare the existence of a state of war?,Chief Justice,President,Senate President,Congress,,A,,LET Elementary,General Education,Cannot Determine,No,,Ready for Upload,PDF filename identifies BEED; no separate answer key was exposed in extracted PDF text. No answer key found in extracted PDF text. Correct answer copied from an exact duplicate question already answered in the extracted LET files.
1660,10,16. 200-ITEMS-BEED-WITH-ANSWER-KEY.pdf,A losing senatorial candidate may file a protest against the winner. What body will assume jurisdiction over the case,Supreme Court,Electoral Tribunal,COMELEC,Regional Trial Court,,B,,LET Elementary,General Education,Cannot Determine,No,,Ready for Upload,PDF filename identifies BEED; no separate answer key was exposed in extracted PDF text. No answer key found in extracted PDF text. Correct answer copied from an exact duplicate question already answered in the extracted LET files.
1661,10,16. 200-ITEMS-BEED-WITH-ANSWER-KEY.pdf,"The Philippine revolts against Spain, the Philippine-American War, the Muslim rebellion, the NPA, the MILF and Abu Sayyaf movement point to the reality of ________ in the Philippines.",multi-ethnicity,poverty,,insurgency,,,,LET Elementary,General Education,Cannot Determine,No,,Needs Answer,PDF filename identifies BEED; no separate answer key was exposed in extracted PDF text. No answer key found in extracted PDF text.
1662,10,16. 200-ITEMS-BEED-WITH-ANSWER-KEY.pdf,With whom is the “Strong Republic” associated?,Fidel V. Ramos,Joseph Estrada,Gloria macapagal- Arroyo,Corazon Aquino,,,,LET Elementary,General Education,Cannot Determine,No,,Needs Answer,PDF filename identifies BEED; no separate answer key was exposed in extracted PDF text. No answer key found in extracted PDF text.
1663,10,16. 200-ITEMS-BEED-WITH-ANSWER-KEY.pdf,Who is the general who said “I shall return!”? A monument in his honor stands in Corregidor by the bay.,William H. Taft,Douglas McArthur,John Dewey,Schumann,,,,LET Elementary,General Education,Cannot Determine,No,,Needs Answer,PDF filename identifies BEED; no separate answer key was exposed in extracted PDF text. No answer key found in extracted PDF text.
1664,10,16. 200-ITEMS-BEED-WITH-ANSWER-KEY.pdf,The late president Ferdinand Marcos placed the Philippines under Martial Law through which of the following laws?,274,R.,Proclamation 1081,Kautusang Tagapagpaganap blg. 25 s. 1974,,A,,LET Elementary,General Education,Cannot Determine,No,,Ready for Upload,PDF filename identifies BEED; no separate answer key was exposed in extracted PDF text. No answer key found in extracted PDF text. Correct answer copied from an exact duplicate question already answered in the extracted LET files.
1665,10,16. 200-ITEMS-BEED-WITH-ANSWER-KEY.pdf,Which one CORRECTLY applies to Philippine foreign trade?,Philippine expenditure exports and earning from imports fluctuate.,The Philippines spends less on imports than it earns from exports.,The Philippines expenditure on imports is balanced with its earnings from exports.,The Philippines spends more on imports than it earns from exports.,,,,LET Elementary,General Education,Cannot Determine,No,,Needs Answer,PDF filename identifies BEED; no separate answer key was exposed in extracted PDF text. No answer key found in extracted PDF text.
1666,10,16. 200-ITEMS-BEED-WITH-ANSWER-KEY.pdf,"Among the developing Asian nations, which of the following is widely promoted to be the better solutions to poverty and unemployment?",Privatization,Urbanization,Industrialization,Importation,,,,LET Elementary,General Education,Cannot Determine,No,,Needs Answer,PDF filename identifies BEED; no separate answer key was exposed in extracted PDF text. No answer key found in extracted PDF text.
1667,11,16. 200-ITEMS-BEED-WITH-ANSWER-KEY.pdf,CARP’s (Comprehensive Agrarian Reform Programs) primary aim or purpose.,"Make the tiller the owner of the land he cultivates- RA 6657 on June 10, 1988",Achieve a dignified existence for small farmers,"Provide the necessary support facilities, institutions and services",Provide credit facilities like loans and financing,,,,LET Elementary,General Education,Cannot Determine,No,,Needs Answer,PDF filename identifies BEED; no separate answer key was exposed in extracted PDF text. No answer key found in extracted PDF text.
1668,11,16. 200-ITEMS-BEED-WITH-ANSWER-KEY.pdf,World body with 143 member-countries that set governing rules in economic relations and trade.,World Trade Organizations,General Agreement on Tariffs and Trade,United Nations,U.N. Conference on Trade and Development,,,,LET Elementary,General Education,Cannot Determine,No,,Needs Answer,PDF filename identifies BEED; no separate answer key was exposed in extracted PDF text. No answer key found in extracted PDF text.
1669,11,16. 200-ITEMS-BEED-WITH-ANSWER-KEY.pdf,"This law allows college students to choose among the 3 component programs of national service namely ROTC, literacy training service or civic welfare training.",National Service Training program Act (NSTP Act),Civil Service Act,National Defense Service Act,National Integrated Service Act.,,,,LET Elementary,General Education,Cannot Determine,No,,Needs Answer,PDF filename identifies BEED; no separate answer key was exposed in extracted PDF text. No answer key found in extracted PDF text.
1670,11,16. 200-ITEMS-BEED-WITH-ANSWER-KEY.pdf,Social stratification is the system used in assigning men their respective ranks in the society based on?,"One’s social stratum to another laterally, horizontally or vertically",Acquired social and cultural heritage of his society,"Factors such as income, wealth, education, work and lifestyle",The person’s view on his social position in the society,,,,LET Elementary,General Education,Cannot Determine,No,,Needs Answer,PDF filename identifies BEED; no separate answer key was exposed in extracted PDF text. No answer key found in extracted PDF text.
1671,11,16. 200-ITEMS-BEED-WITH-ANSWER-KEY.pdf,"A society that gives importance and adopts the democratic view of education, places great emphasis by.",Requiring compulsory schooling for all its’ citizens,Choosing excellent people to run the educational system,Requiring the use of excellent textbooks,Recognizing the dignity of all individuals?,,,,LET Elementary,General Education,Cannot Determine,No,,Needs Answer,PDF filename identifies BEED; no separate answer key was exposed in extracted PDF text. No answer key found in extracted PDF text.
1672,11,16. 200-ITEMS-BEED-WITH-ANSWER-KEY.pdf,Refers to the passing of culture to the next generations,Religion,education,arts,language,,,,LET Elementary,General Education,Cannot Determine,No,,Needs Answer,PDF filename identifies BEED; no separate answer key was exposed in extracted PDF text. No answer key found in extracted PDF text.
1673,11,16. 200-ITEMS-BEED-WITH-ANSWER-KEY.pdf,It is the important basis in the formation of social unit in a society.,Mutual interest,Age and sex,kinship,education,,,,LET Elementary,General Education,Cannot Determine,No,,Needs Answer,PDF filename identifies BEED; no separate answer key was exposed in extracted PDF text. No answer key found in extracted PDF text.
1674,11,16. 200-ITEMS-BEED-WITH-ANSWER-KEY.pdf,The secret society Jose Rizal established designed to promote civic and patriotic education among the Filipinos.,La Liga Filipina,Companerismo,Propaganda,La Juventud,,,,LET Elementary,General Education,Cannot Determine,No,,Needs Answer,PDF filename identifies BEED; no separate answer key was exposed in extracted PDF text. No answer key found in extracted PDF text.
1675,11,16. 200-ITEMS-BEED-WITH-ANSWER-KEY.pdf,The major purpose of taxation.,Provides State income,Redistribute the monetary resource,Lessen the disposable income,Controls financial deficit,,,,LET Elementary,General Education,Cannot Determine,No,,Needs Answer,PDF filename identifies BEED; no separate answer key was exposed in extracted PDF text. No answer key found in extracted PDF text.
1676,11,16. 200-ITEMS-BEED-WITH-ANSWER-KEY.pdf,A policy that controls taxes and government expenditures.,Monetary policy,Fiscal policy,trade policy,investment policy,,,,LET Elementary,General Education,Cannot Determine,No,,Needs Answer,PDF filename identifies BEED; no separate answer key was exposed in extracted PDF text. No answer key found in extracted PDF text.
1677,11,16. 200-ITEMS-BEED-WITH-ANSWER-KEY.pdf,"Rousseau advised, “Have a good bank account, a good cook and a good digestion.” What is being referred to?",Duty,Family,Security,Investment,,,,LET Elementary,General Education,Cannot Determine,No,,Needs Answer,PDF filename identifies BEED; no separate answer key was exposed in extracted PDF text. No answer key found in extracted PDF text.
1678,12,16. 200-ITEMS-BEED-WITH-ANSWER-KEY.pdf,"Parents admit that text messaging is an easy means of knowing their children’s whereabouts. However, they are worried about its effect on ________________.",shortening messages effectively,ability to guess words correctly,ability to spell words correctly,communicating through guessing,,,,LET Elementary,General Education,Cannot Determine,No,,Needs Answer,PDF filename identifies BEED; no separate answer key was exposed in extracted PDF text. No answer key found in extracted PDF text.
1679,12,16. 200-ITEMS-BEED-WITH-ANSWER-KEY.pdf,Which is the correct sequence of the sentences in the text below? (1) The image of a good teacher is one who is constantly reflecting about how best to help different types of learners learn. (2) The National Competency-Based Standards (NCBTS) defines a new paradigm of teaching where the teacher is viewed as a knowledge professional who is responsible for facilitating learning. (3) Good teaching is defined in terms of those practices that helps students learn better. (4) Competency-based means that the standards or criteria for characterizing good teaching are defined in terms of what the teacher is competent to do. (5) The NCBTS can be used as a self-assessment tool for professional development,"4, 1, 3, 5, 2","3, 4, 5, 1, 2","1,2,4,5,3","2,4,3,1,5",,,,LET Elementary,General Education,Cannot Determine,No,,Needs Answer,PDF filename identifies BEED; no separate answer key was exposed in extracted PDF text. No answer key found in extracted PDF text.
1680,12,16. 200-ITEMS-BEED-WITH-ANSWER-KEY.pdf,"Your father is paying for your plane ticket, _____ ?",is he,isn’t it,aren’t you,isn’t he,,,,LET Elementary,General Education,Cannot Determine,No,,Needs Answer,PDF filename identifies BEED; no separate answer key was exposed in extracted PDF text. No answer key found in extracted PDF text.
1681,12,16. 200-ITEMS-BEED-WITH-ANSWER-KEY.pdf,Alin dito ang ginagamit sa pagtuturo ng panitikan lalo na sa pagkasunod-sunod ng mga pangyayari sa kwento?,Decoding,Story frame,Story grammar,Character wed,,,,LET Elementary,General Education,Cannot Determine,No,,Needs Answer,PDF filename identifies BEED; no separate answer key was exposed in extracted PDF text. No answer key found in extracted PDF text.
1682,12,16. 200-ITEMS-BEED-WITH-ANSWER-KEY.pdf,One angle of a parallelogram is 35? What are the measure s of the three other angles?,"85°, 135°, 140°","145°, 35°, 145°","35°, 65°, 65°","45°, 65°, 170°",,,,LET Elementary,General Education,Cannot Determine,No,,Needs Answer,PDF filename identifies BEED; no separate answer key was exposed in extracted PDF text. No answer key found in extracted PDF text.
1683,12,16. 200-ITEMS-BEED-WITH-ANSWER-KEY.pdf,The edge of a rectangle solid have these measures: 1.5 feet x ½ feet by 3 inches. What is its volume in cubic inches?,225,272,324,27,,,,LET Elementary,General Education,Cannot Determine,No,,Needs Answer,PDF filename identifies BEED; no separate answer key was exposed in extracted PDF text. No answer key found in extracted PDF text.
1684,12,16. 200-ITEMS-BEED-WITH-ANSWER-KEY.pdf,"In a certain school, the ratio of boys to girls is 3 to 7. If there are 150 boys and girls in the school, how many boys are there?",75,90,105,45,,,,LET Elementary,General Education,Cannot Determine,No,,Needs Answer,PDF filename identifies BEED; no separate answer key was exposed in extracted PDF text. No answer key found in extracted PDF text.
1685,12,16. 200-ITEMS-BEED-WITH-ANSWER-KEY.pdf,A water tank contains 86 liters when it is 20% full. How many liters does it contain when it is 75% full?,331,150,322.5,320,,,,LET Elementary,General Education,Cannot Determine,No,,Needs Answer,PDF filename identifies BEED; no separate answer key was exposed in extracted PDF text. No answer key found in extracted PDF text.
1686,12,16. 200-ITEMS-BEED-WITH-ANSWER-KEY.pdf,"If x= 3 and y= 2, then 2x + 3y = ___________.",14,10,12,5,,,,LET Elementary,General Education,Cannot Determine,No,,Needs Answer,PDF filename identifies BEED; no separate answer key was exposed in extracted PDF text. No answer key found in extracted PDF text.
1687,12,16. 200-ITEMS-BEED-WITH-ANSWER-KEY.pdf,Which of the following has the largest value?,39,93,.75,64,,A,,LET Elementary,General Education,Cannot Determine,No,,Ready for Upload,PDF filename identifies BEED; no separate answer key was exposed in extracted PDF text. No answer key found in extracted PDF text. Duplicate or near-duplicate of row 420. Correct answer copied from an exact duplicate question already answered in the extracted LET files.
1688,12,16. 200-ITEMS-BEED-WITH-ANSWER-KEY.pdf,Which of these three fractions has the largest value?,3/4,4/15,12/24,5/9,,,,LET Elementary,General Education,Cannot Determine,No,,Needs Answer,PDF filename identifies BEED; no separate answer key was exposed in extracted PDF text. No answer key found in extracted PDF text.
1689,12,16. 200-ITEMS-BEED-WITH-ANSWER-KEY.pdf,The vertex angle of an isosceles triangle is 30 deg. What is the measure of one of the base angles?,70°,75°,150°,60°,,,,LET Elementary,General Education,Cannot Determine,No,,Needs Answer,PDF filename identifies BEED; no separate answer key was exposed in extracted PDF text. No answer key found in extracted PDF text.
1690,12,16. 200-ITEMS-BEED-WITH-ANSWER-KEY.pdf,Which of these has a value different from the other three?,.15,12/75,3/20,15%,,,,LET Elementary,General Education,Cannot Determine,No,,Needs Answer,PDF filename identifies BEED; no separate answer key was exposed in extracted PDF text. No answer key found in extracted PDF text.
1691,13,16. 200-ITEMS-BEED-WITH-ANSWER-KEY.pdf,What kind of mirror used in cars to give the driver a wider area and smaller image of the traffic behind him/her?,Double concave,Convex,Concave,Plane,,,,LET Elementary,General Education,Cannot Determine,No,,Needs Answer,PDF filename identifies BEED; no separate answer key was exposed in extracted PDF text. No answer key found in extracted PDF text.
1692,13,16. 200-ITEMS-BEED-WITH-ANSWER-KEY.pdf,You inherited tallness from your father. Physical traits are transmitted from parents to offsprings through _____________.,Gametes,Genes,Chromosomes,Alleles,,,,LET Elementary,General Education,Cannot Determine,No,,Needs Answer,PDF filename identifies BEED; no separate answer key was exposed in extracted PDF text. No answer key found in extracted PDF text.
1693,13,16. 200-ITEMS-BEED-WITH-ANSWER-KEY.pdf,"When you carry a heavy load with one arm, you tend to hold your free hand away from your body in order to _______________.",Change the weight of your body and load.,Change the mass of your body.,Change the center of the gravity of your body and load.,Be ready to grab something in case you fall.,,,,LET Elementary,General Education,Cannot Determine,No,,Needs Answer,PDF filename identifies BEED; no separate answer key was exposed in extracted PDF text. No answer key found in extracted PDF text.
1694,13,16. 200-ITEMS-BEED-WITH-ANSWER-KEY.pdf,Jane placed some mothballs inside her cabinet. After a week they were all gone. What happened to the mothballs?,They condensed.,They melted.,They were dissolved by water in air.,They sublimed.,,,,LET Elementary,General Education,Cannot Determine,No,,Needs Answer,PDF filename identifies BEED; no separate answer key was exposed in extracted PDF text. No answer key found in extracted PDF text.
1695,13,16. 200-ITEMS-BEED-WITH-ANSWER-KEY.pdf,Which is a destructive fishing method wherein fishes are driven out of coral reef by pounding the corals with a heavy weight?,Cyanide fishing,Reef fishing,Corals entrapping,Muro-ami,,,,LET Elementary,General Education,Cannot Determine,No,,Needs Answer,PDF filename identifies BEED; no separate answer key was exposed in extracted PDF text. No answer key found in extracted PDF text.
1696,13,16. 200-ITEMS-BEED-WITH-ANSWER-KEY.pdf,The voltage across a transformerprimary coil that has 100 turns in 10V. What is the voltage across the secondary coil has 20 V turns?,20V,100V,2V,10V,,,,LET Elementary,General Education,Cannot Determine,No,,Needs Answer,PDF filename identifies BEED; no separate answer key was exposed in extracted PDF text. No answer key found in extracted PDF text.
1697,13,16. 200-ITEMS-BEED-WITH-ANSWER-KEY.pdf,Which statement is FALSE?,The gas phase has the least kinetic energy.,Solids and liquids have more molecules per unit volume.,Solid particles have the strongest attractive forces in between.,Molecules of solids and liquids are more closely packed than those in gasses.,,,,LET Elementary,General Education,Cannot Determine,No,,Needs Answer,PDF filename identifies BEED; no separate answer key was exposed in extracted PDF text. No answer key found in extracted PDF text.
1698,13,16. 200-ITEMS-BEED-WITH-ANSWER-KEY.pdf,What may occur when there is a severe damage to some parts of the brain due to lack of blood supply?,Heart attack,Thrombosis,Stroke,Rheumatic heart,,,,LET Elementary,General Education,Cannot Determine,No,,Needs Answer,PDF filename identifies BEED; no separate answer key was exposed in extracted PDF text. No answer key found in extracted PDF text.
1699,13,16. 200-ITEMS-BEED-WITH-ANSWER-KEY.pdf,"Which has the higher specific heat capacity, water or sand?",Sand,Water,Neither sand nor water,Both,,,,LET Elementary,General Education,Cannot Determine,No,,Needs Answer,PDF filename identifies BEED; no separate answer key was exposed in extracted PDF text. No answer key found in extracted PDF text.
1700,13,16. 200-ITEMS-BEED-WITH-ANSWER-KEY.pdf,How can we prevent developing osteoporosis?,Adequate intake of vitamins A and,Less exercise to decrease bone density.,Adequate intake of calcium and vitamin,Estrogen replacement therapy.,,,,LET Elementary,General Education,Cannot Determine,No,,Needs Answer,PDF filename identifies BEED; no separate answer key was exposed in extracted PDF text. No answer key found in extracted PDF text.
1701,13,16. 200-ITEMS-BEED-WITH-ANSWER-KEY.pdf,Of the state of matter which has the weakest intermolecular force of attraction?,Solid,Plasma,Liquid,Gas,,,,LET Elementary,General Education,Cannot Determine,No,,Needs Answer,PDF filename identifies BEED; no separate answer key was exposed in extracted PDF text. No answer key found in extracted PDF text.
1702,13,16. 200-ITEMS-BEED-WITH-ANSWER-KEY.pdf,"If I were you, I _____ not be joining the contestant.",Will,Were,Would,Will be,,,,LET Elementary,General Education,Cannot Determine,No,,Needs Answer,PDF filename identifies BEED; no separate answer key was exposed in extracted PDF text. No answer key found in extracted PDF text.
1703,13,16. 200-ITEMS-BEED-WITH-ANSWER-KEY.pdf,"We _____adhere to the school's policy that ''no down payment, no enrollment.",Strict,Strictness,Strictly,Strictest,,,,LET Elementary,General Education,Cannot Determine,No,,Needs Answer,PDF filename identifies BEED; no separate answer key was exposed in extracted PDF text. No answer key found in extracted PDF text.
1704,14,16. 200-ITEMS-BEED-WITH-ANSWER-KEY.pdf,"It's a necessity, I _____ see my thesis adviser.",Could,Shall,May,Need to,,,,LET Elementary,General Education,Cannot Determine,No,,Needs Answer,PDF filename identifies BEED; no separate answer key was exposed in extracted PDF text. No answer key found in extracted PDF text.
1705,14,16. 200-ITEMS-BEED-WITH-ANSWER-KEY.pdf,"If you had saved your money, you _____ your nephew to school.",Would send,Send,would have send,will send,,,,LET Elementary,General Education,Cannot Determine,No,,Needs Answer,PDF filename identifies BEED; no separate answer key was exposed in extracted PDF text. No answer key found in extracted PDF text.
1706,14,16. 200-ITEMS-BEED-WITH-ANSWER-KEY.pdf,The school director suggests that the suspended student _____ a written explanation.,Makes,Make,Made,Will make,,,,LET Elementary,General Education,Cannot Determine,No,,Needs Answer,PDF filename identifies BEED; no separate answer key was exposed in extracted PDF text. No answer key found in extracted PDF text.
1707,14,16. 200-ITEMS-BEED-WITH-ANSWER-KEY.pdf,"I want to find out which is better _____ Superman, X-men and Spider man.",Between,From,Among,With,,,,LET Elementary,General Education,Cannot Determine,No,,Needs Answer,PDF filename identifies BEED; no separate answer key was exposed in extracted PDF text. No answer key found in extracted PDF text.
1708,14,16. 200-ITEMS-BEED-WITH-ANSWER-KEY.pdf,"The area of the rectangle on the right is (x2 + x - 12). If it’s length is x + 4, what is it’s width?",X-3,X + 6,x + 1,x + 2,,,,LET Elementary,General Education,Cannot Determine,No,,Needs Answer,PDF filename identifies BEED; no separate answer key was exposed in extracted PDF text. No answer key found in extracted PDF text.
1709,14,16. 200-ITEMS-BEED-WITH-ANSWER-KEY.pdf,"The legs of one right triangle are 9 and 12, while those of another right triangle are 12 and 16. How much longer is the perimeter of the larger than the perimeter of the smaller triangle?",12,7,84,14,,,,LET Elementary,General Education,Cannot Determine,No,,Needs Answer,PDF filename identifies BEED; no separate answer key was exposed in extracted PDF text. No answer key found in extracted PDF text.
1710,14,16. 200-ITEMS-BEED-WITH-ANSWER-KEY.pdf,The edges of a cubical frame are made from plastic straws. How much longer is the total length of the plastic edges of a cube whose edges is 10 cm compared to a cube whose edge is 8 cm?,16 cm,32 cm,24 cm,8 cm,,,,LET Elementary,General Education,Cannot Determine,No,,Needs Answer,PDF filename identifies BEED; no separate answer key was exposed in extracted PDF text. No answer key found in extracted PDF text.
1711,14,16. 200-ITEMS-BEED-WITH-ANSWER-KEY.pdf,"In a Mathematics test, 35 students passed and 30 % failed. How many students took the test?",60,40,30,50-answer,,,,LET Elementary,General Education,Cannot Determine,No,,Needs Answer,PDF filename identifies BEED; no separate answer key was exposed in extracted PDF text. No answer key found in extracted PDF text.
1712,14,16. 200-ITEMS-BEED-WITH-ANSWER-KEY.pdf,"Each bag of rice contains 50 kg. what would be the increase in price if the cost of one bag of rice goes from P 950.00 to P 1,200.00?",P 250.00,P 7.50,P 3.75,P 5.00,,,,LET Elementary,General Education,Cannot Determine,No,,Needs Answer,PDF filename identifies BEED; no separate answer key was exposed in extracted PDF text. No answer key found in extracted PDF text.
1713,14,16. 200-ITEMS-BEED-WITH-ANSWER-KEY.pdf,How much greater is the sum of the first 20 counting numbers greater than the sum of the first 10 counting numbers?,55,155,100,110,,,,LET Elementary,General Education,Cannot Determine,No,,Needs Answer,PDF filename identifies BEED; no separate answer key was exposed in extracted PDF text. No answer key found in extracted PDF text.
1714,14,16. 200-ITEMS-BEED-WITH-ANSWER-KEY.pdf,"A child can be admitted to Grade 1 if he/she is at least 5 years and 10 months old by June of the school year. Which of these dates of birth will be DISQUALIFY a child from being admitted to Grade 1 on June 15, 2009?","June 10,2003","Jan. 10,2003","April 30,2003Note:All will qualify; answer the closest","May 5, 2003",,C,,LET Elementary,General Education,Cannot Determine,No,,Ready for Upload,PDF filename identifies BEED; no separate answer key was exposed in extracted PDF text. No answer key found in extracted PDF text. Correct answer recovered from bold/highlighted answer choice in the PDF.
1715,14,16. 200-ITEMS-BEED-WITH-ANSWER-KEY.pdf,Which of these numbers CANNOT possibly be a square number? Should be CAN,10217356,2916488,35366809,262758,,C,,LET Elementary,General Education,Cannot Determine,No,,Ready for Upload,PDF filename identifies BEED; no separate answer key was exposed in extracted PDF text. No answer key found in extracted PDF text. Correct answer recovered from bold/highlighted answer choice in the PDF.
1716,14,16. 200-ITEMS-BEED-WITH-ANSWER-KEY.pdf,"In the following numbers, which digit is in the thousandths place?",9,4,"3 Note: no answer, if the question is the place value of thousandths, 3 is the answer. It should have a given",6,,C,,LET Elementary,General Education,Cannot Determine,No,,Ready for Upload,PDF filename identifies BEED; no separate answer key was exposed in extracted PDF text. No answer key found in extracted PDF text. Correct answer recovered from bold/highlighted answer choice in the PDF.
1717,14,16. 200-ITEMS-BEED-WITH-ANSWER-KEY.pdf,"At what rate of interest should P 2,400 be invested so that it will earn P880 in 8 months?",6 ½%,5 ½ % should be 55%,5%,6%,,B,,LET Elementary,General Education,Cannot Determine,No,,Ready for Upload,PDF filename identifies BEED; no separate answer key was exposed in extracted PDF text. No answer key found in extracted PDF text. Correct answer recovered from bold/highlighted answer choice in the PDF.
1718,14,16. 200-ITEMS-BEED-WITH-ANSWER-KEY.pdf,How many vertices does a rectangular solid have?,6,12,4,8,,D,,LET Elementary,General Education,Cannot Determine,No,,Ready for Upload,PDF filename identifies BEED; no separate answer key was exposed in extracted PDF text. No answer key found in extracted PDF text. Correct answer recovered from bold/highlighted answer choice in the PDF.
1719,14,16. 200-ITEMS-BEED-WITH-ANSWER-KEY.pdf,"If July 12, 2003 fell on a Tuesday, on what day will July 12, 2009 fall?",Monday without considering leap years; answer is WED,Sunday,Friday,Thursday,,A,,LET Elementary,General Education,Cannot Determine,No,,Ready for Upload,PDF filename identifies BEED; no separate answer key was exposed in extracted PDF text. No answer key found in extracted PDF text. Correct answer recovered from bold/highlighted answer choice in the PDF.
1720,15,16. 200-ITEMS-BEED-WITH-ANSWER-KEY.pdf,"Which number is wrong in the sequence? What should the number be for the sequence to be CORRECT? 5,15,16,48, 144, 147, 148, 444….",144; it should be 29,144; it should be 132,48; it should be 18,147; it should be 145,,D,,LET Elementary,General Education,Cannot Determine,No,,Ready for Upload,PDF filename identifies BEED; no separate answer key was exposed in extracted PDF text. No answer key found in extracted PDF text. Correct answer recovered from bold/highlighted answer choice in the PDF.
1721,15,16. 200-ITEMS-BEED-WITH-ANSWER-KEY.pdf,The prevailing wind systems experienced in the Philippines are _________________.,Northwest and Southeast monsoon,North and South monsoon,East and West monsoon,Northeast and Southwest monsoon,,D,,LET Elementary,General Education,Cannot Determine,No,,Ready for Upload,PDF filename identifies BEED; no separate answer key was exposed in extracted PDF text. No answer key found in extracted PDF text. Correct answer recovered from bold/highlighted answer choice in the PDF.
1722,15,16. 200-ITEMS-BEED-WITH-ANSWER-KEY.pdf,The direct transformation of a solid into gas phase without passing through the liquid phase is called _________________.,Compression,Sublimation,Freeze drying,Evaporation,,B,,LET Elementary,General Education,Cannot Determine,No,,Ready for Upload,PDF filename identifies BEED; no separate answer key was exposed in extracted PDF text. No answer key found in extracted PDF text. Correct answer recovered from bold/highlighted answer choice in the PDF.
1723,15,16. 200-ITEMS-BEED-WITH-ANSWER-KEY.pdf,Ang butong tinangay ng aso walang pagsawang nilawayan nito. Ang kaisipang ito ay tumutukoy sa katotohanan ng _______________.,Pagtatanan,Pagpapakain,Pakikipagkaibigan,Pagnanakaw,,D,,LET Elementary,General Education,Cannot Determine,No,,Ready for Upload,PDF filename identifies BEED; no separate answer key was exposed in extracted PDF text. No answer key found in extracted PDF text. Correct answer recovered from bold/highlighted answer choice in the PDF.
1724,15,16. 200-ITEMS-BEED-WITH-ANSWER-KEY.pdf,Ano ang kahulugan ng tagbising panahon?,Tag-lamig,Tag-ulan,Tag-tuyot,Tag-init,,C,,LET Elementary,General Education,Cannot Determine,No,,Ready for Upload,PDF filename identifies BEED; no separate answer key was exposed in extracted PDF text. No answer key found in extracted PDF text. Correct answer recovered from bold/highlighted answer choice in the PDF.
1725,15,16. 200-ITEMS-BEED-WITH-ANSWER-KEY.pdf,"Kung ang awit ng pag-iibigan ay kundiman, ano naman sa Bisaya?",Kumintang,Sambotani,Diona,Talindaw,,,,LET Elementary,General Education,Cannot Determine,No,,Needs Answer,PDF filename identifies BEED; no separate answer key was exposed in extracted PDF text. No answer key found in extracted PDF text.
1726,15,16. 200-ITEMS-BEED-WITH-ANSWER-KEY.pdf,“ Kung anong bukambibig siyang laman ng dibdib”. Ito ay isanguring ___________.,Tugmaan,Tula,Bugtong,Salawikai,,D,,LET Elementary,General Education,Cannot Determine,No,,Ready for Upload,PDF filename identifies BEED; no separate answer key was exposed in extracted PDF text. No answer key found in extracted PDF text. Correct answer recovered from bold/highlighted answer choice in the PDF.
