No.,Original No.,Page,Source PDF,Source Path,Question,Passage Reference,Question Image Reference,Choice A,Choice A Image Reference,Choice B,Choice B Image Reference,Choice C,Choice C Image Reference,Choice D,Choice D Image Reference,Choice E,Choice E Image Reference,Correct Answer,Explanation,LET Exam Type,Subject Area,Topic,Difficulty,Has Image,Duplicate Of,Confidence,Status,Notes
1,1,1,SPECIAL NEEDS ED. PART 1.pdf,/Users/lyndon/All reviewers/-LET REVIEWER 2026/C. MAJOR SUBJECTS/J. SPECIAL NEEDS EDUCATION/SPECIAL NEEDS ED. PART 1.pdf,Which law institutionalized inclusive education in the Philippines?,,,R.A. 7277,,R.A. 10533,,R.A. 9155,,R.A. 10157,,,,A,Correct answer sourced from the PDF answer key: A.,LET Secondary,Special Needs Education,Special Needs Education,3,No,,0.96,Ready for Upload,LET Secondary Special Needs Education Q&A. Correct answer sourced from PDF answer key.
2,2,1,SPECIAL NEEDS ED. PART 1.pdf,/Users/lyndon/All reviewers/-LET REVIEWER 2026/C. MAJOR SUBJECTS/J. SPECIAL NEEDS EDUCATION/SPECIAL NEEDS ED. PART 1.pdf,What is the main goal of Special Needs Education?,,,To isolate learners with disabilities,,To develop potential and ensure inclusion,,To prepare for advanced education,,To provide temporary placement,,,,B,Correct answer sourced from the PDF answer key: B.,LET Secondary,Special Needs Education,Special Needs Education,3,No,,0.96,Ready for Upload,LET Secondary Special Needs Education Q&A. Correct answer sourced from PDF answer key.
3,3,1,SPECIAL NEEDS ED. PART 1.pdf,/Users/lyndon/All reviewers/-LET REVIEWER 2026/C. MAJOR SUBJECTS/J. SPECIAL NEEDS EDUCATION/SPECIAL NEEDS ED. PART 1.pdf,A student with dyslexia has difficulty with:,,,Reading and word recognition,,Mathematics and computation,,Listening comprehension,,Verbal expression,,,,A,Correct answer sourced from the PDF answer key: A.,LET Secondary,Special Needs Education,Special Needs Education,3,No,,0.96,Ready for Upload,LET Secondary Special Needs Education Q&A. Correct answer sourced from PDF answer key.
4,4,1,SPECIAL NEEDS ED. PART 1.pdf,/Users/lyndon/All reviewers/-LET REVIEWER 2026/C. MAJOR SUBJECTS/J. SPECIAL NEEDS EDUCATION/SPECIAL NEEDS ED. PART 1.pdf,The least restrictive environment means:,,,Teaching students in hospitals,,Placing learners in regular classrooms whenever appropriate,,Full-time home instruction,,Separate schooling for all learners with disabilities,,,,B,Correct answer sourced from the PDF answer key: B.,LET Secondary,Special Needs Education,Special Needs Education,3,No,,0.96,Ready for Upload,LET Secondary Special Needs Education Q&A. Correct answer sourced from PDF answer key.
5,5,1,SPECIAL NEEDS ED. PART 1.pdf,/Users/lyndon/All reviewers/-LET REVIEWER 2026/C. MAJOR SUBJECTS/J. SPECIAL NEEDS EDUCATION/SPECIAL NEEDS ED. PART 1.pdf,The philosophy of inclusive education emphasizes:,,,Equal opportunities for all learners,,Academic competition,,Standardized testing,,Segregation based on ability,,,,A,Correct answer sourced from the PDF answer key: A.,LET Secondary,Special Needs Education,Special Needs Education,3,No,,0.96,Ready for Upload,LET Secondary Special Needs Education Q&A. Correct answer sourced from PDF answer key.
6,6,1,SPECIAL NEEDS ED. PART 1.pdf,/Users/lyndon/All reviewers/-LET REVIEWER 2026/C. MAJOR SUBJECTS/J. SPECIAL NEEDS EDUCATION/SPECIAL NEEDS ED. PART 1.pdf,"Which condition affects a person’s ability to see, even with correction?",,,Hearing impairment,,Visual impairment,,Speech impairment,,Learning disability,,,,B,Correct answer sourced from the PDF answer key: B.,LET Secondary,Special Needs Education,Special Needs Education,3,No,,0.96,Ready for Upload,LET Secondary Special Needs Education Q&A. Correct answer sourced from PDF answer key.
7,7,1,SPECIAL NEEDS ED. PART 1.pdf,/Users/lyndon/All reviewers/-LET REVIEWER 2026/C. MAJOR SUBJECTS/J. SPECIAL NEEDS EDUCATION/SPECIAL NEEDS ED. PART 1.pdf,What does “IEP” stand for in Special Education?,,,Inclusive Education Plan,,Individualized Education Program,,Individual Enhancement Process,,Integrated Education Policy,,,,B,Correct answer sourced from the PDF answer key: B.,LET Secondary,Special Needs Education,Special Needs Education,3,No,,0.96,Ready for Upload,LET Secondary Special Needs Education Q&A. Correct answer sourced from PDF answer key.
8,8,1,SPECIAL NEEDS ED. PART 1.pdf,/Users/lyndon/All reviewers/-LET REVIEWER 2026/C. MAJOR SUBJECTS/J. SPECIAL NEEDS EDUCATION/SPECIAL NEEDS ED. PART 1.pdf,Which of the following is an example of a learning disability?,,,ADHD,,Autism Spectrum Disorder,,Dyscalculia,,Cerebral Palsy,,,,C,Correct answer sourced from the PDF answer key: C.,LET Secondary,Special Needs Education,Special Needs Education,3,No,,0.96,Ready for Upload,LET Secondary Special Needs Education Q&A. Correct answer sourced from PDF answer key.
9,9,1,SPECIAL NEEDS ED. PART 1.pdf,/Users/lyndon/All reviewers/-LET REVIEWER 2026/C. MAJOR SUBJECTS/J. SPECIAL NEEDS EDUCATION/SPECIAL NEEDS ED. PART 1.pdf,"A child who moves constantly, interrupts, and struggles to focus may have:",,,ADHD,,Hearing impairment,,Dyslexia,,Visual impairment,,,,A,Correct answer sourced from the PDF answer key: A.,LET Secondary,Special Needs Education,Special Needs Education,3,No,,0.96,Ready for Upload,LET Secondary Special Needs Education Q&A. Correct answer sourced from PDF answer key.
10,10,1,SPECIAL NEEDS ED. PART 1.pdf,/Users/lyndon/All reviewers/-LET REVIEWER 2026/C. MAJOR SUBJECTS/J. SPECIAL NEEDS EDUCATION/SPECIAL NEEDS ED. PART 1.pdf,A child with exceptional ability in music is considered:,,,Gifted,,Physically impaired,,Autistic,,Dysgraphic Comprehensive LET Reviewer 2025/2026 LOVE Teach PH Reviewer,,,,A,Correct answer sourced from the PDF answer key: A.,LET Secondary,Special Needs Education,Special Needs Education,3,No,,0.96,Ready for Upload,LET Secondary Special Needs Education Q&A. Correct answer sourced from PDF answer key.
11,11,2,SPECIAL NEEDS ED. PART 1.pdf,/Users/lyndon/All reviewers/-LET REVIEWER 2026/C. MAJOR SUBJECTS/J. SPECIAL NEEDS EDUCATION/SPECIAL NEEDS ED. PART 1.pdf,Which law ensures the rights of persons with disabilities in the Philippines?,,,R.A. 10157,,R.A. 7277,,R.A. 10533,,R.A. 9442,,,,B,Correct answer sourced from the PDF answer key: B.,LET Secondary,Special Needs Education,Special Needs Education,3,No,,0.96,Ready for Upload,LET Secondary Special Needs Education Q&A. Correct answer sourced from PDF answer key.
12,12,2,SPECIAL NEEDS ED. PART 1.pdf,/Users/lyndon/All reviewers/-LET REVIEWER 2026/C. MAJOR SUBJECTS/J. SPECIAL NEEDS EDUCATION/SPECIAL NEEDS ED. PART 1.pdf,A condition that significantly limits intellectual functioning and adaptive behavior is:,,,Intellectual disability,,Autism,,ADHD,,Dyslexia,,,,A,Correct answer sourced from the PDF answer key: A.,LET Secondary,Special Needs Education,Special Needs Education,3,No,,0.96,Ready for Upload,LET Secondary Special Needs Education Q&A. Correct answer sourced from PDF answer key.
13,13,2,SPECIAL NEEDS ED. PART 1.pdf,/Users/lyndon/All reviewers/-LET REVIEWER 2026/C. MAJOR SUBJECTS/J. SPECIAL NEEDS EDUCATION/SPECIAL NEEDS ED. PART 1.pdf,The most important component in designing an IEP is:,,,The learner’s strengths and needs,,Teacher preference,,School resources,,Parent’s choice,,,,A,Correct answer sourced from the PDF answer key: A.,LET Secondary,Special Needs Education,Special Needs Education,3,No,,0.96,Ready for Upload,LET Secondary Special Needs Education Q&A. Correct answer sourced from PDF answer key.
14,14,2,SPECIAL NEEDS ED. PART 1.pdf,/Users/lyndon/All reviewers/-LET REVIEWER 2026/C. MAJOR SUBJECTS/J. SPECIAL NEEDS EDUCATION/SPECIAL NEEDS ED. PART 1.pdf,"Which approach promotes teaching in a natural, everyday environment?",,,Behavioral approach,,Functional approach,,Academic approach,,Clinical approach,,,,B,Correct answer sourced from the PDF answer key: B.,LET Secondary,Special Needs Education,Special Needs Education,3,No,,0.96,Ready for Upload,LET Secondary Special Needs Education Q&A. Correct answer sourced from PDF answer key.
15,15,2,SPECIAL NEEDS ED. PART 1.pdf,/Users/lyndon/All reviewers/-LET REVIEWER 2026/C. MAJOR SUBJECTS/J. SPECIAL NEEDS EDUCATION/SPECIAL NEEDS ED. PART 1.pdf,What does “mainstreaming” mean?,,,Separating learners by ability,,Integrating students with special needs in regular classes for specific periods,,Sending learners to special institutions,,Providing therapy outside school,,,,B,Correct answer sourced from the PDF answer key: B.,LET Secondary,Special Needs Education,Special Needs Education,3,No,,0.96,Ready for Upload,LET Secondary Special Needs Education Q&A. Correct answer sourced from PDF answer key.
16,16,2,SPECIAL NEEDS ED. PART 1.pdf,/Users/lyndon/All reviewers/-LET REVIEWER 2026/C. MAJOR SUBJECTS/J. SPECIAL NEEDS EDUCATION/SPECIAL NEEDS ED. PART 1.pdf,A teacher uses large-print books and high-contrast materials. This helps learners with:,,,Speech disorder,,Visual impairment,,Hearing loss,,Autism,,,,B,Correct answer sourced from the PDF answer key: B.,LET Secondary,Special Needs Education,Special Needs Education,3,No,,0.96,Ready for Upload,LET Secondary Special Needs Education Q&A. Correct answer sourced from PDF answer key.
17,17,2,SPECIAL NEEDS ED. PART 1.pdf,/Users/lyndon/All reviewers/-LET REVIEWER 2026/C. MAJOR SUBJECTS/J. SPECIAL NEEDS EDUCATION/SPECIAL NEEDS ED. PART 1.pdf,Which teaching strategy works best for students with hearing impairment?,,,Lecture method,,Visual aids and sign language,,Dictation activities,,Audio books,,,,B,Correct answer sourced from the PDF answer key: B.,LET Secondary,Special Needs Education,Special Needs Education,3,No,,0.96,Ready for Upload,LET Secondary Special Needs Education Q&A. Correct answer sourced from PDF answer key.
18,18,2,SPECIAL NEEDS ED. PART 1.pdf,/Users/lyndon/All reviewers/-LET REVIEWER 2026/C. MAJOR SUBJECTS/J. SPECIAL NEEDS EDUCATION/SPECIAL NEEDS ED. PART 1.pdf,What type of disability affects both hearing and vision?,,,Multiple disability,,Dual sensory impairment,,Total disability,,Physical handicap,,,,B,Correct answer sourced from the PDF answer key: B.,LET Secondary,Special Needs Education,Special Needs Education,3,No,,0.96,Ready for Upload,LET Secondary Special Needs Education Q&A. Correct answer sourced from PDF answer key.
19,19,2,SPECIAL NEEDS ED. PART 1.pdf,/Users/lyndon/All reviewers/-LET REVIEWER 2026/C. MAJOR SUBJECTS/J. SPECIAL NEEDS EDUCATION/SPECIAL NEEDS ED. PART 1.pdf,A teacher who adjusts instructions to meet diverse learners’ needs practices:,,,Differentiated instruction,,Standardization,,Segregation,,Uniform teaching,,,,A,Correct answer sourced from the PDF answer key: A.,LET Secondary,Special Needs Education,Special Needs Education,3,No,,0.96,Ready for Upload,LET Secondary Special Needs Education Q&A. Correct answer sourced from PDF answer key.
20,20,2,SPECIAL NEEDS ED. PART 1.pdf,/Users/lyndon/All reviewers/-LET REVIEWER 2026/C. MAJOR SUBJECTS/J. SPECIAL NEEDS EDUCATION/SPECIAL NEEDS ED. PART 1.pdf,The best way to handle a gifted learner in class is to:,,,Give additional challenges and enrichment,,Require them to tutor classmates,,Ignore them to balance the class,,Let them study independently,,,,A,Correct answer sourced from the PDF answer key: A.,LET Secondary,Special Needs Education,Special Needs Education,3,No,,0.96,Ready for Upload,LET Secondary Special Needs Education Q&A. Correct answer sourced from PDF answer key.
21,21,2,SPECIAL NEEDS ED. PART 1.pdf,/Users/lyndon/All reviewers/-LET REVIEWER 2026/C. MAJOR SUBJECTS/J. SPECIAL NEEDS EDUCATION/SPECIAL NEEDS ED. PART 1.pdf,A student who has difficulty in social communication and repetitive behavior may have:,,,ADHD,,Autism Spectrum Disorder,,Dyscalculia,,Intellectual disability,,,,B,Correct answer sourced from the PDF answer key: B.,LET Secondary,Special Needs Education,Special Needs Education,3,No,,0.96,Ready for Upload,LET Secondary Special Needs Education Q&A. Correct answer sourced from PDF answer key.
22,22,2,SPECIAL NEEDS ED. PART 1.pdf,/Users/lyndon/All reviewers/-LET REVIEWER 2026/C. MAJOR SUBJECTS/J. SPECIAL NEEDS EDUCATION/SPECIAL NEEDS ED. PART 1.pdf,What is the primary purpose of assessment in SPED?,,,Labeling learners,,Determining eligibility and planning instruction Comprehensive LET Reviewer 2025/2026 LOVE Teach PH Reviewer,,Assigning grades,,Sorting learners by ability,,,,B,Correct answer sourced from the PDF answer key: B.,LET Secondary,Special Needs Education,Special Needs Education,3,No,,0.96,Ready for Upload,LET Secondary Special Needs Education Q&A. Correct answer sourced from PDF answer key.
23,23,3,SPECIAL NEEDS ED. PART 1.pdf,/Users/lyndon/All reviewers/-LET REVIEWER 2026/C. MAJOR SUBJECTS/J. SPECIAL NEEDS EDUCATION/SPECIAL NEEDS ED. PART 1.pdf,The “zero reject policy” means:,,,"All children, regardless of disability, have the right to education",,Only gifted children are accepted,,Schools can deny students with severe disabilities,,Learners must pass a test before admission,,,,A,Correct answer sourced from the PDF answer key: A.,LET Secondary,Special Needs Education,Special Needs Education,3,No,,0.96,Ready for Upload,LET Secondary Special Needs Education Q&A. Correct answer sourced from PDF answer key.
24,24,3,SPECIAL NEEDS ED. PART 1.pdf,/Users/lyndon/All reviewers/-LET REVIEWER 2026/C. MAJOR SUBJECTS/J. SPECIAL NEEDS EDUCATION/SPECIAL NEEDS ED. PART 1.pdf,Who are the key members of the IEP team?,,,"Teacher, parent, and administrator",,"Teacher, parent, principal, and student (when possible)",,Principal and supervisor only,,Guidance counselor only,,,,B,Correct answer sourced from the PDF answer key: B.,LET Secondary,Special Needs Education,Special Needs Education,3,No,,0.96,Ready for Upload,LET Secondary Special Needs Education Q&A. Correct answer sourced from PDF answer key.
25,25,3,SPECIAL NEEDS ED. PART 1.pdf,/Users/lyndon/All reviewers/-LET REVIEWER 2026/C. MAJOR SUBJECTS/J. SPECIAL NEEDS EDUCATION/SPECIAL NEEDS ED. PART 1.pdf,A learner who stutters has a:,,,Speech disorder,,Learning disability,,Physical disability,,Emotional disorder,,,,A,Correct answer sourced from the PDF answer key: A.,LET Secondary,Special Needs Education,Special Needs Education,3,No,,0.96,Ready for Upload,LET Secondary Special Needs Education Q&A. Correct answer sourced from PDF answer key.
26,26,3,SPECIAL NEEDS ED. PART 1.pdf,/Users/lyndon/All reviewers/-LET REVIEWER 2026/C. MAJOR SUBJECTS/J. SPECIAL NEEDS EDUCATION/SPECIAL NEEDS ED. PART 1.pdf,The first step in identifying a child with special needs is:,,,Screening,,Referral,,Assessment,,Evaluation,,,,A,Correct answer sourced from the PDF answer key: A.,LET Secondary,Special Needs Education,Special Needs Education,3,No,,0.96,Ready for Upload,LET Secondary Special Needs Education Q&A. Correct answer sourced from PDF answer key.
27,27,3,SPECIAL NEEDS ED. PART 1.pdf,/Users/lyndon/All reviewers/-LET REVIEWER 2026/C. MAJOR SUBJECTS/J. SPECIAL NEEDS EDUCATION/SPECIAL NEEDS ED. PART 1.pdf,A student with cerebral palsy primarily has difficulty with:,,,Muscle control and movement,,Hearing,,Vision,,Reading,,,,A,Correct answer sourced from the PDF answer key: A.,LET Secondary,Special Needs Education,Special Needs Education,3,No,,0.96,Ready for Upload,LET Secondary Special Needs Education Q&A. Correct answer sourced from PDF answer key.
28,28,3,SPECIAL NEEDS ED. PART 1.pdf,/Users/lyndon/All reviewers/-LET REVIEWER 2026/C. MAJOR SUBJECTS/J. SPECIAL NEEDS EDUCATION/SPECIAL NEEDS ED. PART 1.pdf,What is the best seating arrangement for a student with hearing impairment?,,,Back row,,Beside the window,,Near the teacher and front of class,,At the corner of the room,,,,C,Correct answer sourced from the PDF answer key: C.,LET Secondary,Special Needs Education,Special Needs Education,3,No,,0.96,Ready for Upload,LET Secondary Special Needs Education Q&A. Correct answer sourced from PDF answer key.
29,29,3,SPECIAL NEEDS ED. PART 1.pdf,/Users/lyndon/All reviewers/-LET REVIEWER 2026/C. MAJOR SUBJECTS/J. SPECIAL NEEDS EDUCATION/SPECIAL NEEDS ED. PART 1.pdf,A student who cannot express ideas through writing but can verbally explain well may have:,,,Dysgraphia,,Dyslexia,,Dyscalculia,,ADHD,,,,A,Correct answer sourced from the PDF answer key: A.,LET Secondary,Special Needs Education,Special Needs Education,3,No,,0.96,Ready for Upload,LET Secondary Special Needs Education Q&A. Correct answer sourced from PDF answer key.
30,30,3,SPECIAL NEEDS ED. PART 1.pdf,/Users/lyndon/All reviewers/-LET REVIEWER 2026/C. MAJOR SUBJECTS/J. SPECIAL NEEDS EDUCATION/SPECIAL NEEDS ED. PART 1.pdf,What is “assistive technology”?,,,Any device that helps a learner with disability perform tasks,,Computers for teachers only,,Expensive imported tools,,Software used in testing,,,,A,Correct answer sourced from the PDF answer key: A.,LET Secondary,Special Needs Education,Special Needs Education,3,No,,0.96,Ready for Upload,LET Secondary Special Needs Education Q&A. Correct answer sourced from PDF answer key.
31,31,3,SPECIAL NEEDS ED. PART 1.pdf,/Users/lyndon/All reviewers/-LET REVIEWER 2026/C. MAJOR SUBJECTS/J. SPECIAL NEEDS EDUCATION/SPECIAL NEEDS ED. PART 1.pdf,A visually impaired student learning through touch uses which reading method?,,,Audio text,,Braille,,Large print,,Tactile drawing,,,,B,Correct answer sourced from the PDF answer key: B.,LET Secondary,Special Needs Education,Special Needs Education,3,No,,0.96,Ready for Upload,LET Secondary Special Needs Education Q&A. Correct answer sourced from PDF answer key.
32,32,3,SPECIAL NEEDS ED. PART 1.pdf,/Users/lyndon/All reviewers/-LET REVIEWER 2026/C. MAJOR SUBJECTS/J. SPECIAL NEEDS EDUCATION/SPECIAL NEEDS ED. PART 1.pdf,Students who have both intellectual and physical disabilities are classified as:,,,Multiply handicapped,,Learning disabled,,Sensory impaired,,Orthopedically impaired,,,,A,Correct answer sourced from the PDF answer key: A.,LET Secondary,Special Needs Education,Special Needs Education,3,No,,0.96,Ready for Upload,LET Secondary Special Needs Education Q&A. Correct answer sourced from PDF answer key.
33,33,3,SPECIAL NEEDS ED. PART 1.pdf,/Users/lyndon/All reviewers/-LET REVIEWER 2026/C. MAJOR SUBJECTS/J. SPECIAL NEEDS EDUCATION/SPECIAL NEEDS ED. PART 1.pdf,A teacher modifies assignments and time limits for a learner. This is an example of:,,,Curriculum accommodation,,Curriculum removal,,Standardized testing,,Lesson skipping,,,,A,Correct answer sourced from the PDF answer key: A.,LET Secondary,Special Needs Education,Special Needs Education,3,No,,0.96,Ready for Upload,LET Secondary Special Needs Education Q&A. Correct answer sourced from PDF answer key.
34,34,3,SPECIAL NEEDS ED. PART 1.pdf,/Users/lyndon/All reviewers/-LET REVIEWER 2026/C. MAJOR SUBJECTS/J. SPECIAL NEEDS EDUCATION/SPECIAL NEEDS ED. PART 1.pdf,Which of the following practices is NOT inclusive?,,,Allowing all students to participate Comprehensive LET Reviewer 2025/2026 LOVE Teach PH Reviewer,,Providing individualized support,,Isolating students with disabilities,,Using peer assistance,,,,C,Correct answer sourced from the PDF answer key: C.,LET Secondary,Special Needs Education,Special Needs Education,3,No,,0.96,Ready for Upload,LET Secondary Special Needs Education Q&A. Correct answer sourced from PDF answer key.
35,35,4,SPECIAL NEEDS ED. PART 1.pdf,/Users/lyndon/All reviewers/-LET REVIEWER 2026/C. MAJOR SUBJECTS/J. SPECIAL NEEDS EDUCATION/SPECIAL NEEDS ED. PART 1.pdf,The approach that focuses on teaching skills that increase independence is:,,,Functional approach,,Academic approach,,Traditional method,,Therapeutic approach,,,,A,Correct answer sourced from the PDF answer key: A.,LET Secondary,Special Needs Education,Special Needs Education,3,No,,0.96,Ready for Upload,LET Secondary Special Needs Education Q&A. Correct answer sourced from PDF answer key.
36,36,4,SPECIAL NEEDS ED. PART 1.pdf,/Users/lyndon/All reviewers/-LET REVIEWER 2026/C. MAJOR SUBJECTS/J. SPECIAL NEEDS EDUCATION/SPECIAL NEEDS ED. PART 1.pdf,A child with ADHD benefits most from:,,,Clear routines and structured activities,,Long lectures,,Minimal supervision,,Frequent punishment,,,,A,Correct answer sourced from the PDF answer key: A.,LET Secondary,Special Needs Education,Special Needs Education,3,No,,0.96,Ready for Upload,LET Secondary Special Needs Education Q&A. Correct answer sourced from PDF answer key.
37,37,4,SPECIAL NEEDS ED. PART 1.pdf,/Users/lyndon/All reviewers/-LET REVIEWER 2026/C. MAJOR SUBJECTS/J. SPECIAL NEEDS EDUCATION/SPECIAL NEEDS ED. PART 1.pdf,"A child who often daydreams, avoids tasks, and is easily distracted shows:",,,ADHD (Inattentive type),,ADHD (Hyperactive type),,Intellectual disability,,Autism,,,,A,Correct answer sourced from the PDF answer key: A.,LET Secondary,Special Needs Education,Special Needs Education,3,No,,0.96,Ready for Upload,LET Secondary Special Needs Education Q&A. Correct answer sourced from PDF answer key.
38,38,4,SPECIAL NEEDS ED. PART 1.pdf,/Users/lyndon/All reviewers/-LET REVIEWER 2026/C. MAJOR SUBJECTS/J. SPECIAL NEEDS EDUCATION/SPECIAL NEEDS ED. PART 1.pdf,The role of the SPED teacher in inclusion is to:,,,Support and collaborate with regular teachers,,Teach only in special schools,,Replace general educators,,Handle gifted learners only,,,,A,Correct answer sourced from the PDF answer key: A.,LET Secondary,Special Needs Education,Special Needs Education,3,No,,0.96,Ready for Upload,LET Secondary Special Needs Education Q&A. Correct answer sourced from PDF answer key.
39,39,4,SPECIAL NEEDS ED. PART 1.pdf,/Users/lyndon/All reviewers/-LET REVIEWER 2026/C. MAJOR SUBJECTS/J. SPECIAL NEEDS EDUCATION/SPECIAL NEEDS ED. PART 1.pdf,Which of the following is a form of positive reinforcement?,,,Giving praise for effort,,Scolding for errors,,Ignoring achievements,,Comparing with others,,,,A,Correct answer sourced from the PDF answer key: A.,LET Secondary,Special Needs Education,Special Needs Education,3,No,,0.96,Ready for Upload,LET Secondary Special Needs Education Q&A. Correct answer sourced from PDF answer key.
40,40,4,SPECIAL NEEDS ED. PART 1.pdf,/Users/lyndon/All reviewers/-LET REVIEWER 2026/C. MAJOR SUBJECTS/J. SPECIAL NEEDS EDUCATION/SPECIAL NEEDS ED. PART 1.pdf,Transition planning prepares learners with disabilities for:,,,Life after school and adult responsibilities,,Next grade level only,,Testing week,,Field trips,,,,A,Correct answer sourced from the PDF answer key: A.,LET Secondary,Special Needs Education,Special Needs Education,3,No,,0.96,Ready for Upload,LET Secondary Special Needs Education Q&A. Correct answer sourced from PDF answer key.
41,41,4,SPECIAL NEEDS ED. PART 1.pdf,/Users/lyndon/All reviewers/-LET REVIEWER 2026/C. MAJOR SUBJECTS/J. SPECIAL NEEDS EDUCATION/SPECIAL NEEDS ED. PART 1.pdf,The “Resource Room Model” provides:,,,Short-term specialized instruction for part of the day,,Full-time special class,,Home-based learning only,,Mainstreaming with no support,,,,A,Correct answer sourced from the PDF answer key: A.,LET Secondary,Special Needs Education,Special Needs Education,3,No,,0.96,Ready for Upload,LET Secondary Special Needs Education Q&A. Correct answer sourced from PDF answer key.
42,42,4,SPECIAL NEEDS ED. PART 1.pdf,/Users/lyndon/All reviewers/-LET REVIEWER 2026/C. MAJOR SUBJECTS/J. SPECIAL NEEDS EDUCATION/SPECIAL NEEDS ED. PART 1.pdf,Which disability affects articulation and fluency of speech?,,,Language disorder,,Speech impairment,,Cognitive delay,,Autism,,,,B,Correct answer sourced from the PDF answer key: B.,LET Secondary,Special Needs Education,Special Needs Education,3,No,,0.96,Ready for Upload,LET Secondary Special Needs Education Q&A. Correct answer sourced from PDF answer key.
43,43,4,SPECIAL NEEDS ED. PART 1.pdf,/Users/lyndon/All reviewers/-LET REVIEWER 2026/C. MAJOR SUBJECTS/J. SPECIAL NEEDS EDUCATION/SPECIAL NEEDS ED. PART 1.pdf,A teacher gives visual schedules and consistent routines for a child with Autism. This helps with:,,,Predictability and behavior management,,Motor development,,Social withdrawal,,Memorization,,,,A,Correct answer sourced from the PDF answer key: A.,LET Secondary,Special Needs Education,Special Needs Education,3,No,,0.96,Ready for Upload,LET Secondary Special Needs Education Q&A. Correct answer sourced from PDF answer key.
44,44,4,SPECIAL NEEDS ED. PART 1.pdf,/Users/lyndon/All reviewers/-LET REVIEWER 2026/C. MAJOR SUBJECTS/J. SPECIAL NEEDS EDUCATION/SPECIAL NEEDS ED. PART 1.pdf,What is the first principle of Universal Design for Learning (UDL)?,,,Multiple means of representation,,Single mode of teaching,,Multiple choice testing,,One-size-fits-all instruction,,,,A,Correct answer sourced from the PDF answer key: A.,LET Secondary,Special Needs Education,Special Needs Education,3,No,,0.96,Ready for Upload,LET Secondary Special Needs Education Q&A. Correct answer sourced from PDF answer key.
45,45,4,SPECIAL NEEDS ED. PART 1.pdf,/Users/lyndon/All reviewers/-LET REVIEWER 2026/C. MAJOR SUBJECTS/J. SPECIAL NEEDS EDUCATION/SPECIAL NEEDS ED. PART 1.pdf,Which teaching method is best for students with mild intellectual disability?,,,Repetitive and concrete activities,,Abstract reasoning,,Self-paced research,,Theoretical discussion Comprehensive LET Reviewer 2025/2026 LOVE Teach PH Reviewer,,,,A,Correct answer sourced from the PDF answer key: A.,LET Secondary,Special Needs Education,Special Needs Education,3,No,,0.96,Ready for Upload,LET Secondary Special Needs Education Q&A. Correct answer sourced from PDF answer key.
46,46,5,SPECIAL NEEDS ED. PART 1.pdf,/Users/lyndon/All reviewers/-LET REVIEWER 2026/C. MAJOR SUBJECTS/J. SPECIAL NEEDS EDUCATION/SPECIAL NEEDS ED. PART 1.pdf,A student with hearing impairment who uses lip reading benefits from:,,,Clear facial visibility,,Sitting behind the teacher,,Reading aloud,,Group noise,,,,A,Correct answer sourced from the PDF answer key: A.,LET Secondary,Special Needs Education,Special Needs Education,3,No,,0.96,Ready for Upload,LET Secondary Special Needs Education Q&A. Correct answer sourced from PDF answer key.
47,47,5,SPECIAL NEEDS ED. PART 1.pdf,/Users/lyndon/All reviewers/-LET REVIEWER 2026/C. MAJOR SUBJECTS/J. SPECIAL NEEDS EDUCATION/SPECIAL NEEDS ED. PART 1.pdf,The “continuum of services” refers to:,,,A range of placement options for learners with special needs,,A single fixed program,,Homeschooling only,,Exclusive education,,,,A,Correct answer sourced from the PDF answer key: A.,LET Secondary,Special Needs Education,Special Needs Education,3,No,,0.96,Ready for Upload,LET Secondary Special Needs Education Q&A. Correct answer sourced from PDF answer key.
48,48,5,SPECIAL NEEDS ED. PART 1.pdf,/Users/lyndon/All reviewers/-LET REVIEWER 2026/C. MAJOR SUBJECTS/J. SPECIAL NEEDS EDUCATION/SPECIAL NEEDS ED. PART 1.pdf,What is the role of parents in SPED programs?,,,Active partners in planning and implementation,,Observers only,,Decision-makers alone,,Financial supporters,,,,A,Correct answer sourced from the PDF answer key: A.,LET Secondary,Special Needs Education,Special Needs Education,3,No,,0.96,Ready for Upload,LET Secondary Special Needs Education Q&A. Correct answer sourced from PDF answer key.
49,49,5,SPECIAL NEEDS ED. PART 1.pdf,/Users/lyndon/All reviewers/-LET REVIEWER 2026/C. MAJOR SUBJECTS/J. SPECIAL NEEDS EDUCATION/SPECIAL NEEDS ED. PART 1.pdf,Which of the following terms describes students with exceptional potential or talent?,,,Gifted and talented,,Learning disabled,,Physically impaired,,Emotionally disturbed,,,,A,Correct answer sourced from the PDF answer key: A.,LET Secondary,Special Needs Education,Special Needs Education,3,No,,0.96,Ready for Upload,LET Secondary Special Needs Education Q&A. Correct answer sourced from PDF answer key.
50,50,5,SPECIAL NEEDS ED. PART 1.pdf,/Users/lyndon/All reviewers/-LET REVIEWER 2026/C. MAJOR SUBJECTS/J. SPECIAL NEEDS EDUCATION/SPECIAL NEEDS ED. PART 1.pdf,The guiding principle of inclusion in education is:,,,Every child has the right to quality education,,Education is for high achievers only,,Disabilities limit participation,,Segregation promotes growth Comprehensive LET Reviewer 2025/2026 LOVE Teach PH Reviewer LET Reviewer Special Needs Education Part 1 2025/2026,,,,A,Correct answer sourced from the PDF answer key: A.,LET Secondary,Special Needs Education,Special Needs Education,3,No,,0.96,Ready for Upload,LET Secondary Special Needs Education Q&A. Correct answer sourced from PDF answer key.
51,1,1,SPECIAL NEEDS ED. PART 10.pdf,/Users/lyndon/All reviewers/-LET REVIEWER 2026/C. MAJOR SUBJECTS/J. SPECIAL NEEDS EDUCATION/SPECIAL NEEDS ED. PART 10.pdf,The main purpose of SPED program management is to:,,,Maintain strict discipline among teachers,,Ensure effective delivery of individualized services,,Limit learners to one curriculum,,Control classroom routines only,,,,B,Correct answer sourced from the PDF answer key: B.,LET Secondary,Special Needs Education,Special Needs Education,3,No,,0.96,Ready for Upload,LET Secondary Special Needs Education Q&A. Correct answer sourced from PDF answer key.
52,2,1,SPECIAL NEEDS ED. PART 10.pdf,/Users/lyndon/All reviewers/-LET REVIEWER 2026/C. MAJOR SUBJECTS/J. SPECIAL NEEDS EDUCATION/SPECIAL NEEDS ED. PART 10.pdf,A well-implemented SPED curriculum must be:,,,Flexible and learner-centered,,Strictly uniform for all learners,,Based on teacher preference,,Focused on competition,,,,A,Correct answer sourced from the PDF answer key: A.,LET Secondary,Special Needs Education,Special Needs Education,3,No,,0.96,Ready for Upload,LET Secondary Special Needs Education Q&A. Correct answer sourced from PDF answer key.
53,3,1,SPECIAL NEEDS ED. PART 10.pdf,/Users/lyndon/All reviewers/-LET REVIEWER 2026/C. MAJOR SUBJECTS/J. SPECIAL NEEDS EDUCATION/SPECIAL NEEDS ED. PART 10.pdf,The Individualized Education Program (IEP) should be reviewed:,,,Annually or as needed,,Every five years,,Only once during enrollment,,Every month,,,,A,Correct answer sourced from the PDF answer key: A.,LET Secondary,Special Needs Education,Special Needs Education,3,No,,0.96,Ready for Upload,LET Secondary Special Needs Education Q&A. Correct answer sourced from PDF answer key.
54,4,1,SPECIAL NEEDS ED. PART 10.pdf,/Users/lyndon/All reviewers/-LET REVIEWER 2026/C. MAJOR SUBJECTS/J. SPECIAL NEEDS EDUCATION/SPECIAL NEEDS ED. PART 10.pdf,Curriculum alignment in SPED ensures that:,,,"Learning goals, instruction, and assessment are interconnected",,Teachers follow personal standards,,Students receive identical lessons,,Assessment is minimized,,,,A,Correct answer sourced from the PDF answer key: A.,LET Secondary,Special Needs Education,Special Needs Education,3,No,,0.96,Ready for Upload,LET Secondary Special Needs Education Q&A. Correct answer sourced from PDF answer key.
55,5,1,SPECIAL NEEDS ED. PART 10.pdf,/Users/lyndon/All reviewers/-LET REVIEWER 2026/C. MAJOR SUBJECTS/J. SPECIAL NEEDS EDUCATION/SPECIAL NEEDS ED. PART 10.pdf,The curriculum for learners with severe disabilities must emphasize:,,,Functional and life skills,,Purely academic content,,Competitive learning,,Memorization,,,,A,Correct answer sourced from the PDF answer key: A.,LET Secondary,Special Needs Education,Special Needs Education,3,No,,0.96,Ready for Upload,LET Secondary Special Needs Education Q&A. Correct answer sourced from PDF answer key.
56,6,1,SPECIAL NEEDS ED. PART 10.pdf,/Users/lyndon/All reviewers/-LET REVIEWER 2026/C. MAJOR SUBJECTS/J. SPECIAL NEEDS EDUCATION/SPECIAL NEEDS ED. PART 10.pdf,The best basis for SPED curriculum development is:,,,Learners’ individual needs and abilities,,Traditional school programs,,Textbook content,,Teacher opinion,,,,A,Correct answer sourced from the PDF answer key: A.,LET Secondary,Special Needs Education,Special Needs Education,3,No,,0.96,Ready for Upload,LET Secondary Special Needs Education Q&A. Correct answer sourced from PDF answer key.
57,7,1,SPECIAL NEEDS ED. PART 10.pdf,/Users/lyndon/All reviewers/-LET REVIEWER 2026/C. MAJOR SUBJECTS/J. SPECIAL NEEDS EDUCATION/SPECIAL NEEDS ED. PART 10.pdf,"When a teacher integrates SPED learners in regular classrooms, this is called:",,,Mainstreaming,,Exclusion,,Segregation,,Remediation,,,,A,Correct answer sourced from the PDF answer key: A.,LET Secondary,Special Needs Education,Special Needs Education,3,No,,0.96,Ready for Upload,LET Secondary Special Needs Education Q&A. Correct answer sourced from PDF answer key.
58,8,1,SPECIAL NEEDS ED. PART 10.pdf,/Users/lyndon/All reviewers/-LET REVIEWER 2026/C. MAJOR SUBJECTS/J. SPECIAL NEEDS EDUCATION/SPECIAL NEEDS ED. PART 10.pdf,Curriculum modification differs from accommodation because it:,,,Changes the learning goals,,Keeps learning goals but changes presentation,,Adds enrichment only,,Increases workload,,,,A,Correct answer sourced from the PDF answer key: A.,LET Secondary,Special Needs Education,Special Needs Education,3,No,,0.96,Ready for Upload,LET Secondary Special Needs Education Q&A. Correct answer sourced from PDF answer key.
59,9,1,SPECIAL NEEDS ED. PART 10.pdf,/Users/lyndon/All reviewers/-LET REVIEWER 2026/C. MAJOR SUBJECTS/J. SPECIAL NEEDS EDUCATION/SPECIAL NEEDS ED. PART 10.pdf,The primary responsibility of a SPED program coordinator is to:,,,"Supervise, monitor, and support program implementation",,Focus solely on grading,,Observe only regular classes,,Teach all subjects,,,,A,Correct answer sourced from the PDF answer key: A.,LET Secondary,Special Needs Education,Special Needs Education,3,No,,0.96,Ready for Upload,LET Secondary Special Needs Education Q&A. Correct answer sourced from PDF answer key.
60,10,1,SPECIAL NEEDS ED. PART 10.pdf,/Users/lyndon/All reviewers/-LET REVIEWER 2026/C. MAJOR SUBJECTS/J. SPECIAL NEEDS EDUCATION/SPECIAL NEEDS ED. PART 10.pdf,Collaboration in SPED programs means:,,,"Teamwork among teachers, parents, and specialists",,Teacher independence,,Limited parental input,,Teacher-to-teacher competition Comprehensive LET Reviewer 2025/2026 LOVE Teach PH Reviewer,,,,A,Correct answer sourced from the PDF answer key: A.,LET Secondary,Special Needs Education,Special Needs Education,3,No,,0.96,Ready for Upload,LET Secondary Special Needs Education Q&A. Correct answer sourced from PDF answer key.
61,11,2,SPECIAL NEEDS ED. PART 10.pdf,/Users/lyndon/All reviewers/-LET REVIEWER 2026/C. MAJOR SUBJECTS/J. SPECIAL NEEDS EDUCATION/SPECIAL NEEDS ED. PART 10.pdf,The curriculum component that defines expected learning outcomes is the:,,,Goal and objectives,,Learning materials,,Evaluation tools,,Schedule of activities,,,,A,Correct answer sourced from the PDF answer key: A.,LET Secondary,Special Needs Education,Special Needs Education,3,No,,0.96,Ready for Upload,LET Secondary Special Needs Education Q&A. Correct answer sourced from PDF answer key.
62,12,2,SPECIAL NEEDS ED. PART 10.pdf,/Users/lyndon/All reviewers/-LET REVIEWER 2026/C. MAJOR SUBJECTS/J. SPECIAL NEEDS EDUCATION/SPECIAL NEEDS ED. PART 10.pdf,Effective program evaluation ensures:,,,Continuous improvement of SPED services,,Elimination of learners with special needs,,Increased paperwork,,Strict adherence to old methods,,,,A,Correct answer sourced from the PDF answer key: A.,LET Secondary,Special Needs Education,Special Needs Education,3,No,,0.96,Ready for Upload,LET Secondary Special Needs Education Q&A. Correct answer sourced from PDF answer key.
63,13,2,SPECIAL NEEDS ED. PART 10.pdf,/Users/lyndon/All reviewers/-LET REVIEWER 2026/C. MAJOR SUBJECTS/J. SPECIAL NEEDS EDUCATION/SPECIAL NEEDS ED. PART 10.pdf,The use of visual schedules in classrooms helps learners to:,,,Predict and organize daily activities,,Rely on others,,Depend on memory alone,,Ignore transitions,,,,A,Correct answer sourced from the PDF answer key: A.,LET Secondary,Special Needs Education,Special Needs Education,3,No,,0.96,Ready for Upload,LET Secondary Special Needs Education Q&A. Correct answer sourced from PDF answer key.
64,14,2,SPECIAL NEEDS ED. PART 10.pdf,/Users/lyndon/All reviewers/-LET REVIEWER 2026/C. MAJOR SUBJECTS/J. SPECIAL NEEDS EDUCATION/SPECIAL NEEDS ED. PART 10.pdf,The SPED teacher’s role in curriculum implementation includes:,,,Adapting and modifying lessons to meet individual needs,,Following the regular curriculum strictly,,Avoiding collaboration,,Limiting lesson planning,,,,A,Correct answer sourced from the PDF answer key: A.,LET Secondary,Special Needs Education,Special Needs Education,3,No,,0.96,Ready for Upload,LET Secondary Special Needs Education Q&A. Correct answer sourced from PDF answer key.
65,15,2,SPECIAL NEEDS ED. PART 10.pdf,/Users/lyndon/All reviewers/-LET REVIEWER 2026/C. MAJOR SUBJECTS/J. SPECIAL NEEDS EDUCATION/SPECIAL NEEDS ED. PART 10.pdf,Community-based instruction (CBI) is used to:,,,Teach real-life skills in natural environments,,Focus on academic tests only,,Avoid community exposure,,Isolate learners,,,,A,Correct answer sourced from the PDF answer key: A.,LET Secondary,Special Needs Education,Special Needs Education,3,No,,0.96,Ready for Upload,LET Secondary Special Needs Education Q&A. Correct answer sourced from PDF answer key.
66,16,2,SPECIAL NEEDS ED. PART 10.pdf,/Users/lyndon/All reviewers/-LET REVIEWER 2026/C. MAJOR SUBJECTS/J. SPECIAL NEEDS EDUCATION/SPECIAL NEEDS ED. PART 10.pdf,The most effective way to evaluate SPED programs is through:,,,Continuous monitoring and feedback from stakeholders,,One-time testing,,Random inspection,,Peer evaluation alone,,,,A,Correct answer sourced from the PDF answer key: A.,LET Secondary,Special Needs Education,Special Needs Education,3,No,,0.96,Ready for Upload,LET Secondary Special Needs Education Q&A. Correct answer sourced from PDF answer key.
67,17,2,SPECIAL NEEDS ED. PART 10.pdf,/Users/lyndon/All reviewers/-LET REVIEWER 2026/C. MAJOR SUBJECTS/J. SPECIAL NEEDS EDUCATION/SPECIAL NEEDS ED. PART 10.pdf,Team teaching in inclusive classrooms promotes:,,,Shared planning and delivery of lessons,,One teacher controlling all instruction,,Limited student participation,,Separation of learners,,,,A,Correct answer sourced from the PDF answer key: A.,LET Secondary,Special Needs Education,Special Needs Education,3,No,,0.96,Ready for Upload,LET Secondary Special Needs Education Q&A. Correct answer sourced from PDF answer key.
68,18,2,SPECIAL NEEDS ED. PART 10.pdf,/Users/lyndon/All reviewers/-LET REVIEWER 2026/C. MAJOR SUBJECTS/J. SPECIAL NEEDS EDUCATION/SPECIAL NEEDS ED. PART 10.pdf,The success of SPED curriculum implementation depends largely on:,,,Teacher competence and collaboration,,Number of textbooks,,School size,,Student competition,,,,A,Correct answer sourced from the PDF answer key: A.,LET Secondary,Special Needs Education,Special Needs Education,3,No,,0.96,Ready for Upload,LET Secondary Special Needs Education Q&A. Correct answer sourced from PDF answer key.
69,19,2,SPECIAL NEEDS ED. PART 10.pdf,/Users/lyndon/All reviewers/-LET REVIEWER 2026/C. MAJOR SUBJECTS/J. SPECIAL NEEDS EDUCATION/SPECIAL NEEDS ED. PART 10.pdf,Transition planning in SPED aims to:,,,Prepare learners for post-school life,,Focus on short-term goals only,,Limit community involvement,,Delay employment opportunities,,,,A,Correct answer sourced from the PDF answer key: A.,LET Secondary,Special Needs Education,Special Needs Education,3,No,,0.96,Ready for Upload,LET Secondary Special Needs Education Q&A. Correct answer sourced from PDF answer key.
70,20,2,SPECIAL NEEDS ED. PART 10.pdf,/Users/lyndon/All reviewers/-LET REVIEWER 2026/C. MAJOR SUBJECTS/J. SPECIAL NEEDS EDUCATION/SPECIAL NEEDS ED. PART 10.pdf,Program accountability ensures that:,,,SPED services achieve intended outcomes,,Learners are ranked competitively,,Teachers avoid evaluation,,Parents are excluded from review,,,,A,Correct answer sourced from the PDF answer key: A.,LET Secondary,Special Needs Education,Special Needs Education,3,No,,0.96,Ready for Upload,LET Secondary Special Needs Education Q&A. Correct answer sourced from PDF answer key.
71,21,2,SPECIAL NEEDS ED. PART 10.pdf,/Users/lyndon/All reviewers/-LET REVIEWER 2026/C. MAJOR SUBJECTS/J. SPECIAL NEEDS EDUCATION/SPECIAL NEEDS ED. PART 10.pdf,"To ensure effective implementation, administrators must:",,,"Provide support, training, and resources",,Limit teacher collaboration,,Ignore parent involvement,,Focus on building structures only,,,,A,Correct answer sourced from the PDF answer key: A.,LET Secondary,Special Needs Education,Special Needs Education,3,No,,0.96,Ready for Upload,LET Secondary Special Needs Education Q&A. Correct answer sourced from PDF answer key.
72,22,2,SPECIAL NEEDS ED. PART 10.pdf,/Users/lyndon/All reviewers/-LET REVIEWER 2026/C. MAJOR SUBJECTS/J. SPECIAL NEEDS EDUCATION/SPECIAL NEEDS ED. PART 10.pdf,Which approach encourages teachers to adapt lessons for varying abilities?,,,Differentiated instruction,,Standardized testing Comprehensive LET Reviewer 2025/2026 LOVE Teach PH Reviewer,,Uniform learning approach,,One-size-fits-all method,,,,A,Correct answer sourced from the PDF answer key: A.,LET Secondary,Special Needs Education,Special Needs Education,3,No,,0.96,Ready for Upload,LET Secondary Special Needs Education Q&A. Correct answer sourced from PDF answer key.
73,23,3,SPECIAL NEEDS ED. PART 10.pdf,/Users/lyndon/All reviewers/-LET REVIEWER 2026/C. MAJOR SUBJECTS/J. SPECIAL NEEDS EDUCATION/SPECIAL NEEDS ED. PART 10.pdf,The success of inclusive education relies heavily on:,,,Collaboration among stakeholders,,Isolating learners with special needs,,Avoiding team meetings,,Following traditional teaching only,,,,A,Correct answer sourced from the PDF answer key: A.,LET Secondary,Special Needs Education,Special Needs Education,3,No,,0.96,Ready for Upload,LET Secondary Special Needs Education Q&A. Correct answer sourced from PDF answer key.
74,24,3,SPECIAL NEEDS ED. PART 10.pdf,/Users/lyndon/All reviewers/-LET REVIEWER 2026/C. MAJOR SUBJECTS/J. SPECIAL NEEDS EDUCATION/SPECIAL NEEDS ED. PART 10.pdf,The first step in developing a SPED curriculum is to:,,,Assess learner needs,,Select textbooks,,Schedule activities,,Choose assessment tools,,,,A,Correct answer sourced from the PDF answer key: A.,LET Secondary,Special Needs Education,Special Needs Education,3,No,,0.96,Ready for Upload,LET Secondary Special Needs Education Q&A. Correct answer sourced from PDF answer key.
75,25,3,SPECIAL NEEDS ED. PART 10.pdf,/Users/lyndon/All reviewers/-LET REVIEWER 2026/C. MAJOR SUBJECTS/J. SPECIAL NEEDS EDUCATION/SPECIAL NEEDS ED. PART 10.pdf,The effectiveness of a SPED program can best be determined through:,,,Evaluation of learner progress and outcomes,,Teacher satisfaction,,Budget allocation only,,Number of enrollees Comprehensive LET Reviewer 2025/2026 LOVE Teach PH Reviewer LET Reviewer Special Needs Education Part 10 2025/2026,,,,A,Correct answer sourced from the PDF answer key: A.,LET Secondary,Special Needs Education,Special Needs Education,3,No,,0.96,Ready for Upload,LET Secondary Special Needs Education Q&A. Correct answer sourced from PDF answer key.
76,1,1,SPECIAL NEEDS ED. PART 2.pdf,/Users/lyndon/All reviewers/-LET REVIEWER 2026/C. MAJOR SUBJECTS/J. SPECIAL NEEDS EDUCATION/SPECIAL NEEDS ED. PART 2.pdf,Which of the following is the best description of Special Education (SPED)?,,,Education designed to meet the unique needs of learners with disabilities,,Separate instruction for all learners,,Accelerated learning for advanced students,,Standardized classroom management,,,,A,Correct answer sourced from the PDF answer key: A.,LET Secondary,Special Needs Education,Special Needs Education,3,No,,0.96,Ready for Upload,LET Secondary Special Needs Education Q&A. Correct answer sourced from PDF answer key.
77,2,1,SPECIAL NEEDS ED. PART 2.pdf,/Users/lyndon/All reviewers/-LET REVIEWER 2026/C. MAJOR SUBJECTS/J. SPECIAL NEEDS EDUCATION/SPECIAL NEEDS ED. PART 2.pdf,Which Republic Act is known as the “Magna Carta for Disabled Persons”?,,,R.A. 10157,,R.A. 7277,,R.A. 10533,,R.A. 9442,,,,B,Correct answer sourced from the PDF answer key: B.,LET Secondary,Special Needs Education,Special Needs Education,3,No,,0.96,Ready for Upload,LET Secondary Special Needs Education Q&A. Correct answer sourced from PDF answer key.
78,3,1,SPECIAL NEEDS ED. PART 2.pdf,/Users/lyndon/All reviewers/-LET REVIEWER 2026/C. MAJOR SUBJECTS/J. SPECIAL NEEDS EDUCATION/SPECIAL NEEDS ED. PART 2.pdf,The IEP should be reviewed and updated:,,,Every three years,,Once a year or as needed,,Every month,,Every grading period,,,,B,Correct answer sourced from the PDF answer key: B.,LET Secondary,Special Needs Education,Special Needs Education,3,No,,0.96,Ready for Upload,LET Secondary Special Needs Education Q&A. Correct answer sourced from PDF answer key.
79,4,1,SPECIAL NEEDS ED. PART 2.pdf,/Users/lyndon/All reviewers/-LET REVIEWER 2026/C. MAJOR SUBJECTS/J. SPECIAL NEEDS EDUCATION/SPECIAL NEEDS ED. PART 2.pdf,"The process of identifying, evaluating, and classifying learners with special needs is called:",,,Assessment,,Evaluation,,Diagnosis,,Identification,,,,A,Correct answer sourced from the PDF answer key: A.,LET Secondary,Special Needs Education,Special Needs Education,3,No,,0.96,Ready for Upload,LET Secondary Special Needs Education Q&A. Correct answer sourced from PDF answer key.
80,5,1,SPECIAL NEEDS ED. PART 2.pdf,/Users/lyndon/All reviewers/-LET REVIEWER 2026/C. MAJOR SUBJECTS/J. SPECIAL NEEDS EDUCATION/SPECIAL NEEDS ED. PART 2.pdf,A student who struggles with arithmetic operations but performs well in reading may have:,,,Dyslexia,,Dyscalculia,,Dysgraphia,,ADHD,,,,B,Correct answer sourced from the PDF answer key: B.,LET Secondary,Special Needs Education,Special Needs Education,3,No,,0.96,Ready for Upload,LET Secondary Special Needs Education Q&A. Correct answer sourced from PDF answer key.
81,6,1,SPECIAL NEEDS ED. PART 2.pdf,/Users/lyndon/All reviewers/-LET REVIEWER 2026/C. MAJOR SUBJECTS/J. SPECIAL NEEDS EDUCATION/SPECIAL NEEDS ED. PART 2.pdf,The main goal of inclusive education is to:,,,Integrate all learners in a supportive environment,,Separate learners with disabilities,,Focus on academic competition,,Enforce uniform performance,,,,A,Correct answer sourced from the PDF answer key: A.,LET Secondary,Special Needs Education,Special Needs Education,3,No,,0.96,Ready for Upload,LET Secondary Special Needs Education Q&A. Correct answer sourced from PDF answer key.
82,7,1,SPECIAL NEEDS ED. PART 2.pdf,/Users/lyndon/All reviewers/-LET REVIEWER 2026/C. MAJOR SUBJECTS/J. SPECIAL NEEDS EDUCATION/SPECIAL NEEDS ED. PART 2.pdf,Which characteristic is most associated with Autism Spectrum Disorder?,,,Disinterest in communication and repetitive behavior,,Difficulty in gross motor coordination,,Poor vision and hearing,,High distractibility,,,,A,Correct answer sourced from the PDF answer key: A.,LET Secondary,Special Needs Education,Special Needs Education,3,No,,0.96,Ready for Upload,LET Secondary Special Needs Education Q&A. Correct answer sourced from PDF answer key.
83,8,1,SPECIAL NEEDS ED. PART 2.pdf,/Users/lyndon/All reviewers/-LET REVIEWER 2026/C. MAJOR SUBJECTS/J. SPECIAL NEEDS EDUCATION/SPECIAL NEEDS ED. PART 2.pdf,A learner with mild intellectual disability benefits most from:,,,Concrete and repetitive learning tasks,,Abstract discussions,,Research projects,,Lecture-based instruction,,,,A,Correct answer sourced from the PDF answer key: A.,LET Secondary,Special Needs Education,Special Needs Education,3,No,,0.96,Ready for Upload,LET Secondary Special Needs Education Q&A. Correct answer sourced from PDF answer key.
84,9,1,SPECIAL NEEDS ED. PART 2.pdf,/Users/lyndon/All reviewers/-LET REVIEWER 2026/C. MAJOR SUBJECTS/J. SPECIAL NEEDS EDUCATION/SPECIAL NEEDS ED. PART 2.pdf,What is the primary role of a SPED teacher in inclusion?,,,Collaborate with general educators for learner support,,Replace classroom teachers,,Manage discipline issues,,Supervise only gifted learners,,,,A,Correct answer sourced from the PDF answer key: A.,LET Secondary,Special Needs Education,Special Needs Education,3,No,,0.96,Ready for Upload,LET Secondary Special Needs Education Q&A. Correct answer sourced from PDF answer key.
85,10,1,SPECIAL NEEDS ED. PART 2.pdf,/Users/lyndon/All reviewers/-LET REVIEWER 2026/C. MAJOR SUBJECTS/J. SPECIAL NEEDS EDUCATION/SPECIAL NEEDS ED. PART 2.pdf,A hearing-impaired student should be seated:,,,Near the teacher and facing them,,At the back,,Beside the window,,In the middle row Comprehensive LET Reviewer 2025/2026 LOVE Teach PH Reviewer,,,,A,Correct answer sourced from the PDF answer key: A.,LET Secondary,Special Needs Education,Special Needs Education,3,No,,0.96,Ready for Upload,LET Secondary Special Needs Education Q&A. Correct answer sourced from PDF answer key.
86,11,2,SPECIAL NEEDS ED. PART 2.pdf,/Users/lyndon/All reviewers/-LET REVIEWER 2026/C. MAJOR SUBJECTS/J. SPECIAL NEEDS EDUCATION/SPECIAL NEEDS ED. PART 2.pdf,“Transition planning” in SPED focuses on:,,,Preparing students for adult life and employment,,Moving students to the next grade,,Changing classroom rules,,Scheduling tests,,,,A,Correct answer sourced from the PDF answer key: A.,LET Secondary,Special Needs Education,Special Needs Education,3,No,,0.96,Ready for Upload,LET Secondary Special Needs Education Q&A. Correct answer sourced from PDF answer key.
87,12,2,SPECIAL NEEDS ED. PART 2.pdf,/Users/lyndon/All reviewers/-LET REVIEWER 2026/C. MAJOR SUBJECTS/J. SPECIAL NEEDS EDUCATION/SPECIAL NEEDS ED. PART 2.pdf,A learner who cannot express thoughts clearly but understands language may have:,,,Receptive language disorder,,Expressive language disorder,,Dyslexia,,Visual impairment,,,,B,Correct answer sourced from the PDF answer key: B.,LET Secondary,Special Needs Education,Special Needs Education,3,No,,0.96,Ready for Upload,LET Secondary Special Needs Education Q&A. Correct answer sourced from PDF answer key.
88,13,2,SPECIAL NEEDS ED. PART 2.pdf,/Users/lyndon/All reviewers/-LET REVIEWER 2026/C. MAJOR SUBJECTS/J. SPECIAL NEEDS EDUCATION/SPECIAL NEEDS ED. PART 2.pdf,The “continuum of alternative placements” includes:,,,"Resource rooms, self-contained classes, and regular classrooms",,Hospital schooling only,,Homeschooling exclusively,,Online learning only,,,,A,Correct answer sourced from the PDF answer key: A.,LET Secondary,Special Needs Education,Special Needs Education,3,No,,0.96,Ready for Upload,LET Secondary Special Needs Education Q&A. Correct answer sourced from PDF answer key.
89,14,2,SPECIAL NEEDS ED. PART 2.pdf,/Users/lyndon/All reviewers/-LET REVIEWER 2026/C. MAJOR SUBJECTS/J. SPECIAL NEEDS EDUCATION/SPECIAL NEEDS ED. PART 2.pdf,Which of the following reflects the principle of Universal Design for Learning (UDL)?,,,"Multiple means of representation, engagement, and expression",,One teaching method for all,,Exclusive testing,,Uniform performance outcomes,,,,A,Correct answer sourced from the PDF answer key: A.,LET Secondary,Special Needs Education,Special Needs Education,3,No,,0.96,Ready for Upload,LET Secondary Special Needs Education Q&A. Correct answer sourced from PDF answer key.
90,15,2,SPECIAL NEEDS ED. PART 2.pdf,/Users/lyndon/All reviewers/-LET REVIEWER 2026/C. MAJOR SUBJECTS/J. SPECIAL NEEDS EDUCATION/SPECIAL NEEDS ED. PART 2.pdf,Which professional is responsible for diagnosing speech problems?,,,Speech-language pathologist,,Occupational therapist,,Psychologist,,Guidance counselor,,,,A,Correct answer sourced from the PDF answer key: A.,LET Secondary,Special Needs Education,Special Needs Education,3,No,,0.96,Ready for Upload,LET Secondary Special Needs Education Q&A. Correct answer sourced from PDF answer key.
91,16,2,SPECIAL NEEDS ED. PART 2.pdf,/Users/lyndon/All reviewers/-LET REVIEWER 2026/C. MAJOR SUBJECTS/J. SPECIAL NEEDS EDUCATION/SPECIAL NEEDS ED. PART 2.pdf,Which of the following is a characteristic of a gifted child?,,,High curiosity and advanced vocabulary,,Slow comprehension,,Poor reasoning skills,,Delayed social interaction,,,,A,Correct answer sourced from the PDF answer key: A.,LET Secondary,Special Needs Education,Special Needs Education,3,No,,0.96,Ready for Upload,LET Secondary Special Needs Education Q&A. Correct answer sourced from PDF answer key.
92,17,2,SPECIAL NEEDS ED. PART 2.pdf,/Users/lyndon/All reviewers/-LET REVIEWER 2026/C. MAJOR SUBJECTS/J. SPECIAL NEEDS EDUCATION/SPECIAL NEEDS ED. PART 2.pdf,A child who reverses letters when writing may be diagnosed with:,,,Dyslexia,,Dyscalculia,,Dysgraphia,,ADHD,,,,C,Correct answer sourced from the PDF answer key: C.,LET Secondary,Special Needs Education,Special Needs Education,3,No,,0.96,Ready for Upload,LET Secondary Special Needs Education Q&A. Correct answer sourced from PDF answer key.
93,18,2,SPECIAL NEEDS ED. PART 2.pdf,/Users/lyndon/All reviewers/-LET REVIEWER 2026/C. MAJOR SUBJECTS/J. SPECIAL NEEDS EDUCATION/SPECIAL NEEDS ED. PART 2.pdf,The use of adaptive furniture and ramps is an example of:,,,Physical accommodation,,Academic modification,,Behavior intervention,,Therapeutic service,,,,A,Correct answer sourced from the PDF answer key: A.,LET Secondary,Special Needs Education,Special Needs Education,3,No,,0.96,Ready for Upload,LET Secondary Special Needs Education Q&A. Correct answer sourced from PDF answer key.
94,19,2,SPECIAL NEEDS ED. PART 2.pdf,/Users/lyndon/All reviewers/-LET REVIEWER 2026/C. MAJOR SUBJECTS/J. SPECIAL NEEDS EDUCATION/SPECIAL NEEDS ED. PART 2.pdf,“Individual differences” in SPED refers to:,,,Each child’s unique learning style and pace,,Similarity among learners,,Uniform ability levels,,Peer competition,,,,A,Correct answer sourced from the PDF answer key: A.,LET Secondary,Special Needs Education,Special Needs Education,3,No,,0.96,Ready for Upload,LET Secondary Special Needs Education Q&A. Correct answer sourced from PDF answer key.
95,20,2,SPECIAL NEEDS ED. PART 2.pdf,/Users/lyndon/All reviewers/-LET REVIEWER 2026/C. MAJOR SUBJECTS/J. SPECIAL NEEDS EDUCATION/SPECIAL NEEDS ED. PART 2.pdf,A learner who cannot control body movement due to brain injury likely has:,,,Cerebral Palsy,,Autism,,Dysgraphia,,ADHD,,,,A,Correct answer sourced from the PDF answer key: A.,LET Secondary,Special Needs Education,Special Needs Education,3,No,,0.96,Ready for Upload,LET Secondary Special Needs Education Q&A. Correct answer sourced from PDF answer key.
96,21,2,SPECIAL NEEDS ED. PART 2.pdf,/Users/lyndon/All reviewers/-LET REVIEWER 2026/C. MAJOR SUBJECTS/J. SPECIAL NEEDS EDUCATION/SPECIAL NEEDS ED. PART 2.pdf,"When a teacher shortens an activity for a child with limited attention span, it is called:",,,Instructional modification,,Standardization,,Testing adjustment,,Content enrichment,,,,A,Correct answer sourced from the PDF answer key: A.,LET Secondary,Special Needs Education,Special Needs Education,3,No,,0.96,Ready for Upload,LET Secondary Special Needs Education Q&A. Correct answer sourced from PDF answer key.
97,22,2,SPECIAL NEEDS ED. PART 2.pdf,/Users/lyndon/All reviewers/-LET REVIEWER 2026/C. MAJOR SUBJECTS/J. SPECIAL NEEDS EDUCATION/SPECIAL NEEDS ED. PART 2.pdf,What is the key difference between accommodation and modification?,,,"Accommodation changes how learning is accessed, not what is learned",,Modification alters the physical environment Comprehensive LET Reviewer 2025/2026 LOVE Teach PH Reviewer,,Accommodation changes grading policies,,Modification keeps content the same,,,,A,Correct answer sourced from the PDF answer key: A.,LET Secondary,Special Needs Education,Special Needs Education,3,No,,0.96,Ready for Upload,LET Secondary Special Needs Education Q&A. Correct answer sourced from PDF answer key.
98,23,3,SPECIAL NEEDS ED. PART 2.pdf,/Users/lyndon/All reviewers/-LET REVIEWER 2026/C. MAJOR SUBJECTS/J. SPECIAL NEEDS EDUCATION/SPECIAL NEEDS ED. PART 2.pdf,"A learner who often interrupts, fidgets, and loses focus may have:",,,ADHD,,Autism,,Dyslexia,,Intellectual delay,,,,A,Correct answer sourced from the PDF answer key: A.,LET Secondary,Special Needs Education,Special Needs Education,3,No,,0.96,Ready for Upload,LET Secondary Special Needs Education Q&A. Correct answer sourced from PDF answer key.
99,24,3,SPECIAL NEEDS ED. PART 2.pdf,/Users/lyndon/All reviewers/-LET REVIEWER 2026/C. MAJOR SUBJECTS/J. SPECIAL NEEDS EDUCATION/SPECIAL NEEDS ED. PART 2.pdf,A child who is nonverbal but uses gestures and pictures to communicate benefits from:,,,Augmentative and Alternative Communication (AAC),,Visual aids only,,Peer mentoring,,Speech therapy alone,,,,A,Correct answer sourced from the PDF answer key: A.,LET Secondary,Special Needs Education,Special Needs Education,3,No,,0.96,Ready for Upload,LET Secondary Special Needs Education Q&A. Correct answer sourced from PDF answer key.
100,25,3,SPECIAL NEEDS ED. PART 2.pdf,/Users/lyndon/All reviewers/-LET REVIEWER 2026/C. MAJOR SUBJECTS/J. SPECIAL NEEDS EDUCATION/SPECIAL NEEDS ED. PART 2.pdf,What does “inclusive education” advocate?,,,Education for all learners regardless of differences,,Special schools only for disabilities,,Segregation for better teaching,,Home-based instruction,,,,A,Correct answer sourced from the PDF answer key: A.,LET Secondary,Special Needs Education,Special Needs Education,3,No,,0.96,Ready for Upload,LET Secondary Special Needs Education Q&A. Correct answer sourced from PDF answer key.
101,26,3,SPECIAL NEEDS ED. PART 2.pdf,/Users/lyndon/All reviewers/-LET REVIEWER 2026/C. MAJOR SUBJECTS/J. SPECIAL NEEDS EDUCATION/SPECIAL NEEDS ED. PART 2.pdf,Which of the following is a physical disability?,,,Cerebral Palsy,,Dyslexia,,Autism,,ADHD,,,,A,Correct answer sourced from the PDF answer key: A.,LET Secondary,Special Needs Education,Special Needs Education,3,No,,0.96,Ready for Upload,LET Secondary Special Needs Education Q&A. Correct answer sourced from PDF answer key.
102,27,3,SPECIAL NEEDS ED. PART 2.pdf,/Users/lyndon/All reviewers/-LET REVIEWER 2026/C. MAJOR SUBJECTS/J. SPECIAL NEEDS EDUCATION/SPECIAL NEEDS ED. PART 2.pdf,The term “mainstreaming” means:,,,Integrating learners with special needs in regular classes part of the time,,Full inclusion of all learners,,Isolating learners with disabilities,,Providing separate programs,,,,A,Correct answer sourced from the PDF answer key: A.,LET Secondary,Special Needs Education,Special Needs Education,3,No,,0.96,Ready for Upload,LET Secondary Special Needs Education Q&A. Correct answer sourced from PDF answer key.
103,28,3,SPECIAL NEEDS ED. PART 2.pdf,/Users/lyndon/All reviewers/-LET REVIEWER 2026/C. MAJOR SUBJECTS/J. SPECIAL NEEDS EDUCATION/SPECIAL NEEDS ED. PART 2.pdf,The “zero reject” principle ensures:,,,No child can be denied access to education,,Schools can screen students,,Only mild cases are accepted,,Parents decide admission,,,,A,Correct answer sourced from the PDF answer key: A.,LET Secondary,Special Needs Education,Special Needs Education,3,No,,0.96,Ready for Upload,LET Secondary Special Needs Education Q&A. Correct answer sourced from PDF answer key.
104,29,3,SPECIAL NEEDS ED. PART 2.pdf,/Users/lyndon/All reviewers/-LET REVIEWER 2026/C. MAJOR SUBJECTS/J. SPECIAL NEEDS EDUCATION/SPECIAL NEEDS ED. PART 2.pdf,A learner with hearing impairment learns best through:,,,Visual aids and sign language,,Audio materials,,Oral drills,,Music activities,,,,A,Correct answer sourced from the PDF answer key: A.,LET Secondary,Special Needs Education,Special Needs Education,3,No,,0.96,Ready for Upload,LET Secondary Special Needs Education Q&A. Correct answer sourced from PDF answer key.
105,30,3,SPECIAL NEEDS ED. PART 2.pdf,/Users/lyndon/All reviewers/-LET REVIEWER 2026/C. MAJOR SUBJECTS/J. SPECIAL NEEDS EDUCATION/SPECIAL NEEDS ED. PART 2.pdf,What is the best intervention for children with behavioral disorders?,,,Behavior modification techniques,,Long-term isolation,,Strict punishment,,Verbal reprimands,,,,A,Correct answer sourced from the PDF answer key: A.,LET Secondary,Special Needs Education,Special Needs Education,3,No,,0.96,Ready for Upload,LET Secondary Special Needs Education Q&A. Correct answer sourced from PDF answer key.
106,31,3,SPECIAL NEEDS ED. PART 2.pdf,/Users/lyndon/All reviewers/-LET REVIEWER 2026/C. MAJOR SUBJECTS/J. SPECIAL NEEDS EDUCATION/SPECIAL NEEDS ED. PART 2.pdf,What does “IDEA” stand for in SPED context (U.S.)?,,,Individuals with Disabilities Education Act,,Inclusive Development Education Act,,Integrated Disabilities Educational Amendment,,International Development Education Act,,,,A,Correct answer sourced from the PDF answer key: A.,LET Secondary,Special Needs Education,Special Needs Education,3,No,,0.96,Ready for Upload,LET Secondary Special Needs Education Q&A. Correct answer sourced from PDF answer key.
107,32,3,SPECIAL NEEDS ED. PART 2.pdf,/Users/lyndon/All reviewers/-LET REVIEWER 2026/C. MAJOR SUBJECTS/J. SPECIAL NEEDS EDUCATION/SPECIAL NEEDS ED. PART 2.pdf,A visually impaired child who reads through touch uses:,,,Braille system,,Audio system,,Tactile drawing,,Enlarged print,,,,A,Correct answer sourced from the PDF answer key: A.,LET Secondary,Special Needs Education,Special Needs Education,3,No,,0.96,Ready for Upload,LET Secondary Special Needs Education Q&A. Correct answer sourced from PDF answer key.
108,33,3,SPECIAL NEEDS ED. PART 2.pdf,/Users/lyndon/All reviewers/-LET REVIEWER 2026/C. MAJOR SUBJECTS/J. SPECIAL NEEDS EDUCATION/SPECIAL NEEDS ED. PART 2.pdf,Which of the following describes a learner with an emotional disturbance?,,,Displays chronic inappropriate behaviors and poor relationships,,Has difficulty with spelling,,Shows advanced reasoning,,Exhibits slow cognitive processing,,,,A,Correct answer sourced from the PDF answer key: A.,LET Secondary,Special Needs Education,Special Needs Education,3,No,,0.96,Ready for Upload,LET Secondary Special Needs Education Q&A. Correct answer sourced from PDF answer key.
109,34,3,SPECIAL NEEDS ED. PART 2.pdf,/Users/lyndon/All reviewers/-LET REVIEWER 2026/C. MAJOR SUBJECTS/J. SPECIAL NEEDS EDUCATION/SPECIAL NEEDS ED. PART 2.pdf,A teacher ensures the classroom is barrier-free. This supports:,,,Physical accessibility Comprehensive LET Reviewer 2025/2026 LOVE Teach PH Reviewer,,Academic modification,,Standard testing,,Behavior regulation,,,,A,Correct answer sourced from the PDF answer key: A.,LET Secondary,Special Needs Education,Special Needs Education,3,No,,0.96,Ready for Upload,LET Secondary Special Needs Education Q&A. Correct answer sourced from PDF answer key.
110,35,4,SPECIAL NEEDS ED. PART 2.pdf,/Users/lyndon/All reviewers/-LET REVIEWER 2026/C. MAJOR SUBJECTS/J. SPECIAL NEEDS EDUCATION/SPECIAL NEEDS ED. PART 2.pdf,The law mandating inclusive education for learners with disabilities is:,,,R.A. 11650,,R.A. 7277,,R.A. 10533,,R.A. 10157,,,,A,Correct answer sourced from the PDF answer key: A.,LET Secondary,Special Needs Education,Special Needs Education,3,No,,0.96,Ready for Upload,LET Secondary Special Needs Education Q&A. Correct answer sourced from PDF answer key.
111,36,4,SPECIAL NEEDS ED. PART 2.pdf,/Users/lyndon/All reviewers/-LET REVIEWER 2026/C. MAJOR SUBJECTS/J. SPECIAL NEEDS EDUCATION/SPECIAL NEEDS ED. PART 2.pdf,The approach that focuses on teaching functional daily living skills is:,,,Functional curriculum approach,,Academic-based approach,,Remedial teaching,,Traditional method,,,,A,Correct answer sourced from the PDF answer key: A.,LET Secondary,Special Needs Education,Special Needs Education,3,No,,0.96,Ready for Upload,LET Secondary Special Needs Education Q&A. Correct answer sourced from PDF answer key.
112,37,4,SPECIAL NEEDS ED. PART 2.pdf,/Users/lyndon/All reviewers/-LET REVIEWER 2026/C. MAJOR SUBJECTS/J. SPECIAL NEEDS EDUCATION/SPECIAL NEEDS ED. PART 2.pdf,The principle of normalization in SPED means:,,,Providing experiences as close to typical life as possible,,Forcing students to behave normally,,Isolating learners,,Comparing with peers,,,,A,Correct answer sourced from the PDF answer key: A.,LET Secondary,Special Needs Education,Special Needs Education,3,No,,0.96,Ready for Upload,LET Secondary Special Needs Education Q&A. Correct answer sourced from PDF answer key.
113,38,4,SPECIAL NEEDS ED. PART 2.pdf,/Users/lyndon/All reviewers/-LET REVIEWER 2026/C. MAJOR SUBJECTS/J. SPECIAL NEEDS EDUCATION/SPECIAL NEEDS ED. PART 2.pdf,What is the best way to promote social interaction in inclusive classrooms?,,,Cooperative learning activities,,Quiet seatwork,,Competitive games,,Individual study,,,,A,Correct answer sourced from the PDF answer key: A.,LET Secondary,Special Needs Education,Special Needs Education,3,No,,0.96,Ready for Upload,LET Secondary Special Needs Education Q&A. Correct answer sourced from PDF answer key.
114,39,4,SPECIAL NEEDS ED. PART 2.pdf,/Users/lyndon/All reviewers/-LET REVIEWER 2026/C. MAJOR SUBJECTS/J. SPECIAL NEEDS EDUCATION/SPECIAL NEEDS ED. PART 2.pdf,A student with dyscalculia needs support in:,,,Math computation and number sense,,Reading fluency,,Writing letters,,Understanding emotions,,,,A,Correct answer sourced from the PDF answer key: A.,LET Secondary,Special Needs Education,Special Needs Education,3,No,,0.96,Ready for Upload,LET Secondary Special Needs Education Q&A. Correct answer sourced from PDF answer key.
115,40,4,SPECIAL NEEDS ED. PART 2.pdf,/Users/lyndon/All reviewers/-LET REVIEWER 2026/C. MAJOR SUBJECTS/J. SPECIAL NEEDS EDUCATION/SPECIAL NEEDS ED. PART 2.pdf,The use of praise to encourage positive behavior is an example of:,,,Positive reinforcement,,Punishment,,Behavior correction,,Extinction,,,,A,Correct answer sourced from the PDF answer key: A.,LET Secondary,Special Needs Education,Special Needs Education,3,No,,0.96,Ready for Upload,LET Secondary Special Needs Education Q&A. Correct answer sourced from PDF answer key.
116,41,4,SPECIAL NEEDS ED. PART 2.pdf,/Users/lyndon/All reviewers/-LET REVIEWER 2026/C. MAJOR SUBJECTS/J. SPECIAL NEEDS EDUCATION/SPECIAL NEEDS ED. PART 2.pdf,What kind of disorder primarily affects the ability to articulate words clearly?,,,Speech disorder,,Language disorder,,Learning disability,,Motor disorder,,,,A,Correct answer sourced from the PDF answer key: A.,LET Secondary,Special Needs Education,Special Needs Education,3,No,,0.96,Ready for Upload,LET Secondary Special Needs Education Q&A. Correct answer sourced from PDF answer key.
117,42,4,SPECIAL NEEDS ED. PART 2.pdf,/Users/lyndon/All reviewers/-LET REVIEWER 2026/C. MAJOR SUBJECTS/J. SPECIAL NEEDS EDUCATION/SPECIAL NEEDS ED. PART 2.pdf,What type of seating arrangement is best for a child with low vision?,,,Front and well-lit area,,Back of the room,,Near the door,,Beside noisy classmates,,,,A,Correct answer sourced from the PDF answer key: A.,LET Secondary,Special Needs Education,Special Needs Education,3,No,,0.96,Ready for Upload,LET Secondary Special Needs Education Q&A. Correct answer sourced from PDF answer key.
118,43,4,SPECIAL NEEDS ED. PART 2.pdf,/Users/lyndon/All reviewers/-LET REVIEWER 2026/C. MAJOR SUBJECTS/J. SPECIAL NEEDS EDUCATION/SPECIAL NEEDS ED. PART 2.pdf,Which classroom practice supports inclusivity?,,,Peer tutoring,,Group grading,,Strict competition,,Segregated seating,,,,A,Correct answer sourced from the PDF answer key: A.,LET Secondary,Special Needs Education,Special Needs Education,3,No,,0.96,Ready for Upload,LET Secondary Special Needs Education Q&A. Correct answer sourced from PDF answer key.
119,44,4,SPECIAL NEEDS ED. PART 2.pdf,/Users/lyndon/All reviewers/-LET REVIEWER 2026/C. MAJOR SUBJECTS/J. SPECIAL NEEDS EDUCATION/SPECIAL NEEDS ED. PART 2.pdf,A learner who refuses to speak in any situation may be showing:,,,Selective mutism,,Shyness,,Speech delay,,Dyslexia,,,,A,Correct answer sourced from the PDF answer key: A.,LET Secondary,Special Needs Education,Special Needs Education,3,No,,0.96,Ready for Upload,LET Secondary Special Needs Education Q&A. Correct answer sourced from PDF answer key.
120,45,4,SPECIAL NEEDS ED. PART 2.pdf,/Users/lyndon/All reviewers/-LET REVIEWER 2026/C. MAJOR SUBJECTS/J. SPECIAL NEEDS EDUCATION/SPECIAL NEEDS ED. PART 2.pdf,Which professional helps learners with motor and coordination difficulties?,,,Occupational therapist,,Speech pathologist,,Psychometrician,,Guidance counselor Comprehensive LET Reviewer 2025/2026 LOVE Teach PH Reviewer,,,,A,Correct answer sourced from the PDF answer key: A.,LET Secondary,Special Needs Education,Special Needs Education,3,No,,0.96,Ready for Upload,LET Secondary Special Needs Education Q&A. Correct answer sourced from PDF answer key.
121,46,5,SPECIAL NEEDS ED. PART 2.pdf,/Users/lyndon/All reviewers/-LET REVIEWER 2026/C. MAJOR SUBJECTS/J. SPECIAL NEEDS EDUCATION/SPECIAL NEEDS ED. PART 2.pdf,Which teaching strategy suits children with Autism Spectrum Disorder?,,,Structured visual schedules and consistency,,Sudden activity changes,,Random instructions,,Abstract assignments,,,,A,Correct answer sourced from the PDF answer key: A.,LET Secondary,Special Needs Education,Special Needs Education,3,No,,0.96,Ready for Upload,LET Secondary Special Needs Education Q&A. Correct answer sourced from PDF answer key.
122,47,5,SPECIAL NEEDS ED. PART 2.pdf,/Users/lyndon/All reviewers/-LET REVIEWER 2026/C. MAJOR SUBJECTS/J. SPECIAL NEEDS EDUCATION/SPECIAL NEEDS ED. PART 2.pdf,The role of the SPED coordinator in schools is to:,,,Supervise SPED programs and coordinate services,,Replace general teachers,,Provide private tutoring,,Conduct daily assessments only,,,,A,Correct answer sourced from the PDF answer key: A.,LET Secondary,Special Needs Education,Special Needs Education,3,No,,0.96,Ready for Upload,LET Secondary Special Needs Education Q&A. Correct answer sourced from PDF answer key.
123,48,5,SPECIAL NEEDS ED. PART 2.pdf,/Users/lyndon/All reviewers/-LET REVIEWER 2026/C. MAJOR SUBJECTS/J. SPECIAL NEEDS EDUCATION/SPECIAL NEEDS ED. PART 2.pdf,Which of the following conditions may require physical therapy?,,,Cerebral Palsy,,Dyslexia,,ADHD,,Autism,,,,A,Correct answer sourced from the PDF answer key: A.,LET Secondary,Special Needs Education,Special Needs Education,3,No,,0.96,Ready for Upload,LET Secondary Special Needs Education Q&A. Correct answer sourced from PDF answer key.
124,49,5,SPECIAL NEEDS ED. PART 2.pdf,/Users/lyndon/All reviewers/-LET REVIEWER 2026/C. MAJOR SUBJECTS/J. SPECIAL NEEDS EDUCATION/SPECIAL NEEDS ED. PART 2.pdf,The best way to teach daily routines to learners with intellectual disability is:,,,Task analysis and step-by-step instruction,,Complex project assignments,,Lecture method,,Self-study,,,,A,Correct answer sourced from the PDF answer key: A.,LET Secondary,Special Needs Education,Special Needs Education,3,No,,0.96,Ready for Upload,LET Secondary Special Needs Education Q&A. Correct answer sourced from PDF answer key.
125,50,5,SPECIAL NEEDS ED. PART 2.pdf,/Users/lyndon/All reviewers/-LET REVIEWER 2026/C. MAJOR SUBJECTS/J. SPECIAL NEEDS EDUCATION/SPECIAL NEEDS ED. PART 2.pdf,A supportive inclusive classroom must be:,,,"Respectful, adaptive, and barrier-free",,Silent and competitive,,Focused only on gifted learners,,Teacher-centered Comprehensive LET Reviewer 2025/2026 LOVE Teach PH Reviewer LET Reviewer Special Needs Education Part 2 2025/2026,,,,A,Correct answer sourced from the PDF answer key: A.,LET Secondary,Special Needs Education,Special Needs Education,3,No,,0.96,Ready for Upload,LET Secondary Special Needs Education Q&A. Correct answer sourced from PDF answer key.
126,1,1,SPECIAL NEEDS ED. PART 3.pdf,/Users/lyndon/All reviewers/-LET REVIEWER 2026/C. MAJOR SUBJECTS/J. SPECIAL NEEDS EDUCATION/SPECIAL NEEDS ED. PART 3.pdf,The main objective of Special Needs Education is to:,,,Develop the full potential of every learner regardless of ability,,Provide special classes for all learners,,Separate students with disabilities,,Focus only on academic performance,,,,A,Correct answer sourced from the PDF answer key: A.,LET Secondary,Special Needs Education,Special Needs Education,3,No,,0.96,Ready for Upload,LET Secondary Special Needs Education Q&A. Correct answer sourced from PDF answer key.
127,2,1,SPECIAL NEEDS ED. PART 3.pdf,/Users/lyndon/All reviewers/-LET REVIEWER 2026/C. MAJOR SUBJECTS/J. SPECIAL NEEDS EDUCATION/SPECIAL NEEDS ED. PART 3.pdf,The term “exceptional children” includes:,,,"Learners who deviate from the average, either above or below",,Only learners with disabilities,,Only gifted children,,Children from low-income families,,,,A,Correct answer sourced from the PDF answer key: A.,LET Secondary,Special Needs Education,Special Needs Education,3,No,,0.96,Ready for Upload,LET Secondary Special Needs Education Q&A. Correct answer sourced from PDF answer key.
128,3,1,SPECIAL NEEDS ED. PART 3.pdf,/Users/lyndon/All reviewers/-LET REVIEWER 2026/C. MAJOR SUBJECTS/J. SPECIAL NEEDS EDUCATION/SPECIAL NEEDS ED. PART 3.pdf,A child who has difficulty understanding numbers and operations likely has:,,,Dyscalculia,,Dyslexia,,Dysgraphia,,Dyspraxia,,,,A,Correct answer sourced from the PDF answer key: A.,LET Secondary,Special Needs Education,Special Needs Education,3,No,,0.96,Ready for Upload,LET Secondary Special Needs Education Q&A. Correct answer sourced from PDF answer key.
129,4,1,SPECIAL NEEDS ED. PART 3.pdf,/Users/lyndon/All reviewers/-LET REVIEWER 2026/C. MAJOR SUBJECTS/J. SPECIAL NEEDS EDUCATION/SPECIAL NEEDS ED. PART 3.pdf,What is the most important principle in inclusive education?,,,All learners have the right to quality education,,Students should be grouped by ability,,Only teachers decide placement,,Special needs learners must be separated,,,,A,Correct answer sourced from the PDF answer key: A.,LET Secondary,Special Needs Education,Special Needs Education,3,No,,0.96,Ready for Upload,LET Secondary Special Needs Education Q&A. Correct answer sourced from PDF answer key.
130,5,1,SPECIAL NEEDS ED. PART 3.pdf,/Users/lyndon/All reviewers/-LET REVIEWER 2026/C. MAJOR SUBJECTS/J. SPECIAL NEEDS EDUCATION/SPECIAL NEEDS ED. PART 3.pdf,A child with ADHD benefits most from:,,,Structured routines and clear instructions,,Long lectures and open discussions,,Minimal supervision,,Irregular schedules,,,,A,Correct answer sourced from the PDF answer key: A.,LET Secondary,Special Needs Education,Special Needs Education,3,No,36,0.96,Duplicate,LET Secondary Special Needs Education Q&A. Correct answer sourced from PDF answer key.
131,6,1,SPECIAL NEEDS ED. PART 3.pdf,/Users/lyndon/All reviewers/-LET REVIEWER 2026/C. MAJOR SUBJECTS/J. SPECIAL NEEDS EDUCATION/SPECIAL NEEDS ED. PART 3.pdf,A learner who cannot see even with corrective lenses is said to have:,,,Visual impairment,,Hearing impairment,,Speech disorder,,Learning delay,,,,A,Correct answer sourced from the PDF answer key: A.,LET Secondary,Special Needs Education,Special Needs Education,3,No,,0.96,Ready for Upload,LET Secondary Special Needs Education Q&A. Correct answer sourced from PDF answer key.
132,7,1,SPECIAL NEEDS ED. PART 3.pdf,/Users/lyndon/All reviewers/-LET REVIEWER 2026/C. MAJOR SUBJECTS/J. SPECIAL NEEDS EDUCATION/SPECIAL NEEDS ED. PART 3.pdf,The process of designing teaching methods for diverse learners is called:,,,Differentiated instruction,,Standard instruction,,Whole-class teaching,,Sequential method,,,,A,Correct answer sourced from the PDF answer key: A.,LET Secondary,Special Needs Education,Special Needs Education,3,No,,0.96,Ready for Upload,LET Secondary Special Needs Education Q&A. Correct answer sourced from PDF answer key.
133,8,1,SPECIAL NEEDS ED. PART 3.pdf,/Users/lyndon/All reviewers/-LET REVIEWER 2026/C. MAJOR SUBJECTS/J. SPECIAL NEEDS EDUCATION/SPECIAL NEEDS ED. PART 3.pdf,What is the best way to help a child with speech impairment?,,,Provide speech therapy and communication support,,Avoid oral activities,,Ignore speech errors,,Use only written tests,,,,A,Correct answer sourced from the PDF answer key: A.,LET Secondary,Special Needs Education,Special Needs Education,3,No,,0.96,Ready for Upload,LET Secondary Special Needs Education Q&A. Correct answer sourced from PDF answer key.
134,9,1,SPECIAL NEEDS ED. PART 3.pdf,/Users/lyndon/All reviewers/-LET REVIEWER 2026/C. MAJOR SUBJECTS/J. SPECIAL NEEDS EDUCATION/SPECIAL NEEDS ED. PART 3.pdf,The “Resource Room Model” is intended for:,,,Learners who need additional support part of the day,,Students with high academic performance,,Home-based learners,,Full-time special class students,,,,A,Correct answer sourced from the PDF answer key: A.,LET Secondary,Special Needs Education,Special Needs Education,3,No,,0.96,Ready for Upload,LET Secondary Special Needs Education Q&A. Correct answer sourced from PDF answer key.
135,10,1,SPECIAL NEEDS ED. PART 3.pdf,/Users/lyndon/All reviewers/-LET REVIEWER 2026/C. MAJOR SUBJECTS/J. SPECIAL NEEDS EDUCATION/SPECIAL NEEDS ED. PART 3.pdf,Which law institutionalized inclusive education for learners with disabilities in the Philippines?,,,R.A. 11650,,R.A. 10533,,R.A. 10157,,R.A. 9155,,,,A,Correct answer sourced from the PDF answer key: A.,LET Secondary,Special Needs Education,Special Needs Education,3,No,,0.96,Ready for Upload,LET Secondary Special Needs Education Q&A. Correct answer sourced from PDF answer key.
136,11,1,SPECIAL NEEDS ED. PART 3.pdf,/Users/lyndon/All reviewers/-LET REVIEWER 2026/C. MAJOR SUBJECTS/J. SPECIAL NEEDS EDUCATION/SPECIAL NEEDS ED. PART 3.pdf,A child who writes very slowly and struggles to form letters may have:,,,Dysgraphia Comprehensive LET Reviewer 2025/2026 LOVE Teach PH Reviewer,,Dyslexia,,Dyscalculia,,Dyspraxia,,,,A,Correct answer sourced from the PDF answer key: A.,LET Secondary,Special Needs Education,Special Needs Education,3,No,,0.96,Ready for Upload,LET Secondary Special Needs Education Q&A. Correct answer sourced from PDF answer key.
137,12,2,SPECIAL NEEDS ED. PART 3.pdf,/Users/lyndon/All reviewers/-LET REVIEWER 2026/C. MAJOR SUBJECTS/J. SPECIAL NEEDS EDUCATION/SPECIAL NEEDS ED. PART 3.pdf,Which of the following demonstrates a “least restrictive environment”?,,,Learners with disabilities study with peers as much as possible,,All special learners are isolated in separate classes,,Only mild cases attend regular schools,,Homeschooling for all special learners,,,,A,Correct answer sourced from the PDF answer key: A.,LET Secondary,Special Needs Education,Special Needs Education,3,No,,0.96,Ready for Upload,LET Secondary Special Needs Education Q&A. Correct answer sourced from PDF answer key.
138,13,2,SPECIAL NEEDS ED. PART 3.pdf,/Users/lyndon/All reviewers/-LET REVIEWER 2026/C. MAJOR SUBJECTS/J. SPECIAL NEEDS EDUCATION/SPECIAL NEEDS ED. PART 3.pdf,Which of the following describes “functional curriculum”?,,,Teaching skills needed for daily living and independence,,Emphasizing theoretical concepts,,Teaching advanced academic subjects,,Focusing only on memorization,,,,A,Correct answer sourced from the PDF answer key: A.,LET Secondary,Special Needs Education,Special Needs Education,3,No,,0.96,Ready for Upload,LET Secondary Special Needs Education Q&A. Correct answer sourced from PDF answer key.
139,14,2,SPECIAL NEEDS ED. PART 3.pdf,/Users/lyndon/All reviewers/-LET REVIEWER 2026/C. MAJOR SUBJECTS/J. SPECIAL NEEDS EDUCATION/SPECIAL NEEDS ED. PART 3.pdf,The most effective classroom strategy for students with Autism Spectrum Disorder is:,,,Using visual schedules and structured routines,,Random seating and tasks,,Long verbal lectures,,Frequent schedule changes,,,,A,Correct answer sourced from the PDF answer key: A.,LET Secondary,Special Needs Education,Special Needs Education,3,No,,0.96,Ready for Upload,LET Secondary Special Needs Education Q&A. Correct answer sourced from PDF answer key.
140,15,2,SPECIAL NEEDS ED. PART 3.pdf,/Users/lyndon/All reviewers/-LET REVIEWER 2026/C. MAJOR SUBJECTS/J. SPECIAL NEEDS EDUCATION/SPECIAL NEEDS ED. PART 3.pdf,The Individualized Education Program (IEP) should include:,,,"Goals, accommodations, and progress measures",,Only student grades,,Teacher lesson plans,,A list of subjects,,,,A,Correct answer sourced from the PDF answer key: A.,LET Secondary,Special Needs Education,Special Needs Education,3,No,,0.96,Ready for Upload,LET Secondary Special Needs Education Q&A. Correct answer sourced from PDF answer key.
141,16,2,SPECIAL NEEDS ED. PART 3.pdf,/Users/lyndon/All reviewers/-LET REVIEWER 2026/C. MAJOR SUBJECTS/J. SPECIAL NEEDS EDUCATION/SPECIAL NEEDS ED. PART 3.pdf,A learner with hearing loss should be placed:,,,Where they can see the teacher’s lips clearly,,At the back of the room,,Near noisy areas,,Behind classmates,,,,A,Correct answer sourced from the PDF answer key: A.,LET Secondary,Special Needs Education,Special Needs Education,3,No,,0.96,Ready for Upload,LET Secondary Special Needs Education Q&A. Correct answer sourced from PDF answer key.
142,17,2,SPECIAL NEEDS ED. PART 3.pdf,/Users/lyndon/All reviewers/-LET REVIEWER 2026/C. MAJOR SUBJECTS/J. SPECIAL NEEDS EDUCATION/SPECIAL NEEDS ED. PART 3.pdf,Which disorder affects both hearing and vision?,,,Deaf-blindness,,Autism,,ADHD,,Intellectual disability,,,,A,Correct answer sourced from the PDF answer key: A.,LET Secondary,Special Needs Education,Special Needs Education,3,No,,0.96,Ready for Upload,LET Secondary Special Needs Education Q&A. Correct answer sourced from PDF answer key.
143,18,2,SPECIAL NEEDS ED. PART 3.pdf,/Users/lyndon/All reviewers/-LET REVIEWER 2026/C. MAJOR SUBJECTS/J. SPECIAL NEEDS EDUCATION/SPECIAL NEEDS ED. PART 3.pdf,What is “early intervention”?,,,Providing services at a young age to minimize developmental delays,,Starting formal schooling early,,Giving advanced lessons,,Correcting misbehavior,,,,A,Correct answer sourced from the PDF answer key: A.,LET Secondary,Special Needs Education,Special Needs Education,3,No,,0.96,Ready for Upload,LET Secondary Special Needs Education Q&A. Correct answer sourced from PDF answer key.
144,19,2,SPECIAL NEEDS ED. PART 3.pdf,/Users/lyndon/All reviewers/-LET REVIEWER 2026/C. MAJOR SUBJECTS/J. SPECIAL NEEDS EDUCATION/SPECIAL NEEDS ED. PART 3.pdf,A child who shows exceptional reasoning ability and creativity is:,,,Gifted,,Learning disabled,,Autistic,,ADHD,,,,A,Correct answer sourced from the PDF answer key: A.,LET Secondary,Special Needs Education,Special Needs Education,3,No,,0.96,Ready for Upload,LET Secondary Special Needs Education Q&A. Correct answer sourced from PDF answer key.
145,20,2,SPECIAL NEEDS ED. PART 3.pdf,/Users/lyndon/All reviewers/-LET REVIEWER 2026/C. MAJOR SUBJECTS/J. SPECIAL NEEDS EDUCATION/SPECIAL NEEDS ED. PART 3.pdf,“Behavior modification” involves:,,,Reinforcing positive actions and reducing negative behaviors,,Punishing poor behavior harshly,,Ignoring all misbehavior,,Comparing learners publicly,,,,A,Correct answer sourced from the PDF answer key: A.,LET Secondary,Special Needs Education,Special Needs Education,3,No,,0.96,Ready for Upload,LET Secondary Special Needs Education Q&A. Correct answer sourced from PDF answer key.
146,21,2,SPECIAL NEEDS ED. PART 3.pdf,/Users/lyndon/All reviewers/-LET REVIEWER 2026/C. MAJOR SUBJECTS/J. SPECIAL NEEDS EDUCATION/SPECIAL NEEDS ED. PART 3.pdf,Which of the following statements about inclusion is TRUE?,,,Inclusion benefits all learners by fostering acceptance,,Inclusion delays academic progress,,Inclusion is only for gifted learners,,Inclusion replaces special education,,,,B,Correct answer sourced from the PDF answer key: B.,LET Secondary,Special Needs Education,Special Needs Education,3,No,,0.96,Ready for Upload,LET Secondary Special Needs Education Q&A. Correct answer sourced from PDF answer key.
147,22,2,SPECIAL NEEDS ED. PART 3.pdf,/Users/lyndon/All reviewers/-LET REVIEWER 2026/C. MAJOR SUBJECTS/J. SPECIAL NEEDS EDUCATION/SPECIAL NEEDS ED. PART 3.pdf,What does “IEP” stand for?,,,Individualized Education Program,,Inclusive Education Policy,,International Education Plan,,Instructional Evaluation Process Comprehensive LET Reviewer 2025/2026 LOVE Teach PH Reviewer,,,,C,Correct answer sourced from the PDF answer key: C.,LET Secondary,Special Needs Education,Special Needs Education,3,No,,0.96,Ready for Upload,LET Secondary Special Needs Education Q&A. Correct answer sourced from PDF answer key.
148,23,3,SPECIAL NEEDS ED. PART 3.pdf,/Users/lyndon/All reviewers/-LET REVIEWER 2026/C. MAJOR SUBJECTS/J. SPECIAL NEEDS EDUCATION/SPECIAL NEEDS ED. PART 3.pdf,A learner who stammers when speaking has:,,,Speech disorder,,Language disorder,,Cognitive delay,,Motor impairment,,,,A,Correct answer sourced from the PDF answer key: A.,LET Secondary,Special Needs Education,Special Needs Education,3,No,,0.96,Ready for Upload,LET Secondary Special Needs Education Q&A. Correct answer sourced from PDF answer key.
149,24,3,SPECIAL NEEDS ED. PART 3.pdf,/Users/lyndon/All reviewers/-LET REVIEWER 2026/C. MAJOR SUBJECTS/J. SPECIAL NEEDS EDUCATION/SPECIAL NEEDS ED. PART 3.pdf,The SPED curriculum must be:,,,Adapted to meet individual differences,,Strictly standardized,,The same as general education,,Focused only on testing,,,,B,Correct answer sourced from the PDF answer key: B.,LET Secondary,Special Needs Education,Special Needs Education,3,No,,0.96,Ready for Upload,LET Secondary Special Needs Education Q&A. Correct answer sourced from PDF answer key.
150,25,3,SPECIAL NEEDS ED. PART 3.pdf,/Users/lyndon/All reviewers/-LET REVIEWER 2026/C. MAJOR SUBJECTS/J. SPECIAL NEEDS EDUCATION/SPECIAL NEEDS ED. PART 3.pdf,The best reinforcement for positive classroom behavior is:,,,Praise and encouragement,,Public comparison,,Ignoring achievements,,Negative feedback,,,,A,Correct answer sourced from the PDF answer key: A.,LET Secondary,Special Needs Education,Special Needs Education,3,No,,0.96,Ready for Upload,LET Secondary Special Needs Education Q&A. Correct answer sourced from PDF answer key.
151,26,3,SPECIAL NEEDS ED. PART 3.pdf,/Users/lyndon/All reviewers/-LET REVIEWER 2026/C. MAJOR SUBJECTS/J. SPECIAL NEEDS EDUCATION/SPECIAL NEEDS ED. PART 3.pdf,A learner with Down syndrome typically has:,,,Intellectual and developmental delay,,Motor coordination problems only,,Normal cognitive ability,,Hearing loss,,,,B,Correct answer sourced from the PDF answer key: B.,LET Secondary,Special Needs Education,Special Needs Education,3,No,,0.96,Ready for Upload,LET Secondary Special Needs Education Q&A. Correct answer sourced from PDF answer key.
152,27,3,SPECIAL NEEDS ED. PART 3.pdf,/Users/lyndon/All reviewers/-LET REVIEWER 2026/C. MAJOR SUBJECTS/J. SPECIAL NEEDS EDUCATION/SPECIAL NEEDS ED. PART 3.pdf,What is the main function of assistive technology?,,,Help learners with disabilities perform tasks more effectively,,Replace teachers,,Standardize testing,,Record attendance,,,,A,Correct answer sourced from the PDF answer key: A.,LET Secondary,Special Needs Education,Special Needs Education,3,No,,0.96,Ready for Upload,LET Secondary Special Needs Education Q&A. Correct answer sourced from PDF answer key.
153,28,3,SPECIAL NEEDS ED. PART 3.pdf,/Users/lyndon/All reviewers/-LET REVIEWER 2026/C. MAJOR SUBJECTS/J. SPECIAL NEEDS EDUCATION/SPECIAL NEEDS ED. PART 3.pdf,The “Zero Reject Policy” means:,,,No learner may be denied education because of disability,,Only mild cases are accepted,,Schools may refuse admission,,Teachers decide who enters,,,,A,Correct answer sourced from the PDF answer key: A.,LET Secondary,Special Needs Education,Special Needs Education,3,No,23,0.96,Duplicate,LET Secondary Special Needs Education Q&A. Correct answer sourced from PDF answer key.
154,29,3,SPECIAL NEEDS ED. PART 3.pdf,/Users/lyndon/All reviewers/-LET REVIEWER 2026/C. MAJOR SUBJECTS/J. SPECIAL NEEDS EDUCATION/SPECIAL NEEDS ED. PART 3.pdf,Which of the following best describes “mainstreaming”?,,,Partial integration of special needs learners into regular classes,,Full-time special education,,Exclusive home-based learning,,Standardized testing,,,,B,Correct answer sourced from the PDF answer key: B.,LET Secondary,Special Needs Education,Special Needs Education,3,No,,0.96,Ready for Upload,LET Secondary Special Needs Education Q&A. Correct answer sourced from PDF answer key.
155,30,3,SPECIAL NEEDS ED. PART 3.pdf,/Users/lyndon/All reviewers/-LET REVIEWER 2026/C. MAJOR SUBJECTS/J. SPECIAL NEEDS EDUCATION/SPECIAL NEEDS ED. PART 3.pdf,The teacher uses large print materials for a student with low vision. This is an example of:,,,Accommodation,,Modification,,Substitution,,Enrichment,,,,A,Correct answer sourced from the PDF answer key: A.,LET Secondary,Special Needs Education,Special Needs Education,3,No,,0.96,Ready for Upload,LET Secondary Special Needs Education Q&A. Correct answer sourced from PDF answer key.
156,31,3,SPECIAL NEEDS ED. PART 3.pdf,/Users/lyndon/All reviewers/-LET REVIEWER 2026/C. MAJOR SUBJECTS/J. SPECIAL NEEDS EDUCATION/SPECIAL NEEDS ED. PART 3.pdf,Who are members of the IEP team?,,,"Teacher, parents, school head, and student (if possible)",,Principal only,,Teacher and classmates,,Guidance counselor only,,,,C,Correct answer sourced from the PDF answer key: C.,LET Secondary,Special Needs Education,Special Needs Education,3,No,,0.96,Ready for Upload,LET Secondary Special Needs Education Q&A. Correct answer sourced from PDF answer key.
157,32,3,SPECIAL NEEDS ED. PART 3.pdf,/Users/lyndon/All reviewers/-LET REVIEWER 2026/C. MAJOR SUBJECTS/J. SPECIAL NEEDS EDUCATION/SPECIAL NEEDS ED. PART 3.pdf,The “continuum of services” in SPED refers to:,,,A range of placement options to meet diverse learner needs,,A single standardized classroom,,Exclusive schooling,,Segregation,,,,A,Correct answer sourced from the PDF answer key: A.,LET Secondary,Special Needs Education,Special Needs Education,3,No,,0.96,Ready for Upload,LET Secondary Special Needs Education Q&A. Correct answer sourced from PDF answer key.
158,33,3,SPECIAL NEEDS ED. PART 3.pdf,/Users/lyndon/All reviewers/-LET REVIEWER 2026/C. MAJOR SUBJECTS/J. SPECIAL NEEDS EDUCATION/SPECIAL NEEDS ED. PART 3.pdf,Which of the following is NOT inclusive practice?,,,Excluding learners with disabilities,,Peer tutoring,,Cooperative learning,,Classroom adaptations,,,,A,Correct answer sourced from the PDF answer key: A.,LET Secondary,Special Needs Education,Special Needs Education,3,No,,0.96,Ready for Upload,LET Secondary Special Needs Education Q&A. Correct answer sourced from PDF answer key.
159,34,3,SPECIAL NEEDS ED. PART 3.pdf,/Users/lyndon/All reviewers/-LET REVIEWER 2026/C. MAJOR SUBJECTS/J. SPECIAL NEEDS EDUCATION/SPECIAL NEEDS ED. PART 3.pdf,A learner with cerebral palsy primarily struggles with:,,,Muscle control and movement,,Hearing Comprehensive LET Reviewer 2025/2026 LOVE Teach PH Reviewer,,Vision,,Speech recognition,,,,A,Correct answer sourced from the PDF answer key: A.,LET Secondary,Special Needs Education,Special Needs Education,3,No,,0.96,Ready for Upload,LET Secondary Special Needs Education Q&A. Correct answer sourced from PDF answer key.
160,35,4,SPECIAL NEEDS ED. PART 3.pdf,/Users/lyndon/All reviewers/-LET REVIEWER 2026/C. MAJOR SUBJECTS/J. SPECIAL NEEDS EDUCATION/SPECIAL NEEDS ED. PART 3.pdf,"A classroom that values acceptance, respect, and diversity promotes:",,,Inclusion,,Competition,,Uniformity,,Standardization,,,,D,Correct answer sourced from the PDF answer key: D.,LET Secondary,Special Needs Education,Special Needs Education,3,No,,0.96,Ready for Upload,LET Secondary Special Needs Education Q&A. Correct answer sourced from PDF answer key.
161,36,4,SPECIAL NEEDS ED. PART 3.pdf,/Users/lyndon/All reviewers/-LET REVIEWER 2026/C. MAJOR SUBJECTS/J. SPECIAL NEEDS EDUCATION/SPECIAL NEEDS ED. PART 3.pdf,Which type of disorder involves difficulty understanding spoken language?,,,Receptive language disorder,,Expressive language disorder,,Speech disorder,,Learning disability,,,,A,Correct answer sourced from the PDF answer key: A.,LET Secondary,Special Needs Education,Special Needs Education,3,No,,0.96,Ready for Upload,LET Secondary Special Needs Education Q&A. Correct answer sourced from PDF answer key.
162,37,4,SPECIAL NEEDS ED. PART 3.pdf,/Users/lyndon/All reviewers/-LET REVIEWER 2026/C. MAJOR SUBJECTS/J. SPECIAL NEEDS EDUCATION/SPECIAL NEEDS ED. PART 3.pdf,A child who cannot control impulses and frequently acts without thinking may have:,,,ADHD (Impulsive type),,Autism,,Dyslexia,,Giftedness,,,,C,Correct answer sourced from the PDF answer key: C.,LET Secondary,Special Needs Education,Special Needs Education,3,No,,0.96,Ready for Upload,LET Secondary Special Needs Education Q&A. Correct answer sourced from PDF answer key.
163,38,4,SPECIAL NEEDS ED. PART 3.pdf,/Users/lyndon/All reviewers/-LET REVIEWER 2026/C. MAJOR SUBJECTS/J. SPECIAL NEEDS EDUCATION/SPECIAL NEEDS ED. PART 3.pdf,The principle of “normalization” means:,,,Providing opportunities similar to those of typical learners,,Lowering expectations,,Isolating students,,Reducing participation,,,,A,Correct answer sourced from the PDF answer key: A.,LET Secondary,Special Needs Education,Special Needs Education,3,No,,0.96,Ready for Upload,LET Secondary Special Needs Education Q&A. Correct answer sourced from PDF answer key.
164,39,4,SPECIAL NEEDS ED. PART 3.pdf,/Users/lyndon/All reviewers/-LET REVIEWER 2026/C. MAJOR SUBJECTS/J. SPECIAL NEEDS EDUCATION/SPECIAL NEEDS ED. PART 3.pdf,Which of the following is an example of differentiated instruction?,,,Offering varied activities based on learner needs,,Giving the same task to all learners,,Ignoring differences,,Using one teaching method only,,,,A,Correct answer sourced from the PDF answer key: A.,LET Secondary,Special Needs Education,Special Needs Education,3,No,,0.96,Ready for Upload,LET Secondary Special Needs Education Q&A. Correct answer sourced from PDF answer key.
165,40,4,SPECIAL NEEDS ED. PART 3.pdf,/Users/lyndon/All reviewers/-LET REVIEWER 2026/C. MAJOR SUBJECTS/J. SPECIAL NEEDS EDUCATION/SPECIAL NEEDS ED. PART 3.pdf,The ultimate goal of SPED is:,,,Self-reliance and social integration,,Academic competition,,Standardized testing,,Isolation,,,,A,Correct answer sourced from the PDF answer key: A.,LET Secondary,Special Needs Education,Special Needs Education,3,No,,0.96,Ready for Upload,LET Secondary Special Needs Education Q&A. Correct answer sourced from PDF answer key.
166,41,4,SPECIAL NEEDS ED. PART 3.pdf,/Users/lyndon/All reviewers/-LET REVIEWER 2026/C. MAJOR SUBJECTS/J. SPECIAL NEEDS EDUCATION/SPECIAL NEEDS ED. PART 3.pdf,The teacher uses a picture schedule to help a student with Autism transition between activities. This addresses:,,,Predictability and structure,,Language fluency,,Social competition,,Academic recall,,,,D,Correct answer sourced from the PDF answer key: D.,LET Secondary,Special Needs Education,Special Needs Education,3,No,,0.96,Ready for Upload,LET Secondary Special Needs Education Q&A. Correct answer sourced from PDF answer key.
167,42,4,SPECIAL NEEDS ED. PART 3.pdf,/Users/lyndon/All reviewers/-LET REVIEWER 2026/C. MAJOR SUBJECTS/J. SPECIAL NEEDS EDUCATION/SPECIAL NEEDS ED. PART 3.pdf,A learner who exhibits unpredictable moods and extreme fear may have:,,,Emotional or behavioral disorder,,Physical disability,,Learning delay,,Giftedness,,,,A,Correct answer sourced from the PDF answer key: A.,LET Secondary,Special Needs Education,Special Needs Education,3,No,,0.96,Ready for Upload,LET Secondary Special Needs Education Q&A. Correct answer sourced from PDF answer key.
168,43,4,SPECIAL NEEDS ED. PART 3.pdf,/Users/lyndon/All reviewers/-LET REVIEWER 2026/C. MAJOR SUBJECTS/J. SPECIAL NEEDS EDUCATION/SPECIAL NEEDS ED. PART 3.pdf,A teacher who adjusts lesson pacing and materials is practicing:,,,Instructional accommodation,,Uniform instruction,,Curriculum removal,,One-size teaching,,,,C,Correct answer sourced from the PDF answer key: C.,LET Secondary,Special Needs Education,Special Needs Education,3,No,,0.96,Ready for Upload,LET Secondary Special Needs Education Q&A. Correct answer sourced from PDF answer key.
169,44,4,SPECIAL NEEDS ED. PART 3.pdf,/Users/lyndon/All reviewers/-LET REVIEWER 2026/C. MAJOR SUBJECTS/J. SPECIAL NEEDS EDUCATION/SPECIAL NEEDS ED. PART 3.pdf,What does “inclusive classroom” mean?,,,A learning environment that welcomes and supports all learners,,A separate room for special learners,,A room for gifted students,,A uniform classroom setup,,,,A,Correct answer sourced from the PDF answer key: A.,LET Secondary,Special Needs Education,Special Needs Education,3,No,,0.96,Ready for Upload,LET Secondary Special Needs Education Q&A. Correct answer sourced from PDF answer key.
170,45,4,SPECIAL NEEDS ED. PART 3.pdf,/Users/lyndon/All reviewers/-LET REVIEWER 2026/C. MAJOR SUBJECTS/J. SPECIAL NEEDS EDUCATION/SPECIAL NEEDS ED. PART 3.pdf,Which principle emphasizes that every child can learn?,,,Universal Education Principle,,Ability Grouping,,Competitive Learning,,Exclusive Education Comprehensive LET Reviewer 2025/2026 LOVE Teach PH Reviewer,,,,B,Correct answer sourced from the PDF answer key: B.,LET Secondary,Special Needs Education,Special Needs Education,3,No,,0.96,Ready for Upload,LET Secondary Special Needs Education Q&A. Correct answer sourced from PDF answer key.
171,46,5,SPECIAL NEEDS ED. PART 3.pdf,/Users/lyndon/All reviewers/-LET REVIEWER 2026/C. MAJOR SUBJECTS/J. SPECIAL NEEDS EDUCATION/SPECIAL NEEDS ED. PART 3.pdf,The SPED teacher collaborates with general educators to:,,,Provide support and adapt lessons,,Replace them,,Supervise discipline,,Handle only paperwork,,,,A,Correct answer sourced from the PDF answer key: A.,LET Secondary,Special Needs Education,Special Needs Education,3,No,,0.96,Ready for Upload,LET Secondary Special Needs Education Q&A. Correct answer sourced from PDF answer key.
172,47,5,SPECIAL NEEDS ED. PART 3.pdf,/Users/lyndon/All reviewers/-LET REVIEWER 2026/C. MAJOR SUBJECTS/J. SPECIAL NEEDS EDUCATION/SPECIAL NEEDS ED. PART 3.pdf,Which strategy enhances learning for students with intellectual disabilities?,,,Task analysis and repetition,,Open discussion,,Group debate,,Abstract projects,,,,A,Correct answer sourced from the PDF answer key: A.,LET Secondary,Special Needs Education,Special Needs Education,3,No,,0.96,Ready for Upload,LET Secondary Special Needs Education Q&A. Correct answer sourced from PDF answer key.
173,48,5,SPECIAL NEEDS ED. PART 3.pdf,/Users/lyndon/All reviewers/-LET REVIEWER 2026/C. MAJOR SUBJECTS/J. SPECIAL NEEDS EDUCATION/SPECIAL NEEDS ED. PART 3.pdf,A student who uses a wheelchair should have:,,,Barrier-free access to classroom and facilities,,Assigned seating at the back,,Minimal assistance,,No mobility support,,,,D,Correct answer sourced from the PDF answer key: D.,LET Secondary,Special Needs Education,Special Needs Education,3,No,,0.96,Ready for Upload,LET Secondary Special Needs Education Q&A. Correct answer sourced from PDF answer key.
174,49,5,SPECIAL NEEDS ED. PART 3.pdf,/Users/lyndon/All reviewers/-LET REVIEWER 2026/C. MAJOR SUBJECTS/J. SPECIAL NEEDS EDUCATION/SPECIAL NEEDS ED. PART 3.pdf,The law protecting the rights of persons with disabilities in the Philippines is:,,,R.A. 7277,,R.A. 11650,,R.A. 10533,,R.A. 10157,,,,B,Correct answer sourced from the PDF answer key: B.,LET Secondary,Special Needs Education,Special Needs Education,3,No,,0.96,Ready for Upload,LET Secondary Special Needs Education Q&A. Correct answer sourced from PDF answer key.
175,50,5,SPECIAL NEEDS ED. PART 3.pdf,/Users/lyndon/All reviewers/-LET REVIEWER 2026/C. MAJOR SUBJECTS/J. SPECIAL NEEDS EDUCATION/SPECIAL NEEDS ED. PART 3.pdf,What is the teacher’s attitude most important in SPED?,,,Acceptance and empathy,,Authority and control,,Indifference,,Strictness Comprehensive LET Reviewer 2025/2026 LOVE Teach PH Reviewer LET Reviewer Special Needs Education Part 3 2025/2026,,,,A,Correct answer sourced from the PDF answer key: A.,LET Secondary,Special Needs Education,Special Needs Education,3,No,,0.96,Ready for Upload,LET Secondary Special Needs Education Q&A. Correct answer sourced from PDF answer key.
176,1,1,SPECIAL NEEDS ED. PART 4.pdf,/Users/lyndon/All reviewers/-LET REVIEWER 2026/C. MAJOR SUBJECTS/J. SPECIAL NEEDS EDUCATION/SPECIAL NEEDS ED. PART 4.pdf,Which teaching approach is most effective for children with Autism Spectrum Disorder?,,,Competitive learning,,Structured and visual teaching,,Open-ended discussions,,Spontaneous classroom tasks,,,,B,Correct answer sourced from the PDF answer key: B.,LET Secondary,Special Needs Education,Special Needs Education,3,No,,0.96,Ready for Upload,LET Secondary Special Needs Education Q&A. Correct answer sourced from PDF answer key.
177,2,1,SPECIAL NEEDS ED. PART 4.pdf,/Users/lyndon/All reviewers/-LET REVIEWER 2026/C. MAJOR SUBJECTS/J. SPECIAL NEEDS EDUCATION/SPECIAL NEEDS ED. PART 4.pdf,A learner who can follow one-step directions but struggles with multi-step instructions may have difficulty in:,,,Visual perception,,Auditory processing,,Fine motor control,,Emotional regulation,,,,B,Correct answer sourced from the PDF answer key: B.,LET Secondary,Special Needs Education,Special Needs Education,3,No,,0.96,Ready for Upload,LET Secondary Special Needs Education Q&A. Correct answer sourced from PDF answer key.
178,3,1,SPECIAL NEEDS ED. PART 4.pdf,/Users/lyndon/All reviewers/-LET REVIEWER 2026/C. MAJOR SUBJECTS/J. SPECIAL NEEDS EDUCATION/SPECIAL NEEDS ED. PART 4.pdf,The main focus of the IEP (Individualized Education Program) is to:,,,Set uniform goals for the class,,Address the learner’s specific needs and abilities,,Measure only academic performance,,Monitor teacher performance,,,,B,Correct answer sourced from the PDF answer key: B.,LET Secondary,Special Needs Education,Special Needs Education,3,No,,0.96,Ready for Upload,LET Secondary Special Needs Education Q&A. Correct answer sourced from PDF answer key.
179,4,1,SPECIAL NEEDS ED. PART 4.pdf,/Users/lyndon/All reviewers/-LET REVIEWER 2026/C. MAJOR SUBJECTS/J. SPECIAL NEEDS EDUCATION/SPECIAL NEEDS ED. PART 4.pdf,A child who avoids eye contact and resists physical affection may be exhibiting symptoms of:,,,Emotional disturbance,,Autism Spectrum Disorder,,Dyslexia,,ADHD,,,,B,Correct answer sourced from the PDF answer key: B.,LET Secondary,Special Needs Education,Special Needs Education,3,No,,0.96,Ready for Upload,LET Secondary Special Needs Education Q&A. Correct answer sourced from PDF answer key.
180,5,1,SPECIAL NEEDS ED. PART 4.pdf,/Users/lyndon/All reviewers/-LET REVIEWER 2026/C. MAJOR SUBJECTS/J. SPECIAL NEEDS EDUCATION/SPECIAL NEEDS ED. PART 4.pdf,What is the teacher’s best action when a learner with Down syndrome completes a task successfully?,,,Ignore to avoid attention-seeking behavior,,Give specific and sincere praise,,Move immediately to the next task,,Give a tangible reward every time,,,,B,Correct answer sourced from the PDF answer key: B.,LET Secondary,Special Needs Education,Special Needs Education,3,No,,0.96,Ready for Upload,LET Secondary Special Needs Education Q&A. Correct answer sourced from PDF answer key.
181,6,1,SPECIAL NEEDS ED. PART 4.pdf,/Users/lyndon/All reviewers/-LET REVIEWER 2026/C. MAJOR SUBJECTS/J. SPECIAL NEEDS EDUCATION/SPECIAL NEEDS ED. PART 4.pdf,The “zero reject policy” under R.A. 11650 ensures:,,,Schools can limit admissions based on ability,,Every learner with disability has the right to education,,Only mild cases are accepted,,Private schools are exempted,,,,B,Correct answer sourced from the PDF answer key: B.,LET Secondary,Special Needs Education,Special Needs Education,3,No,,0.96,Ready for Upload,LET Secondary Special Needs Education Q&A. Correct answer sourced from PDF answer key.
182,7,1,SPECIAL NEEDS ED. PART 4.pdf,/Users/lyndon/All reviewers/-LET REVIEWER 2026/C. MAJOR SUBJECTS/J. SPECIAL NEEDS EDUCATION/SPECIAL NEEDS ED. PART 4.pdf,Which of the following supports inclusive classroom management?,,,Strict uniformity in teaching strategies,,Collaboration between SPED and general education teachers,,Labeling learners based on their disability,,Separate grading system,,,,B,Correct answer sourced from the PDF answer key: B.,LET Secondary,Special Needs Education,Special Needs Education,3,No,,0.96,Ready for Upload,LET Secondary Special Needs Education Q&A. Correct answer sourced from PDF answer key.
183,8,1,SPECIAL NEEDS ED. PART 4.pdf,/Users/lyndon/All reviewers/-LET REVIEWER 2026/C. MAJOR SUBJECTS/J. SPECIAL NEEDS EDUCATION/SPECIAL NEEDS ED. PART 4.pdf,What type of adaptation is providing enlarged print for a learner with low vision?,,,Modification,,Accommodation,,Reinforcement,,Assessment,,,,B,Correct answer sourced from the PDF answer key: B.,LET Secondary,Special Needs Education,Special Needs Education,3,No,,0.96,Ready for Upload,LET Secondary Special Needs Education Q&A. Correct answer sourced from PDF answer key.
184,9,1,SPECIAL NEEDS ED. PART 4.pdf,/Users/lyndon/All reviewers/-LET REVIEWER 2026/C. MAJOR SUBJECTS/J. SPECIAL NEEDS EDUCATION/SPECIAL NEEDS ED. PART 4.pdf,"In behavior management, the use of token economy is an example of:",,,Punishment,,Positive reinforcement,,Negative reinforcement,,Extinction,,,,B,Correct answer sourced from the PDF answer key: B.,LET Secondary,Special Needs Education,Special Needs Education,3,No,,0.96,Ready for Upload,LET Secondary Special Needs Education Q&A. Correct answer sourced from PDF answer key.
185,10,1,SPECIAL NEEDS ED. PART 4.pdf,/Users/lyndon/All reviewers/-LET REVIEWER 2026/C. MAJOR SUBJECTS/J. SPECIAL NEEDS EDUCATION/SPECIAL NEEDS ED. PART 4.pdf,The child who reverses letters and struggles with word recognition may be experiencing:,,,Dysgraphia,,Dyslexia,,Dyscalculia,,Dyspraxia Comprehensive LET Reviewer 2025/2026 LOVE Teach PH Reviewer,,,,B,Correct answer sourced from the PDF answer key: B.,LET Secondary,Special Needs Education,Special Needs Education,3,No,,0.96,Ready for Upload,LET Secondary Special Needs Education Q&A. Correct answer sourced from PDF answer key.
186,11,2,SPECIAL NEEDS ED. PART 4.pdf,/Users/lyndon/All reviewers/-LET REVIEWER 2026/C. MAJOR SUBJECTS/J. SPECIAL NEEDS EDUCATION/SPECIAL NEEDS ED. PART 4.pdf,Which teaching strategy supports students with ADHD during instruction?,,,Lengthy lectures,,Frequent breaks and short tasks,,Ignoring off-task behavior,,Punitive measures,,,,B,Correct answer sourced from the PDF answer key: B.,LET Secondary,Special Needs Education,Special Needs Education,3,No,,0.96,Ready for Upload,LET Secondary Special Needs Education Q&A. Correct answer sourced from PDF answer key.
187,12,2,SPECIAL NEEDS ED. PART 4.pdf,/Users/lyndon/All reviewers/-LET REVIEWER 2026/C. MAJOR SUBJECTS/J. SPECIAL NEEDS EDUCATION/SPECIAL NEEDS ED. PART 4.pdf,A student who reads fluently but cannot understand the meaning of what is read has:,,,Word blindness,,Reading comprehension disorder,,Visual impairment,,Expressive aphasia,,,,B,Correct answer sourced from the PDF answer key: B.,LET Secondary,Special Needs Education,Special Needs Education,3,No,,0.96,Ready for Upload,LET Secondary Special Needs Education Q&A. Correct answer sourced from PDF answer key.
188,13,2,SPECIAL NEEDS ED. PART 4.pdf,/Users/lyndon/All reviewers/-LET REVIEWER 2026/C. MAJOR SUBJECTS/J. SPECIAL NEEDS EDUCATION/SPECIAL NEEDS ED. PART 4.pdf,A student who has difficulty with handwriting and letter formation likely has:,,,Dyspraxia,,Dysgraphia,,Dyslexia,,Dyscalculia,,,,B,Correct answer sourced from the PDF answer key: B.,LET Secondary,Special Needs Education,Special Needs Education,3,No,,0.96,Ready for Upload,LET Secondary Special Needs Education Q&A. Correct answer sourced from PDF answer key.
189,14,2,SPECIAL NEEDS ED. PART 4.pdf,/Users/lyndon/All reviewers/-LET REVIEWER 2026/C. MAJOR SUBJECTS/J. SPECIAL NEEDS EDUCATION/SPECIAL NEEDS ED. PART 4.pdf,What should the teacher prioritize when planning a SPED program?,,,Parental income,,Learners’ individual needs,,Teacher preference,,School size,,,,B,Correct answer sourced from the PDF answer key: B.,LET Secondary,Special Needs Education,Special Needs Education,3,No,,0.96,Ready for Upload,LET Secondary Special Needs Education Q&A. Correct answer sourced from PDF answer key.
190,15,2,SPECIAL NEEDS ED. PART 4.pdf,/Users/lyndon/All reviewers/-LET REVIEWER 2026/C. MAJOR SUBJECTS/J. SPECIAL NEEDS EDUCATION/SPECIAL NEEDS ED. PART 4.pdf,The principle of “normalization” in SPED emphasizes:,,,Specialized segregation,,Giving learners experiences similar to typical peers,,Restricting participation in school activities,,Simplifying all curriculum,,,,B,Correct answer sourced from the PDF answer key: B.,LET Secondary,Special Needs Education,Special Needs Education,3,No,,0.96,Ready for Upload,LET Secondary Special Needs Education Q&A. Correct answer sourced from PDF answer key.
191,16,2,SPECIAL NEEDS ED. PART 4.pdf,/Users/lyndon/All reviewers/-LET REVIEWER 2026/C. MAJOR SUBJECTS/J. SPECIAL NEEDS EDUCATION/SPECIAL NEEDS ED. PART 4.pdf,Which is the best example of an inclusive classroom practice?,,,Assigning peer buddies for support,,Using the same method for all learners,,Allowing only fast learners to recite,,Limiting group activities,,,,B,Correct answer sourced from the PDF answer key: B.,LET Secondary,Special Needs Education,Special Needs Education,3,No,,0.96,Ready for Upload,LET Secondary Special Needs Education Q&A. Correct answer sourced from PDF answer key.
192,17,2,SPECIAL NEEDS ED. PART 4.pdf,/Users/lyndon/All reviewers/-LET REVIEWER 2026/C. MAJOR SUBJECTS/J. SPECIAL NEEDS EDUCATION/SPECIAL NEEDS ED. PART 4.pdf,A student with hearing impairment will benefit most from:,,,Audio recordings,,Visual aids and sign language,,Oral repetition,,Music-based learning,,,,B,Correct answer sourced from the PDF answer key: B.,LET Secondary,Special Needs Education,Special Needs Education,3,No,,0.96,Ready for Upload,LET Secondary Special Needs Education Q&A. Correct answer sourced from PDF answer key.
193,18,2,SPECIAL NEEDS ED. PART 4.pdf,/Users/lyndon/All reviewers/-LET REVIEWER 2026/C. MAJOR SUBJECTS/J. SPECIAL NEEDS EDUCATION/SPECIAL NEEDS ED. PART 4.pdf,A student diagnosed with dyscalculia struggles with:,,,Reading comprehension,,Number concepts and operations,,Speech fluency,,Written expression,,,,B,Correct answer sourced from the PDF answer key: B.,LET Secondary,Special Needs Education,Special Needs Education,3,No,,0.96,Ready for Upload,LET Secondary Special Needs Education Q&A. Correct answer sourced from PDF answer key.
194,19,2,SPECIAL NEEDS ED. PART 4.pdf,/Users/lyndon/All reviewers/-LET REVIEWER 2026/C. MAJOR SUBJECTS/J. SPECIAL NEEDS EDUCATION/SPECIAL NEEDS ED. PART 4.pdf,"To promote social skills in special needs learners, the teacher should:",,,Avoid group activities,,Use cooperative learning techniques,,Focus only on academics,,Assign only individual projects,,,,B,Correct answer sourced from the PDF answer key: B.,LET Secondary,Special Needs Education,Special Needs Education,3,No,,0.96,Ready for Upload,LET Secondary Special Needs Education Q&A. Correct answer sourced from PDF answer key.
195,20,2,SPECIAL NEEDS ED. PART 4.pdf,/Users/lyndon/All reviewers/-LET REVIEWER 2026/C. MAJOR SUBJECTS/J. SPECIAL NEEDS EDUCATION/SPECIAL NEEDS ED. PART 4.pdf,What kind of curriculum focuses on practical life skills for special learners?,,,Academic-based curriculum,,Functional curriculum,,Standardized curriculum,,Spiral curriculum,,,,B,Correct answer sourced from the PDF answer key: B.,LET Secondary,Special Needs Education,Special Needs Education,3,No,,0.96,Ready for Upload,LET Secondary Special Needs Education Q&A. Correct answer sourced from PDF answer key.
196,21,2,SPECIAL NEEDS ED. PART 4.pdf,/Users/lyndon/All reviewers/-LET REVIEWER 2026/C. MAJOR SUBJECTS/J. SPECIAL NEEDS EDUCATION/SPECIAL NEEDS ED. PART 4.pdf,The teacher modifies objectives to suit the child’s ability. This is called:,,,Accommodation,,Modification,,Differentiation,,Enrichment,,,,C,Correct answer sourced from the PDF answer key: C.,LET Secondary,Special Needs Education,Special Needs Education,3,No,,0.96,Ready for Upload,LET Secondary Special Needs Education Q&A. Correct answer sourced from PDF answer key.
197,22,2,SPECIAL NEEDS ED. PART 4.pdf,/Users/lyndon/All reviewers/-LET REVIEWER 2026/C. MAJOR SUBJECTS/J. SPECIAL NEEDS EDUCATION/SPECIAL NEEDS ED. PART 4.pdf,The best way to evaluate a child with a disability is to:,,,Use only standardized tests,,"Combine observation, portfolio, and performance-based assessment Comprehensive LET Reviewer 2025/2026 LOVE Teach PH Reviewer",,Conduct oral recitation,,Compare with peers,,,,B,Correct answer sourced from the PDF answer key: B.,LET Secondary,Special Needs Education,Special Needs Education,3,No,,0.96,Ready for Upload,LET Secondary Special Needs Education Q&A. Correct answer sourced from PDF answer key.
198,23,3,SPECIAL NEEDS ED. PART 4.pdf,/Users/lyndon/All reviewers/-LET REVIEWER 2026/C. MAJOR SUBJECTS/J. SPECIAL NEEDS EDUCATION/SPECIAL NEEDS ED. PART 4.pdf,A student who exhibits strong reasoning and creativity but struggles socially is:,,,Intellectually disabled,,Twice exceptional,,Learning delayed,,Behaviorally challenged,,,,B,Correct answer sourced from the PDF answer key: B.,LET Secondary,Special Needs Education,Special Needs Education,3,No,,0.96,Ready for Upload,LET Secondary Special Needs Education Q&A. Correct answer sourced from PDF answer key.
199,24,3,SPECIAL NEEDS ED. PART 4.pdf,/Users/lyndon/All reviewers/-LET REVIEWER 2026/C. MAJOR SUBJECTS/J. SPECIAL NEEDS EDUCATION/SPECIAL NEEDS ED. PART 4.pdf,The most effective way to manage tantrums in children with Autism is to:,,,Ignore the child completely,,Identify triggers and use calming strategies,,Use strict punishment,,Allow the tantrum to continue,,,,B,Correct answer sourced from the PDF answer key: B.,LET Secondary,Special Needs Education,Special Needs Education,3,No,,0.96,Ready for Upload,LET Secondary Special Needs Education Q&A. Correct answer sourced from PDF answer key.
200,25,3,SPECIAL NEEDS ED. PART 4.pdf,/Users/lyndon/All reviewers/-LET REVIEWER 2026/C. MAJOR SUBJECTS/J. SPECIAL NEEDS EDUCATION/SPECIAL NEEDS ED. PART 4.pdf,Which law ensures the protection of the rights of persons with disabilities in the Philippines?,,,R.A. 10533,,R.A. 7277,,R.A. 9155,,R.A. 10157,,,,B,Correct answer sourced from the PDF answer key: B.,LET Secondary,Special Needs Education,Special Needs Education,3,No,,0.96,Ready for Upload,LET Secondary Special Needs Education Q&A. Correct answer sourced from PDF answer key.
201,26,3,SPECIAL NEEDS ED. PART 4.pdf,/Users/lyndon/All reviewers/-LET REVIEWER 2026/C. MAJOR SUBJECTS/J. SPECIAL NEEDS EDUCATION/SPECIAL NEEDS ED. PART 4.pdf,What is the best form of reinforcement for consistent positive behavior?,,,Harsh discipline,,Immediate and meaningful praise,,Random incentives,,Ignoring performance,,,,B,Correct answer sourced from the PDF answer key: B.,LET Secondary,Special Needs Education,Special Needs Education,3,No,,0.96,Ready for Upload,LET Secondary Special Needs Education Q&A. Correct answer sourced from PDF answer key.
202,27,3,SPECIAL NEEDS ED. PART 4.pdf,/Users/lyndon/All reviewers/-LET REVIEWER 2026/C. MAJOR SUBJECTS/J. SPECIAL NEEDS EDUCATION/SPECIAL NEEDS ED. PART 4.pdf,A student who moves awkwardly and has poor balance likely has:,,,Dyslexia,,Dyspraxia,,Dysgraphia,,Dyscalculia,,,,B,Correct answer sourced from the PDF answer key: B.,LET Secondary,Special Needs Education,Special Needs Education,3,No,,0.96,Ready for Upload,LET Secondary Special Needs Education Q&A. Correct answer sourced from PDF answer key.
203,28,3,SPECIAL NEEDS ED. PART 4.pdf,/Users/lyndon/All reviewers/-LET REVIEWER 2026/C. MAJOR SUBJECTS/J. SPECIAL NEEDS EDUCATION/SPECIAL NEEDS ED. PART 4.pdf,"To improve communication with a nonverbal learner, the teacher may use:",,,Writing tests,,Picture Exchange Communication System (PECS),,Oral drills,,Dictation,,,,B,Correct answer sourced from the PDF answer key: B.,LET Secondary,Special Needs Education,Special Needs Education,3,No,,0.96,Ready for Upload,LET Secondary Special Needs Education Q&A. Correct answer sourced from PDF answer key.
204,29,3,SPECIAL NEEDS ED. PART 4.pdf,/Users/lyndon/All reviewers/-LET REVIEWER 2026/C. MAJOR SUBJECTS/J. SPECIAL NEEDS EDUCATION/SPECIAL NEEDS ED. PART 4.pdf,The goal of inclusion is:,,,Equality of opportunity for all learners,,Elimination of diversity,,Academic competition,,Homogeneity in classrooms,,,,B,Correct answer sourced from the PDF answer key: B.,LET Secondary,Special Needs Education,Special Needs Education,3,No,,0.96,Ready for Upload,LET Secondary Special Needs Education Q&A. Correct answer sourced from PDF answer key.
205,30,3,SPECIAL NEEDS ED. PART 4.pdf,/Users/lyndon/All reviewers/-LET REVIEWER 2026/C. MAJOR SUBJECTS/J. SPECIAL NEEDS EDUCATION/SPECIAL NEEDS ED. PART 4.pdf,Which of the following describes assistive technology?,,,A tool that enhances learning for students with disabilities,,A software only for teachers,,A recreational app,,A program for discipline,,,,B,Correct answer sourced from the PDF answer key: B.,LET Secondary,Special Needs Education,Special Needs Education,3,No,,0.96,Ready for Upload,LET Secondary Special Needs Education Q&A. Correct answer sourced from PDF answer key.
206,31,3,SPECIAL NEEDS ED. PART 4.pdf,/Users/lyndon/All reviewers/-LET REVIEWER 2026/C. MAJOR SUBJECTS/J. SPECIAL NEEDS EDUCATION/SPECIAL NEEDS ED. PART 4.pdf,What is an example of a behavioral intervention?,,,Token reward system,,Daily quizzes,,Teacher lecture,,Silent reading,,,,B,Correct answer sourced from the PDF answer key: B.,LET Secondary,Special Needs Education,Special Needs Education,3,No,,0.96,Ready for Upload,LET Secondary Special Needs Education Q&A. Correct answer sourced from PDF answer key.
207,32,3,SPECIAL NEEDS ED. PART 4.pdf,/Users/lyndon/All reviewers/-LET REVIEWER 2026/C. MAJOR SUBJECTS/J. SPECIAL NEEDS EDUCATION/SPECIAL NEEDS ED. PART 4.pdf,The most effective teaching material for visually impaired students is:,,,Flashcards,,Tactile or Braille materials,,Audio-recorded lessons,,Colored posters,,,,B,Correct answer sourced from the PDF answer key: B.,LET Secondary,Special Needs Education,Special Needs Education,3,No,,0.96,Ready for Upload,LET Secondary Special Needs Education Q&A. Correct answer sourced from PDF answer key.
208,33,3,SPECIAL NEEDS ED. PART 4.pdf,/Users/lyndon/All reviewers/-LET REVIEWER 2026/C. MAJOR SUBJECTS/J. SPECIAL NEEDS EDUCATION/SPECIAL NEEDS ED. PART 4.pdf,"When a teacher uses peer tutoring, the main goal is to:",,,Promote cooperative learning and empathy,,Increase competition,,Assign responsibility,,Replace teacher instruction,,,,A,Correct answer sourced from the PDF answer key: A.,LET Secondary,Special Needs Education,Special Needs Education,3,No,,0.96,Ready for Upload,LET Secondary Special Needs Education Q&A. Correct answer sourced from PDF answer key.
209,34,3,SPECIAL NEEDS ED. PART 4.pdf,/Users/lyndon/All reviewers/-LET REVIEWER 2026/C. MAJOR SUBJECTS/J. SPECIAL NEEDS EDUCATION/SPECIAL NEEDS ED. PART 4.pdf,A child who easily gets frustrated with routine changes may have:,,,ADHD Comprehensive LET Reviewer 2025/2026 LOVE Teach PH Reviewer,,Autism Spectrum Disorder,,Dysgraphia,,Hearing impairment,,,,B,Correct answer sourced from the PDF answer key: B.,LET Secondary,Special Needs Education,Special Needs Education,3,No,,0.96,Ready for Upload,LET Secondary Special Needs Education Q&A. Correct answer sourced from PDF answer key.
210,35,4,SPECIAL NEEDS ED. PART 4.pdf,/Users/lyndon/All reviewers/-LET REVIEWER 2026/C. MAJOR SUBJECTS/J. SPECIAL NEEDS EDUCATION/SPECIAL NEEDS ED. PART 4.pdf,The “least restrictive environment” principle ensures:,,,The learner stays with peers whenever appropriate,,Students remain in special classes only,,Home-based instruction is required,,Regular education is avoided,,,,B,Correct answer sourced from the PDF answer key: B.,LET Secondary,Special Needs Education,Special Needs Education,3,No,,0.96,Ready for Upload,LET Secondary Special Needs Education Q&A. Correct answer sourced from PDF answer key.
211,36,4,SPECIAL NEEDS ED. PART 4.pdf,/Users/lyndon/All reviewers/-LET REVIEWER 2026/C. MAJOR SUBJECTS/J. SPECIAL NEEDS EDUCATION/SPECIAL NEEDS ED. PART 4.pdf,What does R.A. 11650 primarily address?,,,Inclusive education for learners with disabilities,,Teacher professional development,,National reading policy,,Public school reforms,,,,A,Correct answer sourced from the PDF answer key: A.,LET Secondary,Special Needs Education,Special Needs Education,3,No,,0.96,Ready for Upload,LET Secondary Special Needs Education Q&A. Correct answer sourced from PDF answer key.
212,37,4,SPECIAL NEEDS ED. PART 4.pdf,/Users/lyndon/All reviewers/-LET REVIEWER 2026/C. MAJOR SUBJECTS/J. SPECIAL NEEDS EDUCATION/SPECIAL NEEDS ED. PART 4.pdf,The teacher who adjusts learning pace and assessment formats practices:,,,Inclusive education,,Differentiated instruction,,Standardized teaching,,Exclusive teaching,,,,B,Correct answer sourced from the PDF answer key: B.,LET Secondary,Special Needs Education,Special Needs Education,3,No,,0.96,Ready for Upload,LET Secondary Special Needs Education Q&A. Correct answer sourced from PDF answer key.
213,38,4,SPECIAL NEEDS ED. PART 4.pdf,/Users/lyndon/All reviewers/-LET REVIEWER 2026/C. MAJOR SUBJECTS/J. SPECIAL NEEDS EDUCATION/SPECIAL NEEDS ED. PART 4.pdf,Which principle supports the idea that every child is educable?,,,Equity in education,,Universal access to learning,,National reform act,,Behavioral approach,,,,B,Correct answer sourced from the PDF answer key: B.,LET Secondary,Special Needs Education,Special Needs Education,3,No,,0.96,Ready for Upload,LET Secondary Special Needs Education Q&A. Correct answer sourced from PDF answer key.
214,39,4,SPECIAL NEEDS ED. PART 4.pdf,/Users/lyndon/All reviewers/-LET REVIEWER 2026/C. MAJOR SUBJECTS/J. SPECIAL NEEDS EDUCATION/SPECIAL NEEDS ED. PART 4.pdf,A child who learns best through movement and touch is:,,,Visual learner,,Kinesthetic learner,,Auditory learner,,Analytical learner,,,,B,Correct answer sourced from the PDF answer key: B.,LET Secondary,Special Needs Education,Special Needs Education,3,No,,0.96,Ready for Upload,LET Secondary Special Needs Education Q&A. Correct answer sourced from PDF answer key.
215,40,4,SPECIAL NEEDS ED. PART 4.pdf,/Users/lyndon/All reviewers/-LET REVIEWER 2026/C. MAJOR SUBJECTS/J. SPECIAL NEEDS EDUCATION/SPECIAL NEEDS ED. PART 4.pdf,What is the best way to help a learner with mild intellectual disability master a skill?,,,Assign lengthy projects,,Break the task into smaller steps,,Provide complex instructions,,Use unstructured play,,,,B,Correct answer sourced from the PDF answer key: B.,LET Secondary,Special Needs Education,Special Needs Education,3,No,,0.96,Ready for Upload,LET Secondary Special Needs Education Q&A. Correct answer sourced from PDF answer key.
216,41,4,SPECIAL NEEDS ED. PART 4.pdf,/Users/lyndon/All reviewers/-LET REVIEWER 2026/C. MAJOR SUBJECTS/J. SPECIAL NEEDS EDUCATION/SPECIAL NEEDS ED. PART 4.pdf,A learner who communicates primarily using gestures may be using:,,,Oral language,,Augmentative communication,,Phonetic reading,,Visual cues only,,,,B,Correct answer sourced from the PDF answer key: B.,LET Secondary,Special Needs Education,Special Needs Education,3,No,,0.96,Ready for Upload,LET Secondary Special Needs Education Q&A. Correct answer sourced from PDF answer key.
217,42,4,SPECIAL NEEDS ED. PART 4.pdf,/Users/lyndon/All reviewers/-LET REVIEWER 2026/C. MAJOR SUBJECTS/J. SPECIAL NEEDS EDUCATION/SPECIAL NEEDS ED. PART 4.pdf,Which of the following should be prioritized in teaching life skills?,,,Task relevance to daily living,,Complexity of activity,,Memorization of procedures,,Speed of completion,,,,A,Correct answer sourced from the PDF answer key: A.,LET Secondary,Special Needs Education,Special Needs Education,3,No,,0.96,Ready for Upload,LET Secondary Special Needs Education Q&A. Correct answer sourced from PDF answer key.
218,43,4,SPECIAL NEEDS ED. PART 4.pdf,/Users/lyndon/All reviewers/-LET REVIEWER 2026/C. MAJOR SUBJECTS/J. SPECIAL NEEDS EDUCATION/SPECIAL NEEDS ED. PART 4.pdf,An example of classroom modification is:,,,Simplifying the lesson objective,,Allowing more test time,,Seating the child near the front,,Providing visual charts,,,,A,Correct answer sourced from the PDF answer key: A.,LET Secondary,Special Needs Education,Special Needs Education,3,No,,0.96,Ready for Upload,LET Secondary Special Needs Education Q&A. Correct answer sourced from PDF answer key.
219,44,4,SPECIAL NEEDS ED. PART 4.pdf,/Users/lyndon/All reviewers/-LET REVIEWER 2026/C. MAJOR SUBJECTS/J. SPECIAL NEEDS EDUCATION/SPECIAL NEEDS ED. PART 4.pdf,The main goal of SPED transition programs is:,,,Prepare learners for independent living and employment,,Maintain classroom attendance,,Provide more homework,,Improve school ranking,,,,A,Correct answer sourced from the PDF answer key: A.,LET Secondary,Special Needs Education,Special Needs Education,3,No,,0.96,Ready for Upload,LET Secondary Special Needs Education Q&A. Correct answer sourced from PDF answer key.
220,45,4,SPECIAL NEEDS ED. PART 4.pdf,/Users/lyndon/All reviewers/-LET REVIEWER 2026/C. MAJOR SUBJECTS/J. SPECIAL NEEDS EDUCATION/SPECIAL NEEDS ED. PART 4.pdf,A teacher who consults with parents about IEP progress practices:,,,Collaboration,,Supervision,,Monitoring,,Facilitation Comprehensive LET Reviewer 2025/2026 LOVE Teach PH Reviewer,,,,A,Correct answer sourced from the PDF answer key: A.,LET Secondary,Special Needs Education,Special Needs Education,3,No,,0.96,Ready for Upload,LET Secondary Special Needs Education Q&A. Correct answer sourced from PDF answer key.
221,46,5,SPECIAL NEEDS ED. PART 4.pdf,/Users/lyndon/All reviewers/-LET REVIEWER 2026/C. MAJOR SUBJECTS/J. SPECIAL NEEDS EDUCATION/SPECIAL NEEDS ED. PART 4.pdf,"When a learner uses assistive software to read text aloud, this is:",,,Differentiation,,Assistive technology,,Behavioral intervention,,Visual cueing,,,,B,Correct answer sourced from the PDF answer key: B.,LET Secondary,Special Needs Education,Special Needs Education,3,No,,0.96,Ready for Upload,LET Secondary Special Needs Education Q&A. Correct answer sourced from PDF answer key.
222,47,5,SPECIAL NEEDS ED. PART 4.pdf,/Users/lyndon/All reviewers/-LET REVIEWER 2026/C. MAJOR SUBJECTS/J. SPECIAL NEEDS EDUCATION/SPECIAL NEEDS ED. PART 4.pdf,A learner who is both blind and deaf is classified as:,,,Multisensory impaired,,Deaf-blind,,Physically disabled,,Learning delayed,,,,B,Correct answer sourced from the PDF answer key: B.,LET Secondary,Special Needs Education,Special Needs Education,3,No,,0.96,Ready for Upload,LET Secondary Special Needs Education Q&A. Correct answer sourced from PDF answer key.
223,48,5,SPECIAL NEEDS ED. PART 4.pdf,/Users/lyndon/All reviewers/-LET REVIEWER 2026/C. MAJOR SUBJECTS/J. SPECIAL NEEDS EDUCATION/SPECIAL NEEDS ED. PART 4.pdf,The best classroom management for emotionally disturbed students is:,,,Consistent structure and empathy,,Strict punishment,,Ignoring misbehavior,,Peer ridicule,,,,A,Correct answer sourced from the PDF answer key: A.,LET Secondary,Special Needs Education,Special Needs Education,3,No,,0.96,Ready for Upload,LET Secondary Special Needs Education Q&A. Correct answer sourced from PDF answer key.
224,49,5,SPECIAL NEEDS ED. PART 4.pdf,/Users/lyndon/All reviewers/-LET REVIEWER 2026/C. MAJOR SUBJECTS/J. SPECIAL NEEDS EDUCATION/SPECIAL NEEDS ED. PART 4.pdf,Which is the most appropriate teaching approach for gifted learners?,,,Acceleration and enrichment,,Constant review,,Simplified tasks,,Repetition of lessons,,,,A,Correct answer sourced from the PDF answer key: A.,LET Secondary,Special Needs Education,Special Needs Education,3,No,,0.96,Ready for Upload,LET Secondary Special Needs Education Q&A. Correct answer sourced from PDF answer key.
225,50,5,SPECIAL NEEDS ED. PART 4.pdf,/Users/lyndon/All reviewers/-LET REVIEWER 2026/C. MAJOR SUBJECTS/J. SPECIAL NEEDS EDUCATION/SPECIAL NEEDS ED. PART 4.pdf,The ultimate goal of SPED is:,,,Social isolation,,Self-actualization and inclusion,,Academic uniformity,,Standardization Comprehensive LET Reviewer 2025/2026 LOVE Teach PH Reviewer LET Reviewer Special Needs Education Part 4 2025/2026,,,,B,Correct answer sourced from the PDF answer key: B.,LET Secondary,Special Needs Education,Special Needs Education,3,No,165,0.96,Duplicate,LET Secondary Special Needs Education Q&A. Correct answer sourced from PDF answer key.
226,1,1,SPECIAL NEEDS ED. PART 5.pdf,/Users/lyndon/All reviewers/-LET REVIEWER 2026/C. MAJOR SUBJECTS/J. SPECIAL NEEDS EDUCATION/SPECIAL NEEDS ED. PART 5.pdf,What is the first step in developing an Individualized Education Program (IEP)?,,,Writing learning objectives,,Assessing the learner’s current performance,,Selecting instructional materials,,Designing the grading system,,,,B,Correct answer sourced from the PDF answer key: B.,LET Secondary,Special Needs Education,Special Needs Education,3,No,,0.96,Ready for Upload,LET Secondary Special Needs Education Q&A. Correct answer sourced from PDF answer key.
227,2,1,SPECIAL NEEDS ED. PART 5.pdf,/Users/lyndon/All reviewers/-LET REVIEWER 2026/C. MAJOR SUBJECTS/J. SPECIAL NEEDS EDUCATION/SPECIAL NEEDS ED. PART 5.pdf,Assessment in SPED aims to:,,,Identify the child’s weaknesses only,,"Determine the learner’s strengths, needs, and potential",,Rank students according to ability,,Compare learners with their peers,,,,B,Correct answer sourced from the PDF answer key: B.,LET Secondary,Special Needs Education,Special Needs Education,3,No,,0.96,Ready for Upload,LET Secondary Special Needs Education Q&A. Correct answer sourced from PDF answer key.
228,3,1,SPECIAL NEEDS ED. PART 5.pdf,/Users/lyndon/All reviewers/-LET REVIEWER 2026/C. MAJOR SUBJECTS/J. SPECIAL NEEDS EDUCATION/SPECIAL NEEDS ED. PART 5.pdf,"A child who struggles in reading, spelling, and writing but performs well in other subjects may have:",,,Dyscalculia,,Dyslexia,,Dyspraxia,,Aphasia,,,,B,Correct answer sourced from the PDF answer key: B.,LET Secondary,Special Needs Education,Special Needs Education,3,No,,0.96,Ready for Upload,LET Secondary Special Needs Education Q&A. Correct answer sourced from PDF answer key.
229,4,1,SPECIAL NEEDS ED. PART 5.pdf,/Users/lyndon/All reviewers/-LET REVIEWER 2026/C. MAJOR SUBJECTS/J. SPECIAL NEEDS EDUCATION/SPECIAL NEEDS ED. PART 5.pdf,Which of the following assessment tools is best for evaluating progress in SPED learners?,,,Paper-and-pencil test,,Portfolio assessment,,Peer evaluation,,Oral recitation,,,,B,Correct answer sourced from the PDF answer key: B.,LET Secondary,Special Needs Education,Special Needs Education,3,No,,0.96,Ready for Upload,LET Secondary Special Needs Education Q&A. Correct answer sourced from PDF answer key.
230,5,1,SPECIAL NEEDS ED. PART 5.pdf,/Users/lyndon/All reviewers/-LET REVIEWER 2026/C. MAJOR SUBJECTS/J. SPECIAL NEEDS EDUCATION/SPECIAL NEEDS ED. PART 5.pdf,A teacher who modifies test questions to make them simpler is applying:,,,Accommodation,,Modification,,Standardization,,Normalization,,,,B,Correct answer sourced from the PDF answer key: B.,LET Secondary,Special Needs Education,Special Needs Education,3,No,,0.96,Ready for Upload,LET Secondary Special Needs Education Q&A. Correct answer sourced from PDF answer key.
231,6,1,SPECIAL NEEDS ED. PART 5.pdf,/Users/lyndon/All reviewers/-LET REVIEWER 2026/C. MAJOR SUBJECTS/J. SPECIAL NEEDS EDUCATION/SPECIAL NEEDS ED. PART 5.pdf,A child with ADHD often benefits most from:,,,Flexible seating and visual cues,,Clear rules and consistent routines,,Fewer classroom expectations,,"Lengthy, unstructured lectures",,,,B,Correct answer sourced from the PDF answer key: B.,LET Secondary,Special Needs Education,Special Needs Education,3,No,,0.96,Ready for Upload,LET Secondary Special Needs Education Q&A. Correct answer sourced from PDF answer key.
232,7,1,SPECIAL NEEDS ED. PART 5.pdf,/Users/lyndon/All reviewers/-LET REVIEWER 2026/C. MAJOR SUBJECTS/J. SPECIAL NEEDS EDUCATION/SPECIAL NEEDS ED. PART 5.pdf,What is the best approach when assessing learners with multiple disabilities?,,,Use of standardized tests,,Use of alternative and authentic assessments,,Compare results to peers,,Rely only on medical records,,,,B,Correct answer sourced from the PDF answer key: B.,LET Secondary,Special Needs Education,Special Needs Education,3,No,,0.96,Ready for Upload,LET Secondary Special Needs Education Q&A. Correct answer sourced from PDF answer key.
233,8,1,SPECIAL NEEDS ED. PART 5.pdf,/Users/lyndon/All reviewers/-LET REVIEWER 2026/C. MAJOR SUBJECTS/J. SPECIAL NEEDS EDUCATION/SPECIAL NEEDS ED. PART 5.pdf,"When a student is provided with Braille materials, this is an example of:",,,Curriculum modification,,Instructional accommodation,,Reinforcement,,Functional adaptation,,,,B,Correct answer sourced from the PDF answer key: B.,LET Secondary,Special Needs Education,Special Needs Education,3,No,,0.96,Ready for Upload,LET Secondary Special Needs Education Q&A. Correct answer sourced from PDF answer key.
234,9,1,SPECIAL NEEDS ED. PART 5.pdf,/Users/lyndon/All reviewers/-LET REVIEWER 2026/C. MAJOR SUBJECTS/J. SPECIAL NEEDS EDUCATION/SPECIAL NEEDS ED. PART 5.pdf,Functional behavioral assessment focuses on:,,,Measuring intelligence,,Understanding the reason behind behavior,,Evaluating grades,,Assigning punishment,,,,B,Correct answer sourced from the PDF answer key: B.,LET Secondary,Special Needs Education,Special Needs Education,3,No,,0.96,Ready for Upload,LET Secondary Special Needs Education Q&A. Correct answer sourced from PDF answer key.
235,10,1,SPECIAL NEEDS ED. PART 5.pdf,/Users/lyndon/All reviewers/-LET REVIEWER 2026/C. MAJOR SUBJECTS/J. SPECIAL NEEDS EDUCATION/SPECIAL NEEDS ED. PART 5.pdf,"In developing interventions, the teacher should always:",,,Follow a standard plan for all learners,,Base strategies on the learner’s needs and assessment results,,Use trial-and-error,,Focus on classroom convenience Comprehensive LET Reviewer 2025/2026 LOVE Teach PH Reviewer,,,,B,Correct answer sourced from the PDF answer key: B.,LET Secondary,Special Needs Education,Special Needs Education,3,No,,0.96,Ready for Upload,LET Secondary Special Needs Education Q&A. Correct answer sourced from PDF answer key.
236,11,2,SPECIAL NEEDS ED. PART 5.pdf,/Users/lyndon/All reviewers/-LET REVIEWER 2026/C. MAJOR SUBJECTS/J. SPECIAL NEEDS EDUCATION/SPECIAL NEEDS ED. PART 5.pdf,A teacher observes a child’s behavior systematically in natural settings. This is an example of:,,,Informal assessment,,Observation technique,,Diagnostic test,,Standardized measurement,,,,B,Correct answer sourced from the PDF answer key: B.,LET Secondary,Special Needs Education,Special Needs Education,3,No,,0.96,Ready for Upload,LET Secondary Special Needs Education Q&A. Correct answer sourced from PDF answer key.
237,12,2,SPECIAL NEEDS ED. PART 5.pdf,/Users/lyndon/All reviewers/-LET REVIEWER 2026/C. MAJOR SUBJECTS/J. SPECIAL NEEDS EDUCATION/SPECIAL NEEDS ED. PART 5.pdf,A learner with fine motor difficulties benefits from using:,,,Finger painting and clay activities,,Peer tutoring,,Flashcards,,Oral drills,,,,A,Correct answer sourced from the PDF answer key: A.,LET Secondary,Special Needs Education,Special Needs Education,3,No,,0.96,Ready for Upload,LET Secondary Special Needs Education Q&A. Correct answer sourced from PDF answer key.
238,13,2,SPECIAL NEEDS ED. PART 5.pdf,/Users/lyndon/All reviewers/-LET REVIEWER 2026/C. MAJOR SUBJECTS/J. SPECIAL NEEDS EDUCATION/SPECIAL NEEDS ED. PART 5.pdf,A portfolio assessment in SPED is important because it:,,,Shows progress over time,,Measures only test scores,,Uses standardized rubrics only,,Compares students,,,,A,Correct answer sourced from the PDF answer key: A.,LET Secondary,Special Needs Education,Special Needs Education,3,No,,0.96,Ready for Upload,LET Secondary Special Needs Education Q&A. Correct answer sourced from PDF answer key.
239,14,2,SPECIAL NEEDS ED. PART 5.pdf,/Users/lyndon/All reviewers/-LET REVIEWER 2026/C. MAJOR SUBJECTS/J. SPECIAL NEEDS EDUCATION/SPECIAL NEEDS ED. PART 5.pdf,The teacher records anecdotal notes about a child’s social behavior. This is an example of:,,,Formal assessment,,Informal observation,,Diagnostic test,,Performance test,,,,B,Correct answer sourced from the PDF answer key: B.,LET Secondary,Special Needs Education,Special Needs Education,3,No,,0.96,Ready for Upload,LET Secondary Special Needs Education Q&A. Correct answer sourced from PDF answer key.
240,15,2,SPECIAL NEEDS ED. PART 5.pdf,/Users/lyndon/All reviewers/-LET REVIEWER 2026/C. MAJOR SUBJECTS/J. SPECIAL NEEDS EDUCATION/SPECIAL NEEDS ED. PART 5.pdf,Which is the most effective strategy for teaching a learner with hearing loss?,,,Group oral reading,,Use of sign language and visual materials,,Listening comprehension exercises,,Dictation,,,,B,Correct answer sourced from the PDF answer key: B.,LET Secondary,Special Needs Education,Special Needs Education,3,No,,0.96,Ready for Upload,LET Secondary Special Needs Education Q&A. Correct answer sourced from PDF answer key.
241,16,2,SPECIAL NEEDS ED. PART 5.pdf,/Users/lyndon/All reviewers/-LET REVIEWER 2026/C. MAJOR SUBJECTS/J. SPECIAL NEEDS EDUCATION/SPECIAL NEEDS ED. PART 5.pdf,The key purpose of intervention is to:,,,Identify learners with disabilities,,Enhance development and minimize barriers to learning,,Assign students to special classes,,Label learners for placement,,,,B,Correct answer sourced from the PDF answer key: B.,LET Secondary,Special Needs Education,Special Needs Education,3,No,,0.96,Ready for Upload,LET Secondary Special Needs Education Q&A. Correct answer sourced from PDF answer key.
242,17,2,SPECIAL NEEDS ED. PART 5.pdf,/Users/lyndon/All reviewers/-LET REVIEWER 2026/C. MAJOR SUBJECTS/J. SPECIAL NEEDS EDUCATION/SPECIAL NEEDS ED. PART 5.pdf,"When a child with autism is guided to transition smoothly between activities, this addresses:",,,Academic skill development,,Behavioral and routine management,,Language enrichment,,Peer evaluation,,,,B,Correct answer sourced from the PDF answer key: B.,LET Secondary,Special Needs Education,Special Needs Education,3,No,,0.96,Ready for Upload,LET Secondary Special Needs Education Q&A. Correct answer sourced from PDF answer key.
243,18,2,SPECIAL NEEDS ED. PART 5.pdf,/Users/lyndon/All reviewers/-LET REVIEWER 2026/C. MAJOR SUBJECTS/J. SPECIAL NEEDS EDUCATION/SPECIAL NEEDS ED. PART 5.pdf,Assessment data in SPED should be used to:,,,Grade learners fairly,,Plan instruction and support,,Determine ranking,,Document teacher performance,,,,B,Correct answer sourced from the PDF answer key: B.,LET Secondary,Special Needs Education,Special Needs Education,3,No,,0.96,Ready for Upload,LET Secondary Special Needs Education Q&A. Correct answer sourced from PDF answer key.
244,19,2,SPECIAL NEEDS ED. PART 5.pdf,/Users/lyndon/All reviewers/-LET REVIEWER 2026/C. MAJOR SUBJECTS/J. SPECIAL NEEDS EDUCATION/SPECIAL NEEDS ED. PART 5.pdf,Which of the following best illustrates authentic assessment?,,,Multiple-choice tests,,Real-life tasks and projects,,Oral quiz,,Seatwork,,,,B,Correct answer sourced from the PDF answer key: B.,LET Secondary,Special Needs Education,Special Needs Education,3,No,,0.96,Ready for Upload,LET Secondary Special Needs Education Q&A. Correct answer sourced from PDF answer key.
245,20,2,SPECIAL NEEDS ED. PART 5.pdf,/Users/lyndon/All reviewers/-LET REVIEWER 2026/C. MAJOR SUBJECTS/J. SPECIAL NEEDS EDUCATION/SPECIAL NEEDS ED. PART 5.pdf,The “functional curriculum” emphasizes:,,,Basic life and survival skills,,Rote memorization,,Abstract reasoning,,Academic competition,,,,A,Correct answer sourced from the PDF answer key: A.,LET Secondary,Special Needs Education,Special Needs Education,3,No,,0.96,Ready for Upload,LET Secondary Special Needs Education Q&A. Correct answer sourced from PDF answer key.
246,21,2,SPECIAL NEEDS ED. PART 5.pdf,/Users/lyndon/All reviewers/-LET REVIEWER 2026/C. MAJOR SUBJECTS/J. SPECIAL NEEDS EDUCATION/SPECIAL NEEDS ED. PART 5.pdf,The teacher notices that a student learns better with movement and hands-on tasks. This learner is:,,,Kinesthetic,,Visual,,Auditory,,Analytical,,,,A,Correct answer sourced from the PDF answer key: A.,LET Secondary,Special Needs Education,Special Needs Education,3,No,,0.96,Ready for Upload,LET Secondary Special Needs Education Q&A. Correct answer sourced from PDF answer key.
247,22,2,SPECIAL NEEDS ED. PART 5.pdf,/Users/lyndon/All reviewers/-LET REVIEWER 2026/C. MAJOR SUBJECTS/J. SPECIAL NEEDS EDUCATION/SPECIAL NEEDS ED. PART 5.pdf,The process of identifying and addressing barriers before they affect learning is called:,,,Remediation,,Early intervention Comprehensive LET Reviewer 2025/2026 LOVE Teach PH Reviewer,,Evaluation,,Referral,,,,B,Correct answer sourced from the PDF answer key: B.,LET Secondary,Special Needs Education,Special Needs Education,3,No,,0.96,Ready for Upload,LET Secondary Special Needs Education Q&A. Correct answer sourced from PDF answer key.
248,23,3,SPECIAL NEEDS ED. PART 5.pdf,/Users/lyndon/All reviewers/-LET REVIEWER 2026/C. MAJOR SUBJECTS/J. SPECIAL NEEDS EDUCATION/SPECIAL NEEDS ED. PART 5.pdf,The main focus of formative assessment is:,,,Improving learning during instruction,,Summarizing learning outcomes,,Measuring final performance,,Assigning grades,,,,A,Correct answer sourced from the PDF answer key: A.,LET Secondary,Special Needs Education,Special Needs Education,3,No,,0.96,Ready for Upload,LET Secondary Special Needs Education Q&A. Correct answer sourced from PDF answer key.
249,24,3,SPECIAL NEEDS ED. PART 5.pdf,/Users/lyndon/All reviewers/-LET REVIEWER 2026/C. MAJOR SUBJECTS/J. SPECIAL NEEDS EDUCATION/SPECIAL NEEDS ED. PART 5.pdf,Which test measures what a learner has already learned?,,,Diagnostic,,Achievement,,Aptitude,,Placement,,,,B,Correct answer sourced from the PDF answer key: B.,LET Secondary,Special Needs Education,Special Needs Education,3,No,,0.96,Ready for Upload,LET Secondary Special Needs Education Q&A. Correct answer sourced from PDF answer key.
250,25,3,SPECIAL NEEDS ED. PART 5.pdf,/Users/lyndon/All reviewers/-LET REVIEWER 2026/C. MAJOR SUBJECTS/J. SPECIAL NEEDS EDUCATION/SPECIAL NEEDS ED. PART 5.pdf,"When planning instruction for children with special needs, teachers must consider:",,,Their developmental characteristics and learning styles,,The average performance of the class,,Standard pacing guides,,Only curriculum demands,,,,A,Correct answer sourced from the PDF answer key: A.,LET Secondary,Special Needs Education,Special Needs Education,3,No,,0.96,Ready for Upload,LET Secondary Special Needs Education Q&A. Correct answer sourced from PDF answer key.
251,26,3,SPECIAL NEEDS ED. PART 5.pdf,/Users/lyndon/All reviewers/-LET REVIEWER 2026/C. MAJOR SUBJECTS/J. SPECIAL NEEDS EDUCATION/SPECIAL NEEDS ED. PART 5.pdf,Which of the following is an example of positive reinforcement?,,,Removal of privileges,,Giving praise for effort,,Ignoring misbehavior,,Giving additional work,,,,B,Correct answer sourced from the PDF answer key: B.,LET Secondary,Special Needs Education,Special Needs Education,3,No,,0.96,Ready for Upload,LET Secondary Special Needs Education Q&A. Correct answer sourced from PDF answer key.
252,27,3,SPECIAL NEEDS ED. PART 5.pdf,/Users/lyndon/All reviewers/-LET REVIEWER 2026/C. MAJOR SUBJECTS/J. SPECIAL NEEDS EDUCATION/SPECIAL NEEDS ED. PART 5.pdf,Which among the following best defines “inclusion”?,,,Separate instruction for special learners,,Educating all learners together with appropriate support,,Pull-out programs for disabilities,,Homeschooling for mild cases,,,,B,Correct answer sourced from the PDF answer key: B.,LET Secondary,Special Needs Education,Special Needs Education,3,No,,0.96,Ready for Upload,LET Secondary Special Needs Education Q&A. Correct answer sourced from PDF answer key.
253,28,3,SPECIAL NEEDS ED. PART 5.pdf,/Users/lyndon/All reviewers/-LET REVIEWER 2026/C. MAJOR SUBJECTS/J. SPECIAL NEEDS EDUCATION/SPECIAL NEEDS ED. PART 5.pdf,"When a learner uses a voice synthesizer to communicate, it is called:",,,Assistive device use,,Augmentative communication,,Speech training,,Visual learning,,,,B,Correct answer sourced from the PDF answer key: B.,LET Secondary,Special Needs Education,Special Needs Education,3,No,,0.96,Ready for Upload,LET Secondary Special Needs Education Q&A. Correct answer sourced from PDF answer key.
254,29,3,SPECIAL NEEDS ED. PART 5.pdf,/Users/lyndon/All reviewers/-LET REVIEWER 2026/C. MAJOR SUBJECTS/J. SPECIAL NEEDS EDUCATION/SPECIAL NEEDS ED. PART 5.pdf,The teacher uses games to teach counting to children with intellectual disability. This is an example of:,,,Experiential learning,,Play-based instruction,,Rote teaching,,Structured testing,,,,B,Correct answer sourced from the PDF answer key: B.,LET Secondary,Special Needs Education,Special Needs Education,3,No,,0.96,Ready for Upload,LET Secondary Special Needs Education Q&A. Correct answer sourced from PDF answer key.
255,30,3,SPECIAL NEEDS ED. PART 5.pdf,/Users/lyndon/All reviewers/-LET REVIEWER 2026/C. MAJOR SUBJECTS/J. SPECIAL NEEDS EDUCATION/SPECIAL NEEDS ED. PART 5.pdf,What is the teacher’s best approach in handling tantrums?,,,Ignore the student,,Identify triggers and provide calming interventions,,Punish the child immediately,,Call the parents every time,,,,B,Correct answer sourced from the PDF answer key: B.,LET Secondary,Special Needs Education,Special Needs Education,3,No,,0.96,Ready for Upload,LET Secondary Special Needs Education Q&A. Correct answer sourced from PDF answer key.
256,31,3,SPECIAL NEEDS ED. PART 5.pdf,/Users/lyndon/All reviewers/-LET REVIEWER 2026/C. MAJOR SUBJECTS/J. SPECIAL NEEDS EDUCATION/SPECIAL NEEDS ED. PART 5.pdf,Which assessment tool measures daily life functioning?,,,Standardized achievement test,,Adaptive behavior scale,,Vocabulary test,,Abstract reasoning test,,,,B,Correct answer sourced from the PDF answer key: B.,LET Secondary,Special Needs Education,Special Needs Education,3,No,,0.96,Ready for Upload,LET Secondary Special Needs Education Q&A. Correct answer sourced from PDF answer key.
257,32,3,SPECIAL NEEDS ED. PART 5.pdf,/Users/lyndon/All reviewers/-LET REVIEWER 2026/C. MAJOR SUBJECTS/J. SPECIAL NEEDS EDUCATION/SPECIAL NEEDS ED. PART 5.pdf,"In assessment, “triangulation” means:",,,Using three types of tests,,Collecting data from multiple sources and methods,,Measuring one domain only,,Comparing students,,,,B,Correct answer sourced from the PDF answer key: B.,LET Secondary,Special Needs Education,Special Needs Education,3,No,,0.96,Ready for Upload,LET Secondary Special Needs Education Q&A. Correct answer sourced from PDF answer key.
258,33,3,SPECIAL NEEDS ED. PART 5.pdf,/Users/lyndon/All reviewers/-LET REVIEWER 2026/C. MAJOR SUBJECTS/J. SPECIAL NEEDS EDUCATION/SPECIAL NEEDS ED. PART 5.pdf,The goal of alternative assessment is to:,,,Capture a learner’s performance in real situations,,Simplify testing,,Replace traditional grades,,Eliminate accountability Comprehensive LET Reviewer 2025/2026 LOVE Teach PH Reviewer,,,,A,Correct answer sourced from the PDF answer key: A.,LET Secondary,Special Needs Education,Special Needs Education,3,No,,0.96,Ready for Upload,LET Secondary Special Needs Education Q&A. Correct answer sourced from PDF answer key.
259,34,4,SPECIAL NEEDS ED. PART 5.pdf,/Users/lyndon/All reviewers/-LET REVIEWER 2026/C. MAJOR SUBJECTS/J. SPECIAL NEEDS EDUCATION/SPECIAL NEEDS ED. PART 5.pdf,A learner with difficulty in expressive language may need:,,,Oral drills,,Visual supports and sentence frames,,Long writing tests,,Silent reading,,,,B,Correct answer sourced from the PDF answer key: B.,LET Secondary,Special Needs Education,Special Needs Education,3,No,,0.96,Ready for Upload,LET Secondary Special Needs Education Q&A. Correct answer sourced from PDF answer key.
260,35,4,SPECIAL NEEDS ED. PART 5.pdf,/Users/lyndon/All reviewers/-LET REVIEWER 2026/C. MAJOR SUBJECTS/J. SPECIAL NEEDS EDUCATION/SPECIAL NEEDS ED. PART 5.pdf,"When a student completes a set of short-term goals, the teacher should:",,,Ignore it,,Celebrate and reinforce success,,Begin a new topic immediately,,Give a test,,,,B,Correct answer sourced from the PDF answer key: B.,LET Secondary,Special Needs Education,Special Needs Education,3,No,,0.96,Ready for Upload,LET Secondary Special Needs Education Q&A. Correct answer sourced from PDF answer key.
261,36,4,SPECIAL NEEDS ED. PART 5.pdf,/Users/lyndon/All reviewers/-LET REVIEWER 2026/C. MAJOR SUBJECTS/J. SPECIAL NEEDS EDUCATION/SPECIAL NEEDS ED. PART 5.pdf,What assessment approach is most developmentally appropriate in early SPED?,,,Traditional written test,,Play-based and observational assessment,,Oral recitation,,Paper-pencil quizzes,,,,B,Correct answer sourced from the PDF answer key: B.,LET Secondary,Special Needs Education,Special Needs Education,3,No,,0.96,Ready for Upload,LET Secondary Special Needs Education Q&A. Correct answer sourced from PDF answer key.
262,37,4,SPECIAL NEEDS ED. PART 5.pdf,/Users/lyndon/All reviewers/-LET REVIEWER 2026/C. MAJOR SUBJECTS/J. SPECIAL NEEDS EDUCATION/SPECIAL NEEDS ED. PART 5.pdf,A learner who excels in visual tasks but struggles in verbal comprehension is:,,,A visual learner,,A non-verbal learning disorder case,,An auditory learner,,A kinesthetic learner,,,,A,Correct answer sourced from the PDF answer key: A.,LET Secondary,Special Needs Education,Special Needs Education,3,No,,0.96,Ready for Upload,LET Secondary Special Needs Education Q&A. Correct answer sourced from PDF answer key.
263,38,4,SPECIAL NEEDS ED. PART 5.pdf,/Users/lyndon/All reviewers/-LET REVIEWER 2026/C. MAJOR SUBJECTS/J. SPECIAL NEEDS EDUCATION/SPECIAL NEEDS ED. PART 5.pdf,The teacher adjusts materials and seating for a child in a wheelchair. This is an example of:,,,Adaptation,,Accommodation,,Modification,,Inclusion,,,,B,Correct answer sourced from the PDF answer key: B.,LET Secondary,Special Needs Education,Special Needs Education,3,No,,0.96,Ready for Upload,LET Secondary Special Needs Education Q&A. Correct answer sourced from PDF answer key.
264,39,4,SPECIAL NEEDS ED. PART 5.pdf,/Users/lyndon/All reviewers/-LET REVIEWER 2026/C. MAJOR SUBJECTS/J. SPECIAL NEEDS EDUCATION/SPECIAL NEEDS ED. PART 5.pdf,The “multi-disciplinary team approach” involves:,,,"Teachers, parents, and specialists working together",,Teachers only,,Medical staff only,,The principal only,,,,A,Correct answer sourced from the PDF answer key: A.,LET Secondary,Special Needs Education,Special Needs Education,3,No,,0.96,Ready for Upload,LET Secondary Special Needs Education Q&A. Correct answer sourced from PDF answer key.
265,40,4,SPECIAL NEEDS ED. PART 5.pdf,/Users/lyndon/All reviewers/-LET REVIEWER 2026/C. MAJOR SUBJECTS/J. SPECIAL NEEDS EDUCATION/SPECIAL NEEDS ED. PART 5.pdf,What principle ensures fairness in SPED assessment?,,,Equity,,Reliability,,Validity,,Inclusion,,,,A,Correct answer sourced from the PDF answer key: A.,LET Secondary,Special Needs Education,Special Needs Education,3,No,,0.96,Ready for Upload,LET Secondary Special Needs Education Q&A. Correct answer sourced from PDF answer key.
266,41,4,SPECIAL NEEDS ED. PART 5.pdf,/Users/lyndon/All reviewers/-LET REVIEWER 2026/C. MAJOR SUBJECTS/J. SPECIAL NEEDS EDUCATION/SPECIAL NEEDS ED. PART 5.pdf,"When a teacher provides extra time for students with dyslexia during reading tests, this is:",,,Modification,,Accommodation,,Enrichment,,Remediation,,,,B,Correct answer sourced from the PDF answer key: B.,LET Secondary,Special Needs Education,Special Needs Education,3,No,,0.96,Ready for Upload,LET Secondary Special Needs Education Q&A. Correct answer sourced from PDF answer key.
267,42,4,SPECIAL NEEDS ED. PART 5.pdf,/Users/lyndon/All reviewers/-LET REVIEWER 2026/C. MAJOR SUBJECTS/J. SPECIAL NEEDS EDUCATION/SPECIAL NEEDS ED. PART 5.pdf,Which is the most appropriate behavioral intervention technique?,,,Physical restraint,,Positive reinforcement and redirection,,Scolding and punishment,,Ignoring behaviors,,,,B,Correct answer sourced from the PDF answer key: B.,LET Secondary,Special Needs Education,Special Needs Education,3,No,,0.96,Ready for Upload,LET Secondary Special Needs Education Q&A. Correct answer sourced from PDF answer key.
268,43,4,SPECIAL NEEDS ED. PART 5.pdf,/Users/lyndon/All reviewers/-LET REVIEWER 2026/C. MAJOR SUBJECTS/J. SPECIAL NEEDS EDUCATION/SPECIAL NEEDS ED. PART 5.pdf,The result of diagnostic assessment should be used to:,,,Plan individualized instruction,,Assign grades,,Compare peers,,Prepare reports only,,,,A,Correct answer sourced from the PDF answer key: A.,LET Secondary,Special Needs Education,Special Needs Education,3,No,,0.96,Ready for Upload,LET Secondary Special Needs Education Q&A. Correct answer sourced from PDF answer key.
269,44,4,SPECIAL NEEDS ED. PART 5.pdf,/Users/lyndon/All reviewers/-LET REVIEWER 2026/C. MAJOR SUBJECTS/J. SPECIAL NEEDS EDUCATION/SPECIAL NEEDS ED. PART 5.pdf,What type of reinforcement is giving stickers for good work?,,,Negative reinforcement,,Tangible positive reinforcement,,Social reward,,Non-verbal cue,,,,B,Correct answer sourced from the PDF answer key: B.,LET Secondary,Special Needs Education,Special Needs Education,3,No,,0.96,Ready for Upload,LET Secondary Special Needs Education Q&A. Correct answer sourced from PDF answer key.
270,45,4,SPECIAL NEEDS ED. PART 5.pdf,/Users/lyndon/All reviewers/-LET REVIEWER 2026/C. MAJOR SUBJECTS/J. SPECIAL NEEDS EDUCATION/SPECIAL NEEDS ED. PART 5.pdf,What is the main goal of assessment in SPED?,,,Labeling students,,Supporting learning and progress Comprehensive LET Reviewer 2025/2026 LOVE Teach PH Reviewer,,Grading performance,,Measuring intelligence,,,,B,Correct answer sourced from the PDF answer key: B.,LET Secondary,Special Needs Education,Special Needs Education,3,No,,0.96,Ready for Upload,LET Secondary Special Needs Education Q&A. Correct answer sourced from PDF answer key.
271,46,5,SPECIAL NEEDS ED. PART 5.pdf,/Users/lyndon/All reviewers/-LET REVIEWER 2026/C. MAJOR SUBJECTS/J. SPECIAL NEEDS EDUCATION/SPECIAL NEEDS ED. PART 5.pdf,The SPED teacher collaborates with parents mainly to:,,,Enforce strict discipline,,Ensure consistency between home and school interventions,,Assign home tasks,,Evaluate teachers,,,,B,Correct answer sourced from the PDF answer key: B.,LET Secondary,Special Needs Education,Special Needs Education,3,No,,0.96,Ready for Upload,LET Secondary Special Needs Education Q&A. Correct answer sourced from PDF answer key.
272,47,5,SPECIAL NEEDS ED. PART 5.pdf,/Users/lyndon/All reviewers/-LET REVIEWER 2026/C. MAJOR SUBJECTS/J. SPECIAL NEEDS EDUCATION/SPECIAL NEEDS ED. PART 5.pdf,What is the purpose of a “behavior contract”?,,,To formalize expectations and rewards,,To punish the learner,,To remove privileges,,To replace the IEP,,,,A,Correct answer sourced from the PDF answer key: A.,LET Secondary,Special Needs Education,Special Needs Education,3,No,,0.96,Ready for Upload,LET Secondary Special Needs Education Q&A. Correct answer sourced from PDF answer key.
273,48,5,SPECIAL NEEDS ED. PART 5.pdf,/Users/lyndon/All reviewers/-LET REVIEWER 2026/C. MAJOR SUBJECTS/J. SPECIAL NEEDS EDUCATION/SPECIAL NEEDS ED. PART 5.pdf,Which assessment strategy allows a student to demonstrate learning through performance?,,,Objective testing,,Performance-based assessment,,Multiple-choice test,,True-or-false test,,,,B,Correct answer sourced from the PDF answer key: B.,LET Secondary,Special Needs Education,Special Needs Education,3,No,,0.96,Ready for Upload,LET Secondary Special Needs Education Q&A. Correct answer sourced from PDF answer key.
274,49,5,SPECIAL NEEDS ED. PART 5.pdf,/Users/lyndon/All reviewers/-LET REVIEWER 2026/C. MAJOR SUBJECTS/J. SPECIAL NEEDS EDUCATION/SPECIAL NEEDS ED. PART 5.pdf,What is the best assessment for a child who cannot speak but can use pictures?,,,Oral reading test,,Alternative communication-based assessment,,Essay,,Vocabulary test,,,,B,Correct answer sourced from the PDF answer key: B.,LET Secondary,Special Needs Education,Special Needs Education,3,No,,0.96,Ready for Upload,LET Secondary Special Needs Education Q&A. Correct answer sourced from PDF answer key.
275,50,5,SPECIAL NEEDS ED. PART 5.pdf,/Users/lyndon/All reviewers/-LET REVIEWER 2026/C. MAJOR SUBJECTS/J. SPECIAL NEEDS EDUCATION/SPECIAL NEEDS ED. PART 5.pdf,A key indicator of effective SPED assessment is that it is:,,,Uniform,,Continuous and individualized,,Random,,Group-based Comprehensive LET Reviewer 2025/2026 LOVE Teach PH Reviewer LET Reviewer Special Needs Education Part 5 2025/2026,,,,B,Correct answer sourced from the PDF answer key: B.,LET Secondary,Special Needs Education,Special Needs Education,3,No,,0.96,Ready for Upload,LET Secondary Special Needs Education Q&A. Correct answer sourced from PDF answer key.
276,1,1,SPECIAL NEEDS ED. PART 6.pdf,/Users/lyndon/All reviewers/-LET REVIEWER 2026/C. MAJOR SUBJECTS/J. SPECIAL NEEDS EDUCATION/SPECIAL NEEDS ED. PART 6.pdf,The law that ensures free and appropriate public education for children with disabilities in the U.S. is:,,,RA 7277,,IDEA,,PD 603,,RA 5250,,,,B,Correct answer sourced from the PDF answer key: B.,LET Secondary,Special Needs Education,Special Needs Education,3,No,,0.96,Ready for Upload,LET Secondary Special Needs Education Q&A. Correct answer sourced from PDF answer key.
277,2,1,SPECIAL NEEDS ED. PART 6.pdf,/Users/lyndon/All reviewers/-LET REVIEWER 2026/C. MAJOR SUBJECTS/J. SPECIAL NEEDS EDUCATION/SPECIAL NEEDS ED. PART 6.pdf,Which Philippine law provides for the Magna Carta for Disabled Persons?,,,RA 7277,,RA 9442,,RA 10533,,RA 9155,,,,A,Correct answer sourced from the PDF answer key: A.,LET Secondary,Special Needs Education,Special Needs Education,3,No,,0.96,Ready for Upload,LET Secondary Special Needs Education Q&A. Correct answer sourced from PDF answer key.
278,3,1,SPECIAL NEEDS ED. PART 6.pdf,/Users/lyndon/All reviewers/-LET REVIEWER 2026/C. MAJOR SUBJECTS/J. SPECIAL NEEDS EDUCATION/SPECIAL NEEDS ED. PART 6.pdf,The main goal of inclusive education is to:,,,Place all children in the same classroom without support,,Provide equal learning opportunities in a supportive environment,,Separate learners with disabilities,,Focus only on gifted learners,,,,B,Correct answer sourced from the PDF answer key: B.,LET Secondary,Special Needs Education,Special Needs Education,3,No,81,0.96,Duplicate,LET Secondary Special Needs Education Q&A. Correct answer sourced from PDF answer key.
279,4,1,SPECIAL NEEDS ED. PART 6.pdf,/Users/lyndon/All reviewers/-LET REVIEWER 2026/C. MAJOR SUBJECTS/J. SPECIAL NEEDS EDUCATION/SPECIAL NEEDS ED. PART 6.pdf,A SPED teacher must uphold the principle of confidentiality by:,,,Discussing a child’s case openly in class,,Sharing student information only with authorized personnel,,Allowing classmates to access records,,Posting grades publicly,,,,B,Correct answer sourced from the PDF answer key: B.,LET Secondary,Special Needs Education,Special Needs Education,3,No,,0.96,Ready for Upload,LET Secondary Special Needs Education Q&A. Correct answer sourced from PDF answer key.
280,5,1,SPECIAL NEEDS ED. PART 6.pdf,/Users/lyndon/All reviewers/-LET REVIEWER 2026/C. MAJOR SUBJECTS/J. SPECIAL NEEDS EDUCATION/SPECIAL NEEDS ED. PART 6.pdf,The primary role of a SPED teacher under the inclusive education framework is to:,,,Focus solely on academic content,,Facilitate adaptation and individualized support,,Prepare lessons for advanced learners only,,Limit collaboration with general educators,,,,B,Correct answer sourced from the PDF answer key: B.,LET Secondary,Special Needs Education,Special Needs Education,3,No,,0.96,Ready for Upload,LET Secondary Special Needs Education Q&A. Correct answer sourced from PDF answer key.
281,6,1,SPECIAL NEEDS ED. PART 6.pdf,/Users/lyndon/All reviewers/-LET REVIEWER 2026/C. MAJOR SUBJECTS/J. SPECIAL NEEDS EDUCATION/SPECIAL NEEDS ED. PART 6.pdf,Which law institutionalized inclusive education in the Philippines?,,,RA 5250,,RA 11650,,RA 9155,,RA 7610,,,,B,Correct answer sourced from the PDF answer key: B.,LET Secondary,Special Needs Education,Special Needs Education,3,No,1,0.96,Duplicate,LET Secondary Special Needs Education Q&A. Correct answer sourced from PDF answer key.
282,7,1,SPECIAL NEEDS ED. PART 6.pdf,/Users/lyndon/All reviewers/-LET REVIEWER 2026/C. MAJOR SUBJECTS/J. SPECIAL NEEDS EDUCATION/SPECIAL NEEDS ED. PART 6.pdf,The principle “Every child is educable” means:,,,Only gifted learners can succeed,,All learners can learn when given proper support,,Teachers should group students by ability,,Education is for normal children only,,,,B,Correct answer sourced from the PDF answer key: B.,LET Secondary,Special Needs Education,Special Needs Education,3,No,,0.96,Ready for Upload,LET Secondary Special Needs Education Q&A. Correct answer sourced from PDF answer key.
283,8,1,SPECIAL NEEDS ED. PART 6.pdf,/Users/lyndon/All reviewers/-LET REVIEWER 2026/C. MAJOR SUBJECTS/J. SPECIAL NEEDS EDUCATION/SPECIAL NEEDS ED. PART 6.pdf,The ethical responsibility of a SPED teacher includes:,,,Respecting each learner’s dignity and individuality,,Maintaining social distance from learners,,Prioritizing discipline over empathy,,Withholding communication from parents,,,,A,Correct answer sourced from the PDF answer key: A.,LET Secondary,Special Needs Education,Special Needs Education,3,No,,0.96,Ready for Upload,LET Secondary Special Needs Education Q&A. Correct answer sourced from PDF answer key.
284,9,1,SPECIAL NEEDS ED. PART 6.pdf,/Users/lyndon/All reviewers/-LET REVIEWER 2026/C. MAJOR SUBJECTS/J. SPECIAL NEEDS EDUCATION/SPECIAL NEEDS ED. PART 6.pdf,RA 5250 is known as:,,,Magna Carta for Disabled Persons,,Teacher Training Law in Special Education,,Child and Youth Welfare Code,,Inclusive Education Act,,,,B,Correct answer sourced from the PDF answer key: B.,LET Secondary,Special Needs Education,Special Needs Education,3,No,,0.96,Ready for Upload,LET Secondary Special Needs Education Q&A. Correct answer sourced from PDF answer key.
285,10,1,SPECIAL NEEDS ED. PART 6.pdf,/Users/lyndon/All reviewers/-LET REVIEWER 2026/C. MAJOR SUBJECTS/J. SPECIAL NEEDS EDUCATION/SPECIAL NEEDS ED. PART 6.pdf,Which agency is primarily responsible for implementing RA 11650?,,,CHED,,DepEd,,DOH,,DSWD Comprehensive LET Reviewer 2025/2026 LOVE Teach PH Reviewer,,,,B,Correct answer sourced from the PDF answer key: B.,LET Secondary,Special Needs Education,Special Needs Education,3,No,,0.96,Ready for Upload,LET Secondary Special Needs Education Q&A. Correct answer sourced from PDF answer key.
286,11,2,SPECIAL NEEDS ED. PART 6.pdf,/Users/lyndon/All reviewers/-LET REVIEWER 2026/C. MAJOR SUBJECTS/J. SPECIAL NEEDS EDUCATION/SPECIAL NEEDS ED. PART 6.pdf,The Salamanca Statement advocates for:,,,Home-schooling of learners with disabilities,,Inclusive education for all learners,,Segregation of learners,,Alternative learning for gifted only,,,,B,Correct answer sourced from the PDF answer key: B.,LET Secondary,Special Needs Education,Special Needs Education,3,No,,0.96,Ready for Upload,LET Secondary Special Needs Education Q&A. Correct answer sourced from PDF answer key.
287,12,2,SPECIAL NEEDS ED. PART 6.pdf,/Users/lyndon/All reviewers/-LET REVIEWER 2026/C. MAJOR SUBJECTS/J. SPECIAL NEEDS EDUCATION/SPECIAL NEEDS ED. PART 6.pdf,What is the ethical action when a teacher suspects abuse of a child with special needs?,,,Ignore the situation,,Report immediately to authorities as mandated,,Confront the parent publicly,,Ask classmates to observe,,,,B,Correct answer sourced from the PDF answer key: B.,LET Secondary,Special Needs Education,Special Needs Education,3,No,,0.96,Ready for Upload,LET Secondary Special Needs Education Q&A. Correct answer sourced from PDF answer key.
288,13,2,SPECIAL NEEDS ED. PART 6.pdf,/Users/lyndon/All reviewers/-LET REVIEWER 2026/C. MAJOR SUBJECTS/J. SPECIAL NEEDS EDUCATION/SPECIAL NEEDS ED. PART 6.pdf,The “best interest of the child” principle emphasizes:,,,School authority over parents,,Child’s welfare above all decisions,,Strict compliance with tests,,Teacher convenience,,,,B,Correct answer sourced from the PDF answer key: B.,LET Secondary,Special Needs Education,Special Needs Education,3,No,,0.96,Ready for Upload,LET Secondary Special Needs Education Q&A. Correct answer sourced from PDF answer key.
289,14,2,SPECIAL NEEDS ED. PART 6.pdf,/Users/lyndon/All reviewers/-LET REVIEWER 2026/C. MAJOR SUBJECTS/J. SPECIAL NEEDS EDUCATION/SPECIAL NEEDS ED. PART 6.pdf,Which Republic Act is also known as the “Child Protection Policy”?,,,RA 10533,,"DepEd Order No. 40, s. 2012",,RA 9442,,RA 7277,,,,B,Correct answer sourced from the PDF answer key: B.,LET Secondary,Special Needs Education,Special Needs Education,3,No,,0.96,Ready for Upload,LET Secondary Special Needs Education Q&A. Correct answer sourced from PDF answer key.
290,15,2,SPECIAL NEEDS ED. PART 6.pdf,/Users/lyndon/All reviewers/-LET REVIEWER 2026/C. MAJOR SUBJECTS/J. SPECIAL NEEDS EDUCATION/SPECIAL NEEDS ED. PART 6.pdf,Ethical teaching practice includes:,,,Showing favoritism,,Promoting fairness and justice in all actions,,Accepting gifts from students,,Publicly comparing learners,,,,B,Correct answer sourced from the PDF answer key: B.,LET Secondary,Special Needs Education,Special Needs Education,3,No,,0.96,Ready for Upload,LET Secondary Special Needs Education Q&A. Correct answer sourced from PDF answer key.
291,16,2,SPECIAL NEEDS ED. PART 6.pdf,/Users/lyndon/All reviewers/-LET REVIEWER 2026/C. MAJOR SUBJECTS/J. SPECIAL NEEDS EDUCATION/SPECIAL NEEDS ED. PART 6.pdf,The main purpose of the IEP (Individualized Education Program) is:,,,Provide individualized plans to meet learner’s unique needs,,Standardize instruction,,Replace the curriculum,,Eliminate assessments,,,,A,Correct answer sourced from the PDF answer key: A.,LET Secondary,Special Needs Education,Special Needs Education,3,No,,0.96,Ready for Upload,LET Secondary Special Needs Education Q&A. Correct answer sourced from PDF answer key.
292,17,2,SPECIAL NEEDS ED. PART 6.pdf,/Users/lyndon/All reviewers/-LET REVIEWER 2026/C. MAJOR SUBJECTS/J. SPECIAL NEEDS EDUCATION/SPECIAL NEEDS ED. PART 6.pdf,"The law that protects children from abuse, exploitation, and discrimination is:",,,RA 7610,,RA 7277,,RA 10533,,RA 9155,,,,A,Correct answer sourced from the PDF answer key: A.,LET Secondary,Special Needs Education,Special Needs Education,3,No,,0.96,Ready for Upload,LET Secondary Special Needs Education Q&A. Correct answer sourced from PDF answer key.
293,18,2,SPECIAL NEEDS ED. PART 6.pdf,/Users/lyndon/All reviewers/-LET REVIEWER 2026/C. MAJOR SUBJECTS/J. SPECIAL NEEDS EDUCATION/SPECIAL NEEDS ED. PART 6.pdf,"Under RA 11650, a learner with disability has the right to:",,,Free and appropriate education in an inclusive environment,,Special school segregation,,Home-based therapy only,,Informal education,,,,A,Correct answer sourced from the PDF answer key: A.,LET Secondary,Special Needs Education,Special Needs Education,3,No,,0.96,Ready for Upload,LET Secondary Special Needs Education Q&A. Correct answer sourced from PDF answer key.
294,19,2,SPECIAL NEEDS ED. PART 6.pdf,/Users/lyndon/All reviewers/-LET REVIEWER 2026/C. MAJOR SUBJECTS/J. SPECIAL NEEDS EDUCATION/SPECIAL NEEDS ED. PART 6.pdf,Ethical confidentiality requires teachers to:,,,Share student data on social media,,Keep sensitive information private,,Disclose records to peers,,Discuss grades in public,,,,B,Correct answer sourced from the PDF answer key: B.,LET Secondary,Special Needs Education,Special Needs Education,3,No,,0.96,Ready for Upload,LET Secondary Special Needs Education Q&A. Correct answer sourced from PDF answer key.
295,20,2,SPECIAL NEEDS ED. PART 6.pdf,/Users/lyndon/All reviewers/-LET REVIEWER 2026/C. MAJOR SUBJECTS/J. SPECIAL NEEDS EDUCATION/SPECIAL NEEDS ED. PART 6.pdf,A teacher who falsifies records violates which professional principle?,,,Honesty and integrity,,Innovation,,Collaboration,,Compassion,,,,A,Correct answer sourced from the PDF answer key: A.,LET Secondary,Special Needs Education,Special Needs Education,3,No,,0.96,Ready for Upload,LET Secondary Special Needs Education Q&A. Correct answer sourced from PDF answer key.
296,21,2,SPECIAL NEEDS ED. PART 6.pdf,/Users/lyndon/All reviewers/-LET REVIEWER 2026/C. MAJOR SUBJECTS/J. SPECIAL NEEDS EDUCATION/SPECIAL NEEDS ED. PART 6.pdf,The “zero rejection policy” in SPED means:,,,Schools must not refuse admission to any learner with disability,,Schools can choose who to admit,,Only gifted learners are accepted,,Admission depends on test results,,,,A,Correct answer sourced from the PDF answer key: A.,LET Secondary,Special Needs Education,Special Needs Education,3,No,,0.96,Ready for Upload,LET Secondary Special Needs Education Q&A. Correct answer sourced from PDF answer key.
297,22,2,SPECIAL NEEDS ED. PART 6.pdf,/Users/lyndon/All reviewers/-LET REVIEWER 2026/C. MAJOR SUBJECTS/J. SPECIAL NEEDS EDUCATION/SPECIAL NEEDS ED. PART 6.pdf,"Teachers are expected to comply with the Code of Ethics for Professional Teachers, under:",,,PRC and Civil Service Commission,,Board for Professional Teachers and PRC Comprehensive LET Reviewer 2025/2026 LOVE Teach PH Reviewer,,DepEd and Senate,,UNESCO and CHED,,,,B,Correct answer sourced from the PDF answer key: B.,LET Secondary,Special Needs Education,Special Needs Education,3,No,,0.96,Ready for Upload,LET Secondary Special Needs Education Q&A. Correct answer sourced from PDF answer key.
298,23,3,SPECIAL NEEDS ED. PART 6.pdf,/Users/lyndon/All reviewers/-LET REVIEWER 2026/C. MAJOR SUBJECTS/J. SPECIAL NEEDS EDUCATION/SPECIAL NEEDS ED. PART 6.pdf,The Department of Education promotes inclusive education primarily through:,,,Learning Continuity Plan,,Special Education Centers,,Technical schools,,College programs,,,,B,Correct answer sourced from the PDF answer key: B.,LET Secondary,Special Needs Education,Special Needs Education,3,No,,0.96,Ready for Upload,LET Secondary Special Needs Education Q&A. Correct answer sourced from PDF answer key.
299,24,3,SPECIAL NEEDS ED. PART 6.pdf,/Users/lyndon/All reviewers/-LET REVIEWER 2026/C. MAJOR SUBJECTS/J. SPECIAL NEEDS EDUCATION/SPECIAL NEEDS ED. PART 6.pdf,The ethical obligation of SPED teachers when dealing with parents is to:,,,Dictate all educational decisions,,Collaborate and communicate respectfully,,Avoid parental involvement,,Keep them uninformed,,,,B,Correct answer sourced from the PDF answer key: B.,LET Secondary,Special Needs Education,Special Needs Education,3,No,,0.96,Ready for Upload,LET Secondary Special Needs Education Q&A. Correct answer sourced from PDF answer key.
300,25,3,SPECIAL NEEDS ED. PART 6.pdf,/Users/lyndon/All reviewers/-LET REVIEWER 2026/C. MAJOR SUBJECTS/J. SPECIAL NEEDS EDUCATION/SPECIAL NEEDS ED. PART 6.pdf,Professional growth of a SPED teacher involves:,,,Continuous participation in training and seminars,,Avoiding change in strategies,,Limiting professional development,,Relying only on experience,,,,A,Correct answer sourced from the PDF answer key: A.,LET Secondary,Special Needs Education,Special Needs Education,3,No,,0.96,Ready for Upload,LET Secondary Special Needs Education Q&A. Correct answer sourced from PDF answer key.
301,26,3,SPECIAL NEEDS ED. PART 6.pdf,/Users/lyndon/All reviewers/-LET REVIEWER 2026/C. MAJOR SUBJECTS/J. SPECIAL NEEDS EDUCATION/SPECIAL NEEDS ED. PART 6.pdf,Which SPED philosophy supports normalization?,,,Children should live and learn in regular environments,,Children should stay in special facilities,,All children must be homeschooled,,Learners must be separated by ability,,,,A,Correct answer sourced from the PDF answer key: A.,LET Secondary,Special Needs Education,Special Needs Education,3,No,,0.96,Ready for Upload,LET Secondary Special Needs Education Q&A. Correct answer sourced from PDF answer key.
302,27,3,SPECIAL NEEDS ED. PART 6.pdf,/Users/lyndon/All reviewers/-LET REVIEWER 2026/C. MAJOR SUBJECTS/J. SPECIAL NEEDS EDUCATION/SPECIAL NEEDS ED. PART 6.pdf,Ethical decision-making in SPED requires:,,,Personal bias,,Adherence to professional values and laws,,Avoiding documentation,,Ignoring policies,,,,B,Correct answer sourced from the PDF answer key: B.,LET Secondary,Special Needs Education,Special Needs Education,3,No,,0.96,Ready for Upload,LET Secondary Special Needs Education Q&A. Correct answer sourced from PDF answer key.
303,28,3,SPECIAL NEEDS ED. PART 6.pdf,/Users/lyndon/All reviewers/-LET REVIEWER 2026/C. MAJOR SUBJECTS/J. SPECIAL NEEDS EDUCATION/SPECIAL NEEDS ED. PART 6.pdf,The SPED teacher’s legal responsibility includes:,,,Implementing safety and protection for all learners,,Ignoring child protection laws,,Delegating care solely to parents,,Restricting peer inclusion,,,,A,Correct answer sourced from the PDF answer key: A.,LET Secondary,Special Needs Education,Special Needs Education,3,No,,0.96,Ready for Upload,LET Secondary Special Needs Education Q&A. Correct answer sourced from PDF answer key.
304,29,3,SPECIAL NEEDS ED. PART 6.pdf,/Users/lyndon/All reviewers/-LET REVIEWER 2026/C. MAJOR SUBJECTS/J. SPECIAL NEEDS EDUCATION/SPECIAL NEEDS ED. PART 6.pdf,The “least restrictive environment” means:,,,Learners with disabilities should participate with peers as much as possible,,Segregated special classes,,Separate instruction,,Individual therapy only,,,,A,Correct answer sourced from the PDF answer key: A.,LET Secondary,Special Needs Education,Special Needs Education,3,No,4,0.96,Duplicate,LET Secondary Special Needs Education Q&A. Correct answer sourced from PDF answer key.
305,30,3,SPECIAL NEEDS ED. PART 6.pdf,/Users/lyndon/All reviewers/-LET REVIEWER 2026/C. MAJOR SUBJECTS/J. SPECIAL NEEDS EDUCATION/SPECIAL NEEDS ED. PART 6.pdf,The teacher’s ethical responsibility in assessment is to:,,,Manipulate results for higher grades,,Ensure fairness and accuracy,,Share scores publicly,,Skip low performers,,,,B,Correct answer sourced from the PDF answer key: B.,LET Secondary,Special Needs Education,Special Needs Education,3,No,,0.96,Ready for Upload,LET Secondary Special Needs Education Q&A. Correct answer sourced from PDF answer key.
306,31,3,SPECIAL NEEDS ED. PART 6.pdf,/Users/lyndon/All reviewers/-LET REVIEWER 2026/C. MAJOR SUBJECTS/J. SPECIAL NEEDS EDUCATION/SPECIAL NEEDS ED. PART 6.pdf,Which RA upholds the right of children with disabilities to quality education?,,,RA 11650,,RA 7277,,RA 7610,,RA 9155,,,,A,Correct answer sourced from the PDF answer key: A.,LET Secondary,Special Needs Education,Special Needs Education,3,No,,0.96,Ready for Upload,LET Secondary Special Needs Education Q&A. Correct answer sourced from PDF answer key.
307,32,3,SPECIAL NEEDS ED. PART 6.pdf,/Users/lyndon/All reviewers/-LET REVIEWER 2026/C. MAJOR SUBJECTS/J. SPECIAL NEEDS EDUCATION/SPECIAL NEEDS ED. PART 6.pdf,Which organization issues the Code of Ethics for Professional Teachers?,,,DepEd,,PRC,,UNESCO,,CHED,,,,B,Correct answer sourced from the PDF answer key: B.,LET Secondary,Special Needs Education,Special Needs Education,3,No,,0.96,Ready for Upload,LET Secondary Special Needs Education Q&A. Correct answer sourced from PDF answer key.
308,33,3,SPECIAL NEEDS ED. PART 6.pdf,/Users/lyndon/All reviewers/-LET REVIEWER 2026/C. MAJOR SUBJECTS/J. SPECIAL NEEDS EDUCATION/SPECIAL NEEDS ED. PART 6.pdf,Professional ethics guide teachers to act:,,,According to personal preference,,According to professional standards and moral values,,Based on emotions,,To gain favor,,,,B,Correct answer sourced from the PDF answer key: B.,LET Secondary,Special Needs Education,Special Needs Education,3,No,,0.96,Ready for Upload,LET Secondary Special Needs Education Q&A. Correct answer sourced from PDF answer key.
309,34,3,SPECIAL NEEDS ED. PART 6.pdf,/Users/lyndon/All reviewers/-LET REVIEWER 2026/C. MAJOR SUBJECTS/J. SPECIAL NEEDS EDUCATION/SPECIAL NEEDS ED. PART 6.pdf,The principle of lifelong learning for teachers means:,,,Learning stops after graduation Comprehensive LET Reviewer 2025/2026 LOVE Teach PH Reviewer,,Continuous professional development,,Avoiding innovation,,Focusing only on classroom routine,,,,B,Correct answer sourced from the PDF answer key: B.,LET Secondary,Special Needs Education,Special Needs Education,3,No,,0.96,Ready for Upload,LET Secondary Special Needs Education Q&A. Correct answer sourced from PDF answer key.
310,35,4,SPECIAL NEEDS ED. PART 6.pdf,/Users/lyndon/All reviewers/-LET REVIEWER 2026/C. MAJOR SUBJECTS/J. SPECIAL NEEDS EDUCATION/SPECIAL NEEDS ED. PART 6.pdf,Which law mandates teacher education in SPED?,,,RA 5250,,RA 11650,,RA 7610,,RA 9155,,,,A,Correct answer sourced from the PDF answer key: A.,LET Secondary,Special Needs Education,Special Needs Education,3,No,,0.96,Ready for Upload,LET Secondary Special Needs Education Q&A. Correct answer sourced from PDF answer key.
311,36,4,SPECIAL NEEDS ED. PART 6.pdf,/Users/lyndon/All reviewers/-LET REVIEWER 2026/C. MAJOR SUBJECTS/J. SPECIAL NEEDS EDUCATION/SPECIAL NEEDS ED. PART 6.pdf,Ethical teachers maintain relationships that are:,,,Professional and respectful,,Personal and emotional,,Transactional,,Competitive,,,,A,Correct answer sourced from the PDF answer key: A.,LET Secondary,Special Needs Education,Special Needs Education,3,No,,0.96,Ready for Upload,LET Secondary Special Needs Education Q&A. Correct answer sourced from PDF answer key.
312,37,4,SPECIAL NEEDS ED. PART 6.pdf,/Users/lyndon/All reviewers/-LET REVIEWER 2026/C. MAJOR SUBJECTS/J. SPECIAL NEEDS EDUCATION/SPECIAL NEEDS ED. PART 6.pdf,Which statement best defines professional accountability?,,,Taking responsibility for one’s actions and decisions,,Blaming others for errors,,Ignoring feedback,,Avoiding supervision,,,,A,Correct answer sourced from the PDF answer key: A.,LET Secondary,Special Needs Education,Special Needs Education,3,No,,0.96,Ready for Upload,LET Secondary Special Needs Education Q&A. Correct answer sourced from PDF answer key.
313,38,4,SPECIAL NEEDS ED. PART 6.pdf,/Users/lyndon/All reviewers/-LET REVIEWER 2026/C. MAJOR SUBJECTS/J. SPECIAL NEEDS EDUCATION/SPECIAL NEEDS ED. PART 6.pdf,"In inclusive classrooms, collaboration among teachers means:",,,Co-planning and sharing responsibilities,,Working in isolation,,Assigning work to aides only,,Separating subjects,,,,A,Correct answer sourced from the PDF answer key: A.,LET Secondary,Special Needs Education,Special Needs Education,3,No,,0.96,Ready for Upload,LET Secondary Special Needs Education Q&A. Correct answer sourced from PDF answer key.
314,39,4,SPECIAL NEEDS ED. PART 6.pdf,/Users/lyndon/All reviewers/-LET REVIEWER 2026/C. MAJOR SUBJECTS/J. SPECIAL NEEDS EDUCATION/SPECIAL NEEDS ED. PART 6.pdf,A teacher’s failure to report a case of child abuse may be considered:,,,Neglect of duty,,Confidentiality,,Professional development,,Privacy protection,,,,A,Correct answer sourced from the PDF answer key: A.,LET Secondary,Special Needs Education,Special Needs Education,3,No,,0.96,Ready for Upload,LET Secondary Special Needs Education Q&A. Correct answer sourced from PDF answer key.
315,40,4,SPECIAL NEEDS ED. PART 6.pdf,/Users/lyndon/All reviewers/-LET REVIEWER 2026/C. MAJOR SUBJECTS/J. SPECIAL NEEDS EDUCATION/SPECIAL NEEDS ED. PART 6.pdf,Ethical teaching requires respecting diversity through:,,,Cultural responsiveness and sensitivity,,Uniform instruction,,Ignoring cultural differences,,Focusing on one learning style,,,,A,Correct answer sourced from the PDF answer key: A.,LET Secondary,Special Needs Education,Special Needs Education,3,No,,0.96,Ready for Upload,LET Secondary Special Needs Education Q&A. Correct answer sourced from PDF answer key.
316,41,4,SPECIAL NEEDS ED. PART 6.pdf,/Users/lyndon/All reviewers/-LET REVIEWER 2026/C. MAJOR SUBJECTS/J. SPECIAL NEEDS EDUCATION/SPECIAL NEEDS ED. PART 6.pdf,Which of the following ensures teachers’ legal protection when performing duties?,,,Code of Ethics,,Civil Service Law,,Teacher Protection Policy,,RA 9155,,,,C,Correct answer sourced from the PDF answer key: C.,LET Secondary,Special Needs Education,Special Needs Education,3,No,,0.96,Ready for Upload,LET Secondary Special Needs Education Q&A. Correct answer sourced from PDF answer key.
317,42,4,SPECIAL NEEDS ED. PART 6.pdf,/Users/lyndon/All reviewers/-LET REVIEWER 2026/C. MAJOR SUBJECTS/J. SPECIAL NEEDS EDUCATION/SPECIAL NEEDS ED. PART 6.pdf,Teachers must avoid conflict of interest by:,,,Maintaining objectivity and fairness,,Accepting personal favors,,Promoting relatives,,Taking sides,,,,A,Correct answer sourced from the PDF answer key: A.,LET Secondary,Special Needs Education,Special Needs Education,3,No,,0.96,Ready for Upload,LET Secondary Special Needs Education Q&A. Correct answer sourced from PDF answer key.
318,43,4,SPECIAL NEEDS ED. PART 6.pdf,/Users/lyndon/All reviewers/-LET REVIEWER 2026/C. MAJOR SUBJECTS/J. SPECIAL NEEDS EDUCATION/SPECIAL NEEDS ED. PART 6.pdf,Professionalism in SPED emphasizes:,,,Advocacy for learners’ rights and inclusion,,Avoiding leadership,,Working independently only,,Ignoring community,,,,A,Correct answer sourced from the PDF answer key: A.,LET Secondary,Special Needs Education,Special Needs Education,3,No,,0.96,Ready for Upload,LET Secondary Special Needs Education Q&A. Correct answer sourced from PDF answer key.
319,44,4,SPECIAL NEEDS ED. PART 6.pdf,/Users/lyndon/All reviewers/-LET REVIEWER 2026/C. MAJOR SUBJECTS/J. SPECIAL NEEDS EDUCATION/SPECIAL NEEDS ED. PART 6.pdf,The right of learners to be protected from bullying is under:,,,RA 10627,,RA 7610,,RA 7277,,RA 11650,,,,A,Correct answer sourced from the PDF answer key: A.,LET Secondary,Special Needs Education,Special Needs Education,3,No,,0.96,Ready for Upload,LET Secondary Special Needs Education Q&A. Correct answer sourced from PDF answer key.
320,45,4,SPECIAL NEEDS ED. PART 6.pdf,/Users/lyndon/All reviewers/-LET REVIEWER 2026/C. MAJOR SUBJECTS/J. SPECIAL NEEDS EDUCATION/SPECIAL NEEDS ED. PART 6.pdf,The ethical responsibility of teachers in reporting assessment results is:,,,Transparency with respect for confidentiality,,Publicizing scores,,Ignoring results,,Sharing without consent Comprehensive LET Reviewer 2025/2026 LOVE Teach PH Reviewer,,,,A,Correct answer sourced from the PDF answer key: A.,LET Secondary,Special Needs Education,Special Needs Education,3,No,,0.96,Ready for Upload,LET Secondary Special Needs Education Q&A. Correct answer sourced from PDF answer key.
321,46,5,SPECIAL NEEDS ED. PART 6.pdf,/Users/lyndon/All reviewers/-LET REVIEWER 2026/C. MAJOR SUBJECTS/J. SPECIAL NEEDS EDUCATION/SPECIAL NEEDS ED. PART 6.pdf,What is the teacher’s ethical duty in handling colleagues’ misconduct?,,,Report through proper channels,,Ignore,,Discuss in public,,Post online,,,,A,Correct answer sourced from the PDF answer key: A.,LET Secondary,Special Needs Education,Special Needs Education,3,No,,0.96,Ready for Upload,LET Secondary Special Needs Education Q&A. Correct answer sourced from PDF answer key.
322,47,5,SPECIAL NEEDS ED. PART 6.pdf,/Users/lyndon/All reviewers/-LET REVIEWER 2026/C. MAJOR SUBJECTS/J. SPECIAL NEEDS EDUCATION/SPECIAL NEEDS ED. PART 6.pdf,Inclusive education ensures that learners with disabilities:,,,Learn alongside peers with necessary support,,Are taught separately,,Stay home,,Join only extracurriculars,,,,A,Correct answer sourced from the PDF answer key: A.,LET Secondary,Special Needs Education,Special Needs Education,3,No,,0.96,Ready for Upload,LET Secondary Special Needs Education Q&A. Correct answer sourced from PDF answer key.
323,48,5,SPECIAL NEEDS ED. PART 6.pdf,/Users/lyndon/All reviewers/-LET REVIEWER 2026/C. MAJOR SUBJECTS/J. SPECIAL NEEDS EDUCATION/SPECIAL NEEDS ED. PART 6.pdf,Which professional standard ensures effective SPED practice?,,,Continuous reflection and evaluation,,Rigid uniformity,,Avoiding peer feedback,,Limiting assessment,,,,A,Correct answer sourced from the PDF answer key: A.,LET Secondary,Special Needs Education,Special Needs Education,3,No,,0.96,Ready for Upload,LET Secondary Special Needs Education Q&A. Correct answer sourced from PDF answer key.
324,49,5,SPECIAL NEEDS ED. PART 6.pdf,/Users/lyndon/All reviewers/-LET REVIEWER 2026/C. MAJOR SUBJECTS/J. SPECIAL NEEDS EDUCATION/SPECIAL NEEDS ED. PART 6.pdf,A teacher who refuses to teach a child with disability violates:,,,The right to education and inclusion,,Teacher training law,,Assessment principles,,Administrative rules,,,,A,Correct answer sourced from the PDF answer key: A.,LET Secondary,Special Needs Education,Special Needs Education,3,No,,0.96,Ready for Upload,LET Secondary Special Needs Education Q&A. Correct answer sourced from PDF answer key.
325,50,5,SPECIAL NEEDS ED. PART 6.pdf,/Users/lyndon/All reviewers/-LET REVIEWER 2026/C. MAJOR SUBJECTS/J. SPECIAL NEEDS EDUCATION/SPECIAL NEEDS ED. PART 6.pdf,The ultimate goal of SPED laws and ethics is to:,,,"Promote equal access, dignity, and rights for all learners",,Separate students by ability,,Simplify teaching load,,Avoid accountability LET Reviewer Special Needs Education Part 6 2025/2026 Comprehensive LET Reviewer 2025/2026 LOVE Teach PH Reviewer,,,,A,Correct answer sourced from the PDF answer key: A.,LET Secondary,Special Needs Education,Special Needs Education,3,No,,0.96,Ready for Upload,LET Secondary Special Needs Education Q&A. Correct answer sourced from PDF answer key.
326,1,1,SPECIAL NEEDS ED. PART 7.pdf,/Users/lyndon/All reviewers/-LET REVIEWER 2026/C. MAJOR SUBJECTS/J. SPECIAL NEEDS EDUCATION/SPECIAL NEEDS ED. PART 7.pdf,Differentiated instruction primarily aims to:,,,Make all learners work on the same tasks,,Address diverse learning needs and styles ✅,,Focus on gifted students,,Standardize all lessons,,,,B,Correct answer sourced from the PDF answer key: B.,LET Secondary,Special Needs Education,Special Needs Education,3,No,,0.96,Ready for Upload,LET Secondary Special Needs Education Q&A. Correct answer sourced from PDF answer key.
327,2,1,SPECIAL NEEDS ED. PART 7.pdf,/Users/lyndon/All reviewers/-LET REVIEWER 2026/C. MAJOR SUBJECTS/J. SPECIAL NEEDS EDUCATION/SPECIAL NEEDS ED. PART 7.pdf,Which teaching approach is most suitable for children with multiple disabilities?,,,Lecture method,,Rote learning,,Multi-sensory approach ✅,,Teacher-centered instruction,,,,C,Correct answer sourced from the PDF answer key: C.,LET Secondary,Special Needs Education,Special Needs Education,3,No,,0.96,Ready for Upload,LET Secondary Special Needs Education Q&A. Correct answer sourced from PDF answer key.
328,3,1,SPECIAL NEEDS ED. PART 7.pdf,/Users/lyndon/All reviewers/-LET REVIEWER 2026/C. MAJOR SUBJECTS/J. SPECIAL NEEDS EDUCATION/SPECIAL NEEDS ED. PART 7.pdf,The best classroom setup for learners with special needs is one that:,,,Promotes independence and accessibility ✅,,Has fixed seating arrangements,,Focuses on decoration only,,Restricts movement,,,,A,Correct answer sourced from the PDF answer key: A.,LET Secondary,Special Needs Education,Special Needs Education,3,No,,0.96,Ready for Upload,LET Secondary Special Needs Education Q&A. Correct answer sourced from PDF answer key.
329,4,1,SPECIAL NEEDS ED. PART 7.pdf,/Users/lyndon/All reviewers/-LET REVIEWER 2026/C. MAJOR SUBJECTS/J. SPECIAL NEEDS EDUCATION/SPECIAL NEEDS ED. PART 7.pdf,The use of manipulatives in math supports which type of learning?,,,Abstract learning,,Theoretical reasoning,,Passive learning,,Concrete and experiential learning ✅,,,,D,Correct answer sourced from the PDF answer key: D.,LET Secondary,Special Needs Education,Special Needs Education,3,No,,0.96,Ready for Upload,LET Secondary Special Needs Education Q&A. Correct answer sourced from PDF answer key.
330,5,1,SPECIAL NEEDS ED. PART 7.pdf,/Users/lyndon/All reviewers/-LET REVIEWER 2026/C. MAJOR SUBJECTS/J. SPECIAL NEEDS EDUCATION/SPECIAL NEEDS ED. PART 7.pdf,The main purpose of curriculum modification is to:,,,Reduce lesson content,,Maintain uniform pacing,,Adjust content and expectations to meet learner needs ✅,,Remove assessments,,,,C,Correct answer sourced from the PDF answer key: C.,LET Secondary,Special Needs Education,Special Needs Education,3,No,,0.96,Ready for Upload,LET Secondary Special Needs Education Q&A. Correct answer sourced from PDF answer key.
331,6,1,SPECIAL NEEDS ED. PART 7.pdf,/Users/lyndon/All reviewers/-LET REVIEWER 2026/C. MAJOR SUBJECTS/J. SPECIAL NEEDS EDUCATION/SPECIAL NEEDS ED. PART 7.pdf,A teacher uses large print materials for a child with low vision. This is an example of:,,,Modification,,Accommodation ✅,,Reinforcement,,Adaptation,,,,B,Correct answer sourced from the PDF answer key: B.,LET Secondary,Special Needs Education,Special Needs Education,3,No,,0.96,Ready for Upload,LET Secondary Special Needs Education Q&A. Correct answer sourced from PDF answer key.
332,7,1,SPECIAL NEEDS ED. PART 7.pdf,/Users/lyndon/All reviewers/-LET REVIEWER 2026/C. MAJOR SUBJECTS/J. SPECIAL NEEDS EDUCATION/SPECIAL NEEDS ED. PART 7.pdf,Universal Design for Learning (UDL) encourages teachers to:,,,Use one strategy for all learners,,Limit instruction to reading and writing,,Focus only on visual aids,,"Provide multiple means of engagement, representation, and expression ✅",,,,D,Correct answer sourced from the PDF answer key: D.,LET Secondary,Special Needs Education,Special Needs Education,3,No,,0.96,Ready for Upload,LET Secondary Special Needs Education Q&A. Correct answer sourced from PDF answer key.
333,8,1,SPECIAL NEEDS ED. PART 7.pdf,/Users/lyndon/All reviewers/-LET REVIEWER 2026/C. MAJOR SUBJECTS/J. SPECIAL NEEDS EDUCATION/SPECIAL NEEDS ED. PART 7.pdf,The best strategy for teaching a learner with autism who prefers routines is to:,,,Provide clear structure and visual schedules ✅,,Frequently change rules,,Allow unstructured transitions,,Ignore repetitive behavior,,,,A,Correct answer sourced from the PDF answer key: A.,LET Secondary,Special Needs Education,Special Needs Education,3,No,,0.96,Ready for Upload,LET Secondary Special Needs Education Q&A. Correct answer sourced from PDF answer key.
334,9,1,SPECIAL NEEDS ED. PART 7.pdf,/Users/lyndon/All reviewers/-LET REVIEWER 2026/C. MAJOR SUBJECTS/J. SPECIAL NEEDS EDUCATION/SPECIAL NEEDS ED. PART 7.pdf,A functional curriculum primarily focuses on:,,,Daily living and practical skills ✅,,Academic competition,,Theoretical concepts,,Test preparation Comprehensive LET Reviewer 2025/2026 LOVE Teach PH Reviewer,,,,A,Correct answer sourced from the PDF answer key: A.,LET Secondary,Special Needs Education,Special Needs Education,3,No,,0.96,Ready for Upload,LET Secondary Special Needs Education Q&A. Correct answer sourced from PDF answer key.
335,10,2,SPECIAL NEEDS ED. PART 7.pdf,/Users/lyndon/All reviewers/-LET REVIEWER 2026/C. MAJOR SUBJECTS/J. SPECIAL NEEDS EDUCATION/SPECIAL NEEDS ED. PART 7.pdf,Peer tutoring in inclusive classrooms helps:,,,Foster cooperation and social skills ✅,,Create competition,,Encourage dependence,,Isolate learners,,,,A,Correct answer sourced from the PDF answer key: A.,LET Secondary,Special Needs Education,Special Needs Education,3,No,,0.96,Ready for Upload,LET Secondary Special Needs Education Q&A. Correct answer sourced from PDF answer key.
336,11,2,SPECIAL NEEDS ED. PART 7.pdf,/Users/lyndon/All reviewers/-LET REVIEWER 2026/C. MAJOR SUBJECTS/J. SPECIAL NEEDS EDUCATION/SPECIAL NEEDS ED. PART 7.pdf,Which activity best supports kinesthetic learners?,,,Hands-on experiments ✅,,Watching a film,,Listening to lectures,,Reading quietly,,,,A,Correct answer sourced from the PDF answer key: A.,LET Secondary,Special Needs Education,Special Needs Education,3,No,,0.96,Ready for Upload,LET Secondary Special Needs Education Q&A. Correct answer sourced from PDF answer key.
337,12,2,SPECIAL NEEDS ED. PART 7.pdf,/Users/lyndon/All reviewers/-LET REVIEWER 2026/C. MAJOR SUBJECTS/J. SPECIAL NEEDS EDUCATION/SPECIAL NEEDS ED. PART 7.pdf,The main purpose of individualized instruction is to:,,,Address unique learning paces and needs ✅,,Rank learners by ability,,Apply group learning only,,Enforce uniform tasks,,,,A,Correct answer sourced from the PDF answer key: A.,LET Secondary,Special Needs Education,Special Needs Education,3,No,,0.96,Ready for Upload,LET Secondary Special Needs Education Q&A. Correct answer sourced from PDF answer key.
338,13,2,SPECIAL NEEDS ED. PART 7.pdf,/Users/lyndon/All reviewers/-LET REVIEWER 2026/C. MAJOR SUBJECTS/J. SPECIAL NEEDS EDUCATION/SPECIAL NEEDS ED. PART 7.pdf,Cooperative learning is most effective because it:,,,Encourages teamwork and shared learning ✅,,Emphasizes competition,,Focuses on teacher-led discussion,,Promotes solitary work,,,,A,Correct answer sourced from the PDF answer key: A.,LET Secondary,Special Needs Education,Special Needs Education,3,No,,0.96,Ready for Upload,LET Secondary Special Needs Education Q&A. Correct answer sourced from PDF answer key.
339,14,2,SPECIAL NEEDS ED. PART 7.pdf,/Users/lyndon/All reviewers/-LET REVIEWER 2026/C. MAJOR SUBJECTS/J. SPECIAL NEEDS EDUCATION/SPECIAL NEEDS ED. PART 7.pdf,The best visual support for a non-verbal learner is:,,,Picture Exchange Communication System (PECS) ✅,,Oral repetition,,Reading aloud,,Written directions only,,,,A,Correct answer sourced from the PDF answer key: A.,LET Secondary,Special Needs Education,Special Needs Education,3,No,,0.96,Ready for Upload,LET Secondary Special Needs Education Q&A. Correct answer sourced from PDF answer key.
340,15,2,SPECIAL NEEDS ED. PART 7.pdf,/Users/lyndon/All reviewers/-LET REVIEWER 2026/C. MAJOR SUBJECTS/J. SPECIAL NEEDS EDUCATION/SPECIAL NEEDS ED. PART 7.pdf,"When planning adaptations, the teacher must first identify:",,,The learner’s strengths and needs ✅,,The principal’s preferences,,Parent requests,,Curriculum length,,,,A,Correct answer sourced from the PDF answer key: A.,LET Secondary,Special Needs Education,Special Needs Education,3,No,,0.96,Ready for Upload,LET Secondary Special Needs Education Q&A. Correct answer sourced from PDF answer key.
341,16,2,SPECIAL NEEDS ED. PART 7.pdf,/Users/lyndon/All reviewers/-LET REVIEWER 2026/C. MAJOR SUBJECTS/J. SPECIAL NEEDS EDUCATION/SPECIAL NEEDS ED. PART 7.pdf,Which instructional approach supports inclusion?,,,Co-teaching and collaboration ✅,,Teacher isolation,,Segregated instruction,,Lecture-only teaching,,,,A,Correct answer sourced from the PDF answer key: A.,LET Secondary,Special Needs Education,Special Needs Education,3,No,,0.96,Ready for Upload,LET Secondary Special Needs Education Q&A. Correct answer sourced from PDF answer key.
342,17,2,SPECIAL NEEDS ED. PART 7.pdf,/Users/lyndon/All reviewers/-LET REVIEWER 2026/C. MAJOR SUBJECTS/J. SPECIAL NEEDS EDUCATION/SPECIAL NEEDS ED. PART 7.pdf,A teacher uses storyboards and visuals to explain lessons. This benefits which type of learner?,,,Visual learner ✅,,Auditory learner,,Kinesthetic learner,,Analytical learner,,,,A,Correct answer sourced from the PDF answer key: A.,LET Secondary,Special Needs Education,Special Needs Education,3,No,,0.96,Ready for Upload,LET Secondary Special Needs Education Q&A. Correct answer sourced from PDF answer key.
343,18,2,SPECIAL NEEDS ED. PART 7.pdf,/Users/lyndon/All reviewers/-LET REVIEWER 2026/C. MAJOR SUBJECTS/J. SPECIAL NEEDS EDUCATION/SPECIAL NEEDS ED. PART 7.pdf,The most effective method in teaching life skills to learners with intellectual disabilities is:,,,Direct instruction using task analysis ✅,,Long written reports,,Abstract lectures,,Pure memorization,,,,A,Correct answer sourced from the PDF answer key: A.,LET Secondary,Special Needs Education,Special Needs Education,3,No,,0.96,Ready for Upload,LET Secondary Special Needs Education Q&A. Correct answer sourced from PDF answer key.
344,19,2,SPECIAL NEEDS ED. PART 7.pdf,/Users/lyndon/All reviewers/-LET REVIEWER 2026/C. MAJOR SUBJECTS/J. SPECIAL NEEDS EDUCATION/SPECIAL NEEDS ED. PART 7.pdf,The first step in curriculum adaptation is:,,,Assessing learner needs ✅,,Choosing teaching aids,,Creating lesson plans,,Setting classroom rules,,,,A,Correct answer sourced from the PDF answer key: A.,LET Secondary,Special Needs Education,Special Needs Education,3,No,,0.96,Ready for Upload,LET Secondary Special Needs Education Q&A. Correct answer sourced from PDF answer key.
345,20,2,SPECIAL NEEDS ED. PART 7.pdf,/Users/lyndon/All reviewers/-LET REVIEWER 2026/C. MAJOR SUBJECTS/J. SPECIAL NEEDS EDUCATION/SPECIAL NEEDS ED. PART 7.pdf,The most effective classroom behavior strategy is:,,,Consistent positive reinforcement ✅,,Strict punishment,,Ignoring misconduct,,Yelling or scolding,,,,A,Correct answer sourced from the PDF answer key: A.,LET Secondary,Special Needs Education,Special Needs Education,3,No,,0.96,Ready for Upload,LET Secondary Special Needs Education Q&A. Correct answer sourced from PDF answer key.
346,21,2,SPECIAL NEEDS ED. PART 7.pdf,/Users/lyndon/All reviewers/-LET REVIEWER 2026/C. MAJOR SUBJECTS/J. SPECIAL NEEDS EDUCATION/SPECIAL NEEDS ED. PART 7.pdf,Scaffolding means:,,,Providing temporary support to help learners master skills ✅ Comprehensive LET Reviewer 2025/2026 LOVE Teach PH Reviewer,,Giving permanent help,,Allowing total independence,,Repeating tasks without feedback,,,,A,Correct answer sourced from the PDF answer key: A.,LET Secondary,Special Needs Education,Special Needs Education,3,No,,0.96,Ready for Upload,LET Secondary Special Needs Education Q&A. Correct answer sourced from PDF answer key.
347,22,3,SPECIAL NEEDS ED. PART 7.pdf,/Users/lyndon/All reviewers/-LET REVIEWER 2026/C. MAJOR SUBJECTS/J. SPECIAL NEEDS EDUCATION/SPECIAL NEEDS ED. PART 7.pdf,The “buddy system” in inclusive education promotes:,,,Social interaction and peer support ✅,,Competition,,Isolation,,Overdependence,,,,A,Correct answer sourced from the PDF answer key: A.,LET Secondary,Special Needs Education,Special Needs Education,3,No,,0.96,Ready for Upload,LET Secondary Special Needs Education Q&A. Correct answer sourced from PDF answer key.
348,23,3,SPECIAL NEEDS ED. PART 7.pdf,/Users/lyndon/All reviewers/-LET REVIEWER 2026/C. MAJOR SUBJECTS/J. SPECIAL NEEDS EDUCATION/SPECIAL NEEDS ED. PART 7.pdf,An inclusive classroom is characterized by:,,,Respect for diversity and learner differences ✅,,Grouping only by ability,,Uniform lessons,,Labeling of learners,,,,A,Correct answer sourced from the PDF answer key: A.,LET Secondary,Special Needs Education,Special Needs Education,3,No,,0.96,Ready for Upload,LET Secondary Special Needs Education Q&A. Correct answer sourced from PDF answer key.
349,24,3,SPECIAL NEEDS ED. PART 7.pdf,/Users/lyndon/All reviewers/-LET REVIEWER 2026/C. MAJOR SUBJECTS/J. SPECIAL NEEDS EDUCATION/SPECIAL NEEDS ED. PART 7.pdf,The main purpose of assistive technology is to:,,,Enhance access and participation in learning ✅,,Replace teachers,,Make tasks harder,,Encourage competition,,,,A,Correct answer sourced from the PDF answer key: A.,LET Secondary,Special Needs Education,Special Needs Education,3,No,,0.96,Ready for Upload,LET Secondary Special Needs Education Q&A. Correct answer sourced from PDF answer key.
350,25,3,SPECIAL NEEDS ED. PART 7.pdf,/Users/lyndon/All reviewers/-LET REVIEWER 2026/C. MAJOR SUBJECTS/J. SPECIAL NEEDS EDUCATION/SPECIAL NEEDS ED. PART 7.pdf,Role-playing is useful in SPED because it:,,,Develops communication and social skills ✅,,Promotes competition,,Discourages expression,,Focuses on memorization,,,,A,Correct answer sourced from the PDF answer key: A.,LET Secondary,Special Needs Education,Special Needs Education,3,No,,0.96,Ready for Upload,LET Secondary Special Needs Education Q&A. Correct answer sourced from PDF answer key.
351,26,3,SPECIAL NEEDS ED. PART 7.pdf,/Users/lyndon/All reviewers/-LET REVIEWER 2026/C. MAJOR SUBJECTS/J. SPECIAL NEEDS EDUCATION/SPECIAL NEEDS ED. PART 7.pdf,A learner with ADHD benefits most from:,,,Structured routines and movement breaks ✅,,Long lectures,,Monotonous seatwork,,Repetitive reading,,,,A,Correct answer sourced from the PDF answer key: A.,LET Secondary,Special Needs Education,Special Needs Education,3,No,,0.96,Ready for Upload,LET Secondary Special Needs Education Q&A. Correct answer sourced from PDF answer key.
352,27,3,SPECIAL NEEDS ED. PART 7.pdf,/Users/lyndon/All reviewers/-LET REVIEWER 2026/C. MAJOR SUBJECTS/J. SPECIAL NEEDS EDUCATION/SPECIAL NEEDS ED. PART 7.pdf,Using real objects during instruction is an example of:,,,Concrete learning ✅,,Abstract teaching,,Theoretical instruction,,Simulation,,,,A,Correct answer sourced from the PDF answer key: A.,LET Secondary,Special Needs Education,Special Needs Education,3,No,,0.96,Ready for Upload,LET Secondary Special Needs Education Q&A. Correct answer sourced from PDF answer key.
353,28,3,SPECIAL NEEDS ED. PART 7.pdf,/Users/lyndon/All reviewers/-LET REVIEWER 2026/C. MAJOR SUBJECTS/J. SPECIAL NEEDS EDUCATION/SPECIAL NEEDS ED. PART 7.pdf,Task analysis helps teachers to:,,,"Break tasks into smaller, manageable steps ✅",,Assign all tasks at once,,Eliminate assessment,,Focus only on outcomes,,,,A,Correct answer sourced from the PDF answer key: A.,LET Secondary,Special Needs Education,Special Needs Education,3,No,,0.96,Ready for Upload,LET Secondary Special Needs Education Q&A. Correct answer sourced from PDF answer key.
354,29,3,SPECIAL NEEDS ED. PART 7.pdf,/Users/lyndon/All reviewers/-LET REVIEWER 2026/C. MAJOR SUBJECTS/J. SPECIAL NEEDS EDUCATION/SPECIAL NEEDS ED. PART 7.pdf,The approach that promotes discovery and exploration is:,,,Inquiry-based learning ✅,,Rote learning,,Memorization,,Dictation,,,,A,Correct answer sourced from the PDF answer key: A.,LET Secondary,Special Needs Education,Special Needs Education,3,No,,0.96,Ready for Upload,LET Secondary Special Needs Education Q&A. Correct answer sourced from PDF answer key.
355,30,3,SPECIAL NEEDS ED. PART 7.pdf,/Users/lyndon/All reviewers/-LET REVIEWER 2026/C. MAJOR SUBJECTS/J. SPECIAL NEEDS EDUCATION/SPECIAL NEEDS ED. PART 7.pdf,Strengthening desired behavior by giving rewards is:,,,Punishment,,Extinction,,Negative reinforcement,,Positive reinforcement ✅,,,,A,Correct answer sourced from the PDF answer key: A.,LET Secondary,Special Needs Education,Special Needs Education,3,No,,0.96,Ready for Upload,LET Secondary Special Needs Education Q&A. Correct answer sourced from PDF answer key.
356,31,3,SPECIAL NEEDS ED. PART 7.pdf,/Users/lyndon/All reviewers/-LET REVIEWER 2026/C. MAJOR SUBJECTS/J. SPECIAL NEEDS EDUCATION/SPECIAL NEEDS ED. PART 7.pdf,"To sustain attention, teachers should:",,,Use varied activities and stimuli ✅,,Keep lessons monotonous,,Avoid visuals,,Extend seatwork time,,,,A,Correct answer sourced from the PDF answer key: A.,LET Secondary,Special Needs Education,Special Needs Education,3,No,,0.96,Ready for Upload,LET Secondary Special Needs Education Q&A. Correct answer sourced from PDF answer key.
357,32,3,SPECIAL NEEDS ED. PART 7.pdf,/Users/lyndon/All reviewers/-LET REVIEWER 2026/C. MAJOR SUBJECTS/J. SPECIAL NEEDS EDUCATION/SPECIAL NEEDS ED. PART 7.pdf,The key principle in content modification is:,,,Focus on essential and functional skills ✅,,Remove academic content Comprehensive LET Reviewer 2025/2026 LOVE Teach PH Reviewer,,Increase test difficulty,,Skip life skills,,,,A,Correct answer sourced from the PDF answer key: A.,LET Secondary,Special Needs Education,Special Needs Education,3,No,,0.96,Ready for Upload,LET Secondary Special Needs Education Q&A. Correct answer sourced from PDF answer key.
358,33,4,SPECIAL NEEDS ED. PART 7.pdf,/Users/lyndon/All reviewers/-LET REVIEWER 2026/C. MAJOR SUBJECTS/J. SPECIAL NEEDS EDUCATION/SPECIAL NEEDS ED. PART 7.pdf,Simplifying language and providing vocabulary lists is:,,,Differentiation,,Enrichment,,Curriculum adaptation ✅,,Peer evaluation,,,,A,Correct answer sourced from the PDF answer key: A.,LET Secondary,Special Needs Education,Special Needs Education,3,No,,0.96,Ready for Upload,LET Secondary Special Needs Education Q&A. Correct answer sourced from PDF answer key.
359,34,4,SPECIAL NEEDS ED. PART 7.pdf,/Users/lyndon/All reviewers/-LET REVIEWER 2026/C. MAJOR SUBJECTS/J. SPECIAL NEEDS EDUCATION/SPECIAL NEEDS ED. PART 7.pdf,Grouping students by readiness means:,,,Matching tasks with learner ability ✅,,Assigning uniform tasks,,Ignoring differences,,Using one strategy only,,,,A,Correct answer sourced from the PDF answer key: A.,LET Secondary,Special Needs Education,Special Needs Education,3,No,,0.96,Ready for Upload,LET Secondary Special Needs Education Q&A. Correct answer sourced from PDF answer key.
360,35,4,SPECIAL NEEDS ED. PART 7.pdf,/Users/lyndon/All reviewers/-LET REVIEWER 2026/C. MAJOR SUBJECTS/J. SPECIAL NEEDS EDUCATION/SPECIAL NEEDS ED. PART 7.pdf,Teaching self-help and daily living skills falls under:,,,Functional curriculum ✅,,Academic curriculum,,Enrichment program,,Theoretical approach,,,,A,Correct answer sourced from the PDF answer key: A.,LET Secondary,Special Needs Education,Special Needs Education,3,No,,0.96,Ready for Upload,LET Secondary Special Needs Education Q&A. Correct answer sourced from PDF answer key.
361,36,4,SPECIAL NEEDS ED. PART 7.pdf,/Users/lyndon/All reviewers/-LET REVIEWER 2026/C. MAJOR SUBJECTS/J. SPECIAL NEEDS EDUCATION/SPECIAL NEEDS ED. PART 7.pdf,Cooperative learning helps SPED learners by:,,,Building confidence and collaboration ✅,,Promoting isolation,,Discouraging participation,,Focusing on individual tasks,,,,A,Correct answer sourced from the PDF answer key: A.,LET Secondary,Special Needs Education,Special Needs Education,3,No,,0.96,Ready for Upload,LET Secondary Special Needs Education Q&A. Correct answer sourced from PDF answer key.
362,37,4,SPECIAL NEEDS ED. PART 7.pdf,/Users/lyndon/All reviewers/-LET REVIEWER 2026/C. MAJOR SUBJECTS/J. SPECIAL NEEDS EDUCATION/SPECIAL NEEDS ED. PART 7.pdf,Providing enlarged print for low vision learners is:,,,Visual accommodation ✅,,Verbal reinforcement,,Peer assessment,,Curriculum modification,,,,A,Correct answer sourced from the PDF answer key: A.,LET Secondary,Special Needs Education,Special Needs Education,3,No,,0.96,Ready for Upload,LET Secondary Special Needs Education Q&A. Correct answer sourced from PDF answer key.
363,38,4,SPECIAL NEEDS ED. PART 7.pdf,/Users/lyndon/All reviewers/-LET REVIEWER 2026/C. MAJOR SUBJECTS/J. SPECIAL NEEDS EDUCATION/SPECIAL NEEDS ED. PART 7.pdf,The goal of instructional adaptation is to:,,,Ensure equal access to learning ✅,,Keep all instruction uniform,,Focus on one style,,Increase lesson quantity,,,,A,Correct answer sourced from the PDF answer key: A.,LET Secondary,Special Needs Education,Special Needs Education,3,No,,0.96,Ready for Upload,LET Secondary Special Needs Education Q&A. Correct answer sourced from PDF answer key.
364,39,4,SPECIAL NEEDS ED. PART 7.pdf,/Users/lyndon/All reviewers/-LET REVIEWER 2026/C. MAJOR SUBJECTS/J. SPECIAL NEEDS EDUCATION/SPECIAL NEEDS ED. PART 7.pdf,Flashcards and visuals mainly benefit:,,,Visual learners ✅,,Auditory learners,,Kinesthetic learners,,Logical thinkers,,,,A,Correct answer sourced from the PDF answer key: A.,LET Secondary,Special Needs Education,Special Needs Education,3,No,,0.96,Ready for Upload,LET Secondary Special Needs Education Q&A. Correct answer sourced from PDF answer key.
365,40,4,SPECIAL NEEDS ED. PART 7.pdf,/Users/lyndon/All reviewers/-LET REVIEWER 2026/C. MAJOR SUBJECTS/J. SPECIAL NEEDS EDUCATION/SPECIAL NEEDS ED. PART 7.pdf,Adjusting teaching methods to meet learner needs is:,,,Differentiated instruction ✅,,Standardized teaching,,Uniform approach,,Traditional method,,,,A,Correct answer sourced from the PDF answer key: A.,LET Secondary,Special Needs Education,Special Needs Education,3,No,,0.96,Ready for Upload,LET Secondary Special Needs Education Q&A. Correct answer sourced from PDF answer key.
366,41,4,SPECIAL NEEDS ED. PART 7.pdf,/Users/lyndon/All reviewers/-LET REVIEWER 2026/C. MAJOR SUBJECTS/J. SPECIAL NEEDS EDUCATION/SPECIAL NEEDS ED. PART 7.pdf,The best approach for teaching communication to children with speech delays is:,,,Oral drills,,Silent reading,,Dictation,,Augmentative and Alternative Communication (AAC) ✅,,,,D,Correct answer sourced from the PDF answer key: D.,LET Secondary,Special Needs Education,Special Needs Education,3,No,,0.96,Ready for Upload,LET Secondary Special Needs Education Q&A. Correct answer sourced from PDF answer key.
367,42,4,SPECIAL NEEDS ED. PART 7.pdf,/Users/lyndon/All reviewers/-LET REVIEWER 2026/C. MAJOR SUBJECTS/J. SPECIAL NEEDS EDUCATION/SPECIAL NEEDS ED. PART 7.pdf,Cooperative learning in inclusive classrooms helps:,,,Encourage teamwork and mutual support ✅,,Promote grading competition,,Limit peer interaction,,Divide learners,,,,A,Correct answer sourced from the PDF answer key: A.,LET Secondary,Special Needs Education,Special Needs Education,3,No,,0.96,Ready for Upload,LET Secondary Special Needs Education Q&A. Correct answer sourced from PDF answer key.
368,43,4,SPECIAL NEEDS ED. PART 7.pdf,/Users/lyndon/All reviewers/-LET REVIEWER 2026/C. MAJOR SUBJECTS/J. SPECIAL NEEDS EDUCATION/SPECIAL NEEDS ED. PART 7.pdf,Curriculum enrichment means:,,,Adding challenging activities for advanced learners ✅,,Removing complex topics,,Simplifying lessons,,Limiting exploration Comprehensive LET Reviewer 2025/2026 LOVE Teach PH Reviewer,,,,A,Correct answer sourced from the PDF answer key: A.,LET Secondary,Special Needs Education,Special Needs Education,3,No,,0.96,Ready for Upload,LET Secondary Special Needs Education Q&A. Correct answer sourced from PDF answer key.
369,44,5,SPECIAL NEEDS ED. PART 7.pdf,/Users/lyndon/All reviewers/-LET REVIEWER 2026/C. MAJOR SUBJECTS/J. SPECIAL NEEDS EDUCATION/SPECIAL NEEDS ED. PART 7.pdf,The “multisensory approach” means:,,,Engaging more than one sense during learning ✅,,Focusing only on hearing,,Avoiding visuals,,Using reading only,,,,A,Correct answer sourced from the PDF answer key: A.,LET Secondary,Special Needs Education,Special Needs Education,3,No,,0.96,Ready for Upload,LET Secondary Special Needs Education Q&A. Correct answer sourced from PDF answer key.
370,45,5,SPECIAL NEEDS ED. PART 7.pdf,/Users/lyndon/All reviewers/-LET REVIEWER 2026/C. MAJOR SUBJECTS/J. SPECIAL NEEDS EDUCATION/SPECIAL NEEDS ED. PART 7.pdf,Graphic organizers help learners by:,,,Simplifying and visualizing ideas ✅,,Replacing teacher explanation,,Testing comprehension,,Encouraging guessing,,,,A,Correct answer sourced from the PDF answer key: A.,LET Secondary,Special Needs Education,Special Needs Education,3,No,,0.96,Ready for Upload,LET Secondary Special Needs Education Q&A. Correct answer sourced from PDF answer key.
371,46,5,SPECIAL NEEDS ED. PART 7.pdf,/Users/lyndon/All reviewers/-LET REVIEWER 2026/C. MAJOR SUBJECTS/J. SPECIAL NEEDS EDUCATION/SPECIAL NEEDS ED. PART 7.pdf,Managing diverse SPED classrooms effectively involves:,,,Flexible grouping and differentiated activities ✅,,Fixed seating arrangements,,Uniform grading,,Lecture-only instruction,,,,A,Correct answer sourced from the PDF answer key: A.,LET Secondary,Special Needs Education,Special Needs Education,3,No,,0.96,Ready for Upload,LET Secondary Special Needs Education Q&A. Correct answer sourced from PDF answer key.
372,47,5,SPECIAL NEEDS ED. PART 7.pdf,/Users/lyndon/All reviewers/-LET REVIEWER 2026/C. MAJOR SUBJECTS/J. SPECIAL NEEDS EDUCATION/SPECIAL NEEDS ED. PART 7.pdf,"When teaching cooking, budgeting, and self-care, the curriculum is:",,,Functional ✅,,Academic,,Theoretical,,Core-based,,,,A,Correct answer sourced from the PDF answer key: A.,LET Secondary,Special Needs Education,Special Needs Education,3,No,,0.96,Ready for Upload,LET Secondary Special Needs Education Q&A. Correct answer sourced from PDF answer key.
373,48,5,SPECIAL NEEDS ED. PART 7.pdf,/Users/lyndon/All reviewers/-LET REVIEWER 2026/C. MAJOR SUBJECTS/J. SPECIAL NEEDS EDUCATION/SPECIAL NEEDS ED. PART 7.pdf,Providing extra time for a task is a form of:,,,Accommodation ✅,,Modification,,Enrichment,,Evaluation,,,,A,Correct answer sourced from the PDF answer key: A.,LET Secondary,Special Needs Education,Special Needs Education,3,No,,0.96,Ready for Upload,LET Secondary Special Needs Education Q&A. Correct answer sourced from PDF answer key.
374,49,5,SPECIAL NEEDS ED. PART 7.pdf,/Users/lyndon/All reviewers/-LET REVIEWER 2026/C. MAJOR SUBJECTS/J. SPECIAL NEEDS EDUCATION/SPECIAL NEEDS ED. PART 7.pdf,“Learning by doing” is emphasized in:,,,Experiential learning ✅,,Memorization,,Lecture method,,Discussion,,,,A,Correct answer sourced from the PDF answer key: A.,LET Secondary,Special Needs Education,Special Needs Education,3,No,,0.96,Ready for Upload,LET Secondary Special Needs Education Q&A. Correct answer sourced from PDF answer key.
375,50,5,SPECIAL NEEDS ED. PART 7.pdf,/Users/lyndon/All reviewers/-LET REVIEWER 2026/C. MAJOR SUBJECTS/J. SPECIAL NEEDS EDUCATION/SPECIAL NEEDS ED. PART 7.pdf,Adjusting learning goals based on ability is:,,,Modification ✅,,Accommodation,,Enrichment,,Evaluation Comprehensive LET Reviewer 2025/2026 LOVE Teach PH Reviewer LET Reviewer Special Needs Education Part 7 2025/2026,,,,A,Correct answer sourced from the PDF answer key: A.,LET Secondary,Special Needs Education,Special Needs Education,3,No,,0.96,Ready for Upload,LET Secondary Special Needs Education Q&A. Correct answer sourced from PDF answer key.
376,1,1,SPECIAL NEEDS ED. PART 8.pdf,/Users/lyndon/All reviewers/-LET REVIEWER 2026/C. MAJOR SUBJECTS/J. SPECIAL NEEDS EDUCATION/SPECIAL NEEDS ED. PART 8.pdf,The main purpose of screening in SPED is to:,,,Provide immediate intervention,,Identify learners who may need further assessment,,Classify learners permanently,,Grade learners academically,,,,B,Correct answer sourced from the PDF answer key: B.,LET Secondary,Special Needs Education,Special Needs Education,3,No,,0.96,Ready for Upload,LET Secondary Special Needs Education Q&A. Correct answer sourced from PDF answer key.
377,2,1,SPECIAL NEEDS ED. PART 8.pdf,/Users/lyndon/All reviewers/-LET REVIEWER 2026/C. MAJOR SUBJECTS/J. SPECIAL NEEDS EDUCATION/SPECIAL NEEDS ED. PART 8.pdf,Which best describes a diagnostic assessment?,,,Measures end-of-year performance,,Identifies specific learning difficulties and strengths,,Provides a letter grade,,Focuses on group comparison,,,,B,Correct answer sourced from the PDF answer key: B.,LET Secondary,Special Needs Education,Special Needs Education,3,No,,0.96,Ready for Upload,LET Secondary Special Needs Education Q&A. Correct answer sourced from PDF answer key.
378,3,1,SPECIAL NEEDS ED. PART 8.pdf,/Users/lyndon/All reviewers/-LET REVIEWER 2026/C. MAJOR SUBJECTS/J. SPECIAL NEEDS EDUCATION/SPECIAL NEEDS ED. PART 8.pdf,A teacher observes a child struggling with speech sounds and refers them to a speech pathologist. This process is called:,,,Referral,,Remediation,,Accommodation,,Placement,,,,A,Correct answer sourced from the PDF answer key: A.,LET Secondary,Special Needs Education,Special Needs Education,3,No,,0.96,Ready for Upload,LET Secondary Special Needs Education Q&A. Correct answer sourced from PDF answer key.
379,4,1,SPECIAL NEEDS ED. PART 8.pdf,/Users/lyndon/All reviewers/-LET REVIEWER 2026/C. MAJOR SUBJECTS/J. SPECIAL NEEDS EDUCATION/SPECIAL NEEDS ED. PART 8.pdf,A functional behavioral assessment (FBA) is primarily used to:,,,Measure intelligence,,Determine causes of specific behaviors,,Evaluate academic scores,,Assess fine motor skills,,,,B,Correct answer sourced from the PDF answer key: B.,LET Secondary,Special Needs Education,Special Needs Education,3,No,,0.96,Ready for Upload,LET Secondary Special Needs Education Q&A. Correct answer sourced from PDF answer key.
380,5,1,SPECIAL NEEDS ED. PART 8.pdf,/Users/lyndon/All reviewers/-LET REVIEWER 2026/C. MAJOR SUBJECTS/J. SPECIAL NEEDS EDUCATION/SPECIAL NEEDS ED. PART 8.pdf,The best tool to gather background information about a learner is:,,,Portfolio,,Interview and case history,,Achievement test,,Rubric,,,,B,Correct answer sourced from the PDF answer key: B.,LET Secondary,Special Needs Education,Special Needs Education,3,No,,0.96,Ready for Upload,LET Secondary Special Needs Education Q&A. Correct answer sourced from PDF answer key.
381,6,1,SPECIAL NEEDS ED. PART 8.pdf,/Users/lyndon/All reviewers/-LET REVIEWER 2026/C. MAJOR SUBJECTS/J. SPECIAL NEEDS EDUCATION/SPECIAL NEEDS ED. PART 8.pdf,Which type of test measures what a learner has learned in class?,,,Aptitude test,,Achievement test,,Diagnostic test,,Screening tool,,,,B,Correct answer sourced from the PDF answer key: B.,LET Secondary,Special Needs Education,Special Needs Education,3,No,,0.96,Ready for Upload,LET Secondary Special Needs Education Q&A. Correct answer sourced from PDF answer key.
382,7,1,SPECIAL NEEDS ED. PART 8.pdf,/Users/lyndon/All reviewers/-LET REVIEWER 2026/C. MAJOR SUBJECTS/J. SPECIAL NEEDS EDUCATION/SPECIAL NEEDS ED. PART 8.pdf,The result of an individualized assessment is used to:,,,Develop an Individualized Education Program (IEP),,Assign grades,,Compare learners,,Exclude learners,,,,A,Correct answer sourced from the PDF answer key: A.,LET Secondary,Special Needs Education,Special Needs Education,3,No,,0.96,Ready for Upload,LET Secondary Special Needs Education Q&A. Correct answer sourced from PDF answer key.
383,8,1,SPECIAL NEEDS ED. PART 8.pdf,/Users/lyndon/All reviewers/-LET REVIEWER 2026/C. MAJOR SUBJECTS/J. SPECIAL NEEDS EDUCATION/SPECIAL NEEDS ED. PART 8.pdf,A teacher records a child’s classroom behavior daily. This practice is called:,,,Observation,,Standardized testing,,Norm referencing,,Evaluation,,,,A,Correct answer sourced from the PDF answer key: A.,LET Secondary,Special Needs Education,Special Needs Education,3,No,,0.96,Ready for Upload,LET Secondary Special Needs Education Q&A. Correct answer sourced from PDF answer key.
384,9,1,SPECIAL NEEDS ED. PART 8.pdf,/Users/lyndon/All reviewers/-LET REVIEWER 2026/C. MAJOR SUBJECTS/J. SPECIAL NEEDS EDUCATION/SPECIAL NEEDS ED. PART 8.pdf,A multidisciplinary team evaluates a child to determine eligibility for special education. The final decision must be:,,,Based on collective input and data,,Made solely by the teacher,,Decided by the parents alone,,Based on a single test result,,,,A,Correct answer sourced from the PDF answer key: A.,LET Secondary,Special Needs Education,Special Needs Education,3,No,,0.96,Ready for Upload,LET Secondary Special Needs Education Q&A. Correct answer sourced from PDF answer key.
385,10,1,SPECIAL NEEDS ED. PART 8.pdf,/Users/lyndon/All reviewers/-LET REVIEWER 2026/C. MAJOR SUBJECTS/J. SPECIAL NEEDS EDUCATION/SPECIAL NEEDS ED. PART 8.pdf,Informal assessment includes all EXCEPT:,,,Anecdotal records,,Portfolio review Comprehensive LET Reviewer 2025/2026 LOVE Teach PH Reviewer,,Checklists,,Standardized tests,,,,D,Correct answer sourced from the PDF answer key: D.,LET Secondary,Special Needs Education,Special Needs Education,3,No,,0.96,Ready for Upload,LET Secondary Special Needs Education Q&A. Correct answer sourced from PDF answer key.
386,11,2,SPECIAL NEEDS ED. PART 8.pdf,/Users/lyndon/All reviewers/-LET REVIEWER 2026/C. MAJOR SUBJECTS/J. SPECIAL NEEDS EDUCATION/SPECIAL NEEDS ED. PART 8.pdf,A norm-referenced test compares a learner’s performance to:,,,A fixed standard,,A group average,,The learner’s previous performance,,Teacher expectations,,,,B,Correct answer sourced from the PDF answer key: B.,LET Secondary,Special Needs Education,Special Needs Education,3,No,,0.96,Ready for Upload,LET Secondary Special Needs Education Q&A. Correct answer sourced from PDF answer key.
387,12,2,SPECIAL NEEDS ED. PART 8.pdf,/Users/lyndon/All reviewers/-LET REVIEWER 2026/C. MAJOR SUBJECTS/J. SPECIAL NEEDS EDUCATION/SPECIAL NEEDS ED. PART 8.pdf,The main advantage of criterion-referenced assessment is that it:,,,Compares learners,,Evaluates mastery of specific skills,,Measures group norms,,Focuses on personality traits,,,,B,Correct answer sourced from the PDF answer key: B.,LET Secondary,Special Needs Education,Special Needs Education,3,No,,0.96,Ready for Upload,LET Secondary Special Needs Education Q&A. Correct answer sourced from PDF answer key.
388,13,2,SPECIAL NEEDS ED. PART 8.pdf,/Users/lyndon/All reviewers/-LET REVIEWER 2026/C. MAJOR SUBJECTS/J. SPECIAL NEEDS EDUCATION/SPECIAL NEEDS ED. PART 8.pdf,The IEP team should meet to review a student’s progress at least:,,,Once a month,,Once a year,,Every two years,,Every semester,,,,B,Correct answer sourced from the PDF answer key: B.,LET Secondary,Special Needs Education,Special Needs Education,3,No,,0.96,Ready for Upload,LET Secondary Special Needs Education Q&A. Correct answer sourced from PDF answer key.
389,14,2,SPECIAL NEEDS ED. PART 8.pdf,/Users/lyndon/All reviewers/-LET REVIEWER 2026/C. MAJOR SUBJECTS/J. SPECIAL NEEDS EDUCATION/SPECIAL NEEDS ED. PART 8.pdf,Which assessment tool is most suitable for evaluating a learner’s daily living skills?,,,Functional checklist,,IQ test,,Written examination,,Aptitude test,,,,A,Correct answer sourced from the PDF answer key: A.,LET Secondary,Special Needs Education,Special Needs Education,3,No,,0.96,Ready for Upload,LET Secondary Special Needs Education Q&A. Correct answer sourced from PDF answer key.
390,15,2,SPECIAL NEEDS ED. PART 8.pdf,/Users/lyndon/All reviewers/-LET REVIEWER 2026/C. MAJOR SUBJECTS/J. SPECIAL NEEDS EDUCATION/SPECIAL NEEDS ED. PART 8.pdf,A teacher giving a reading inventory test before a lesson is conducting a:,,,Summative assessment,,Diagnostic assessment,,Formative assessment,,Placement test,,,,B,Correct answer sourced from the PDF answer key: B.,LET Secondary,Special Needs Education,Special Needs Education,3,No,,0.96,Ready for Upload,LET Secondary Special Needs Education Q&A. Correct answer sourced from PDF answer key.
391,16,2,SPECIAL NEEDS ED. PART 8.pdf,/Users/lyndon/All reviewers/-LET REVIEWER 2026/C. MAJOR SUBJECTS/J. SPECIAL NEEDS EDUCATION/SPECIAL NEEDS ED. PART 8.pdf,Standardized assessments are primarily designed to:,,,Measure performance using uniform procedures,,Encourage creativity,,Replace teacher observation,,Avoid comparison,,,,A,Correct answer sourced from the PDF answer key: A.,LET Secondary,Special Needs Education,Special Needs Education,3,No,,0.96,Ready for Upload,LET Secondary Special Needs Education Q&A. Correct answer sourced from PDF answer key.
392,17,2,SPECIAL NEEDS ED. PART 8.pdf,/Users/lyndon/All reviewers/-LET REVIEWER 2026/C. MAJOR SUBJECTS/J. SPECIAL NEEDS EDUCATION/SPECIAL NEEDS ED. PART 8.pdf,The most appropriate person to interpret a psychological test is the:,,,SPED teacher,,Guidance counselor,,Licensed psychologist,,Parent,,,,C,Correct answer sourced from the PDF answer key: C.,LET Secondary,Special Needs Education,Special Needs Education,3,No,,0.96,Ready for Upload,LET Secondary Special Needs Education Q&A. Correct answer sourced from PDF answer key.
393,18,2,SPECIAL NEEDS ED. PART 8.pdf,/Users/lyndon/All reviewers/-LET REVIEWER 2026/C. MAJOR SUBJECTS/J. SPECIAL NEEDS EDUCATION/SPECIAL NEEDS ED. PART 8.pdf,Which is the most ethical practice in SPED assessment?,,,Using a variety of assessment tools,,Using one test for all learners,,Testing without parental consent,,Releasing results publicly,,,,A,Correct answer sourced from the PDF answer key: A.,LET Secondary,Special Needs Education,Special Needs Education,3,No,,0.96,Ready for Upload,LET Secondary Special Needs Education Q&A. Correct answer sourced from PDF answer key.
394,19,2,SPECIAL NEEDS ED. PART 8.pdf,/Users/lyndon/All reviewers/-LET REVIEWER 2026/C. MAJOR SUBJECTS/J. SPECIAL NEEDS EDUCATION/SPECIAL NEEDS ED. PART 8.pdf,Continuous assessment helps teachers:,,,Monitor progress and adjust instruction,,Eliminate learners with difficulties,,Focus on test results only,,Compare students unfairly,,,,A,Correct answer sourced from the PDF answer key: A.,LET Secondary,Special Needs Education,Special Needs Education,3,No,,0.96,Ready for Upload,LET Secondary Special Needs Education Q&A. Correct answer sourced from PDF answer key.
395,20,2,SPECIAL NEEDS ED. PART 8.pdf,/Users/lyndon/All reviewers/-LET REVIEWER 2026/C. MAJOR SUBJECTS/J. SPECIAL NEEDS EDUCATION/SPECIAL NEEDS ED. PART 8.pdf,A child who has difficulty with memory and comprehension should be assessed through:,,,Observational and performance-based methods,,Written standardized tests only,,Verbal quizzes,,Long essay exams,,,,A,Correct answer sourced from the PDF answer key: A.,LET Secondary,Special Needs Education,Special Needs Education,3,No,,0.96,Ready for Upload,LET Secondary Special Needs Education Q&A. Correct answer sourced from PDF answer key.
396,21,2,SPECIAL NEEDS ED. PART 8.pdf,/Users/lyndon/All reviewers/-LET REVIEWER 2026/C. MAJOR SUBJECTS/J. SPECIAL NEEDS EDUCATION/SPECIAL NEEDS ED. PART 8.pdf,The best assessment approach for non-verbal learners is:,,,Oral questioning,,Observation and performance tasks,,Written exams,,Peer grading,,,,B,Correct answer sourced from the PDF answer key: B.,LET Secondary,Special Needs Education,Special Needs Education,3,No,,0.96,Ready for Upload,LET Secondary Special Needs Education Q&A. Correct answer sourced from PDF answer key.
397,22,2,SPECIAL NEEDS ED. PART 8.pdf,/Users/lyndon/All reviewers/-LET REVIEWER 2026/C. MAJOR SUBJECTS/J. SPECIAL NEEDS EDUCATION/SPECIAL NEEDS ED. PART 8.pdf,Dynamic assessment focuses on:,,,Learning potential and responsiveness to instruction Comprehensive LET Reviewer 2025/2026 LOVE Teach PH Reviewer,,Static performance,,Group ranking,,Final grades,,,,A,Correct answer sourced from the PDF answer key: A.,LET Secondary,Special Needs Education,Special Needs Education,3,No,,0.96,Ready for Upload,LET Secondary Special Needs Education Q&A. Correct answer sourced from PDF answer key.
398,23,3,SPECIAL NEEDS ED. PART 8.pdf,/Users/lyndon/All reviewers/-LET REVIEWER 2026/C. MAJOR SUBJECTS/J. SPECIAL NEEDS EDUCATION/SPECIAL NEEDS ED. PART 8.pdf,The initial step before formal SPED placement is:,,,Screening,,Evaluation,,Referral,,Diagnosis,,,,A,Correct answer sourced from the PDF answer key: A.,LET Secondary,Special Needs Education,Special Needs Education,3,No,,0.96,Ready for Upload,LET Secondary Special Needs Education Q&A. Correct answer sourced from PDF answer key.
399,24,3,SPECIAL NEEDS ED. PART 8.pdf,/Users/lyndon/All reviewers/-LET REVIEWER 2026/C. MAJOR SUBJECTS/J. SPECIAL NEEDS EDUCATION/SPECIAL NEEDS ED. PART 8.pdf,Authentic assessment emphasizes:,,,Real-world application of knowledge and skills,,Memorization,,Multiple-choice exams,,Timed drills,,,,A,Correct answer sourced from the PDF answer key: A.,LET Secondary,Special Needs Education,Special Needs Education,3,No,,0.96,Ready for Upload,LET Secondary Special Needs Education Q&A. Correct answer sourced from PDF answer key.
400,25,3,SPECIAL NEEDS ED. PART 8.pdf,/Users/lyndon/All reviewers/-LET REVIEWER 2026/C. MAJOR SUBJECTS/J. SPECIAL NEEDS EDUCATION/SPECIAL NEEDS ED. PART 8.pdf,"When a child’s test results differ significantly from classroom performance, the teacher should:",,,Reassess using multiple tools,,Rely only on the test score,,Ignore classroom data,,Assume the learner is inattentive Comprehensive LET Reviewer 2025/2026 LOVE Teach PH Reviewer LET Reviewer Special Needs Education Part 8 2025/2026,,,,A,Correct answer sourced from the PDF answer key: A.,LET Secondary,Special Needs Education,Special Needs Education,3,No,,0.96,Ready for Upload,LET Secondary Special Needs Education Q&A. Correct answer sourced from PDF answer key.
401,1,1,SPECIAL NEEDS ED. PART 9.pdf,/Users/lyndon/All reviewers/-LET REVIEWER 2026/C. MAJOR SUBJECTS/J. SPECIAL NEEDS EDUCATION/SPECIAL NEEDS ED. PART 9.pdf,The primary law in the Philippines that institutionalized inclusive education for learners with disabilities is:,,,R.A. 9155,,R.A. 7277,,R.A. 10533,,R.A. 9442,,,,B,Correct answer sourced from the PDF answer key: B.,LET Secondary,Special Needs Education,Special Needs Education,3,No,,0.96,Ready for Upload,LET Secondary Special Needs Education Q&A. Correct answer sourced from PDF answer key.
402,2,1,SPECIAL NEEDS ED. PART 9.pdf,/Users/lyndon/All reviewers/-LET REVIEWER 2026/C. MAJOR SUBJECTS/J. SPECIAL NEEDS EDUCATION/SPECIAL NEEDS ED. PART 9.pdf,R.A. 7277 is known as the:,,,Magna Carta for Disabled Persons,,Education Act of 1982,,Enhanced Basic Education Act,,Inclusive Education Bill,,,,A,Correct answer sourced from the PDF answer key: A.,LET Secondary,Special Needs Education,Special Needs Education,3,No,,0.96,Ready for Upload,LET Secondary Special Needs Education Q&A. Correct answer sourced from PDF answer key.
403,3,1,SPECIAL NEEDS ED. PART 9.pdf,/Users/lyndon/All reviewers/-LET REVIEWER 2026/C. MAJOR SUBJECTS/J. SPECIAL NEEDS EDUCATION/SPECIAL NEEDS ED. PART 9.pdf,The implementing rules of R.A. 7277 ensure that learners with disabilities:,,,Are educated separately at all times,,Have access to quality education and services,,Are limited to SPED centers only,,Are excluded from public schools,,,,B,Correct answer sourced from the PDF answer key: B.,LET Secondary,Special Needs Education,Special Needs Education,3,No,,0.96,Ready for Upload,LET Secondary Special Needs Education Q&A. Correct answer sourced from PDF answer key.
404,4,1,SPECIAL NEEDS ED. PART 9.pdf,/Users/lyndon/All reviewers/-LET REVIEWER 2026/C. MAJOR SUBJECTS/J. SPECIAL NEEDS EDUCATION/SPECIAL NEEDS ED. PART 9.pdf,The SPED teacher’s code of ethics emphasizes:,,,Strict competition among learners,,Respect for individual differences and human dignity,,Equal treatment through uniform expectations,,Academic ranking,,,,B,Correct answer sourced from the PDF answer key: B.,LET Secondary,Special Needs Education,Special Needs Education,3,No,,0.96,Ready for Upload,LET Secondary Special Needs Education Q&A. Correct answer sourced from PDF answer key.
405,5,1,SPECIAL NEEDS ED. PART 9.pdf,/Users/lyndon/All reviewers/-LET REVIEWER 2026/C. MAJOR SUBJECTS/J. SPECIAL NEEDS EDUCATION/SPECIAL NEEDS ED. PART 9.pdf,"Under DepEd Order No. 72, s. 2009, inclusive education means:",,,Placing all learners in regular classes without support,,Educating all learners together with appropriate assistance,,Segregating learners by ability,,Assigning separate curricula,,,,B,Correct answer sourced from the PDF answer key: B.,LET Secondary,Special Needs Education,Special Needs Education,3,No,,0.96,Ready for Upload,LET Secondary Special Needs Education Q&A. Correct answer sourced from PDF answer key.
406,6,1,SPECIAL NEEDS ED. PART 9.pdf,/Users/lyndon/All reviewers/-LET REVIEWER 2026/C. MAJOR SUBJECTS/J. SPECIAL NEEDS EDUCATION/SPECIAL NEEDS ED. PART 9.pdf,The law that strengthens the implementation of special education programs and services in the Philippines is:,,,R.A. 7277,,"DepEd Order No. 26, s. 1997",,R.A. 10533,,"DepEd Order No. 72, s. 2009",,,,B,Correct answer sourced from the PDF answer key: B.,LET Secondary,Special Needs Education,Special Needs Education,3,No,,0.96,Ready for Upload,LET Secondary Special Needs Education Q&A. Correct answer sourced from PDF answer key.
407,7,1,SPECIAL NEEDS ED. PART 9.pdf,/Users/lyndon/All reviewers/-LET REVIEWER 2026/C. MAJOR SUBJECTS/J. SPECIAL NEEDS EDUCATION/SPECIAL NEEDS ED. PART 9.pdf,The “child find” system aims to:,,,"Locate, identify, and evaluate children with disabilities",,Categorize learners by grade level,,Exclude learners from assessment,,Recruit teachers for SPED centers,,,,A,Correct answer sourced from the PDF answer key: A.,LET Secondary,Special Needs Education,Special Needs Education,3,No,,0.96,Ready for Upload,LET Secondary Special Needs Education Q&A. Correct answer sourced from PDF answer key.
408,8,1,SPECIAL NEEDS ED. PART 9.pdf,/Users/lyndon/All reviewers/-LET REVIEWER 2026/C. MAJOR SUBJECTS/J. SPECIAL NEEDS EDUCATION/SPECIAL NEEDS ED. PART 9.pdf,The IEP (Individualized Education Program) is a legal document that:,,,"Lists the student’s learning goals, supports, and services",,Provides uniform grading standards,,Is used only for gifted learners,,Replaces parent involvement,,,,A,Correct answer sourced from the PDF answer key: A.,LET Secondary,Special Needs Education,Special Needs Education,3,No,,0.96,Ready for Upload,LET Secondary Special Needs Education Q&A. Correct answer sourced from PDF answer key.
409,9,1,SPECIAL NEEDS ED. PART 9.pdf,/Users/lyndon/All reviewers/-LET REVIEWER 2026/C. MAJOR SUBJECTS/J. SPECIAL NEEDS EDUCATION/SPECIAL NEEDS ED. PART 9.pdf,Parental participation in SPED programs is mandated by:,,,Teacher’s Manual,,IEP Process,,School Principal,,Student Handbook,,,,B,Correct answer sourced from the PDF answer key: B.,LET Secondary,Special Needs Education,Special Needs Education,3,No,,0.96,Ready for Upload,LET Secondary Special Needs Education Q&A. Correct answer sourced from PDF answer key.
410,10,1,SPECIAL NEEDS ED. PART 9.pdf,/Users/lyndon/All reviewers/-LET REVIEWER 2026/C. MAJOR SUBJECTS/J. SPECIAL NEEDS EDUCATION/SPECIAL NEEDS ED. PART 9.pdf,The international agreement that promotes the rights of persons with disabilities is:,,,Salamanca Statement (1994),,Geneva Convention Comprehensive LET Reviewer 2025/2026 LOVE Teach PH Reviewer,,Paris Accord,,UNESCO Literacy Charter,,,,A,Correct answer sourced from the PDF answer key: A.,LET Secondary,Special Needs Education,Special Needs Education,3,No,,0.96,Ready for Upload,LET Secondary Special Needs Education Q&A. Correct answer sourced from PDF answer key.
411,11,2,SPECIAL NEEDS ED. PART 9.pdf,/Users/lyndon/All reviewers/-LET REVIEWER 2026/C. MAJOR SUBJECTS/J. SPECIAL NEEDS EDUCATION/SPECIAL NEEDS ED. PART 9.pdf,The philosophy of inclusion is most consistent with which principle?,,,Every learner has the right to learn and belong,,Education is only for the capable,,Learners with disabilities should be separated,,Only special schools can serve SPED learners,,,,A,Correct answer sourced from the PDF answer key: A.,LET Secondary,Special Needs Education,Special Needs Education,3,No,,0.96,Ready for Upload,LET Secondary Special Needs Education Q&A. Correct answer sourced from PDF answer key.
412,12,2,SPECIAL NEEDS ED. PART 9.pdf,/Users/lyndon/All reviewers/-LET REVIEWER 2026/C. MAJOR SUBJECTS/J. SPECIAL NEEDS EDUCATION/SPECIAL NEEDS ED. PART 9.pdf,The least restrictive environment (LRE) principle ensures that:,,,Learners are placed in settings appropriate to their needs,,All learners are placed in SPED centers,,Only mild disabilities are accommodated,,Schools decide placement without assessment,,,,A,Correct answer sourced from the PDF answer key: A.,LET Secondary,Special Needs Education,Special Needs Education,3,No,,0.96,Ready for Upload,LET Secondary Special Needs Education Q&A. Correct answer sourced from PDF answer key.
413,13,2,SPECIAL NEEDS ED. PART 9.pdf,/Users/lyndon/All reviewers/-LET REVIEWER 2026/C. MAJOR SUBJECTS/J. SPECIAL NEEDS EDUCATION/SPECIAL NEEDS ED. PART 9.pdf,A SPED teacher must maintain confidentiality because:,,,It is part of professional ethics and respect for learner rights,,Parents should not be informed,,Data privacy is optional,,It avoids teacher accountability,,,,A,Correct answer sourced from the PDF answer key: A.,LET Secondary,Special Needs Education,Special Needs Education,3,No,,0.96,Ready for Upload,LET Secondary Special Needs Education Q&A. Correct answer sourced from PDF answer key.
414,14,2,SPECIAL NEEDS ED. PART 9.pdf,/Users/lyndon/All reviewers/-LET REVIEWER 2026/C. MAJOR SUBJECTS/J. SPECIAL NEEDS EDUCATION/SPECIAL NEEDS ED. PART 9.pdf,"Under the Code of Ethics for Professional Teachers, a teacher shall not:",,,Discriminate against any learner,,Offer equal opportunities,,Uphold fairness,,Support inclusion,,,,A,Correct answer sourced from the PDF answer key: A.,LET Secondary,Special Needs Education,Special Needs Education,3,No,,0.96,Ready for Upload,LET Secondary Special Needs Education Q&A. Correct answer sourced from PDF answer key.
415,15,2,SPECIAL NEEDS ED. PART 9.pdf,/Users/lyndon/All reviewers/-LET REVIEWER 2026/C. MAJOR SUBJECTS/J. SPECIAL NEEDS EDUCATION/SPECIAL NEEDS ED. PART 9.pdf,Which agency oversees the implementation of SPED programs in public schools?,,,DepEd,,CHED,,TESDA,,DSWD,,,,A,Correct answer sourced from the PDF answer key: A.,LET Secondary,Special Needs Education,Special Needs Education,3,No,,0.96,Ready for Upload,LET Secondary Special Needs Education Q&A. Correct answer sourced from PDF answer key.
416,16,2,SPECIAL NEEDS ED. PART 9.pdf,/Users/lyndon/All reviewers/-LET REVIEWER 2026/C. MAJOR SUBJECTS/J. SPECIAL NEEDS EDUCATION/SPECIAL NEEDS ED. PART 9.pdf,The Enhanced Basic Education Act of 2013 (R.A. 10533) emphasizes:,,,K–12 curriculum with inclusive and learner-centered approaches,,Focus on traditional academic skills,,Removal of inclusive programs,,Elimination of SPED centers,,,,A,Correct answer sourced from the PDF answer key: A.,LET Secondary,Special Needs Education,Special Needs Education,3,No,,0.96,Ready for Upload,LET Secondary Special Needs Education Q&A. Correct answer sourced from PDF answer key.
417,17,2,SPECIAL NEEDS ED. PART 9.pdf,/Users/lyndon/All reviewers/-LET REVIEWER 2026/C. MAJOR SUBJECTS/J. SPECIAL NEEDS EDUCATION/SPECIAL NEEDS ED. PART 9.pdf,"In inclusive education, assessment should be:",,,Continuous and individualized,,Standardized and identical,,Limited to paper-and-pencil tests,,Administered once a year,,,,A,Correct answer sourced from the PDF answer key: A.,LET Secondary,Special Needs Education,Special Needs Education,3,No,,0.96,Ready for Upload,LET Secondary Special Needs Education Q&A. Correct answer sourced from PDF answer key.
418,18,2,SPECIAL NEEDS ED. PART 9.pdf,/Users/lyndon/All reviewers/-LET REVIEWER 2026/C. MAJOR SUBJECTS/J. SPECIAL NEEDS EDUCATION/SPECIAL NEEDS ED. PART 9.pdf,A SPED teacher reports a suspected case of child abuse. This demonstrates:,,,Professional responsibility and child protection compliance,,Breach of confidentiality,,Overstepping authority,,Avoidance of school process,,,,A,Correct answer sourced from the PDF answer key: A.,LET Secondary,Special Needs Education,Special Needs Education,3,No,,0.96,Ready for Upload,LET Secondary Special Needs Education Q&A. Correct answer sourced from PDF answer key.
419,19,2,SPECIAL NEEDS ED. PART 9.pdf,/Users/lyndon/All reviewers/-LET REVIEWER 2026/C. MAJOR SUBJECTS/J. SPECIAL NEEDS EDUCATION/SPECIAL NEEDS ED. PART 9.pdf,A parent disagrees with a learner’s placement in the IEP. The teacher should:,,,Facilitate a review meeting with the IEP team,,Ignore the concern,,Proceed without consent,,Transfer the child to another school,,,,A,Correct answer sourced from the PDF answer key: A.,LET Secondary,Special Needs Education,Special Needs Education,3,No,,0.96,Ready for Upload,LET Secondary Special Needs Education Q&A. Correct answer sourced from PDF answer key.
420,20,2,SPECIAL NEEDS ED. PART 9.pdf,/Users/lyndon/All reviewers/-LET REVIEWER 2026/C. MAJOR SUBJECTS/J. SPECIAL NEEDS EDUCATION/SPECIAL NEEDS ED. PART 9.pdf,The law prohibiting discrimination against persons with disability in employment and education is:,,,R.A. 7277,,R.A. 9442,,R.A. 10533,,R.A. 9155,,,,B,Correct answer sourced from the PDF answer key: B.,LET Secondary,Special Needs Education,Special Needs Education,3,No,,0.96,Ready for Upload,LET Secondary Special Needs Education Q&A. Correct answer sourced from PDF answer key.
421,21,2,SPECIAL NEEDS ED. PART 9.pdf,/Users/lyndon/All reviewers/-LET REVIEWER 2026/C. MAJOR SUBJECTS/J. SPECIAL NEEDS EDUCATION/SPECIAL NEEDS ED. PART 9.pdf,The Salamanca Statement advocates:,,,Inclusive education as a fundamental right,,Separation of learners with disabilities,,Academic segregation,,Teacher-centered instruction Comprehensive LET Reviewer 2025/2026 LOVE Teach PH Reviewer,,,,A,Correct answer sourced from the PDF answer key: A.,LET Secondary,Special Needs Education,Special Needs Education,3,No,,0.96,Ready for Upload,LET Secondary Special Needs Education Q&A. Correct answer sourced from PDF answer key.
422,22,3,SPECIAL NEEDS ED. PART 9.pdf,/Users/lyndon/All reviewers/-LET REVIEWER 2026/C. MAJOR SUBJECTS/J. SPECIAL NEEDS EDUCATION/SPECIAL NEEDS ED. PART 9.pdf,One major ethical responsibility of SPED teachers is to:,,,Advocate for learners’ rights and inclusion,,Prioritize grading,,Ignore family involvement,,Focus on test scores,,,,A,Correct answer sourced from the PDF answer key: A.,LET Secondary,Special Needs Education,Special Needs Education,3,No,,0.96,Ready for Upload,LET Secondary Special Needs Education Q&A. Correct answer sourced from PDF answer key.
423,23,3,SPECIAL NEEDS ED. PART 9.pdf,/Users/lyndon/All reviewers/-LET REVIEWER 2026/C. MAJOR SUBJECTS/J. SPECIAL NEEDS EDUCATION/SPECIAL NEEDS ED. PART 9.pdf,The term “inclusive education” in the Philippine context means:,,,"Education for all, regardless of ability, gender, or background",,Segregated education for special learners,,Specialized schools only,,Home-based learning for all,,,,A,Correct answer sourced from the PDF answer key: A.,LET Secondary,Special Needs Education,Special Needs Education,3,No,,0.96,Ready for Upload,LET Secondary Special Needs Education Q&A. Correct answer sourced from PDF answer key.
424,24,3,SPECIAL NEEDS ED. PART 9.pdf,/Users/lyndon/All reviewers/-LET REVIEWER 2026/C. MAJOR SUBJECTS/J. SPECIAL NEEDS EDUCATION/SPECIAL NEEDS ED. PART 9.pdf,The SPED teacher’s professional accountability includes:,,,Adhering to ethical standards and confidentiality,,Sharing student data publicly,,Allowing bias in evaluation,,Favoring specific learners,,,,A,Correct answer sourced from the PDF answer key: A.,LET Secondary,Special Needs Education,Special Needs Education,3,No,,0.96,Ready for Upload,LET Secondary Special Needs Education Q&A. Correct answer sourced from PDF answer key.
425,25,3,SPECIAL NEEDS ED. PART 9.pdf,/Users/lyndon/All reviewers/-LET REVIEWER 2026/C. MAJOR SUBJECTS/J. SPECIAL NEEDS EDUCATION/SPECIAL NEEDS ED. PART 9.pdf,The right of learners with disabilities to free and appropriate public education is ensured by:,,,R.A. 7277 and the Salamanca Statement,,The Philippine Constitution alone,,Local ordinances,,School policy Comprehensive LET Reviewer 2025/2026 LOVE Teach PH Reviewer LET Reviewer Special Needs Education Part 9 2025/2026,,,,A,Correct answer sourced from the PDF answer key: A.,LET Secondary,Special Needs Education,Special Needs Education,3,No,,0.96,Ready for Upload,LET Secondary Special Needs Education Q&A. Correct answer sourced from PDF answer key.
