No.,Original No.,Page,Source PDF,Source Path,Question,Passage Reference,Question Image Reference,Choice A,Choice A Image Reference,Choice B,Choice B Image Reference,Choice C,Choice C Image Reference,Choice D,Choice D Image Reference,Choice E,Choice E Image Reference,Correct Answer,Explanation,LET Exam Type,Subject Area,Topic,Difficulty,Has Image,Duplicate Of,Confidence,Status,Notes
1,1,1,A. 100_LET Reviewer 2025 with answer 125 problems.pdf,/Users/lyndon/All reviewers/Sept2026_LET Reviewer Files/C. BEED&BSED REVIEWER BOOKS-/A. 100_LET Reviewer 2025 with answer 125 problems.pdf,Which does Naom Chomsky assert about language learning for children? I. Young children learn and apply grammatical rules and vocabulary as they are exposed to them. II. Begin formal teaching of grammatical rules to children as early as possible. III. Do not require initial formal language teaching for children.,,,I and III,,II only,,I only,,I and II,,,,B,,Both,Professional Education,Vocabulary,Cannot Determine,No,,0.95,Ready for Upload,Path explicitly groups BEED and BSED. Correct answer sourced from detected answer key section.
2,2,1,A. 100_LET Reviewer 2025 with answer 125 problems.pdf,/Users/lyndon/All reviewers/Sept2026_LET Reviewer Files/C. BEED&BSED REVIEWER BOOKS-/A. 100_LET Reviewer 2025 with answer 125 problems.pdf,"Which is/are the sources of man’s intellectual drives, according to Freud",,,Id,,Super ego,,Id -ego,,Ego,,,,A,,Both,General Education,Needs Review,Cannot Determine,No,,0.95,Ready for Upload,Path explicitly groups BEED and BSED. Correct answer sourced from detected answer key section.
3,3,1,A. 100_LET Reviewer 2025 with answer 125 problems.pdf,/Users/lyndon/All reviewers/Sept2026_LET Reviewer Files/C. BEED&BSED REVIEWER BOOKS-/A. 100_LET Reviewer 2025 with answer 125 problems.pdf,"Theft of school equipment like TV, computer, etc. by teenagers in the community itself is becoming a common phenomenon. What does this incident signify?",,,Prevalence of poverty in the community.,,Inability of school to hire security guards.,,Deprivation of Filipino schools.,,Community’s lack of sense of co-ownership.,,,,B,,Both,Professional Education,ICT in Education,Cannot Determine,No,,0.95,Ready for Upload,Path explicitly groups BEED and BSED. Correct answer sourced from detected answer key section.
4,4,1,A. 100_LET Reviewer 2025 with answer 125 problems.pdf,/Users/lyndon/All reviewers/Sept2026_LET Reviewer Files/C. BEED&BSED REVIEWER BOOKS-/A. 100_LET Reviewer 2025 with answer 125 problems.pdf,"As a teacher, you are reconstructionist, Which among these will be your guiding principle?",,,"I must teach the child every knowledge, skills and value that he needs for a better future.",,I must teach the child to develop his mental powers to the full.,,I must teach the child so he is assured of heaven.,,I must teach the child that we can never have real knowledge of anything.,,,,B,,Both,Professional Education,Needs Review,Cannot Determine,No,,0.95,Ready for Upload,Path explicitly groups BEED and BSED. Correct answer sourced from detected answer key section.
5,5,1,A. 100_LET Reviewer 2025 with answer 125 problems.pdf,/Users/lyndon/All reviewers/Sept2026_LET Reviewer Files/C. BEED&BSED REVIEWER BOOKS-/A. 100_LET Reviewer 2025 with answer 125 problems.pdf,"The concepts of Trust vs. mistrust, autonomy vs. shame & self-doubt, and initiative vs. guilt are most closely related with works of _____.",,,EricksonC. Freud,,Piaget,,,,Jung,,,,D,,Both,General Education,Needs Review,Cannot Determine,No,,0.70,Incomplete,Path explicitly groups BEED and BSED. Correct answer sourced from detected answer key section.
6,6,1,A. 100_LET Reviewer 2025 with answer 125 problems.pdf,/Users/lyndon/All reviewers/Sept2026_LET Reviewer Files/C. BEED&BSED REVIEWER BOOKS-/A. 100_LET Reviewer 2025 with answer 125 problems.pdf,"Student Z does not study at all but when the Licensure Examination for Teachers comes, before he takes the LET, he spends one hour or more praying for a miracle, i.e., to pass the examination. Which attitude towards religion or God is displayed?",,,Religion as fake,,Religion as magic,,Religion as authentic,,Religion as real,,,,C,,Both,General Education,Needs Review,Cannot Determine,No,,0.95,Ready for Upload,Path explicitly groups BEED and BSED. Correct answer sourced from detected answer key section.
7,7,1,A. 100_LET Reviewer 2025 with answer 125 problems.pdf,/Users/lyndon/All reviewers/Sept2026_LET Reviewer Files/C. BEED&BSED REVIEWER BOOKS-/A. 100_LET Reviewer 2025 with answer 125 problems.pdf,"Teacher B engages her students with information for thorough understanding, for meaning and for competent application. Which principle governs Teacher B’s practice? A Constructivist",,,,,Gestalt,,Behaviorist,,Cognitivist,,,,B,,Both,Professional Education,Vocabulary,Cannot Determine,No,,0.70,Incomplete,Path explicitly groups BEED and BSED. Correct answer sourced from detected answer key section.
8,8,1,A. 100_LET Reviewer 2025 with answer 125 problems.pdf,/Users/lyndon/All reviewers/Sept2026_LET Reviewer Files/C. BEED&BSED REVIEWER BOOKS-/A. 100_LET Reviewer 2025 with answer 125 problems.pdf,Student B claims: “I cannot see perfection but I long for it. So it must be real. “under which group can he be classified?,,,Idealist,,Empiricist,,Realist,,Pragmatist,,,,A,,Both,General Education,Needs Review,Cannot Determine,No,,0.95,Ready for Upload,Path explicitly groups BEED and BSED. Correct answer sourced from detected answer key section.
9,9,1,A. 100_LET Reviewer 2025 with answer 125 problems.pdf,/Users/lyndon/All reviewers/Sept2026_LET Reviewer Files/C. BEED&BSED REVIEWER BOOKS-/A. 100_LET Reviewer 2025 with answer 125 problems.pdf,What does extreme authoritarianism in the home reinforce in learners,,,Doing things on their own initiative,,Ability to direct themselves,,Dependence on others for directions.,,Creativity in work.,,,,C,,Both,General Education,Needs Review,Cannot Determine,No,,0.95,Ready for Upload,Path explicitly groups BEED and BSED. Correct answer sourced from detected answer key section.
10,10,1,A. 100_LET Reviewer 2025 with answer 125 problems.pdf,/Users/lyndon/All reviewers/Sept2026_LET Reviewer Files/C. BEED&BSED REVIEWER BOOKS-/A. 100_LET Reviewer 2025 with answer 125 problems.pdf,You arrive at knowledge by re-thinking of latent ideas. From whom does this thought come?,,,Experimentalist,,Realist,,Idealist,,Existentialist Visit For more Pdf's Books Pdfbooksforum.com Visit For more Pdf's Books Pdfbooksforum.com,,,,D,,Both,General Education,Needs Review,Cannot Determine,No,,0.95,Ready for Upload,Path explicitly groups BEED and BSED. Correct answer sourced from detected answer key section.
11,11,1-2,A. 100_LET Reviewer 2025 with answer 125 problems.pdf,/Users/lyndon/All reviewers/Sept2026_LET Reviewer Files/C. BEED&BSED REVIEWER BOOKS-/A. 100_LET Reviewer 2025 with answer 125 problems.pdf,Behavior followed by pleasant consequences will be strengthened and will be more likely to occur in the future. Behavior followed by unpleasant consequences will be weakened and will be more likely to be repeated in the future. Which one is explained,,,Freud’s psychoanalytic theory,,Thorndike’s law effect,,B.F. Skinner’s Operant conditioning theory,,Bandura’s social learning theory,,,,A,,Both,General Education,Educational Psychology,Cannot Determine,No,,0.95,Ready for Upload,Path explicitly groups BEED and BSED. Correct answer sourced from detected answer key section.
12,12,2,A. 100_LET Reviewer 2025 with answer 125 problems.pdf,/Users/lyndon/All reviewers/Sept2026_LET Reviewer Files/C. BEED&BSED REVIEWER BOOKS-/A. 100_LET Reviewer 2025 with answer 125 problems.pdf,Principal B tells her teachers that training in the humanities is most important. To which educational philosophy does he adhere?,,,Existentialism,,Perennialism,,Progressivis,,Essentialism,,,,D,,Both,General Education,Needs Review,Cannot Determine,No,,0.95,Ready for Upload,Path explicitly groups BEED and BSED. Correct answer sourced from detected answer key section.
13,13,2,A. 100_LET Reviewer 2025 with answer 125 problems.pdf,/Users/lyndon/All reviewers/Sept2026_LET Reviewer Files/C. BEED&BSED REVIEWER BOOKS-/A. 100_LET Reviewer 2025 with answer 125 problems.pdf,All subject in Philippine elementary and secondary schools are expected to be taught using the integrated approach. This came about as a result of implementation of ___________.,,,Program for Decentralized Education,,School-Based Management,,Basic Education Curriculum,,Schools First Initiative,,,,B,,Both,General Education,Needs Review,Cannot Determine,No,,0.70,Needs Review,Path explicitly groups BEED and BSED. Correct answer sourced from detected answer key section.
14,14,2,A. 100_LET Reviewer 2025 with answer 125 problems.pdf,/Users/lyndon/All reviewers/Sept2026_LET Reviewer Files/C. BEED&BSED REVIEWER BOOKS-/A. 100_LET Reviewer 2025 with answer 125 problems.pdf,"Principal C shares this thought with the teachers: Subject matter should help students understand and appreciate themselves as unique individual who accept complete responsibility for their thoughts, feelings and actions. “ From which philosophy is this thought based?",,,Perennialism,,Essentialism,,Existentialism,,Progressivism,,,,B,,Both,General Education,Needs Review,Cannot Determine,No,,0.95,Ready for Upload,Path explicitly groups BEED and BSED. Correct answer sourced from detected answer key section.
15,15,2,A. 100_LET Reviewer 2025 with answer 125 problems.pdf,/Users/lyndon/All reviewers/Sept2026_LET Reviewer Files/C. BEED&BSED REVIEWER BOOKS-/A. 100_LET Reviewer 2025 with answer 125 problems.pdf,"Based on Piaget’s theory, what should a teacher provide for children in the concrete operational stage?",,,Activities for hypothesis formulation.,,Learning activities that involve problems of classification and ordering.,,Games and other physical activities to develop motor skills.,,Stimulating environment with ample objectives to play with.,,,,D,,Both,Professional Education,Learning Theories,Cannot Determine,No,,0.95,Ready for Upload,Path explicitly groups BEED and BSED. Correct answer sourced from detected answer key section.
16,16,2,A. 100_LET Reviewer 2025 with answer 125 problems.pdf,/Users/lyndon/All reviewers/Sept2026_LET Reviewer Files/C. BEED&BSED REVIEWER BOOKS-/A. 100_LET Reviewer 2025 with answer 125 problems.pdf,To come closer to the truth we need to “go back to the things themselves.” This is the advice of the ______.,,,Behavioris,,phenomenologists,,idealist,,pragmatists,,,,C,,Both,General Education,Needs Review,Cannot Determine,No,,0.70,Needs Review,Path explicitly groups BEED and BSED. Correct answer sourced from detected answer key section.
17,17,2,A. 100_LET Reviewer 2025 with answer 125 problems.pdf,/Users/lyndon/All reviewers/Sept2026_LET Reviewer Files/C. BEED&BSED REVIEWER BOOKS-/A. 100_LET Reviewer 2025 with answer 125 problems.pdf,Researches conducted show that teacher’s expectations of students become self-fulfilling prophecies. What is this phenomenon called?,,,Halo effect,,Pygmalion effect,,Ripple effect,,Hawthorne effect,,,,B,,Both,Professional Education,Needs Review,Cannot Determine,No,,0.95,Ready for Upload,Path explicitly groups BEED and BSED. Correct answer sourced from detected answer key section.
18,18,2,A. 100_LET Reviewer 2025 with answer 125 problems.pdf,/Users/lyndon/All reviewers/Sept2026_LET Reviewer Files/C. BEED&BSED REVIEWER BOOKS-/A. 100_LET Reviewer 2025 with answer 125 problems.pdf,"Teacher F is convinced that whatever a student performs a desired behavior, provided reinforcement and soon the student will learn to perform the behavior on his own. On which principle is Teacher F’s conviction based?",,,Cognitivism,,Environmentalism,,Behaviorism,,Constructivism,,,,C,,Both,Professional Education,Educational Psychology,Cannot Determine,No,,0.95,Ready for Upload,Path explicitly groups BEED and BSED. Correct answer sourced from detected answer key section.
19,19,2,A. 100_LET Reviewer 2025 with answer 125 problems.pdf,/Users/lyndon/All reviewers/Sept2026_LET Reviewer Files/C. BEED&BSED REVIEWER BOOKS-/A. 100_LET Reviewer 2025 with answer 125 problems.pdf,Teacher U teaches to his pupils that pleasure is not the highest good. Teacher’s teaching is against what philosophy?,,,Realism,,Hedonism,,Epicureanism,,Empiricism,,,,D,,Both,Professional Education,Needs Review,Cannot Determine,No,,0.95,Ready for Upload,Path explicitly groups BEED and BSED. Correct answer sourced from detected answer key section.
20,20,2-3,A. 100_LET Reviewer 2025 with answer 125 problems.pdf,/Users/lyndon/All reviewers/Sept2026_LET Reviewer Files/C. BEED&BSED REVIEWER BOOKS-/A. 100_LET Reviewer 2025 with answer 125 problems.pdf,Studies in the areas of neurosciences discloses that the human brain has limitless capacity. What does this imply,,,Some pupils are admittedly not capable of learning. Visit For more Pdf's Books Pdfbooksforum.com Visit For more Pdf's Books Pdfbooksforum.com,,Every pupil has his own native ability and his learning is limited to this native ability.,,Every child is a potential genius.,,Pupil can possibly reach a point where they have learned everything.,,,,D,,Both,General Education,Needs Review,Cannot Determine,No,,0.95,Ready for Upload,Path explicitly groups BEED and BSED. Correct answer sourced from detected answer key section.
21,21,3,A. 100_LET Reviewer 2025 with answer 125 problems.pdf,/Users/lyndon/All reviewers/Sept2026_LET Reviewer Files/C. BEED&BSED REVIEWER BOOKS-/A. 100_LET Reviewer 2025 with answer 125 problems.pdf,Availment of the Philippine Education Placement Test for adults and out-of-school youths is in support of the government’s educational program towards _____.,,,equitable access,,quality,,quality and relevance,,relevance,,,,D,,Both,Professional Education,Government,Cannot Determine,No,,0.70,Needs Review,Path explicitly groups BEED and BSED. Correct answer sourced from detected answer key section.
22,22,3,A. 100_LET Reviewer 2025 with answer 125 problems.pdf,/Users/lyndon/All reviewers/Sept2026_LET Reviewer Files/C. BEED&BSED REVIEWER BOOKS-/A. 100_LET Reviewer 2025 with answer 125 problems.pdf,"A mother gives his boy his favorite snack every time the boy cleans up his room. Afterwards, the boy cleaned his room everyday in anticipation of the snack. Which theory is illustrated?",,,Associative learning,,Classical conditioning,,Operant conditioning,,Pavlonian conditioning,,,,E,,Both,General Education,Needs Review,Cannot Determine,No,,0.70,Needs Review,Path explicitly groups BEED and BSED. Correct answer sourced from detected answer key section.
23,23,3,A. 100_LET Reviewer 2025 with answer 125 problems.pdf,/Users/lyndon/All reviewers/Sept2026_LET Reviewer Files/C. BEED&BSED REVIEWER BOOKS-/A. 100_LET Reviewer 2025 with answer 125 problems.pdf,Which group of philosophers maintain the “truth exists in an objective order that is independent of the knower”?,,,Idealists,,Pragmatists,,Existentialists,,Realists,,,,C,,Both,General Education,Needs Review,Cannot Determine,No,,0.95,Ready for Upload,Path explicitly groups BEED and BSED. Correct answer sourced from detected answer key section.
24,24,3,A. 100_LET Reviewer 2025 with answer 125 problems.pdf,/Users/lyndon/All reviewers/Sept2026_LET Reviewer Files/C. BEED&BSED REVIEWER BOOKS-/A. 100_LET Reviewer 2025 with answer 125 problems.pdf,"Under which program were students who were not accommodated in public elementary and secondary schools because of lack of classroom, teachers, and instructional materials, were enrolled in private schools in their respective communities at the government’s expense?",,,Government Assistance Program,,Study Now-Pay later,,Educational Service Contract System,,National Scholarship Program,,,,A,,Both,Professional Education,Government,Cannot Determine,No,,0.95,Ready for Upload,Path explicitly groups BEED and BSED. Correct answer sourced from detected answer key section.
25,25,3,A. 100_LET Reviewer 2025 with answer 125 problems.pdf,/Users/lyndon/All reviewers/Sept2026_LET Reviewer Files/C. BEED&BSED REVIEWER BOOKS-/A. 100_LET Reviewer 2025 with answer 125 problems.pdf,Which of the following prepositions is attributed to Plato?,,,Truth is relative to a particular time and place.,,Human beings create their own truths.,,Learning is the discovery of truth as latent ideas are brought to consciousness,,Sense perception is the most accurate guide to knowledge.,,,,B,,Both,General Education,Needs Review,Cannot Determine,No,,0.95,Ready for Upload,Path explicitly groups BEED and BSED. Correct answer sourced from detected answer key section.
26,26,3,A. 100_LET Reviewer 2025 with answer 125 problems.pdf,/Users/lyndon/All reviewers/Sept2026_LET Reviewer Files/C. BEED&BSED REVIEWER BOOKS-/A. 100_LET Reviewer 2025 with answer 125 problems.pdf,"In a treatment for alcoholism, Ramil was made to drink an alcoholic beverage and then made to ingest a drug that produces nausea. Eventually, h nauseated at he sight and smell of alcohol and stopped drinking alcohol. Which theory explains this? A.Operant conditioning",,,,,Social learning theory,,Associative learning,,Attribution theory,,,,B,,Both,General Education,Needs Review,Cannot Determine,No,,0.70,Incomplete,Path explicitly groups BEED and BSED. Correct answer sourced from detected answer key section.
27,27,3,A. 100_LET Reviewer 2025 with answer 125 problems.pdf,/Users/lyndon/All reviewers/Sept2026_LET Reviewer Files/C. BEED&BSED REVIEWER BOOKS-/A. 100_LET Reviewer 2025 with answer 125 problems.pdf,"In a social studies class, Teacher I present a morally ambiguous situation and asks his students what they would do. On whose theory is Teacher I’s technique based",,,Kohlberg,,Bandura,,Piaget,,Bruner,,,,D,,Both,Social Studies,Needs Review,Cannot Determine,No,,0.95,Ready for Upload,Path explicitly groups BEED and BSED. Correct answer sourced from detected answer key section.
28,28,3,A. 100_LET Reviewer 2025 with answer 125 problems.pdf,/Users/lyndon/All reviewers/Sept2026_LET Reviewer Files/C. BEED&BSED REVIEWER BOOKS-/A. 100_LET Reviewer 2025 with answer 125 problems.pdf,Quiz to formative test while periodic is to _________.,,,criterion-reference test,,summative test,,norm-reference test,,diagnostic test,,,,D,,Both,General Education,Assessment Tools,Cannot Determine,No,,0.70,Needs Review,Path explicitly groups BEED and BSED. Correct answer sourced from detected answer key section.
29,29,3,A. 100_LET Reviewer 2025 with answer 125 problems.pdf,/Users/lyndon/All reviewers/Sept2026_LET Reviewer Files/C. BEED&BSED REVIEWER BOOKS-/A. 100_LET Reviewer 2025 with answer 125 problems.pdf,Your teacher is of the opinion that the world and everything in it are ever changing and so you the skill to cope with change. What is his governing philosophy?,,,Idealism,,Existentialism,,Experimentalism,,Realism,,,,B,,Both,Professional Education,Needs Review,Cannot Determine,No,,0.95,Ready for Upload,Path explicitly groups BEED and BSED. Correct answer sourced from detected answer key section.
30,30,3,A. 100_LET Reviewer 2025 with answer 125 problems.pdf,/Users/lyndon/All reviewers/Sept2026_LET Reviewer Files/C. BEED&BSED REVIEWER BOOKS-/A. 100_LET Reviewer 2025 with answer 125 problems.pdf,The search for related literature by accessing several data bases by the use of a telephone line to connect a computer that have database is termed ______.,,,compact disc search,,manual search,,on- line search,,computer search,,,,E,,Both,General Education,ICT in Education,Cannot Determine,No,,0.70,Needs Review,Path explicitly groups BEED and BSED. Correct answer sourced from detected answer key section.
31,31,3-4,A. 100_LET Reviewer 2025 with answer 125 problems.pdf,/Users/lyndon/All reviewers/Sept2026_LET Reviewer Files/C. BEED&BSED REVIEWER BOOKS-/A. 100_LET Reviewer 2025 with answer 125 problems.pdf,In which competency do my students find the greater difficulty? In item with a difficulty index of Visit For more Pdf's Books Pdfbooksforum.com Visit For more Pdf's Books Pdfbooksforum.com,,,Stoic,,Empiricist,,Agnostic,,Skeptic,,,,D,,Both,General Education,Needs Review,Cannot Determine,No,,0.95,Ready for Upload,Path explicitly groups BEED and BSED. Correct answer sourced from detected answer key section.
32,33,4,A. 100_LET Reviewer 2025 with answer 125 problems.pdf,/Users/lyndon/All reviewers/Sept2026_LET Reviewer Files/C. BEED&BSED REVIEWER BOOKS-/A. 100_LET Reviewer 2025 with answer 125 problems.pdf,"If teacher wants to test student’s ability to organize ideas, which type of test should she formulate?",,,Short answer,,Technical problem type,,Essay,,Multiple-choice type,,,,A,,Both,Professional Education,Assessment Tools,Cannot Determine,No,,0.95,Ready for Upload,Path explicitly groups BEED and BSED. Correct answer sourced from detected answer key section.
33,34,4,A. 100_LET Reviewer 2025 with answer 125 problems.pdf,/Users/lyndon/All reviewers/Sept2026_LET Reviewer Files/C. BEED&BSED REVIEWER BOOKS-/A. 100_LET Reviewer 2025 with answer 125 problems.pdf,Who among the following needs less verbal counseling but needs more concrete operational forms of assistance? The child who ________.,,,has mental retardation,,has attention-deficit disorder,,has learning disability,,has conduct disorder,,,,B,,Both,General Education,Child Development,Cannot Determine,No,,0.70,Needs Review,Path explicitly groups BEED and BSED. Correct answer sourced from detected answer key section.
34,35,4,A. 100_LET Reviewer 2025 with answer 125 problems.pdf,/Users/lyndon/All reviewers/Sept2026_LET Reviewer Files/C. BEED&BSED REVIEWER BOOKS-/A. 100_LET Reviewer 2025 with answer 125 problems.pdf,Which applies when skewness is zero?,,,Mean is greater than median.,,Median is greater than the mean.,,Scores have three modes.,,Scores are normally distributed,,,,A,,Both,General Education,Needs Review,Cannot Determine,No,,0.95,Ready for Upload,Path explicitly groups BEED and BSED. Correct answer sourced from detected answer key section.
35,36,4,A. 100_LET Reviewer 2025 with answer 125 problems.pdf,/Users/lyndon/All reviewers/Sept2026_LET Reviewer Files/C. BEED&BSED REVIEWER BOOKS-/A. 100_LET Reviewer 2025 with answer 125 problems.pdf,Which does NOT belong to the group of alternative learning systems,,,Multi-grade grouping,,Multi-age grouping,,Graded education,,Non-graded grouping,,,,E,,Both,Professional Education,Needs Review,Cannot Determine,No,,0.70,Needs Review,Path explicitly groups BEED and BSED. Correct answer sourced from detected answer key section.
36,37,4,A. 100_LET Reviewer 2025 with answer 125 problems.pdf,/Users/lyndon/All reviewers/Sept2026_LET Reviewer Files/C. BEED&BSED REVIEWER BOOKS-/A. 100_LET Reviewer 2025 with answer 125 problems.pdf,The first thing to do in constructing a periodic test is for a teacher to ______.,,,decide on the number of items for the test,,go back to her instructional objectives,,study the content,,decide on the type of test to construct,,,,C,,Both,Professional Education,Assessment Tools,Cannot Determine,No,,0.70,Needs Review,Path explicitly groups BEED and BSED. Correct answer sourced from detected answer key section.
37,38,4,A. 100_LET Reviewer 2025 with answer 125 problems.pdf,/Users/lyndon/All reviewers/Sept2026_LET Reviewer Files/C. BEED&BSED REVIEWER BOOKS-/A. 100_LET Reviewer 2025 with answer 125 problems.pdf,Which one can enhance the comparability of grades?,,,Using common conversation table for translating test scores in to ratings.,,Formulating tests that vary from one teacher to another.,,Allowing individual teachers to determine factors for rating,,Individual teachers giving weights to factors considered for rating.,,,,C,,Both,General Education,Needs Review,Cannot Determine,No,,0.95,Ready for Upload,Path explicitly groups BEED and BSED. Correct answer sourced from detected answer key section.
38,39,4,A. 100_LET Reviewer 2025 with answer 125 problems.pdf,/Users/lyndon/All reviewers/Sept2026_LET Reviewer Files/C. BEED&BSED REVIEWER BOOKS-/A. 100_LET Reviewer 2025 with answer 125 problems.pdf,The cultivation of reflective and meditative skills in teaching is an influence of _____.,,,Shintoism,,Zen Buddhism,,Confucianism,,Taoism,,,,A,,Both,General Education,Needs Review,Cannot Determine,No,,0.70,Needs Review,Path explicitly groups BEED and BSED. Correct answer sourced from detected answer key section.
39,40,4,A. 100_LET Reviewer 2025 with answer 125 problems.pdf,/Users/lyndon/All reviewers/Sept2026_LET Reviewer Files/C. BEED&BSED REVIEWER BOOKS-/A. 100_LET Reviewer 2025 with answer 125 problems.pdf,Teacher Y does norm- referenced interpretation of scores. Which of the following does she do?,,,She describes group performance in relation to a level of mastery set.,,She uses a specified content as its frame of reference.,,She compares every individual student’s scores with others’ scores.,,She describes what should be their performance.,,,,C,,Both,Professional Education,Needs Review,Cannot Determine,No,,0.95,Ready for Upload,Path explicitly groups BEED and BSED. Correct answer sourced from detected answer key section.
40,41,4,A. 100_LET Reviewer 2025 with answer 125 problems.pdf,/Users/lyndon/All reviewers/Sept2026_LET Reviewer Files/C. BEED&BSED REVIEWER BOOKS-/A. 100_LET Reviewer 2025 with answer 125 problems.pdf,The best way for a guidance counselor to begin to develop study skills and habits in underachieving student would be to ______.,,,have these underachieving students observe the study habits of excelling students.,,encourage students to talk study habits from their own experiences,,have them view filmstrips about various study approaches,,give out list of effective study approaches,,,,D,,Both,General Education,Needs Review,Cannot Determine,No,,0.70,Needs Review,Path explicitly groups BEED and BSED. Correct answer sourced from detected answer key section.
41,42,4-5,A. 100_LET Reviewer 2025 with answer 125 problems.pdf,/Users/lyndon/All reviewers/Sept2026_LET Reviewer Files/C. BEED&BSED REVIEWER BOOKS-/A. 100_LET Reviewer 2025 with answer 125 problems.pdf,Teacher F wanted to teach the pupils the skills to do cross stitching. He check up quiz was a written test on the steps of cross stitching. What characteristic of a good test does it lack?,,,Scorability,,Reliability,,Objectivity Visit For more Pdf's Books Pdfbooksforum.com Visit For more Pdf's Books Pdfbooksforum.com,,Validity,,,,C,,Both,Professional Education,Assessment Tools,Cannot Determine,No,,0.95,Ready for Upload,Path explicitly groups BEED and BSED. Correct answer sourced from detected answer key section.
42,43,5,A. 100_LET Reviewer 2025 with answer 125 problems.pdf,/Users/lyndon/All reviewers/Sept2026_LET Reviewer Files/C. BEED&BSED REVIEWER BOOKS-/A. 100_LET Reviewer 2025 with answer 125 problems.pdf,For which may you use the direct instruction method?,,,Become aware of the pollutants around us.,,Appreciate Milton’s Paradise Lost.,,Use a microscope properly.,,Distinguish war from aggression.,,,,A,,Both,Professional Education,Teaching Strategies,Cannot Determine,No,,0.95,Ready for Upload,Path explicitly groups BEED and BSED. Correct answer sourced from detected answer key section.
43,44,5,A. 100_LET Reviewer 2025 with answer 125 problems.pdf,/Users/lyndon/All reviewers/Sept2026_LET Reviewer Files/C. BEED&BSED REVIEWER BOOKS-/A. 100_LET Reviewer 2025 with answer 125 problems.pdf,"In the context on the theory on multiple intelligences, what is one weakness of the paper-pencil test?",,,It is not easy to administer.,,It puts the non-linguistically intelligent at a disadvantage,,It utilizes so much time.,,It lacks reliability.,,,,C,,Both,General Education,Assessment Tools,Cannot Determine,No,,0.95,Ready for Upload,Path explicitly groups BEED and BSED. Correct answer sourced from detected answer key section.
44,45,5,A. 100_LET Reviewer 2025 with answer 125 problems.pdf,/Users/lyndon/All reviewers/Sept2026_LET Reviewer Files/C. BEED&BSED REVIEWER BOOKS-/A. 100_LET Reviewer 2025 with answer 125 problems.pdf,NSAT and NEAT results are interpreted against set mastery level. This means that NSAT and NEAT fall under _________.,,,intelligence test,,aptitude test,,criterion- referenced test,,norm- referenced test,,,,C,,Both,General Education,Needs Review,Cannot Determine,No,,0.70,Needs Review,Path explicitly groups BEED and BSED. Correct answer sourced from detected answer key section.
45,46,5,A. 100_LET Reviewer 2025 with answer 125 problems.pdf,/Users/lyndon/All reviewers/Sept2026_LET Reviewer Files/C. BEED&BSED REVIEWER BOOKS-/A. 100_LET Reviewer 2025 with answer 125 problems.pdf,Teacher B uses the direct instruction strategy. Which sequence of steps will she follow? I. Independent practice II. Feedback and correctiveness III. Guided student practice IV. Presenting and structuring V. Reviewing the previous day’s work,,,V-IV-III-II-I,,III-II-IV-I-V,,V-II-IV-III-I,,I-V-II-III-IV,,,,A,,Both,Professional Education,Teaching Strategies,Cannot Determine,No,,0.95,Ready for Upload,Path explicitly groups BEED and BSED. Correct answer sourced from detected answer key section.
46,47,5,A. 100_LET Reviewer 2025 with answer 125 problems.pdf,/Users/lyndon/All reviewers/Sept2026_LET Reviewer Files/C. BEED&BSED REVIEWER BOOKS-/A. 100_LET Reviewer 2025 with answer 125 problems.pdf,Which guideline must be observed in the use of prompting to shape the correct performance of your students?,,,Use the list intrusive prompt first.,,Use all prompts available.,,Use the most intrusive prompt first.,,Refrain form using prompts.,,,,C,,Both,General Education,Needs Review,Cannot Determine,No,,0.95,Ready for Upload,Path explicitly groups BEED and BSED. Correct answer sourced from detected answer key section.
47,48,5,A. 100_LET Reviewer 2025 with answer 125 problems.pdf,/Users/lyndon/All reviewers/Sept2026_LET Reviewer Files/C. BEED&BSED REVIEWER BOOKS-/A. 100_LET Reviewer 2025 with answer 125 problems.pdf,"What measure/s of central tendency do/es the number 16 represent in the following data: 14,15,17,16,19,20,16,14,16?",,,Mode,,Mode and medianD. Mean,,Median,,,,,,B,,Both,General Education,Needs Review,Cannot Determine,No,,0.70,Incomplete,Path explicitly groups BEED and BSED. Correct answer sourced from detected answer key section.
48,49,5,A. 100_LET Reviewer 2025 with answer 125 problems.pdf,/Users/lyndon/All reviewers/Sept2026_LET Reviewer Files/C. BEED&BSED REVIEWER BOOKS-/A. 100_LET Reviewer 2025 with answer 125 problems.pdf,Which holds true to standardized tests?,,,They are used for comparative purposes.,,They are administered differently.,,They are scored according to different standards.,,They are used for assigned grades.,,,,A,,Both,General Education,Needs Review,Cannot Determine,No,,0.95,Ready for Upload,Path explicitly groups BEED and BSED. Correct answer sourced from detected answer key section.
49,50,5,A. 100_LET Reviewer 2025 with answer 125 problems.pdf,/Users/lyndon/All reviewers/Sept2026_LET Reviewer Files/C. BEED&BSED REVIEWER BOOKS-/A. 100_LET Reviewer 2025 with answer 125 problems.pdf,"Study this group of tests which was administered with the following results, then answer the question. Subject Mean SD Ronnel’s scrore Math 56 10 43 Physics 41 9 31 English 80 16 109 In which subject(s) were the scores most homogenous?",,,Math,,EnglishD. Physics and Math,,Physics,,,,,,D,,Both,English,Statistics,Cannot Determine,No,,0.70,Incomplete,Path explicitly groups BEED and BSED. Correct answer sourced from detected answer key section.
50,51,5,A. 100_LET Reviewer 2025 with answer 125 problems.pdf,/Users/lyndon/All reviewers/Sept2026_LET Reviewer Files/C. BEED&BSED REVIEWER BOOKS-/A. 100_LET Reviewer 2025 with answer 125 problems.pdf,In the parlance of test construction what does TOS mean?,,,Table of Specifics,,Term of Specifications,,Table of Specific Test Items,,Table of Specifications,,,,B,,Both,General Education,Statistics,Cannot Determine,No,,0.95,Ready for Upload,Path explicitly groups BEED and BSED. Correct answer sourced from detected answer key section.
51,52,5,A. 100_LET Reviewer 2025 with answer 125 problems.pdf,/Users/lyndon/All reviewers/Sept2026_LET Reviewer Files/C. BEED&BSED REVIEWER BOOKS-/A. 100_LET Reviewer 2025 with answer 125 problems.pdf,Which is a major advantage of a curriculum-based assessment?,,,It is informal nature.,,It connects testing with teaching.,,It tends to focus on anecdotal information on student progress.,,It is based on a norm- referenced measurement model.,,,,A,,Both,Assessment of Learning,Assessment Tools,Cannot Determine,No,,0.95,Ready for Upload,Path explicitly groups BEED and BSED. Correct answer sourced from detected answer key section.
52,53,5,A. 100_LET Reviewer 2025 with answer 125 problems.pdf,/Users/lyndon/All reviewers/Sept2026_LET Reviewer Files/C. BEED&BSED REVIEWER BOOKS-/A. 100_LET Reviewer 2025 with answer 125 problems.pdf,Teacher H gave first-grade class a page with a story in which picture take the place of some words. Which method did she use?,,,The whole language approach,,The Spaulding method,,The rebus method,,The language experience approach Visit For more Pdf's Books Pdfbooksforum.com Visit For more Pdf's Books Pdfbooksforum.com,,,,A,,Both,Professional Education,Teaching Strategies,Cannot Determine,No,,0.95,Ready for Upload,Path explicitly groups BEED and BSED. Correct answer sourced from detected answer key section.
53,54,5-6,A. 100_LET Reviewer 2025 with answer 125 problems.pdf,/Users/lyndon/All reviewers/Sept2026_LET Reviewer Files/C. BEED&BSED REVIEWER BOOKS-/A. 100_LET Reviewer 2025 with answer 125 problems.pdf,"Out of 3 distracters in a multiple choice test items, namely B, C, and D, no pupil choice D as answer. This implies that D is ________.",,,an ineffective distracter,,a vague distracter,,an effective distracter,,a plausible distracter,,,,A,,Both,General Education,Assessment Tools,Cannot Determine,No,,0.70,Needs Review,Path explicitly groups BEED and BSED. Correct answer sourced from detected answer key section.
54,55,6,A. 100_LET Reviewer 2025 with answer 125 problems.pdf,/Users/lyndon/All reviewers/Sept2026_LET Reviewer Files/C. BEED&BSED REVIEWER BOOKS-/A. 100_LET Reviewer 2025 with answer 125 problems.pdf,The burnout malady gets worse if a teacher doesn’t intervene to change whatever areas he or she in control. Which one can renew a teacher’s enthusiasm?,,,Stick to job,,Initiate changes in jobs,,Judge someone else as wrong,,Engage in self-pity,,,,A,,Both,Professional Education,Needs Review,Cannot Determine,No,,0.95,Ready for Upload,Path explicitly groups BEED and BSED. Correct answer sourced from detected answer key section.
55,56,6,A. 100_LET Reviewer 2025 with answer 125 problems.pdf,/Users/lyndon/All reviewers/Sept2026_LET Reviewer Files/C. BEED&BSED REVIEWER BOOKS-/A. 100_LET Reviewer 2025 with answer 125 problems.pdf,"If teacher has to ask more higher-order questions, he has to ask more ____ questions.",,,closed,,Fact,,concept,,convergent,,,,A,,Both,Professional Education,Needs Review,Cannot Determine,No,,0.70,Needs Review,Path explicitly groups BEED and BSED. Correct answer sourced from detected answer key section.
56,57,6,A. 100_LET Reviewer 2025 with answer 125 problems.pdf,/Users/lyndon/All reviewers/Sept2026_LET Reviewer Files/C. BEED&BSED REVIEWER BOOKS-/A. 100_LET Reviewer 2025 with answer 125 problems.pdf,What can be said of Peter who obtained a score of P75 in a Grammar objective test?,,,His rating is 75 items in the test correctly.,,He answered 75 % of the test items correctly.,,He answered 75.,,He performed better that 5% of his classmate.,,,,D,,Both,General Education,Grammar,Cannot Determine,No,,0.95,Ready for Upload,Path explicitly groups BEED and BSED. Correct answer sourced from detected answer key section.
57,58,6,A. 100_LET Reviewer 2025 with answer 125 problems.pdf,/Users/lyndon/All reviewers/Sept2026_LET Reviewer Files/C. BEED&BSED REVIEWER BOOKS-/A. 100_LET Reviewer 2025 with answer 125 problems.pdf,I drew learners into several content areas and encouraged them to solve a complex question for interdisciplinary teaching. Which strategy did I use?,,,Problem-centered learning,,Unit method,,Reading-writing activity,,Thematic instruction,,,,A,,Both,General Education,Algebra,Cannot Determine,No,,0.95,Ready for Upload,Path explicitly groups BEED and BSED. Correct answer sourced from detected answer key section.
58,59,6,A. 100_LET Reviewer 2025 with answer 125 problems.pdf,/Users/lyndon/All reviewers/Sept2026_LET Reviewer Files/C. BEED&BSED REVIEWER BOOKS-/A. 100_LET Reviewer 2025 with answer 125 problems.pdf,Which guidance in test construction is NOT observed in this test item “ Jose Rizal wrote ____”.,,,The central problem should be packed in the stem.,,There must be only one correct answer.,,Alternatives must grammatical parallelism.,,The alternative must be plausible.,,,,B,,Both,General Education,Philippine History,Cannot Determine,No,,0.70,Needs Review,Path explicitly groups BEED and BSED. Correct answer sourced from detected answer key section.
59,60,6,A. 100_LET Reviewer 2025 with answer 125 problems.pdf,/Users/lyndon/All reviewers/Sept2026_LET Reviewer Files/C. BEED&BSED REVIEWER BOOKS-/A. 100_LET Reviewer 2025 with answer 125 problems.pdf,"To elicit more students’ response, Teacher G. made use of covert responses. Which one did she NOT do?",,,She had the students write their response privately.,,She showed the correct answers on the overhead after the students have written their responses.,,She had the students write their responses privately then called each of them.,,She refrained from judging on the student’s responses.,,,,B,,Both,Professional Education,Needs Review,Cannot Determine,No,,0.95,Ready for Upload,Path explicitly groups BEED and BSED. Correct answer sourced from detected answer key section.
60,61,6,A. 100_LET Reviewer 2025 with answer 125 problems.pdf,/Users/lyndon/All reviewers/Sept2026_LET Reviewer Files/C. BEED&BSED REVIEWER BOOKS-/A. 100_LET Reviewer 2025 with answer 125 problems.pdf,"Direct instruction id a facts, rules, and actions as indirect instruction is for _____ ,____, _____.",,,"hypotheses, verified data and conclusions",,"concepts, patterns and abstractions",,"concepts, processes and generalizations",,"guesses, data and conclusions",,,,C,,Both,Professional Education,Teaching Strategies,Cannot Determine,No,,0.70,Needs Review,Path explicitly groups BEED and BSED. Correct answer sourced from detected answer key section.
61,62,6,A. 100_LET Reviewer 2025 with answer 125 problems.pdf,/Users/lyndon/All reviewers/Sept2026_LET Reviewer Files/C. BEED&BSED REVIEWER BOOKS-/A. 100_LET Reviewer 2025 with answer 125 problems.pdf,Which test has broad sampling of topics as strength?,,,Objective test,,Short answer test,,Essay test,,Problem test .,,,,A,,Both,General Education,Assessment Tools,Cannot Determine,No,,0.95,Ready for Upload,Path explicitly groups BEED and BSED. Correct answer sourced from detected answer key section.
62,63,6,A. 100_LET Reviewer 2025 with answer 125 problems.pdf,/Users/lyndon/All reviewers/Sept2026_LET Reviewer Files/C. BEED&BSED REVIEWER BOOKS-/A. 100_LET Reviewer 2025 with answer 125 problems.pdf,"Teacher T taught a lesson denoting ownership by means of possessives. He first introduced the rule, then gave examples, followed by class exercises, then back to the rule before he moved into second rule. Which presenting technique did he use",,,Combinatorial,,Comparative,,Part- whole,,Sequential,,,,A,,Both,Professional Education,Teaching Strategies,Cannot Determine,No,,0.95,Ready for Upload,Path explicitly groups BEED and BSED. Correct answer sourced from detected answer key section.
63,64,6-7,A. 100_LET Reviewer 2025 with answer 125 problems.pdf,/Users/lyndon/All reviewers/Sept2026_LET Reviewer Files/C. BEED&BSED REVIEWER BOOKS-/A. 100_LET Reviewer 2025 with answer 125 problems.pdf,"In his second item analysis, Teacher H found out that more from the lower group got the test item # 6 correctly. This means that the test item _____. Visit For more Pdf's Books Pdfbooksforum.com Visit For more Pdf's Books Pdfbooksforum.com",,,has a negative discriminating power.,,has a lower validity.,,has a positive discriminating power.,,has a high reability.,,,,B,,Both,Professional Education,Assessment Tools,Cannot Determine,No,,0.70,Needs Review,Path explicitly groups BEED and BSED. Correct answer sourced from detected answer key section.
64,65,7,A. 100_LET Reviewer 2025 with answer 125 problems.pdf,/Users/lyndon/All reviewers/Sept2026_LET Reviewer Files/C. BEED&BSED REVIEWER BOOKS-/A. 100_LET Reviewer 2025 with answer 125 problems.pdf,"Teacher E discussed how electricity flows through wires and what generates the electric charge. Then she gave the students wires, bulbs, switches, and dry cells and told the class to create a circuit that will increase the brightness of each bulb. Which one best describes the approach used?",,,It used a taxonomy of basic thinking skills.,,It was constructivist.,,It helped students understand scientific methodology.,,None of the above,,,,D,,Both,Professional Education,Needs Review,Cannot Determine,No,,0.95,Ready for Upload,Path explicitly groups BEED and BSED. Correct answer sourced from detected answer key section.
65,66,7,A. 100_LET Reviewer 2025 with answer 125 problems.pdf,/Users/lyndon/All reviewers/Sept2026_LET Reviewer Files/C. BEED&BSED REVIEWER BOOKS-/A. 100_LET Reviewer 2025 with answer 125 problems.pdf,Teacher W wants to review and check on the lesson of the previous day. Which one will be most reliable?,,,Having students identify difficult homework problems.,,Having students correct each other’s work.,,Sampling the understanding of a few students.,,Explicitly reviewing the task- relevant information necessary for the day’s lesson.,,,,A,,Both,Professional Education,Teaching Strategies,Cannot Determine,No,,0.95,Ready for Upload,Path explicitly groups BEED and BSED. Correct answer sourced from detected answer key section.
66,67,7,A. 100_LET Reviewer 2025 with answer 125 problems.pdf,/Users/lyndon/All reviewers/Sept2026_LET Reviewer Files/C. BEED&BSED REVIEWER BOOKS-/A. 100_LET Reviewer 2025 with answer 125 problems.pdf,"Shown a picture of children in sweaters inside the classrooms, the students were asked this question: In what kind of climate do these children live? This is a thought questions on ______.",,,inferring,,creating,,applying,,predicting,,,,E,,Both,General Education,Earth Science,Cannot Determine,No,,0.70,Needs Review,Path explicitly groups BEED and BSED. Correct answer sourced from detected answer key section.
67,68,7,A. 100_LET Reviewer 2025 with answer 125 problems.pdf,/Users/lyndon/All reviewers/Sept2026_LET Reviewer Files/C. BEED&BSED REVIEWER BOOKS-/A. 100_LET Reviewer 2025 with answer 125 problems.pdf,"Study this group of tests which was administered with the following results, then answer the question. Subject Mean SD Ronnel’s scrore Math 56 10 43 Physics 41 9 31 English 80 16 109 In which subject(s) did Ronnel perform best in relation to the group’s performance? A.Physics and Math",,,,,,,Physics B.English,,Math,,,,A,,Both,English,Statistics,Cannot Determine,No,,0.70,Incomplete,Path explicitly groups BEED and BSED. Correct answer sourced from detected answer key section.
68,69,7,A. 100_LET Reviewer 2025 with answer 125 problems.pdf,/Users/lyndon/All reviewers/Sept2026_LET Reviewer Files/C. BEED&BSED REVIEWER BOOKS-/A. 100_LET Reviewer 2025 with answer 125 problems.pdf,Which criterion should guide a teacher in the choice of instructional devices?,,,Attractiveness,,Cost,,Novelty,,Appropriateness,,,,A,,Both,Professional Education,Needs Review,Cannot Determine,No,,0.95,Ready for Upload,Path explicitly groups BEED and BSED. Correct answer sourced from detected answer key section.
69,70,7,A. 100_LET Reviewer 2025 with answer 125 problems.pdf,/Users/lyndon/All reviewers/Sept2026_LET Reviewer Files/C. BEED&BSED REVIEWER BOOKS-/A. 100_LET Reviewer 2025 with answer 125 problems.pdf,"Study this group of tests which was administered with the following results, then answer the question. Subject Mean SD Ronnel’s scrore Math 56 10 43 Physics 41 9 English 80 16 In which subject(s) did Ronnel perform poorly in relation to the group’s performance?",,,English,,English and Math,,Math,,Physics,,,,C,,Both,English,Statistics,Cannot Determine,No,,0.95,Ready for Upload,Path explicitly groups BEED and BSED. Correct answer sourced from detected answer key section.
70,71,7,A. 100_LET Reviewer 2025 with answer 125 problems.pdf,/Users/lyndon/All reviewers/Sept2026_LET Reviewer Files/C. BEED&BSED REVIEWER BOOKS-/A. 100_LET Reviewer 2025 with answer 125 problems.pdf,“What is most likely to happen to our economy when export continuously surpasses import” is a thought question on ______.,,,creating,,synthesizing,,relating cause- and-effect,,predicting,,,,E,,Both,General Education,Economics,Cannot Determine,No,,0.70,Needs Review,Path explicitly groups BEED and BSED. Correct answer sourced from detected answer key section.
71,72,7,A. 100_LET Reviewer 2025 with answer 125 problems.pdf,/Users/lyndon/All reviewers/Sept2026_LET Reviewer Files/C. BEED&BSED REVIEWER BOOKS-/A. 100_LET Reviewer 2025 with answer 125 problems.pdf,Which method has been proven to be effective in courses that stress acquisition of knowledge?,,,Socratic method,,Cooperative learning,,Indirect instruction,,Mastery learning,,,,C,,Both,General Education,Teaching Strategies,Cannot Determine,No,,0.95,Ready for Upload,Path explicitly groups BEED and BSED. Correct answer sourced from detected answer key section.
72,73,7-8,A. 100_LET Reviewer 2025 with answer 125 problems.pdf,/Users/lyndon/All reviewers/Sept2026_LET Reviewer Files/C. BEED&BSED REVIEWER BOOKS-/A. 100_LET Reviewer 2025 with answer 125 problems.pdf,Which is the first step in planning an achievement test?,,,Define the instructional objective.,,Decide on the length of the test.,,Select the type of test items to use. Visit For more Pdf's Books Pdfbooksforum.com Visit For more Pdf's Books Pdfbooksforum.com,,Build a table of specification.,,,,A,,Both,General Education,Assessment Tools,Cannot Determine,No,,0.95,Ready for Upload,Path explicitly groups BEED and BSED. Correct answer sourced from detected answer key section.
73,74,8,A. 100_LET Reviewer 2025 with answer 125 problems.pdf,/Users/lyndon/All reviewers/Sept2026_LET Reviewer Files/C. BEED&BSED REVIEWER BOOKS-/A. 100_LET Reviewer 2025 with answer 125 problems.pdf,Which activity should a teacher have more for his students if he wants to develop logical- mathematical thinking?,,,Drama,,Choral reading,,Problem solving,,Storytelling,,,,B,,Both,Professional Education,Needs Review,Cannot Determine,No,,0.95,Ready for Upload,Path explicitly groups BEED and BSED. Correct answer sourced from detected answer key section.
74,75,8,A. 100_LET Reviewer 2025 with answer 125 problems.pdf,/Users/lyndon/All reviewers/Sept2026_LET Reviewer Files/C. BEED&BSED REVIEWER BOOKS-/A. 100_LET Reviewer 2025 with answer 125 problems.pdf,Why should a teacher NOT use direct instruction all the time,,,It requires much time.,,It requires use of many supplemental materials.,,It is generally effective only in the teaching of concepts and abstractions.,,It reduces student’s engagement in learning.,,,,D,,Both,Professional Education,Teaching Strategies,Cannot Determine,No,,0.95,Ready for Upload,Path explicitly groups BEED and BSED. Correct answer sourced from detected answer key section.
75,76,8,A. 100_LET Reviewer 2025 with answer 125 problems.pdf,/Users/lyndon/All reviewers/Sept2026_LET Reviewer Files/C. BEED&BSED REVIEWER BOOKS-/A. 100_LET Reviewer 2025 with answer 125 problems.pdf,Which are direct measures of competence?,,,Personality tests,,Performance tests,,Paper- and-pencil test,,Standardized tests,,,,A,,Both,General Education,Needs Review,Cannot Determine,No,,0.95,Ready for Upload,Path explicitly groups BEED and BSED. Correct answer sourced from detected answer key section.
76,77,8,A. 100_LET Reviewer 2025 with answer 125 problems.pdf,/Users/lyndon/All reviewers/Sept2026_LET Reviewer Files/C. BEED&BSED REVIEWER BOOKS-/A. 100_LET Reviewer 2025 with answer 125 problems.pdf,Which is one role play in the pre-school and early childhood years?,,,Develops competitive spirit.,,Separates reality from fantasy.,,Increase imagination due to expanding knowledge and emotional range.,,Develops the upper and lower limbs.,,,,A,,Both,Elementary / Cannot Determine,Needs Review,Cannot Determine,No,,0.70,Needs Review,Path explicitly groups BEED and BSED. Correct answer sourced from detected answer key section.
77,78,8,A. 100_LET Reviewer 2025 with answer 125 problems.pdf,/Users/lyndon/All reviewers/Sept2026_LET Reviewer Files/C. BEED&BSED REVIEWER BOOKS-/A. 100_LET Reviewer 2025 with answer 125 problems.pdf,Teacher A discovered that his pupils are very good in dramatizing. Which tool must have helped him discover his pupils’ strength?,,,Portfolio assessment,,Performance test,,Journal entry,,Paper-and-pencil test,,,,A,,Both,Professional Education,Needs Review,Cannot Determine,No,,0.95,Ready for Upload,Path explicitly groups BEED and BSED. Correct answer sourced from detected answer key section.
78,79,8,A. 100_LET Reviewer 2025 with answer 125 problems.pdf,/Users/lyndon/All reviewers/Sept2026_LET Reviewer Files/C. BEED&BSED REVIEWER BOOKS-/A. 100_LET Reviewer 2025 with answer 125 problems.pdf,Teacher M’s pupils are quite weak academically and his lesson is already far behind time table. How should Teacher M proceed with his lesson?,,,Experientially,,Inductively,,Logically,,Deductively,,,,D,,Both,Professional Education,Teaching Strategies,Cannot Determine,No,,0.95,Ready for Upload,Path explicitly groups BEED and BSED. Correct answer sourced from detected answer key section.
79,81,8,A. 100_LET Reviewer 2025 with answer 125 problems.pdf,/Users/lyndon/All reviewers/Sept2026_LET Reviewer Files/C. BEED&BSED REVIEWER BOOKS-/A. 100_LET Reviewer 2025 with answer 125 problems.pdf,"I want to teach concepts, patterns and abstractions. Which method is most appropriate?",,,Indirect instruction,,Discovery,,Direct instruction,,Problem solving,,,,A,,Both,General Education,Teaching Strategies,Cannot Determine,No,,0.95,Ready for Upload,Path explicitly groups BEED and BSED. Correct answer sourced from detected answer key section.
80,82,8,A. 100_LET Reviewer 2025 with answer 125 problems.pdf,/Users/lyndon/All reviewers/Sept2026_LET Reviewer Files/C. BEED&BSED REVIEWER BOOKS-/A. 100_LET Reviewer 2025 with answer 125 problems.pdf,"If your Licensure Examination for Teacher (LET) items sample adequately the competencies listed in the syllabi, it can be said that LET possesses ______ validity.",,,concurrent,,construct,,content,,predictive,,,,A,,Both,Professional Education,Assessment Tools,Cannot Determine,No,,0.70,Needs Review,Path explicitly groups BEED and BSED. Correct answer sourced from detected answer key section.
81,83,8,A. 100_LET Reviewer 2025 with answer 125 problems.pdf,/Users/lyndon/All reviewers/Sept2026_LET Reviewer Files/C. BEED&BSED REVIEWER BOOKS-/A. 100_LET Reviewer 2025 with answer 125 problems.pdf,"Read the following then answer the questions: TEACHER: IN WHAT WAYS OTHER THAN THE PERIODIC TABLE MIGHT WE PREDICT THE UNDISCOVERED ELEMENTS? BOBBY: WE COULD GO TO THE MOON AND SEE IF THERE ARE SOME ELEMENTS THERE WE DON’T HAVE. BETTY: WE COULD DIG DOWN TO THE CENTER OF THE EARTH AND SEE IF WE FIND ANY OF THE MISSING ELEMENTS. RICKY: WE COULD STUDY DEBRIS FROM THE METEORITES-IF WE CAN FIND ANY . TEACHER: THOSE ARE ALL GOOD ANSWERS. BUT WHAT IF THOSE EXCURSIONS TO THE MOON, TO THE CENTER OF THE EARTH OR TO FIND METEORITES WERE TOO COSTLY AND TIME CONSUMING? HOW MIGHT WE USE THE ELEMENTS WE ALREADY HAVE HERE ON EARTH TO FIND SOME NEW ONES? Question: The Teacher questions in the above exchange are examples of ____ questions.",passage_page_08_q83,,Fact,,Concept,,Direct,,Closed,,,,D,,Both,Professional Education,Earth Science,Cannot Determine,No,,0.70,Needs Review,Path explicitly groups BEED and BSED. Correct answer sourced from detected answer key section.
82,84,8-9,A. 100_LET Reviewer 2025 with answer 125 problems.pdf,/Users/lyndon/All reviewers/Sept2026_LET Reviewer Files/C. BEED&BSED REVIEWER BOOKS-/A. 100_LET Reviewer 2025 with answer 125 problems.pdf,"In Krathwoh’s taxonomy of objectives in the affective, which is most authentic? Visit For more Pdf's Books Pdfbooksforum.com Visit For more Pdf's Books Pdfbooksforum.com A.Characterization",,,,,Valuing,,Responding,,Organization,,,,B,,Both,General Education,Needs Review,Cannot Determine,No,,0.70,Incomplete,Path explicitly groups BEED and BSED. Correct answer sourced from detected answer key section.
83,85,9,A. 100_LET Reviewer 2025 with answer 125 problems.pdf,/Users/lyndon/All reviewers/Sept2026_LET Reviewer Files/C. BEED&BSED REVIEWER BOOKS-/A. 100_LET Reviewer 2025 with answer 125 problems.pdf,"“In the light of the facts presented, what is most likely to happen when…?” is a simple thought question on _____.",,,inferring,,generalizing,,synthesizing,,justifying,,,,C,,Both,General Education,Needs Review,Cannot Determine,No,,0.70,Needs Review,Path explicitly groups BEED and BSED. Correct answer sourced from detected answer key section.
84,86,9,A. 100_LET Reviewer 2025 with answer 125 problems.pdf,/Users/lyndon/All reviewers/Sept2026_LET Reviewer Files/C. BEED&BSED REVIEWER BOOKS-/A. 100_LET Reviewer 2025 with answer 125 problems.pdf,The teacher’s first task in the selection of media in teaching is to determine the,passage_page_09_q86,,choice of the students,,availability of the media,,objectives of the lesson,,technique to be used,,,,A,,Both,Professional Education,Needs Review,Cannot Determine,No,,0.95,Ready for Upload,Path explicitly groups BEED and BSED. Correct answer sourced from detected answer key section.
85,87,9,A. 100_LET Reviewer 2025 with answer 125 problems.pdf,/Users/lyndon/All reviewers/Sept2026_LET Reviewer Files/C. BEED&BSED REVIEWER BOOKS-/A. 100_LET Reviewer 2025 with answer 125 problems.pdf,"In self-directed learning, to what extent should a teacher’s “scaffolding” be?",,,To a degree the student needs it.,,"None, to force the student to learn by himself",,"To the maximum, in order to extend to the student all the help he needs.",,"To the minimum, to spend up development of student’s sense of independence.",,,,D,,Both,Professional Education,Needs Review,Cannot Determine,No,,0.95,Ready for Upload,Path explicitly groups BEED and BSED. Correct answer sourced from detected answer key section.
86,88,9,A. 100_LET Reviewer 2025 with answer 125 problems.pdf,/Users/lyndon/All reviewers/Sept2026_LET Reviewer Files/C. BEED&BSED REVIEWER BOOKS-/A. 100_LET Reviewer 2025 with answer 125 problems.pdf,Which is a form of direct instruction?,,,Discovery process,,Problem solving,,Programmed instruction,,Inductive reasoning,,,,A,,Both,Professional Education,Teaching Strategies,Cannot Determine,No,,0.95,Ready for Upload,Path explicitly groups BEED and BSED. Correct answer sourced from detected answer key section.
87,89,9,A. 100_LET Reviewer 2025 with answer 125 problems.pdf,/Users/lyndon/All reviewers/Sept2026_LET Reviewer Files/C. BEED&BSED REVIEWER BOOKS-/A. 100_LET Reviewer 2025 with answer 125 problems.pdf,"With synthesizing skills in mind, which has the highest diagnostic value?",,,Essay test,,Performance test,,Completion tes,,Multiple choice test,,,,C,,Both,General Education,Needs Review,Cannot Determine,No,,0.95,Ready for Upload,Path explicitly groups BEED and BSED. Correct answer sourced from detected answer key section.
88,90,9,A. 100_LET Reviewer 2025 with answer 125 problems.pdf,/Users/lyndon/All reviewers/Sept2026_LET Reviewer Files/C. BEED&BSED REVIEWER BOOKS-/A. 100_LET Reviewer 2025 with answer 125 problems.pdf,How can you exhibit legitimate power on the first day of school?,,,By making your students feel they are accepted for who they are.,,By informing them you are allowed to act in loco parents.,,By making them realize the importance of good grades.,,By making them feel you have mastery of subject matter.,,,,C,,Both,Professional Education,Needs Review,Cannot Determine,No,,0.95,Ready for Upload,Path explicitly groups BEED and BSED. Correct answer sourced from detected answer key section.
89,91,9,A. 100_LET Reviewer 2025 with answer 125 problems.pdf,/Users/lyndon/All reviewers/Sept2026_LET Reviewer Files/C. BEED&BSED REVIEWER BOOKS-/A. 100_LET Reviewer 2025 with answer 125 problems.pdf,"Based on Edgar Dale’s Cone of Experience, which activity is farthest from the real thing?",,,View images,,Attend exhibit,,Watch a demo,,Hear,,,,D,,Both,General Education,Needs Review,Cannot Determine,No,,0.95,Ready for Upload,Path explicitly groups BEED and BSED. Correct answer sourced from detected answer key section.
90,92,9,A. 100_LET Reviewer 2025 with answer 125 problems.pdf,/Users/lyndon/All reviewers/Sept2026_LET Reviewer Files/C. BEED&BSED REVIEWER BOOKS-/A. 100_LET Reviewer 2025 with answer 125 problems.pdf,Which can effectively measure student’s awareness of values?,,,Projective techniques,,Moral dilemma,,Likert scales,,Anecdotal record,,,,A,,Both,General Education,Ethics,Cannot Determine,No,,0.95,Ready for Upload,Path explicitly groups BEED and BSED. Correct answer sourced from detected answer key section.
91,93,9,A. 100_LET Reviewer 2025 with answer 125 problems.pdf,/Users/lyndon/All reviewers/Sept2026_LET Reviewer Files/C. BEED&BSED REVIEWER BOOKS-/A. 100_LET Reviewer 2025 with answer 125 problems.pdf,I combined several subject areas in order to focus on a single concept for interdisciplinary teaching. Which strategy/method did I use?,,,Problem-entered learning,,Thematic instruction,,Reading-writing activity,,Unit method,,,,B,,Both,General Education,Teaching Strategies,Cannot Determine,No,,0.95,Ready for Upload,Path explicitly groups BEED and BSED. Correct answer sourced from detected answer key section.
92,94,9,A. 100_LET Reviewer 2025 with answer 125 problems.pdf,/Users/lyndon/All reviewers/Sept2026_LET Reviewer Files/C. BEED&BSED REVIEWER BOOKS-/A. 100_LET Reviewer 2025 with answer 125 problems.pdf,The test item ”Group the following items according to shape” is a thought test item on _______.,,,creating,,generating,,classifying,,comparing,,,,B,,Both,General Education,Assessment Tools,Cannot Determine,No,,0.70,Needs Review,Path explicitly groups BEED and BSED. Correct answer sourced from detected answer key section.
93,95,9,A. 100_LET Reviewer 2025 with answer 125 problems.pdf,/Users/lyndon/All reviewers/Sept2026_LET Reviewer Files/C. BEED&BSED REVIEWER BOOKS-/A. 100_LET Reviewer 2025 with answer 125 problems.pdf,"For maximum interaction, a teacher ought to avoid _____ questions.",,,informational,,rhetorical,,leading,,divergent,,,,D,,Both,Professional Education,Needs Review,Cannot Determine,No,,0.70,Needs Review,Path explicitly groups BEED and BSED. Correct answer sourced from detected answer key section.
94,96,9,A. 100_LET Reviewer 2025 with answer 125 problems.pdf,/Users/lyndon/All reviewers/Sept2026_LET Reviewer Files/C. BEED&BSED REVIEWER BOOKS-/A. 100_LET Reviewer 2025 with answer 125 problems.pdf,By what name is Socratic method also known ?,,,Mastery learning,,Indirect instruction,,Morrison method,,Questioning Method,,,,C,,Both,General Education,Teaching Strategies,Cannot Determine,No,,0.95,Ready for Upload,Path explicitly groups BEED and BSED. Correct answer sourced from detected answer key section.
95,97,9,A. 100_LET Reviewer 2025 with answer 125 problems.pdf,/Users/lyndon/All reviewers/Sept2026_LET Reviewer Files/C. BEED&BSED REVIEWER BOOKS-/A. 100_LET Reviewer 2025 with answer 125 problems.pdf,Which is an appropriate way to make manage off-task behavior?,,,Make eye contact.,,Stop your class activity to correct a child who is no longer on task.,,Move closer to the child.,,Redirect a child’s attention to task and check his progress to make sure he is continuing to work Visit For more Pdf's Books Pdfbooksforum.com Visit For more Pdf's Books Pdfbooksforum.com,,,,D,,Both,General Education,Educational Psychology,Cannot Determine,No,,0.95,Ready for Upload,Path explicitly groups BEED and BSED. Correct answer sourced from detected answer key section.
96,98,9-10,A. 100_LET Reviewer 2025 with answer 125 problems.pdf,/Users/lyndon/All reviewers/Sept2026_LET Reviewer Files/C. BEED&BSED REVIEWER BOOKS-/A. 100_LET Reviewer 2025 with answer 125 problems.pdf,Which one can best evaluate student’s attitudinal development?,,,Essay test,,Portfolio,,Observation,,Short answer test,,,,D,,Both,General Education,Child Development,Cannot Determine,No,,0.95,Ready for Upload,Path explicitly groups BEED and BSED. Correct answer sourced from detected answer key section.
97,99,10,A. 100_LET Reviewer 2025 with answer 125 problems.pdf,/Users/lyndon/All reviewers/Sept2026_LET Reviewer Files/C. BEED&BSED REVIEWER BOOKS-/A. 100_LET Reviewer 2025 with answer 125 problems.pdf,What should a teacher do for students in his class who are on grade level,,,"Give them materials on their level and let them work at a pace that is reasonable for them, trying to bring them up to a grade level.",,"Give them the same work as the other students, because they will absorb as much as they are capable of.",,"Give them the same work as the other students, not much, so that they won’t feel embarrassed.",,Give them work on the level of the other students and work a little above the classmates level to challenge them.,,,,D,,Both,Professional Education,Needs Review,Cannot Determine,No,,0.95,Ready for Upload,Path explicitly groups BEED and BSED. Correct answer sourced from detected answer key section.
98,100,10,A. 100_LET Reviewer 2025 with answer 125 problems.pdf,/Users/lyndon/All reviewers/Sept2026_LET Reviewer Files/C. BEED&BSED REVIEWER BOOKS-/A. 100_LET Reviewer 2025 with answer 125 problems.pdf,"With-it-ness, according to Kourin, is one of the characteristics of an effective classroom manager. Which phrase goes with it?",,,Have hands that write fast.,,Have eyes on the back of your hands.,,Have a mouth ready to speak.,,Have minds packed with knowledge.,,,,C,,Both,Professional Education,Needs Review,Cannot Determine,No,,0.95,Ready for Upload,Path explicitly groups BEED and BSED. Correct answer sourced from detected answer key section.
99,101,10,A. 100_LET Reviewer 2025 with answer 125 problems.pdf,/Users/lyndon/All reviewers/Sept2026_LET Reviewer Files/C. BEED&BSED REVIEWER BOOKS-/A. 100_LET Reviewer 2025 with answer 125 problems.pdf,"On whose philosophy was A.S.Neil Summerhill, one of the most experimental schools based?",,,Rousseau,,Pestalozzi,,Montessori,,John Locke,,,,A,,Both,General Education,Needs Review,Cannot Determine,No,,0.95,Ready for Upload,Path explicitly groups BEED and BSED. Correct answer sourced from detected answer key section.
100,102,10,A. 100_LET Reviewer 2025 with answer 125 problems.pdf,/Users/lyndon/All reviewers/Sept2026_LET Reviewer Files/C. BEED&BSED REVIEWER BOOKS-/A. 100_LET Reviewer 2025 with answer 125 problems.pdf,Which Filipino trait works against the shift in teacher’s role from teacher as a fountain of information to teacher as facilitator?,,,Authoritativeness,,,,Hiya B.Authoritarianism,,Pakikisama,,,,B,,Both,Filipino,Needs Review,Cannot Determine,No,,0.70,Incomplete,Path explicitly groups BEED and BSED. Correct answer sourced from detected answer key section.
101,103,10,A. 100_LET Reviewer 2025 with answer 125 problems.pdf,/Users/lyndon/All reviewers/Sept2026_LET Reviewer Files/C. BEED&BSED REVIEWER BOOKS-/A. 100_LET Reviewer 2025 with answer 125 problems.pdf,"Teacher A is a teacher of English as Second Language: she uses vocabulary cards, fill-in-the blank sentences, dictation and writing exercises in teaching a lesson about grocery shopping. Based on this information, which of the following is a valid conclusion?",,,The teacher is applying Bloom’s hierarchy of cognitive learning.,,The teacher is teaching variety of ways because not all students learn in the same manner.,,The teacher wants to make her teaching easier by having less talk.,,The teacher is emphasizing reading and writing skills.,,,,B,,Both,English,Vocabulary,Cannot Determine,No,,0.95,Ready for Upload,Path explicitly groups BEED and BSED. Correct answer sourced from detected answer key section.
102,104,10,A. 100_LET Reviewer 2025 with answer 125 problems.pdf,/Users/lyndon/All reviewers/Sept2026_LET Reviewer Files/C. BEED&BSED REVIEWER BOOKS-/A. 100_LET Reviewer 2025 with answer 125 problems.pdf,"With specific details in mind, which one has (have) a stronger diagnostic value?",,,Multiple choice test,,Non-restricted essay test,,Restricted essay test,,Restricted and non-restricted essay tests,,,,D,,Both,General Education,Needs Review,Cannot Determine,No,,0.95,Ready for Upload,Path explicitly groups BEED and BSED. Correct answer sourced from detected answer key section.
103,105,10,A. 100_LET Reviewer 2025 with answer 125 problems.pdf,/Users/lyndon/All reviewers/Sept2026_LET Reviewer Files/C. BEED&BSED REVIEWER BOOKS-/A. 100_LET Reviewer 2025 with answer 125 problems.pdf,"Teacher B is a teacher of English as Second Language: she uses vocabulary cards, fill-in-the blank sentences, dictation and writing exercises in teaching a lesson about grocery shopping. Based on this information, which of the following is a valid conclusion?",,,The teacher is reinforcing learning by giving the same information in a variety of methods.,,The teacher applying Bloom’s hierarchy of cognitive learning.,,The teacher is wants to do less talk.,,The teacher is emphasizing listening and speaking skills.,,,,A,,Both,English,Vocabulary,Cannot Determine,No,,0.95,Ready for Upload,Path explicitly groups BEED and BSED. Correct answer sourced from detected answer key section.
104,106,10-11,A. 100_LET Reviewer 2025 with answer 125 problems.pdf,/Users/lyndon/All reviewers/Sept2026_LET Reviewer Files/C. BEED&BSED REVIEWER BOOKS-/A. 100_LET Reviewer 2025 with answer 125 problems.pdf,"In a criterion-referenced testing, what must you do to ensure that your test is fair",,,Make all of the questions true or false.,,Ask each student to contribute one question. Visit For more Pdf's Books Pdfbooksforum.com Visit For more Pdf's Books Pdfbooksforum.com,,Make twenty questions but ask the students to answer only ten of their choice.,,Use objectives for the unit as guide in your test construction.,,,,C,,Both,General Education,Assessment Tools,Cannot Determine,No,,0.95,Ready for Upload,Path explicitly groups BEED and BSED. Correct answer sourced from detected answer key section.
105,107,11,A. 100_LET Reviewer 2025 with answer 125 problems.pdf,/Users/lyndon/All reviewers/Sept2026_LET Reviewer Files/C. BEED&BSED REVIEWER BOOKS-/A. 100_LET Reviewer 2025 with answer 125 problems.pdf,Read this question: “How will you present the layers of the earth to your class?” This is a question that _________.,passage_page_11_q107,,directs,,leads the students to evaluate,,assesses cognition,,probes creative thinking,,,,C,,Both,General Education,Earth Science,Cannot Determine,No,,0.70,Needs Review,Path explicitly groups BEED and BSED. Correct answer sourced from detected answer key section.
106,108,11,A. 100_LET Reviewer 2025 with answer 125 problems.pdf,/Users/lyndon/All reviewers/Sept2026_LET Reviewer Files/C. BEED&BSED REVIEWER BOOKS-/A. 100_LET Reviewer 2025 with answer 125 problems.pdf,"In Krathwoh’s affective domain of objectives, which of the following is the lowest level of effective behavior?",,,Valuing,,Characterization,,Responding,,Organization,,,,B,,Both,General Education,Educational Psychology,Cannot Determine,No,,0.95,Ready for Upload,Path explicitly groups BEED and BSED. Correct answer sourced from detected answer key section.
107,109,11,A. 100_LET Reviewer 2025 with answer 125 problems.pdf,/Users/lyndon/All reviewers/Sept2026_LET Reviewer Files/C. BEED&BSED REVIEWER BOOKS-/A. 100_LET Reviewer 2025 with answer 125 problems.pdf,Which is NOT a sound purpose for asking questions?,,,To probe deeper after an answer is given,,To discipline a bully in class,,To remind students of a procedure,,To encourage self-reflection,,,,A,,Both,General Education,Needs Review,Cannot Determine,No,,0.95,Ready for Upload,Path explicitly groups BEED and BSED. Correct answer sourced from detected answer key section.
108,110,11,A. 100_LET Reviewer 2025 with answer 125 problems.pdf,/Users/lyndon/All reviewers/Sept2026_LET Reviewer Files/C. BEED&BSED REVIEWER BOOKS-/A. 100_LET Reviewer 2025 with answer 125 problems.pdf,It is not wise to laugh at a two-year old child when he utters bad word because in his stage he is learning to __________.,,,considered other’s views,,distinguish right from wrong,,socialize,,distinguish sex differences,,,,B,,Both,Professional Education,Vocabulary,Cannot Determine,No,,0.70,Needs Review,Path explicitly groups BEED and BSED. Correct answer sourced from detected answer key section.
109,111,11,A. 100_LET Reviewer 2025 with answer 125 problems.pdf,/Users/lyndon/All reviewers/Sept2026_LET Reviewer Files/C. BEED&BSED REVIEWER BOOKS-/A. 100_LET Reviewer 2025 with answer 125 problems.pdf,Research tells that teachers ask mostly content questions. Which of the following terms does NOT refer to content questions?,,,Closed,,Direct,,Concept,,Convergent,,,,D,,Both,General Education,Needs Review,Cannot Determine,No,,0.95,Ready for Upload,Path explicitly groups BEED and BSED. Correct answer sourced from detected answer key section.
110,112,11,A. 100_LET Reviewer 2025 with answer 125 problems.pdf,/Users/lyndon/All reviewers/Sept2026_LET Reviewer Files/C. BEED&BSED REVIEWER BOOKS-/A. 100_LET Reviewer 2025 with answer 125 problems.pdf,"In mastery learning, the definition of an acceptable standard of performance is called a",,,behavior,,condition,,SMART,,criterion measure,,,,D,,Both,Professional Education,Needs Review,Cannot Determine,No,,0.95,Ready for Upload,Path explicitly groups BEED and BSED. Correct answer sourced from detected answer key section.
111,113,11,A. 100_LET Reviewer 2025 with answer 125 problems.pdf,/Users/lyndon/All reviewers/Sept2026_LET Reviewer Files/C. BEED&BSED REVIEWER BOOKS-/A. 100_LET Reviewer 2025 with answer 125 problems.pdf,"Based on Edgar Dale’s Cone of Experience, which activity is farthest from the real thing?",,,Read,,Hear,,View images,,Attend exhibit,,,,A,,Both,General Education,Needs Review,Cannot Determine,No,89,0.95,Duplicate,Path explicitly groups BEED and BSED. Correct answer sourced from detected answer key section. Duplicate or near-duplicate of row 89.
112,114,11,A. 100_LET Reviewer 2025 with answer 125 problems.pdf,/Users/lyndon/All reviewers/Sept2026_LET Reviewer Files/C. BEED&BSED REVIEWER BOOKS-/A. 100_LET Reviewer 2025 with answer 125 problems.pdf,"After giving an input on a good paragraph, Teacher W asks her students to rate a given paragraph along the elements of a good paragraph. The students’ task is in level of _________.",passage_page_11_q114,,application,,analysis,,evaluation,,synthesis,,,,D,,Both,Professional Education,Reading Comprehension,Cannot Determine,No,,0.70,Needs Review,Path explicitly groups BEED and BSED. Correct answer sourced from detected answer key section.
113,115,11,A. 100_LET Reviewer 2025 with answer 125 problems.pdf,/Users/lyndon/All reviewers/Sept2026_LET Reviewer Files/C. BEED&BSED REVIEWER BOOKS-/A. 100_LET Reviewer 2025 with answer 125 problems.pdf,Which is one characteristic of an effective classroom management?,,,It quickly and unobtrusively redirects misbehavior once it occurs.,,It teaches dependence on other for self-control.,,It respects cultural norms of a limited group students.,,Strategies are simple enough to be used consistently,,,,A,,Both,Professional Education,Classroom Management,Cannot Determine,No,,0.95,Ready for Upload,Path explicitly groups BEED and BSED. Correct answer sourced from detected answer key section.
114,116,11-12,A. 100_LET Reviewer 2025 with answer 125 problems.pdf,/Users/lyndon/All reviewers/Sept2026_LET Reviewer Files/C. BEED&BSED REVIEWER BOOKS-/A. 100_LET Reviewer 2025 with answer 125 problems.pdf,"Read the following then answer the questions: TEACHER: IN WHAT WAYS OTHER THAN THE PERIODIC TABLE MIGHT WE PREDICT THE UNDISCOVERED ELEMENTS? BOBBY: WE COULD GO TO THE MOON AND SEE IF THERE ARE SOME ELEMENTS THERE WE DON’T HAVE. BETTY: WE COULD DIG DOWN TO THE CENTER OF THE EARTH AND SEE IF WE FIND ANY OF THE MISSING ELEMENTS. RICKY: WE COULD STUDY DEBRIS FROM THE METEORITES- IF WE CAN FIND ANY . TEACHER: THOSE ARE ALL GOOD ANSWERS BUT WHAT IF THOSE EXCURSIONS TO THE MOON, TO THE CENTER OF THE EARTH OR TO FIND METEORITES WERE TOO COSTLY AND TIME CONSUMING? HOW MIGHT WE USE THE ELEMENTS WE ALREADY HAVE HERE ON EARTH TO FIND SOME NEW ONES? Visit For more Pdf's Books Pdfbooksforum.com Visit For more Pdf's Books Pdfbooksforum.com Question: which questioning strategy/ies does/do the exchange of thoughts above illustrate?",passage_page_11_q116,,Funneling,,Sowing and reaping,,Nose-dive,,Extending and lifting,,,,B,,Both,Professional Education,Earth Science,Cannot Determine,No,,0.95,Ready for Upload,Path explicitly groups BEED and BSED. Correct answer sourced from detected answer key section.
115,117,12,A. 100_LET Reviewer 2025 with answer 125 problems.pdf,/Users/lyndon/All reviewers/Sept2026_LET Reviewer Files/C. BEED&BSED REVIEWER BOOKS-/A. 100_LET Reviewer 2025 with answer 125 problems.pdf,How can you exhibit referent power on the first day of school?,,,By making them feel you know what you are talking about.,,By telling them the importance of good grades.,,By reminding your students your authority over them again and again.,,By giving your students a sense of belonging and acceptance.,,,,C,,Both,Professional Education,Needs Review,Cannot Determine,No,,0.95,Ready for Upload,Path explicitly groups BEED and BSED. Correct answer sourced from detected answer key section.
116,118,12,A. 100_LET Reviewer 2025 with answer 125 problems.pdf,/Users/lyndon/All reviewers/Sept2026_LET Reviewer Files/C. BEED&BSED REVIEWER BOOKS-/A. 100_LET Reviewer 2025 with answer 125 problems.pdf,"A sixth grade twelve-year old boy comes from a dysfunctional family and has been abused and neglected. He has been to two orphanages and three different elementary schools. The student can decode on the second grade level, but he can comprehend orally material at the fourth or fifth grade level. The most probable cause/s of this student’s reading problem is/are ______.",,,emotional factors,,poor teaching,,neurological factors,,immaturity,,,,A,,Both,General Education,Needs Review,Cannot Determine,No,,0.70,Needs Review,Path explicitly groups BEED and BSED. Correct answer sourced from detected answer key section.
117,119,12,A. 100_LET Reviewer 2025 with answer 125 problems.pdf,/Users/lyndon/All reviewers/Sept2026_LET Reviewer Files/C. BEED&BSED REVIEWER BOOKS-/A. 100_LET Reviewer 2025 with answer 125 problems.pdf,Which questioning practice promotes more class interaction?,,,Asking the question before calling a student,,Focusing on divergent questions.,,Focusing on convergent questions.,,Asking rhetorical questions,,,,A,,Both,General Education,Needs Review,Cannot Determine,No,,0.95,Ready for Upload,Path explicitly groups BEED and BSED. Correct answer sourced from detected answer key section.
118,120,12,A. 100_LET Reviewer 2025 with answer 125 problems.pdf,/Users/lyndon/All reviewers/Sept2026_LET Reviewer Files/C. BEED&BSED REVIEWER BOOKS-/A. 100_LET Reviewer 2025 with answer 125 problems.pdf,The following are sound specific purpose of questions EXCEPTS,,,To call the attention of an inattentive student,,To teach via student answers,,To stimulate learners to ask questions,,To arouse interest and curiosity,,,,B,,Both,General Education,Needs Review,Cannot Determine,No,,0.95,Ready for Upload,Path explicitly groups BEED and BSED. Correct answer sourced from detected answer key section.
119,121,12,A. 100_LET Reviewer 2025 with answer 125 problems.pdf,/Users/lyndon/All reviewers/Sept2026_LET Reviewer Files/C. BEED&BSED REVIEWER BOOKS-/A. 100_LET Reviewer 2025 with answer 125 problems.pdf,Which technique should a teacher use to encourage response if his students do not respond to his question?,,,"Ask a specific student to respond, state the question, and wait a response.",,Tell the class that it will have detention unless answers are forthcoming.,,"Ask another question, an easier one.",,Wait for a response.,,,,D,,Both,Professional Education,Needs Review,Cannot Determine,No,,0.95,Ready for Upload,Path explicitly groups BEED and BSED. Correct answer sourced from detected answer key section.
120,122,12,A. 100_LET Reviewer 2025 with answer 125 problems.pdf,/Users/lyndon/All reviewers/Sept2026_LET Reviewer Files/C. BEED&BSED REVIEWER BOOKS-/A. 100_LET Reviewer 2025 with answer 125 problems.pdf,Which types of play is most characteristic of a four to six-year old child?,,,Solidarity plays and onlookers plays,,Associative and cooperative plays,,Associative and onlookers plays,,Cooperative and solidarity plays,,,,,,Both,General Education,Child Development,Cannot Determine,No,,0.72,Needs Answer,Path explicitly groups BEED and BSED. Answer key exists in source text but this item was not matched confidently.
121,123,12,A. 100_LET Reviewer 2025 with answer 125 problems.pdf,/Users/lyndon/All reviewers/Sept2026_LET Reviewer Files/C. BEED&BSED REVIEWER BOOKS-/A. 100_LET Reviewer 2025 with answer 125 problems.pdf,The principle of the individual difference requires teachers to ___________.,,,give greater attention to gifted learners,,provide for a variety of learning activities,,treat all learners alike while in the classroom,,prepare modules for slow learners in class,,,,D,,Both,General Education,Needs Review,Cannot Determine,No,,0.70,Needs Review,Path explicitly groups BEED and BSED. Correct answer sourced from detected answer key section.
122,124,12,A. 100_LET Reviewer 2025 with answer 125 problems.pdf,/Users/lyndon/All reviewers/Sept2026_LET Reviewer Files/C. BEED&BSED REVIEWER BOOKS-/A. 100_LET Reviewer 2025 with answer 125 problems.pdf,"Referring to Teacher S, Nicolle describes her teacher as “fair, caring and someone you can talk to”. Which power or leadership does Teacher S have?",,,Referent power,,Legitimate power,,Reward power,,Expert power,,,,C,,Both,Professional Education,Needs Review,Cannot Determine,No,,0.95,Ready for Upload,Path explicitly groups BEED and BSED. Correct answer sourced from detected answer key section.
123,125,12-13,A. 100_LET Reviewer 2025 with answer 125 problems.pdf,/Users/lyndon/All reviewers/Sept2026_LET Reviewer Files/C. BEED&BSED REVIEWER BOOKS-/A. 100_LET Reviewer 2025 with answer 125 problems.pdf,"During the Spanish period, what was/were the medium/media of instruction in schools? A.The Vernacular",,,,,,,Spanish Visit For more Pdf's Books Pdfbooksforum.com Visit For more Pdf's Books Pdfbooksforum.com B.English,,Spanish and the Vernacular,,,,B,,Both,Professional Education,Teaching Strategies,Cannot Determine,No,,0.70,Incomplete,Path explicitly groups BEED and BSED. Correct answer sourced from detected answer key section.
124,126,13,A. 100_LET Reviewer 2025 with answer 125 problems.pdf,/Users/lyndon/All reviewers/Sept2026_LET Reviewer Files/C. BEED&BSED REVIEWER BOOKS-/A. 100_LET Reviewer 2025 with answer 125 problems.pdf,"Rodel is very aloof and cold in his relationship with classmates. Which basic goals must have not been attained by Rodel during his developmental years, according to Erickson’s theory of psychological development?",,,Autonomy,,Trust,,Initiative,,Generativity,,,,C,,Both,General Education,Child Development,Cannot Determine,No,,0.95,Ready for Upload,Path explicitly groups BEED and BSED. Correct answer sourced from detected answer key section.
125,127,13,A. 100_LET Reviewer 2025 with answer 125 problems.pdf,/Users/lyndon/All reviewers/Sept2026_LET Reviewer Files/C. BEED&BSED REVIEWER BOOKS-/A. 100_LET Reviewer 2025 with answer 125 problems.pdf,How can you exhibit expert power on the first day of school?,,,By making them feel you know what you are talking about.,,By telling them the importance of good grades.,,By reminding then your students your authority over them again and again.,,By giving your students a sense of belonging and acceptance.,,,,D,,Both,Professional Education,Needs Review,Cannot Determine,No,,0.95,Ready for Upload,Path explicitly groups BEED and BSED. Correct answer sourced from detected answer key section.
126,128,13,A. 100_LET Reviewer 2025 with answer 125 problems.pdf,/Users/lyndon/All reviewers/Sept2026_LET Reviewer Files/C. BEED&BSED REVIEWER BOOKS-/A. 100_LET Reviewer 2025 with answer 125 problems.pdf,Teacher P wants to develop the skill of synthesizing in her pupil. Which one will she do?,,,Ask her students to formulate a generalization from the data shown in graphs.,,Ask her students to answer questions beginning with “What if …”,,Tell her pupils to state data presented in graphs.,,Directs her students to ask questions on the parts of the lesson not understood.,,,,D,,Both,Professional Education,Needs Review,Cannot Determine,No,,0.95,Ready for Upload,Path explicitly groups BEED and BSED. Correct answer sourced from detected answer key section.
127,129,13,A. 100_LET Reviewer 2025 with answer 125 problems.pdf,/Users/lyndon/All reviewers/Sept2026_LET Reviewer Files/C. BEED&BSED REVIEWER BOOKS-/A. 100_LET Reviewer 2025 with answer 125 problems.pdf,John Watson said “Men are built not born. ” What does this statement point to?,,,The ineffectiveness of training on a person’s development.,,The effect of environmental stimulation on a person’s development.,,The absence of genetic influence on a person’s development.,,The effect of heredity.,,,,C,,Both,General Education,Needs Review,Cannot Determine,No,,0.95,Ready for Upload,Path explicitly groups BEED and BSED. Correct answer sourced from detected answer key section.
128,130,13,A. 100_LET Reviewer 2025 with answer 125 problems.pdf,/Users/lyndon/All reviewers/Sept2026_LET Reviewer Files/C. BEED&BSED REVIEWER BOOKS-/A. 100_LET Reviewer 2025 with answer 125 problems.pdf,Teacher H strives to draw participation of every student into classroom discussion. Which student’s need is she trying to address? The need,,,to show their oral abilities to the rest of the class,,to be creative,,to feel significant and be part of a group,,to get everything out in the open,,,,C,,Both,Professional Education,Teaching Strategies,Cannot Determine,No,,0.95,Ready for Upload,Path explicitly groups BEED and BSED. Correct answer sourced from detected answer key section.
129,131,13,A. 100_LET Reviewer 2025 with answer 125 problems.pdf,/Users/lyndon/All reviewers/Sept2026_LET Reviewer Files/C. BEED&BSED REVIEWER BOOKS-/A. 100_LET Reviewer 2025 with answer 125 problems.pdf,Teacher G’s lessons objective has something to do with the skill of synthesizing? Which behavioral term is most appropriate?,,,Test,,Assess,,Appraisal,,Theorize,,,,C,,Both,Professional Education,Needs Review,Cannot Determine,No,,0.95,Ready for Upload,Path explicitly groups BEED and BSED. Correct answer sourced from detected answer key section.
130,132,13,A. 100_LET Reviewer 2025 with answer 125 problems.pdf,/Users/lyndon/All reviewers/Sept2026_LET Reviewer Files/C. BEED&BSED REVIEWER BOOKS-/A. 100_LET Reviewer 2025 with answer 125 problems.pdf,Which is a sound classroom management practice?,,,Avoid establishing routines; routines make your student robots.,,Establish routines for all daily needs and tasks.,,Apply rules and policies on a case to case basis.,,Apply reactive approach to discipline.,,,,D,,Both,Professional Education,Classroom Management,Cannot Determine,No,,0.95,Ready for Upload,Path explicitly groups BEED and BSED. Correct answer sourced from detected answer key section.
131,133,13,A. 100_LET Reviewer 2025 with answer 125 problems.pdf,/Users/lyndon/All reviewers/Sept2026_LET Reviewer Files/C. BEED&BSED REVIEWER BOOKS-/A. 100_LET Reviewer 2025 with answer 125 problems.pdf,"A child who gets punished for stealing candy may not steal again immediately. But this does not mean that the child may not steal again. Based on Thorndike’s theory on punishment and learning, this shows that ______________.",,,punishment strengthen e a response,,punishment remove a response,,punishment does not remove a response,,punishment weakens a response,,,,B,,Both,Professional Education,Statistics,Cannot Determine,No,,0.70,Needs Review,Path explicitly groups BEED and BSED. Correct answer sourced from detected answer key section.
132,134,13-14,A. 100_LET Reviewer 2025 with answer 125 problems.pdf,/Users/lyndon/All reviewers/Sept2026_LET Reviewer Files/C. BEED&BSED REVIEWER BOOKS-/A. 100_LET Reviewer 2025 with answer 125 problems.pdf,Which assumption underlines the teacher’s use of performance objectives?,,,Not every form of learning id observable. Visit For more Pdf's Books Pdfbooksforum.com Visit For more Pdf's Books Pdfbooksforum.com,,Performance objectives assure the learner of learning.,,Learning is defined as a change in the learner’s observable performance.,,The success of the learner is based on teacher’s performance.,,,,,,Both,Professional Education,Needs Review,Cannot Determine,No,,0.72,Needs Answer,Path explicitly groups BEED and BSED. Answer key exists in source text but this item was not matched confidently.
133,135,14,A. 100_LET Reviewer 2025 with answer 125 problems.pdf,/Users/lyndon/All reviewers/Sept2026_LET Reviewer Files/C. BEED&BSED REVIEWER BOOKS-/A. 100_LET Reviewer 2025 with answer 125 problems.pdf,"As a teacher, what do you do when you engage yourself in major task analysis?",,,Test if learning reached higher level thinking skills,,Breakdown a complex task into sub-skills,,Determine the level of thinking involved,,Revise lesson objectives,,,,C,,Both,Professional Education,Needs Review,Cannot Determine,No,,0.95,Ready for Upload,Path explicitly groups BEED and BSED. Correct answer sourced from detected answer key section.
134,136,14,A. 100_LET Reviewer 2025 with answer 125 problems.pdf,/Users/lyndon/All reviewers/Sept2026_LET Reviewer Files/C. BEED&BSED REVIEWER BOOKS-/A. 100_LET Reviewer 2025 with answer 125 problems.pdf,The following are used in writing performance objectives EXCEPT,,,delineate,,diagram,,integrate,,comprehend,,,,C,,Both,General Education,Needs Review,Cannot Determine,No,,0.95,Ready for Upload,Path explicitly groups BEED and BSED. Correct answer sourced from detected answer key section.
135,137,14,A. 100_LET Reviewer 2025 with answer 125 problems.pdf,/Users/lyndon/All reviewers/Sept2026_LET Reviewer Files/C. BEED&BSED REVIEWER BOOKS-/A. 100_LET Reviewer 2025 with answer 125 problems.pdf,Teacher B clears his throat to communicate disapproval of a student’s behavior. Which specific influence technique is this?,,,Signal interference,,Direct appeal,,Interest boosting,,Proximity control,,,,B,,Both,Professional Education,Educational Psychology,Cannot Determine,No,,0.95,Ready for Upload,Path explicitly groups BEED and BSED. Correct answer sourced from detected answer key section.
136,138,14,A. 100_LET Reviewer 2025 with answer 125 problems.pdf,/Users/lyndon/All reviewers/Sept2026_LET Reviewer Files/C. BEED&BSED REVIEWER BOOKS-/A. 100_LET Reviewer 2025 with answer 125 problems.pdf,An effective classroom manager uses low-profile classroom control. What is a low- profile classroom technique?,,,Note to parents,,After-school detention,,Withdrawal of privileges,,Raising the pitch of the voice,,,,C,,Both,Professional Education,Needs Review,Cannot Determine,No,,0.95,Ready for Upload,Path explicitly groups BEED and BSED. Correct answer sourced from detected answer key section.
137,139,14,A. 100_LET Reviewer 2025 with answer 125 problems.pdf,/Users/lyndon/All reviewers/Sept2026_LET Reviewer Files/C. BEED&BSED REVIEWER BOOKS-/A. 100_LET Reviewer 2025 with answer 125 problems.pdf,The primary objective of my lesson is: “To add similar fractions correctly.” Before I can do this I must first aim at this specific objective: “to distinguish a numerator from a nominator. “What kind of objective is the latter?,,,Major,,Terminal,,Enabling,,Primary,,,,C,,Both,General Education,Teaching Strategies,Cannot Determine,No,,0.95,Ready for Upload,Path explicitly groups BEED and BSED. Correct answer sourced from detected answer key section.
138,140,14,A. 100_LET Reviewer 2025 with answer 125 problems.pdf,/Users/lyndon/All reviewers/Sept2026_LET Reviewer Files/C. BEED&BSED REVIEWER BOOKS-/A. 100_LET Reviewer 2025 with answer 125 problems.pdf,With which goals of educational institutions as provided for by the Constitution is the development of work skills aligned?,,,To develop moral character,,To teach the duties of citizenship,,To inculcate love of country,,To develop vocational efficiency,,,,A,,Both,General Education,Government,Cannot Determine,No,,0.95,Ready for Upload,Path explicitly groups BEED and BSED. Correct answer sourced from detected answer key section.
139,141,14,A. 100_LET Reviewer 2025 with answer 125 problems.pdf,/Users/lyndon/All reviewers/Sept2026_LET Reviewer Files/C. BEED&BSED REVIEWER BOOKS-/A. 100_LET Reviewer 2025 with answer 125 problems.pdf,In instructional planning it is necessary that parts of the plan from the first to the last have ___________.,,,clarity,,symmetry,,coherence,,conciseness,,,,A,,Both,General Education,Needs Review,Cannot Determine,No,,0.70,Needs Review,Path explicitly groups BEED and BSED. Correct answer sourced from detected answer key section.
140,142,14,A. 100_LET Reviewer 2025 with answer 125 problems.pdf,/Users/lyndon/All reviewers/Sept2026_LET Reviewer Files/C. BEED&BSED REVIEWER BOOKS-/A. 100_LET Reviewer 2025 with answer 125 problems.pdf,All of the following describe the development of children aged eleven to thirteen EXCEPT,,,they shift from impulsivity to adaptive ability,,sex differences in IQ becomes more evident,,they exhibit increased objectivity in thinking,,they show abstract thinking and judgement,,,,,,Both,General Education,Child Development,Cannot Determine,No,,0.72,Needs Answer,Path explicitly groups BEED and BSED. Answer key exists in source text but this item was not matched confidently.
141,143,14,A. 100_LET Reviewer 2025 with answer 125 problems.pdf,/Users/lyndon/All reviewers/Sept2026_LET Reviewer Files/C. BEED&BSED REVIEWER BOOKS-/A. 100_LET Reviewer 2025 with answer 125 problems.pdf,"If a teacher plans a constructivist lesson, what will he most likely do? Plan how he can _______.",,,do evaluate his student’s work,,do reciprocal teaching,,do lecture to his students,,engage his students in convergent thinking,,,,B,,Both,Professional Education,Teaching Strategies,Cannot Determine,No,,0.70,Needs Review,Path explicitly groups BEED and BSED. Correct answer sourced from detected answer key section.
142,144,14,A. 100_LET Reviewer 2025 with answer 125 problems.pdf,/Users/lyndon/All reviewers/Sept2026_LET Reviewer Files/C. BEED&BSED REVIEWER BOOKS-/A. 100_LET Reviewer 2025 with answer 125 problems.pdf,"In mastery learning, the definition of an acceptable standard of performance is called a",,,SMART,,criterion measure,,behavior,,condition,,,,D,,Both,Professional Education,Needs Review,Cannot Determine,No,110,0.95,Duplicate,Path explicitly groups BEED and BSED. Correct answer sourced from detected answer key section. Duplicate or near-duplicate of row 110.
143,145,14-15,A. 100_LET Reviewer 2025 with answer 125 problems.pdf,/Users/lyndon/All reviewers/Sept2026_LET Reviewer Files/C. BEED&BSED REVIEWER BOOKS-/A. 100_LET Reviewer 2025 with answer 125 problems.pdf,"“A stitch on time saves nine”, so goes the adage. Applied to classroom management, this means that we _______.",,,may not occupy ourselves with disruptions which are worth ignoring because they are minor,,must be reactive in our approach to discipline Visit For more Pdf's Books Pdfbooksforum.com Visit For more Pdf's Books Pdfbooksforum.com,,have to resolve minor disruptions before they are out of control,,may apply 9 rules out of 10 consistently,,,,A,,Both,Professional Education,Classroom Management,Cannot Determine,No,,0.70,Needs Review,Path explicitly groups BEED and BSED. Correct answer sourced from detected answer key section.
144,146,15,A. 100_LET Reviewer 2025 with answer 125 problems.pdf,/Users/lyndon/All reviewers/Sept2026_LET Reviewer Files/C. BEED&BSED REVIEWER BOOKS-/A. 100_LET Reviewer 2025 with answer 125 problems.pdf,Ruben is very attached to his mother and Ruth to her father. In what developmental stage are they according to Freudian psychological theory?,,,Oedipal stage,,Latent stage,,Anal Stage,,Pre-genital stage,,,,A,,Both,General Education,Needs Review,Cannot Determine,No,,0.95,Ready for Upload,Path explicitly groups BEED and BSED. Correct answer sourced from detected answer key section.
145,147,15,A. 100_LET Reviewer 2025 with answer 125 problems.pdf,/Users/lyndon/All reviewers/Sept2026_LET Reviewer Files/C. BEED&BSED REVIEWER BOOKS-/A. 100_LET Reviewer 2025 with answer 125 problems.pdf,What was the prominent educational issues of the mid 1980’s?,,,Bilingual Education,,Value Education,,Accountability,,Mainstreaming,,,,C,,Both,General Education,Needs Review,Cannot Determine,No,,0.95,Ready for Upload,Path explicitly groups BEED and BSED. Correct answer sourced from detected answer key section.
146,148,15,A. 100_LET Reviewer 2025 with answer 125 problems.pdf,/Users/lyndon/All reviewers/Sept2026_LET Reviewer Files/C. BEED&BSED REVIEWER BOOKS-/A. 100_LET Reviewer 2025 with answer 125 problems.pdf,Which behavior is exhibited by a student who is strong in interpersonal intelligence?,,,Works on his/her own.,,Keeps interest to himself/herself,,Seeks out a classmate for help when problem occurs.,,Spends time meditating.,,,,A,,Both,General Education,Educational Psychology,Cannot Determine,No,,0.95,Ready for Upload,Path explicitly groups BEED and BSED. Correct answer sourced from detected answer key section.
147,149,15,A. 100_LET Reviewer 2025 with answer 125 problems.pdf,/Users/lyndon/All reviewers/Sept2026_LET Reviewer Files/C. BEED&BSED REVIEWER BOOKS-/A. 100_LET Reviewer 2025 with answer 125 problems.pdf,Which is behavioral term describes a lesson outcome in the highest level of Bloom’s cognitive domain?,,,Create,,Evaluate,,Analyze,,Design,,,,B,,Both,General Education,Educational Psychology,Cannot Determine,No,,0.95,Ready for Upload,Path explicitly groups BEED and BSED. Correct answer sourced from detected answer key section.
148,150,15,A. 100_LET Reviewer 2025 with answer 125 problems.pdf,/Users/lyndon/All reviewers/Sept2026_LET Reviewer Files/C. BEED&BSED REVIEWER BOOKS-/A. 100_LET Reviewer 2025 with answer 125 problems.pdf,The main purpose of compulsory study of the Constitution is to ___.,,,"develop students into responsible, thinking citizens",,acquaint student with the historical development of the Phil Constitution,,make constitutional experts of the students,,prepare students for law- making,,,,B,,Both,General Education,Government,Cannot Determine,No,,0.70,Needs Review,Path explicitly groups BEED and BSED. Correct answer sourced from detected answer key section.
149,151,15,A. 100_LET Reviewer 2025 with answer 125 problems.pdf,/Users/lyndon/All reviewers/Sept2026_LET Reviewer Files/C. BEED&BSED REVIEWER BOOKS-/A. 100_LET Reviewer 2025 with answer 125 problems.pdf,A goal-oriented instruction culminates in _______.,,,planning activities,,evaluation,,identification of topics,,formulation of objectives,,,,D,,Both,Professional Education,Teaching Strategies,Cannot Determine,No,,0.70,Needs Review,Path explicitly groups BEED and BSED. Correct answer sourced from detected answer key section.
150,152,15,A. 100_LET Reviewer 2025 with answer 125 problems.pdf,/Users/lyndon/All reviewers/Sept2026_LET Reviewer Files/C. BEED&BSED REVIEWER BOOKS-/A. 100_LET Reviewer 2025 with answer 125 problems.pdf,Based on Freud’s psychoanalytic theory which component (s) of personality is (are) concerned with a sense of right and wrong?,,,Super ego,,Super-ego and Ego,,Id,,Ego,,,,C,,Both,General Education,Needs Review,Cannot Determine,No,,0.95,Ready for Upload,Path explicitly groups BEED and BSED. Correct answer sourced from detected answer key section.
151,153,15,A. 100_LET Reviewer 2025 with answer 125 problems.pdf,/Users/lyndon/All reviewers/Sept2026_LET Reviewer Files/C. BEED&BSED REVIEWER BOOKS-/A. 100_LET Reviewer 2025 with answer 125 problems.pdf,"Who among the following puts more emphasis on core requirements, longer school day, longer academic year and more challenging textbooks?",,,PerennialistC. Progressivist,,Essentialist,,,,Existentialist,,,,C,,Both,Professional Education,Needs Review,Cannot Determine,No,,0.70,Incomplete,Path explicitly groups BEED and BSED. Correct answer sourced from detected answer key section.
152,154,15,A. 100_LET Reviewer 2025 with answer 125 problems.pdf,/Users/lyndon/All reviewers/Sept2026_LET Reviewer Files/C. BEED&BSED REVIEWER BOOKS-/A. 100_LET Reviewer 2025 with answer 125 problems.pdf,A student passes a research report poorly written but ornately presented in a folder to make up for the poor quality of the book report content. Which Filipino trait does this practice prove?,,,art of academics,,substance over “porma”,,art over science,,“porma” over substance,,,,B,,Both,Filipino,Needs Review,Cannot Determine,No,,0.95,Ready for Upload,Path explicitly groups BEED and BSED. Correct answer sourced from detected answer key section.
153,155,15,A. 100_LET Reviewer 2025 with answer 125 problems.pdf,/Users/lyndon/All reviewers/Sept2026_LET Reviewer Files/C. BEED&BSED REVIEWER BOOKS-/A. 100_LET Reviewer 2025 with answer 125 problems.pdf,Which one may support equitable access but may sacrifice quality? A.Open admission,,,,,School accreditation,,Deregulated tuition fee hike,,Selective retention,,,,A,,Both,General Education,Needs Review,Cannot Determine,No,,0.70,Incomplete,Path explicitly groups BEED and BSED. Correct answer sourced from detected answer key section.
154,156,15,A. 100_LET Reviewer 2025 with answer 125 problems.pdf,/Users/lyndon/All reviewers/Sept2026_LET Reviewer Files/C. BEED&BSED REVIEWER BOOKS-/A. 100_LET Reviewer 2025 with answer 125 problems.pdf,"Based on Piaget’s theory, what should a teacher provide for children in the sensimotor stage?",,,Games and other physical activities to develop motor skill.,,Learning activities that involve problems of classification and ordering.,,Activities for hypothesis formulation.,,Stimulating environment with ample objects to play with.,,,,,,Both,Professional Education,Learning Theories,Cannot Determine,No,,0.72,Needs Answer,Path explicitly groups BEED and BSED. Answer key exists in source text but this item was not matched confidently.
155,157,15-16,A. 100_LET Reviewer 2025 with answer 125 problems.pdf,/Users/lyndon/All reviewers/Sept2026_LET Reviewer Files/C. BEED&BSED REVIEWER BOOKS-/A. 100_LET Reviewer 2025 with answer 125 problems.pdf,"A teacher’s summary of a lesson serves the following functions, EXCEPT",,,it links the parts of the lesson. Visit For more Pdf's Books Pdfbooksforum.com Visit For more Pdf's Books Pdfbooksforum.com,,it brings together the information that has been discussed.,,it makes provisions for full participation of students.,,it clinches the basic ideas or concepts of the lesson.,,,,A,,Both,Professional Education,Teaching Strategies,Cannot Determine,No,,0.95,Ready for Upload,Path explicitly groups BEED and BSED. Correct answer sourced from detected answer key section.
156,158,16,A. 100_LET Reviewer 2025 with answer 125 problems.pdf,/Users/lyndon/All reviewers/Sept2026_LET Reviewer Files/C. BEED&BSED REVIEWER BOOKS-/A. 100_LET Reviewer 2025 with answer 125 problems.pdf,"As a teacher, you are rationalist, Which among these will be your guiding principle?",,,I must teach the child that we can never have real knowledge of anything.,,I must teach the child to develop his mental powers to the full.,,I must teach the child so he is assured of heaven,,"I must teach the child every knowledge, skills and value that he needs for a better future.",,,,,,Both,Professional Education,Needs Review,Cannot Determine,No,,0.72,Needs Answer,Path explicitly groups BEED and BSED. Answer key exists in source text but this item was not matched confidently.
157,159,16,A. 100_LET Reviewer 2025 with answer 125 problems.pdf,/Users/lyndon/All reviewers/Sept2026_LET Reviewer Files/C. BEED&BSED REVIEWER BOOKS-/A. 100_LET Reviewer 2025 with answer 125 problems.pdf,Bruner’s theory on intellectual development moves from enactive to iconic and symbolic stages. In which stage(s) are diagrams helpful to accompany verbal information?,,,Enactive and iconic,,Symbolic,,Symbolic and enactive,,Iconic,,,,,,Both,General Education,Learning Theories,Cannot Determine,No,,0.72,Needs Answer,Path explicitly groups BEED and BSED. Answer key exists in source text but this item was not matched confidently.
158,160,16,A. 100_LET Reviewer 2025 with answer 125 problems.pdf,/Users/lyndon/All reviewers/Sept2026_LET Reviewer Files/C. BEED&BSED REVIEWER BOOKS-/A. 100_LET Reviewer 2025 with answer 125 problems.pdf,"Student’s scores on a test were: 72,72,73,74,76,78,81,83,85. The score 76 is the ___.",,,mode,,mean,,average,,median,,,,C,,Both,General Education,Assessment Tools,Cannot Determine,No,,0.70,Needs Review,Path explicitly groups BEED and BSED. Correct answer sourced from detected answer key section.
159,161,16,A. 100_LET Reviewer 2025 with answer 125 problems.pdf,/Users/lyndon/All reviewers/Sept2026_LET Reviewer Files/C. BEED&BSED REVIEWER BOOKS-/A. 100_LET Reviewer 2025 with answer 125 problems.pdf,Standard deviation is to variability as mode to _____.,,,level of difficulty,,discrimination,,correction,,central tendency,,,,A,,Both,General Education,Statistics,Cannot Determine,No,,0.70,Needs Review,Path explicitly groups BEED and BSED. Correct answer sourced from detected answer key section.
160,162,16,A. 100_LET Reviewer 2025 with answer 125 problems.pdf,/Users/lyndon/All reviewers/Sept2026_LET Reviewer Files/C. BEED&BSED REVIEWER BOOKS-/A. 100_LET Reviewer 2025 with answer 125 problems.pdf,A teacher who equates authority with power does NOT usually __________. A.Shame,,,,,,,develop self- respect in every pupil B.retaliate,,intimidate,,,,C,,Both,Professional Education,Needs Review,Cannot Determine,No,,0.70,Incomplete,Path explicitly groups BEED and BSED. Correct answer sourced from detected answer key section.
161,163,16,A. 100_LET Reviewer 2025 with answer 125 problems.pdf,/Users/lyndon/All reviewers/Sept2026_LET Reviewer Files/C. BEED&BSED REVIEWER BOOKS-/A. 100_LET Reviewer 2025 with answer 125 problems.pdf,Which is a true foundation of the social order?,,,Obedient citizenry,,The reciprocation of rights and duties,,Strong political leadership,,Equitable distribution of wealth,,,,D,,Both,General Education,Needs Review,Cannot Determine,No,,0.95,Ready for Upload,Path explicitly groups BEED and BSED. Correct answer sourced from detected answer key section.
162,164,16,A. 100_LET Reviewer 2025 with answer 125 problems.pdf,/Users/lyndon/All reviewers/Sept2026_LET Reviewer Files/C. BEED&BSED REVIEWER BOOKS-/A. 100_LET Reviewer 2025 with answer 125 problems.pdf,Standard deviation is to variability as mean is to _______.,,,coefficient of correlation,,central tendency,,discrimination index,,level of difficulty,,,,C,,Both,General Education,Statistics,Cannot Determine,No,,0.70,Needs Review,Path explicitly groups BEED and BSED. Correct answer sourced from detected answer key section.
163,165,16,A. 100_LET Reviewer 2025 with answer 125 problems.pdf,/Users/lyndon/All reviewers/Sept2026_LET Reviewer Files/C. BEED&BSED REVIEWER BOOKS-/A. 100_LET Reviewer 2025 with answer 125 problems.pdf,Teacher Q does not want Teacher B to be promoted and so writes an anonymous letter against Teacher B accusing her of fabricated lies. Teacher Q mails this anonymous letter to School Division Superintendent. What should Teacher Q do if she has to act professionally?,,,"Submit a signed justifiable criticism against Teacher B, if there is any.",,Go straight to the School Division Superintendent and gives criticism verbally.,,Hire a group to distribute poison letters against Teacher B for the information dissemination.,,Instigate student activists to read poison letter over the microphone.,,,,A,,Both,Professional Education,Needs Review,Cannot Determine,No,,0.95,Ready for Upload,Path explicitly groups BEED and BSED. Correct answer sourced from detected answer key section.
164,166,16,A. 100_LET Reviewer 2025 with answer 125 problems.pdf,/Users/lyndon/All reviewers/Sept2026_LET Reviewer Files/C. BEED&BSED REVIEWER BOOKS-/A. 100_LET Reviewer 2025 with answer 125 problems.pdf,Each teacher is said to be a trustee of the cultural and educational heritage of the nation and is under obligation to transmit to learners such heritage. Which practice makes him fulfill such obligation?,,,Use the latest instruction technology,,Observing continuing professional education.,,Use interactive teaching strategies,,Study the life of Filipino heroes,,,,C,,Both,Professional Education,Needs Review,Cannot Determine,No,,0.95,Ready for Upload,Path explicitly groups BEED and BSED. Correct answer sourced from detected answer key section.
165,167,16-17,A. 100_LET Reviewer 2025 with answer 125 problems.pdf,/Users/lyndon/All reviewers/Sept2026_LET Reviewer Files/C. BEED&BSED REVIEWER BOOKS-/A. 100_LET Reviewer 2025 with answer 125 problems.pdf,"Which type of reports to “on- the spot” description of some incident, episode or occurrence that is being observed and recorded as being of possible significance? Visit For more Pdf's Books Pdfbooksforum.com Visit For more Pdf's Books Pdfbooksforum.com",,,Autobiographical report,,Value and interest report,,Biographical report,,Anecdotal report,,,,C,,Both,General Education,Needs Review,Cannot Determine,No,,0.95,Ready for Upload,Path explicitly groups BEED and BSED. Correct answer sourced from detected answer key section.
166,168,17,A. 100_LET Reviewer 2025 with answer 125 problems.pdf,/Users/lyndon/All reviewers/Sept2026_LET Reviewer Files/C. BEED&BSED REVIEWER BOOKS-/A. 100_LET Reviewer 2025 with answer 125 problems.pdf,Teacher A is directed to pass an undeserving student with a death threat. Which advice will a hedonist give?,,,Pass the student. Why suffer the threat?,,Don’t pass him. You surely will not like someone to give you a death threat in order to pass.,,"Pass the student. That will be use to the student, his parents and you.",,"Don’t pass him. Live by principle of justice. You will get reward, if not in this life, in the next.",,,,B,,Both,Professional Education,Needs Review,Cannot Determine,No,,0.95,Ready for Upload,Path explicitly groups BEED and BSED. Correct answer sourced from detected answer key section.
167,169,17,A. 100_LET Reviewer 2025 with answer 125 problems.pdf,/Users/lyndon/All reviewers/Sept2026_LET Reviewer Files/C. BEED&BSED REVIEWER BOOKS-/A. 100_LET Reviewer 2025 with answer 125 problems.pdf,"If you agree with Rizal on how you can contribute to our nation’s redemption, which should you work for?",,,Opening our doors to foreign influence,,Upgrading the quality of the Filipino through education,,Stabilizing the political situation,,Gaining economic recovery,,,,C,,Both,General Education,Philippine History,Cannot Determine,No,,0.95,Ready for Upload,Path explicitly groups BEED and BSED. Correct answer sourced from detected answer key section.
168,170,17,A. 100_LET Reviewer 2025 with answer 125 problems.pdf,/Users/lyndon/All reviewers/Sept2026_LET Reviewer Files/C. BEED&BSED REVIEWER BOOKS-/A. 100_LET Reviewer 2025 with answer 125 problems.pdf,"“All men are pretty much alike. It is only by custom that they are set apart, “ said one Oriental philosopher. Where can this thought be most inspiring?",,,In a multi-cultural group of learners.,,In multi-cultural and heterogeneous groups of learners and indigenous peoples’ group.,,In a class composed of indigenous people.,,In heterogeneous class of learners.,,,,B,,Both,General Education,Needs Review,Cannot Determine,No,,0.95,Ready for Upload,Path explicitly groups BEED and BSED. Correct answer sourced from detected answer key section.
169,171,17,A. 100_LET Reviewer 2025 with answer 125 problems.pdf,/Users/lyndon/All reviewers/Sept2026_LET Reviewer Files/C. BEED&BSED REVIEWER BOOKS-/A. 100_LET Reviewer 2025 with answer 125 problems.pdf,In what way can teachers uphold the highest possible standard of quality education?,,,By continually improving themselves personally and professionally,,By wearing expensive clothes to change people’s poor perception of teachers,,By working out undeserved promotions,,By putting down other professions to lift the status of teaching,,,,A,,Both,General Education,Needs Review,Cannot Determine,No,,0.95,Ready for Upload,Path explicitly groups BEED and BSED. Correct answer sourced from detected answer key section.
170,172,17,A. 100_LET Reviewer 2025 with answer 125 problems.pdf,/Users/lyndon/All reviewers/Sept2026_LET Reviewer Files/C. BEED&BSED REVIEWER BOOKS-/A. 100_LET Reviewer 2025 with answer 125 problems.pdf,"How would you select the most fit in government position? Applying Confucius teaching, which would be the answer?",,,By course accreditation of an accrediting body,,By merit system and course accreditation,,By merit system,,By government examinations,,,,B,,Both,General Education,Government,Cannot Determine,No,,0.95,Ready for Upload,Path explicitly groups BEED and BSED. Correct answer sourced from detected answer key section.
171,173,17,A. 100_LET Reviewer 2025 with answer 125 problems.pdf,/Users/lyndon/All reviewers/Sept2026_LET Reviewer Files/C. BEED&BSED REVIEWER BOOKS-/A. 100_LET Reviewer 2025 with answer 125 problems.pdf,The attention to the development of a deep respect and affection for our rich cultural past is an influence of ______,,,Confucius,,Heqel,,Teilhard de Chardin,,Dewey,,,,B,,Both,General Education,Child Development,Cannot Determine,No,,0.70,Needs Review,Path explicitly groups BEED and BSED. Correct answer sourced from detected answer key section.
172,174,17,A. 100_LET Reviewer 2025 with answer 125 problems.pdf,/Users/lyndon/All reviewers/Sept2026_LET Reviewer Files/C. BEED&BSED REVIEWER BOOKS-/A. 100_LET Reviewer 2025 with answer 125 problems.pdf,A teacher / student is held responsible for his actions because s/he _______.,,,has instincts,,has a choice,,has mature,,is reason,,,,A,,Both,Professional Education,Needs Review,Cannot Determine,No,,0.70,Needs Review,Path explicitly groups BEED and BSED. Correct answer sourced from detected answer key section.
173,175,17,A. 100_LET Reviewer 2025 with answer 125 problems.pdf,/Users/lyndon/All reviewers/Sept2026_LET Reviewer Files/C. BEED&BSED REVIEWER BOOKS-/A. 100_LET Reviewer 2025 with answer 125 problems.pdf,The typical autocratic teacher consistently does the following EXCEPT,,,intimidating students,,ridiculing students,,shaming students,,encouraging students,,,,B,,Both,Professional Education,Needs Review,Cannot Determine,No,,0.95,Ready for Upload,Path explicitly groups BEED and BSED. Correct answer sourced from detected answer key section.
174,176,17-18,A. 100_LET Reviewer 2025 with answer 125 problems.pdf,/Users/lyndon/All reviewers/Sept2026_LET Reviewer Files/C. BEED&BSED REVIEWER BOOKS-/A. 100_LET Reviewer 2025 with answer 125 problems.pdf,"Teacher H and teacher I are rivals for promotion. To again the favor of the promotion staff, teacher I offers her beach resort for free for members of he promotional staff before ranking. As one of the contenders for promotions, is this becoming of her to do",,,Yes. This will be professional growth for the promotional staff.,,No. This may exert undue influence on the members of the promotional staff and so may fail to promote on the basis of merit. Visit For more Pdf's Books Pdfbooksforum.com Visit For more Pdf's Books Pdfbooksforum.com,,Yes. The rare invitation will certainly be welcomed by an overworked promotional staff.,,Yes. There’s nothing wrong with sharing one’s blessings.,,,,B,,Both,Professional Education,Needs Review,Cannot Determine,No,,0.95,Ready for Upload,Path explicitly groups BEED and BSED. Correct answer sourced from detected answer key section.
175,177,18,A. 100_LET Reviewer 2025 with answer 125 problems.pdf,/Users/lyndon/All reviewers/Sept2026_LET Reviewer Files/C. BEED&BSED REVIEWER BOOKS-/A. 100_LET Reviewer 2025 with answer 125 problems.pdf,Rights and duties are correlative. This means that.,,,rights and duties regulate the relationship of men in society.,,rights and duties arise from natural law.,,each right carries with it one or several corresponding duties.,,rights and duties ultimately come from God.,,,,A,,Both,General Education,Needs Review,Cannot Determine,No,,0.95,Ready for Upload,Path explicitly groups BEED and BSED. Correct answer sourced from detected answer key section.
176,178,18,A. 100_LET Reviewer 2025 with answer 125 problems.pdf,/Users/lyndon/All reviewers/Sept2026_LET Reviewer Files/C. BEED&BSED REVIEWER BOOKS-/A. 100_LET Reviewer 2025 with answer 125 problems.pdf,"In the Preamble of Code of Ethics of Professional Teachers, which is NOT said of teachers?",,,LET passer,,Duly licensed professionals,,Possess dignity and reputation,,With high moral values as well as technical and professional competence,,,,B,,Both,General Education,Ethics,Cannot Determine,No,,0.95,Ready for Upload,Path explicitly groups BEED and BSED. Correct answer sourced from detected answer key section.
177,179,18,A. 100_LET Reviewer 2025 with answer 125 problems.pdf,/Users/lyndon/All reviewers/Sept2026_LET Reviewer Files/C. BEED&BSED REVIEWER BOOKS-/A. 100_LET Reviewer 2025 with answer 125 problems.pdf,"What should you do if a parent who is concerned about a grade his child received compared to another student’s grade, demands to see both students’ grades?",,,Refuse to show either record.,,Show only his child’s record.,,Refuse to show any record without expressing permission from principal.,,Show both records to him.,,,,C,,Both,General Education,Child Development,Cannot Determine,No,,0.95,Ready for Upload,Path explicitly groups BEED and BSED. Correct answer sourced from detected answer key section.
178,180,18,A. 100_LET Reviewer 2025 with answer 125 problems.pdf,/Users/lyndon/All reviewers/Sept2026_LET Reviewer Files/C. BEED&BSED REVIEWER BOOKS-/A. 100_LET Reviewer 2025 with answer 125 problems.pdf,Teacher often complain of numerous non-teaching assignments that adversely affect their teaching. Does this mean that teachers must be preoccupied only with teaching?,,,"Yes, if they are given other assignments, justice demands that they be properly compensated.",,"Yes, because other community leaders, not leaders, not teachers, are asked to lead in community activities.",,"Yes, because every teacher is expected to provide leadership and initiative in activities for betterment of communities.",,"No, because teaching is enough full time job.",,,,D,,Both,Professional Education,Statistics,Cannot Determine,No,,0.95,Ready for Upload,Path explicitly groups BEED and BSED. Correct answer sourced from detected answer key section.
179,181,18,A. 100_LET Reviewer 2025 with answer 125 problems.pdf,/Users/lyndon/All reviewers/Sept2026_LET Reviewer Files/C. BEED&BSED REVIEWER BOOKS-/A. 100_LET Reviewer 2025 with answer 125 problems.pdf,Which illustrates a development approach in guidance and counseling?,,,Spotting on students in need of guidance,,Teaching students how to interact in a positive manner,,Acting as a mentor,,Making the decision for the confused student,,,,A,,Both,General Education,Child Development,Cannot Determine,No,,0.95,Ready for Upload,Path explicitly groups BEED and BSED. Correct answer sourced from detected answer key section.
180,182,18,A. 100_LET Reviewer 2025 with answer 125 problems.pdf,/Users/lyndon/All reviewers/Sept2026_LET Reviewer Files/C. BEED&BSED REVIEWER BOOKS-/A. 100_LET Reviewer 2025 with answer 125 problems.pdf,"Whose influence is the education program that puts emphasis on self-development through the classics, music, and ritual?",,,Buddha,,MohammedD. Lao tsu,,Confucius,,,,,,C,,Both,Music,Child Development,Cannot Determine,No,,0.70,Incomplete,Path explicitly groups BEED and BSED. Correct answer sourced from detected answer key section.
181,183,18,A. 100_LET Reviewer 2025 with answer 125 problems.pdf,/Users/lyndon/All reviewers/Sept2026_LET Reviewer Files/C. BEED&BSED REVIEWER BOOKS-/A. 100_LET Reviewer 2025 with answer 125 problems.pdf,Helping in the development of graduates who are “maka-Diyos” is an influence of ___.,,,naturalistic morality,,classical Christian morality,,situational morality,,dialectical morality,,,,C,,Both,General Education,Child Development,Cannot Determine,No,,0.70,Needs Review,Path explicitly groups BEED and BSED. Correct answer sourced from detected answer key section.
182,184,18,A. 100_LET Reviewer 2025 with answer 125 problems.pdf,/Users/lyndon/All reviewers/Sept2026_LET Reviewer Files/C. BEED&BSED REVIEWER BOOKS-/A. 100_LET Reviewer 2025 with answer 125 problems.pdf,"What is the mean of this score distribution 4,5,6,7,8,9,10?",,,It cannot be determined unless scores are given.,,It cannot be determined unless the number of examinees is given,,No,,Yes,,,,A,,Both,General Education,Statistics,Cannot Determine,No,,0.95,Ready for Upload,Path explicitly groups BEED and BSED. Correct answer sourced from detected answer key section.
183,186,18-19,A. 100_LET Reviewer 2025 with answer 125 problems.pdf,/Users/lyndon/All reviewers/Sept2026_LET Reviewer Files/C. BEED&BSED REVIEWER BOOKS-/A. 100_LET Reviewer 2025 with answer 125 problems.pdf,"Teacher F is a newly converted to a religion. Deeply convinced of his new found religion, he starts Monday classes by attacking one religion and convinces his pupil to attend their religion services on Sundays. Is this in accordance with the Code of Ethics of Professional Teachers? Visit For more Pdf's Books Pdfbooksforum.com Visit For more Pdf's Books Pdfbooksforum.com",,,Yes. What he does strengthens value education.,,No. A teacher should not use his position to proselyte others.,,"Yes. In the name of academic freedom, a teacher can decide what to teach.",,Yes. What he does is a value education.,,,,B,,Both,Professional Education,Ethics,Cannot Determine,No,,0.95,Ready for Upload,Path explicitly groups BEED and BSED. Correct answer sourced from detected answer key section.
184,187,19,A. 100_LET Reviewer 2025 with answer 125 problems.pdf,/Users/lyndon/All reviewers/Sept2026_LET Reviewer Files/C. BEED&BSED REVIEWER BOOKS-/A. 100_LET Reviewer 2025 with answer 125 problems.pdf,"In a study conducted, the pupils were asked which nationality they preferred. If given a choice. Majority of the pupils wanted to Americans. In this case, in which obligation, relative to the state, do schools seem to be failing? In their obligation to",,,respect for all duly constituted authorities,,promote national pride,,promote obedience to the laws of the state,,install allegiance to the Constitution,,,,D,,Both,General Education,Needs Review,Cannot Determine,No,,0.95,Ready for Upload,Path explicitly groups BEED and BSED. Correct answer sourced from detected answer key section.
185,188,19,A. 100_LET Reviewer 2025 with answer 125 problems.pdf,/Users/lyndon/All reviewers/Sept2026_LET Reviewer Files/C. BEED&BSED REVIEWER BOOKS-/A. 100_LET Reviewer 2025 with answer 125 problems.pdf,"A guest in one graduation rites told his audience: “Reminder, you are what you choose to be”. The guest speaker is more of a/an _____.",,,realistic,,Idealistic,,pragmatist,,existentialist,,,,D,,Both,General Education,Needs Review,Cannot Determine,No,,0.70,Needs Review,Path explicitly groups BEED and BSED. Correct answer sourced from detected answer key section.
186,189,19,A. 100_LET Reviewer 2025 with answer 125 problems.pdf,/Users/lyndon/All reviewers/Sept2026_LET Reviewer Files/C. BEED&BSED REVIEWER BOOKS-/A. 100_LET Reviewer 2025 with answer 125 problems.pdf,From whom do we owe the theory of deductive interference as illustrated in syllogism?,,,Plato,,Aristotle,,Socrates,,Pythagoras,,,,D,,Both,General Education,Needs Review,Cannot Determine,No,,0.95,Ready for Upload,Path explicitly groups BEED and BSED. Correct answer sourced from detected answer key section.
187,190,19,A. 100_LET Reviewer 2025 with answer 125 problems.pdf,/Users/lyndon/All reviewers/Sept2026_LET Reviewer Files/C. BEED&BSED REVIEWER BOOKS-/A. 100_LET Reviewer 2025 with answer 125 problems.pdf,In what way can teachers uphold the highest possible standard of quality education?,,,By continually improving themselves personally and professionally,,By putting down other professions to lift the status of teaching,,By wearing expensive clothes to change people’s poor perception of teachers,,By working out undeserved promotions,,,,B,,Both,General Education,Needs Review,Cannot Determine,No,169,0.95,Duplicate,Path explicitly groups BEED and BSED. Correct answer sourced from detected answer key section. Duplicate or near-duplicate of row 169.
188,191,19,A. 100_LET Reviewer 2025 with answer 125 problems.pdf,/Users/lyndon/All reviewers/Sept2026_LET Reviewer Files/C. BEED&BSED REVIEWER BOOKS-/A. 100_LET Reviewer 2025 with answer 125 problems.pdf,"Two students are given the WISC III. One has a full scale IQ of 91, while the other has an IQ of 109. Which conclusion can be drawn?",,,Both students are functioning in the average range of intellectual ability,,Another IQ test should be given to truly assess their intellectual potential.,,"The first student is probably below average, while the second has above average potential.",,The second student has significantly higher intellectual ability.,,,,B,,Both,General Education,Needs Review,Cannot Determine,No,,0.95,Ready for Upload,Path explicitly groups BEED and BSED. Correct answer sourced from detected answer key section.
189,192,19,A. 100_LET Reviewer 2025 with answer 125 problems.pdf,/Users/lyndon/All reviewers/Sept2026_LET Reviewer Files/C. BEED&BSED REVIEWER BOOKS-/A. 100_LET Reviewer 2025 with answer 125 problems.pdf,Which describes norm- referenced grading?,,,What constitutes a perfect score,,The student’s past performance,,An absolute standard,,The performance of the group,,,,D,,Both,General Education,Needs Review,Cannot Determine,No,,0.95,Ready for Upload,Path explicitly groups BEED and BSED. Correct answer sourced from detected answer key section.
190,193,19,A. 100_LET Reviewer 2025 with answer 125 problems.pdf,/Users/lyndon/All reviewers/Sept2026_LET Reviewer Files/C. BEED&BSED REVIEWER BOOKS-/A. 100_LET Reviewer 2025 with answer 125 problems.pdf,Teacher A knows of the illegal activities of a neighbor but keeps quiet in order not to be involved in any investigation. Which foundational principle of morality does Teacher A fail to apply?,,,Always do what is right,,The principle of double effect,,The end does not justify the means,,"Between two evils, do the lesser evil",,,,C,,Both,Professional Education,Needs Review,Cannot Determine,No,,0.95,Ready for Upload,Path explicitly groups BEED and BSED. Correct answer sourced from detected answer key section.
191,194,19-20,A. 100_LET Reviewer 2025 with answer 125 problems.pdf,/Users/lyndon/All reviewers/Sept2026_LET Reviewer Files/C. BEED&BSED REVIEWER BOOKS-/A. 100_LET Reviewer 2025 with answer 125 problems.pdf,Teacher Q does not want Teacher B to be promoted and so writes an anonymous letter against Teacher B accusing her of fabricated lies. Teacher Q mails this anonymous letter to School Division Superintendent. What should Teacher Q do if she has to act professionally?,,,Hire a group to distribute poison letters against Teacher B for the information dissemination.,,"Submit a signed justifiable criticism against Teacher B, if there is any. Visit For more Pdf's Books Pdfbooksforum.com Visit For more Pdf's Books Pdfbooksforum.com",,Go straight to the School Division Superintendent and gives criticism verbally.,,Instigate student activists to read poison letter over the microphone,,,,D,,Both,Professional Education,Needs Review,Cannot Determine,No,163,0.95,Duplicate,Path explicitly groups BEED and BSED. Correct answer sourced from detected answer key section. Duplicate or near-duplicate of row 163.
192,195,20,A. 100_LET Reviewer 2025 with answer 125 problems.pdf,/Users/lyndon/All reviewers/Sept2026_LET Reviewer Files/C. BEED&BSED REVIEWER BOOKS-/A. 100_LET Reviewer 2025 with answer 125 problems.pdf,"A teacher’s summary of a lesson serves the following functions, EXCEPT",,,it makes provisions for full participation of students.,,it brings together the information that has been discussed.,,it links the parts of the lesson.,,it. clinches the basic ideas or concepts of the lesson,,,,A,,Both,Professional Education,Teaching Strategies,Cannot Determine,No,155,0.95,Duplicate,Path explicitly groups BEED and BSED. Correct answer sourced from detected answer key section. Duplicate or near-duplicate of row 155.
193,196,20,A. 100_LET Reviewer 2025 with answer 125 problems.pdf,/Users/lyndon/All reviewers/Sept2026_LET Reviewer Files/C. BEED&BSED REVIEWER BOOKS-/A. 100_LET Reviewer 2025 with answer 125 problems.pdf,Soc exhibits fear response to freely roaming dogs but does not show fear when a dog is on a leash or confined to a pen. Which conditioning process is illustrated?,,,Extinction,,Discrimination,,Generation,,Acquisitio,,,,A,,Both,General Education,Needs Review,Cannot Determine,No,,0.95,Ready for Upload,Path explicitly groups BEED and BSED. Correct answer sourced from detected answer key section.
194,197,20,A. 100_LET Reviewer 2025 with answer 125 problems.pdf,/Users/lyndon/All reviewers/Sept2026_LET Reviewer Files/C. BEED&BSED REVIEWER BOOKS-/A. 100_LET Reviewer 2025 with answer 125 problems.pdf,Ruben is very attached to his mother and Ruth to her father. In what developmental stage are they according to Freudian psychological theory?,,,Latent stage,,Pre-genital stage,,Anal Stage,,Oedipal stage,,,,A,,Both,General Education,Needs Review,Cannot Determine,No,144,0.95,Duplicate,Path explicitly groups BEED and BSED. Correct answer sourced from detected answer key section. Duplicate or near-duplicate of row 144.
195,198,20,A. 100_LET Reviewer 2025 with answer 125 problems.pdf,/Users/lyndon/All reviewers/Sept2026_LET Reviewer Files/C. BEED&BSED REVIEWER BOOKS-/A. 100_LET Reviewer 2025 with answer 125 problems.pdf,"The concepts of Trust vs. mistrust, autonomy vs. shame & self-doubt, and initiative vs. guilt are most closely related with works of _____.",,,Jung,,Freud,,Erickson,,Piaget,,,,,,Both,General Education,Needs Review,Cannot Determine,No,5,0.72,Duplicate,Path explicitly groups BEED and BSED. Answer key exists in source text but this item was not matched confidently. Duplicate or near-duplicate of row 5.
196,199,20,A. 100_LET Reviewer 2025 with answer 125 problems.pdf,/Users/lyndon/All reviewers/Sept2026_LET Reviewer Files/C. BEED&BSED REVIEWER BOOKS-/A. 100_LET Reviewer 2025 with answer 125 problems.pdf,A goal-oriented instruction culminates in _______.,,,evaluation,,formulation of objectives,,identification of topics,,planning activities,,,,D,,Both,Professional Education,Teaching Strategies,Cannot Determine,No,149,0.95,Duplicate,Path explicitly groups BEED and BSED. Correct answer sourced from detected answer key section. Duplicate or near-duplicate of row 149.
197,200,20-21,A. 100_LET Reviewer 2025 with answer 125 problems.pdf,/Users/lyndon/All reviewers/Sept2026_LET Reviewer Files/C. BEED&BSED REVIEWER BOOKS-/A. 100_LET Reviewer 2025 with answer 125 problems.pdf,Which of the following is considered a peripheral device?,,,Keyboard,,CPU,,Monitor,,Printer Visit For more Pdf's Books Pdfbooksforum.com Visit For more Pdf's Books Pdfbooksforum.com ANSWER KEY PROFESSIONAL EDUCATION (Secondary) 1. A 50. C 100. D 150. B 197. D 2. B 51. B 101. no answer 151. D 198. C 3. D 52. D 102. B 152. A 199. A 4. A 53. no answer 103. B 153. no answer,,,,D,,Both,General Education,Needs Review,Cannot Determine,No,,0.95,Ready for Upload,Path explicitly groups BEED and BSED. Correct answer sourced from detected answer key section.
198,200,21-43,A. 100_LET Reviewer 2025 with answer 125 problems.pdf,/Users/lyndon/All reviewers/Sept2026_LET Reviewer Files/C. BEED&BSED REVIEWER BOOKS-/A. 100_LET Reviewer 2025 with answer 125 problems.pdf,D 5. A 54. A 104. B 154. D 6. B 55. B 105. A 155. A 7. D 56. C 106. D 156. A 8. C 57. A 107. D 157 C 9. C 58. D 108. C 158. B 10. C 59. B 109. B 159. no answer 11. C 60. D 110. C 160. D 12. D 61. B 111. D 161. D 13. C 62. C 112. C 162. C 14. C 63. D 113. C 163. D 15. B 64. A 114. A 164. B 16. C 65. D 115. D 165. A 17. B 66. A 116. A 166. D 18. C 67. A 117. A 167. D 19. B 68. C 118. A 168. D 20. C 69. D 119. B 169. B 21. A 70. A 120. A 170 B 22. B 71. C 121. C 171. A 23. A 72. C 122. C 172. D 24. C 73. A 123. B 173. A 25. no answer 74. A 124. A 174. B 26. C 75. D 125. C 175. A 27. A 76. B 126. B 176. B 28. D 77. C 127. D 177. C 29. C 78. B 128. A 178. A 30. C 79. B 129. B 179. D 31. A 80. C 130. C 180. C 32. C 81. C 131. D 181. A 33. C 82. C 132. C 182. A 34. A 83. C 133. D 183. B 35. D 84. D 134. C 184. A 36. C 85. A 135. B 185. C 37. B 86. C 136. D 186. B 38. A 87. C 137. B 187. B 39. B 88. A 138. C 188. D 40 C 89. A 139. C 189. B Visit For more Pdf's Books Pdfbooksforum.com Visit For more Pdf's Books Pdfbooksforum.com 41. B 90. B 140. D 190. A 42. D 91. B 141. C 191. B 43. A 92. B 142. D 192. D 44. B 93. B 143. D 193. C 45 C 94. C 144. B 194. B 46. C 95. B 145. C 195. D 47. A 96. D 146. A 196. B 48. A 97. D 147. B 49. A 98. B 148. C 99. A 149. B General Education (secondary) MULTIPLE CHOICE 1. Which refers to FUNNEL EFFECT?,,,Raise views of human rights abuse.,,Organize regular programs for information and discussion of human rights.,,Conduct skills training.,,Raise questions over government’s commitment to rebuild human rights.,,none of these 198. What indoor relative humidity range would probably be comfortable to preventing temperature and humidity levels are extremely low?,,D,,Both,General Education,Needs Review,Cannot Determine,No,,0.95,Ready for Upload,Path explicitly groups BEED and BSED. Correct answer sourced from detected answer key section.
199,200,43,A. 100_LET Reviewer 2025 with answer 125 problems.pdf,/Users/lyndon/All reviewers/Sept2026_LET Reviewer Files/C. BEED&BSED REVIEWER BOOKS-/A. 100_LET Reviewer 2025 with answer 125 problems.pdf,"What are the next four numbers in this sequence 8,5,4,9,17_____,_____,____",,,"4,3,2,1",,"5,4,3,2",,"6,3,2,0",,none of these,,"3,2,1,0",,D,,Both,General Education,Needs Review,Cannot Determine,No,,0.70,Needs Review,Path explicitly groups BEED and BSED. Correct answer sourced from detected answer key section.
200,7836,8-596,A. LET Exam Reviewer.pdf,/Users/lyndon/All reviewers/Sept2026_LET Reviewer Files/C. BEED&BSED REVIEWER BOOKS-/A. LET Exam Reviewer.pdf,"was promulgated. This was signed into law by President Fidel V. Ramos on December 16, 1994. The above mentioned law amends and/or supersedes the provisions of P.",,,Space the items so they can be read easily,,Follow a definite response pattern for the,,involving them in extra-curricular activities,,providing opporutinities for hem to help the slow learners 20 What should be AVOIDED in arranging the items of the final form of the test?,,of the cube. The volume of the cube is found by “cubing” the measure of the edge. What is the volume of the cube whose edge is 4cm?,,,,Both,General Education,Government,Cannot Determine,No,,0.72,Needs Answer,Path explicitly groups BEED and BSED. Answer key exists in source text but this item was not matched confidently.
201,1,1,A. LET REVIEWER PROF ED 2025 90percent pdfbooksforum.com.pdf,/Users/lyndon/All reviewers/Sept2026_LET Reviewer Files/C. BEED&BSED REVIEWER BOOKS-/A. LET REVIEWER PROF ED 2025 90percent pdfbooksforum.com.pdf,Teacher A avoids giving out-of-context drills. Instead he makes use of real-world problems for his students to solve. Doing so makes Teacher A _______in approach.,,,Inquiry-based,,Constructivist,,Reflective,,Developmentally,,,,,,Both,Professional Education,Algebra,Cannot Determine,No,,0.47,Needs Review,"Path explicitly groups BEED and BSED. Answer key exists in source text but this item was not matched confidently. Source page contains image objects, but no explicit visual dependency was detected for this item."
202,2,1,A. LET REVIEWER PROF ED 2025 90percent pdfbooksforum.com.pdf,/Users/lyndon/All reviewers/Sept2026_LET Reviewer Files/C. BEED&BSED REVIEWER BOOKS-/A. LET REVIEWER PROF ED 2025 90percent pdfbooksforum.com.pdf,"In the 4A’s of facilitating learning, the first thing that a teacher should do is:",,,Abstraction,,Analysis,,Activity,,Application,,,,,,Both,Professional Education,Needs Review,Cannot Determine,No,,0.72,Needs Answer,"Path explicitly groups BEED and BSED. Answer key exists in source text but this item was not matched confidently. Source page contains image objects, but no explicit visual dependency was detected for this item."
203,3,1,A. LET REVIEWER PROF ED 2025 90percent pdfbooksforum.com.pdf,/Users/lyndon/All reviewers/Sept2026_LET Reviewer Files/C. BEED&BSED REVIEWER BOOKS-/A. LET REVIEWER PROF ED 2025 90percent pdfbooksforum.com.pdf,"In the 4A’s approach to facilitating learning, the students learn best to relate ideas to real life through______.",,,Abstraction,,Analysis,,Activity,,Application,,,,,,Both,Professional Education,Needs Review,Cannot Determine,No,,0.47,Needs Review,"Path explicitly groups BEED and BSED. Answer key exists in source text but this item was not matched confidently. Source page contains image objects, but no explicit visual dependency was detected for this item."
204,4,1,A. LET REVIEWER PROF ED 2025 90percent pdfbooksforum.com.pdf,/Users/lyndon/All reviewers/Sept2026_LET Reviewer Files/C. BEED&BSED REVIEWER BOOKS-/A. LET REVIEWER PROF ED 2025 90percent pdfbooksforum.com.pdf,Which test measure is basic to select and connect ideas? A.. Multiple choice,,,,,Matching type,,Mapping,,Outlining,,,,,,Both,Professional Education,Assessment Tools,Cannot Determine,No,,0.47,Incomplete,"Path explicitly groups BEED and BSED. Answer key exists in source text but this item was not matched confidently. Source page contains image objects, but no explicit visual dependency was detected for this item."
205,5,1,A. LET REVIEWER PROF ED 2025 90percent pdfbooksforum.com.pdf,/Users/lyndon/All reviewers/Sept2026_LET Reviewer Files/C. BEED&BSED REVIEWER BOOKS-/A. LET REVIEWER PROF ED 2025 90percent pdfbooksforum.com.pdf,Which test a subjective and less reliable for scoring and grading?,,,Completion,,Essay,,True or false,,Matching,,,,,,Both,Professional Education,Assessment Tools,Cannot Determine,No,,0.72,Needs Answer,"Path explicitly groups BEED and BSED. Answer key exists in source text but this item was not matched confidently. Source page contains image objects, but no explicit visual dependency was detected for this item."
206,6,1,A. LET REVIEWER PROF ED 2025 90percent pdfbooksforum.com.pdf,/Users/lyndon/All reviewers/Sept2026_LET Reviewer Files/C. BEED&BSED REVIEWER BOOKS-/A. LET REVIEWER PROF ED 2025 90percent pdfbooksforum.com.pdf,Teacher Dada wants to test student’s acquisition of declarative knowledge. Which test is appropriate?,,,Performance test,,Submission of a report,,Short answer test,,Essay,,,,,,Both,Professional Education,Assessment Tools,Cannot Determine,No,,0.72,Needs Answer,"Path explicitly groups BEED and BSED. Answer key exists in source text but this item was not matched confidently. Source page contains image objects, but no explicit visual dependency was detected for this item."
207,7,1,A. LET REVIEWER PROF ED 2025 90percent pdfbooksforum.com.pdf,/Users/lyndon/All reviewers/Sept2026_LET Reviewer Files/C. BEED&BSED REVIEWER BOOKS-/A. LET REVIEWER PROF ED 2025 90percent pdfbooksforum.com.pdf,A seating arrangement that is used for a small group,,,Traditional,,Horseshoe,,Circular,,Rectangular,,,,,,Both,Professional Education,Needs Review,Cannot Determine,No,,0.72,Needs Answer,"Path explicitly groups BEED and BSED. Answer key exists in source text but this item was not matched confidently. Source page contains image objects, but no explicit visual dependency was detected for this item."
208,8,1,A. LET REVIEWER PROF ED 2025 90percent pdfbooksforum.com.pdf,/Users/lyndon/All reviewers/Sept2026_LET Reviewer Files/C. BEED&BSED REVIEWER BOOKS-/A. LET REVIEWER PROF ED 2025 90percent pdfbooksforum.com.pdf,Teacher A would like to cover a wide variety of objectives in the quarterly examinations in his English class lesson on subject verb agreement. Which of the following type of test the most appropriate?,,,True or False,,Essay,,Multiple choice,,Matching type,,,,,,Both,Professional Education,Grammar,Cannot Determine,No,,0.72,Needs Answer,"Path explicitly groups BEED and BSED. Answer key exists in source text but this item was not matched confidently. Source page contains image objects, but no explicit visual dependency was detected for this item."
209,9,1,A. LET REVIEWER PROF ED 2025 90percent pdfbooksforum.com.pdf,/Users/lyndon/All reviewers/Sept2026_LET Reviewer Files/C. BEED&BSED REVIEWER BOOKS-/A. LET REVIEWER PROF ED 2025 90percent pdfbooksforum.com.pdf,"Among the types of assessment below, which does not belong to the concept-group?",,question_image_page_01_q9,Multiple choice,,Matching type .,,True or false,,Completion test,,,,,,Both,Professional Education,Assessment Tools,Cannot Determine,Yes,,0.47,Needs Image Extraction,Path explicitly groups BEED and BSED. Answer key exists in source text but this item was not matched confidently. Source page contains image objects and the item has visual-reference language; crop must be reviewed/extracted manually.
210,10,1,A. LET REVIEWER PROF ED 2025 90percent pdfbooksforum.com.pdf,/Users/lyndon/All reviewers/Sept2026_LET Reviewer Files/C. BEED&BSED REVIEWER BOOKS-/A. LET REVIEWER PROF ED 2025 90percent pdfbooksforum.com.pdf,"Which type of test measures student’s thinking, organizing and written communication skills?",,,Completion,,Essay,,True or false,,Matching,,,,,,Both,Professional Education,Assessment Tools,Cannot Determine,No,,0.72,Needs Answer,"Path explicitly groups BEED and BSED. Answer key exists in source text but this item was not matched confidently. Source page contains image objects, but no explicit visual dependency was detected for this item."
211,10,1,A. LET REVIEWER PROF ED 2025 90percent pdfbooksforum.com.pdf,/Users/lyndon/All reviewers/Sept2026_LET Reviewer Files/C. BEED&BSED REVIEWER BOOKS-/A. LET REVIEWER PROF ED 2025 90percent pdfbooksforum.com.pdf,What is the highest career stage of a teacher in the PPST?,,,Distinguished,,Proficient,,Highly Proficient,,Most Proficient,,,,,,Both,Professional Education,Needs Review,Cannot Determine,No,,0.72,Needs Answer,"Path explicitly groups BEED and BSED. Answer key exists in source text but this item was not matched confidently. Source page contains image objects, but no explicit visual dependency was detected for this item."
212,11,1,A. LET REVIEWER PROF ED 2025 90percent pdfbooksforum.com.pdf,/Users/lyndon/All reviewers/Sept2026_LET Reviewer Files/C. BEED&BSED REVIEWER BOOKS-/A. LET REVIEWER PROF ED 2025 90percent pdfbooksforum.com.pdf,Senior high school student in private schools are given_____.,,,Scholarship,,Low tuition free,,Voucher,,Discount in tuition free,,,,,,Both,Professional Education,Needs Review,Cannot Determine,No,,0.47,Needs Review,"Path explicitly groups BEED and BSED. Answer key exists in source text but this item was not matched confidently. Source page contains image objects, but no explicit visual dependency was detected for this item."
213,12,1,A. LET REVIEWER PROF ED 2025 90percent pdfbooksforum.com.pdf,/Users/lyndon/All reviewers/Sept2026_LET Reviewer Files/C. BEED&BSED REVIEWER BOOKS-/A. LET REVIEWER PROF ED 2025 90percent pdfbooksforum.com.pdf,"When a child says that the sun is sleeping at night, the child is in the pre-operational stage, particularly______.",,,animism,,centration,,egocentrism,,reversibility,,,,,,Both,Professional Education,Child Development,Cannot Determine,No,,0.47,Needs Review,"Path explicitly groups BEED and BSED. Answer key exists in source text but this item was not matched confidently. Source page contains image objects, but no explicit visual dependency was detected for this item."
214,13,1-2,A. LET REVIEWER PROF ED 2025 90percent pdfbooksforum.com.pdf,/Users/lyndon/All reviewers/Sept2026_LET Reviewer Files/C. BEED&BSED REVIEWER BOOKS-/A. LET REVIEWER PROF ED 2025 90percent pdfbooksforum.com.pdf,"When the daughter is competing with the mother for the father's attention, the daughter is said to be experiencing _____.",,,Accommodation,,Assimilation,,Schema,,Equilibrium,,,,,,Both,Professional Education,Needs Review,Cannot Determine,No,,0.47,Needs Review,"Path explicitly groups BEED and BSED. Answer key exists in source text but this item was not matched confidently. Source page contains image objects, but no explicit visual dependency was detected for this item."
215,15,2,A. LET REVIEWER PROF ED 2025 90percent pdfbooksforum.com.pdf,/Users/lyndon/All reviewers/Sept2026_LET Reviewer Files/C. BEED&BSED REVIEWER BOOKS-/A. LET REVIEWER PROF ED 2025 90percent pdfbooksforum.com.pdf,"Bandura's theory, the teacher who can be observed in a school is____.",,,Symbolic model,,Live model,,Virtual model,,Verbal model,,,,,,Both,Professional Education,Learning Theories,Cannot Determine,No,,0.47,Needs Review,"Path explicitly groups BEED and BSED. Answer key exists in source text but this item was not matched confidently. Source page contains image objects, but no explicit visual dependency was detected for this item."
216,16,2,A. LET REVIEWER PROF ED 2025 90percent pdfbooksforum.com.pdf,/Users/lyndon/All reviewers/Sept2026_LET Reviewer Files/C. BEED&BSED REVIEWER BOOKS-/A. LET REVIEWER PROF ED 2025 90percent pdfbooksforum.com.pdf,Advance organizers use ____ to make connections among various pieces of information for Efficient recall,,,Visual imagery,,Elaboration,,Organization,,Rehearsal,,,,,,Both,Professional Education,Needs Review,Cannot Determine,No,,0.47,Needs Review,"Path explicitly groups BEED and BSED. Answer key exists in source text but this item was not matched confidently. Source page contains image objects, but no explicit visual dependency was detected for this item."
217,17,2,A. LET REVIEWER PROF ED 2025 90percent pdfbooksforum.com.pdf,/Users/lyndon/All reviewers/Sept2026_LET Reviewer Files/C. BEED&BSED REVIEWER BOOKS-/A. LET REVIEWER PROF ED 2025 90percent pdfbooksforum.com.pdf,Bruner said that there should be revisiting an old curriculum and for full understanding of ideas,,,Enrichment curriculum,,Advanced organizers,,Spiral curriculum,,Concept mapping,,,,,,Both,Professional Education,Learning Theories,Cannot Determine,No,,0.72,Needs Answer,"Path explicitly groups BEED and BSED. Answer key exists in source text but this item was not matched confidently. Source page contains image objects, but no explicit visual dependency was detected for this item."
218,18,2,A. LET REVIEWER PROF ED 2025 90percent pdfbooksforum.com.pdf,/Users/lyndon/All reviewers/Sept2026_LET Reviewer Files/C. BEED&BSED REVIEWER BOOKS-/A. LET REVIEWER PROF ED 2025 90percent pdfbooksforum.com.pdf,A teaching cycle is not complete without _____ of learning.,,,reviewing,,recycling,,planning,,assessment,,,,,,Both,Professional Education,Needs Review,Cannot Determine,No,,0.47,Needs Review,"Path explicitly groups BEED and BSED. Answer key exists in source text but this item was not matched confidently. Source page contains image objects, but no explicit visual dependency was detected for this item."
219,19,2,A. LET REVIEWER PROF ED 2025 90percent pdfbooksforum.com.pdf,/Users/lyndon/All reviewers/Sept2026_LET Reviewer Files/C. BEED&BSED REVIEWER BOOKS-/A. LET REVIEWER PROF ED 2025 90percent pdfbooksforum.com.pdf,"Among thinking skills, Analysis means,",,,Comparing information proper choices,,selecting relevant and important information,,Breakdown complex information,,placing information,,,,,,Both,Professional Education,Needs Review,Cannot Determine,No,,0.72,Needs Answer,"Path explicitly groups BEED and BSED. Answer key exists in source text but this item was not matched confidently. Source page contains image objects, but no explicit visual dependency was detected for this item."
220,20,2,A. LET REVIEWER PROF ED 2025 90percent pdfbooksforum.com.pdf,/Users/lyndon/All reviewers/Sept2026_LET Reviewer Files/C. BEED&BSED REVIEWER BOOKS-/A. LET REVIEWER PROF ED 2025 90percent pdfbooksforum.com.pdf,Which cognitive ability is tested in the essay question. A listing of ways to tackle noise pollution.,,,Elementary,,Tertiary,,Preschool and Primary,,Secondary,,,,,,Both,Professional Education,Educational Psychology,Cannot Determine,No,,0.72,Needs Answer,"Path explicitly groups BEED and BSED. Answer key exists in source text but this item was not matched confidently. Source page contains image objects, but no explicit visual dependency was detected for this item."
221,23,2,A. LET REVIEWER PROF ED 2025 90percent pdfbooksforum.com.pdf,/Users/lyndon/All reviewers/Sept2026_LET Reviewer Files/C. BEED&BSED REVIEWER BOOKS-/A. LET REVIEWER PROF ED 2025 90percent pdfbooksforum.com.pdf,"Based on bloom's taxonomy, this activity is suitable to contribute to comprehension and learning but NOT to include ___________. A causal relationship",,,,,analogy,,outline,,text reading,,,,,,Both,Professional Education,Needs Review,Cannot Determine,No,,0.47,Incomplete,"Path explicitly groups BEED and BSED. Answer key exists in source text but this item was not matched confidently. Source page contains image objects, but no explicit visual dependency was detected for this item."
222,24,2,A. LET REVIEWER PROF ED 2025 90percent pdfbooksforum.com.pdf,/Users/lyndon/All reviewers/Sept2026_LET Reviewer Files/C. BEED&BSED REVIEWER BOOKS-/A. LET REVIEWER PROF ED 2025 90percent pdfbooksforum.com.pdf,How does a novice learner acquire information?,,,Selected information,,Important information,,All the information,,Meaningful information,,,,,,Both,Professional Education,Needs Review,Cannot Determine,No,,0.72,Needs Answer,"Path explicitly groups BEED and BSED. Answer key exists in source text but this item was not matched confidently. Source page contains image objects, but no explicit visual dependency was detected for this item."
223,25,2,A. LET REVIEWER PROF ED 2025 90percent pdfbooksforum.com.pdf,/Users/lyndon/All reviewers/Sept2026_LET Reviewer Files/C. BEED&BSED REVIEWER BOOKS-/A. LET REVIEWER PROF ED 2025 90percent pdfbooksforum.com.pdf,What kind of knowledge processing was involved when teacher when teacher A asked his students to reflect on themselves as self-learners?,,,Deduction,,Observation D Induction,,Metacognition,,,,,,,,Both,Professional Education,Needs Review,Cannot Determine,No,,0.47,Incomplete,"Path explicitly groups BEED and BSED. Answer key exists in source text but this item was not matched confidently. Source page contains image objects, but no explicit visual dependency was detected for this item."
224,26,2,A. LET REVIEWER PROF ED 2025 90percent pdfbooksforum.com.pdf,/Users/lyndon/All reviewers/Sept2026_LET Reviewer Files/C. BEED&BSED REVIEWER BOOKS-/A. LET REVIEWER PROF ED 2025 90percent pdfbooksforum.com.pdf,"You are required to formulate your own philosophy of education in the course teaching profession, based on Bloom's revised taxonomy, in which level of cognitive structure or processing are you?",,,Applying,,Creating,,Analyzing,,Evaluating,,,,,,Both,Professional Education,Educational Psychology,Cannot Determine,No,,0.72,Needs Answer,"Path explicitly groups BEED and BSED. Answer key exists in source text but this item was not matched confidently. Source page contains image objects, but no explicit visual dependency was detected for this item."
225,27,2,A. LET REVIEWER PROF ED 2025 90percent pdfbooksforum.com.pdf,/Users/lyndon/All reviewers/Sept2026_LET Reviewer Files/C. BEED&BSED REVIEWER BOOKS-/A. LET REVIEWER PROF ED 2025 90percent pdfbooksforum.com.pdf,Successful learners contribute to their own learning by assuming the following traits except?,,,Goal-directed,,Active,,Docile,,Self-regulating,,,,,,Both,Professional Education,Needs Review,Cannot Determine,No,,0.72,Needs Answer,"Path explicitly groups BEED and BSED. Answer key exists in source text but this item was not matched confidently. Source page contains image objects, but no explicit visual dependency was detected for this item."
226,28,2-3,A. LET REVIEWER PROF ED 2025 90percent pdfbooksforum.com.pdf,/Users/lyndon/All reviewers/Sept2026_LET Reviewer Files/C. BEED&BSED REVIEWER BOOKS-/A. LET REVIEWER PROF ED 2025 90percent pdfbooksforum.com.pdf,How would you describe teacher J initiative in relating to everyone in class without playing favorite?,,,Application of a concept,,Assessment of a problem,,Simple knowledge,,Application of a formula,,,,,,Both,Professional Education,Needs Review,Cannot Determine,No,,0.72,Needs Answer,"Path explicitly groups BEED and BSED. Answer key exists in source text but this item was not matched confidently. Source page contains image objects, but no explicit visual dependency was detected for this item."
227,30,3,A. LET REVIEWER PROF ED 2025 90percent pdfbooksforum.com.pdf,/Users/lyndon/All reviewers/Sept2026_LET Reviewer Files/C. BEED&BSED REVIEWER BOOKS-/A. LET REVIEWER PROF ED 2025 90percent pdfbooksforum.com.pdf,Which standardized test is used to measure performance in completed subjects at various grade levels?,,,Remedial test,,Achievement test,,Aptitude test,,Intelligence test,,,,,,Both,Professional Education,Assessment Tools,Cannot Determine,No,,0.72,Needs Answer,"Path explicitly groups BEED and BSED. Answer key exists in source text but this item was not matched confidently. Source page contains image objects, but no explicit visual dependency was detected for this item."
228,31,3,A. LET REVIEWER PROF ED 2025 90percent pdfbooksforum.com.pdf,/Users/lyndon/All reviewers/Sept2026_LET Reviewer Files/C. BEED&BSED REVIEWER BOOKS-/A. LET REVIEWER PROF ED 2025 90percent pdfbooksforum.com.pdf,"Along piaget principles, what will you apply along the need to use props and visual aids to help children understand ideas?",,,introduce dialogue exchange,,use drawing and illustrations,,do drills and repetitive exercise,,Send pupils in a field trip,,,,,,Both,Professional Education,Learning Theories,Cannot Determine,No,,0.72,Needs Answer,"Path explicitly groups BEED and BSED. Answer key exists in source text but this item was not matched confidently. Source page contains image objects, but no explicit visual dependency was detected for this item."
229,32,3,A. LET REVIEWER PROF ED 2025 90percent pdfbooksforum.com.pdf,/Users/lyndon/All reviewers/Sept2026_LET Reviewer Files/C. BEED&BSED REVIEWER BOOKS-/A. LET REVIEWER PROF ED 2025 90percent pdfbooksforum.com.pdf,Teacher A is sincere and honest in words and deeds as he has____?,,,Buoyancy,,Innovativeness,,Intelligence,,Reliability,,,,,,Both,Professional Education,Needs Review,Cannot Determine,No,,0.47,Needs Review,"Path explicitly groups BEED and BSED. Answer key exists in source text but this item was not matched confidently. Source page contains image objects, but no explicit visual dependency was detected for this item."
230,33,3,A. LET REVIEWER PROF ED 2025 90percent pdfbooksforum.com.pdf,/Users/lyndon/All reviewers/Sept2026_LET Reviewer Files/C. BEED&BSED REVIEWER BOOKS-/A. LET REVIEWER PROF ED 2025 90percent pdfbooksforum.com.pdf,"A teacher who is moody, a loner, easily giving up with poor interpersonal relationship?",,,Buoyancy,,Innovativeness,,Intelligence,,Reliability,,,,,,Both,Professional Education,Needs Review,Cannot Determine,No,,0.72,Needs Answer,"Path explicitly groups BEED and BSED. Answer key exists in source text but this item was not matched confidently. Source page contains image objects, but no explicit visual dependency was detected for this item."
231,34,3,A. LET REVIEWER PROF ED 2025 90percent pdfbooksforum.com.pdf,/Users/lyndon/All reviewers/Sept2026_LET Reviewer Files/C. BEED&BSED REVIEWER BOOKS-/A. LET REVIEWER PROF ED 2025 90percent pdfbooksforum.com.pdf,Open environment for discussing opinions without fear of being wrong,,,Debate,,Buzz Session,,Symposium,,Committee,,,,,,Both,Professional Education,Needs Review,Cannot Determine,No,,0.72,Needs Answer,"Path explicitly groups BEED and BSED. Answer key exists in source text but this item was not matched confidently. Source page contains image objects, but no explicit visual dependency was detected for this item."
232,35,3,A. LET REVIEWER PROF ED 2025 90percent pdfbooksforum.com.pdf,/Users/lyndon/All reviewers/Sept2026_LET Reviewer Files/C. BEED&BSED REVIEWER BOOKS-/A. LET REVIEWER PROF ED 2025 90percent pdfbooksforum.com.pdf,"Proponent of Learning by heart, heads and hands",,,Herbart,,Froebel,,Pestalozzi,,Vygotsky,,,,,,Both,Professional Education,Needs Review,Cannot Determine,No,,0.72,Needs Answer,"Path explicitly groups BEED and BSED. Answer key exists in source text but this item was not matched confidently. Source page contains image objects, but no explicit visual dependency was detected for this item."
233,36,3,A. LET REVIEWER PROF ED 2025 90percent pdfbooksforum.com.pdf,/Users/lyndon/All reviewers/Sept2026_LET Reviewer Files/C. BEED&BSED REVIEWER BOOKS-/A. LET REVIEWER PROF ED 2025 90percent pdfbooksforum.com.pdf,The professional standard in the PQF is best understood?,,,As by law,,As by benchmark,,As by ethical code,,As by Civic conduct,,,,,,Both,Professional Education,Needs Review,Cannot Determine,No,,0.72,Needs Answer,"Path explicitly groups BEED and BSED. Answer key exists in source text but this item was not matched confidently. Source page contains image objects, but no explicit visual dependency was detected for this item."
234,37,3,A. LET REVIEWER PROF ED 2025 90percent pdfbooksforum.com.pdf,/Users/lyndon/All reviewers/Sept2026_LET Reviewer Files/C. BEED&BSED REVIEWER BOOKS-/A. LET REVIEWER PROF ED 2025 90percent pdfbooksforum.com.pdf,"Values of agreeable, disagreeable or strong sensual?",,,Vital Values,,Psychic Values,,Pleasure Values,,Holy and Unholy Values,,,,,,Both,Professional Education,Ethics,Cannot Determine,No,,0.72,Needs Answer,"Path explicitly groups BEED and BSED. Answer key exists in source text but this item was not matched confidently. Source page contains image objects, but no explicit visual dependency was detected for this item."
235,38,3,A. LET REVIEWER PROF ED 2025 90percent pdfbooksforum.com.pdf,/Users/lyndon/All reviewers/Sept2026_LET Reviewer Files/C. BEED&BSED REVIEWER BOOKS-/A. LET REVIEWER PROF ED 2025 90percent pdfbooksforum.com.pdf,What type of test is National Career Assessment Examination (NCAE)?,,,Placement test,,Summative test,,Formative test,,Aptitude test,,,,,,Both,Professional Education,Assessment Tools,Cannot Determine,No,,0.72,Needs Answer,"Path explicitly groups BEED and BSED. Answer key exists in source text but this item was not matched confidently. Source page contains image objects, but no explicit visual dependency was detected for this item."
236,39,3,A. LET REVIEWER PROF ED 2025 90percent pdfbooksforum.com.pdf,/Users/lyndon/All reviewers/Sept2026_LET Reviewer Files/C. BEED&BSED REVIEWER BOOKS-/A. LET REVIEWER PROF ED 2025 90percent pdfbooksforum.com.pdf,"According to Jean Piaget's, cognitive development theory a childlike Cinderella is in stage of ?",,,Sensorimotor,,Pre-operational stage,,Egocentrism,,Formal operational,,,,,,Both,Professional Education,Educational Psychology,Cannot Determine,No,,0.72,Needs Answer,"Path explicitly groups BEED and BSED. Answer key exists in source text but this item was not matched confidently. Source page contains image objects, but no explicit visual dependency was detected for this item."
237,40,3,A. LET REVIEWER PROF ED 2025 90percent pdfbooksforum.com.pdf,/Users/lyndon/All reviewers/Sept2026_LET Reviewer Files/C. BEED&BSED REVIEWER BOOKS-/A. LET REVIEWER PROF ED 2025 90percent pdfbooksforum.com.pdf,What is the lowest form of learning?,,,Perceiving,,Responding,,Conditioning,,Teaching,,,,,,Both,Professional Education,Needs Review,Cannot Determine,No,,0.72,Needs Answer,"Path explicitly groups BEED and BSED. Answer key exists in source text but this item was not matched confidently. Source page contains image objects, but no explicit visual dependency was detected for this item."
238,41,3,A. LET REVIEWER PROF ED 2025 90percent pdfbooksforum.com.pdf,/Users/lyndon/All reviewers/Sept2026_LET Reviewer Files/C. BEED&BSED REVIEWER BOOKS-/A. LET REVIEWER PROF ED 2025 90percent pdfbooksforum.com.pdf,Which of the following is the study of human behavior?,,,Philosophy,,Morality,,Ethics,,Psychology,,,,,,Both,Professional Education,Educational Psychology,Cannot Determine,No,,0.72,Needs Answer,"Path explicitly groups BEED and BSED. Answer key exists in source text but this item was not matched confidently. Source page contains image objects, but no explicit visual dependency was detected for this item."
239,42,3-4,A. LET REVIEWER PROF ED 2025 90percent pdfbooksforum.com.pdf,/Users/lyndon/All reviewers/Sept2026_LET Reviewer Files/C. BEED&BSED REVIEWER BOOKS-/A. LET REVIEWER PROF ED 2025 90percent pdfbooksforum.com.pdf,"According to Maslow, the highest of the need in the Hierarchy of Needs theory is",,,Exhibit,,Lecture,,Demonstration,,Field trip,,,,,,Both,Professional Education,Needs Review,Cannot Determine,No,,0.72,Needs Answer,"Path explicitly groups BEED and BSED. Answer key exists in source text but this item was not matched confidently. Source page contains image objects, but no explicit visual dependency was detected for this item."
240,46,4,A. LET REVIEWER PROF ED 2025 90percent pdfbooksforum.com.pdf,/Users/lyndon/All reviewers/Sept2026_LET Reviewer Files/C. BEED&BSED REVIEWER BOOKS-/A. LET REVIEWER PROF ED 2025 90percent pdfbooksforum.com.pdf,Summative assessment is______?,,,Assessment in learning,,Assessment as learning,,Assessment for learning,,Assessment of learning,,,,,,Both,Professional Education,Assessment Tools,Cannot Determine,No,,0.47,Needs Review,"Path explicitly groups BEED and BSED. Answer key exists in source text but this item was not matched confidently. Source page contains image objects, but no explicit visual dependency was detected for this item."
241,47,4,A. LET REVIEWER PROF ED 2025 90percent pdfbooksforum.com.pdf,/Users/lyndon/All reviewers/Sept2026_LET Reviewer Files/C. BEED&BSED REVIEWER BOOKS-/A. LET REVIEWER PROF ED 2025 90percent pdfbooksforum.com.pdf,______is an actual concept sharing of teaching and student,,,Inquiry-related,,Substitution learning,,Metacognitive,,Constructivist,,,,,,Both,Professional Education,Needs Review,Cannot Determine,No,,0.47,Needs Review,"Path explicitly groups BEED and BSED. Answer key exists in source text but this item was not matched confidently. Source page contains image objects, but no explicit visual dependency was detected for this item."
242,48,4,A. LET REVIEWER PROF ED 2025 90percent pdfbooksforum.com.pdf,/Users/lyndon/All reviewers/Sept2026_LET Reviewer Files/C. BEED&BSED REVIEWER BOOKS-/A. LET REVIEWER PROF ED 2025 90percent pdfbooksforum.com.pdf,Technology advances in education by using_____ devices,,,Audio visual,,Digital,,Improvised,,Supplementary,,,,,,Both,Professional Education,Needs Review,Cannot Determine,No,,0.47,Needs Review,"Path explicitly groups BEED and BSED. Answer key exists in source text but this item was not matched confidently. Source page contains image objects, but no explicit visual dependency was detected for this item."
243,49,4,A. LET REVIEWER PROF ED 2025 90percent pdfbooksforum.com.pdf,/Users/lyndon/All reviewers/Sept2026_LET Reviewer Files/C. BEED&BSED REVIEWER BOOKS-/A. LET REVIEWER PROF ED 2025 90percent pdfbooksforum.com.pdf,The most important contribution of the Gestalt psychology to the theories of learning,,,Use of multimedia approaches,,Importance of reinforcement,,Concept of readiness in learning,,Cognitive insight,,,,,,Both,Professional Education,Educational Psychology,Cannot Determine,No,,0.72,Needs Answer,"Path explicitly groups BEED and BSED. Answer key exists in source text but this item was not matched confidently. Source page contains image objects, but no explicit visual dependency was detected for this item."
244,50,4,A. LET REVIEWER PROF ED 2025 90percent pdfbooksforum.com.pdf,/Users/lyndon/All reviewers/Sept2026_LET Reviewer Files/C. BEED&BSED REVIEWER BOOKS-/A. LET REVIEWER PROF ED 2025 90percent pdfbooksforum.com.pdf,"If a student failed to pass 2 subjects, he/she will",,,Retain in the same level,,Take remedial classes,,Move to the next grade level,,Transfer to another school,,,,,,Both,Professional Education,Needs Review,Cannot Determine,No,,0.72,Needs Answer,"Path explicitly groups BEED and BSED. Answer key exists in source text but this item was not matched confidently. Source page contains image objects, but no explicit visual dependency was detected for this item."
245,51,4,A. LET REVIEWER PROF ED 2025 90percent pdfbooksforum.com.pdf,/Users/lyndon/All reviewers/Sept2026_LET Reviewer Files/C. BEED&BSED REVIEWER BOOKS-/A. LET REVIEWER PROF ED 2025 90percent pdfbooksforum.com.pdf,Show the chronological development of curriculum,,,Legal foundations,,Philosophical Foundations,,Historical Foundations,,Psychological Foundations,,,,,,Both,Professional Education,Curriculum Models,Cannot Determine,No,,0.72,Needs Answer,"Path explicitly groups BEED and BSED. Answer key exists in source text but this item was not matched confidently. Source page contains image objects, but no explicit visual dependency was detected for this item."
246,52,4,A. LET REVIEWER PROF ED 2025 90percent pdfbooksforum.com.pdf,/Users/lyndon/All reviewers/Sept2026_LET Reviewer Files/C. BEED&BSED REVIEWER BOOKS-/A. LET REVIEWER PROF ED 2025 90percent pdfbooksforum.com.pdf,What materials can be used when intended materials are not available?,,,Supplementary materials,,Audio-visual materials,,Improvised materials,,Digital materials,,,,,,Both,Professional Education,Needs Review,Cannot Determine,No,,0.72,Needs Answer,"Path explicitly groups BEED and BSED. Answer key exists in source text but this item was not matched confidently. Source page contains image objects, but no explicit visual dependency was detected for this item."
247,53,4,A. LET REVIEWER PROF ED 2025 90percent pdfbooksforum.com.pdf,/Users/lyndon/All reviewers/Sept2026_LET Reviewer Files/C. BEED&BSED REVIEWER BOOKS-/A. LET REVIEWER PROF ED 2025 90percent pdfbooksforum.com.pdf,"Teacher A observed that one of his followers excels in activities requiring strength, speed, flexibility, balance, and hand-eye coordination. According to H. Gardner, such natural intelligence can be identified as _____.",,,bodily-kinesthetic,,intrapersonal,,interpersonal,,verbal-linguistic,,,,,,Both,Professional Education,Educational Psychology,Cannot Determine,No,,0.47,Needs Review,"Path explicitly groups BEED and BSED. Answer key exists in source text but this item was not matched confidently. Source page contains image objects, but no explicit visual dependency was detected for this item."
248,54,4,A. LET REVIEWER PROF ED 2025 90percent pdfbooksforum.com.pdf,/Users/lyndon/All reviewers/Sept2026_LET Reviewer Files/C. BEED&BSED REVIEWER BOOKS-/A. LET REVIEWER PROF ED 2025 90percent pdfbooksforum.com.pdf,Rote learning in the teaching-learning process is best described as ___.,,,automated,,in-depth,,discovery,,motivated,,,,,,Both,Professional Education,Needs Review,Cannot Determine,No,,0.47,Needs Review,"Path explicitly groups BEED and BSED. Answer key exists in source text but this item was not matched confidently. Source page contains image objects, but no explicit visual dependency was detected for this item."
249,55,4,A. LET REVIEWER PROF ED 2025 90percent pdfbooksforum.com.pdf,/Users/lyndon/All reviewers/Sept2026_LET Reviewer Files/C. BEED&BSED REVIEWER BOOKS-/A. LET REVIEWER PROF ED 2025 90percent pdfbooksforum.com.pdf,"Along piaget principles, what will you apply along the need to use props and visual aids to help children understand ideas?",,,introduce dialogue exchange,,use drawing and illustrations,,do drills and repetitive exercise,,Send pupils in a field trip,,,,,,Both,Professional Education,Learning Theories,Cannot Determine,No,228,0.72,Duplicate,"Path explicitly groups BEED and BSED. Answer key exists in source text but this item was not matched confidently. Source page contains image objects, but no explicit visual dependency was detected for this item. Duplicate or near-duplicate of row 228."
250,56,4,A. LET REVIEWER PROF ED 2025 90percent pdfbooksforum.com.pdf,/Users/lyndon/All reviewers/Sept2026_LET Reviewer Files/C. BEED&BSED REVIEWER BOOKS-/A. LET REVIEWER PROF ED 2025 90percent pdfbooksforum.com.pdf,"Based on Blooms Taxonomy, which of the following can be best effective for making a synthesis of learning?",,,A comparison standard,,A definition,,A text reading,,A plan,,,,,,Both,Professional Education,Needs Review,Cannot Determine,No,,0.72,Needs Answer,"Path explicitly groups BEED and BSED. Answer key exists in source text but this item was not matched confidently. Source page contains image objects, but no explicit visual dependency was detected for this item."
251,57,4,A. LET REVIEWER PROF ED 2025 90percent pdfbooksforum.com.pdf,/Users/lyndon/All reviewers/Sept2026_LET Reviewer Files/C. BEED&BSED REVIEWER BOOKS-/A. LET REVIEWER PROF ED 2025 90percent pdfbooksforum.com.pdf,This is a tool for assessment for spatially intelligent learners.,,,Oral demonstration enacting movie scene,,Writing inner thoughts,,Landscape drawing,,Written report,,,,,,Both,Professional Education,Assessment Tools,Cannot Determine,No,,0.72,Needs Answer,"Path explicitly groups BEED and BSED. Answer key exists in source text but this item was not matched confidently. Source page contains image objects, but no explicit visual dependency was detected for this item."
252,58,4-5,A. LET REVIEWER PROF ED 2025 90percent pdfbooksforum.com.pdf,/Users/lyndon/All reviewers/Sept2026_LET Reviewer Files/C. BEED&BSED REVIEWER BOOKS-/A. LET REVIEWER PROF ED 2025 90percent pdfbooksforum.com.pdf,"Teacher Tess gives importance to ""Wellness: Which needs to be developed among individual learners and so she gives focus on _____.",,,It is concerned in trivia,,The blank is very short,,It is open to more than one correct answer,,The black is near the end,,,,,,Both,Professional Education,Needs Review,Cannot Determine,No,,0.47,Needs Review,"Path explicitly groups BEED and BSED. Answer key exists in source text but this item was not matched confidently. Source page contains image objects, but no explicit visual dependency was detected for this item."
253,60,5,A. LET REVIEWER PROF ED 2025 90percent pdfbooksforum.com.pdf,/Users/lyndon/All reviewers/Sept2026_LET Reviewer Files/C. BEED&BSED REVIEWER BOOKS-/A. LET REVIEWER PROF ED 2025 90percent pdfbooksforum.com.pdf,"In order for the students to clearly understand the structure and content of the teacher's presentation, the teacher should have",,,short preview,,several years of experience as a presenter,,short conclusion,,a summary,,,,,,Both,Professional Education,Needs Review,Cannot Determine,No,,0.72,Needs Answer,"Path explicitly groups BEED and BSED. Answer key exists in source text but this item was not matched confidently. Source page contains image objects, but no explicit visual dependency was detected for this item."
254,61,5,A. LET REVIEWER PROF ED 2025 90percent pdfbooksforum.com.pdf,/Users/lyndon/All reviewers/Sept2026_LET Reviewer Files/C. BEED&BSED REVIEWER BOOKS-/A. LET REVIEWER PROF ED 2025 90percent pdfbooksforum.com.pdf,Assessment of learning is _____ to the teaching- learning process.,,,auxiliary,,enrichment,,integral,,add-on,,,,,,Both,Professional Education,Assessment Tools,Cannot Determine,No,,0.47,Needs Review,"Path explicitly groups BEED and BSED. Answer key exists in source text but this item was not matched confidently. Source page contains image objects, but no explicit visual dependency was detected for this item."
255,62,5,A. LET REVIEWER PROF ED 2025 90percent pdfbooksforum.com.pdf,/Users/lyndon/All reviewers/Sept2026_LET Reviewer Files/C. BEED&BSED REVIEWER BOOKS-/A. LET REVIEWER PROF ED 2025 90percent pdfbooksforum.com.pdf,"Who authored the three-tiered model of learning- enactive, iconic and symbolic and emphasized that we should not teach directly to the abstract level without adequate foundation of the concrete?",,,Jerome Bruner,,Jean Piaget,,Erik Erikson,,Lev Vygotsky,,,,,,Both,Professional Education,Needs Review,Cannot Determine,No,,0.72,Needs Answer,"Path explicitly groups BEED and BSED. Answer key exists in source text but this item was not matched confidently. Source page contains image objects, but no explicit visual dependency was detected for this item."
256,63,5,A. LET REVIEWER PROF ED 2025 90percent pdfbooksforum.com.pdf,/Users/lyndon/All reviewers/Sept2026_LET Reviewer Files/C. BEED&BSED REVIEWER BOOKS-/A. LET REVIEWER PROF ED 2025 90percent pdfbooksforum.com.pdf,What is PQF?,,,A framework for qualifications of professionals in the Philippines,,A framework of levels of the Philippine Education System,,A framework for all courses in tertiary,,A framework for job qualifications to determine salary,,,,,,Both,Professional Education,Needs Review,Cannot Determine,No,,0.52,Needs Answer,"Path explicitly groups BEED and BSED. Answer key exists in source text but this item was not matched confidently. Source page contains image objects, but no explicit visual dependency was detected for this item."
257,64,5,A. LET REVIEWER PROF ED 2025 90percent pdfbooksforum.com.pdf,/Users/lyndon/All reviewers/Sept2026_LET Reviewer Files/C. BEED&BSED REVIEWER BOOKS-/A. LET REVIEWER PROF ED 2025 90percent pdfbooksforum.com.pdf,"The teacher as facilitator adds vigor, light and life in the classroom.",,,Composure,,Uniform D.. Reticence,,Presence,,,,,,,,Both,Professional Education,Needs Review,Cannot Determine,No,,0.47,Incomplete,"Path explicitly groups BEED and BSED. Answer key exists in source text but this item was not matched confidently. Source page contains image objects, but no explicit visual dependency was detected for this item."
258,65,5,A. LET REVIEWER PROF ED 2025 90percent pdfbooksforum.com.pdf,/Users/lyndon/All reviewers/Sept2026_LET Reviewer Files/C. BEED&BSED REVIEWER BOOKS-/A. LET REVIEWER PROF ED 2025 90percent pdfbooksforum.com.pdf,The meaning of AQRF,,,ASEAN Qualifications Reference Framework,,Asian Qualifications Reference Framework,,ASEAN Quality Reference Framework,,Asian Quality Reference Framework,,,,,,Both,Professional Education,Vocabulary,Cannot Determine,No,,0.52,Needs Answer,"Path explicitly groups BEED and BSED. Answer key exists in source text but this item was not matched confidently. Source page contains image objects, but no explicit visual dependency was detected for this item."
259,66,5,A. LET REVIEWER PROF ED 2025 90percent pdfbooksforum.com.pdf,/Users/lyndon/All reviewers/Sept2026_LET Reviewer Files/C. BEED&BSED REVIEWER BOOKS-/A. LET REVIEWER PROF ED 2025 90percent pdfbooksforum.com.pdf,"On transferring learning, how will you classify the presentation of invited social researcher discussing the effect of social media.",,,Utilization -related,,Learner-related,,Inquiry-related,,Concept-related,,,,,,Both,Professional Education,Needs Review,Cannot Determine,No,,0.72,Needs Answer,"Path explicitly groups BEED and BSED. Answer key exists in source text but this item was not matched confidently. Source page contains image objects, but no explicit visual dependency was detected for this item."
260,67,5,A. LET REVIEWER PROF ED 2025 90percent pdfbooksforum.com.pdf,/Users/lyndon/All reviewers/Sept2026_LET Reviewer Files/C. BEED&BSED REVIEWER BOOKS-/A. LET REVIEWER PROF ED 2025 90percent pdfbooksforum.com.pdf,"Riya is afraid of exams. Her teacher usually gives an exam every friday. now, riya is afraid of Friday even though it is not certain whether or not her teacher will give an exam on the day. Which Theory illustrate Riya's behavior?",,,Classical conditioning,,Constructivist theory,,Operant Conditioning,,Connectionism theory,,,,,,Both,Professional Education,Educational Psychology,Cannot Determine,No,,0.72,Needs Answer,"Path explicitly groups BEED and BSED. Answer key exists in source text but this item was not matched confidently. Source page contains image objects, but no explicit visual dependency was detected for this item."
261,68,5,A. LET REVIEWER PROF ED 2025 90percent pdfbooksforum.com.pdf,/Users/lyndon/All reviewers/Sept2026_LET Reviewer Files/C. BEED&BSED REVIEWER BOOKS-/A. LET REVIEWER PROF ED 2025 90percent pdfbooksforum.com.pdf,Which standardized test us used to measure performance is complete grade levels?,,,Aptitude test,,Achievement test,,Intelligence test,,Remedial test,,,,,,Both,Professional Education,Assessment Tools,Cannot Determine,No,,0.72,Needs Answer,"Path explicitly groups BEED and BSED. Answer key exists in source text but this item was not matched confidently. Source page contains image objects, but no explicit visual dependency was detected for this item."
262,69,5,A. LET REVIEWER PROF ED 2025 90percent pdfbooksforum.com.pdf,/Users/lyndon/All reviewers/Sept2026_LET Reviewer Files/C. BEED&BSED REVIEWER BOOKS-/A. LET REVIEWER PROF ED 2025 90percent pdfbooksforum.com.pdf,According to Gardner's multiple intelligence theory. Spatial intelligence learners are inclined /disposal to.,,,"One's own strength, goals and desires",,"Colors, shapes",,"body language, moods, voice, feelings",,"Touch, movement physical self.",,,,,,Both,Professional Education,Educational Psychology,Cannot Determine,No,,0.72,Needs Answer,"Path explicitly groups BEED and BSED. Answer key exists in source text but this item was not matched confidently. Source page contains image objects, but no explicit visual dependency was detected for this item."
263,70,5-6,A. LET REVIEWER PROF ED 2025 90percent pdfbooksforum.com.pdf,/Users/lyndon/All reviewers/Sept2026_LET Reviewer Files/C. BEED&BSED REVIEWER BOOKS-/A. LET REVIEWER PROF ED 2025 90percent pdfbooksforum.com.pdf,A child treats his friend highly aggressive. The reason behind this attitude in his past experience with his father who is also highly aggressive. This is demonstrated on what theory.,,,Symposium,,Panel discussion,,Simulation,,Dramatization,,,,,,Both,Professional Education,Child Development,Cannot Determine,No,,0.72,Needs Answer,"Path explicitly groups BEED and BSED. Answer key exists in source text but this item was not matched confidently. Source page contains image objects, but no explicit visual dependency was detected for this item."
264,72,6,A. LET REVIEWER PROF ED 2025 90percent pdfbooksforum.com.pdf,/Users/lyndon/All reviewers/Sept2026_LET Reviewer Files/C. BEED&BSED REVIEWER BOOKS-/A. LET REVIEWER PROF ED 2025 90percent pdfbooksforum.com.pdf,The speaker shows COMPOSURE in a big audience. The capitalized word means:,,,Nervousness,,Agitation,,Calmness,,Excitement,,,,,,Both,Professional Education,Vocabulary,Cannot Determine,No,,0.72,Needs Answer,"Path explicitly groups BEED and BSED. Answer key exists in source text but this item was not matched confidently. Source page contains image objects, but no explicit visual dependency was detected for this item."
265,73,6,A. LET REVIEWER PROF ED 2025 90percent pdfbooksforum.com.pdf,/Users/lyndon/All reviewers/Sept2026_LET Reviewer Files/C. BEED&BSED REVIEWER BOOKS-/A. LET REVIEWER PROF ED 2025 90percent pdfbooksforum.com.pdf,What is “frustration control” in the reading Strategies of the teacher to student,,,Student’s frustration of not being able to read,,Remove the stress,,,,,,,,,,Both,Professional Education,Needs Review,Cannot Determine,No,,0.47,Incomplete,"Path explicitly groups BEED and BSED. Answer key exists in source text but this item was not matched confidently. Source page contains image objects, but no explicit visual dependency was detected for this item."
266,74,6,A. LET REVIEWER PROF ED 2025 90percent pdfbooksforum.com.pdf,/Users/lyndon/All reviewers/Sept2026_LET Reviewer Files/C. BEED&BSED REVIEWER BOOKS-/A. LET REVIEWER PROF ED 2025 90percent pdfbooksforum.com.pdf,"As a head teacher, what task will you give to a beginning teacher",,,Demo subjects,,light subject,,Subject “pegs”,,Subject overload,,,,,,Both,Professional Education,Needs Review,Cannot Determine,No,,0.72,Needs Answer,"Path explicitly groups BEED and BSED. Answer key exists in source text but this item was not matched confidently. Source page contains image objects, but no explicit visual dependency was detected for this item."
267,75,6,A. LET REVIEWER PROF ED 2025 90percent pdfbooksforum.com.pdf,/Users/lyndon/All reviewers/Sept2026_LET Reviewer Files/C. BEED&BSED REVIEWER BOOKS-/A. LET REVIEWER PROF ED 2025 90percent pdfbooksforum.com.pdf,Natural and Physical science is more important than humanities,,,Empiricism,,Naturalism,,Progressivism,,Essentialism,,,,,,Both,Professional Education,Needs Review,Cannot Determine,No,,0.72,Needs Answer,"Path explicitly groups BEED and BSED. Answer key exists in source text but this item was not matched confidently. Source page contains image objects, but no explicit visual dependency was detected for this item."
268,76,6,A. LET REVIEWER PROF ED 2025 90percent pdfbooksforum.com.pdf,/Users/lyndon/All reviewers/Sept2026_LET Reviewer Files/C. BEED&BSED REVIEWER BOOKS-/A. LET REVIEWER PROF ED 2025 90percent pdfbooksforum.com.pdf,Focused in on 3 r’s,,,Essentialism,,Existentialism,,Progressivism,,Empiricism,,,,,,Both,Professional Education,Needs Review,Cannot Determine,No,,0.52,Needs Answer,"Path explicitly groups BEED and BSED. Answer key exists in source text but this item was not matched confidently. Source page contains image objects, but no explicit visual dependency was detected for this item."
269,78,6,A. LET REVIEWER PROF ED 2025 90percent pdfbooksforum.com.pdf,/Users/lyndon/All reviewers/Sept2026_LET Reviewer Files/C. BEED&BSED REVIEWER BOOKS-/A. LET REVIEWER PROF ED 2025 90percent pdfbooksforum.com.pdf,Gestalt theory is well known for its concept of _____learning,,,Situation.,,Perception D.. Insight,,Cognition,,,,,,,,Both,Professional Education,Needs Review,Cannot Determine,No,,0.47,Incomplete,"Path explicitly groups BEED and BSED. Answer key exists in source text but this item was not matched confidently. Source page contains image objects, but no explicit visual dependency was detected for this item."
270,79,6,A. LET REVIEWER PROF ED 2025 90percent pdfbooksforum.com.pdf,/Users/lyndon/All reviewers/Sept2026_LET Reviewer Files/C. BEED&BSED REVIEWER BOOKS-/A. LET REVIEWER PROF ED 2025 90percent pdfbooksforum.com.pdf,Which psychological theory states that the mind insists on finding patterns in things that contribute to the development of insight?,,,Piaget's psychology,,Bruner’s theory,,Gestalt psychology,,Kohlberg's psychology,,,,,,Both,Professional Education,Child Development,Cannot Determine,No,,0.72,Needs Answer,"Path explicitly groups BEED and BSED. Answer key exists in source text but this item was not matched confidently. Source page contains image objects, but no explicit visual dependency was detected for this item."
271,80,6,A. LET REVIEWER PROF ED 2025 90percent pdfbooksforum.com.pdf,/Users/lyndon/All reviewers/Sept2026_LET Reviewer Files/C. BEED&BSED REVIEWER BOOKS-/A. LET REVIEWER PROF ED 2025 90percent pdfbooksforum.com.pdf,The theme of Vygotsky's socio-cultural theory emphasizes the role of appropriate assistance given by the teacher to accomplish a task.,,,competency technique,,scaffolding,,active participation,,collaboration,,,,,,Both,Professional Education,Learning Theories,Cannot Determine,No,,0.72,Needs Answer,"Path explicitly groups BEED and BSED. Answer key exists in source text but this item was not matched confidently. Source page contains image objects, but no explicit visual dependency was detected for this item."
272,81,6,A. LET REVIEWER PROF ED 2025 90percent pdfbooksforum.com.pdf,/Users/lyndon/All reviewers/Sept2026_LET Reviewer Files/C. BEED&BSED REVIEWER BOOKS-/A. LET REVIEWER PROF ED 2025 90percent pdfbooksforum.com.pdf,"Which educational level/s provide/s for free and compulsory education as stipulated in Article IV, Section 2 of the Philippine Constitution?",passage_page_06_q81,,Elementary level,,Secondary level,,Elementary and secondary levels,,Tertiary level,,,,,,Both,Professional Education,Government,Cannot Determine,No,,0.72,Needs Answer,"Path explicitly groups BEED and BSED. Answer key exists in source text but this item was not matched confidently. Source page contains image objects, but no explicit visual dependency was detected for this item."
273,82,6,A. LET REVIEWER PROF ED 2025 90percent pdfbooksforum.com.pdf,/Users/lyndon/All reviewers/Sept2026_LET Reviewer Files/C. BEED&BSED REVIEWER BOOKS-/A. LET REVIEWER PROF ED 2025 90percent pdfbooksforum.com.pdf,Human development begins in this stage.,,,Conception,,Birth,,Schooling,,Early childhood,,,,,,Both,Professional Education,Child Development,Cannot Determine,No,,0.72,Needs Answer,"Path explicitly groups BEED and BSED. Answer key exists in source text but this item was not matched confidently. Source page contains image objects, but no explicit visual dependency was detected for this item."
274,83,6,A. LET REVIEWER PROF ED 2025 90percent pdfbooksforum.com.pdf,/Users/lyndon/All reviewers/Sept2026_LET Reviewer Files/C. BEED&BSED REVIEWER BOOKS-/A. LET REVIEWER PROF ED 2025 90percent pdfbooksforum.com.pdf,The results of assessment must be provided the soonest possible time______,,,Parents,,Principal,,Registrar,,Students,,,,,,Both,Professional Education,Assessment Tools,Cannot Determine,No,,0.47,Needs Review,"Path explicitly groups BEED and BSED. Answer key exists in source text but this item was not matched confidently. Source page contains image objects, but no explicit visual dependency was detected for this item."
275,84,6,A. LET REVIEWER PROF ED 2025 90percent pdfbooksforum.com.pdf,/Users/lyndon/All reviewers/Sept2026_LET Reviewer Files/C. BEED&BSED REVIEWER BOOKS-/A. LET REVIEWER PROF ED 2025 90percent pdfbooksforum.com.pdf,What is the purpose of a pre-test?,,,To assess results,,To apply an intervention,,To determine entry knowledge or skills,,To grade learners,,,,,,Both,Professional Education,Assessment Tools,Cannot Determine,No,,0.72,Needs Answer,"Path explicitly groups BEED and BSED. Answer key exists in source text but this item was not matched confidently. Source page contains image objects, but no explicit visual dependency was detected for this item."
276,85,6,A. LET REVIEWER PROF ED 2025 90percent pdfbooksforum.com.pdf,/Users/lyndon/All reviewers/Sept2026_LET Reviewer Files/C. BEED&BSED REVIEWER BOOKS-/A. LET REVIEWER PROF ED 2025 90percent pdfbooksforum.com.pdf,What is the philosophy of education derived?,,,National education policies and goals,,School spirit,,Theories of teaching and learning,,Comparative curriculum,,,,,,Both,Professional Education,Needs Review,Cannot Determine,No,,0.72,Needs Answer,"Path explicitly groups BEED and BSED. Answer key exists in source text but this item was not matched confidently. Source page contains image objects, but no explicit visual dependency was detected for this item."
277,86,6-7,A. LET REVIEWER PROF ED 2025 90percent pdfbooksforum.com.pdf,/Users/lyndon/All reviewers/Sept2026_LET Reviewer Files/C. BEED&BSED REVIEWER BOOKS-/A. LET REVIEWER PROF ED 2025 90percent pdfbooksforum.com.pdf,What does a philosophy of education provide for the school agenda and those who benefit from educational work?,,,Biased,,credible,,opinionated,,vested interest,,,,,,Both,Professional Education,Needs Review,Cannot Determine,No,,0.72,Needs Answer,"Path explicitly groups BEED and BSED. Answer key exists in source text but this item was not matched confidently. Source page contains image objects, but no explicit visual dependency was detected for this item."
278,88,7,A. LET REVIEWER PROF ED 2025 90percent pdfbooksforum.com.pdf,/Users/lyndon/All reviewers/Sept2026_LET Reviewer Files/C. BEED&BSED REVIEWER BOOKS-/A. LET REVIEWER PROF ED 2025 90percent pdfbooksforum.com.pdf,"Which learning activities involve estimating, calculating, budgeting and analyzing?",,,Research,,Literacy,,Data gathering,,Numeracy,,,,,,Both,Professional Education,Needs Review,Cannot Determine,No,,0.72,Needs Answer,"Path explicitly groups BEED and BSED. Answer key exists in source text but this item was not matched confidently. Source page contains image objects, but no explicit visual dependency was detected for this item."
279,89,7,A. LET REVIEWER PROF ED 2025 90percent pdfbooksforum.com.pdf,/Users/lyndon/All reviewers/Sept2026_LET Reviewer Files/C. BEED&BSED REVIEWER BOOKS-/A. LET REVIEWER PROF ED 2025 90percent pdfbooksforum.com.pdf,What kind of assessment is a post test?,,,Process assessment,,Outcome assessment,,Diagnostic assessment,,Self assessment,,,,,,Both,Professional Education,Assessment Tools,Cannot Determine,No,,0.72,Needs Answer,"Path explicitly groups BEED and BSED. Answer key exists in source text but this item was not matched confidently. Source page contains image objects, but no explicit visual dependency was detected for this item."
280,90,7,A. LET REVIEWER PROF ED 2025 90percent pdfbooksforum.com.pdf,/Users/lyndon/All reviewers/Sept2026_LET Reviewer Files/C. BEED&BSED REVIEWER BOOKS-/A. LET REVIEWER PROF ED 2025 90percent pdfbooksforum.com.pdf,Especially in research which activities lead to discovery and insights on issues and concerns?,,,Interactive,,Interdisciplinary,,Integrative,,Innovative,,,,,,Both,Professional Education,Needs Review,Cannot Determine,No,,0.72,Needs Answer,"Path explicitly groups BEED and BSED. Answer key exists in source text but this item was not matched confidently. Source page contains image objects, but no explicit visual dependency was detected for this item."
281,91,7,A. LET REVIEWER PROF ED 2025 90percent pdfbooksforum.com.pdf,/Users/lyndon/All reviewers/Sept2026_LET Reviewer Files/C. BEED&BSED REVIEWER BOOKS-/A. LET REVIEWER PROF ED 2025 90percent pdfbooksforum.com.pdf,Which of the following can best encourage participating by learners on the issue of family conflicts?,,,Graphs and Charts,,Power-point presentation,,Role playing,,Photos,,,,,,Both,Professional Education,Needs Review,Cannot Determine,No,,0.72,Needs Answer,"Path explicitly groups BEED and BSED. Answer key exists in source text but this item was not matched confidently. Source page contains image objects, but no explicit visual dependency was detected for this item."
282,92,7,A. LET REVIEWER PROF ED 2025 90percent pdfbooksforum.com.pdf,/Users/lyndon/All reviewers/Sept2026_LET Reviewer Files/C. BEED&BSED REVIEWER BOOKS-/A. LET REVIEWER PROF ED 2025 90percent pdfbooksforum.com.pdf,What is the special program given to the students who can't read?,passage_page_07_q92,,Reading program,,Literary program,,Language program,,Phonic program,,,,,,Both,Professional Education,Needs Review,Cannot Determine,No,,0.72,Needs Answer,"Path explicitly groups BEED and BSED. Answer key exists in source text but this item was not matched confidently. Source page contains image objects, but no explicit visual dependency was detected for this item."
283,93,7,A. LET REVIEWER PROF ED 2025 90percent pdfbooksforum.com.pdf,/Users/lyndon/All reviewers/Sept2026_LET Reviewer Files/C. BEED&BSED REVIEWER BOOKS-/A. LET REVIEWER PROF ED 2025 90percent pdfbooksforum.com.pdf,Performance experiment is an example of ___.,,,demonstration B .direct purposeful experience,,,,contrived experience,,dramatized experience,,,,,,Both,Professional Education,Needs Review,Cannot Determine,No,,0.47,Incomplete,"Path explicitly groups BEED and BSED. Answer key exists in source text but this item was not matched confidently. Source page contains image objects, but no explicit visual dependency was detected for this item."
284,94,7,A. LET REVIEWER PROF ED 2025 90percent pdfbooksforum.com.pdf,/Users/lyndon/All reviewers/Sept2026_LET Reviewer Files/C. BEED&BSED REVIEWER BOOKS-/A. LET REVIEWER PROF ED 2025 90percent pdfbooksforum.com.pdf,When do we need to evaluate the curriculum?,,,Electra Complex,,Oedipus complex,,Identity Crisis,,Sexual Deviation,,,,,,Both,Professional Education,Curriculum Models,Cannot Determine,No,,0.72,Needs Answer,"Path explicitly groups BEED and BSED. Answer key exists in source text but this item was not matched confidently. Source page contains image objects, but no explicit visual dependency was detected for this item."
285,94,7-8,A. LET REVIEWER PROF ED 2025 90percent pdfbooksforum.com.pdf,/Users/lyndon/All reviewers/Sept2026_LET Reviewer Files/C. BEED&BSED REVIEWER BOOKS-/A. LET REVIEWER PROF ED 2025 90percent pdfbooksforum.com.pdf,"In a classroom curriculum implementation, which is referred to as the ""Green flag"" ?",,,Bruner,,Piaget,,Vygotsky,,Pavlov,,,,,,Both,Professional Education,Curriculum Models,Cannot Determine,No,,0.72,Needs Answer,"Path explicitly groups BEED and BSED. Answer key exists in source text but this item was not matched confidently. Source page contains image objects, but no explicit visual dependency was detected for this item."
286,96,8,A. LET REVIEWER PROF ED 2025 90percent pdfbooksforum.com.pdf,/Users/lyndon/All reviewers/Sept2026_LET Reviewer Files/C. BEED&BSED REVIEWER BOOKS-/A. LET REVIEWER PROF ED 2025 90percent pdfbooksforum.com.pdf,"As an investigative tool, assessment can help discover various aspects of students learning, but these does not include_____.",,,what students already know,,what students can do,,what students expect to learn,,metacognitive knowledge,,,,,,Both,Professional Education,Assessment Tools,Cannot Determine,No,,0.47,Needs Review,"Path explicitly groups BEED and BSED. Answer key exists in source text but this item was not matched confidently. Source page contains image objects, but no explicit visual dependency was detected for this item."
287,97,8,A. LET REVIEWER PROF ED 2025 90percent pdfbooksforum.com.pdf,/Users/lyndon/All reviewers/Sept2026_LET Reviewer Files/C. BEED&BSED REVIEWER BOOKS-/A. LET REVIEWER PROF ED 2025 90percent pdfbooksforum.com.pdf,"Among important characteristics of successful teaching, which connotes dress, physique, freedom from personal defects, personal magnetism, neatness, cleanliness, posture, and personal charm?",,,Drive,,Attractiveness D Buoyancy,,Dominance,,,,,,,,Both,Professional Education,Needs Review,Cannot Determine,No,,0.47,Incomplete,"Path explicitly groups BEED and BSED. Answer key exists in source text but this item was not matched confidently. Source page contains image objects, but no explicit visual dependency was detected for this item."
288,98,8,A. LET REVIEWER PROF ED 2025 90percent pdfbooksforum.com.pdf,/Users/lyndon/All reviewers/Sept2026_LET Reviewer Files/C. BEED&BSED REVIEWER BOOKS-/A. LET REVIEWER PROF ED 2025 90percent pdfbooksforum.com.pdf,Once the grading period is done and all grades are recorded to whom the teacher will present the grades?,,,Students,,Parents,,Principal,,Registrar,,,,,,Both,Professional Education,Needs Review,Cannot Determine,No,,0.72,Needs Answer,"Path explicitly groups BEED and BSED. Answer key exists in source text but this item was not matched confidently. Source page contains image objects, but no explicit visual dependency was detected for this item."
289,99,8,A. LET REVIEWER PROF ED 2025 90percent pdfbooksforum.com.pdf,/Users/lyndon/All reviewers/Sept2026_LET Reviewer Files/C. BEED&BSED REVIEWER BOOKS-/A. LET REVIEWER PROF ED 2025 90percent pdfbooksforum.com.pdf,Which of the following is consider as the nursery of the state?,,,Home,,School,,Religion,,Politics,,,,,,Both,Professional Education,Needs Review,Cannot Determine,No,,0.72,Needs Answer,"Path explicitly groups BEED and BSED. Answer key exists in source text but this item was not matched confidently. Source page contains image objects, but no explicit visual dependency was detected for this item."
290,100,8-11,A. LET REVIEWER PROF ED 2025 90percent pdfbooksforum.com.pdf,/Users/lyndon/All reviewers/Sept2026_LET Reviewer Files/C. BEED&BSED REVIEWER BOOKS-/A. LET REVIEWER PROF ED 2025 90percent pdfbooksforum.com.pdf,Which of the ff. is Universal and unchanging?,,,Assimilation,,Equilibrium,,Schematization,,Accommodation,,,,,,Both,Professional Education,Needs Review,Cannot Determine,No,,0.72,Needs Answer,"Path explicitly groups BEED and BSED. Answer key exists in source text but this item was not matched confidently. Source page contains image objects, but no explicit visual dependency was detected for this item."
291,1,3,A. Comprehensive LET Reviewer pdfbooksforum.com.pdf,/Users/lyndon/All reviewers/Sept2026_LET Reviewer Files/C. BEED&BSED REVIEWER BOOKS-/A. Comprehensive LET Reviewer pdfbooksforum.com.pdf,"Engage yourself in a review that is focused on the LET competencies. This LET Reviewer will be of great help. There are some who prepare blindly for the LET. They have no knowledge on the competencies on which they are tested. You are fortunate to have the Table of Specifications with you. They are the focus of this LET Reviewer. Engage yourself in a review that is focused on the LET compe- tencies promulgated by the Board for Professional Teachers, Professional Regu- . lation Commission, in Resolution No. 10 series of 2009. 2. Master the competencies in all the tests. Test your mastery of the competencies by doing the practice test in this Reviewer. Answer the test items given in this Reviewer to the best of your ability. Don't be afraid to commit mistakes. You will learn most from them. If you want an honest evaluation of how much you have mastered, be true to yourself. Don't look at the Answer Keys as you are answering the test items. Refer to the Answer Keys only after you have answered the test items. If after checking your answers against the Answer Keys you find out that you didn't get all items correctly, this means that you have to do more reading. So, read some more. Read as many references as you can in both print and electronic forms to the point of concept mastery. You are given a list of references for additional reading in this Reviewer. It goes without saying that you do not have to limit yourself to these references. After further reading, go back to the test items which you did not get and answer them once more. This is the way to mastery. If you do that for every competency, you are assured of passing the LET!",passage_page_03_q1,question_image_page_03_q1,,,,,,,,,,,,,Both,General Education,Assessment Tools,Cannot Determine,Yes,,0.47,Incomplete,"Path explicitly groups BEED and BSED. Text extracted by OCR from scanned PDF; reviewer spot-check recommended. OCR text contains answer-key language, but this item was not matched confidently. Scanned source page has visual-reference language; crop must be reviewed/extracted manually."
292,3,3,A. Comprehensive LET Reviewer pdfbooksforum.com.pdf,/Users/lyndon/All reviewers/Sept2026_LET Reviewer Files/C. BEED&BSED REVIEWER BOOKS-/A. Comprehensive LET Reviewer pdfbooksforum.com.pdf,Lear to shade answer sheets correctly. Many a LET examinee fail the LET because they don't know how to shade their answer sheet correctly. Learn to do it with the use of the LET-like answer sheets attached to this Reviewer.,,,,,,,,,,,,,A,,Both,General Education,Needs Review,Cannot Determine,No,,0.70,Incomplete,Path explicitly groups BEED and BSED. Text extracted by OCR from scanned PDF; reviewer spot-check recommended. Correct answer sourced from detected answer key section.
293,4,3,A. Comprehensive LET Reviewer pdfbooksforum.com.pdf,/Users/lyndon/All reviewers/Sept2026_LET Reviewer Files/C. BEED&BSED REVIEWER BOOKS-/A. Comprehensive LET Reviewer pdfbooksforum.com.pdf,"Develop your reading comprehension skills in English. Except in the test items for Filipino in General Education and in the specialization, all written test items are asked in English. If your reading comprehension in English is excellent, you will have greater chances.",,,,,,,,,,,,,D,,Both,English,Assessment Tools,Cannot Determine,No,,0.70,Incomplete,Path explicitly groups BEED and BSED. Text extracted by OCR from scanned PDF; reviewer spot-check recommended. Correct answer sourced from detected answer key section.
294,5,3-8,A. Comprehensive LET Reviewer pdfbooksforum.com.pdf,/Users/lyndon/All reviewers/Sept2026_LET Reviewer Files/C. BEED&BSED REVIEWER BOOKS-/A. Comprehensive LET Reviewer pdfbooksforum.com.pdf,"Most of all put your mind and heart into your LET preparation. Right after graduation, prepare the required documents for LET application and once you have them complete, apply for LET at the nearest PRC office as early as possible. You have the list of required documents in the PRC website. Avoid the rush. Avoid the long queue at PRC which happens on the last days of filing for LET application. Take note, the deadline for LET application is usually three months before the conduct of the LET. Prepare months before the conduct of the LET. The months before the LET should be devoted to serious study. Remember ""no pain, no gain"". Or better still from William Penn, ""no pain, no palm; no thoms, no throne; no gall, no glory; no cross, no crown"". You can't afford to take the LET a second time! Now that you have decided to take it, make a promise and more than that, make a commitment to pass the LET! TABLE OF CONTENTS page no. 1. Teaching Profession, Social Dimensions of Education, Field Study, Practice Teaching ........ssssscssssssssssesscsscssscssscseneessscssssessseececcssesssessecaee I 1.1 Determine ways and means to ensure high standards of the teacher’s personal and professional development o.......0.....ssesssesseessessesssseesseeesstenseesee 2 1.2. Describe the roles and responsibilities of the teacher in the local and teacher in the local and global commumity ........c..ccescsssccsseeeseeesesseeseeesseee 8 1.3. Analyze the historical, economic, socio-cultural geographical, environmental, political and socio-psychological factors that influence the school as an agent of change and the teacher as a facilitator of Vearmhing oo..esseesscsseecsssescsssessssscsesseeessnseessuscessnecsunsesssuseessncensneessneeessssessnsetssensessee 9 1.4 Interpret educational problems in the light of philosophical and legal foundations Of education oo... eceeceessseseeseessessesseesteesecsuecsisatssseessessessseesees 28 1.5 Apply the four pillars of learning- learning to know, learning to do, learning to live together, learning to be- in responding to the aspirations of the learner and the COMMUMItY .......ccsessseecseeseesstecsteeneeseee 45 1.6 Apply ethical principles in the teacher’s personal life and in his/her relationship with other people ..............cccscsesssssessesssecsseeecssneecssteessseeeesseeeeee 47 1.7 Reflect on the professional teacher’s accountability to learners’ performance and to the teacher’s total involvement in the teaching PFOLESSION oo. ese eeceseec eee esseessecseesntesseseesnssnessnecsessnessessesseesseesessesseessesssessees SO 2. Principles of Teaching, Educational Technology, Curriculum Development, Developmental Reading, Field Study, Practice Teaching ........ssssssssssscsescssssssscssscssssssssessscssssesssessseseseeeeseesses 60 2.1 Employ activities, teaching methods, instructional materials and technology, classroom management techniques appropriate for a . Chosen subject-area .......esccesessecsesssseecsecssessssesssecsssecsssesseessscssssesssesaneeseesaneeese O2 2.2 Apply appropriate approaches to lesson planning and curriculum GevelopMent ooo. ceccesssseccneessesssnesssecseesssecesecsnsesssessessseessseesssrssseenesseseseeees 94 2.3 Apply principles in the preparation and utilization of the conventional and non-conventional technology as well as traditional and alternative teaching strategies .......cesescsssecsseecessseesseeceetetsestessnnesssesesssesssseesseseressseees LO4 2.4 Align curriculum components to instruction and assessment ................... 113 2.5 Distinguish the roles of stakeholders (students; teachers; employers; parents; and community) in the delivery of the curriculum...................... 121 2.6 Use activities that enhance critical, creative and metacognitive reading SAIS... c.sescssssessssssseessessseesseecsnsecneessseessessseesesssesssessereesessesaee 124 2.7 Analyze extrinsic and intrinsic factors that affect reading performance... 126 3. Facilitating Learning, Child and Adolescent Development .........scssesseeeeee 130 3.1 Analyze the cognitive, metacognitive, motivational socio-cultural factors that affect learming 0... cecessececsesesecseeeseesseeeneneseneeeeee 13] 3.2 Apply theories of learning and development to the teaching-learning PTOCESS oo cesses es essen teaeseesssssessesessessesaeseessrisetsaeseseseemsennseeaeaaeee LOT 3.3 Draw educational implications of research findings related to child and adolescent learning and development along with the biological, linguistic, cognitive, social and psychological dimensions ...........ceee 148 3.4 Organize a learning environment that is responsive to learner’s needs and that promotes fairness among learners of various cultures, family . background, and gender... cece LOL 4. Assessment of Learning, Field Study, Practice Teaching ...........s:sssssssesseeee 157 4.1 Apply principles in constructing traditional and alternative/authentic forms of high quality assessment... ceseseseeeseeeseseeeeseeenesseee LOT 4.2 Interpret assessment results 0... ceeeeseeneeeeseserssestesnesesteestsereeneeesesee LTS, 4.3 Utilize processed data and assessment results in reporting learners’ performance to improve teaching and learning 0.0... 180 4.4 Demonstrate skills in the use of techniques and tools in assessing affective learming.......scecseesseeecseecseeseesneesseeseesneesnesessneessesssessessseeeneeses 182 4.5 Assign students’ marks/ ratings ........0.essessseesssecesseeseteseeseseeseeseessees 184 Sample Certificate of Registration and Professional ID Answer Sheets Visit For more Pdf's Bc Pdfbooksforum.com PROFESSIONAL EDUCATION TEACHING. PROF, SOC. DIM, EDUC., FS, PRAC. TEACHING 1 _ OF EDUCATION, FIELD STUDY, PRACTICE TEACHING = 20% =.» Standards of the'teacher’s personal and | pomeildewiopmett teacher in the local and global community, geographical, environmental, political and ""© sovio-psychological factors that influence the school as an agent of change and the teacher as selec 14 Imferpret educational problems in the fight of == SMe philosophical and legal foundations of education = | 15. Apply the four pillars of leaming- leaming to know, Ye Teaming 16 do, leaning wiive together, Teaming to be- in responding to the aspirations, 1.7 Reflect on the professional teacher’s accountability = total involvement in the teaching profession 2 LET Comprehensive Reviewer Based on NCBTS and Table of Specifications (TOS) SSeS 1.1 Determine ways to ensure high standards of the teacher's personal and Professional development 1. For quality professional development, teachers must consider the NCBTS, which are the established standards for good teaching in the Philippines. What is meant by the acronym NCBTS?",,question_image_page_03_q5,The teacher is able to teach his/her students. .,,The teacher learns from his/her students.,,It is continuing.,,Personal and professional development calls for teacher's exposure to students.,,,,A,,Both,Child and Adolescent Development,Geometry,Cannot Determine,Yes,,0.70,Needs Image Extraction,Path explicitly groups BEED and BSED. Text extracted by OCR from scanned PDF; reviewer spot-check recommended. Correct answer sourced from detected answer key section. Scanned source page has visual-reference language; crop must be reviewed/extracted manually.
295,5,8-9,A. Comprehensive LET Reviewer pdfbooksforum.com.pdf,/Users/lyndon/All reviewers/Sept2026_LET Reviewer Files/C. BEED&BSED REVIEWER BOOKS-/A. Comprehensive LET Reviewer pdfbooksforum.com.pdf,"To ensure high standards of teachers’ personal and professional development, which measure must be implemented? I. A school head plans the professional development of his/her teachers. Il. Every teacher formulates his/her own professional development plan. III. The implementation of what is learned in training must be monitored.",,,If and IV,,"1, 0, Wl",,"1, I, Hl, IV",,[and Il,,,,A,,Both,Professional Education,Child Development,Cannot Determine,No,,0.70,Needs Review,Path explicitly groups BEED and BSED. Text extracted by OCR from scanned PDF; reviewer spot-check recommended. Correct answer sourced from detected answer key section. OCR answer-key alignment and choice text must be manually verified before upload.
296,8,9,A. Comprehensive LET Reviewer pdfbooksforum.com.pdf,/Users/lyndon/All reviewers/Sept2026_LET Reviewer Files/C. BEED&BSED REVIEWER BOOKS-/A. Comprehensive LET Reviewer pdfbooksforum.com.pdf,Which of the following is BEST implied by quality and relevant teacher development initiatives?,,,Lifelong learning,,Focus on the non-performers,,Capacity building of educational community,,Mentoring of experts who share the latest ideas about teaching and learning,,,,D,,Both,Professional Education,Child Development,Cannot Determine,No,,0.70,Needs Review,Path explicitly groups BEED and BSED. Text extracted by OCR from scanned PDF; reviewer spot-check recommended. Correct answer sourced from detected answer key section. OCR answer-key alignment and choice text must be manually verified before upload.
297,9,9,A. Comprehensive LET Reviewer pdfbooksforum.com.pdf,/Users/lyndon/All reviewers/Sept2026_LET Reviewer Files/C. BEED&BSED REVIEWER BOOKS-/A. Comprehensive LET Reviewer pdfbooksforum.com.pdf,Teachers are required to make an Individual Plan for Professional Development (IPPD). This is based on the philosophy that the teacher is a “lifelong learner.” The NCBTS provides the steps for assessment in making the IPPD.,,question_image_page_09_q9,need,,collegial,,self,,peer,,,,A,,Both,Assessment of Learning,Assessment Tools,Cannot Determine,Yes,,0.70,Needs Image Extraction,Path explicitly groups BEED and BSED. Text extracted by OCR from scanned PDF; reviewer spot-check recommended. Correct answer sourced from detected answer key section. Scanned source page has visual-reference language; crop must be reviewed/extracted manually.
298,10,9,A. Comprehensive LET Reviewer pdfbooksforum.com.pdf,/Users/lyndon/All reviewers/Sept2026_LET Reviewer Files/C. BEED&BSED REVIEWER BOOKS-/A. Comprehensive LET Reviewer pdfbooksforum.com.pdf,"To ensure high standards of the teacher’s personal and professional development, what tool/instrument was developed by the DepEd for self-assessment?",,,TSNA,,IPPD,,KSA,,TPDI,,,,C,,Both,Assessment of Learning,Assessment Tools,Cannot Determine,No,,0.70,Needs Review,Path explicitly groups BEED and BSED. Text extracted by OCR from scanned PDF; reviewer spot-check recommended. Correct answer sourced from detected answer key section. OCR answer-key alignment and choice text must be manually verified before upload.
299,11,9,A. Comprehensive LET Reviewer pdfbooksforum.com.pdf,/Users/lyndon/All reviewers/Sept2026_LET Reviewer Files/C. BEED&BSED REVIEWER BOOKS-/A. Comprehensive LET Reviewer pdfbooksforum.com.pdf,This self-assessment tool which is used nationwide is one of the bases in planning the training of teachers.,,,preservice,,post-service,,school-based,,division-based,,,,,,Both,Assessment of Learning,Assessment Tools,Cannot Determine,No,,0.72,Needs Answer,"Path explicitly groups BEED and BSED. Text extracted by OCR from scanned PDF; reviewer spot-check recommended. OCR text contains answer-key language, but this item was not matched confidently."
300,12,9-10,A. Comprehensive LET Reviewer pdfbooksforum.com.pdf,/Users/lyndon/All reviewers/Sept2026_LET Reviewer Files/C. BEED&BSED REVIEWER BOOKS-/A. Comprehensive LET Reviewer pdfbooksforum.com.pdf,The results of the LET revealed the low performance of future teachers. In April 2010 only 15% of the BEEd and 25% of BSEd graduates passed. What do the results imply?,,,More training be given to BEEd students,,Review existing teacher education curriculum vis-a-vis TOS,,Determine the specialization of BSE graduates,,Implement selective admission in TEIS 4 LET Comprehensive Reviewer Based on NCBTS and Table of Specifications (TOS),,,,D,,Both,General Education,Needs Review,Cannot Determine,No,,0.70,Needs Review,Path explicitly groups BEED and BSED. Text extracted by OCR from scanned PDF; reviewer spot-check recommended. Correct answer sourced from detected answer key section. OCR answer-key alignment and choice text must be manually verified before upload.
301,13,10,A. Comprehensive LET Reviewer pdfbooksforum.com.pdf,/Users/lyndon/All reviewers/Sept2026_LET Reviewer Files/C. BEED&BSED REVIEWER BOOKS-/A. Comprehensive LET Reviewer pdfbooksforum.com.pdf,The Domain on Social Regard for Learning in the NCBTS focuses on teacher’s actions and demonstrating value for leaming. Which are the indicators for these actions? 1. Model the value of punctuality Il. Consider the influence of teacher’s behavior on learners III. Use cooperative learning activities IV. Communicate higher learning expectations,,,III and IV,,Land I,,Land Ill,,II and IV,,,,A,,Both,Professional Education,Educational Psychology,Cannot Determine,No,,0.70,Needs Review,Path explicitly groups BEED and BSED. Text extracted by OCR from scanned PDF; reviewer spot-check recommended. Correct answer sourced from detected answer key section. OCR answer-key alignment and choice text must be manually verified before upload.
302,14,10,A. Comprehensive LET Reviewer pdfbooksforum.com.pdf,/Users/lyndon/All reviewers/Sept2026_LET Reviewer Files/C. BEED&BSED REVIEWER BOOKS-/A. Comprehensive LET Reviewer pdfbooksforum.com.pdf,The new Performance Appraisal System for Teachers (PAST) is :,,,knowledge-based,,practice-based,,competency-based,,skill-based,,,,A,,Both,General Education,Needs Review,Cannot Determine,No,,0.70,Needs Review,Path explicitly groups BEED and BSED. Text extracted by OCR from scanned PDF; reviewer spot-check recommended. Correct answer sourced from detected answer key section. OCR answer-key alignment and choice text must be manually verified before upload.
303,15,10,A. Comprehensive LET Reviewer pdfbooksforum.com.pdf,/Users/lyndon/All reviewers/Sept2026_LET Reviewer Files/C. BEED&BSED REVIEWER BOOKS-/A. Comprehensive LET Reviewer pdfbooksforum.com.pdf,What characterizes the formative developmental nature of PAST?,,,non-supportive,,innovative,,rewarding,,self-directed,,,,D,,Both,General Education,Needs Review,Cannot Determine,No,,0.70,Needs Review,Path explicitly groups BEED and BSED. Text extracted by OCR from scanned PDF; reviewer spot-check recommended. Correct answer sourced from detected answer key section. OCR answer-key alignment and choice text must be manually verified before upload.
304,16,10,A. Comprehensive LET Reviewer pdfbooksforum.com.pdf,/Users/lyndon/All reviewers/Sept2026_LET Reviewer Files/C. BEED&BSED REVIEWER BOOKS-/A. Comprehensive LET Reviewer pdfbooksforum.com.pdf,Which are the job-embedded requirements for teachers and so must continuously develop themselves in these aspects? I. Maintains updated pupil/student school records. II. Conducts action research . Ill. Maintains harmonious relationship with stakeholders IV. Channels and guide learners,,,"1,1 Wl",,"I, U, I, IV",,"Ul, Ill, IV",,"I, Il, TV",,,,C,,Both,Professional Education,Needs Review,Cannot Determine,No,,0.70,Needs Review,Path explicitly groups BEED and BSED. Text extracted by OCR from scanned PDF; reviewer spot-check recommended. Correct answer sourced from detected answer key section. OCR answer-key alignment and choice text must be manually verified before upload.
305,17,10,A. Comprehensive LET Reviewer pdfbooksforum.com.pdf,/Users/lyndon/All reviewers/Sept2026_LET Reviewer Files/C. BEED&BSED REVIEWER BOOKS-/A. Comprehensive LET Reviewer pdfbooksforum.com.pdf,The teacher performance results provide continual __to professional _ development.,,,support,,feedback,,guidance,,assessment,,,,B,,Both,Professional Education,Child Development,Cannot Determine,No,,0.70,Needs Review,Path explicitly groups BEED and BSED. Text extracted by OCR from scanned PDF; reviewer spot-check recommended. Correct answer sourced from detected answer key section. OCR answer-key alignment and choice text must be manually verified before upload.
306,18,10-11,A. Comprehensive LET Reviewer pdfbooksforum.com.pdf,/Users/lyndon/All reviewers/Sept2026_LET Reviewer Files/C. BEED&BSED REVIEWER BOOKS-/A. Comprehensive LET Reviewer pdfbooksforum.com.pdf,Which two competencies are demonstrated and practiced during the Field Study and Practice Teaching courses? I. Teaching Assistance Il. Grading leamer’s performance II. Interpersonal relationship IV. Materials development,,,"I, Ul, TE",,"Il, I, IV",,"1, HL, 1V",,"1, I, IV",,,,D,,Both,General Education,Child Development,Cannot Determine,No,,0.70,Needs Review,Path explicitly groups BEED and BSED. Text extracted by OCR from scanned PDF; reviewer spot-check recommended. Correct answer sourced from detected answer key section. OCR answer-key alignment and choice text must be manually verified before upload.
307,20,11,A. Comprehensive LET Reviewer pdfbooksforum.com.pdf,/Users/lyndon/All reviewers/Sept2026_LET Reviewer Files/C. BEED&BSED REVIEWER BOOKS-/A. Comprehensive LET Reviewer pdfbooksforum.com.pdf,"As a professional teacher you must be good at interactive communication. What does interactive communication include? : I. Person-to-person e-mail correspondence Il. Interaction through simulations and models’ Ill. Electronic mailing list, video conferencing, chat rooms TV. Group interaction in virtual learning space or audio communications",,,Land II,,If and It,,"I, I and I",,"{, U, Tl and IV",,,,D,,Both,Professional Education,Needs Review,Cannot Determine,No,,0.70,Needs Review,Path explicitly groups BEED and BSED. Text extracted by OCR from scanned PDF; reviewer spot-check recommended. Correct answer sourced from detected answer key section. OCR answer-key alignment and choice text must be manually verified before upload.
308,21,11,A. Comprehensive LET Reviewer pdfbooksforum.com.pdf,/Users/lyndon/All reviewers/Sept2026_LET Reviewer Files/C. BEED&BSED REVIEWER BOOKS-/A. Comprehensive LET Reviewer pdfbooksforum.com.pdf,"In a knowledge-based society, teachers must be capable of effective communication. What does effective communication involve? I. Teaming, collaboration and interactive communication II. Interpersonal skills and personal responsibility III. Social and civic responsibility IV. Adaptability and self-direction A.lonly",,,,,II only,,LIT and IIT,,"1, U, HI and IV",,,,C,,Both,General Education,Needs Review,Cannot Determine,No,,0.70,Incomplete,Path explicitly groups BEED and BSED. Text extracted by OCR from scanned PDF; reviewer spot-check recommended. Correct answer sourced from detected answer key section.
309,22,11-12,A. Comprehensive LET Reviewer pdfbooksforum.com.pdf,/Users/lyndon/All reviewers/Sept2026_LET Reviewer Files/C. BEED&BSED REVIEWER BOOKS-/A. Comprehensive LET Reviewer pdfbooksforum.com.pdf,International educators propose a definition of the term global competence. What is the MOST appropriate characteristic of a globally competent individual?,,,Having an open mind while actively seeking to understand norms and work effectively outside one's environment.,,Ability to become familiar with a new culture and work environment,,Having the intercultural facility of effective two-way communication,,Having the professional competence to speak a foreign language 6 LET Comprehensive Reviewer Based on NCBTS and Table of Specifications (TOS,,,,A,,Both,General Education,Needs Review,Cannot Determine,No,,0.70,Needs Review,Path explicitly groups BEED and BSED. Text extracted by OCR from scanned PDF; reviewer spot-check recommended. Correct answer sourced from detected answer key section. OCR answer-key alignment and choice text must be manually verified before upload.
310,23,12,A. Comprehensive LET Reviewer pdfbooksforum.com.pdf,/Users/lyndon/All reviewers/Sept2026_LET Reviewer Files/C. BEED&BSED REVIEWER BOOKS-/A. Comprehensive LET Reviewer pdfbooksforum.com.pdf,Which of the following may generate interpersonal relationships in the workl environment?,,,"IL, I, [IV",,"I, I, Il",,"1, HW, IV",,"I, Il, IV",,,,B,,Both,General Education,Needs Review,Cannot Determine,No,,0.70,Needs Review,Path explicitly groups BEED and BSED. Text extracted by OCR from scanned PDF; reviewer spot-check recommended. Correct answer sourced from detected answer key section. OCR answer-key alignment and choice text must be manually verified before upload.
311,25,12,A. Comprehensive LET Reviewer pdfbooksforum.com.pdf,/Users/lyndon/All reviewers/Sept2026_LET Reviewer Files/C. BEED&BSED REVIEWER BOOKS-/A. Comprehensive LET Reviewer pdfbooksforum.com.pdf,The NCBTS domain on Social Regard for Learning focuses on which indicators? I. Demonstrates punctuality Il. Maintains appropriate appearance Il. Communicates higher learning expectations. IV. Makes use of various learning experiences V. Is careful about the effect of one's behavior on learners,,,"1 TL Vv C.1, I, IV, Vv",,"I, WI, 1V",,,,"U, UL, IV, V",,,,B,,Both,Professional Education,Educational Psychology,Cannot Determine,No,,0.70,Incomplete,Path explicitly groups BEED and BSED. Text extracted by OCR from scanned PDF; reviewer spot-check recommended. Correct answer sourced from detected answer key section.
312,26,12,A. Comprehensive LET Reviewer pdfbooksforum.com.pdf,/Users/lyndon/All reviewers/Sept2026_LET Reviewer Files/C. BEED&BSED REVIEWER BOOKS-/A. Comprehensive LET Reviewer pdfbooksforum.com.pdf,Which NCBTS domain creates situations that encourage learners to use high order thinking skills (HOTS)?,,,Diversity of Learner,,Curriculum,,Learning Environment,,Community Linkages | 1.2 Describe the roles and responsibilities of the teacher in the local and global | _pommnity,,,,D,,Both,General Education,Needs Review,Cannot Determine,No,,0.70,Needs Review,Path explicitly groups BEED and BSED. Text extracted by OCR from scanned PDF; reviewer spot-check recommended. Correct answer sourced from detected answer key section. OCR answer-key alignment and choice text must be manually verified before upload.
313,27,12-13,A. Comprehensive LET Reviewer pdfbooksforum.com.pdf,/Users/lyndon/All reviewers/Sept2026_LET Reviewer Files/C. BEED&BSED REVIEWER BOOKS-/A. Comprehensive LET Reviewer pdfbooksforum.com.pdf,Which one describes one responsibility of a teacher in a school dominated by Indigenous Peoples’ (IP) children? I. Point out the negative elements of their culture to help them improve. II. Help them realize the positive elements of their culture and make them feel proud about them. II]. Teach basic concepts in the context of the IP culture. IV. Show them other peoples' cultures.,,,I and Ill,,I only,,Land II,,III only,,,,C,,Both,Professional Education,Needs Review,Cannot Determine,No,,0.70,Needs Review,Path explicitly groups BEED and BSED. Text extracted by OCR from scanned PDF; reviewer spot-check recommended. Correct answer sourced from detected answer key section. OCR answer-key alignment and choice text must be manually verified before upload.
314,29,13,A. Comprehensive LET Reviewer pdfbooksforum.com.pdf,/Users/lyndon/All reviewers/Sept2026_LET Reviewer Files/C. BEED&BSED REVIEWER BOOKS-/A. Comprehensive LET Reviewer pdfbooksforum.com.pdf,"As a community leader, which one may a teacher NOT do?",,,Solicits donation from philanthropists in the community,,Plays an active part in the activities of the community,,Supports effort of the community to improve their status in life a,,Makes herself aloof to ensure that her decisions will not be influenced by community politics,,,,B,,Both,Professional Education,Needs Review,Cannot Determine,No,,0.70,Needs Review,Path explicitly groups BEED and BSED. Text extracted by OCR from scanned PDF; reviewer spot-check recommended. Correct answer sourced from detected answer key section. OCR answer-key alignment and choice text must be manually verified before upload.
315,30,13,A. Comprehensive LET Reviewer pdfbooksforum.com.pdf,/Users/lyndon/All reviewers/Sept2026_LET Reviewer Files/C. BEED&BSED REVIEWER BOOKS-/A. Comprehensive LET Reviewer pdfbooksforum.com.pdf,"As an effective classroom manager, what should a teacher do? I. She uses instructional time wisely. : II. She uses her power to punish students for the sake of discipline. III. She puts to use available and appropriate materials. IV. She manipulates colleagues and students so she can meet her goals.",,,IL and III,,I and HI,,Land Il,,"I, Il and Tl",,,,D,,Both,Professional Education,Classroom Management,Cannot Determine,No,,0.70,Needs Review,Path explicitly groups BEED and BSED. Text extracted by OCR from scanned PDF; reviewer spot-check recommended. Correct answer sourced from detected answer key section. OCR answer-key alignment and choice text must be manually verified before upload.
316,32,13,A. Comprehensive LET Reviewer pdfbooksforum.com.pdf,/Users/lyndon/All reviewers/Sept2026_LET Reviewer Files/C. BEED&BSED REVIEWER BOOKS-/A. Comprehensive LET Reviewer pdfbooksforum.com.pdf,"In the midst of a highly pluralistic society, what type of learning environment is the responsibility of the teacher? 1. Safe II. Gender-biased III. Secure",,,1 and III,,"I, I and Il",,I and II,,II only,,,,C,,Both,Professional Education,Needs Review,Cannot Determine,No,,0.70,Needs Review,Path explicitly groups BEED and BSED. Text extracted by OCR from scanned PDF; reviewer spot-check recommended. Correct answer sourced from detected answer key section. OCR answer-key alignment and choice text must be manually verified before upload.
317,33,13-14,A. Comprehensive LET Reviewer pdfbooksforum.com.pdf,/Users/lyndon/All reviewers/Sept2026_LET Reviewer Files/C. BEED&BSED REVIEWER BOOKS-/A. Comprehensive LET Reviewer pdfbooksforum.com.pdf,"The professional teacher is not ""the sage on stage"" but ""the guide from the side."" This implies that teachers.",,,act as facilitators of learning,,serve dispensers of knowledge,,"project an ""Almighty-Omniscient"" image",,cling to their power to impose rules { 8 LET Comprehensive Reviewer Based on NCBTS and Table of Specifications (TO!,,,,D,,Both,Professional Education,Needs Review,Cannot Determine,No,,0.70,Needs Review,Path explicitly groups BEED and BSED. Text extracted by OCR from scanned PDF; reviewer spot-check recommended. Correct answer sourced from detected answer key section. OCR answer-key alignment and choice text must be manually verified before upload.
318,34,14,A. Comprehensive LET Reviewer pdfbooksforum.com.pdf,/Users/lyndon/All reviewers/Sept2026_LET Reviewer Files/C. BEED&BSED REVIEWER BOOKS-/A. Comprehensive LET Reviewer pdfbooksforum.com.pdf,"A teacher is said to be a ""trustee of the cultural and educational heritage of the nation! and is under obligation to transmit to leamers such heritage."" Which practice makes hinvher fulfill such obligation?",,,Use interactive teaching strategies.,,Use the latest educational technology.,,Observe continuing professional education.,,Study the life of Filipino heroes.,,,,B,,Both,Professional Education,Needs Review,Cannot Determine,No,,0.70,Needs Review,Path explicitly groups BEED and BSED. Text extracted by OCR from scanned PDF; reviewer spot-check recommended. Correct answer sourced from detected answer key section. OCR answer-key alignment and choice text must be manually verified before upload.
319,35,14,A. Comprehensive LET Reviewer pdfbooksforum.com.pdf,/Users/lyndon/All reviewers/Sept2026_LET Reviewer Files/C. BEED&BSED REVIEWER BOOKS-/A. Comprehensive LET Reviewer pdfbooksforum.com.pdf,It is the responsibility of every teacher to undergo annual medical check-up in the interest of the I. teacher II. school and community III. learner,,,I and II,,I only,,"1, II and Il",,III only,,,,B,,Both,Professional Education,Needs Review,Cannot Determine,No,,0.70,Needs Review,Path explicitly groups BEED and BSED. Text extracted by OCR from scanned PDF; reviewer spot-check recommended. Correct answer sourced from detected answer key section. OCR answer-key alignment and choice text must be manually verified before upload.
320,36,14,A. Comprehensive LET Reviewer pdfbooksforum.com.pdf,/Users/lyndon/All reviewers/Sept2026_LET Reviewer Files/C. BEED&BSED REVIEWER BOOKS-/A. Comprehensive LET Reviewer pdfbooksforum.com.pdf,Teachers often complain of numerous non-teaching assignments that adversely affect their teaching. Does this mean that teachers must be preoccupied only with teaching?,,,"No, because every teacher is expected to provide leadership and initiative in activities for the betterment of communities.",,"Yes, because teaching is more than enough full time job.",,"No, because to lead in community activities is the job of elected officials.",,"Yes, if they are given other assignments justice demands that they be properly compensated.",,,,A,,Both,General Education,Statistics,Cannot Determine,No,,0.70,Needs Review,Path explicitly groups BEED and BSED. Text extracted by OCR from scanned PDF; reviewer spot-check recommended. Correct answer sourced from detected answer key section. OCR answer-key alignment and choice text must be manually verified before upload.
321,37,14,A. Comprehensive LET Reviewer pdfbooksforum.com.pdf,/Users/lyndon/All reviewers/Sept2026_LET Reviewer Files/C. BEED&BSED REVIEWER BOOKS-/A. Comprehensive LET Reviewer pdfbooksforum.com.pdf,Teacher Paz does NOT personally agree with one school policy. What is her professional responsibility?,,,Be indifferent about it but exert effort to understand it. .,,"Make an honest effort to understand, support, and carry out the school policy even if she does NOT personally agree.",,Remain connected with the school but defy the policy because in. conscience she cannot agree.,,Lead a campaign against its abolition.,,,,A,,Both,Professional Education,Needs Review,Cannot Determine,No,,0.70,Needs Review,Path explicitly groups BEED and BSED. Text extracted by OCR from scanned PDF; reviewer spot-check recommended. Correct answer sourced from detected answer key section. OCR answer-key alignment and choice text must be manually verified before upload.
322,38,14-15,A. Comprehensive LET Reviewer pdfbooksforum.com.pdf,/Users/lyndon/All reviewers/Sept2026_LET Reviewer Files/C. BEED&BSED REVIEWER BOOKS-/A. Comprehensive LET Reviewer pdfbooksforum.com.pdf,"In the context of constructivist learning transaction, the teacher as facilitator of learning engages in an instruction that is .",,,frequent reminder that they need to concentrate,,frequent and intermittent breaks,,short and easy reading materials,,music while studying,,,,D,,Both,Professional Education,Teaching Strategies,Cannot Determine,No,,0.70,Needs Review,Path explicitly groups BEED and BSED. Text extracted by OCR from scanned PDF; reviewer spot-check recommended. Correct answer sourced from detected answer key section. OCR answer-key alignment and choice text must be manually verified before upload.
323,40,15,A. Comprehensive LET Reviewer pdfbooksforum.com.pdf,/Users/lyndon/All reviewers/Sept2026_LET Reviewer Files/C. BEED&BSED REVIEWER BOOKS-/A. Comprehensive LET Reviewer pdfbooksforum.com.pdf,Which two statements BEST describe a global teacher? I. Thinks and acts both locally and globally : I. Believes in education for sustainable development : : III. Wants to work abroad a IV. Desires to live abroad,,,Record the absences.,,Conduct home visitation.,,Report to the guidance counselor.,,Conduct action research ',,,,D,,Both,Professional Education,Child Development,Cannot Determine,No,,0.70,Needs Review,Path explicitly groups BEED and BSED. Text extracted by OCR from scanned PDF; reviewer spot-check recommended. Correct answer sourced from detected answer key section. OCR answer-key alignment and choice text must be manually verified before upload.
324,42,15-16,A. Comprehensive LET Reviewer pdfbooksforum.com.pdf,/Users/lyndon/All reviewers/Sept2026_LET Reviewer Files/C. BEED&BSED REVIEWER BOOKS-/A. Comprehensive LET Reviewer pdfbooksforum.com.pdf,"As a researcher, which may be a good problem for a teacher’s action research to improve learning outcomes?",,,Technical skills,,Humanities,,Basic literacy skills,,Social relations 10 LET Comprehensive Reviewer Based on NCBTS and Table of Specifications (TOS),,,,B,,Both,Professional Education,Needs Review,Cannot Determine,No,,0.70,Needs Review,Path explicitly groups BEED and BSED. Text extracted by OCR from scanned PDF; reviewer spot-check recommended. Correct answer sourced from detected answer key section. OCR answer-key alignment and choice text must be manually verified before upload.
325,45,16,A. Comprehensive LET Reviewer pdfbooksforum.com.pdf,/Users/lyndon/All reviewers/Sept2026_LET Reviewer Files/C. BEED&BSED REVIEWER BOOKS-/A. Comprehensive LET Reviewer pdfbooksforum.com.pdf,The shooting incidents in school campuses abroad have made schools rethink of the curriculum. Which changes are being introduced in schools to counteract campus violence? I. Inclusion of socio-emotional teaching Il. The emphasis on the concept of competition against self and not against others Ill. Focus on academic achievement and productivity,,,Land II,,I and Ill,,Il and Ill,,"|, I, til",,,,D,,Both,Curriculum Development,Curriculum Models,Cannot Determine,No,,0.70,Needs Review,Path explicitly groups BEED and BSED. Text extracted by OCR from scanned PDF; reviewer spot-check recommended. Correct answer sourced from detected answer key section. OCR answer-key alignment and choice text must be manually verified before upload.
326,46,16,A. Comprehensive LET Reviewer pdfbooksforum.com.pdf,/Users/lyndon/All reviewers/Sept2026_LET Reviewer Files/C. BEED&BSED REVIEWER BOOKS-/A. Comprehensive LET Reviewer pdfbooksforum.com.pdf,"The wide acceptance of ""bottom up"" management style has influenced schools to practice which management practice?",,,Prescription of what ought to be done from the central office,,Exclusion of politicians from the pool of guest speakers during graduation exercises,,"Involvement of students, parents, teachers and community in school planning",,Allowing schools to do what they think is best,,,,D,,Both,General Education,Needs Review,Cannot Determine,No,,0.70,Needs Review,Path explicitly groups BEED and BSED. Text extracted by OCR from scanned PDF; reviewer spot-check recommended. Correct answer sourced from detected answer key section. OCR answer-key alignment and choice text must be manually verified before upload.
327,47,16,A. Comprehensive LET Reviewer pdfbooksforum.com.pdf,/Users/lyndon/All reviewers/Sept2026_LET Reviewer Files/C. BEED&BSED REVIEWER BOOKS-/A. Comprehensive LET Reviewer pdfbooksforum.com.pdf,"In their desire to make schools perform, the DepEd then, published the ranking of schools in NAT results nationwide. As an effect of this practice, what did schools tend to do? 1. Taught at the expense of NAT Il. Conducted review classes for NAT at the expense of teaching Ill. Practiced the so-called teaching to the test",,,II and II,,II only,,I and TI,,III only,,,,D,,Both,General Education,Assessment Tools,Cannot Determine,No,,0.70,Needs Review,Path explicitly groups BEED and BSED. Text extracted by OCR from scanned PDF; reviewer spot-check recommended. Correct answer sourced from detected answer key section. OCR answer-key alignment and choice text must be manually verified before upload.
328,48,16,A. Comprehensive LET Reviewer pdfbooksforum.com.pdf,/Users/lyndon/All reviewers/Sept2026_LET Reviewer Files/C. BEED&BSED REVIEWER BOOKS-/A. Comprehensive LET Reviewer pdfbooksforum.com.pdf,"Large class size in congested cities is a common problem in our public school system. Which stop gap measure/s has/have schools taken? , I, The deployment of more teachers I]. The implementation of 1:1 pupil textbook ratio III. The conduct of morning and afternoon sessions",,,"I, If and HI",,I and II,,Ill only,,II only,,,,B,,Both,Professional Education,Needs Review,Cannot Determine,No,,0.70,Needs Review,Path explicitly groups BEED and BSED. Text extracted by OCR from scanned PDF; reviewer spot-check recommended. Correct answer sourced from detected answer key section. OCR answer-key alignment and choice text must be manually verified before upload.
329,49,16-17,A. Comprehensive LET Reviewer pdfbooksforum.com.pdf,/Users/lyndon/All reviewers/Sept2026_LET Reviewer Files/C. BEED&BSED REVIEWER BOOKS-/A. Comprehensive LET Reviewer pdfbooksforum.com.pdf,What does the acronym EFA imply to schools? I. Practice of inclusive education II. The stress on the superiority of formal education over that of non-formal Ill. The acceptance of exclusive schools for boys or for girls IV. The promotion of alternative learning systems,,,IE and IV,,I and II,,I and II,,"I and IV PROFESSIONAL EDUCATION TEACHING. PROF., SOC. DIM. EDUC., FS, PRAC. TEACHING 1]",,,,,,Both,Professional Education,Needs Review,Cannot Determine,No,,0.72,Needs Answer,"Path explicitly groups BEED and BSED. Text extracted by OCR from scanned PDF; reviewer spot-check recommended. OCR text contains answer-key language, but this item was not matched confidently."
330,50,17,A. Comprehensive LET Reviewer pdfbooksforum.com.pdf,/Users/lyndon/All reviewers/Sept2026_LET Reviewer Files/C. BEED&BSED REVIEWER BOOKS-/A. Comprehensive LET Reviewer pdfbooksforum.com.pdf,"Which conclusion can be derived from the case of Teacher Rita described below? Teacher Rita is the lone teacher in a stand alone remote multigrade school. Teacher Rita is the school head, the generalist teacher for all the subjects, the janitor, the secretary, the nurse rolled into one.",,question_image_page_17_q50,| and Ill,,I and IV,,I and Ill,,II and IV,,,,D,,Both,Professional Education,Needs Review,Cannot Determine,Yes,,0.70,Needs Image Extraction,Path explicitly groups BEED and BSED. Text extracted by OCR from scanned PDF; reviewer spot-check recommended. Correct answer sourced from detected answer key section. Scanned source page has visual-reference language; crop must be reviewed/extracted manually.
331,52,17-18,A. Comprehensive LET Reviewer pdfbooksforum.com.pdf,/Users/lyndon/All reviewers/Sept2026_LET Reviewer Files/C. BEED&BSED REVIEWER BOOKS-/A. Comprehensive LET Reviewer pdfbooksforum.com.pdf,"In a Muslim area, what will a teacher REFRAIN from doing as she teaches how to cook adobo to her class?",,,Political,,Psychological,,Historical,,Geographical 12 LET Comprehensive Reviewer Based on NCBTS and Table of Specifications (TOS| nna,,,,A,,Both,Professional Education,Geometry,Cannot Determine,No,,0.70,Needs Review,Path explicitly groups BEED and BSED. Text extracted by OCR from scanned PDF; reviewer spot-check recommended. Correct answer sourced from detected answer key section. OCR answer-key alignment and choice text must be manually verified before upload.
332,55,18,A. Comprehensive LET Reviewer pdfbooksforum.com.pdf,/Users/lyndon/All reviewers/Sept2026_LET Reviewer Files/C. BEED&BSED REVIEWER BOOKS-/A. Comprehensive LET Reviewer pdfbooksforum.com.pdf,Widespread abuse of Mother Earth prompted schools to teach sustainable development. Which one does this prove about schools?,,,Environmental factors influence the school as an agent of change.,,Schools can easily integrate sustainable development in their curriculum.,,The curricula of schools are centered on Mother Earth.,,Sustainable development cannot be effectively taught in the classrooms.,,,,C,,Both,General Education,Earth Science,Cannot Determine,No,,0.70,Needs Review,Path explicitly groups BEED and BSED. Text extracted by OCR from scanned PDF; reviewer spot-check recommended. Correct answer sourced from detected answer key section. OCR answer-key alignment and choice text must be manually verified before upload.
333,56,18,A. Comprehensive LET Reviewer pdfbooksforum.com.pdf,/Users/lyndon/All reviewers/Sept2026_LET Reviewer Files/C. BEED&BSED REVIEWER BOOKS-/A. Comprehensive LET Reviewer pdfbooksforum.com.pdf,Your class has several IP (Indigenous Peoples) children. Which one will facilitate pupils' learning?,,,Make the IP children feel proud of themselves.,,Group the class permanently by ethnic origin.,,Stress the idea that IP children are different from the rest.,,Make the class feel that more is expected of non-IP children.,,,,B,,Both,Professional Education,Needs Review,Cannot Determine,No,,0.70,Needs Review,Path explicitly groups BEED and BSED. Text extracted by OCR from scanned PDF; reviewer spot-check recommended. Correct answer sourced from detected answer key section. OCR answer-key alignment and choice text must be manually verified before upload.
334,57,18,A. Comprehensive LET Reviewer pdfbooksforum.com.pdf,/Users/lyndon/All reviewers/Sept2026_LET Reviewer Files/C. BEED&BSED REVIEWER BOOKS-/A. Comprehensive LET Reviewer pdfbooksforum.com.pdf,"Teacher Nenita discourages her students to watch TV excessively. The average student spends about twenty-four hours watching television in a week. According to research, how is learning affected by extensive TV viewing?",,,Shorter attention span,,Enhanced creativity,,Improved thinking ability,,Improved communication skills,,,,,,Both,Professional Education,Needs Review,Cannot Determine,No,,0.72,Needs Answer,"Path explicitly groups BEED and BSED. Text extracted by OCR from scanned PDF; reviewer spot-check recommended. OCR text contains answer-key language, but this item was not matched confidently."
335,58,18,A. Comprehensive LET Reviewer pdfbooksforum.com.pdf,/Users/lyndon/All reviewers/Sept2026_LET Reviewer Files/C. BEED&BSED REVIEWER BOOKS-/A. Comprehensive LET Reviewer pdfbooksforum.com.pdf,The failure of independent study with most Filipino students may be attributed to students’,,,high degree of independence,,high degree of dependence on authority,,unpreparedness for schooling,,ambivalence,,,,A,,Both,Filipino,Needs Review,Cannot Determine,No,,0.70,Needs Review,Path explicitly groups BEED and BSED. Text extracted by OCR from scanned PDF; reviewer spot-check recommended. Correct answer sourced from detected answer key section. OCR answer-key alignment and choice text must be manually verified before upload.
336,59,18,A. Comprehensive LET Reviewer pdfbooksforum.com.pdf,/Users/lyndon/All reviewers/Sept2026_LET Reviewer Files/C. BEED&BSED REVIEWER BOOKS-/A. Comprehensive LET Reviewer pdfbooksforum.com.pdf,"With an increasing variety of family situations, a teacher needs to _. .",,,be careful not to inadvertently offend some students .,,encourage students to improve their family situations,,assume that all students want to know a variety of family situations,,broaden students’ realization of different learning styles,,,,A,,Both,Professional Education,Needs Review,Cannot Determine,No,,0.70,Needs Review,Path explicitly groups BEED and BSED. Text extracted by OCR from scanned PDF; reviewer spot-check recommended. Correct answer sourced from detected answer key section. OCR answer-key alignment and choice text must be manually verified before upload.
337,60,18-19,A. Comprehensive LET Reviewer pdfbooksforum.com.pdf,/Users/lyndon/All reviewers/Sept2026_LET Reviewer Files/C. BEED&BSED REVIEWER BOOKS-/A. Comprehensive LET Reviewer pdfbooksforum.com.pdf,The adoption of a national language by the 1987 Constitution is designed primarily to,,,Explain the need for teachers to have high expectations,,Encourage internal and external stakeholders to articulate their expectations of the school,,Demonstrate shared communications to high academic and social expectation.,,Issue a list of guidelines on how to achieve high performance,,,,C,,Both,General Education,Government,Cannot Determine,No,,0.70,Needs Review,Path explicitly groups BEED and BSED. Text extracted by OCR from scanned PDF; reviewer spot-check recommended. Correct answer sourced from detected answer key section. OCR answer-key alignment and choice text must be manually verified before upload.
338,62,19,A. Comprehensive LET Reviewer pdfbooksforum.com.pdf,/Users/lyndon/All reviewers/Sept2026_LET Reviewer Files/C. BEED&BSED REVIEWER BOOKS-/A. Comprehensive LET Reviewer pdfbooksforum.com.pdf,"What characterize a school as a learning community? I. Shared mission/vision, goals and values . IL Focused on co-curricular activities Il. Commitment to continuous improvement IV. Centralized governance V. Collective inquiry into best practices",,,"If, TL, IV, V",,"I, ILIV, V",,"TI, Il, 1'V",,"1, I, V",,,,A,,Both,Professional Education,Ethics,Cannot Determine,No,,0.70,Needs Review,Path explicitly groups BEED and BSED. Text extracted by OCR from scanned PDF; reviewer spot-check recommended. Correct answer sourced from detected answer key section. OCR answer-key alignment and choice text must be manually verified before upload.
339,63,19,A. Comprehensive LET Reviewer pdfbooksforum.com.pdf,/Users/lyndon/All reviewers/Sept2026_LET Reviewer Files/C. BEED&BSED REVIEWER BOOKS-/A. Comprehensive LET Reviewer pdfbooksforum.com.pdf,Schools aiming to boost student learning work on a/an____ culture.,,,collaborative,,indigenous,,ethnic,,authoritarian,,,,A,,Both,Professional Education,Needs Review,Cannot Determine,No,,0.70,Needs Review,Path explicitly groups BEED and BSED. Text extracted by OCR from scanned PDF; reviewer spot-check recommended. Correct answer sourced from detected answer key section.
340,64,19,A. Comprehensive LET Reviewer pdfbooksforum.com.pdf,/Users/lyndon/All reviewers/Sept2026_LET Reviewer Files/C. BEED&BSED REVIEWER BOOKS-/A. Comprehensive LET Reviewer pdfbooksforum.com.pdf,What is the BEST meaning of collaboration in schools?,,,It is support for the beginning teachers.,,It is identifying mentors among the experienced teachers.,,It is working interdependently to analyze professional practice.,,It is working independently to determine impact of practice.,,,,D,,Both,General Education,Vocabulary,Cannot Determine,No,,0.70,Needs Review,Path explicitly groups BEED and BSED. Text extracted by OCR from scanned PDF; reviewer spot-check recommended. Correct answer sourced from detected answer key section. OCR answer-key alignment and choice text must be manually verified before upload.
341,65,19,A. Comprehensive LET Reviewer pdfbooksforum.com.pdf,/Users/lyndon/All reviewers/Sept2026_LET Reviewer Files/C. BEED&BSED REVIEWER BOOKS-/A. Comprehensive LET Reviewer pdfbooksforum.com.pdf,Which of these statements is the most effective way of communicating the vision-mission statement of the school?,,,Share vision-mission among stakeholders.,,Form committees to develop and/or revise the vision-mission statement.,,"Align activities, program and projects to the school vision-mission.",,Memorize the vision-mission statement.,,,,D,,Both,Professional Education,Needs Review,Cannot Determine,No,,0.70,Needs Review,Path explicitly groups BEED and BSED. Text extracted by OCR from scanned PDF; reviewer spot-check recommended. Correct answer sourced from detected answer key section. OCR answer-key alignment and choice text must be manually verified before upload.
342,66,19-20,A. Comprehensive LET Reviewer pdfbooksforum.com.pdf,/Users/lyndon/All reviewers/Sept2026_LET Reviewer Files/C. BEED&BSED REVIEWER BOOKS-/A. Comprehensive LET Reviewer pdfbooksforum.com.pdf,"Which of the following is NOT a principle of “sustainable development""?",,,Living according to each personal attitude and lifestyle,,Conservation of the earth's vitality and diversity,,Respect and care for the community of life,,Improvement of quality of life 14 LET Comprehensive Reviewer Based on NCBTS and Table of Specifications (TOS|,,,,C,,Both,General Education,Child Development,Cannot Determine,No,,0.70,Needs Review,Path explicitly groups BEED and BSED. Text extracted by OCR from scanned PDF; reviewer spot-check recommended. Correct answer sourced from detected answer key section. OCR answer-key alignment and choice text must be manually verified before upload.
343,67,20,A. Comprehensive LET Reviewer pdfbooksforum.com.pdf,/Users/lyndon/All reviewers/Sept2026_LET Reviewer Files/C. BEED&BSED REVIEWER BOOKS-/A. Comprehensive LET Reviewer pdfbooksforum.com.pdf,"In 1990, a Congressional Commission to Review and Assess Philippine Education, otherwise known as the EDCOM, was created by a joint resolution of Congress. What are the two principal reasons given by EDCOM for the declining quality of Philippine education?",,,"(1) The country is not investing enough in the education system, and (2) The education establishment is poorly managed.",,"(1) Good teachers leave the country, and (2) The curriculum is crowded.",,"(1) The number of OSY is increasing, and (2) The teachers’ salaries and benefits are not enough,",,"(1) Funds are spent not for the purpose they are intended, and (2) Strict bureaucratic procedures are imposed.",,,,A,,Both,General Education,Government,Cannot Determine,No,,0.70,Needs Review,Path explicitly groups BEED and BSED. Text extracted by OCR from scanned PDF; reviewer spot-check recommended. Correct answer sourced from detected answer key section. OCR answer-key alignment and choice text must be manually verified before upload.
344,68,20,A. Comprehensive LET Reviewer pdfbooksforum.com.pdf,/Users/lyndon/All reviewers/Sept2026_LET Reviewer Files/C. BEED&BSED REVIEWER BOOKS-/A. Comprehensive LET Reviewer pdfbooksforum.com.pdf,When enrollment is small in the rural elementary schools two or three grade levels are combined in a class taught by one teacher.,,,special,,,,multigrade,,,,,,C,,Both,Professional Education,Needs Review,Cannot Determine,No,,0.70,Incomplete,Path explicitly groups BEED and BSED. Text extracted by OCR from scanned PDF; reviewer spot-check recommended. Correct answer sourced from detected answer key section.
345,69,20,A. Comprehensive LET Reviewer pdfbooksforum.com.pdf,/Users/lyndon/All reviewers/Sept2026_LET Reviewer Files/C. BEED&BSED REVIEWER BOOKS-/A. Comprehensive LET Reviewer pdfbooksforum.com.pdf,Which is the most essential characteristic of a Total Quality School model?,,,Clientele-focused,,Empowerment,,Involvement of stakeholders,,Continuous improvement,,,,A,,Both,Professional Education,Needs Review,Cannot Determine,No,,0.70,Needs Review,Path explicitly groups BEED and BSED. Text extracted by OCR from scanned PDF; reviewer spot-check recommended. Correct answer sourced from detected answer key section. OCR answer-key alignment and choice text must be manually verified before upload.
346,70,20,A. Comprehensive LET Reviewer pdfbooksforum.com.pdf,/Users/lyndon/All reviewers/Sept2026_LET Reviewer Files/C. BEED&BSED REVIEWER BOOKS-/A. Comprehensive LET Reviewer pdfbooksforum.com.pdf,Which of the following interventions reduces stigma between social status and social selection in the educational system?,passage_page_20_q70,,National Achievement Test,,Education for All,,National College Admission Examination,,Education Service Contracting Scheme,,,,B,,Both,General Education,Needs Review,Cannot Determine,No,,0.70,Needs Review,Path explicitly groups BEED and BSED. Text extracted by OCR from scanned PDF; reviewer spot-check recommended. Correct answer sourced from detected answer key section. OCR answer-key alignment and choice text must be manually verified before upload.
347,71,20,A. Comprehensive LET Reviewer pdfbooksforum.com.pdf,/Users/lyndon/All reviewers/Sept2026_LET Reviewer Files/C. BEED&BSED REVIEWER BOOKS-/A. Comprehensive LET Reviewer pdfbooksforum.com.pdf,"John Dewey’s major contributions to the sociological foundations of education are, the following EXCEPT ONE. Which is the exception?",,,School is a continuation of home; activities at home continue at school.,,Education is a social process beginning unconsciously at birth.,,“True education” is transmission of knowledge from the teacher to the learner.,,Facilitating education means being aware of the social condition of the learners.,,,,B,,Both,General Education,Needs Review,Cannot Determine,No,,0.70,Needs Review,Path explicitly groups BEED and BSED. Text extracted by OCR from scanned PDF; reviewer spot-check recommended. Correct answer sourced from detected answer key section. OCR answer-key alignment and choice text must be manually verified before upload.
348,72,20-21,A. Comprehensive LET Reviewer pdfbooksforum.com.pdf,/Users/lyndon/All reviewers/Sept2026_LET Reviewer Files/C. BEED&BSED REVIEWER BOOKS-/A. Comprehensive LET Reviewer pdfbooksforum.com.pdf,"What theory states that identical instructional environments, methods and resources may be effective for some learners and ineffective for others because of the differences in the learner's biological and developmental set of characteristics?",,,"Open communication among school head, teachers, parents, and students",,Student-centered learning activities,,Innovations in enhancing learning for all types of learners,,Centralized governance,,,,A,,Both,Professional Education,Needs Review,Cannot Determine,No,,0.70,Needs Review,Path explicitly groups BEED and BSED. Text extracted by OCR from scanned PDF; reviewer spot-check recommended. Correct answer sourced from detected answer key section. OCR answer-key alignment and choice text must be manually verified before upload.
349,77,21-22,A. Comprehensive LET Reviewer pdfbooksforum.com.pdf,/Users/lyndon/All reviewers/Sept2026_LET Reviewer Files/C. BEED&BSED REVIEWER BOOKS-/A. Comprehensive LET Reviewer pdfbooksforum.com.pdf,Which of these is NOT in Maslow's Hierarchy of needs?,,,All school children are friendly.,,All children 6-12 years old are enrolled in elementary schools.,,All children complete their elementary education within six years.,,"All grade six students pass the division, regional and national tests. 16 LET Comprehensive Reviewer Based on NCBTS and Table of Specifications :",,,,C,,Both,General Education,Needs Review,Cannot Determine,No,,0.70,Needs Review,Path explicitly groups BEED and BSED. Text extracted by OCR from scanned PDF; reviewer spot-check recommended. Correct answer sourced from detected answer key section. OCR answer-key alignment and choice text must be manually verified before upload.
350,79,22,A. Comprehensive LET Reviewer pdfbooksforum.com.pdf,/Users/lyndon/All reviewers/Sept2026_LET Reviewer Files/C. BEED&BSED REVIEWER BOOKS-/A. Comprehensive LET Reviewer pdfbooksforum.com.pdf,Which of the following provisions guarantees accessible education for all? |,,,Establish and maintain a system of free public education in the elementary and high school levels.,,"Encourage non-formal, informal and indigenous learning systems, as well as self-learning, independent and out-of-school study programs.",,"Provide and maintain a system of scholarship grants, student loan programs, subsidies, and other incentives.",,"Establish, maintain and support a complete, adequate and integrated system of education relevant to the needs of the people and society.",,,,B,,Both,General Education,Needs Review,Cannot Determine,No,,0.70,Needs Review,Path explicitly groups BEED and BSED. Text extracted by OCR from scanned PDF; reviewer spot-check recommended. Correct answer sourced from detected answer key section. OCR answer-key alignment and choice text must be manually verified before upload.
351,80,22,A. Comprehensive LET Reviewer pdfbooksforum.com.pdf,/Users/lyndon/All reviewers/Sept2026_LET Reviewer Files/C. BEED&BSED REVIEWER BOOKS-/A. Comprehensive LET Reviewer pdfbooksforum.com.pdf,"Which of the following can contribute to the provision of quality education? I. Hire the best teacher applicants from the Division pool. II. Provide adequate textbooks and other instructional materials. If]. Construct classroom and laboratory rooms. IV. Maintain sanitary, safe, child-friendly and conducive environment to learning.",,,"1, I, IV",,"1, I, 1",,I and III,,"1, UL, II and IV",,,,D,,Both,Professional Education,Child Development,Cannot Determine,No,,0.70,Needs Review,Path explicitly groups BEED and BSED. Text extracted by OCR from scanned PDF; reviewer spot-check recommended. Correct answer sourced from detected answer key section. OCR answer-key alignment and choice text must be manually verified before upload.
352,81,22,A. Comprehensive LET Reviewer pdfbooksforum.com.pdf,/Users/lyndon/All reviewers/Sept2026_LET Reviewer Files/C. BEED&BSED REVIEWER BOOKS-/A. Comprehensive LET Reviewer pdfbooksforum.com.pdf,"The vision of basic education in BESRA is to ""make every Filipino functionally literate."" Which of the following operationally defines functional literacy?",,,"Able to read, write and compute",,"Able to read, write letters, and solve problems",,"Able to read, write, compute and apply these skills in their daily lives",,"Able to read with understanding, write one's thoughts and compute word problems",,,,C,,Both,Filipino,Needs Review,Cannot Determine,No,,0.70,Needs Review,Path explicitly groups BEED and BSED. Text extracted by OCR from scanned PDF; reviewer spot-check recommended. Correct answer sourced from detected answer key section. OCR answer-key alignment and choice text must be manually verified before upload.
353,82,22,A. Comprehensive LET Reviewer pdfbooksforum.com.pdf,/Users/lyndon/All reviewers/Sept2026_LET Reviewer Files/C. BEED&BSED REVIEWER BOOKS-/A. Comprehensive LET Reviewer pdfbooksforum.com.pdf,Which of the following is NOT a domain of the competency-based standards for teachers? .,,,Resource Planning,,Community Linkages,,Social Regard for Learning,,"Planning, Assessing and Report",,,,C,,Both,General Education,Needs Review,Cannot Determine,No,,0.70,Needs Review,Path explicitly groups BEED and BSED. Text extracted by OCR from scanned PDF; reviewer spot-check recommended. Correct answer sourced from detected answer key section. OCR answer-key alignment and choice text must be manually verified before upload.
354,83,22-23,A. Comprehensive LET Reviewer pdfbooksforum.com.pdf,/Users/lyndon/All reviewers/Sept2026_LET Reviewer Files/C. BEED&BSED REVIEWER BOOKS-/A. Comprehensive LET Reviewer pdfbooksforum.com.pdf,Special Education celebrates its 100th year as a thrust of DepEd. Meeting the educational needs of gifted students is challenging. Which of these is NOT a specialized program for the gifted?,,,One Curriculum fits-all,,Learning Clusters,,Self-directed Learning,,"Honor Classes PROFESSIONAL EDUCATION TEACHING. PROF, SOC. DIM. EDUC., FS, PRAC. TEACHING 17 a",,,,,,Both,General Education,Needs Review,Cannot Determine,No,,0.72,Needs Answer,"Path explicitly groups BEED and BSED. Text extracted by OCR from scanned PDF; reviewer spot-check recommended. OCR text contains answer-key language, but this item was not matched confidently."
355,84,23,A. Comprehensive LET Reviewer pdfbooksforum.com.pdf,/Users/lyndon/All reviewers/Sept2026_LET Reviewer Files/C. BEED&BSED REVIEWER BOOKS-/A. Comprehensive LET Reviewer pdfbooksforum.com.pdf,Which principle is underscored in the overall efforts of the DepEd to provide assistance and resources for preschool education?,,,Accomplishing learners’ report card,,Holding on to their job despite the difficulties,,Being popular in order to get a promotion,,Upholding the Code of Ethics,,,,A,,Both,General Education,Needs Review,Cannot Determine,No,,0.70,Needs Review,Path explicitly groups BEED and BSED. Text extracted by OCR from scanned PDF; reviewer spot-check recommended. Correct answer sourced from detected answer key section. OCR answer-key alignment and choice text must be manually verified before upload.
356,88,23,A. Comprehensive LET Reviewer pdfbooksforum.com.pdf,/Users/lyndon/All reviewers/Sept2026_LET Reviewer Files/C. BEED&BSED REVIEWER BOOKS-/A. Comprehensive LET Reviewer pdfbooksforum.com.pdf,Which of these does NOT illustrate equality as a central theme of educational opportunity?,,,Free basic education is provided by the government.,,Teachers of the same position and length of service receive equal pay.,,Equity prevails within a given locality since local taxes provide support for schools.,,Children from diverse backgrounds attend the same school.,,,,B,,Both,General Education,Needs Review,Cannot Determine,No,,0.70,Needs Review,Path explicitly groups BEED and BSED. Text extracted by OCR from scanned PDF; reviewer spot-check recommended. Correct answer sourced from detected answer key section. OCR answer-key alignment and choice text must be manually verified before upload.
357,89,23-24,A. Comprehensive LET Reviewer pdfbooksforum.com.pdf,/Users/lyndon/All reviewers/Sept2026_LET Reviewer Files/C. BEED&BSED REVIEWER BOOKS-/A. Comprehensive LET Reviewer pdfbooksforum.com.pdf,Which of the following statements is NOT true as regards the relationship between social class and social selection system?,passage_page_23_q89,,The social composition of a fourth year class is similar to that of the first year.,,The greater number of high school graduates who apply for college entrance examination are from higher-status groups.,,More children from higher-status groups aim for higher education.,,Secondary school graduates with higher grades and high family status are more likely to attend better colleges or universities | 18 LET Comprehensive Reviewer Based on NCBTS and Table of Specifications (TOS $e,,,,A,,Both,General Education,Needs Review,Cannot Determine,No,,0.70,Needs Review,Path explicitly groups BEED and BSED. Text extracted by OCR from scanned PDF; reviewer spot-check recommended. Correct answer sourced from detected answer key section. OCR answer-key alignment and choice text must be manually verified before upload.
358,90,24,A. Comprehensive LET Reviewer pdfbooksforum.com.pdf,/Users/lyndon/All reviewers/Sept2026_LET Reviewer Files/C. BEED&BSED REVIEWER BOOKS-/A. Comprehensive LET Reviewer pdfbooksforum.com.pdf,John Dewey's major contributions to the sociological foundations of education which arc still very much recognized today are the following EXCEPT ONE.,,,"""True education"" is transmission of knowledge",,Education is a social process beginning unconsciously at birth.,,"School is a continuation of home; activities at home continue at school,",,Facilitating education means being aware of the social condition of the child.,,,,C,,Both,General Education,Needs Review,Cannot Determine,No,,0.70,Needs Review,Path explicitly groups BEED and BSED. Text extracted by OCR from scanned PDF; reviewer spot-check recommended. Correct answer sourced from detected answer key section. OCR answer-key alignment and choice text must be manually verified before upload.
359,91,24,A. Comprehensive LET Reviewer pdfbooksforum.com.pdf,/Users/lyndon/All reviewers/Sept2026_LET Reviewer Files/C. BEED&BSED REVIEWER BOOKS-/A. Comprehensive LET Reviewer pdfbooksforum.com.pdf,"In schools, particularly in the lower grades where children come from diverse backgrounds, teachers are expected to use varied approaches effectively. Which approach/es would be appropriate for such diversity? : I. Differentiated teaching approaches II. A variety of instructional materials IH. Multi-media materials IV. Multi-lingual approach",,,"T, Il and It",,I and IV,,IV only,,"I, I, Ul, and IV",,,,B,,Both,General Education,Needs Review,Cannot Determine,No,,0.70,Needs Review,Path explicitly groups BEED and BSED. Text extracted by OCR from scanned PDF; reviewer spot-check recommended. Correct answer sourced from detected answer key section. OCR answer-key alignment and choice text must be manually verified before upload.
360,92,24,A. Comprehensive LET Reviewer pdfbooksforum.com.pdf,/Users/lyndon/All reviewers/Sept2026_LET Reviewer Files/C. BEED&BSED REVIEWER BOOKS-/A. Comprehensive LET Reviewer pdfbooksforum.com.pdf,"Critical thinking in recent years has become a concern in education not only in the Philippines but also the world over. The cognitive, affective, and psychomotor components are put to focus. Which of the following competencies clearly distinguish the critical thinker? I. Estimates and evaluates II. Notes relationships cursorily Hl. Offers opinions and judgments IV. Hypothesizes and concludes",,,II,,Ill,,Land IV,,Tl and Ill,,,,B,,Both,General Education,Educational Psychology,Cannot Determine,No,,0.70,Needs Review,Path explicitly groups BEED and BSED. Text extracted by OCR from scanned PDF; reviewer spot-check recommended. Correct answer sourced from detected answer key section. OCR answer-key alignment and choice text must be manually verified before upload.
361,93,24-25,A. Comprehensive LET Reviewer pdfbooksforum.com.pdf,/Users/lyndon/All reviewers/Sept2026_LET Reviewer Files/C. BEED&BSED REVIEWER BOOKS-/A. Comprehensive LET Reviewer pdfbooksforum.com.pdf,"Inclusion is a basic right of every Filipino child as mandated in the Philippine Constitution, R.",,,I only,,II only,,IV only,,IH and IV,,,,D,,Both,Filipino,Government,Cannot Determine,No,,0.70,Needs Review,Path explicitly groups BEED and BSED. Text extracted by OCR from scanned PDF; reviewer spot-check recommended. Correct answer sourced from detected answer key section. OCR answer-key alignment and choice text must be manually verified before upload.
362,96,25,A. Comprehensive LET Reviewer pdfbooksforum.com.pdf,/Users/lyndon/All reviewers/Sept2026_LET Reviewer Files/C. BEED&BSED REVIEWER BOOKS-/A. Comprehensive LET Reviewer pdfbooksforum.com.pdf,"Which is the best reason for providing early intervention program to children with disabilities, ages 0 to 3 years old?",,,Prevent labeling at an early age,,Ensure inclusion or enrolment in regular classes |,,Identify strengths and weaknesses for instruction purposes i,,Address developmental lag and prevent acquiring additional disabilities |,,,,B,,Both,General Education,Needs Review,Cannot Determine,No,,0.70,Needs Review,Path explicitly groups BEED and BSED. Text extracted by OCR from scanned PDF; reviewer spot-check recommended. Correct answer sourced from detected answer key section. OCR answer-key alignment and choice text must be manually verified before upload.
363,97,25-26,A. Comprehensive LET Reviewer pdfbooksforum.com.pdf,/Users/lyndon/All reviewers/Sept2026_LET Reviewer Files/C. BEED&BSED REVIEWER BOOKS-/A. Comprehensive LET Reviewer pdfbooksforum.com.pdf,Which of these is a teacher’s acceptable view of change? |,,,Change disrupts routine.,,Change is an opportunity.,,Change is self-serving. :,,"Change rewards initiators. ; Read the text below then answer items #98 - #102. [Silex yearold Gion Karlo Depa of Pilppine Science High School won fist place inthe | || International Speaking Competition in London conducted by the English Speaking Union on the _ |]. Gian wore a barong tagalog w the competition and in the souvenis photo where Be was || tanked by 57 sadent competitors ftom 34 countries. His speech was sled ""Fisb Mucus and Foot ""He sao! is speak oc follones - cc When 1 was in 6th grade, I hated mathematics. You would have, too, if vou had my Bul then he'd reply, ""To every question there is an answer, to every problem there is a solution.” | 2008 World Choir Olympics. He sings Bass 1. He plays the classical guitar, writes for the school _ organ; he is an officer of the Student Council, a member of the debating leam and drama club of | hiss 20 LET Comprehensive Reviewer Based on NCBTS and Table of Specifications (TOS ea nS ORO",,,,D,,Both,Professional Education,Needs Review,Cannot Determine,No,,0.70,Needs Review,Path explicitly groups BEED and BSED. Text extracted by OCR from scanned PDF; reviewer spot-check recommended. Correct answer sourced from detected answer key section. OCR answer-key alignment and choice text must be manually verified before upload.
364,98,26,A. Comprehensive LET Reviewer pdfbooksforum.com.pdf,/Users/lyndon/All reviewers/Sept2026_LET Reviewer Files/C. BEED&BSED REVIEWER BOOKS-/A. Comprehensive LET Reviewer pdfbooksforum.com.pdf,Which of the intelligences BEST characterizes Gian Dapul?,,,Verbal/linguistic/thythmic,,Bodily/Kinesthetic/logical,,Spatial/visual/naturalistic,,Mathematical/musical/interpersonal,,,,B,,Both,General Education,Needs Review,Cannot Determine,No,,0.70,Needs Review,Path explicitly groups BEED and BSED. Text extracted by OCR from scanned PDF; reviewer spot-check recommended. Correct answer sourced from detected answer key section. OCR answer-key alignment and choice text must be manually verified before upload.
365,99,26,A. Comprehensive LET Reviewer pdfbooksforum.com.pdf,/Users/lyndon/All reviewers/Sept2026_LET Reviewer Files/C. BEED&BSED REVIEWER BOOKS-/A. Comprehensive LET Reviewer pdfbooksforum.com.pdf,"Which of the learner-centered psychological principles were not considered by the mathematics teacher when he gave the class ""30 problems in 50 minutes.” I. Cognitive and Metacognitive Il. Motivational and Affective III. Developmental and Social IV. Individual Difference Factors V. Standards and Assessment",,,"I IL, I, IV",,"I, II, and TT",,"Il, Il, IV, V",,"LIL, and IV",,,,D,,Both,Assessment of Learning,Educational Psychology,Cannot Determine,No,,0.70,Needs Review,Path explicitly groups BEED and BSED. Text extracted by OCR from scanned PDF; reviewer spot-check recommended. Correct answer sourced from detected answer key section. OCR answer-key alignment and choice text must be manually verified before upload.
366,100,26,A. Comprehensive LET Reviewer pdfbooksforum.com.pdf,/Users/lyndon/All reviewers/Sept2026_LET Reviewer Files/C. BEED&BSED REVIEWER BOOKS-/A. Comprehensive LET Reviewer pdfbooksforum.com.pdf,Which of the following topics may be the focus of discussion for INSET so as the act committed by the mathematics teacher can be avoided?,,,Facilitating learning and four A's,,Measuring quantity and quality of Learning,,Curriculum development and assessment of learning,,Reflective teaching and strategic thinking,,,,A,,Both,Mathematics,Teaching Strategies,Cannot Determine,No,,0.70,Needs Review,Path explicitly groups BEED and BSED. Text extracted by OCR from scanned PDF; reviewer spot-check recommended. Correct answer sourced from detected answer key section. OCR answer-key alignment and choice text must be manually verified before upload.
367,101,26,A. Comprehensive LET Reviewer pdfbooksforum.com.pdf,/Users/lyndon/All reviewers/Sept2026_LET Reviewer Files/C. BEED&BSED REVIEWER BOOKS-/A. Comprehensive LET Reviewer pdfbooksforum.com.pdf,"What trait/characteristic specified by the Philippine Constitution as output of school learning, did Gian demonstrate when he wore a barong tagalog in the contest?",,,He has a strong national identity.,,He wants to be different.,,He has a sense of patriotism. .,,He wants to show the national costume.,,,,,,Both,Professional Education,Government,Cannot Determine,No,,0.72,Needs Answer,"Path explicitly groups BEED and BSED. Text extracted by OCR from scanned PDF; reviewer spot-check recommended. OCR text contains answer-key language, but this item was not matched confidently."
368,102,26-27,A. Comprehensive LET Reviewer pdfbooksforum.com.pdf,/Users/lyndon/All reviewers/Sept2026_LET Reviewer Files/C. BEED&BSED REVIEWER BOOKS-/A. Comprehensive LET Reviewer pdfbooksforum.com.pdf,"Gian ended his speech, to wit: Eventually I realized that my math teacher was right when he said, ""To every question there is an answer, to every problem, there is a solution."" Which statement affirmed his aptitude for a science career?",,,We just have to go looking for the right answer.,,Someday there will be answers to unsolved problems.,,We have to discover new solutions.,,"Someday we will expand horizons for research. PROFESSIONAL EDUCATION TEACHING. PROF, SOC. DIM. EDUC., FS, PRAC. TEACHING 2]",,,,B,,Both,Mathematics,Needs Review,Cannot Determine,No,,0.70,Needs Review,Path explicitly groups BEED and BSED. Text extracted by OCR from scanned PDF; reviewer spot-check recommended. Correct answer sourced from detected answer key section. OCR answer-key alignment and choice text must be manually verified before upload.
369,103,27,A. Comprehensive LET Reviewer pdfbooksforum.com.pdf,/Users/lyndon/All reviewers/Sept2026_LET Reviewer Files/C. BEED&BSED REVIEWER BOOKS-/A. Comprehensive LET Reviewer pdfbooksforum.com.pdf,"The Council for the Welfare of Children, with the National Early Childhood Care and Development Coordinating Council passed a resolution approving the Guidelines in selecting Early Childhood Care and Development (ECCD) learning materials for 0-6 year old children. The DepED, DSWD, DOH, and private individuals who are ECCD experts composed the evaluation committee of the ECCD materials. Which are NOT considered ECCD learning materials?",,,Workbooks for children below five years old,,Children's books that are skills- and value-oriented,,"Toys that maybe hand-made, commercially manufactured or in their natural state",,"Songs, art and craft materials for children to express themselves",,,,C,,Both,Elementary / Cannot Determine,Child Development,Cannot Determine,No,,0.70,Needs Review,Path explicitly groups BEED and BSED. Text extracted by OCR from scanned PDF; reviewer spot-check recommended. Correct answer sourced from detected answer key section.
370,104,27,A. Comprehensive LET Reviewer pdfbooksforum.com.pdf,/Users/lyndon/All reviewers/Sept2026_LET Reviewer Files/C. BEED&BSED REVIEWER BOOKS-/A. Comprehensive LET Reviewer pdfbooksforum.com.pdf,"The Field Study Courses and Practice Teaching in the Revised Policies and Standards for Undergraduate Teacher Education Curriculum, stipulated by CHED Memorandum Order No. 30, s. 2004 are labeled as Experiential Learning. They are intended to provide students with practical learning experiences in actual school settings. Which national document provides the mandate for the Basic Education Schools as laboratories for internship program?",,,"I, UL, Ill, and IV",,"I, Il, and Ill",,"Il, Hl, and IV",,"I, Ill, and IV",,,,D,,Both,Curriculum Development,Curriculum Models,Cannot Determine,No,,0.70,Needs Review,Path explicitly groups BEED and BSED. Text extracted by OCR from scanned PDF; reviewer spot-check recommended. Correct answer sourced from detected answer key section. OCR answer-key alignment and choice text must be manually verified before upload.
371,106,27-28,A. Comprehensive LET Reviewer pdfbooksforum.com.pdf,/Users/lyndon/All reviewers/Sept2026_LET Reviewer Files/C. BEED&BSED REVIEWER BOOKS-/A. Comprehensive LET Reviewer pdfbooksforum.com.pdf,"When enrollees cannot be accommodated in the public schools due to lack of teachers and classrooms, they are referred to the private schools under the",,,Study-Now-Pay Later Plan,,Adopt-a-School Program :,,Educational Service Contracting Scheme,,Tutorial Program 22 LET Comprehensive Reviewer Based on NCBTS and Table of Specifications (TOS,,,,C,,Both,General Education,Needs Review,Cannot Determine,No,,0.70,Needs Review,Path explicitly groups BEED and BSED. Text extracted by OCR from scanned PDF; reviewer spot-check recommended. Correct answer sourced from detected answer key section. OCR answer-key alignment and choice text must be manually verified before upload.
372,107,28,A. Comprehensive LET Reviewer pdfbooksforum.com.pdf,/Users/lyndon/All reviewers/Sept2026_LET Reviewer Files/C. BEED&BSED REVIEWER BOOKS-/A. Comprehensive LET Reviewer pdfbooksforum.com.pdf,The Department of Education authorizes contributions in schools but not during enrolment. Which is NOT an authorized contribution?,,,Boy Scouts of the Philippines membership fee,,Philippine National Red Cross fee,,School Organization Fee,,Girl Scouts of the Philippine membership fee,,,,B,,Both,General Education,Needs Review,Cannot Determine,No,,0.70,Needs Review,Path explicitly groups BEED and BSED. Text extracted by OCR from scanned PDF; reviewer spot-check recommended. Correct answer sourced from detected answer key section. OCR answer-key alignment and choice text must be manually verified before upload.
373,108,28,A. Comprehensive LET Reviewer pdfbooksforum.com.pdf,/Users/lyndon/All reviewers/Sept2026_LET Reviewer Files/C. BEED&BSED REVIEWER BOOKS-/A. Comprehensive LET Reviewer pdfbooksforum.com.pdf,"The Philippine Educational System was established on January 21, 1901 through Education Act of 1901. With the issuance of the Act, President McKinley instructed the Philippine Commission to have English as the common language of the people. The main reason for the one-language policy is to :",,,promote English as a universal language,,"acknowledge that English is the language of business, science and technology and higher education",,unify the regions since a great number of languages were spoken throughout the country,,propagate the use of English as the language of the American occupying the Philippines during the time,,,,D,,Both,English,Government,Cannot Determine,No,,0.70,Needs Review,Path explicitly groups BEED and BSED. Text extracted by OCR from scanned PDF; reviewer spot-check recommended. Correct answer sourced from detected answer key section. OCR answer-key alignment and choice text must be manually verified before upload.
374,109,28,A. Comprehensive LET Reviewer pdfbooksforum.com.pdf,/Users/lyndon/All reviewers/Sept2026_LET Reviewer Files/C. BEED&BSED REVIEWER BOOKS-/A. Comprehensive LET Reviewer pdfbooksforum.com.pdf,"The Department of Education collaborates with other partner government institutions, the academe and the private sectors in delivering its various services. With what agency or sector does DepED collaborate for preschool education concerns? I. Private schools II. LGUs IIL. Religious organizations Iv. DSWD ;",,,IV only,,I and II,,"I, I, and III",,II and [V .,,,,C,,Both,General Education,Government,Cannot Determine,No,,0.70,Needs Review,Path explicitly groups BEED and BSED. Text extracted by OCR from scanned PDF; reviewer spot-check recommended. Correct answer sourced from detected answer key section. OCR answer-key alignment and choice text must be manually verified before upload.
375,110,28-29,A. Comprehensive LET Reviewer pdfbooksforum.com.pdf,/Users/lyndon/All reviewers/Sept2026_LET Reviewer Files/C. BEED&BSED REVIEWER BOOKS-/A. Comprehensive LET Reviewer pdfbooksforum.com.pdf,"Assigning teachers in their own barangay, municipality or province is a consideration of economic and cultural factors in the educational system. R.",,,"Parents, Students, Teachers, School Administrators",,"Schools, Community, Non-Teaching Personnel, Teachers",,"LGUs, Students, Parents, NGOs",,"Teachers, NGOs, Public Schools, Private Schools",,,,A,,Both,General Education,Needs Review,Cannot Determine,No,,0.70,Needs Review,Path explicitly groups BEED and BSED. Text extracted by OCR from scanned PDF; reviewer spot-check recommended. Correct answer sourced from detected answer key section. OCR answer-key alignment and choice text must be manually verified before upload.
376,112,29,A. Comprehensive LET Reviewer pdfbooksforum.com.pdf,/Users/lyndon/All reviewers/Sept2026_LET Reviewer Files/C. BEED&BSED REVIEWER BOOKS-/A. Comprehensive LET Reviewer pdfbooksforum.com.pdf,"Which are the desired otucomes of a Child-friendly School Systems (CFSS)? . I. Children who are healthy, free from exploitation and violence IL. Children who are aware of their rights and have opportunities to realize them III. Children who are protect themselves and develop their full potential",,,I only,,II only,,"1, I and Il",,II and Il,,,,C,,Both,Professional Education,Child Development,Cannot Determine,No,,0.70,Needs Review,Path explicitly groups BEED and BSED. Text extracted by OCR from scanned PDF; reviewer spot-check recommended. Correct answer sourced from detected answer key section. OCR answer-key alignment and choice text must be manually verified before upload.
377,113,29,A. Comprehensive LET Reviewer pdfbooksforum.com.pdf,/Users/lyndon/All reviewers/Sept2026_LET Reviewer Files/C. BEED&BSED REVIEWER BOOKS-/A. Comprehensive LET Reviewer pdfbooksforum.com.pdf,To create an environment within the school that is conducive to teaching and learning the school may .,,,authorize stakeholders to manage the school,,provide tangible resources to staff to assist in school improvement process,,develop decision - making teams,,communicate and facilitate participation in school-based management,,,,D,,Both,Professional Education,Needs Review,Cannot Determine,No,,0.70,Needs Review,Path explicitly groups BEED and BSED. Text extracted by OCR from scanned PDF; reviewer spot-check recommended. Correct answer sourced from detected answer key section. OCR answer-key alignment and choice text must be manually verified before upload.
378,114,29,A. Comprehensive LET Reviewer pdfbooksforum.com.pdf,/Users/lyndon/All reviewers/Sept2026_LET Reviewer Files/C. BEED&BSED REVIEWER BOOKS-/A. Comprehensive LET Reviewer pdfbooksforum.com.pdf,There is high level of collaboration and communication in a school community when .,,,parents and community members are provided with a variety of volunteer activities,,teachers and students work together in the implementation of community projects,,structure and time for collaboration are determined and allocated,,there is regular use of varied means of communication,,,,A,,Both,Professional Education,Needs Review,Cannot Determine,No,,0.70,Needs Review,Path explicitly groups BEED and BSED. Text extracted by OCR from scanned PDF; reviewer spot-check recommended. Correct answer sourced from detected answer key section. OCR answer-key alignment and choice text must be manually verified before upload.
379,115,29-30,A. Comprehensive LET Reviewer pdfbooksforum.com.pdf,/Users/lyndon/All reviewers/Sept2026_LET Reviewer Files/C. BEED&BSED REVIEWER BOOKS-/A. Comprehensive LET Reviewer pdfbooksforum.com.pdf,On which theory is Teacher A's practice of conducting her lessons in a way that her students are taught to discover and perceive new relationships for insight and understanding based?,,,Cognitive theory,,Humanist theory,,Behaviorist theory,,Physiological theory 24 LET Comprehensive Reviewer Based on NCBTS and Table of Specifications (TO!,,,,B,,Both,Professional Education,Needs Review,Cannot Determine,No,,0.70,Needs Review,Path explicitly groups BEED and BSED. Text extracted by OCR from scanned PDF; reviewer spot-check recommended. Correct answer sourced from detected answer key section. OCR answer-key alignment and choice text must be manually verified before upload.
380,116,30,A. Comprehensive LET Reviewer pdfbooksforum.com.pdf,/Users/lyndon/All reviewers/Sept2026_LET Reviewer Files/C. BEED&BSED REVIEWER BOOKS-/A. Comprehensive LET Reviewer pdfbooksforum.com.pdf,Teacher L gives his students opportunities to be creative because of his conviction thi much learning results from the need to express creativity. On which theory is Teacher 's conviction anchored?,,,Humanist,,Cognitive,,Behaviorist,,Associationist,,,,A,,Both,Professional Education,Needs Review,Cannot Determine,No,,0.70,Needs Review,Path explicitly groups BEED and BSED. Text extracted by OCR from scanned PDF; reviewer spot-check recommended. Correct answer sourced from detected answer key section. OCR answer-key alignment and choice text must be manually verified before upload.
381,117,30,A. Comprehensive LET Reviewer pdfbooksforum.com.pdf,/Users/lyndon/All reviewers/Sept2026_LET Reviewer Files/C. BEED&BSED REVIEWER BOOKS-/A. Comprehensive LET Reviewer pdfbooksforum.com.pdf,"The ""Paaralan sa Bawa’t Barangay"" takes its roots in the establishment of oni primary school in every municipality as mandated by _.",,,The establishment of at least one primary school for boys and girls i each municipality,,The hiring of tribal tutors to teach children,,The provision of vocational training for school age children,,The education of illiterate parents |,,,,B,,Both,Professional Education,Needs Review,Cannot Determine,No,,0.70,Needs Review,Path explicitly groups BEED and BSED. Text extracted by OCR from scanned PDF; reviewer spot-check recommended. Correct answer sourced from detected answer key section. OCR answer-key alignment and choice text must be manually verified before upload.
382,119,30,A. Comprehensive LET Reviewer pdfbooksforum.com.pdf,/Users/lyndon/All reviewers/Sept2026_LET Reviewer Files/C. BEED&BSED REVIEWER BOOKS-/A. Comprehensive LET Reviewer pdfbooksforum.com.pdf,Which was perceived to be contrary to the democratized access to education?,,,The granting of scholarships to a selected few,,"The ""Study-Now-Pay-Later"" Plan",,The giving of the National college Entrance Examinations (NCEE),,The imposition on moratorium on pro-poor courses,,,,A,,Both,General Education,Needs Review,Cannot Determine,No,,0.70,Needs Review,Path explicitly groups BEED and BSED. Text extracted by OCR from scanned PDF; reviewer spot-check recommended. Correct answer sourced from detected answer key section. OCR answer-key alignment and choice text must be manually verified before upload.
383,120,30,A. Comprehensive LET Reviewer pdfbooksforum.com.pdf,/Users/lyndon/All reviewers/Sept2026_LET Reviewer Files/C. BEED&BSED REVIEWER BOOKS-/A. Comprehensive LET Reviewer pdfbooksforum.com.pdf,Religious and moral education are to the Spanish period as __ is/are to the Japanese period.,,,love for work and dignity of labor,,love of country,,duties of citizenship and avocation,,vocational skills .,,,,D,,Both,General Education,Ethics,Cannot Determine,No,,0.70,Needs Review,Path explicitly groups BEED and BSED. Text extracted by OCR from scanned PDF; reviewer spot-check recommended. Correct answer sourced from detected answer key section. OCR answer-key alignment and choice text must be manually verified before upload.
384,121,30,A. Comprehensive LET Reviewer pdfbooksforum.com.pdf,/Users/lyndon/All reviewers/Sept2026_LET Reviewer Files/C. BEED&BSED REVIEWER BOOKS-/A. Comprehensive LET Reviewer pdfbooksforum.com.pdf,"If today we have an oversupply of teachers in the country, in the past we had a shortage. When did we have a shortage of teachers?",,,In 1901 when a highly centralized public school was established,,In 1863 when primary schooling was made compulsory,,In 1943 when the Japanese created the Military of Education,,In the 70's when teachers sought for greener pasture abroad,,,,B,,Both,General Education,Needs Review,Cannot Determine,No,,0.70,Needs Review,Path explicitly groups BEED and BSED. Text extracted by OCR from scanned PDF; reviewer spot-check recommended. Correct answer sourced from detected answer key section. OCR answer-key alignment and choice text must be manually verified before upload.
385,122,30-31,A. Comprehensive LET Reviewer pdfbooksforum.com.pdf,/Users/lyndon/All reviewers/Sept2026_LET Reviewer Files/C. BEED&BSED REVIEWER BOOKS-/A. Comprehensive LET Reviewer pdfbooksforum.com.pdf,Complete this analogy: Spanish period: moral and religious person American:,,,Structured,,Informal,,Religion-oriented,,Vocational training-oriented,,,,D,,Both,General Education,Ethics,Cannot Determine,No,,0.70,Needs Review,Path explicitly groups BEED and BSED. Text extracted by OCR from scanned PDF; reviewer spot-check recommended. Correct answer sourced from detected answer key section. OCR answer-key alignment and choice text must be manually verified before upload.
386,124,31,A. Comprehensive LET Reviewer pdfbooksforum.com.pdf,/Users/lyndon/All reviewers/Sept2026_LET Reviewer Files/C. BEED&BSED REVIEWER BOOKS-/A. Comprehensive LET Reviewer pdfbooksforum.com.pdf,Which program is DepEd's vehicle in mobilizing support from the private and non-government sectors to support programs based on DepEd's assistance packages?,,,Adopt-A-School-Program,,Child-Friendly-School System,,Brigada School Program,,Every Child A Reader Program,,,,C,,Both,General Education,Government,Cannot Determine,No,,0.70,Needs Review,Path explicitly groups BEED and BSED. Text extracted by OCR from scanned PDF; reviewer spot-check recommended. Correct answer sourced from detected answer key section. OCR answer-key alignment and choice text must be manually verified before upload.
387,125,31,A. Comprehensive LET Reviewer pdfbooksforum.com.pdf,/Users/lyndon/All reviewers/Sept2026_LET Reviewer Files/C. BEED&BSED REVIEWER BOOKS-/A. Comprehensive LET Reviewer pdfbooksforum.com.pdf,Which DepEd test do out-of-school youths and adults take to enable them to enroll in college if they pass it? :,,,Accreditation and Equivalency Test,,National Achievement,,National Secondary Achievement Test,,National College Entrance Examination,,,,D,,Both,Professional Education,Assessment Tools,Cannot Determine,No,,0.70,Needs Review,Path explicitly groups BEED and BSED. Text extracted by OCR from scanned PDF; reviewer spot-check recommended. Correct answer sourced from detected answer key section. OCR answer-key alignment and choice text must be manually verified before upload.
388,126,31,A. Comprehensive LET Reviewer pdfbooksforum.com.pdf,/Users/lyndon/All reviewers/Sept2026_LET Reviewer Files/C. BEED&BSED REVIEWER BOOKS-/A. Comprehensive LET Reviewer pdfbooksforum.com.pdf,The then National College Entrance Examination (NCEE) was abolished because it was perceived to be .,,,against the democratization of access to education,,not supportive of the production of quality manpower for the country,,highly expensive for it was given to a huge number of high school graduates,,culturally biased against the marginalized citizens,,,,B,,Both,General Education,Needs Review,Cannot Determine,No,,0.70,Needs Review,Path explicitly groups BEED and BSED. Text extracted by OCR from scanned PDF; reviewer spot-check recommended. Correct answer sourced from detected answer key section. OCR answer-key alignment and choice text must be manually verified before upload.
389,127,31,A. Comprehensive LET Reviewer pdfbooksforum.com.pdf,/Users/lyndon/All reviewers/Sept2026_LET Reviewer Files/C. BEED&BSED REVIEWER BOOKS-/A. Comprehensive LET Reviewer pdfbooksforum.com.pdf,The following are characteristics of a child-friendly school EXCEPT :,,,exclusive,,child-centered,,gender-sensitive,,not discriminating,,,,A,,Both,Professional Education,Child Development,Cannot Determine,No,,0.70,Needs Review,Path explicitly groups BEED and BSED. Text extracted by OCR from scanned PDF; reviewer spot-check recommended. Correct answer sourced from detected answer key section. OCR answer-key alignment and choice text must be manually verified before upload.
390,128,31,A. Comprehensive LET Reviewer pdfbooksforum.com.pdf,/Users/lyndon/All reviewers/Sept2026_LET Reviewer Files/C. BEED&BSED REVIEWER BOOKS-/A. Comprehensive LET Reviewer pdfbooksforum.com.pdf,"Can parents pass on their duty to educate their children to the school, especially if they are illiterate?",,,"No, parents have the primary duty to educate their children.",,"Yes, because parents did not go through formal training for the education of their children.",,It depends on the condition of parents.,,It depends on the condition of children.,,,,A,,Both,Professional Education,Needs Review,Cannot Determine,No,,0.70,Needs Review,Path explicitly groups BEED and BSED. Text extracted by OCR from scanned PDF; reviewer spot-check recommended. Correct answer sourced from detected answer key section. OCR answer-key alignment and choice text must be manually verified before upload.
391,129,31-32,A. Comprehensive LET Reviewer pdfbooksforum.com.pdf,/Users/lyndon/All reviewers/Sept2026_LET Reviewer Files/C. BEED&BSED REVIEWER BOOKS-/A. Comprehensive LET Reviewer pdfbooksforum.com.pdf,What could be an appropriate research approach to determine the factors that contribute to school effectiveness?,,,Compare the achievement scores of students from the urban centers with those from the rural areas.,,Introduce an intervention program in schools consistently performing low in national assessment tests.,,Conduct an inventory of instructional resources being used in all schools.,,Establish benchmarks from a case study of a school that is consistently topping the national examinations. h 26 LET Comprehensive Reviewer Based on NCBTS and Table of Specifications (T :,,,,C,,Both,Professional Education,Needs Review,Cannot Determine,No,,0.70,Needs Review,Path explicitly groups BEED and BSED. Text extracted by OCR from scanned PDF; reviewer spot-check recommended. Correct answer sourced from detected answer key section. OCR answer-key alignment and choice text must be manually verified before upload.
392,130,32,A. Comprehensive LET Reviewer pdfbooksforum.com.pdf,/Users/lyndon/All reviewers/Sept2026_LET Reviewer Files/C. BEED&BSED REVIEWER BOOKS-/A. Comprehensive LET Reviewer pdfbooksforum.com.pdf,Accreditation programs are among the ways of ensuring quality in education. The mo important criterion in accreditation is,,,"assessment based on the school's philosophy, mission/vision, resources an student achievement.",,assessment of the school's corporate climate,,"training of a chosen sample of teachers, staff, school administrators fro various sectors for accreditations procedures",,volunteerism on the part of the school asking for accreditation.,,,,A,,Both,General Education,Needs Review,Cannot Determine,No,,0.70,Needs Review,Path explicitly groups BEED and BSED. Text extracted by OCR from scanned PDF; reviewer spot-check recommended. Correct answer sourced from detected answer key section. OCR answer-key alignment and choice text must be manually verified before upload.
393,131,32,A. Comprehensive LET Reviewer pdfbooksforum.com.pdf,/Users/lyndon/All reviewers/Sept2026_LET Reviewer Files/C. BEED&BSED REVIEWER BOOKS-/A. Comprehensive LET Reviewer pdfbooksforum.com.pdf,"Spartan education provided much attention and time for the art of war and th training of soldier-citizens. Hence, the Spartan curricula consisted of mili exercises in services for the state.Athenian education, on the other han stressed individual excellence, hence aimed to provide :",,,moral training and emphasized virtues to develop personality,,learners with training in harsh discipline,,full-rounded development to fight as soldiers,,control of training of children,,,,B,,Both,General Education,Needs Review,Cannot Determine,No,,0.70,Needs Review,Path explicitly groups BEED and BSED. Text extracted by OCR from scanned PDF; reviewer spot-check recommended. Correct answer sourced from detected answer key section. OCR answer-key alignment and choice text must be manually verified before upload.
394,132,32,A. Comprehensive LET Reviewer pdfbooksforum.com.pdf,/Users/lyndon/All reviewers/Sept2026_LET Reviewer Files/C. BEED&BSED REVIEWER BOOKS-/A. Comprehensive LET Reviewer pdfbooksforum.com.pdf,The following are moves of the government to democratize access to educatio EXCEPT one. Which is the exception?,,,Opening of barangay high schools,,Implementation of Philippine Equivalency Placement test,,In-service training for teachers,,Employment of para-teachers,,,,C,,Both,General Education,Government,Cannot Determine,No,,0.70,Needs Review,Path explicitly groups BEED and BSED. Text extracted by OCR from scanned PDF; reviewer spot-check recommended. Correct answer sourced from detected answer key section. OCR answer-key alignment and choice text must be manually verified before upload.
395,133,32,A. Comprehensive LET Reviewer pdfbooksforum.com.pdf,/Users/lyndon/All reviewers/Sept2026_LET Reviewer Files/C. BEED&BSED REVIEWER BOOKS-/A. Comprehensive LET Reviewer pdfbooksforum.com.pdf,Accrediting the Madrasah is government's move towards :,,,democratizing access to education,,improving the quality of education,,meeting the manpower needs of the country,,"promoting science and technology, culture and sports |",,,,B,,Both,General Education,Government,Cannot Determine,No,,0.70,Needs Review,Path explicitly groups BEED and BSED. Text extracted by OCR from scanned PDF; reviewer spot-check recommended. Correct answer sourced from detected answer key section. OCR answer-key alignment and choice text must be manually verified before upload.
396,134,32-33,A. Comprehensive LET Reviewer pdfbooksforum.com.pdf,/Users/lyndon/All reviewers/Sept2026_LET Reviewer Files/C. BEED&BSED REVIEWER BOOKS-/A. Comprehensive LET Reviewer pdfbooksforum.com.pdf,"With equitable access to basic education in mind, which does NOT belong to th group?",,,Deregulation of tuition fees,,Voluntary accreditation,,School working in isolation from community and industry,,Identification of centers of excellence/centers of development,,,,B,,Both,General Education,Needs Review,Cannot Determine,No,,0.70,Needs Review,Path explicitly groups BEED and BSED. Text extracted by OCR from scanned PDF; reviewer spot-check recommended. Correct answer sourced from detected answer key section. OCR answer-key alignment and choice text must be manually verified before upload.
397,137,33,A. Comprehensive LET Reviewer pdfbooksforum.com.pdf,/Users/lyndon/All reviewers/Sept2026_LET Reviewer Files/C. BEED&BSED REVIEWER BOOKS-/A. Comprehensive LET Reviewer pdfbooksforum.com.pdf,"From the Households and School Matching Survey (HSMS) conducted in 1982, it was found out that school factors have less influence on learning when compared to community and home background variables. Which is one implication of this finding?",,,The school needs to strengthen its partnership with parents and . community.,,The school must focus on mastery learning.,,DECS should work for 1:1 child-book ratio.,,DECS must create more teacher items.,,,,A,,Both,Professional Education,Needs Review,Cannot Determine,No,,0.70,Needs Review,Path explicitly groups BEED and BSED. Text extracted by OCR from scanned PDF; reviewer spot-check recommended. Correct answer sourced from detected answer key section. OCR answer-key alignment and choice text must be manually verified before upload.
398,138,33,A. Comprehensive LET Reviewer pdfbooksforum.com.pdf,/Users/lyndon/All reviewers/Sept2026_LET Reviewer Files/C. BEED&BSED REVIEWER BOOKS-/A. Comprehensive LET Reviewer pdfbooksforum.com.pdf,"Which one is an alternative learning delivery system where an itinerant teacher, with the use of modules, teaches a small group of pupils for a week then moves to another community the next week?",,,Tent school,,"Mobile teacher €, Para-teacher",,,,Multi-grade,,,,A,,Both,Professional Education,Needs Review,Cannot Determine,No,,0.70,Incomplete,Path explicitly groups BEED and BSED. Text extracted by OCR from scanned PDF; reviewer spot-check recommended. Correct answer sourced from detected answer key section.
399,139,33,A. Comprehensive LET Reviewer pdfbooksforum.com.pdf,/Users/lyndon/All reviewers/Sept2026_LET Reviewer Files/C. BEED&BSED REVIEWER BOOKS-/A. Comprehensive LET Reviewer pdfbooksforum.com.pdf,The alternative learning delivery system used throughout the country has the following characteristics EXCEPT they .,,,are indigenous,,require linkage with various resources,,stick to traditional schooling,,are non-formal,,,,A,,Both,Professional Education,Needs Review,Cannot Determine,No,,0.70,Needs Review,Path explicitly groups BEED and BSED. Text extracted by OCR from scanned PDF; reviewer spot-check recommended. Correct answer sourced from detected answer key section. OCR answer-key alignment and choice text must be manually verified before upload.
400,140,33,A. Comprehensive LET Reviewer pdfbooksforum.com.pdf,/Users/lyndon/All reviewers/Sept2026_LET Reviewer Files/C. BEED&BSED REVIEWER BOOKS-/A. Comprehensive LET Reviewer pdfbooksforum.com.pdf,A student passes a book report poorly written but ornately presented in a folder to make up for the poor quality of the book report content. Which practice does this point to?,,,Substance over “porma”,,Art over academics,,Art over science,,“Porma” over substance,,,,C,,Both,General Education,Needs Review,Cannot Determine,No,,0.70,Needs Review,Path explicitly groups BEED and BSED. Text extracted by OCR from scanned PDF; reviewer spot-check recommended. Correct answer sourced from detected answer key section. OCR answer-key alignment and choice text must be manually verified before upload.
401,141,33-34,A. Comprehensive LET Reviewer pdfbooksforum.com.pdf,/Users/lyndon/All reviewers/Sept2026_LET Reviewer Files/C. BEED&BSED REVIEWER BOOKS-/A. Comprehensive LET Reviewer pdfbooksforum.com.pdf,Which refers to the trait of practicing conflicting values in different venues and with different social groups?,,,Procrastination,,"""Kanya-kanya"" mentality",,Crab- mentality,,Split-personality q 28 LET Comprehensive Reviewer Based on NCBTS and Table of Specifications (TO,,,,,,Both,General Education,Ethics,Cannot Determine,No,,0.72,Needs Answer,"Path explicitly groups BEED and BSED. Text extracted by OCR from scanned PDF; reviewer spot-check recommended. OCR text contains answer-key language, but this item was not matched confidently."
402,142,34,A. Comprehensive LET Reviewer pdfbooksforum.com.pdf,/Users/lyndon/All reviewers/Sept2026_LET Reviewer Files/C. BEED&BSED REVIEWER BOOKS-/A. Comprehensive LET Reviewer pdfbooksforum.com.pdf,"After having been humiliated by Teacher A, Student B evaluates that teacher ver poorly despite Teacher A’s good teaching performance. Which trait is illustrated by Student B's behavior?",,,Rationalism,,Personalism ;,,Impersonalism,,Particularism,,,,A,,Both,Professional Education,Educational Psychology,Cannot Determine,No,,0.70,Needs Review,Path explicitly groups BEED and BSED. Text extracted by OCR from scanned PDF; reviewer spot-check recommended. Correct answer sourced from detected answer key section. OCR answer-key alignment and choice text must be manually verified before upload.
403,143,34,A. Comprehensive LET Reviewer pdfbooksforum.com.pdf,/Users/lyndon/All reviewers/Sept2026_LET Reviewer Files/C. BEED&BSED REVIEWER BOOKS-/A. Comprehensive LET Reviewer pdfbooksforum.com.pdf,"Student C says ""bahala na"" and braves the storm for a test. In this situation whicl is expressed by the student's ""bahala na""?",,,"No, there is such a thing as gender equality in education.",,"Yes, because women are meant to be mothers.",,It depends on the place where the daughter and father live.,,"No, today there are a lot of women who do the job of men.",,,,D,,Both,General Education,Assessment Tools,Cannot Determine,No,,0.70,Needs Review,Path explicitly groups BEED and BSED. Text extracted by OCR from scanned PDF; reviewer spot-check recommended. Correct answer sourced from detected answer key section. OCR answer-key alignment and choice text must be manually verified before upload.
404,145,34,A. Comprehensive LET Reviewer pdfbooksforum.com.pdf,/Users/lyndon/All reviewers/Sept2026_LET Reviewer Files/C. BEED&BSED REVIEWER BOOKS-/A. Comprehensive LET Reviewer pdfbooksforum.com.pdf,"Despite opposition from some school officials, DepED has continuously enforcet the ""no collection of fees” policy during enrolment period for public schools. Is this policy in accordance with EFA goals?",,,"No, it violates the mandate of quality education.",,"Yes, it supports equitable access to basic education.",,"Yes, it somewhat eliminates gender disparities.",,"No, it does not support parent or adult education.",,,,B,,Both,Professional Education,Needs Review,Cannot Determine,No,,0.70,Needs Review,Path explicitly groups BEED and BSED. Text extracted by OCR from scanned PDF; reviewer spot-check recommended. Correct answer sourced from detected answer key section. OCR answer-key alignment and choice text must be manually verified before upload.
405,146,34-35,A. Comprehensive LET Reviewer pdfbooksforum.com.pdf,/Users/lyndon/All reviewers/Sept2026_LET Reviewer Files/C. BEED&BSED REVIEWER BOOKS-/A. Comprehensive LET Reviewer pdfbooksforum.com.pdf,It is said that some private schools employ teachers without license. Is that ir accordance with the Philippine Teachers’ Professionalization Act?,,,Academic freedom,,Continuing Professional Education,,Granting of Special Permit,,Voluntary accreditation,,,,A,,Both,General Education,Needs Review,Cannot Determine,No,,0.70,Needs Review,Path explicitly groups BEED and BSED. Text extracted by OCR from scanned PDF; reviewer spot-check recommended. Correct answer sourced from detected answer key section. OCR answer-key alignment and choice text must be manually verified before upload.
406,150,35,A. Comprehensive LET Reviewer pdfbooksforum.com.pdf,/Users/lyndon/All reviewers/Sept2026_LET Reviewer Files/C. BEED&BSED REVIEWER BOOKS-/A. Comprehensive LET Reviewer pdfbooksforum.com.pdf,"""Back to the Basics"" movement was launched by the then DECS, now Dep Ed, not only to upgrade pupil achievement but also to.",,,emphasize the importance of the 3Rs,,encourage pupils to study,,serve as the basis for a learning continuum,,develop thinking skills,,,,A,,Both,General Education,Needs Review,Cannot Determine,No,,0.70,Needs Review,Path explicitly groups BEED and BSED. Text extracted by OCR from scanned PDF; reviewer spot-check recommended. Correct answer sourced from detected answer key section. OCR answer-key alignment and choice text must be manually verified before upload.
407,151,35,A. Comprehensive LET Reviewer pdfbooksforum.com.pdf,/Users/lyndon/All reviewers/Sept2026_LET Reviewer Files/C. BEED&BSED REVIEWER BOOKS-/A. Comprehensive LET Reviewer pdfbooksforum.com.pdf,"According to Plato, ""the best life is one of contemplation of eternal truths"". What is an application of this thought in the classroom?",,,Make students and teachers reflect on their learning.,,Take reflective students as anti-social and unmotivated.,,Emphasize on the use of the five senses.,,Begin classes with a prayer.,,,,A,,Both,Professional Education,Needs Review,Cannot Determine,No,,0.70,Needs Review,Path explicitly groups BEED and BSED. Text extracted by OCR from scanned PDF; reviewer spot-check recommended. Correct answer sourced from detected answer key section. OCR answer-key alignment and choice text must be manually verified before upload.
408,152,35,A. Comprehensive LET Reviewer pdfbooksforum.com.pdf,/Users/lyndon/All reviewers/Sept2026_LET Reviewer Files/C. BEED&BSED REVIEWER BOOKS-/A. Comprehensive LET Reviewer pdfbooksforum.com.pdf,"""The highest happiness is the contemplative use of the mind"", said Plato. Therefore, let us give more opportunities for our students todo ty",,,introspection,,cooperative learning,,social interaction,,role playing,,,,D,,Both,General Education,Needs Review,Cannot Determine,No,,0.70,Needs Review,Path explicitly groups BEED and BSED. Text extracted by OCR from scanned PDF; reviewer spot-check recommended. Correct answer sourced from detected answer key section. OCR answer-key alignment and choice text must be manually verified before upload.
409,153,35-36,A. Comprehensive LET Reviewer pdfbooksforum.com.pdf,/Users/lyndon/All reviewers/Sept2026_LET Reviewer Files/C. BEED&BSED REVIEWER BOOKS-/A. Comprehensive LET Reviewer pdfbooksforum.com.pdf,Mencius believed that all people were born good. This thought on the innate goodness of people makes it easier to ___-our_ pupils.,,,Behaviorism,,Existentialism,,Progressivism,,Reconstructionism,,,,B,,Both,General Education,Needs Review,Cannot Determine,No,,0.70,Needs Review,Path explicitly groups BEED and BSED. Text extracted by OCR from scanned PDF; reviewer spot-check recommended. Correct answer sourced from detected answer key section.
410,155,36,A. Comprehensive LET Reviewer pdfbooksforum.com.pdf,/Users/lyndon/All reviewers/Sept2026_LET Reviewer Files/C. BEED&BSED REVIEWER BOOKS-/A. Comprehensive LET Reviewer pdfbooksforum.com.pdf,Teacher Sally is of the thinking that from the very start students must be made 4 realize that study is indeed hard work. To which philosophy does Teacher Sally adhere?,,,Progressivism,,Perennialism,,Essentialism,,Reconstructionism,,,,D,,Both,Professional Education,Needs Review,Cannot Determine,No,,0.70,Needs Review,Path explicitly groups BEED and BSED. Text extracted by OCR from scanned PDF; reviewer spot-check recommended. Correct answer sourced from detected answer key section. OCR answer-key alignment and choice text must be manually verified before upload.
411,156,36,A. Comprehensive LET Reviewer pdfbooksforum.com.pdf,/Users/lyndon/All reviewers/Sept2026_LET Reviewer Files/C. BEED&BSED REVIEWER BOOKS-/A. Comprehensive LET Reviewer pdfbooksforum.com.pdf,"If your students appear to be more interested in a topic outside your planned lesson for the day, you set aside your lesson plan for that day and take the opportunity to discuss the topic of particular interest to your students. Strike the iron while it is hot! Which philosophy governs your action?",,,Existentialism,,Rationalism,,Empiricism,,Progressivism,,,,D,,Both,General Education,Teaching Strategies,Cannot Determine,No,,0.70,Needs Review,Path explicitly groups BEED and BSED. Text extracted by OCR from scanned PDF; reviewer spot-check recommended. Correct answer sourced from detected answer key section. OCR answer-key alignment and choice text must be manually verified before upload.
412,157,36-37,A. Comprehensive LET Reviewer pdfbooksforum.com.pdf,/Users/lyndon/All reviewers/Sept2026_LET Reviewer Files/C. BEED&BSED REVIEWER BOOKS-/A. Comprehensive LET Reviewer pdfbooksforum.com.pdf,"""Specialization is knowing more and more about less and less"". Then it is better to be a generalist, claims Teacher Lani. On which philosophy does Teacher Lani lean?",,,Perennialism,,Progressivism,,Essentialism,,"Existentialism Read the following and answer questions #158 - #162 SUMION ___ In faculty development program, the teachers were asked what schools should do to help develop the leamers. The responses of the teachers could be grouped. | Group I. Schools should go back to the basics; they should teach the 3 R's. } Group 2- Schools should develop inthe students’ appreciation of the This way, they become highly rational and moral. = | Group 3- Schools should help develop students to become enlightened and | intelligent-citizens of a democratic society. | Group 4-. Schools should teach students to make responsible choices and be. made accountable for such choices. Group S- Schools should develop in the students the ability to adapt to a PROFESSIONAL EDUCATION TEACHING. PROF. SOC. DIM. EDUC., FS, PRAC. TEACHING 3]",,,,A,,Both,Professional Education,Needs Review,Cannot Determine,No,,0.70,Needs Review,Path explicitly groups BEED and BSED. Text extracted by OCR from scanned PDF; reviewer spot-check recommended. Correct answer sourced from detected answer key section. OCR answer-key alignment and choice text must be manually verified before upload.
413,158,37,A. Comprehensive LET Reviewer pdfbooksforum.com.pdf,/Users/lyndon/All reviewers/Sept2026_LET Reviewer Files/C. BEED&BSED REVIEWER BOOKS-/A. Comprehensive LET Reviewer pdfbooksforum.com.pdf,What can be said of teachers in Group 1? The group adheres to philosophy of education.,,,an essentialist,,a reconstructionist,,a progressivist,,a perennialist,,,,A,,Both,General Education,Needs Review,Cannot Determine,No,,0.70,Needs Review,Path explicitly groups BEED and BSED. Text extracted by OCR from scanned PDF; reviewer spot-check recommended. Correct answer sourced from detected answer key section. OCR answer-key alignment and choice text must be manually verified before upload.
414,159,37,A. Comprehensive LET Reviewer pdfbooksforum.com.pdf,/Users/lyndon/All reviewers/Sept2026_LET Reviewer Files/C. BEED&BSED REVIEWER BOOKS-/A. Comprehensive LET Reviewer pdfbooksforum.com.pdf,To what educational philosophy does Group 2 adhere?,,,Essentialism,,Progressivism,,Perennialism,,Reconstructionism,,,,A,,Both,General Education,Needs Review,Cannot Determine,No,,0.70,Needs Review,Path explicitly groups BEED and BSED. Text extracted by OCR from scanned PDF; reviewer spot-check recommended. Correct answer sourced from detected answer key section. OCR answer-key alignment and choice text must be manually verified before upload.
415,160,37,A. Comprehensive LET Reviewer pdfbooksforum.com.pdf,/Users/lyndon/All reviewers/Sept2026_LET Reviewer Files/C. BEED&BSED REVIEWER BOOKS-/A. Comprehensive LET Reviewer pdfbooksforum.com.pdf,To which educational philosophy is Group 3 oriented?,,,Progressivism,,Behaviorism,,Reconstructionism,,Existentialism,,,,A,,Both,General Education,Needs Review,Cannot Determine,No,,0.70,Needs Review,Path explicitly groups BEED and BSED. Text extracted by OCR from scanned PDF; reviewer spot-check recommended. Correct answer sourced from detected answer key section. OCR answer-key alignment and choice text must be manually verified before upload.
416,161,37,A. Comprehensive LET Reviewer pdfbooksforum.com.pdf,/Users/lyndon/All reviewers/Sept2026_LET Reviewer Files/C. BEED&BSED REVIEWER BOOKS-/A. Comprehensive LET Reviewer pdfbooksforum.com.pdf,"If Group 4 wants schools to teach students to make responsible choices and he made accountable for these choices, which philosophy governs the thinking of the group?",,,Existentialism,,Perennialism,,Progressivism,,Reconstructivism,,,,D,,Both,General Education,Needs Review,Cannot Determine,No,,0.70,Needs Review,Path explicitly groups BEED and BSED. Text extracted by OCR from scanned PDF; reviewer spot-check recommended. Correct answer sourced from detected answer key section. OCR answer-key alignment and choice text must be manually verified before upload.
417,162,37,A. Comprehensive LET Reviewer pdfbooksforum.com.pdf,/Users/lyndon/All reviewers/Sept2026_LET Reviewer Files/C. BEED&BSED REVIEWER BOOKS-/A. Comprehensive LET Reviewer pdfbooksforum.com.pdf,To which philosophy does Group 5 adhere?,,,Essentialism,,Perennialism,,Progressivism,,"Reconstructinism Read the following and answer questions #163 - #165 | 3. Let’ make the school environment conducive for leaming,",,,,,,Both,General Education,Needs Review,Cannot Determine,No,,0.72,Needs Answer,"Path explicitly groups BEED and BSED. Text extracted by OCR from scanned PDF; reviewer spot-check recommended. OCR text contains answer-key language, but this item was not matched confidently."
418,163,37,A. Comprehensive LET Reviewer pdfbooksforum.com.pdf,/Users/lyndon/All reviewers/Sept2026_LET Reviewer Files/C. BEED&BSED REVIEWER BOOKS-/A. Comprehensive LET Reviewer pdfbooksforum.com.pdf,On which educational philosophy is response #1 anchored?,,,Existentialism,,Progressivism,,Behaviorism,,Essentialism,,,,D,,Both,General Education,Needs Review,Cannot Determine,No,,0.70,Needs Review,Path explicitly groups BEED and BSED. Text extracted by OCR from scanned PDF; reviewer spot-check recommended. Correct answer sourced from detected answer key section. OCR answer-key alignment and choice text must be manually verified before upload.
419,164,37-38,A. Comprehensive LET Reviewer pdfbooksforum.com.pdf,/Users/lyndon/All reviewers/Sept2026_LET Reviewer Files/C. BEED&BSED REVIEWER BOOKS-/A. Comprehensive LET Reviewer pdfbooksforum.com.pdf,Which response/s come/s from a behaviorist?,,,#2 and #4,,#1 and #3,,#1 and #2,,#3and #4 N 32 LET Comprehensive Reviewer Based on NCBTS and Table of Specifications (TO!,,,,B,,Both,General Education,Needs Review,Cannot Determine,No,,0.70,Needs Review,Path explicitly groups BEED and BSED. Text extracted by OCR from scanned PDF; reviewer spot-check recommended. Correct answer sourced from detected answer key section. OCR answer-key alignment and choice text must be manually verified before upload.
420,165,38,A. Comprehensive LET Reviewer pdfbooksforum.com.pdf,/Users/lyndon/All reviewers/Sept2026_LET Reviewer Files/C. BEED&BSED REVIEWER BOOKS-/A. Comprehensive LET Reviewer pdfbooksforum.com.pdf,"If you lean toward a progressivist philosophy, with which response do you agree?",,,#4,,#2,,#1,,"#3 Read the following and answer questions #166 - #169 _ How a teacher relates to his/her pupils depends on his/her concept about him/ _ her. In a faculty recollection, the teachers were asked to share their thoughts of | the learner, their primary customer. What follows are the gists of what were Teacher Rona- ‘The learner is a product of his environment. Sometimes ce he has no. choice. He is determined by his environment, | Teacher Belen- The leamer can choose what he-can become despite his 2 eee rrr- Teacher Ramil- The learner is a social being who learns well through an Lo active interplay with others; | Teacher David-. The learner is a rational being, Schools should develop. | the learner's rational and moral powers.",,,,D,,Both,General Education,Needs Review,Cannot Determine,No,,0.70,Needs Review,Path explicitly groups BEED and BSED. Text extracted by OCR from scanned PDF; reviewer spot-check recommended. Correct answer sourced from detected answer key section. OCR answer-key alignment and choice text must be manually verified before upload.
421,166,38,A. Comprehensive LET Reviewer pdfbooksforum.com.pdf,/Users/lyndon/All reviewers/Sept2026_LET Reviewer Files/C. BEED&BSED REVIEWER BOOKS-/A. Comprehensive LET Reviewer pdfbooksforum.com.pdf,Whose philosophical concept is that of Teacher Rona?,,,"Behaviorist's C, Progressivist's",,Existentialist's,,,,Rationalist's,,,,B,,Both,Professional Education,Needs Review,Cannot Determine,No,,0.70,Incomplete,Path explicitly groups BEED and BSED. Text extracted by OCR from scanned PDF; reviewer spot-check recommended. Correct answer sourced from detected answer key section.
422,167,38,A. Comprehensive LET Reviewer pdfbooksforum.com.pdf,/Users/lyndon/All reviewers/Sept2026_LET Reviewer Files/C. BEED&BSED REVIEWER BOOKS-/A. Comprehensive LET Reviewer pdfbooksforum.com.pdf,"If you agree with Teacher Ramil, you are more of a/an_ ee A, progressivist",,,,,perennialist,,existentialist,,rationalist,,,,A,,Both,Professional Education,Needs Review,Cannot Determine,No,,0.70,Incomplete,Path explicitly groups BEED and BSED. Text extracted by OCR from scanned PDF; reviewer spot-check recommended. Correct answer sourced from detected answer key section.
423,168,38,A. Comprehensive LET Reviewer pdfbooksforum.com.pdf,/Users/lyndon/All reviewers/Sept2026_LET Reviewer Files/C. BEED&BSED REVIEWER BOOKS-/A. Comprehensive LET Reviewer pdfbooksforum.com.pdf,Whose response denies man's freewill?,,,Teacher Ramil's,,Teacher Belen's,,Teacher Rona's .,,Teacher David's,,,,A,,Both,General Education,Needs Review,Cannot Determine,No,,0.70,Needs Review,Path explicitly groups BEED and BSED. Text extracted by OCR from scanned PDF; reviewer spot-check recommended. Correct answer sourced from detected answer key section. OCR answer-key alignment and choice text must be manually verified before upload.
424,169,38,A. Comprehensive LET Reviewer pdfbooksforum.com.pdf,/Users/lyndon/All reviewers/Sept2026_LET Reviewer Files/C. BEED&BSED REVIEWER BOOKS-/A. Comprehensive LET Reviewer pdfbooksforum.com.pdf,"If you agree with Teacher Belen, you are more of a/an . ;",,,existentialist,,progressivist,,behaviorist,,cognitivist,,,,,,Both,Professional Education,Needs Review,Cannot Determine,No,,0.72,Needs Answer,"Path explicitly groups BEED and BSED. Text extracted by OCR from scanned PDF; reviewer spot-check recommended. OCR text contains answer-key language, but this item was not matched confidently."
425,170,38,A. Comprehensive LET Reviewer pdfbooksforum.com.pdf,/Users/lyndon/All reviewers/Sept2026_LET Reviewer Files/C. BEED&BSED REVIEWER BOOKS-/A. Comprehensive LET Reviewer pdfbooksforum.com.pdf,Which domain in the National Competency - Based Standard (NCBTS) uphold: gender sensitivity?,,,Social Regard for Learning,,Learning Environment,,Diversity of Learners,,Community Linkages',,,,,,Both,General Education,Needs Review,Cannot Determine,No,,0.72,Needs Answer,"Path explicitly groups BEED and BSED. Text extracted by OCR from scanned PDF; reviewer spot-check recommended. OCR text contains answer-key language, but this item was not matched confidently."
426,171,38-39,A. Comprehensive LET Reviewer pdfbooksforum.com.pdf,/Users/lyndon/All reviewers/Sept2026_LET Reviewer Files/C. BEED&BSED REVIEWER BOOKS-/A. Comprehensive LET Reviewer pdfbooksforum.com.pdf,Which legal basis guides the hiring of new teachers in the public schools?,,,Localization Law,,Professionalization Law,,Magna Carta for Women,,"Magna Carta for Public School Teachers PROFESSIONAL EDUCATION TEACHING. PROF., SOC. DIM. EDUC., FS, PRAC. TEACHING = 33, ee",,,,,,Both,General Education,Needs Review,Cannot Determine,No,,0.72,Needs Answer,"Path explicitly groups BEED and BSED. Text extracted by OCR from scanned PDF; reviewer spot-check recommended. OCR text contains answer-key language, but this item was not matched confidently."
427,172,39,A. Comprehensive LET Reviewer pdfbooksforum.com.pdf,/Users/lyndon/All reviewers/Sept2026_LET Reviewer Files/C. BEED&BSED REVIEWER BOOKS-/A. Comprehensive LET Reviewer pdfbooksforum.com.pdf,When a case of child abuse is filed by parents what law is applied?,,,elementary,,preschool,,high school .,,"post-secondary ,",,,,,,Both,General Education,Government,Cannot Determine,No,,0.72,Needs Answer,"Path explicitly groups BEED and BSED. Text extracted by OCR from scanned PDF; reviewer spot-check recommended. OCR text contains answer-key language, but this item was not matched confidently."
428,174,39,A. Comprehensive LET Reviewer pdfbooksforum.com.pdf,/Users/lyndon/All reviewers/Sept2026_LET Reviewer Files/C. BEED&BSED REVIEWER BOOKS-/A. Comprehensive LET Reviewer pdfbooksforum.com.pdf,"The Education Act of 1982 categorically states that it is a teacher's ""to refrain from making deductions in scholastic ratings for acts that are clearly not manifestations of poor scholarship.""",,,obligation,,right,,prerogative :,,responsibility,,,,,,Both,Professional Education,Needs Review,Cannot Determine,No,,0.72,Needs Answer,"Path explicitly groups BEED and BSED. Text extracted by OCR from scanned PDF; reviewer spot-check recommended. OCR text contains answer-key language, but this item was not matched confidently."
429,175,39,A. Comprehensive LET Reviewer pdfbooksforum.com.pdf,/Users/lyndon/All reviewers/Sept2026_LET Reviewer Files/C. BEED&BSED REVIEWER BOOKS-/A. Comprehensive LET Reviewer pdfbooksforum.com.pdf,"Who would most likely agree with the statement ""To be truly ethical, a person must have the experience of sustained responsibility for the welfare of others""?",,,Fowler,,Schaie,,Piaget,,Kohlberg,,,,,,Both,General Education,Needs Review,Cannot Determine,No,,0.72,Needs Answer,"Path explicitly groups BEED and BSED. Text extracted by OCR from scanned PDF; reviewer spot-check recommended. OCR text contains answer-key language, but this item was not matched confidently."
430,176,39,A. Comprehensive LET Reviewer pdfbooksforum.com.pdf,/Users/lyndon/All reviewers/Sept2026_LET Reviewer Files/C. BEED&BSED REVIEWER BOOKS-/A. Comprehensive LET Reviewer pdfbooksforum.com.pdf,The official title of the Philippine National Anthem is :,,,Bayang Magiliw,,Alab ng Puso,,Lupang Hinirang,,Pilipinas kong Mahal,,,,,,Both,General Education,Needs Review,Cannot Determine,No,,0.72,Needs Answer,"Path explicitly groups BEED and BSED. Text extracted by OCR from scanned PDF; reviewer spot-check recommended. OCR text contains answer-key language, but this item was not matched confidently."
431,177,39,A. Comprehensive LET Reviewer pdfbooksforum.com.pdf,/Users/lyndon/All reviewers/Sept2026_LET Reviewer Files/C. BEED&BSED REVIEWER BOOKS-/A. Comprehensive LET Reviewer pdfbooksforum.com.pdf,Which test item is in the highest level of the revised Bloom’s taxonomy of objectives?,,,Explain how a tree functions in relation to the ecosystem.,,Explain how trees receive nutrients.,,Rate three different methods of controlling tree growth.,,Write a paragraph that observes coherence unity and variety.,,,,,,Both,General Education,Assessment Tools,Cannot Determine,No,,0.72,Needs Answer,"Path explicitly groups BEED and BSED. Text extracted by OCR from scanned PDF; reviewer spot-check recommended. OCR text contains answer-key language, but this item was not matched confidently."
432,178,39,A. Comprehensive LET Reviewer pdfbooksforum.com.pdf,/Users/lyndon/All reviewers/Sept2026_LET Reviewer Files/C. BEED&BSED REVIEWER BOOKS-/A. Comprehensive LET Reviewer pdfbooksforum.com.pdf,"Upon prior consent of parents and school authorities, religion may be taught in Philippine schools .",,,within regular class hours,,after class,,during vacant period,,after recess,,,,,,Both,Professional Education,Needs Review,Cannot Determine,No,,0.72,Needs Answer,"Path explicitly groups BEED and BSED. Text extracted by OCR from scanned PDF; reviewer spot-check recommended. OCR text contains answer-key language, but this item was not matched confidently."
433,179,39-40,A. Comprehensive LET Reviewer pdfbooksforum.com.pdf,/Users/lyndon/All reviewers/Sept2026_LET Reviewer Files/C. BEED&BSED REVIEWER BOOKS-/A. Comprehensive LET Reviewer pdfbooksforum.com.pdf,Which is NOT a domain of the NCBTS?,,,Learning Environment,,Alternative learning,,Diversity of Learners,,Social Regard for Learning 34 LET Comprehensive Reviewer Based on NCBTS and Table of Specifications ros,,,,,,Both,General Education,Needs Review,Cannot Determine,No,,0.72,Needs Answer,"Path explicitly groups BEED and BSED. Text extracted by OCR from scanned PDF; reviewer spot-check recommended. OCR text contains answer-key language, but this item was not matched confidently."
434,180,40,A. Comprehensive LET Reviewer pdfbooksforum.com.pdf,/Users/lyndon/All reviewers/Sept2026_LET Reviewer Files/C. BEED&BSED REVIEWER BOOKS-/A. Comprehensive LET Reviewer pdfbooksforum.com.pdf,Scaffolding is integral to the theory of learning. |,,,behaviorist,,existentialist,,essentialist,,constructivist i,,,,,,Both,Professional Education,Needs Review,Cannot Determine,No,,0.72,Needs Answer,"Path explicitly groups BEED and BSED. Text extracted by OCR from scanned PDF; reviewer spot-check recommended. OCR text contains answer-key language, but this item was not matched confidently."
435,181,40,A. Comprehensive LET Reviewer pdfbooksforum.com.pdf,/Users/lyndon/All reviewers/Sept2026_LET Reviewer Files/C. BEED&BSED REVIEWER BOOKS-/A. Comprehensive LET Reviewer pdfbooksforum.com.pdf,Each teacher is said to be a trustee of the cultural and educational heritage of the nation and is obliged to transmit to learners such heritage. Which practice helps hinvher fulfill such obligation?,,,Observe continuing professional education and be the best teacher.,,Teach the latest instructional technology to children. |,,Teach community life and culture worth emulating.,,Supplant indigenous culture with foreign culture.,,,,,,Both,Professional Education,Needs Review,Cannot Determine,No,,0.72,Needs Answer,"Path explicitly groups BEED and BSED. Text extracted by OCR from scanned PDF; reviewer spot-check recommended. OCR text contains answer-key language, but this item was not matched confidently."
436,182,40,A. Comprehensive LET Reviewer pdfbooksforum.com.pdf,/Users/lyndon/All reviewers/Sept2026_LET Reviewer Files/C. BEED&BSED REVIEWER BOOKS-/A. Comprehensive LET Reviewer pdfbooksforum.com.pdf,"Pursuant to the provision of Article XIV, Sec. | of the Philippine Constitution, which DepEd policy may help attain the mandate that the State shall protect and promote the right of all citizens to quality education? I. Revision of the BEC II. Hiring and recruitment policy IH. Accreditation of the schools IV. Strengthen the role of educational supervisors",passage_page_40_q182,,TI and TV,,I and I,,I and Ill,,I and IV,,,,,,Both,General Education,Government,Cannot Determine,No,,0.72,Needs Answer,"Path explicitly groups BEED and BSED. Text extracted by OCR from scanned PDF; reviewer spot-check recommended. OCR text contains answer-key language, but this item was not matched confidently."
437,183,40,A. Comprehensive LET Reviewer pdfbooksforum.com.pdf,/Users/lyndon/All reviewers/Sept2026_LET Reviewer Files/C. BEED&BSED REVIEWER BOOKS-/A. Comprehensive LET Reviewer pdfbooksforum.com.pdf,"The Philippine Constitution mandates that ""religion shall be allowed to be taught in the public elementary and high schools. What is required from parents/guardians for the learners to attend religious instruction?",,,Verbal permit,,Written permit,,Text permit,,No permit needed :,,,,,,Both,Professional Education,Government,Cannot Determine,No,,0.72,Needs Answer,"Path explicitly groups BEED and BSED. Text extracted by OCR from scanned PDF; reviewer spot-check recommended. OCR text contains answer-key language, but this item was not matched confidently."
438,184,40,A. Comprehensive LET Reviewer pdfbooksforum.com.pdf,/Users/lyndon/All reviewers/Sept2026_LET Reviewer Files/C. BEED&BSED REVIEWER BOOKS-/A. Comprehensive LET Reviewer pdfbooksforum.com.pdf,Who should teach religion?,,,Designated instructors by the religious authorities,,Designated regular teachers in the school,,Contractual teachers hired by the local government,,Part time teachers paid by the PTA,,,,,,Both,General Education,Needs Review,Cannot Determine,No,,0.72,Needs Answer,"Path explicitly groups BEED and BSED. Text extracted by OCR from scanned PDF; reviewer spot-check recommended. OCR text contains answer-key language, but this item was not matched confidently."
439,185,40-41,A. Comprehensive LET Reviewer pdfbooksforum.com.pdf,/Users/lyndon/All reviewers/Sept2026_LET Reviewer Files/C. BEED&BSED REVIEWER BOOKS-/A. Comprehensive LET Reviewer pdfbooksforum.com.pdf,"In the Education Act of 1982, which is NOT a teaher’s right?",,,Free expression of opinion and suggestions,,Joining labor organizations promoting teachers’ welfare,,Free legal service for cases connected with professional duties,,"Filing anonymous complaint against superiors PROFESSIONAL EDUCATION TEACHING, PROF, SOC. DIM. EDUC. FS, PRAC. TEACHING 35, pe",,,,,,Both,General Education,Needs Review,Cannot Determine,No,,0.72,Needs Answer,"Path explicitly groups BEED and BSED. Text extracted by OCR from scanned PDF; reviewer spot-check recommended. OCR text contains answer-key language, but this item was not matched confidently."
440,186,41,A. Comprehensive LET Reviewer pdfbooksforum.com.pdf,/Users/lyndon/All reviewers/Sept2026_LET Reviewer Files/C. BEED&BSED REVIEWER BOOKS-/A. Comprehensive LET Reviewer pdfbooksforum.com.pdf,"Which are teachers! obligations? I. Accountable for the effective attainment of leaming objectives II. Render reports on performance of learners IIL. Maintain and sustain professional growth IV. Participate as an agent of social moral, intellectual and cultural change.",,,regulate,,"OL IV,V",,strengthen ; B._ professionalize,,improve I,,,,,,Both,General Education,Child Development,Cannot Determine,No,,0.72,Needs Answer,"Path explicitly groups BEED and BSED. Text extracted by OCR from scanned PDF; reviewer spot-check recommended. OCR text contains answer-key language, but this item was not matched confidently."
441,188,41,A. Comprehensive LET Reviewer pdfbooksforum.com.pdf,/Users/lyndon/All reviewers/Sept2026_LET Reviewer Files/C. BEED&BSED REVIEWER BOOKS-/A. Comprehensive LET Reviewer pdfbooksforum.com.pdf,"The language problem was identified in the studies and surveys conducted as early i as 1929, The proposal to solve the problem is the use of the __ for instruction from Grades | to 3. l",,,Enhance the role of parents as the primary caregivers and educators of their children from birth onwards. |,,Facilitate a smooth transition from care and education provided at home to community or school-based setting and primary schools. :,,Assist the LGUs in their endeavor to prepare the child for adulthood,,"Enhance the physical, social, emotional, cognitive, psychological, spiritual and language development of young children.",,,,,,Both,Professional Education,Algebra,Cannot Determine,No,,0.72,Needs Answer,"Path explicitly groups BEED and BSED. Text extracted by OCR from scanned PDF; reviewer spot-check recommended. OCR text contains answer-key language, but this item was not matched confidently."
442,190,41,A. Comprehensive LET Reviewer pdfbooksforum.com.pdf,/Users/lyndon/All reviewers/Sept2026_LET Reviewer Files/C. BEED&BSED REVIEWER BOOKS-/A. Comprehensive LET Reviewer pdfbooksforum.com.pdf,Basic education is intended to lay the foundation on which subsequent learning can be based. Which is NOT part of basic education.,,,Early childhood education,,Elementary education,,Secondary education,,Tertiary Education,,,,,,Both,Professional Education,Needs Review,Cannot Determine,No,,0.72,Needs Answer,"Path explicitly groups BEED and BSED. Text extracted by OCR from scanned PDF; reviewer spot-check recommended. OCR text contains answer-key language, but this item was not matched confidently."
443,191,41-42,A. Comprehensive LET Reviewer pdfbooksforum.com.pdf,/Users/lyndon/All reviewers/Sept2026_LET Reviewer Files/C. BEED&BSED REVIEWER BOOKS-/A. Comprehensive LET Reviewer pdfbooksforum.com.pdf,"The basic policy of the Education of 1982 or Batas Pambansa Blg. 232 is to establish and maintain a complete, adequate and integrated system of education relevant to the goals of national development. Which of the following is NOT covered by this Act?",,,Private schools,,Literacy classes,,Sunday schools,,Multigrade classes 36 LET Comprehensive Reviewer Based on NCBTS and Table of Specifications (T,,,,,,Both,General Education,Child Development,Cannot Determine,No,,0.72,Needs Answer,"Path explicitly groups BEED and BSED. Text extracted by OCR from scanned PDF; reviewer spot-check recommended. OCR text contains answer-key language, but this item was not matched confidently."
444,192,42,A. Comprehensive LET Reviewer pdfbooksforum.com.pdf,/Users/lyndon/All reviewers/Sept2026_LET Reviewer Files/C. BEED&BSED REVIEWER BOOKS-/A. Comprehensive LET Reviewer pdfbooksforum.com.pdf,"The terms ethnicity, minority, multiculturalism, and diversity are integral to th understanding of cultural proficiency in teaching. Religion is a component of cultur What constitutional provision refers to religious instruction?",,,The parents or guardians may express in writing that religion shall be allowed 1 be taught within regular hours by instructors designated or approved by thi religious authorities of the religion to which the children belong.,,Religion may be taught in Values Education/Character Education by the classroom teacher.,,Public elementary and high schools may offer religion as an optional curricular subject.,,Religion is a required subject in all private elementary and high schools. |,,,,,,Both,Professional Education,Teaching Strategies,Cannot Determine,No,,0.72,Needs Answer,"Path explicitly groups BEED and BSED. Text extracted by OCR from scanned PDF; reviewer spot-check recommended. OCR text contains answer-key language, but this item was not matched confidently."
445,193,42,A. Comprehensive LET Reviewer pdfbooksforum.com.pdf,/Users/lyndon/All reviewers/Sept2026_LET Reviewer Files/C. BEED&BSED REVIEWER BOOKS-/A. Comprehensive LET Reviewer pdfbooksforum.com.pdf,"Republic Act. No. 8491 is known as the ""Flag and Heraldic Code of the Philippines."" This Act declares that "" reverence and respect shall at all times be accorded the flag, the anthem, and other national symbols which embody the national ideals and traditions and which express the principles of sovereignty and national solidarity."" Flags which have become worn out through wear and tea shall be :",,,thrown away,,solemnly burned,,kept in storage section,,"washed, and given to schools without flags",,,,,,Both,General Education,Government,Cannot Determine,No,,0.72,Needs Answer,"Path explicitly groups BEED and BSED. Text extracted by OCR from scanned PDF; reviewer spot-check recommended. OCR text contains answer-key language, but this item was not matched confidently."
446,194,42,A. Comprehensive LET Reviewer pdfbooksforum.com.pdf,/Users/lyndon/All reviewers/Sept2026_LET Reviewer Files/C. BEED&BSED REVIEWER BOOKS-/A. Comprehensive LET Reviewer pdfbooksforum.com.pdf,What is the legal basis of shared governance in basic education?,,,"I, I and Ill",,II and Il,,Land I,,I and IT,,,,,,Both,General Education,Needs Review,Cannot Determine,No,,0.72,Needs Answer,"Path explicitly groups BEED and BSED. Text extracted by OCR from scanned PDF; reviewer spot-check recommended. OCR text contains answer-key language, but this item was not matched confidently."
447,196,42-43,A. Comprehensive LET Reviewer pdfbooksforum.com.pdf,/Users/lyndon/All reviewers/Sept2026_LET Reviewer Files/C. BEED&BSED REVIEWER BOOKS-/A. Comprehensive LET Reviewer pdfbooksforum.com.pdf,"According to Plato, ""the best life is one of contemplation of eternal truths."" Wha is an application of this thought in the classroom?",,,Make students and teachers reflect on their learning.,,Take reflective students as anti-social and unmotivated.,,Emphasize on the use of the five senses.,,"Begin your classes with a prayer. PROFESSIONAL EDUCATION TEACHING. PROF, SOC. DIM. EDUC., FS, PRAC. TEACHING 37 en",,,,,,Both,Professional Education,Needs Review,Cannot Determine,No,,0.72,Needs Answer,"Path explicitly groups BEED and BSED. Text extracted by OCR from scanned PDF; reviewer spot-check recommended. OCR text contains answer-key language, but this item was not matched confidently."
448,197,43,A. Comprehensive LET Reviewer pdfbooksforum.com.pdf,/Users/lyndon/All reviewers/Sept2026_LET Reviewer Files/C. BEED&BSED REVIEWER BOOKS-/A. Comprehensive LET Reviewer pdfbooksforum.com.pdf,"""The highest happiness is the contemplative use of the mind"", said Plato. Therefore, let us give more opportunities for our students to do :",,,introspection,,cooperative learning,,social interaction,,role playing,,,,,,Both,General Education,Needs Review,Cannot Determine,No,,0.72,Needs Answer,"Path explicitly groups BEED and BSED. Text extracted by OCR from scanned PDF; reviewer spot-check recommended. OCR text contains answer-key language, but this item was not matched confidently."
449,198,43,A. Comprehensive LET Reviewer pdfbooksforum.com.pdf,/Users/lyndon/All reviewers/Sept2026_LET Reviewer Files/C. BEED&BSED REVIEWER BOOKS-/A. Comprehensive LET Reviewer pdfbooksforum.com.pdf,Mencius believed that all people were born good. This thought on the innate goodness of people makes it easier for us to our pupils.,,,respect,,motivate,,like,,teach,,,,,,Both,General Education,Needs Review,Cannot Determine,No,,0.72,Needs Answer,"Path explicitly groups BEED and BSED. Text extracted by OCR from scanned PDF; reviewer spot-check recommended. OCR text contains answer-key language, but this item was not matched confidently."
450,199,43-44,A. Comprehensive LET Reviewer pdfbooksforum.com.pdf,/Users/lyndon/All reviewers/Sept2026_LET Reviewer Files/C. BEED&BSED REVIEWER BOOKS-/A. Comprehensive LET Reviewer pdfbooksforum.com.pdf,"When we teach our objections to fatalism and determinism, our thought goes with",,,Progressivism,,Rationalism,,Empiricism,,Existentialism 38 LET Comprehensive Reviewer Based on NCBTS and Table of Specifications ra | |,,,,,,Both,General Education,Needs Review,Cannot Determine,No,,0.72,Needs Answer,"Path explicitly groups BEED and BSED. Text extracted by OCR from scanned PDF; reviewer spot-check recommended. OCR text contains answer-key language, but this item was not matched confidently."
451,205,44,A. Comprehensive LET Reviewer pdfbooksforum.com.pdf,/Users/lyndon/All reviewers/Sept2026_LET Reviewer Files/C. BEED&BSED REVIEWER BOOKS-/A. Comprehensive LET Reviewer pdfbooksforum.com.pdf,"""Specialization is knowing more and more about less and less."" Then it is better to be | generalist, claims Teacher Rita. On which philosophy does Teacher Rita lean?",,,Essentialism,,Progressivism,,Perrenialism,,Existentialism,,,,,,Both,Professional Education,Needs Review,Cannot Determine,No,,0.72,Needs Answer,"Path explicitly groups BEED and BSED. Text extracted by OCR from scanned PDF; reviewer spot-check recommended. OCR text contains answer-key language, but this item was not matched confidently."
452,206,44,A. Comprehensive LET Reviewer pdfbooksforum.com.pdf,/Users/lyndon/All reviewers/Sept2026_LET Reviewer Files/C. BEED&BSED REVIEWER BOOKS-/A. Comprehensive LET Reviewer pdfbooksforum.com.pdf,The use of values clarification as a strategy in Values Education flows from whic! philosophy?,,,Existentialism,,Progressivism,,Essentialism,,Reconstructionism,,,,,,Both,Values Education,Ethics,Cannot Determine,No,,0.72,Needs Answer,"Path explicitly groups BEED and BSED. Text extracted by OCR from scanned PDF; reviewer spot-check recommended. OCR text contains answer-key language, but this item was not matched confidently."
453,207,44,A. Comprehensive LET Reviewer pdfbooksforum.com.pdf,/Users/lyndon/All reviewers/Sept2026_LET Reviewer Files/C. BEED&BSED REVIEWER BOOKS-/A. Comprehensive LET Reviewer pdfbooksforum.com.pdf,The practice of non-graded instruction stems from . |,,,existentialism,,reconstructionism,,essentialism,,"progressivism,",,,,,,Both,Professional Education,Teaching Strategies,Cannot Determine,No,,0.72,Needs Answer,"Path explicitly groups BEED and BSED. Text extracted by OCR from scanned PDF; reviewer spot-check recommended. OCR text contains answer-key language, but this item was not matched confidently."
454,208,44,A. Comprehensive LET Reviewer pdfbooksforum.com.pdf,/Users/lyndon/All reviewers/Sept2026_LET Reviewer Files/C. BEED&BSED REVIEWER BOOKS-/A. Comprehensive LET Reviewer pdfbooksforum.com.pdf,Who is more likely to advise you to modify your classroom environment in such 4 way that your pupils will be motivated to learn?,,,The behaviorist,,The humanist,,The cognitivist :,,The social-cognitivist,,,,,,Both,Professional Education,Needs Review,Cannot Determine,No,,0.72,Needs Answer,"Path explicitly groups BEED and BSED. Text extracted by OCR from scanned PDF; reviewer spot-check recommended. OCR text contains answer-key language, but this item was not matched confidently."
455,209,44,A. Comprehensive LET Reviewer pdfbooksforum.com.pdf,/Users/lyndon/All reviewers/Sept2026_LET Reviewer Files/C. BEED&BSED REVIEWER BOOKS-/A. Comprehensive LET Reviewer pdfbooksforum.com.pdf,"Complete this analogy: Centralization: Education Act of 1901, as decentralization: .",,,"No, only to pupils who attend on their own volition.",,"No, only to pupils whose parents express their decision in writing.",,"Yes, the teaching of religious does a lot of good to the development of children.",,"Yes, because even the Preamble of our Constitution mentions the word ""God"".",,,,,,Both,General Education,Needs Review,Cannot Determine,No,,0.72,Needs Answer,"Path explicitly groups BEED and BSED. Text extracted by OCR from scanned PDF; reviewer spot-check recommended. OCR text contains answer-key language, but this item was not matched confidently."
456,211,44,A. Comprehensive LET Reviewer pdfbooksforum.com.pdf,/Users/lyndon/All reviewers/Sept2026_LET Reviewer Files/C. BEED&BSED REVIEWER BOOKS-/A. Comprehensive LET Reviewer pdfbooksforum.com.pdf,Are elementary and secondary education compulsory for all children of school age?,,,"Yes, that is why they are free of charge.",,"Yes, for all children regardless of age.",,"No, only elementary education is compulsory.",,"No, this violates parents’ and children's right to decide what is best for them and their children.",,,,,,Both,Professional Education,Needs Review,Cannot Determine,No,,0.72,Needs Answer,"Path explicitly groups BEED and BSED. Text extracted by OCR from scanned PDF; reviewer spot-check recommended. OCR text contains answer-key language, but this item was not matched confidently."
457,212,44-45,A. Comprehensive LET Reviewer pdfbooksforum.com.pdf,/Users/lyndon/All reviewers/Sept2026_LET Reviewer Files/C. BEED&BSED REVIEWER BOOKS-/A. Comprehensive LET Reviewer pdfbooksforum.com.pdf,"Which according to RA 9155 is considered the ""heart of the formal education system""?",,,"LIL, IIL, IV and V",,"I, Il, ffl, and [V",,"I, fl, and Il",,"I, II, TH, and V",,,,,,Both,General Education,Needs Review,Cannot Determine,No,,0.72,Needs Answer,"Path explicitly groups BEED and BSED. Text extracted by OCR from scanned PDF; reviewer spot-check recommended. OCR text contains answer-key language, but this item was not matched confidently."
458,214,45,A. Comprehensive LET Reviewer pdfbooksforum.com.pdf,/Users/lyndon/All reviewers/Sept2026_LET Reviewer Files/C. BEED&BSED REVIEWER BOOKS-/A. Comprehensive LET Reviewer pdfbooksforum.com.pdf,Child A has been causing so much trouble since the start of the school year that Teacher G whipped him on the buttocks. Was Teacher G acting in accordance : with the Family Code?,,,"Yes, because the child must be taught how to be a part of a family.",,"No, however, this case is an exception.",,"Yes, because the child seems extraordinary in behavior.",,"No, in no case shall a teacher inflict corporal punishment upon the child.",,,,,,Both,Professional Education,Child Development,Cannot Determine,No,,0.72,Needs Answer,"Path explicitly groups BEED and BSED. Text extracted by OCR from scanned PDF; reviewer spot-check recommended. OCR text contains answer-key language, but this item was not matched confidently."
459,215,45,A. Comprehensive LET Reviewer pdfbooksforum.com.pdf,/Users/lyndon/All reviewers/Sept2026_LET Reviewer Files/C. BEED&BSED REVIEWER BOOKS-/A. Comprehensive LET Reviewer pdfbooksforum.com.pdf,"Which is/are a ground/s for the revocation of license? I. Immoral, unprofessional or dishonorable conduct Il. Chronic inebriety or habitual use of drugs I. Unjustified or willful failure to attend seminars, workshops, conferences or the continuing education program prescribed by the Board and the Commission",,,I only,,"I, U, and Ul",,Land I,,II only,,,,,,Both,General Education,Needs Review,Cannot Determine,No,,0.72,Needs Answer,"Path explicitly groups BEED and BSED. Text extracted by OCR from scanned PDF; reviewer spot-check recommended. OCR text contains answer-key language, but this item was not matched confidently."
460,216,45,A. Comprehensive LET Reviewer pdfbooksforum.com.pdf,/Users/lyndon/All reviewers/Sept2026_LET Reviewer Files/C. BEED&BSED REVIEWER BOOKS-/A. Comprehensive LET Reviewer pdfbooksforum.com.pdf,"Jerome Bruner taught that curriculum should revisit basic ideas and build on them, until the student grasps the full formal concept. Which curriculum is referred to?",,,Spiral curriculum,,Re-structured curriculum,,Basic curriculum,,Hidden curriculum,,,,,,Both,Curriculum Development,Learning Theories,Cannot Determine,No,,0.72,Needs Answer,"Path explicitly groups BEED and BSED. Text extracted by OCR from scanned PDF; reviewer spot-check recommended. OCR text contains answer-key language, but this item was not matched confidently."
461,217,45,A. Comprehensive LET Reviewer pdfbooksforum.com.pdf,/Users/lyndon/All reviewers/Sept2026_LET Reviewer Files/C. BEED&BSED REVIEWER BOOKS-/A. Comprehensive LET Reviewer pdfbooksforum.com.pdf,Jerome Bruner's idea that learning is constructing new ideas based on current and past knowledge is the essence of .,,,constructivist teaching,,cooperative learning,,reflective teaching,,direct instruction,,,,,,Both,Professional Education,Physics,Cannot Determine,No,,0.72,Needs Answer,"Path explicitly groups BEED and BSED. Text extracted by OCR from scanned PDF; reviewer spot-check recommended. OCR text contains answer-key language, but this item was not matched confidently."
462,218,45-46,A. Comprehensive LET Reviewer pdfbooksforum.com.pdf,/Users/lyndon/All reviewers/Sept2026_LET Reviewer Files/C. BEED&BSED REVIEWER BOOKS-/A. Comprehensive LET Reviewer pdfbooksforum.com.pdf,Jerome Bruner's idea that interest in the material being learned is the best stimulus for learning. This is in support of our efforts to develop in our students motivation.,,,intrinsic,,endless,,extrinsic,,superficial 40 LET Comprehensive Reviewer Based on NCBTS and Table of Specifications (TO!,,,,,,Both,Professional Education,Educational Psychology,Cannot Determine,No,,0.72,Needs Answer,"Path explicitly groups BEED and BSED. Text extracted by OCR from scanned PDF; reviewer spot-check recommended. OCR text contains answer-key language, but this item was not matched confidently."
463,219,46,A. Comprehensive LET Reviewer pdfbooksforum.com.pdf,/Users/lyndon/All reviewers/Sept2026_LET Reviewer Files/C. BEED&BSED REVIEWER BOOKS-/A. Comprehensive LET Reviewer pdfbooksforum.com.pdf,You make full use of the question-and-answer method as a model for discussio Who championed/advocated the question-and-answer method?,,,Socrates,,Mencius,,Lao tzu,,Mohammed,,,,,,Both,General Education,Teaching Strategies,Cannot Determine,No,,0.72,Needs Answer,"Path explicitly groups BEED and BSED. Text extracted by OCR from scanned PDF; reviewer spot-check recommended. OCR text contains answer-key language, but this item was not matched confidently."
464,220,46,A. Comprehensive LET Reviewer pdfbooksforum.com.pdf,/Users/lyndon/All reviewers/Sept2026_LET Reviewer Files/C. BEED&BSED REVIEWER BOOKS-/A. Comprehensive LET Reviewer pdfbooksforum.com.pdf,Which is the Enhanced Basic Education Act of 2013?,,,Essentialism,,Realism,,Perennialism,,Idealism,,,,,,Both,General Education,Needs Review,Cannot Determine,No,,0.72,Needs Answer,"Path explicitly groups BEED and BSED. Text extracted by OCR from scanned PDF; reviewer spot-check recommended. OCR text contains answer-key language, but this item was not matched confidently."
465,222,46,A. Comprehensive LET Reviewer pdfbooksforum.com.pdf,/Users/lyndon/All reviewers/Sept2026_LET Reviewer Files/C. BEED&BSED REVIEWER BOOKS-/A. Comprehensive LET Reviewer pdfbooksforum.com.pdf,Which philosophy emphasizes the authority of the teachers and the value of subject matter curriculum?,,,Essentialism,,Idealism,,Perennialism,,Realism,,,,,,Both,Curriculum Development,Curriculum Models,Cannot Determine,No,,0.72,Needs Answer,"Path explicitly groups BEED and BSED. Text extracted by OCR from scanned PDF; reviewer spot-check recommended. OCR text contains answer-key language, but this item was not matched confidently."
466,223,46,A. Comprehensive LET Reviewer pdfbooksforum.com.pdf,/Users/lyndon/All reviewers/Sept2026_LET Reviewer Files/C. BEED&BSED REVIEWER BOOKS-/A. Comprehensive LET Reviewer pdfbooksforum.com.pdf,"All learning should center on the child’s interests and needs. The school shoul be a pleasant place for learning. Its emphasis is on the child as the learner an not on subject matter, on activities and experience than on textbook. Whicl philosophy is described?",,,Progressivism,,Reconstructionism,,Perrenialism,,Pragmatism,,,,,,Both,Professional Education,Child Development,Cannot Determine,No,,0.72,Needs Answer,"Path explicitly groups BEED and BSED. Text extracted by OCR from scanned PDF; reviewer spot-check recommended. OCR text contains answer-key language, but this item was not matched confidently."
467,224,46,A. Comprehensive LET Reviewer pdfbooksforum.com.pdf,/Users/lyndon/All reviewers/Sept2026_LET Reviewer Files/C. BEED&BSED REVIEWER BOOKS-/A. Comprehensive LET Reviewer pdfbooksforum.com.pdf,"According to the 1987 Constitution, when should religion be taught to children in public elementary and high schools?",,,During Fridays,,After the regular class hours,,During Saturdays,,Within the regular class hour,,,,,,Both,General Education,Government,Cannot Determine,No,,0.72,Needs Answer,"Path explicitly groups BEED and BSED. Text extracted by OCR from scanned PDF; reviewer spot-check recommended. OCR text contains answer-key language, but this item was not matched confidently."
468,225,46-47,A. Comprehensive LET Reviewer pdfbooksforum.com.pdf,/Users/lyndon/All reviewers/Sept2026_LET Reviewer Files/C. BEED&BSED REVIEWER BOOKS-/A. Comprehensive LET Reviewer pdfbooksforum.com.pdf,On whose teaching is the performance of rituals or ceremonies in schools rooted,,,Confucius,,Lao tsu,,Buddha,,Mencius,,,,,,Both,General Education,Needs Review,Cannot Determine,No,,0.72,Needs Answer,"Path explicitly groups BEED and BSED. Text extracted by OCR from scanned PDF; reviewer spot-check recommended. OCR text contains answer-key language, but this item was not matched confidently."
469,231,47,A. Comprehensive LET Reviewer pdfbooksforum.com.pdf,/Users/lyndon/All reviewers/Sept2026_LET Reviewer Files/C. BEED&BSED REVIEWER BOOKS-/A. Comprehensive LET Reviewer pdfbooksforum.com.pdf,Which emphasized on non-violence as the path to true peace as discussed in peace education?,,,develop their cognitive and metacognitive powers to the fullest,,know themselves and their place in society,,re-engineer society,,acquire productive skills,,,,,,Both,General Education,Needs Review,Cannot Determine,No,,0.72,Needs Answer,"Path explicitly groups BEED and BSED. Text extracted by OCR from scanned PDF; reviewer spot-check recommended. OCR text contains answer-key language, but this item was not matched confidently."
470,233,47-48,A. Comprehensive LET Reviewer pdfbooksforum.com.pdf,/Users/lyndon/All reviewers/Sept2026_LET Reviewer Files/C. BEED&BSED REVIEWER BOOKS-/A. Comprehensive LET Reviewer pdfbooksforum.com.pdf,In which philosophy is moral education emphasized?,,,Hindu,,Shintoist,,Islamic,,Taoist 42 LET Comprehensive Reviewer Based on NCBTS and Table of Specifications (T,,,,,,Both,General Education,Ethics,Cannot Determine,No,,0.72,Needs Answer,"Path explicitly groups BEED and BSED. Text extracted by OCR from scanned PDF; reviewer spot-check recommended. OCR text contains answer-key language, but this item was not matched confidently."
471,235,48,A. Comprehensive LET Reviewer pdfbooksforum.com.pdf,/Users/lyndon/All reviewers/Sept2026_LET Reviewer Files/C. BEED&BSED REVIEWER BOOKS-/A. Comprehensive LET Reviewer pdfbooksforum.com.pdf,Science Teacher M explains global climactic changes as a result of man's abuse nature. His explanation is backed up by the ___ philosophy.,,,Hindu,,Taoist,,Confucianist,,Buddhist,,,,,,Both,Science,Needs Review,Cannot Determine,No,,0.47,Needs Review,"Path explicitly groups BEED and BSED. Text extracted by OCR from scanned PDF; reviewer spot-check recommended. OCR text contains answer-key language, but this item was not matched confidently."
472,236,48,A. Comprehensive LET Reviewer pdfbooksforum.com.pdf,/Users/lyndon/All reviewers/Sept2026_LET Reviewer Files/C. BEED&BSED REVIEWER BOOKS-/A. Comprehensive LET Reviewer pdfbooksforum.com.pdf,Who taught the Golden Rule to mankind? Confucius and,,,Mohammed,,Lao tzu,,Jesus Christ,,Mencius,,,,,,Both,General Education,Needs Review,Cannot Determine,No,,0.72,Needs Answer,"Path explicitly groups BEED and BSED. Text extracted by OCR from scanned PDF; reviewer spot-check recommended. OCR text contains answer-key language, but this item was not matched confidently."
473,237,48,A. Comprehensive LET Reviewer pdfbooksforum.com.pdf,/Users/lyndon/All reviewers/Sept2026_LET Reviewer Files/C. BEED&BSED REVIEWER BOOKS-/A. Comprehensive LET Reviewer pdfbooksforum.com.pdf,"""Moral example has a greater effect on pupils' discipline than laws and codes o punishment"" is an advice for teachers from :",,,Mohammed,,Mencius,,Lao tzu i,,Confucius,,,,,,Both,General Education,Classroom Management,Cannot Determine,No,,0.72,Needs Answer,"Path explicitly groups BEED and BSED. Text extracted by OCR from scanned PDF; reviewer spot-check recommended. OCR text contains answer-key language, but this item was not matched confidently."
474,238,48,A. Comprehensive LET Reviewer pdfbooksforum.com.pdf,/Users/lyndon/All reviewers/Sept2026_LET Reviewer Files/C. BEED&BSED REVIEWER BOOKS-/A. Comprehensive LET Reviewer pdfbooksforum.com.pdf,"One facet of understanding, an evidence of learning is perspective. Which is an indicator of perspective?",,,A bright student refuses to consider that there is another correct solution to the problem apart from hers.,,A student explains the arguments for and against the acquittal of Hubert Webb and group.,,A teacher cannot accept opinions different from hers.,,A mother cannot understand why her child’s performance is below par.,,,,,,Both,Professional Education,Needs Review,Cannot Determine,No,,0.72,Needs Answer,"Path explicitly groups BEED and BSED. Text extracted by OCR from scanned PDF; reviewer spot-check recommended. OCR text contains answer-key language, but this item was not matched confidently."
475,239,48,A. Comprehensive LET Reviewer pdfbooksforum.com.pdf,/Users/lyndon/All reviewers/Sept2026_LET Reviewer Files/C. BEED&BSED REVIEWER BOOKS-/A. Comprehensive LET Reviewer pdfbooksforum.com.pdf,Which is a corresponding duty of every individual's right to education? ;,,,To share the benefits of the education he got in whatever capacity one finds himself,,To work out his promotion based on his educational qualification.,,To help the young earn a college education,,To build a foundation for the education of people,,,,,,Both,General Education,Needs Review,Cannot Determine,No,,0.72,Needs Answer,"Path explicitly groups BEED and BSED. Text extracted by OCR from scanned PDF; reviewer spot-check recommended. OCR text contains answer-key language, but this item was not matched confidently."
476,240,48-49,A. Comprehensive LET Reviewer pdfbooksforum.com.pdf,/Users/lyndon/All reviewers/Sept2026_LET Reviewer Files/C. BEED&BSED REVIEWER BOOKS-/A. Comprehensive LET Reviewer pdfbooksforum.com.pdf,"You have the right to a just salary, but which is your corresponding duty?",,,Foster respect for human rights |,,Develop appreciation of the role of national heroes in the historical ; development of our country i,,Encourage critical and creative thinking i,,Inculcate love for world class excellence,,,,,,Both,General Education,Needs Review,Cannot Determine,No,,0.72,Needs Answer,"Path explicitly groups BEED and BSED. Text extracted by OCR from scanned PDF; reviewer spot-check recommended. OCR text contains answer-key language, but this item was not matched confidently."
477,244,49-50,A. Comprehensive LET Reviewer pdfbooksforum.com.pdf,/Users/lyndon/All reviewers/Sept2026_LET Reviewer Files/C. BEED&BSED REVIEWER BOOKS-/A. Comprehensive LET Reviewer pdfbooksforum.com.pdf,"In linc with the strengthening of ethical and spiritual values, religious instruction i shall take place in the public schools with the following conditions EXCEPT one. Which is the exception?",,,education,,science and technology,,"arts, culture, and sports",,value formation 44 LET Comprehensive Reviewer Based on NCBTS and Table of Specifications (T,,,,,,Both,Professional Education,Teaching Strategies,Cannot Determine,No,,0.72,Needs Answer,"Path explicitly groups BEED and BSED. Text extracted by OCR from scanned PDF; reviewer spot-check recommended. OCR text contains answer-key language, but this item was not matched confidently."
478,246,50,A. Comprehensive LET Reviewer pdfbooksforum.com.pdf,/Users/lyndon/All reviewers/Sept2026_LET Reviewer Files/C. BEED&BSED REVIEWER BOOKS-/A. Comprehensive LET Reviewer pdfbooksforum.com.pdf,Which curricular move(s) served to strengthen spiritual and ethical values?,,,Reducing the number of subject areas into the skill subjects,,Re-introducing Science as a subject in Grade | /,,Introduction of Values Education as a separate learning area,,Integration of creative thinking in all subjects |,,,,,,Both,General Education,Ethics,Cannot Determine,No,,0.72,Needs Answer,"Path explicitly groups BEED and BSED. Text extracted by OCR from scanned PDF; reviewer spot-check recommended. OCR text contains answer-key language, but this item was not matched confidently."
479,247,50,A. Comprehensive LET Reviewer pdfbooksforum.com.pdf,/Users/lyndon/All reviewers/Sept2026_LET Reviewer Files/C. BEED&BSED REVIEWER BOOKS-/A. Comprehensive LET Reviewer pdfbooksforum.com.pdf,"The establishment of kindergarten classes, elementary and high schools, and higher institutions of learning point to which characteristic of the Philippint educational system? |",,,Relevant,,Complete,,Integrative |,,Accessible,,,,,,Both,Professional Education,Needs Review,Cannot Determine,No,,0.72,Needs Answer,"Path explicitly groups BEED and BSED. Text extracted by OCR from scanned PDF; reviewer spot-check recommended. OCR text contains answer-key language, but this item was not matched confidently."
480,248,50,A. Comprehensive LET Reviewer pdfbooksforum.com.pdf,/Users/lyndon/All reviewers/Sept2026_LET Reviewer Files/C. BEED&BSED REVIEWER BOOKS-/A. Comprehensive LET Reviewer pdfbooksforum.com.pdf,"Under the educational service contract system implemented starting 1986-8 students not accommodated in public elementary and secondary schools because lack of classrooms, teachers and instructional materials, enroll in private school in their respective communities with the government paying for the students tuition and other fees instead of constructing additional buildings, hiring new teachers, and purchasing more teaching materials. This system is in line with which educational goal/s?",,,relevance,,access and equity,,access,,adequacy,,,,,,Both,Professional Education,Government,Cannot Determine,No,,0.72,Needs Answer,"Path explicitly groups BEED and BSED. Text extracted by OCR from scanned PDF; reviewer spot-check recommended. OCR text contains answer-key language, but this item was not matched confidently."
481,249,50,A. Comprehensive LET Reviewer pdfbooksforum.com.pdf,/Users/lyndon/All reviewers/Sept2026_LET Reviewer Files/C. BEED&BSED REVIEWER BOOKS-/A. Comprehensive LET Reviewer pdfbooksforum.com.pdf,Which was the FIRST body to perform regulatory functions over the teaching profession?,,,Civil Service Commission,,Professional Regulation Commission,,National Board for Teachers,,Board for Professional Teachers,,,,,,Both,Professional Education,Needs Review,Cannot Determine,No,,0.72,Needs Answer,"Path explicitly groups BEED and BSED. Text extracted by OCR from scanned PDF; reviewer spot-check recommended. OCR text contains answer-key language, but this item was not matched confidently."
482,250,50,A. Comprehensive LET Reviewer pdfbooksforum.com.pdf,/Users/lyndon/All reviewers/Sept2026_LET Reviewer Files/C. BEED&BSED REVIEWER BOOKS-/A. Comprehensive LET Reviewer pdfbooksforum.com.pdf,"Through the enactment of Republic Act 7836, the regulation and licensing o! teachers is now with the .",,,"Department of Education, Culture and Sports",,Commission on Higher Education,,Professional Regulation Commission,,Civil Service Commission,,,,,,Both,General Education,Government,Cannot Determine,No,,0.72,Needs Answer,"Path explicitly groups BEED and BSED. Text extracted by OCR from scanned PDF; reviewer spot-check recommended. OCR text contains answer-key language, but this item was not matched confidently."
483,251,50-51,A. Comprehensive LET Reviewer pdfbooksforum.com.pdf,/Users/lyndon/All reviewers/Sept2026_LET Reviewer Files/C. BEED&BSED REVIEWER BOOKS-/A. Comprehensive LET Reviewer pdfbooksforum.com.pdf,Maharlika University prescribed conditions for student admission. Does it have the right to deny admission to a student? :,,,"No, because education is right.",,"No, because everyone must be given access to schools.",,"Yes, in the name of academic freedom.",,"Yes, for the sake of the University's excellent performance. PROFESSIONAL EDUCATION TEACHING, PROF, SOC, DIM. EDUC, FS, PRAC. TEACHING 45,",,,,,,Both,General Education,Needs Review,Cannot Determine,No,,0.72,Needs Answer,"Path explicitly groups BEED and BSED. Text extracted by OCR from scanned PDF; reviewer spot-check recommended. OCR text contains answer-key language, but this item was not matched confidently."
484,252,51,A. Comprehensive LET Reviewer pdfbooksforum.com.pdf,/Users/lyndon/All reviewers/Sept2026_LET Reviewer Files/C. BEED&BSED REVIEWER BOOKS-/A. Comprehensive LET Reviewer pdfbooksforum.com.pdf,Approach every student/pupil as she/he is without allowing yourself to be influenced by your foreknowledge of her/his home background. This is an advice from a (an),,,rationalist,,existentialist-phenomenologist,,positivist-behaviorist,,essentialist,,,,,,Both,General Education,Needs Review,Cannot Determine,No,,0.72,Needs Answer,"Path explicitly groups BEED and BSED. Text extracted by OCR from scanned PDF; reviewer spot-check recommended. OCR text contains answer-key language, but this item was not matched confidently."
485,253,51,A. Comprehensive LET Reviewer pdfbooksforum.com.pdf,/Users/lyndon/All reviewers/Sept2026_LET Reviewer Files/C. BEED&BSED REVIEWER BOOKS-/A. Comprehensive LET Reviewer pdfbooksforum.com.pdf,Confucius asserted that in teaching there should be no distinction of classes. : Confucius’ teaching is in support of . :,,,"I, Tl and Il",,II and Hl,,J and I :,,I and Il :,,,,,,Both,General Education,Needs Review,Cannot Determine,No,,0.72,Needs Answer,"Path explicitly groups BEED and BSED. Text extracted by OCR from scanned PDF; reviewer spot-check recommended. OCR text contains answer-key language, but this item was not matched confidently."
486,256,51,A. Comprehensive LET Reviewer pdfbooksforum.com.pdf,/Users/lyndon/All reviewers/Sept2026_LET Reviewer Files/C. BEED&BSED REVIEWER BOOKS-/A. Comprehensive LET Reviewer pdfbooksforum.com.pdf,Material development at the expense of human development points to the need to do more sin school.,,,learning to be,,leaning to do,,learning to know,,learning to live together,,,,,,Both,Professional Education,Child Development,Cannot Determine,No,,0.72,Needs Answer,"Path explicitly groups BEED and BSED. Text extracted by OCR from scanned PDF; reviewer spot-check recommended. OCR text contains answer-key language, but this item was not matched confidently."
487,257,51-52,A. Comprehensive LET Reviewer pdfbooksforum.com.pdf,/Users/lyndon/All reviewers/Sept2026_LET Reviewer Files/C. BEED&BSED REVIEWER BOOKS-/A. Comprehensive LET Reviewer pdfbooksforum.com.pdf,The specialization required of every professional teacher for him/her to be competent is in line with which pillar of learning?,,,Leaming to do,,Learning to know,,Learning to be |,,Learning to live together 46 LET Comprehensive Reviewer Based on NCBTS and Table of Specifications (TO!,,,,,,Both,Professional Education,Needs Review,Cannot Determine,No,,0.72,Needs Answer,"Path explicitly groups BEED and BSED. Text extracted by OCR from scanned PDF; reviewer spot-check recommended. OCR text contains answer-key language, but this item was not matched confidently."
488,258,52,A. Comprehensive LET Reviewer pdfbooksforum.com.pdf,/Users/lyndon/All reviewers/Sept2026_LET Reviewer Files/C. BEED&BSED REVIEWER BOOKS-/A. Comprehensive LET Reviewer pdfbooksforum.com.pdf,Teaching students and adults the art of dialogue is in accordance with which pillar learning?,,,Learning to live together,,Leaming to do,,Learning to be,,Leaming to know,,,,,,Both,Professional Education,Needs Review,Cannot Determine,No,,0.72,Needs Answer,"Path explicitly groups BEED and BSED. Text extracted by OCR from scanned PDF; reviewer spot-check recommended. OCR text contains answer-key language, but this item was not matched confidently."
489,259,52,A. Comprehensive LET Reviewer pdfbooksforum.com.pdf,/Users/lyndon/All reviewers/Sept2026_LET Reviewer Files/C. BEED&BSED REVIEWER BOOKS-/A. Comprehensive LET Reviewer pdfbooksforum.com.pdf,Which pillar of learning is aimed at the wholistic development of man and hi complete fulfillment?,,,Learning to live together,,Learning to do,,Learning to be,,Learning to know,,,,,,Both,Professional Education,Child Development,Cannot Determine,No,,0.72,Needs Answer,"Path explicitly groups BEED and BSED. Text extracted by OCR from scanned PDF; reviewer spot-check recommended. OCR text contains answer-key language, but this item was not matched confidently."
490,260,52,A. Comprehensive LET Reviewer pdfbooksforum.com.pdf,/Users/lyndon/All reviewers/Sept2026_LET Reviewer Files/C. BEED&BSED REVIEWER BOOKS-/A. Comprehensive LET Reviewer pdfbooksforum.com.pdf,Inculcating the spirit of empathy among learners fulfills which pillar of learning’,,,Learning to live together,,"Learning to do C, Learning to be",,,,Learning to know,,,,,,Both,Professional Education,Needs Review,Cannot Determine,No,,0.47,Incomplete,"Path explicitly groups BEED and BSED. Text extracted by OCR from scanned PDF; reviewer spot-check recommended. OCR text contains answer-key language, but this item was not matched confidently."
491,261,52,A. Comprehensive LET Reviewer pdfbooksforum.com.pdf,/Users/lyndon/All reviewers/Sept2026_LET Reviewer Files/C. BEED&BSED REVIEWER BOOKS-/A. Comprehensive LET Reviewer pdfbooksforum.com.pdf,"Developing an understanding of life, the world around us and other people is th concern of which pillar of learning? |",,,Learning to know,,Learning to do,,Learning to be,,Learning to live together,,,,,,Both,Professional Education,Needs Review,Cannot Determine,No,,0.72,Needs Answer,"Path explicitly groups BEED and BSED. Text extracted by OCR from scanned PDF; reviewer spot-check recommended. OCR text contains answer-key language, but this item was not matched confidently."
492,262,52,A. Comprehensive LET Reviewer pdfbooksforum.com.pdf,/Users/lyndon/All reviewers/Sept2026_LET Reviewer Files/C. BEED&BSED REVIEWER BOOKS-/A. Comprehensive LET Reviewer pdfbooksforum.com.pdf,Transforming certified skills into personal competence is the concern of which pillar of learning?,,,Learning to do ‘,,Learning to know,,Learning to be,,Learning to live together,,,,,,Both,Professional Education,Needs Review,Cannot Determine,No,,0.72,Needs Answer,"Path explicitly groups BEED and BSED. Text extracted by OCR from scanned PDF; reviewer spot-check recommended. OCR text contains answer-key language, but this item was not matched confidently."
493,263,52-53,A. Comprehensive LET Reviewer pdfbooksforum.com.pdf,/Users/lyndon/All reviewers/Sept2026_LET Reviewer Files/C. BEED&BSED REVIEWER BOOKS-/A. Comprehensive LET Reviewer pdfbooksforum.com.pdf,"With the four pillars of education from UNESCO Commission on Education in mind, which correspond/s to the affective domain? I. Learning to live together II. Learning to be TH. Learning to do",,,| and II,,II and III,,"I, IL and If :",,I and Il,,to motivate ‘ students to study well. ',,,,Both,Professional Education,Needs Review,Cannot Determine,No,,0.72,Needs Answer,"Path explicitly groups BEED and BSED. Text extracted by OCR from scanned PDF; reviewer spot-check recommended. OCR text contains answer-key language, but this item was not matched confidently."
494,266,53,A. Comprehensive LET Reviewer pdfbooksforum.com.pdf,/Users/lyndon/All reviewers/Sept2026_LET Reviewer Files/C. BEED&BSED REVIEWER BOOKS-/A. Comprehensive LET Reviewer pdfbooksforum.com.pdf,Teacher Delia openly criticizes before her class the school's policy on school uniform. Which ethical principle is violated?,,,Respect for authority,,Respect for colleagues,,Respect for learners,,Respect for institution,,,,,,Both,Professional Education,Needs Review,Cannot Determine,No,,0.72,Needs Answer,"Path explicitly groups BEED and BSED. Text extracted by OCR from scanned PDF; reviewer spot-check recommended. OCR text contains answer-key language, but this item was not matched confidently."
495,267,53-54,A. Comprehensive LET Reviewer pdfbooksforum.com.pdf,/Users/lyndon/All reviewers/Sept2026_LET Reviewer Files/C. BEED&BSED REVIEWER BOOKS-/A. Comprehensive LET Reviewer pdfbooksforum.com.pdf,What does the ethical principle of content competence include? 1. Creative delivery of subject matter II. Updated in content Ill. Subject matter competence ; IV. Competence in other related areas,,,"I, I and Ul CIE only",,I and Ill,,"I, If, Il and IV",,| and II 48 LET Comprehensive Reviewer Based on NCBTS and Table of Specifications (T,,,,,,Both,General Education,Needs Review,Cannot Determine,No,,0.72,Needs Answer,"Path explicitly groups BEED and BSED. Text extracted by OCR from scanned PDF; reviewer spot-check recommended. OCR text contains answer-key language, but this item was not matched confidently."
496,269,54,A. Comprehensive LET Reviewer pdfbooksforum.com.pdf,/Users/lyndon/All reviewers/Sept2026_LET Reviewer Files/C. BEED&BSED REVIEWER BOOKS-/A. Comprehensive LET Reviewer pdfbooksforum.com.pdf,Which type of assessment is in accordance with the ethical principle of stude assessment? I. Valid Il. Reliable Il. Electronically done,,,I and II,,II and III,,"I, I and Tl",,I and Tl,,,,,,Both,Assessment of Learning,Assessment Tools,Cannot Determine,No,,0.72,Needs Answer,"Path explicitly groups BEED and BSED. Text extracted by OCR from scanned PDF; reviewer spot-check recommended. OCR text contains answer-key language, but this item was not matched confidently."
497,270,54,A. Comprehensive LET Reviewer pdfbooksforum.com.pdf,/Users/lyndon/All reviewers/Sept2026_LET Reviewer Files/C. BEED&BSED REVIEWER BOOKS-/A. Comprehensive LET Reviewer pdfbooksforum.com.pdf,Teacher Tess is directed to pass an undeserving student with a death threat. Whicl advice will a hedonist give?,,,"Pass the student. That will be of use to the student, his parents and yo B Pass the student. Why suffer the threat?",,,,"Don't pass him. Live by your principle of justice. You will get reward, i not in this life, in the next!",,Don't pass him. You surely will not like someone to give you a death threat in order to pass.,,,,,,Both,Professional Education,Needs Review,Cannot Determine,No,,0.47,Incomplete,"Path explicitly groups BEED and BSED. Text extracted by OCR from scanned PDF; reviewer spot-check recommended. OCR text contains answer-key language, but this item was not matched confidently."
498,271,54,A. Comprehensive LET Reviewer pdfbooksforum.com.pdf,/Users/lyndon/All reviewers/Sept2026_LET Reviewer Files/C. BEED&BSED REVIEWER BOOKS-/A. Comprehensive LET Reviewer pdfbooksforum.com.pdf,Teacher Dina is directed to pass an undeserving student with a death threat. Whic advice will a utilitarian give?,,,"Pass the student. That will be of use to the student, his parents and yo!",,Pass the student. Why suffer the threat?,,"Don't pass him. Live by your principle of justice. You will get reward, i not in this life, in the next!",,Don't pass him. You surely will not like someone to give you a death | threat in order to pass.,,,,,,Both,Professional Education,Needs Review,Cannot Determine,No,,0.72,Needs Answer,"Path explicitly groups BEED and BSED. Text extracted by OCR from scanned PDF; reviewer spot-check recommended. OCR text contains answer-key language, but this item was not matched confidently."
499,272,54-56,A. Comprehensive LET Reviewer pdfbooksforum.com.pdf,/Users/lyndon/All reviewers/Sept2026_LET Reviewer Files/C. BEED&BSED REVIEWER BOOKS-/A. Comprehensive LET Reviewer pdfbooksforum.com.pdf,A student complains to you about his failing grade in the first grading period. You recompute and indeed you find a significant error in his grade computation: Your decision is not to accept the erroneous computation for fear that you may lose credibility. Is this morally right?,,,"Yes, the poor students are benefited.",,"No, the end does not justify the means.",,"Yes, the amount is little compared to the millions of pesos stolen by corrupt government officials.",,"Yes, she is not the only one benefited by her action. 50 LET Comprehensive Reviewer Based on NCBTS and Table of Specifications (T",,,,,,Both,General Education,Needs Review,Cannot Determine,No,,0.72,Needs Answer,"Path explicitly groups BEED and BSED. Text extracted by OCR from scanned PDF; reviewer spot-check recommended. OCR text contains answer-key language, but this item was not matched confidently."
500,277,56,A. Comprehensive LET Reviewer pdfbooksforum.com.pdf,/Users/lyndon/All reviewers/Sept2026_LET Reviewer Files/C. BEED&BSED REVIEWER BOOKS-/A. Comprehensive LET Reviewer pdfbooksforum.com.pdf,"In time of war, soldiers must be ready to give up their lives in defense of the nation Which principle is applied?",,,Nobler person- God before man,,Closer relationship- Friends before strangers,,"More common good- Public safety before private safety D, Wider social order- Family before individual |",,,,,,,,Both,General Education,Needs Review,Cannot Determine,No,,0.47,Incomplete,"Path explicitly groups BEED and BSED. Text extracted by OCR from scanned PDF; reviewer spot-check recommended. OCR text contains answer-key language, but this item was not matched confidently."
501,278,56,A. Comprehensive LET Reviewer pdfbooksforum.com.pdf,/Users/lyndon/All reviewers/Sept2026_LET Reviewer Files/C. BEED&BSED REVIEWER BOOKS-/A. Comprehensive LET Reviewer pdfbooksforum.com.pdf,To ear MA units for promotion you pay your tuition fee but don't attend class all. Does this help you grow professionally?,,,"No, it is simply earning MA units for promotion. |",,Not immediately but yes once | get promoted.,,"Yes, just enrolling in an MA program is already professional growth. D, It depends on the school I am enrolled in.",,,,,,,,Both,General Education,Needs Review,Cannot Determine,No,,0.47,Incomplete,"Path explicitly groups BEED and BSED. Text extracted by OCR from scanned PDF; reviewer spot-check recommended. OCR text contains answer-key language, but this item was not matched confidently."
502,279,56,A. Comprehensive LET Reviewer pdfbooksforum.com.pdf,/Users/lyndon/All reviewers/Sept2026_LET Reviewer Files/C. BEED&BSED REVIEWER BOOKS-/A. Comprehensive LET Reviewer pdfbooksforum.com.pdf,A student often bullies his classmates and misbehaves but he passess his periodi tests and participates in class activities. What is the responsibility of the teacher i this case?,,,Report the student’s behavior to the principal. |,,Deduct points for behavior from the scholastic ratings.,,Refer the misbehavior to the Values Education/CERC teacher. | :,,Write an anecdotal record to the guidance counselor.,,,,,,Both,Professional Education,Needs Review,Cannot Determine,No,,0.72,Needs Answer,"Path explicitly groups BEED and BSED. Text extracted by OCR from scanned PDF; reviewer spot-check recommended. OCR text contains answer-key language, but this item was not matched confidently."
503,280,56,A. Comprehensive LET Reviewer pdfbooksforum.com.pdf,/Users/lyndon/All reviewers/Sept2026_LET Reviewer Files/C. BEED&BSED REVIEWER BOOKS-/A. Comprehensive LET Reviewer pdfbooksforum.com.pdf,The pupil has not paid the Boy Scout membership fee at the time of distribu of the report card. Can the teacher refuse to give the report card to the parent? |,,,"No, if it’s not a PTA policy.",,"Yes, if it’s a school policy.",,"Yes, certainly.",,"No, definitely.",,,,,,Both,Professional Education,Needs Review,Cannot Determine,No,,0.72,Needs Answer,"Path explicitly groups BEED and BSED. Text extracted by OCR from scanned PDF; reviewer spot-check recommended. OCR text contains answer-key language, but this item was not matched confidently."
504,281,56,A. Comprehensive LET Reviewer pdfbooksforum.com.pdf,/Users/lyndon/All reviewers/Sept2026_LET Reviewer Files/C. BEED&BSED REVIEWER BOOKS-/A. Comprehensive LET Reviewer pdfbooksforum.com.pdf,A country’s values education program is based on the philosophy of “understanding the human person.” This philosophy is best illustrated by a curriculum that is . ‘,,question_image_page_56_q281,learner-centered,,driven by spirituality,,focused on social needs,,prescribed by teachers,,,,,,Both,Curriculum Development,Curriculum Models,Cannot Determine,Yes,,0.47,Needs Image Extraction,"Path explicitly groups BEED and BSED. Text extracted by OCR from scanned PDF; reviewer spot-check recommended. OCR text contains answer-key language, but this item was not matched confidently. Scanned source page has visual-reference language; crop must be reviewed/extracted manually."
505,282,56,A. Comprehensive LET Reviewer pdfbooksforum.com.pdf,/Users/lyndon/All reviewers/Sept2026_LET Reviewer Files/C. BEED&BSED REVIEWER BOOKS-/A. Comprehensive LET Reviewer pdfbooksforum.com.pdf,The Code of Ethics stipulates that the accountability of teachers includes his/her participation in :,,,community linkages °,,teaching of religion,,political activities,,continuing professional education,,,,,,Both,General Education,Ethics,Cannot Determine,No,,0.72,Needs Answer,"Path explicitly groups BEED and BSED. Text extracted by OCR from scanned PDF; reviewer spot-check recommended. OCR text contains answer-key language, but this item was not matched confidently."
506,283,56-57,A. Comprehensive LET Reviewer pdfbooksforum.com.pdf,/Users/lyndon/All reviewers/Sept2026_LET Reviewer Files/C. BEED&BSED REVIEWER BOOKS-/A. Comprehensive LET Reviewer pdfbooksforum.com.pdf,A teacher shall transact all official business through .,,,"I, I, III, IV",,II and Ill,,"I, HL, IV",,I and IV,,,,,,Both,Professional Education,Needs Review,Cannot Determine,No,,0.72,Needs Answer,"Path explicitly groups BEED and BSED. Text extracted by OCR from scanned PDF; reviewer spot-check recommended. OCR text contains answer-key language, but this item was not matched confidently."
507,289,57-58,A. Comprehensive LET Reviewer pdfbooksforum.com.pdf,/Users/lyndon/All reviewers/Sept2026_LET Reviewer Files/C. BEED&BSED REVIEWER BOOKS-/A. Comprehensive LET Reviewer pdfbooksforum.com.pdf,Which is NOT an element of a high-morale environment?,,,Support personal growth,,Develop prejudice for a group,,Foster sense of accomplishment,,Promote sense of belonging | 52 LET Comprehensive Reviewer Based on NCBTS and Table of Specifications (TO eee,,,,,,Both,General Education,Chemistry,Cannot Determine,No,,0.72,Needs Answer,"Path explicitly groups BEED and BSED. Text extracted by OCR from scanned PDF; reviewer spot-check recommended. OCR text contains answer-key language, but this item was not matched confidently."
508,290,58,A. Comprehensive LET Reviewer pdfbooksforum.com.pdf,/Users/lyndon/All reviewers/Sept2026_LET Reviewer Files/C. BEED&BSED REVIEWER BOOKS-/A. Comprehensive LET Reviewer pdfbooksforum.com.pdf,"Which of the following is demonstrated when the teachers conduct themselves witl respect, maintaining proper ethics and decorum inside and outside the classroom?",,,Professionalism,,Quality teaching and efficiency,,Service and commitment,,Personal achievement and self-worth,,,,,,Both,Professional Education,Ethics,Cannot Determine,No,,0.72,Needs Answer,"Path explicitly groups BEED and BSED. Text extracted by OCR from scanned PDF; reviewer spot-check recommended. OCR text contains answer-key language, but this item was not matched confidently."
509,291,58,A. Comprehensive LET Reviewer pdfbooksforum.com.pdf,/Users/lyndon/All reviewers/Sept2026_LET Reviewer Files/C. BEED&BSED REVIEWER BOOKS-/A. Comprehensive LET Reviewer pdfbooksforum.com.pdf,The Code of Ethics for Professional Teachers stipulates that educational institution shall offer quality education for all Filipino citizens. How is quality educatiot defined in R.,,,leader in the community,,change agent,,responsible citizen,,facilitator of learning,,,,,,Both,Filipino,Ethics,Cannot Determine,No,,0.72,Needs Answer,"Path explicitly groups BEED and BSED. Text extracted by OCR from scanned PDF; reviewer spot-check recommended. OCR text contains answer-key language, but this item was not matched confidently."
510,293,58,A. Comprehensive LET Reviewer pdfbooksforum.com.pdf,/Users/lyndon/All reviewers/Sept2026_LET Reviewer Files/C. BEED&BSED REVIEWER BOOKS-/A. Comprehensive LET Reviewer pdfbooksforum.com.pdf,Which action of the teacher is inimical to the declared policies of the state?,,,Investigative studies supportive of government programs,,Conducting studies to enhance reforms,,Sharing research results against the state,,Enjoying academic freedom,,,,,,Both,Professional Education,Needs Review,Cannot Determine,No,,0.72,Needs Answer,"Path explicitly groups BEED and BSED. Text extracted by OCR from scanned PDF; reviewer spot-check recommended. OCR text contains answer-key language, but this item was not matched confidently."
511,294,58-59,A. Comprehensive LET Reviewer pdfbooksforum.com.pdf,/Users/lyndon/All reviewers/Sept2026_LET Reviewer Files/C. BEED&BSED REVIEWER BOOKS-/A. Comprehensive LET Reviewer pdfbooksforum.com.pdf,A teacher shall behave with honor and dignity at all times. What activities shoulé he/she refrain from indulging? I. Gambling II. Smoking Ill. Illicit relations IV. Lotto betting,,,marks,,evaluation,,performance :,,results,,,,,,Both,Professional Education,Needs Review,Cannot Determine,No,,0.72,Needs Answer,"Path explicitly groups BEED and BSED. Text extracted by OCR from scanned PDF; reviewer spot-check recommended. OCR text contains answer-key language, but this item was not matched confidently."
512,300,59-60,A. Comprehensive LET Reviewer pdfbooksforum.com.pdf,/Users/lyndon/All reviewers/Sept2026_LET Reviewer Files/C. BEED&BSED REVIEWER BOOKS-/A. Comprehensive LET Reviewer pdfbooksforum.com.pdf,A teacher has the right to engage in legitimate income generation? Which is/are : NOT legitimate income generation? : I. Turtoring one’s own pupil in school for a fee : II. Giving remedial teaching for a slow learner in class for a fee III. Selling books to parents of failing pupils for a commission F,,,I only,,II only,,III only,,"I, I and I 54 LET Comprehensive Reviewer Based on NCBTS and Table of Specifications",,,,,,Both,Professional Education,Needs Review,Cannot Determine,No,,0.72,Needs Answer,"Path explicitly groups BEED and BSED. Text extracted by OCR from scanned PDF; reviewer spot-check recommended. OCR text contains answer-key language, but this item was not matched confidently."
513,301,60,A. Comprehensive LET Reviewer pdfbooksforum.com.pdf,/Users/lyndon/All reviewers/Sept2026_LET Reviewer Files/C. BEED&BSED REVIEWER BOOKS-/A. Comprehensive LET Reviewer pdfbooksforum.com.pdf,What disciplinary actions are imposed on teachers violating the provisions of the Code Ethics? I. Revocation of the Certificate of Registration and License IL Suspension from the practice of teaching Ill. Cancellation of temporary or special permit.,,,IT only,,"I, I, Il",,I only,,I and II |,,,,,,Both,General Education,Ethics,Cannot Determine,No,,0.72,Needs Answer,"Path explicitly groups BEED and BSED. Text extracted by OCR from scanned PDF; reviewer spot-check recommended. OCR text contains answer-key language, but this item was not matched confidently."
514,302,60,A. Comprehensive LET Reviewer pdfbooksforum.com.pdf,/Users/lyndon/All reviewers/Sept2026_LET Reviewer Files/C. BEED&BSED REVIEWER BOOKS-/A. Comprehensive LET Reviewer pdfbooksforum.com.pdf,The Code of Ethics stipulates that the accountability of teachers includes his participation in :,,,community linkages,,teaching religion,,political activities,,continuing professional education,,,,,,Both,General Education,Ethics,Cannot Determine,No,,0.72,Needs Answer,"Path explicitly groups BEED and BSED. Text extracted by OCR from scanned PDF; reviewer spot-check recommended. OCR text contains answer-key language, but this item was not matched confidently."
515,303,60,A. Comprehensive LET Reviewer pdfbooksforum.com.pdf,/Users/lyndon/All reviewers/Sept2026_LET Reviewer Files/C. BEED&BSED REVIEWER BOOKS-/A. Comprehensive LET Reviewer pdfbooksforum.com.pdf,"Ranking of teacher applicants based on LET rating, college GPA, demo teachii interview, etc. is in accordance with the hiring principle of :",,,meritocracy,,selective retention,,selective admission to the profession |,,aristocracy |,,,,,,Both,Professional Education,Needs Review,Cannot Determine,No,,0.72,Needs Answer,"Path explicitly groups BEED and BSED. Text extracted by OCR from scanned PDF; reviewer spot-check recommended. OCR text contains answer-key language, but this item was not matched confidently."
516,304,60,A. Comprehensive LET Reviewer pdfbooksforum.com.pdf,/Users/lyndon/All reviewers/Sept2026_LET Reviewer Files/C. BEED&BSED REVIEWER BOOKS-/A. Comprehensive LET Reviewer pdfbooksforum.com.pdf,"In a PTA meeting where contribution for a PTA fund raising project wa discussed, a parent with three children enrolled in the school pleaded that sh may not be charged the total of P900 (since each child is asked P300) because | was beyond her financial capacity. The teacher adviser answered, ""Marami kal kayong anak; wala na tayong magawa dyan!"" To maintain your cordial relation with parents, which could be the BEST answer?",,,"""We understand your plight. Let's find out how we can help. Do ya have any proposal?”",,"""This was agreed upon by all of you. This amount did not come frot me nor from any one. Unless everyone in this meeting now changes hit her mind.”",,"""We feel for you. But agreement is agreement unless we erase what w agreed upon from the very start.""",,"""It may be quite late to raise the question. This should have been raise in the first meeting.""",,,,,,Both,Professional Education,Child Development,Cannot Determine,No,,0.72,Needs Answer,"Path explicitly groups BEED and BSED. Text extracted by OCR from scanned PDF; reviewer spot-check recommended. OCR text contains answer-key language, but this item was not matched confidently."
517,305,60-62,A. Comprehensive LET Reviewer pdfbooksforum.com.pdf,/Users/lyndon/All reviewers/Sept2026_LET Reviewer Files/C. BEED&BSED REVIEWER BOOKS-/A. Comprehensive LET Reviewer pdfbooksforum.com.pdf,A male teacher has photography as sideline. He offers his photography service with discount during school functions like intramurals. Is this ethical?,,,Find out why he is delinquent and extend the needed assistance in solving his difficulties.,,Make the extra work that he is asking extremely difficult for him to i learn a lesson.,,"Give him the extra work he is asking then if he passes quality work, give him a passing mark.",,Give an easy extra work so he can really be helped to pass. 56 LET Comprehensive Reviewer Based on NCBTS and Table of Specifications (T,,,,,,Both,Professional Education,Needs Review,Cannot Determine,No,,0.72,Needs Answer,"Path explicitly groups BEED and BSED. Text extracted by OCR from scanned PDF; reviewer spot-check recommended. OCR text contains answer-key language, but this item was not matched confidently."
518,310,62,A. Comprehensive LET Reviewer pdfbooksforum.com.pdf,/Users/lyndon/All reviewers/Sept2026_LET Reviewer Files/C. BEED&BSED REVIEWER BOOKS-/A. Comprehensive LET Reviewer pdfbooksforum.com.pdf,Teacher L does not agree with one legitimate school policy in a memoramdum of school head. What is ethical for him to do?,,,Discuss the policy in class and insinuate to the students his sentiment against the policy. |,,Openly express his disagreement against that legitimate policy for he | cannot be hypocrite.,,Seek audience with school head to persuade them to abandon such policy.,,"Exert an honest effort to understand, support the legitimate policy and request for an audience with the school head.",,,,,,Both,Professional Education,Needs Review,Cannot Determine,No,,0.72,Needs Answer,"Path explicitly groups BEED and BSED. Text extracted by OCR from scanned PDF; reviewer spot-check recommended. OCR text contains answer-key language, but this item was not matched confidently."
519,311,62,A. Comprehensive LET Reviewer pdfbooksforum.com.pdf,/Users/lyndon/All reviewers/Sept2026_LET Reviewer Files/C. BEED&BSED REVIEWER BOOKS-/A. Comprehensive LET Reviewer pdfbooksforum.com.pdf,"According to the Code of Ethics for Professional Teachers, upon which are appointments/promotions/transfers made?",,,Merit and need,,Health,,Exigency of the service,,Civil status,,,,,,Both,General Education,Ethics,Cannot Determine,No,,0.72,Needs Answer,"Path explicitly groups BEED and BSED. Text extracted by OCR from scanned PDF; reviewer spot-check recommended. OCR text contains answer-key language, but this item was not matched confidently."
520,312,62,A. Comprehensive LET Reviewer pdfbooksforum.com.pdf,/Users/lyndon/All reviewers/Sept2026_LET Reviewer Files/C. BEED&BSED REVIEWER BOOKS-/A. Comprehensive LET Reviewer pdfbooksforum.com.pdf,"Is there anything unbecoming when teachers sell all sorts of merchandise in school during class hours? I No, there is none. Better to earn money from one's honest labor. Il. Yes, there is. Every teacher should use class hours for teaching. IIL None, as long as classes are not disrupted.",,,Tl only,,T only,,I and Il,,TI only,,,,,,Both,Professional Education,Needs Review,Cannot Determine,No,,0.72,Needs Answer,"Path explicitly groups BEED and BSED. Text extracted by OCR from scanned PDF; reviewer spot-check recommended. OCR text contains answer-key language, but this item was not matched confidently."
521,313,62,A. Comprehensive LET Reviewer pdfbooksforum.com.pdf,/Users/lyndon/All reviewers/Sept2026_LET Reviewer Files/C. BEED&BSED REVIEWER BOOKS-/A. Comprehensive LET Reviewer pdfbooksforum.com.pdf,To create a creativity-inducing environment one should encourage .,,,recognition of failures,,rules of conformity,,spontaneity by publicity,,competition and division,,,,,,Both,General Education,Needs Review,Cannot Determine,No,,0.72,Needs Answer,"Path explicitly groups BEED and BSED. Text extracted by OCR from scanned PDF; reviewer spot-check recommended. OCR text contains answer-key language, but this item was not matched confidently."
522,314,62,A. Comprehensive LET Reviewer pdfbooksforum.com.pdf,/Users/lyndon/All reviewers/Sept2026_LET Reviewer Files/C. BEED&BSED REVIEWER BOOKS-/A. Comprehensive LET Reviewer pdfbooksforum.com.pdf,What teacher development strategy should characterize a program for upgrading the skills of a non-science major to teach physics? I. Research-based Il. Theory based . Ill. Practice-based IV. Content-based,,,I and III,,II and III,,II and IV,,I and IV,,,,,,Both,Science,Child Development,Cannot Determine,No,,0.72,Needs Answer,"Path explicitly groups BEED and BSED. Text extracted by OCR from scanned PDF; reviewer spot-check recommended. OCR text contains answer-key language, but this item was not matched confidently."
523,315,62-65,A. Comprehensive LET Reviewer pdfbooksforum.com.pdf,/Users/lyndon/All reviewers/Sept2026_LET Reviewer Files/C. BEED&BSED REVIEWER BOOKS-/A. Comprehensive LET Reviewer pdfbooksforum.com.pdf,"Which activity is characterized by a relationship of mutual trust and respect, with individuals agreeing to observe each other's teaching and solving problems together?",,,"B I. (2006)“The National Competency Based Teacher Standards and the Preservice Teacher Education System” A paper presented during the PAFTE Conference, October 16 Mibao, P. P. et al. The Teaching Profession. Philippines: Lorimar Publishing Co., : 2006. Deliard, S. et al. (1997). Starting Small. Teaching Tolerance in Pre School and the { Early Grader by Teaching Tolerance. A Project of Southern Poverty Law ' Center. taney. S. R. (2004) The 8"" Habit USA: Franklin-Covey Co. ij feeen. P. et al (2001) Educational Psychology: Windows on - Classrooms. USA: i Prentice Hall, Inc. . bern Learning Courses Handbook. (2006) Philippines: Department of Education and Teacher Education Council field Experience Handbook. Growing Teachers Program: A Program of Excellence in i Teacher Preparation. USA: Montgomery College-Schoo! of Education i Rockville Campus, 2006. jarnal of World Teachers Day (Action: ILO, El, UNESCO) best ILO/UNESCO Committee of Experts on the Application of the : Recommendation Concerning the Status of Teachers. Clause 27 of the UNESCO Recommendation 1999. Preto. et al (2009). Social Dimensions of Education (Revised Edition). Lorimar Pub. Inc. Report of a South East Asian Seminar on Policy Actions and Social Dialogue for Improved Teachers Status and Professionalism in Achieving EFA Goals: Chaing Mai, Thailand 13-15 August 2003. Wiseman,",,219. A 259. C 299. C 180. D 220. A 260. A 300. D 181. C 221. D 261. A 301. B 182. C 222. A 262. A 302. D 183. B 223. A 263. C 303. A 184. A 224. D 264. A 304. A 185. D 225. C 265. C 305. A 186. C 226. B 266. A 306. A 187. B 227. B 267. A 307. A 188. A 228. B 268. A 308. D 189. C 229. A 269. A 309. A 190. D 230. C 270. B 310. D 191. C 231. A 271. A 311. A 192. A 232. B 272. A 312. A 193. B 233. A 273. Co 313. C 194. C 234. A 274. A 314. C° 195. A 235. B 275. A,,Peer evaluation,,"L. et. al. (1999) Becoming a Teacher in a Field-Based Setting: An Introduction to Education and Classrooms. USA: Wadsworth Publishing Co 58 LET Comprehensive Reviewer Based on NCBTS and Table of Specifications ( ANSWER KEY Teaching Profession, Social Dimensions of Education, Field Study, Practice Teaching : lL oA 40. B 79. A 18. D 2. C 41. B 80. D 119. C 3. B 42, A 81. C 120. A 4. °C 43. A 82. A 121. A 5. D 44, A 83. A 122, A 6 A 45. A 84. B 123. B 7. B 46. C 85. A 124. A 8 OA 47. A 86. C 125. A 9 C 48. C 87. D 126. D 10. A 49. D 88. C 127. A il. Cc 50. A 89. A 128. A 12. B 51. D 90. A 129. D 13. B 52. A OL A 130. A 14. C 53. A 92. C 131A 15. D 54. D 93. C 132. C 16. B 55. A 94. B 133. A 17. B 56. A 95. A 134. A 18. A 57. A 96. D 135. A 19. A 58. B 97. B 136. C 20. D 59. A 98. D 137. A 21. A 60. C 99, A 138. B 22. A ol. B 100. A 139. C 23. C 62. D 101. A 140. D 24. B 63. A 102. C 141. D 25. A 64. C 103. C 142. B 26. B 65. C 104. A 143. A 27, A 66. A 105. C 144. A 28. A 67, A 106. C 145. B 29. D 68. C 107. C 146. C 30. A 69. D 108. D 147. A 31. D 70. D 109. D 148. A 32. A 7m. 110. C 149. D 33. A 2. A Wh A 150. A 34. D 73. A 112. C 151. A 35. C 4, C 113. D 152. A 36. A 75. B 114. D 153. B 37. B 76. D 5. A 154. A 38. A 77. B 116. A 155. C 39. B 72. D 117. A 156. D ROFESSIONAL EDUCATION TEACHING. PROF, SOC. DIM. EDUC., FS, PRAC. TEACHING 59 ne ANSWER KEY 157. A 197. A 237. D 277. D 158. A 198. A 238. B 278. A 159. C 199. A 239. A 279. C 160. A 200. C 240. C 280. A 161. A 201. A 241. D 281. A 162. D 202. B 242. A 282. D 163. C 203. A 243. D 283. B 164. B 204. A 244. D 284. C 165. A 205. C 245. D 285. B 166. A 206. B 246. C 286. A 167. A 207. D 247. B 287. A 168. C 208. A 248. B 288. A 169. A 209. A 249. C 289. B 170. B 210. B 250. C 290. A 171. A 211. C 251. C 291. A 172. A 212. D 252. B 292. D 173. A 213. A 253. A 293. C 174. A 214. D 254. A 294. B 175. D 215. B 255. A 295. C 176. C 216. A 256. A 296. D 177. D 217. A 257. B 297. B 178. A 218. A 258. A 298. D 179.",,,,,,Both,General Education,Needs Review,Cannot Determine,No,,0.72,Needs Answer,"Path explicitly groups BEED and BSED. Text extracted by OCR from scanned PDF; reviewer spot-check recommended. OCR text contains answer-key language, but this item was not matched confidently."
524,315,65-116,A. Comprehensive LET Reviewer pdfbooksforum.com.pdf,/Users/lyndon/All reviewers/Sept2026_LET Reviewer Files/C. BEED&BSED REVIEWER BOOKS-/A. Comprehensive LET Reviewer pdfbooksforum.com.pdf,"B 196. A 236. C 276. B 60 LET Comprehensive Reviewer Based on NCBTS and Table of Specifications (TO | DEVELOPMENTAL READING FIELDSTUDY, 8 ENG materials and technology, classroom management techniques appropriate for a choson subjectarea = | 22 Apply appropriate approaches to lesson planning =» 69H eo lr as well as ttaditional and alternative teaching strategies. | 24 Align curriculum components to instruction and 5% | 25 Distinguish the roles of stakeholders (students; = | --_eachers; employers; parents; and communityy = i Meter chi cm | 28 Use activities that enhance critical, creative md - Meaenereine eee llc DFESSIONAL EDUCATION PRIN, OF TEACHING, EDUC. TECH., CURRI DEV, DEV. READING, FS,PT 6] ft Employ activities, teaching methods, instructional materials and technology, Mrs. Lim wants to generate as many ideas as she can as the class is about to embark on a community outreach program. Which of the following will she employ? '",,question_image_page_65_q315,to discipline children by focusing their attention to the lesson,,as a motivational tool for learning,,to reward children for outstanding achievement,,as part of a planned lesson,,,,,,Both,Curriculum Development,Curriculum Models,Cannot Determine,Yes,,0.47,Needs Image Extraction,"Path explicitly groups BEED and BSED. Text extracted by OCR from scanned PDF; reviewer spot-check recommended. OCR text contains answer-key language, but this item was not matched confidently. Scanned source page has visual-reference language; crop must be reviewed/extracted manually."
525,315,116,A. Comprehensive LET Reviewer pdfbooksforum.com.pdf,/Users/lyndon/All reviewers/Sept2026_LET Reviewer Files/C. BEED&BSED REVIEWER BOOKS-/A. Comprehensive LET Reviewer pdfbooksforum.com.pdf,"According to research, persons learn best with what they .",,,sinell and taste,,see and hear,,hear and touch,,touch and taste,,,,,,Both,General Education,Needs Review,Cannot Determine,No,,0.72,Needs Answer,"Path explicitly groups BEED and BSED. Text extracted by OCR from scanned PDF; reviewer spot-check recommended. OCR text contains answer-key language, but this item was not matched confidently."
526,316,116,A. Comprehensive LET Reviewer pdfbooksforum.com.pdf,/Users/lyndon/All reviewers/Sept2026_LET Reviewer Files/C. BEED&BSED REVIEWER BOOKS-/A. Comprehensive LET Reviewer pdfbooksforum.com.pdf,"Assuming that the following are possible, which activity will be most appropriate if the teacher wants to have a first-hand knowledge of a marine community?",,,Educational trip,,Viewing exhibits,,Film viewing,,Still pictures,,,,,,Both,Professional Education,Needs Review,Cannot Determine,No,,0.72,Needs Answer,"Path explicitly groups BEED and BSED. Text extracted by OCR from scanned PDF; reviewer spot-check recommended. OCR text contains answer-key language, but this item was not matched confidently."
527,317,116,A. Comprehensive LET Reviewer pdfbooksforum.com.pdf,/Users/lyndon/All reviewers/Sept2026_LET Reviewer Files/C. BEED&BSED REVIEWER BOOKS-/A. Comprehensive LET Reviewer pdfbooksforum.com.pdf,Teacher C wants to develop moral reasoning among her pupils. Which one should be employed?,,,Concept mapping,,Moral Dilemma,,Game,,Brainstorming,,,,,,Both,Professional Education,Ethics,Cannot Determine,No,,0.72,Needs Answer,"Path explicitly groups BEED and BSED. Text extracted by OCR from scanned PDF; reviewer spot-check recommended. OCR text contains answer-key language, but this item was not matched confidently."
528,318,116,A. Comprehensive LET Reviewer pdfbooksforum.com.pdf,/Users/lyndon/All reviewers/Sept2026_LET Reviewer Files/C. BEED&BSED REVIEWER BOOKS-/A. Comprehensive LET Reviewer pdfbooksforum.com.pdf,Teacher D wants to develop moral reasoning among her pupils. Which one should she employ?,,,Conflict stories,,Games,,Simulation,,Concept Mapping,,,,,,Both,Professional Education,Ethics,Cannot Determine,No,,0.72,Needs Answer,"Path explicitly groups BEED and BSED. Text extracted by OCR from scanned PDF; reviewer spot-check recommended. OCR text contains answer-key language, but this item was not matched confidently."
529,319,116,A. Comprehensive LET Reviewer pdfbooksforum.com.pdf,/Users/lyndon/All reviewers/Sept2026_LET Reviewer Files/C. BEED&BSED REVIEWER BOOKS-/A. Comprehensive LET Reviewer pdfbooksforum.com.pdf,Teacher E wants to develop the listening ability of her pupils. Which should he do less?,,,"Conducting oral tests ,",,Asking pupils to paraphrase previous pupils’ responses,,Repeating questions and students’ responses,,Using lecture method,,,,,,Both,Professional Education,Needs Review,Cannot Determine,No,,0.72,Needs Answer,"Path explicitly groups BEED and BSED. Text extracted by OCR from scanned PDF; reviewer spot-check recommended. OCR text contains answer-key language, but this item was not matched confidently."
530,320,116-117,A. Comprehensive LET Reviewer pdfbooksforum.com.pdf,/Users/lyndon/All reviewers/Sept2026_LET Reviewer Files/C. BEED&BSED REVIEWER BOOKS-/A. Comprehensive LET Reviewer pdfbooksforum.com.pdf,A big story breaks in your local newspaper. You want to use the headline as an inquiry device. You might begin by .,,,explaining what you believe to be the underlying causes,,asking the class to infer connotations and denotatiosn from the headline,,describing the background of the story as you know it,,"showing the headline and then asking for a volunteer to read the story to the class and interpret the meaning Se | PROFESSIONAL EDUCATION PRIN. OF TEACHING, EDUC. TECH., CURRI. DEV., DEV. READING, FS, PT 11]",,,,,,Both,General Education,Needs Review,Cannot Determine,No,,0.72,Needs Answer,"Path explicitly groups BEED and BSED. Text extracted by OCR from scanned PDF; reviewer spot-check recommended. OCR text contains answer-key language, but this item was not matched confidently."
531,321,117,A. Comprehensive LET Reviewer pdfbooksforum.com.pdf,/Users/lyndon/All reviewers/Sept2026_LET Reviewer Files/C. BEED&BSED REVIEWER BOOKS-/A. Comprehensive LET Reviewer pdfbooksforum.com.pdf,"In a problem-solving model, questions concerning events or data are .",,,asked by the teacher and answered by the students,,answered by the teacher in detail,,raised by the students,,limited to two questions per student,,,,,,Both,General Education,Needs Review,Cannot Determine,No,,0.72,Needs Answer,"Path explicitly groups BEED and BSED. Text extracted by OCR from scanned PDF; reviewer spot-check recommended. OCR text contains answer-key language, but this item was not matched confidently."
532,322,117,A. Comprehensive LET Reviewer pdfbooksforum.com.pdf,/Users/lyndon/All reviewers/Sept2026_LET Reviewer Files/C. BEED&BSED REVIEWER BOOKS-/A. Comprehensive LET Reviewer pdfbooksforum.com.pdf,"Miss Carlos is an elementary grades teacher in a rural community not reached by electricity yet, but she has some tapes which can be useful to teach the topics on weather. What practical audio-visual material should she use instead ?",,,Pictures,,Powerpoint presentation,,Films,,Transparencies,,,,,,Both,Professional Education,Earth Science,Cannot Determine,No,,0.72,Needs Answer,"Path explicitly groups BEED and BSED. Text extracted by OCR from scanned PDF; reviewer spot-check recommended. OCR text contains answer-key language, but this item was not matched confidently."
533,323,117,A. Comprehensive LET Reviewer pdfbooksforum.com.pdf,/Users/lyndon/All reviewers/Sept2026_LET Reviewer Files/C. BEED&BSED REVIEWER BOOKS-/A. Comprehensive LET Reviewer pdfbooksforum.com.pdf,"A group of six years old children were seated on the floor ,facing a classroom TV set and viewing a film entitled Romeo and Juliet. Teacher Ann, thought that it would be nice to let her children see one of the best stories ever told. What rule in the selection of the multi-media did she violate?",passage_page_117_q323,,Practicality of the activity,,Appropriateness of the film,,Objectivity of the activity,,Suitability to activity,,,,,,Both,Technology and Livelihood Education,Needs Review,Cannot Determine,No,,0.72,Needs Answer,"Path explicitly groups BEED and BSED. Text extracted by OCR from scanned PDF; reviewer spot-check recommended. OCR text contains answer-key language, but this item was not matched confidently."
534,324,117,A. Comprehensive LET Reviewer pdfbooksforum.com.pdf,/Users/lyndon/All reviewers/Sept2026_LET Reviewer Files/C. BEED&BSED REVIEWER BOOKS-/A. Comprehensive LET Reviewer pdfbooksforum.com.pdf,Which of the following belongs to projected media?,,,Realias,,Flannel boards,,Filmstrips,,Field trips,,,,,,Both,General Education,Needs Review,Cannot Determine,No,,0.72,Needs Answer,"Path explicitly groups BEED and BSED. Text extracted by OCR from scanned PDF; reviewer spot-check recommended. OCR text contains answer-key language, but this item was not matched confidently."
535,325,117,A. Comprehensive LET Reviewer pdfbooksforum.com.pdf,/Users/lyndon/All reviewers/Sept2026_LET Reviewer Files/C. BEED&BSED REVIEWER BOOKS-/A. Comprehensive LET Reviewer pdfbooksforum.com.pdf,What teaching method can best be taught by the use of computers?,,,Role playing,,Debate,,Panel Discussion,,Individualized Instruction,,,,,,Both,General Education,Teaching Strategies,Cannot Determine,No,,0.72,Needs Answer,"Path explicitly groups BEED and BSED. Text extracted by OCR from scanned PDF; reviewer spot-check recommended. OCR text contains answer-key language, but this item was not matched confidently."
536,326,117,A. Comprehensive LET Reviewer pdfbooksforum.com.pdf,/Users/lyndon/All reviewers/Sept2026_LET Reviewer Files/C. BEED&BSED REVIEWER BOOKS-/A. Comprehensive LET Reviewer pdfbooksforum.com.pdf,Most classes are taught as a whole group. This structure of classroom grouping usually caters to .,,,average learners,,both fast and average learners,,fast learners,,slow learners only,,,,,,Both,Professional Education,Needs Review,Cannot Determine,No,,0.72,Needs Answer,"Path explicitly groups BEED and BSED. Text extracted by OCR from scanned PDF; reviewer spot-check recommended. OCR text contains answer-key language, but this item was not matched confidently."
537,327,117,A. Comprehensive LET Reviewer pdfbooksforum.com.pdf,/Users/lyndon/All reviewers/Sept2026_LET Reviewer Files/C. BEED&BSED REVIEWER BOOKS-/A. Comprehensive LET Reviewer pdfbooksforum.com.pdf,"In determining the strategy or method of teaching to carry out the objective of the lesson, the preparedness of the teacher should be considered. It implies that the teacher should :",,,master the subject matter,,enjoy the lesson,,call the attention of the learners,,give many homeworks,,,,,,Both,Professional Education,Teaching Strategies,Cannot Determine,No,,0.72,Needs Answer,"Path explicitly groups BEED and BSED. Text extracted by OCR from scanned PDF; reviewer spot-check recommended. OCR text contains answer-key language, but this item was not matched confidently."
538,328,117-118,A. Comprehensive LET Reviewer pdfbooksforum.com.pdf,/Users/lyndon/All reviewers/Sept2026_LET Reviewer Files/C. BEED&BSED REVIEWER BOOKS-/A. Comprehensive LET Reviewer pdfbooksforum.com.pdf,Curriculum is defined as the total learning experiences of the children in school. Which part of curriculum will assure these experiences?,,,Cooperative learning,,Distance education,,Investigatory project,,Sandwich program,,,,,,Both,Curriculum Development,Curriculum Models,Cannot Determine,No,,0.72,Needs Answer,"Path explicitly groups BEED and BSED. Text extracted by OCR from scanned PDF; reviewer spot-check recommended. OCR text contains answer-key language, but this item was not matched confidently."
539,330,118,A. Comprehensive LET Reviewer pdfbooksforum.com.pdf,/Users/lyndon/All reviewers/Sept2026_LET Reviewer Files/C. BEED&BSED REVIEWER BOOKS-/A. Comprehensive LET Reviewer pdfbooksforum.com.pdf,Which of the following innovations in education and curriculum utilizes educational technology as its primary delivery?,,,Understanding by Design,,Mother Tongue-Based Multiligual Education,,IcEXCELS,,School Bridging Program,,,,,,Both,Educational Technology,Curriculum Models,Cannot Determine,No,,0.72,Needs Answer,"Path explicitly groups BEED and BSED. Text extracted by OCR from scanned PDF; reviewer spot-check recommended. OCR text contains answer-key language, but this item was not matched confidently."
540,331,118,A. Comprehensive LET Reviewer pdfbooksforum.com.pdf,/Users/lyndon/All reviewers/Sept2026_LET Reviewer Files/C. BEED&BSED REVIEWER BOOKS-/A. Comprehensive LET Reviewer pdfbooksforum.com.pdf,Time-tested methods are as effective as modern methods of teaching even if these are traditional. Which of the following methods is time-tested?,,,Inductive method,,"Cooperative learning method -D, Problem-Based Learning",,Integrated teaching,,,,,,,,Both,General Education,Needs Review,Cannot Determine,No,,0.47,Incomplete,"Path explicitly groups BEED and BSED. Text extracted by OCR from scanned PDF; reviewer spot-check recommended. OCR text contains answer-key language, but this item was not matched confidently."
541,332,118,A. Comprehensive LET Reviewer pdfbooksforum.com.pdf,/Users/lyndon/All reviewers/Sept2026_LET Reviewer Files/C. BEED&BSED REVIEWER BOOKS-/A. Comprehensive LET Reviewer pdfbooksforum.com.pdf,Which are the most important concerns about the use of ICT in instruction? T. Developing appropriate curriculum materials that allow students to construct meaning and develop knowledge through the use of ICT IL Devising strategies to meaningfully integrate technology into the curriculum Ill. Using pedagogical skills related to technology IV. Providing teachers with skills for using software applications,,,[and III,,II and II,,TIT and IV,,"1, I, Wl and IV",,,,,,Both,Curriculum Development,Vocabulary,Cannot Determine,No,,0.72,Needs Answer,"Path explicitly groups BEED and BSED. Text extracted by OCR from scanned PDF; reviewer spot-check recommended. OCR text contains answer-key language, but this item was not matched confidently."
542,333,118,A. Comprehensive LET Reviewer pdfbooksforum.com.pdf,/Users/lyndon/All reviewers/Sept2026_LET Reviewer Files/C. BEED&BSED REVIEWER BOOKS-/A. Comprehensive LET Reviewer pdfbooksforum.com.pdf,Which are the basic components of a curriculum design?,,,"Standards, learning competencies and evaluation ;",,"Assessment, teaching strategies and textbooks",,"Philosophy, goals and objectives",,"Content, structure and delivery",,,,,,Both,Curriculum Development,Curriculum Models,Cannot Determine,No,,0.72,Needs Answer,"Path explicitly groups BEED and BSED. Text extracted by OCR from scanned PDF; reviewer spot-check recommended. OCR text contains answer-key language, but this item was not matched confidently."
543,334,118-119,A. Comprehensive LET Reviewer pdfbooksforum.com.pdf,/Users/lyndon/All reviewers/Sept2026_LET Reviewer Files/C. BEED&BSED REVIEWER BOOKS-/A. Comprehensive LET Reviewer pdfbooksforum.com.pdf,Which of the following statements BEST describes metacognition as a strategy for curriculum augmentation?,,,It is learning how to learn and thinking about how one thinks.,,It is learning strategies for success,,It is learning through interaction with the environment.,,"It is learning through computer-aided instruction. PROFESSIONAL EDUCATION PRIN. OF TEACHING, EDUC. TECH., CURR, DEV, DEV, READING, FS,PT 1 {3 la",,,,,,Both,Curriculum Development,Curriculum Models,Cannot Determine,No,,0.72,Needs Answer,"Path explicitly groups BEED and BSED. Text extracted by OCR from scanned PDF; reviewer spot-check recommended. OCR text contains answer-key language, but this item was not matched confidently."
544,335,119,A. Comprehensive LET Reviewer pdfbooksforum.com.pdf,/Users/lyndon/All reviewers/Sept2026_LET Reviewer Files/C. BEED&BSED REVIEWER BOOKS-/A. Comprehensive LET Reviewer pdfbooksforum.com.pdf,"Which of the following should be considered in managing the pre-school program in public schools? I. Cooperation of PTCA II. Technical assistance by DSWD IIL Provision of teacher training IV. Provision of facilities, materials and equipment AJ, II and Il",,,,,"I, II and IV",,"I, Tf and IV",,"I, I and IV",,,,,,Both,Professional Education,Needs Review,Cannot Determine,No,,0.47,Incomplete,"Path explicitly groups BEED and BSED. Text extracted by OCR from scanned PDF; reviewer spot-check recommended. OCR text contains answer-key language, but this item was not matched confidently."
545,336,119,A. Comprehensive LET Reviewer pdfbooksforum.com.pdf,/Users/lyndon/All reviewers/Sept2026_LET Reviewer Files/C. BEED&BSED REVIEWER BOOKS-/A. Comprehensive LET Reviewer pdfbooksforum.com.pdf,Mrs. Santos wants to determine immediately the learning difficulties of her . students. Which of the following do you expect her to undertake?,,,Require her students to prepare a portfolio.,,Administer an achievement test.,,Administer a diagnostic test.,,Interview her students.,,,,,,Both,Professional Education,Needs Review,Cannot Determine,No,,0.72,Needs Answer,"Path explicitly groups BEED and BSED. Text extracted by OCR from scanned PDF; reviewer spot-check recommended. OCR text contains answer-key language, but this item was not matched confidently."
546,337,119,A. Comprehensive LET Reviewer pdfbooksforum.com.pdf,/Users/lyndon/All reviewers/Sept2026_LET Reviewer Files/C. BEED&BSED REVIEWER BOOKS-/A. Comprehensive LET Reviewer pdfbooksforum.com.pdf,"Which statement(s) is/are NOT true about teaching, learning and assessment? I. Curriculum and assessment are a little but related. II. Assessment is separate from curriculum and instruction. IIL. Assessment is a basis for planning instruction. IV. The process of learning is as important as the content of the curriculum",,,L only,,II only,,Land IL,,TI and Il,,,,,,Both,Assessment of Learning,Assessment Tools,Cannot Determine,No,,0.72,Needs Answer,"Path explicitly groups BEED and BSED. Text extracted by OCR from scanned PDF; reviewer spot-check recommended. OCR text contains answer-key language, but this item was not matched confidently."
547,338,119-120,A. Comprehensive LET Reviewer pdfbooksforum.com.pdf,/Users/lyndon/All reviewers/Sept2026_LET Reviewer Files/C. BEED&BSED REVIEWER BOOKS-/A. Comprehensive LET Reviewer pdfbooksforum.com.pdf,"Instead of assigning our students to discuss how to write a good editorial, ask them to write one for the school organ. Which principle underlies this practice?",,,The exclusion of Pluto as a planet,,The meaning of the law of supply and demand,,The law of inertia,,Rules on subject-verb agreement 114 LET Comprehensive Reviewer Based on NCBTS and Table of Specifications (TOS) ST Oorvervrer-e-e-e - ee eS peCHcalions (WNe!,,,,,,Both,Professional Education,Needs Review,Cannot Determine,No,,0.72,Needs Answer,"Path explicitly groups BEED and BSED. Text extracted by OCR from scanned PDF; reviewer spot-check recommended. OCR text contains answer-key language, but this item was not matched confidently."
548,340,120,A. Comprehensive LET Reviewer pdfbooksforum.com.pdf,/Users/lyndon/All reviewers/Sept2026_LET Reviewer Files/C. BEED&BSED REVIEWER BOOKS-/A. Comprehensive LET Reviewer pdfbooksforum.com.pdf,"Teacher F asks one student, ""Rachel, can you summarize what we have Just read? Remember, the title of this section of the chapter.” This an example of a teachers effort at :",passage_page_120_q340,,scaffolding,,inspiring,,directing,,giving feedback,,,,,,Both,Professional Education,Needs Review,Cannot Determine,No,,0.72,Needs Answer,"Path explicitly groups BEED and BSED. Text extracted by OCR from scanned PDF; reviewer spot-check recommended. OCR text contains answer-key language, but this item was not matched confidently."
549,341,120,A. Comprehensive LET Reviewer pdfbooksforum.com.pdf,/Users/lyndon/All reviewers/Sept2026_LET Reviewer Files/C. BEED&BSED REVIEWER BOOKS-/A. Comprehensive LET Reviewer pdfbooksforum.com.pdf,Which technique makes your students teach and learn at the same time?,,,Peer teaching,,Computer-assisted instruction,,Reciprocal teaching,,Debate,,,,,,Both,General Education,Needs Review,Cannot Determine,No,,0.72,Needs Answer,"Path explicitly groups BEED and BSED. Text extracted by OCR from scanned PDF; reviewer spot-check recommended. OCR text contains answer-key language, but this item was not matched confidently."
550,342,120,A. Comprehensive LET Reviewer pdfbooksforum.com.pdf,/Users/lyndon/All reviewers/Sept2026_LET Reviewer Files/C. BEED&BSED REVIEWER BOOKS-/A. Comprehensive LET Reviewer pdfbooksforum.com.pdf,Which technique in cooperative learning is used when new information is divided equally among all group members and each student teaches his/her portion to the other group members? ',,,Round table,,Think-Pair-Share,,Round robin,,Jigsaw,,,,,,Both,Professional Education,Needs Review,Cannot Determine,No,,0.72,Needs Answer,"Path explicitly groups BEED and BSED. Text extracted by OCR from scanned PDF; reviewer spot-check recommended. OCR text contains answer-key language, but this item was not matched confidently."
551,343,120,A. Comprehensive LET Reviewer pdfbooksforum.com.pdf,/Users/lyndon/All reviewers/Sept2026_LET Reviewer Files/C. BEED&BSED REVIEWER BOOKS-/A. Comprehensive LET Reviewer pdfbooksforum.com.pdf,"For value education, which technique is most appropriate? i",,,Conflict story,,Simulation,,Brainstorming,,Panel discussion,,,,,,Both,General Education,Needs Review,Cannot Determine,No,,0.72,Needs Answer,"Path explicitly groups BEED and BSED. Text extracted by OCR from scanned PDF; reviewer spot-check recommended. OCR text contains answer-key language, but this item was not matched confidently."
552,344,120,A. Comprehensive LET Reviewer pdfbooksforum.com.pdf,/Users/lyndon/All reviewers/Sept2026_LET Reviewer Files/C. BEED&BSED REVIEWER BOOKS-/A. Comprehensive LET Reviewer pdfbooksforum.com.pdf,"When you teach skills that are critical to the learning of the next topics, which should you employ?",,,Mastery leaning,,Expository instruction,,Discovery learning,,Inquiry method |,,,,,,Both,Professional Education,Needs Review,Cannot Determine,No,,0.72,Needs Answer,"Path explicitly groups BEED and BSED. Text extracted by OCR from scanned PDF; reviewer spot-check recommended. OCR text contains answer-key language, but this item was not matched confidently."
553,346,120-121,A. Comprehensive LET Reviewer pdfbooksforum.com.pdf,/Users/lyndon/All reviewers/Sept2026_LET Reviewer Files/C. BEED&BSED REVIEWER BOOKS-/A. Comprehensive LET Reviewer pdfbooksforum.com.pdf,"Your objective is to make your students who cannot yet work independently, practice | using new information with the help of a classmate who is able and capable. Which | will you make use of? |",,,Cooperative learning,,Direct instruction,,Computer-based instruction |,,Expository instruction,,,,,,Both,General Education,Needs Review,Cannot Determine,No,,0.72,Needs Answer,"Path explicitly groups BEED and BSED. Text extracted by OCR from scanned PDF; reviewer spot-check recommended. OCR text contains answer-key language, but this item was not matched confidently."
554,348,121,A. Comprehensive LET Reviewer pdfbooksforum.com.pdf,/Users/lyndon/All reviewers/Sept2026_LET Reviewer Files/C. BEED&BSED REVIEWER BOOKS-/A. Comprehensive LET Reviewer pdfbooksforum.com.pdf,"If you want your students to develop reading comprehension and learning strategies, | which one should you employ? |",,,Decontextualized teaching,,Apprenticeship,,Authentic problem solving,,Learning as it normally occurs,,,,,,Both,Professional Education,Needs Review,Cannot Determine,No,,0.72,Needs Answer,"Path explicitly groups BEED and BSED. Text extracted by OCR from scanned PDF; reviewer spot-check recommended. OCR text contains answer-key language, but this item was not matched confidently."
555,350,121,A. Comprehensive LET Reviewer pdfbooksforum.com.pdf,/Users/lyndon/All reviewers/Sept2026_LET Reviewer Files/C. BEED&BSED REVIEWER BOOKS-/A. Comprehensive LET Reviewer pdfbooksforum.com.pdf,In which the document are the contents of each subject in the elementary level contained?,,,Minimum Learning Competencies (MLC),,K to 12 Curriculum Guide,,DepEd Competencies,,Elementary Learning Competencies (ELC),,,,,,Both,General Education,Needs Review,Cannot Determine,No,,0.72,Needs Answer,"Path explicitly groups BEED and BSED. Text extracted by OCR from scanned PDF; reviewer spot-check recommended. OCR text contains answer-key language, but this item was not matched confidently."
556,351,121,A. Comprehensive LET Reviewer pdfbooksforum.com.pdf,/Users/lyndon/All reviewers/Sept2026_LET Reviewer Files/C. BEED&BSED REVIEWER BOOKS-/A. Comprehensive LET Reviewer pdfbooksforum.com.pdf,Which primary factor is considered in designing the curriculum?,,,The objectives,,The learners,,The materials,,The assessment,,,,,,Both,Curriculum Development,Curriculum Models,Cannot Determine,No,,0.72,Needs Answer,"Path explicitly groups BEED and BSED. Text extracted by OCR from scanned PDF; reviewer spot-check recommended. OCR text contains answer-key language, but this item was not matched confidently."
557,352,121-122,A. Comprehensive LET Reviewer pdfbooksforum.com.pdf,/Users/lyndon/All reviewers/Sept2026_LET Reviewer Files/C. BEED&BSED REVIEWER BOOKS-/A. Comprehensive LET Reviewer pdfbooksforum.com.pdf,Why must lesson objectives and course objectives in the syllabi be aligned with the aims of education as embodied in the Philippine Constitution?,,,To learn more about the Constitution of our country,,To develop mission-inspired citizens,,To facilitate a faster and better learning,,"To instill the ideals and goals of the country 116 LET Comprehensive Reviewer Based on NCBTS and Table of Specifications (TOS) Read this dialogue and answer question #353. | “Would you tell me which way T ought to go from here?” asked Alice, | “That depends a good deal on where you want ogo.” said the cat",,,,,,Both,General Education,Government,Cannot Determine,No,,0.72,Needs Answer,"Path explicitly groups BEED and BSED. Text extracted by OCR from scanned PDF; reviewer spot-check recommended. OCR text contains answer-key language, but this item was not matched confidently."
558,353,122,A. Comprehensive LET Reviewer pdfbooksforum.com.pdf,/Users/lyndon/All reviewers/Sept2026_LET Reviewer Files/C. BEED&BSED REVIEWER BOOKS-/A. Comprehensive LET Reviewer pdfbooksforum.com.pdf,What is an implication of this on instructional objectives?,,,Objectives provide guides on questioning techniques.,,"With specific objectives ,the lesson becomes more focused.",,Objectives are open to students comments on the lesson.,,"With cognitive objectives, the affective domain is assured.",,,,,,Both,General Education,Needs Review,Cannot Determine,No,,0.72,Needs Answer,"Path explicitly groups BEED and BSED. Text extracted by OCR from scanned PDF; reviewer spot-check recommended. OCR text contains answer-key language, but this item was not matched confidently."
559,354,122,A. Comprehensive LET Reviewer pdfbooksforum.com.pdf,/Users/lyndon/All reviewers/Sept2026_LET Reviewer Files/C. BEED&BSED REVIEWER BOOKS-/A. Comprehensive LET Reviewer pdfbooksforum.com.pdf,"Instructional objectives in the affective domain includes receiving, responding. valuing. The highest level is .",,,acceptance or preference,,selective attention or willingness to receive,,sequence or feelings of satisfaction,,conceptualization of a value system,,,,,,Both,General Education,Needs Review,Cannot Determine,No,,0.72,Needs Answer,"Path explicitly groups BEED and BSED. Text extracted by OCR from scanned PDF; reviewer spot-check recommended. OCR text contains answer-key language, but this item was not matched confidently."
560,355,122,A. Comprehensive LET Reviewer pdfbooksforum.com.pdf,/Users/lyndon/All reviewers/Sept2026_LET Reviewer Files/C. BEED&BSED REVIEWER BOOKS-/A. Comprehensive LET Reviewer pdfbooksforum.com.pdf,Cooperative learning approach makes use of a classroom organization where students work in teams to help each other learn. What mode of grouping can facilitate the skill and values desired?,,,Large group,,Homogeneous,,Heterogeneous,,Competitive,,,,,,Both,Professional Education,Statistics,Cannot Determine,No,,0.72,Needs Answer,"Path explicitly groups BEED and BSED. Text extracted by OCR from scanned PDF; reviewer spot-check recommended. OCR text contains answer-key language, but this item was not matched confidently."
561,356,122,A. Comprehensive LET Reviewer pdfbooksforum.com.pdf,/Users/lyndon/All reviewers/Sept2026_LET Reviewer Files/C. BEED&BSED REVIEWER BOOKS-/A. Comprehensive LET Reviewer pdfbooksforum.com.pdf,"The cycle in curriculum planning constitutes three fundamental elements. The goals and objectives, followed by the body of learning experiences and resources (methodologies) and ends with a/an :",,,revision of methods,,reconsideration of the goals,,assessment of outcomes,,orientation for next activities,,,,,,Both,Curriculum Development,Curriculum Models,Cannot Determine,No,,0.72,Needs Answer,"Path explicitly groups BEED and BSED. Text extracted by OCR from scanned PDF; reviewer spot-check recommended. OCR text contains answer-key language, but this item was not matched confidently."
562,357,122-123,A. Comprehensive LET Reviewer pdfbooksforum.com.pdf,/Users/lyndon/All reviewers/Sept2026_LET Reviewer Files/C. BEED&BSED REVIEWER BOOKS-/A. Comprehensive LET Reviewer pdfbooksforum.com.pdf,"To educate students for intellectual performance, they must be taught that knowledge is built ""from the",,,concrete,,in-depth,,general,,abstract,,,,,,Both,General Education,Needs Review,Cannot Determine,No,,0.72,Needs Answer,"Path explicitly groups BEED and BSED. Text extracted by OCR from scanned PDF; reviewer spot-check recommended. OCR text contains answer-key language, but this item was not matched confidently."
563,359,123,A. Comprehensive LET Reviewer pdfbooksforum.com.pdf,/Users/lyndon/All reviewers/Sept2026_LET Reviewer Files/C. BEED&BSED REVIEWER BOOKS-/A. Comprehensive LET Reviewer pdfbooksforum.com.pdf,Central to the design approach in UBD is the need to that evoke in-depth understanding.,,,focus on alternative methods of assessing,,use alternative methods of teaching :,,go against traditional testing.,,design lessons and assessment,,,,,,Both,General Education,Curriculum Models,Cannot Determine,No,,0.72,Needs Answer,"Path explicitly groups BEED and BSED. Text extracted by OCR from scanned PDF; reviewer spot-check recommended. OCR text contains answer-key language, but this item was not matched confidently."
564,360,123,A. Comprehensive LET Reviewer pdfbooksforum.com.pdf,/Users/lyndon/All reviewers/Sept2026_LET Reviewer Files/C. BEED&BSED REVIEWER BOOKS-/A. Comprehensive LET Reviewer pdfbooksforum.com.pdf,When a student is asked to draw conclusion from a group of given data what cognitive domain is involved?,,,Analysis,,Evaluation,,Application,,Synthesis -,,,,,,Both,General Education,Educational Psychology,Cannot Determine,No,,0.72,Needs Answer,"Path explicitly groups BEED and BSED. Text extracted by OCR from scanned PDF; reviewer spot-check recommended. OCR text contains answer-key language, but this item was not matched confidently."
565,361,123,A. Comprehensive LET Reviewer pdfbooksforum.com.pdf,/Users/lyndon/All reviewers/Sept2026_LET Reviewer Files/C. BEED&BSED REVIEWER BOOKS-/A. Comprehensive LET Reviewer pdfbooksforum.com.pdf,The process of task analysis ends up in the formulation of :,,,instructional objectives,,goals of learning,,enabling objectives,,behavioural objectives,,,,,,Both,General Education,Needs Review,Cannot Determine,No,,0.72,Needs Answer,"Path explicitly groups BEED and BSED. Text extracted by OCR from scanned PDF; reviewer spot-check recommended. OCR text contains answer-key language, but this item was not matched confidently."
566,362,123,A. Comprehensive LET Reviewer pdfbooksforum.com.pdf,/Users/lyndon/All reviewers/Sept2026_LET Reviewer Files/C. BEED&BSED REVIEWER BOOKS-/A. Comprehensive LET Reviewer pdfbooksforum.com.pdf,“What kind of world would we have if there were no music?” is an example of which type of question?,,,Descriptive,,Explanatory,,synthesizing,,Open-ended,,,,,,Both,Music,Needs Review,Cannot Determine,No,,0.72,Needs Answer,"Path explicitly groups BEED and BSED. Text extracted by OCR from scanned PDF; reviewer spot-check recommended. OCR text contains answer-key language, but this item was not matched confidently."
567,363,123,A. Comprehensive LET Reviewer pdfbooksforum.com.pdf,/Users/lyndon/All reviewers/Sept2026_LET Reviewer Files/C. BEED&BSED REVIEWER BOOKS-/A. Comprehensive LET Reviewer pdfbooksforum.com.pdf,Which should be emphasized more for survival in a fast changing world? I. Specialized learning II. Learning skills and processes Ill. Learning facts,,,II only,,1 and IL,,"1, Wf and HI",,U and III,,,,,,Both,Professional Education,Needs Review,Cannot Determine,No,,0.72,Needs Answer,"Path explicitly groups BEED and BSED. Text extracted by OCR from scanned PDF; reviewer spot-check recommended. OCR text contains answer-key language, but this item was not matched confidently."
568,364,123-124,A. Comprehensive LET Reviewer pdfbooksforum.com.pdf,/Users/lyndon/All reviewers/Sept2026_LET Reviewer Files/C. BEED&BSED REVIEWER BOOKS-/A. Comprehensive LET Reviewer pdfbooksforum.com.pdf,A teacher starts a lesson in Araling Panlipunan by defining migration. Then she explains the definition and goes on to give examples. The teachers is using the,,,Inductive method,,Deductive method,,Project method,,Problem method 118 LET Comprehensive Reviewer Based on NCBTS and Table of Specifications (TOS) eS ee eee,,,,,,Both,Professional Education,Teaching Strategies,Cannot Determine,No,,0.72,Needs Answer,"Path explicitly groups BEED and BSED. Text extracted by OCR from scanned PDF; reviewer spot-check recommended. OCR text contains answer-key language, but this item was not matched confidently."
569,365,124,A. Comprehensive LET Reviewer pdfbooksforum.com.pdf,/Users/lyndon/All reviewers/Sept2026_LET Reviewer Files/C. BEED&BSED REVIEWER BOOKS-/A. Comprehensive LET Reviewer pdfbooksforum.com.pdf,"Mr. Anas’ lesson is about the parts of the gumamela. He asked his pupils per group to bring a real flower to study the different parts. After the group work labeling each part, the teacher gave a test. What would be the best type of test he can give?",,,Essay type,,Matching type,,Diary,,Journal,,,,,,Both,Professional Education,Assessment Tools,Cannot Determine,No,,0.72,Needs Answer,"Path explicitly groups BEED and BSED. Text extracted by OCR from scanned PDF; reviewer spot-check recommended. OCR text contains answer-key language, but this item was not matched confidently."
570,366,124,A. Comprehensive LET Reviewer pdfbooksforum.com.pdf,/Users/lyndon/All reviewers/Sept2026_LET Reviewer Files/C. BEED&BSED REVIEWER BOOKS-/A. Comprehensive LET Reviewer pdfbooksforum.com.pdf,A portfolio is a purposeful collection of student's evidence of progress over a period of time. It can be used as an assessment tool to measure learning outcomes of learners who :,,,are dependent on others,,can critique their own work,,have difficulty in reading,,are good in art work,,,,,,Both,Assessment of Learning,Assessment Tools,Cannot Determine,No,,0.72,Needs Answer,"Path explicitly groups BEED and BSED. Text extracted by OCR from scanned PDF; reviewer spot-check recommended. OCR text contains answer-key language, but this item was not matched confidently."
571,367,124,A. Comprehensive LET Reviewer pdfbooksforum.com.pdf,/Users/lyndon/All reviewers/Sept2026_LET Reviewer Files/C. BEED&BSED REVIEWER BOOKS-/A. Comprehensive LET Reviewer pdfbooksforum.com.pdf,"After demonstrating how to dissect a frog to Grade VI pupils, Miss Reyes wants to know if her pupils learned from her activity. Which method of lesson evaluation would best match her demonstration?",,,Return demonstration by the pupils,,Drawing the parts of the frog,,Answering a true or false test i,,Writing an essay about the frog,,,,,,Both,General Education,Teaching Strategies,Cannot Determine,No,,0.72,Needs Answer,"Path explicitly groups BEED and BSED. Text extracted by OCR from scanned PDF; reviewer spot-check recommended. OCR text contains answer-key language, but this item was not matched confidently."
572,368,124,A. Comprehensive LET Reviewer pdfbooksforum.com.pdf,/Users/lyndon/All reviewers/Sept2026_LET Reviewer Files/C. BEED&BSED REVIEWER BOOKS-/A. Comprehensive LET Reviewer pdfbooksforum.com.pdf,"In curriculum, the basic principle is plan, teach and test, and the three should always be aligned. This principle implies that . /",,,the objective of the lesson can stand by itself,,what to test is based on what has been taught ;,,what has been taught depends on the available material,,testing is an optional component of curriculum,,,,,,Both,Curriculum Development,Assessment Tools,Cannot Determine,No,,0.72,Needs Answer,"Path explicitly groups BEED and BSED. Text extracted by OCR from scanned PDF; reviewer spot-check recommended. OCR text contains answer-key language, but this item was not matched confidently."
573,369,124,A. Comprehensive LET Reviewer pdfbooksforum.com.pdf,/Users/lyndon/All reviewers/Sept2026_LET Reviewer Files/C. BEED&BSED REVIEWER BOOKS-/A. Comprehensive LET Reviewer pdfbooksforum.com.pdf,"In Understanding by Design curricular approach, the first consideration is about |",,,learning experiences,,testing of knowledge,,desired results,,teaching strategies,,,,,,Both,General Education,Needs Review,Cannot Determine,No,,0.72,Needs Answer,"Path explicitly groups BEED and BSED. Text extracted by OCR from scanned PDF; reviewer spot-check recommended. OCR text contains answer-key language, but this item was not matched confidently."
574,370,124-125,A. Comprehensive LET Reviewer pdfbooksforum.com.pdf,/Users/lyndon/All reviewers/Sept2026_LET Reviewer Files/C. BEED&BSED REVIEWER BOOKS-/A. Comprehensive LET Reviewer pdfbooksforum.com.pdf,"The use of mother tongue-based multi-lingual education (MTB-MLE) in the curriculum of basic education, means that learners .",,,Learn English and connect to the world.,,Leam Filipino and connect to the country.,,Learn the mother tongue and connect to the heritage.,,Learn all languages to develop nationalism.,,,,,,Both,Curriculum Development,Curriculum Models,Cannot Determine,No,,0.72,Needs Answer,"Path explicitly groups BEED and BSED. Text extracted by OCR from scanned PDF; reviewer spot-check recommended. OCR text contains answer-key language, but this item was not matched confidently."
575,372,125,A. Comprehensive LET Reviewer pdfbooksforum.com.pdf,/Users/lyndon/All reviewers/Sept2026_LET Reviewer Files/C. BEED&BSED REVIEWER BOOKS-/A. Comprehensive LET Reviewer pdfbooksforum.com.pdf,"In curriculum development, the teacher should always bear in mind that :",,,"objectives, methods and evaluation are aligned",,evaluation should guide the formulation of objectives,,methods should vary from the desired objectives,,"objectives, method and assessment should vary",,,,,,Both,Curriculum Development,Curriculum Models,Cannot Determine,No,,0.72,Needs Answer,"Path explicitly groups BEED and BSED. Text extracted by OCR from scanned PDF; reviewer spot-check recommended. OCR text contains answer-key language, but this item was not matched confidently."
576,373,125,A. Comprehensive LET Reviewer pdfbooksforum.com.pdf,/Users/lyndon/All reviewers/Sept2026_LET Reviewer Files/C. BEED&BSED REVIEWER BOOKS-/A. Comprehensive LET Reviewer pdfbooksforum.com.pdf,"When instruction in the curriculum focuses on the mastery of the content and the evaluation that follows measures only the knowledge learned, such curriculum ; design is .",,,learner-centered,,subject-centered,,problem-centered,,teacher-centered }2.5. Distinguish the roles of stakeholders (students; teachers; employers; parents; | 5 aad vomampanity) in Woe selivery of the enrol,,,,,,Both,Curriculum Development,Curriculum Models,Cannot Determine,No,,0.72,Needs Answer,"Path explicitly groups BEED and BSED. Text extracted by OCR from scanned PDF; reviewer spot-check recommended. OCR text contains answer-key language, but this item was not matched confidently."
577,374,125-126,A. Comprehensive LET Reviewer pdfbooksforum.com.pdf,/Users/lyndon/All reviewers/Sept2026_LET Reviewer Files/C. BEED&BSED REVIEWER BOOKS-/A. Comprehensive LET Reviewer pdfbooksforum.com.pdf,"The Parent-Learning Support System targets the acceptance of the parent's responsibility of educating the child. In attending to this responsibility, which role(s) of parents should be given priority? I. Asa learner Il. As a child educator Ill. As a participant in school activities IV. As a model for children's development V. As a provider of home environment conducive to learning A.V",,,| and III,,I and Ill,,Ill and IV,,[and IV 120 LET Comprehensive Reviewer Based on NCBTS and Table of Specifications (TOS),,,,,,Both,Professional Education,Child Development,Cannot Determine,No,,0.72,Needs Answer,"Path explicitly groups BEED and BSED. Text extracted by OCR from scanned PDF; reviewer spot-check recommended. OCR text contains answer-key language, but this item was not matched confidently."
578,376,126,A. Comprehensive LET Reviewer pdfbooksforum.com.pdf,/Users/lyndon/All reviewers/Sept2026_LET Reviewer Files/C. BEED&BSED REVIEWER BOOKS-/A. Comprehensive LET Reviewer pdfbooksforum.com.pdf,Schools are communities of learners committed to pre-determined measurable quality criteria for student learning. Which statement BEST describes schools that will ensure attainment of such criteria?,,,Everyone in the school is accountable for student outcomes.,,Families are encouraged to support and participate in student learning experiences.,,Regular evaluation of student achievement is done by teachers and administration,,Teachers continually update themselves by attending training programs,,,,,,Both,Professional Education,Needs Review,Cannot Determine,No,,0.72,Needs Answer,"Path explicitly groups BEED and BSED. Text extracted by OCR from scanned PDF; reviewer spot-check recommended. OCR text contains answer-key language, but this item was not matched confidently."
579,377,126,A. Comprehensive LET Reviewer pdfbooksforum.com.pdf,/Users/lyndon/All reviewers/Sept2026_LET Reviewer Files/C. BEED&BSED REVIEWER BOOKS-/A. Comprehensive LET Reviewer pdfbooksforum.com.pdf,"When the schools take the responsibility for developing high quality performance, teachers develop a/an ethic and standards of practice.",,,responsibility,,accountability,,assessment,,"work Read the text and answer questions #378 - #379 | Gardner (1999) states: ""There aré many great teachers - but the lack of _ Sopidiontion: among asses and the absence of accoumability « thove ‘outside the Moot samme",,,,,,Both,General Education,Needs Review,Cannot Determine,No,,0.72,Needs Answer,"Path explicitly groups BEED and BSED. Text extracted by OCR from scanned PDF; reviewer spot-check recommended. OCR text contains answer-key language, but this item was not matched confidently."
580,378,126,A. Comprehensive LET Reviewer pdfbooksforum.com.pdf,/Users/lyndon/All reviewers/Sept2026_LET Reviewer Files/C. BEED&BSED REVIEWER BOOKS-/A. Comprehensive LET Reviewer pdfbooksforum.com.pdf,Who is referred to as ‘outside the door'?,,,Class observers,,School officials,,Department heads,,Grade coordinators,,,,,,Both,General Education,Needs Review,Cannot Determine,No,,0.72,Needs Answer,"Path explicitly groups BEED and BSED. Text extracted by OCR from scanned PDF; reviewer spot-check recommended. OCR text contains answer-key language, but this item was not matched confidently."
581,379,126,A. Comprehensive LET Reviewer pdfbooksforum.com.pdf,/Users/lyndon/All reviewers/Sept2026_LET Reviewer Files/C. BEED&BSED REVIEWER BOOKS-/A. Comprehensive LET Reviewer pdfbooksforum.com.pdf,What does Gardner's statement imply?,,,Need for mentors,,Need for coaches,,Need for cooperation,,"Need for collaboration Read the text below and answer questions #380 - #381 _ grade they receive, but by what they actually know and can do asa result of their",,,,,,Both,General Education,Needs Review,Cannot Determine,No,,0.72,Needs Answer,"Path explicitly groups BEED and BSED. Text extracted by OCR from scanned PDF; reviewer spot-check recommended. OCR text contains answer-key language, but this item was not matched confidently."
582,380,126,A. Comprehensive LET Reviewer pdfbooksforum.com.pdf,/Users/lyndon/All reviewers/Sept2026_LET Reviewer Files/C. BEED&BSED REVIEWER BOOKS-/A. Comprehensive LET Reviewer pdfbooksforum.com.pdf,How is effectiveness measured by results - driven education?,,,By using relevant data to promote continuous school improvement,,By assessing results as bases for planning,,By comparing schools in a division,,By comparing schools in a region,,,,,,Both,General Education,Needs Review,Cannot Determine,No,,0.72,Needs Answer,"Path explicitly groups BEED and BSED. Text extracted by OCR from scanned PDF; reviewer spot-check recommended. OCR text contains answer-key language, but this item was not matched confidently."
583,381,126-127,A. Comprehensive LET Reviewer pdfbooksforum.com.pdf,/Users/lyndon/All reviewers/Sept2026_LET Reviewer Files/C. BEED&BSED REVIEWER BOOKS-/A. Comprehensive LET Reviewer pdfbooksforum.com.pdf,"What students ""actually know and can do"" after schooling leads to learning.",,,continual,,professional,,cooperative,,"lifelong PROFESSIONAL EDUCATION PRIN, OF TEACHING, EDUC. TECH., CURRI. DEV, DEV. READING, FS,PT 12]",,,,,,Both,Professional Education,Needs Review,Cannot Determine,No,,0.72,Needs Answer,"Path explicitly groups BEED and BSED. Text extracted by OCR from scanned PDF; reviewer spot-check recommended. OCR text contains answer-key language, but this item was not matched confidently."
584,382,127,A. Comprehensive LET Reviewer pdfbooksforum.com.pdf,/Users/lyndon/All reviewers/Sept2026_LET Reviewer Files/C. BEED&BSED REVIEWER BOOKS-/A. Comprehensive LET Reviewer pdfbooksforum.com.pdf,What objectives do effective leaders foster? I. Specific Il. Measurable III. Attainable IV. Results oriented V. Time bound,,,"IL, IIL, IV C.L IV, V",,"LILILIV,V D.IL, LL IV",,,,,,,,,,Both,General Education,Needs Review,Cannot Determine,No,,0.47,Incomplete,"Path explicitly groups BEED and BSED. Text extracted by OCR from scanned PDF; reviewer spot-check recommended. OCR text contains answer-key language, but this item was not matched confidently."
585,383,127,A. Comprehensive LET Reviewer pdfbooksforum.com.pdf,/Users/lyndon/All reviewers/Sept2026_LET Reviewer Files/C. BEED&BSED REVIEWER BOOKS-/A. Comprehensive LET Reviewer pdfbooksforum.com.pdf,"With the passage of RA 9155, the school head is given more power and authority over his school. That power is for the school head to .",passage_page_127_q383,,transform his school into a high-performing one :,,make his stubborn faculty feel his authority over them,,set aside standard hiring procedures in order to get those whom he believes are most capable,,introduce changes as fast as he can,,,,,,Both,Professional Education,Reading Comprehension,Cannot Determine,No,,0.72,Needs Answer,"Path explicitly groups BEED and BSED. Text extracted by OCR from scanned PDF; reviewer spot-check recommended. OCR text contains answer-key language, but this item was not matched confidently."
586,384,127,A. Comprehensive LET Reviewer pdfbooksforum.com.pdf,/Users/lyndon/All reviewers/Sept2026_LET Reviewer Files/C. BEED&BSED REVIEWER BOOKS-/A. Comprehensive LET Reviewer pdfbooksforum.com.pdf,"With the power given to every school head, which statement is CORRECT? The school head is .",,,not accountable for his school's performance if his teachers refused to | change for the better,,report grades to parents,,accountable for his school's performance,,understandably not accountable if his pupils do not perform because they come from indigenous peoples’ communities,,,,,,Both,Professional Education,Needs Review,Cannot Determine,No,,0.72,Needs Answer,"Path explicitly groups BEED and BSED. Text extracted by OCR from scanned PDF; reviewer spot-check recommended. OCR text contains answer-key language, but this item was not matched confidently."
587,385,127,A. Comprehensive LET Reviewer pdfbooksforum.com.pdf,/Users/lyndon/All reviewers/Sept2026_LET Reviewer Files/C. BEED&BSED REVIEWER BOOKS-/A. Comprehensive LET Reviewer pdfbooksforum.com.pdf,"Between the child and the teacher, who is more accountable for learning and why?",,,The teacher and the child are equally accountable because both have a role in the teaching-learning process.,,The child is held more accountable because learning ultimately depends on the child.,,The teacher is more accountable because the teacher has more power.,,Nobody can be claimed to be more accountable because we are not given a concrete situation.,,,,,,Both,Professional Education,Child Development,Cannot Determine,No,,0.72,Needs Answer,"Path explicitly groups BEED and BSED. Text extracted by OCR from scanned PDF; reviewer spot-check recommended. OCR text contains answer-key language, but this item was not matched confidently."
588,386,127-128,A. Comprehensive LET Reviewer pdfbooksforum.com.pdf,/Users/lyndon/All reviewers/Sept2026_LET Reviewer Files/C. BEED&BSED REVIEWER BOOKS-/A. Comprehensive LET Reviewer pdfbooksforum.com.pdf,The professional role of teachers has changed from “the sage on the stage” to “guide from the side”. this implies that .,,,teachers must act more as facilitators of learning,,teachers stress on their role as lecturer,,teachers must project an “Almighty-Omniscent” image,,teachers must cling to their power to impose roles 122 LET Comprehensive Reviewer Based on NCBTS and Table of Specifications (TOS),,,,,,Both,General Education,Needs Review,Cannot Determine,No,,0.72,Needs Answer,"Path explicitly groups BEED and BSED. Text extracted by OCR from scanned PDF; reviewer spot-check recommended. OCR text contains answer-key language, but this item was not matched confidently."
589,387,128,A. Comprehensive LET Reviewer pdfbooksforum.com.pdf,/Users/lyndon/All reviewers/Sept2026_LET Reviewer Files/C. BEED&BSED REVIEWER BOOKS-/A. Comprehensive LET Reviewer pdfbooksforum.com.pdf,Who among the following curriculum stakeholders arranges learning and sees to it that the objectives are attained?,,,Teacher,,School staff,,Parents,,Students,,,,,,Both,Curriculum Development,Curriculum Models,Cannot Determine,No,,0.72,Needs Answer,"Path explicitly groups BEED and BSED. Text extracted by OCR from scanned PDF; reviewer spot-check recommended. OCR text contains answer-key language, but this item was not matched confidently."
590,388,128,A. Comprehensive LET Reviewer pdfbooksforum.com.pdf,/Users/lyndon/All reviewers/Sept2026_LET Reviewer Files/C. BEED&BSED REVIEWER BOOKS-/A. Comprehensive LET Reviewer pdfbooksforum.com.pdf,"Mr and Mrs. Lopez are very active parents in Jose Rizal Elementary School. They are always present in all school activities, however at home, they neglect to follow up the study habits of their only son, Apolinario, who happens to be failing in his class. Which of the following statements describes the parents correctly?",,,They are very supportive parents in the school.,,They are concemed with their child's welfare.,,They have complied with their roles as parents.,,They failed to support their child's academic development.,,,,,,Both,Professional Education,Philippine History,Cannot Determine,No,,0.72,Needs Answer,"Path explicitly groups BEED and BSED. Text extracted by OCR from scanned PDF; reviewer spot-check recommended. OCR text contains answer-key language, but this item was not matched confidently."
591,389,128,A. Comprehensive LET Reviewer pdfbooksforum.com.pdf,/Users/lyndon/All reviewers/Sept2026_LET Reviewer Files/C. BEED&BSED REVIEWER BOOKS-/A. Comprehensive LET Reviewer pdfbooksforum.com.pdf,"The principal, wants that the whole school will be one of the top performing schools in the division. Regularly he meets with the teachers to talk about the school curriculum. Together, they would find ways on how to make learners’ experiences enjoyable. This practice describes .",,,curriculum monitoring,,curriculum accreditation,,curriculum evaluation,,curriculum try-out,,,,,,Both,Curriculum Development,Curriculum Models,Cannot Determine,No,,0.72,Needs Answer,"Path explicitly groups BEED and BSED. Text extracted by OCR from scanned PDF; reviewer spot-check recommended. OCR text contains answer-key language, but this item was not matched confidently."
592,390,128,A. Comprehensive LET Reviewer pdfbooksforum.com.pdf,/Users/lyndon/All reviewers/Sept2026_LET Reviewer Files/C. BEED&BSED REVIEWER BOOKS-/A. Comprehensive LET Reviewer pdfbooksforum.com.pdf,"Among the following curriculum stakeholders, who has the most responsibility in curriculum implementation?",,,The learners,,The school heads,,The teachers,,The parents,,,,,,Both,Curriculum Development,Curriculum Models,Cannot Determine,No,,0.72,Needs Answer,"Path explicitly groups BEED and BSED. Text extracted by OCR from scanned PDF; reviewer spot-check recommended. OCR text contains answer-key language, but this item was not matched confidently."
593,391,128,A. Comprehensive LET Reviewer pdfbooksforum.com.pdf,/Users/lyndon/All reviewers/Sept2026_LET Reviewer Files/C. BEED&BSED REVIEWER BOOKS-/A. Comprehensive LET Reviewer pdfbooksforum.com.pdf,"Everytime Mr. Robles passed by the school on his way to the farm he observed a number of students loitering around the school premises. He was wondering why the students were out of the classrooms when classes were going on. During a PTA meeting, Mr. Robles reported his observations which the principal did not like. Does Mr. Robles have the right to report his observations?",,,"No, because he is not a member of the school staff.",,"No, because he is not paid to observe what is happening in the school.",,"Yes, because he was asked by the mayor to observe the principal.",,"Yes, because he is a community member and a stakeholder in the school. | 2.6. Use activities that enhance critical, ereative and metacognitive reading -",,,,,,Both,Professional Education,Needs Review,Cannot Determine,No,,0.72,Needs Answer,"Path explicitly groups BEED and BSED. Text extracted by OCR from scanned PDF; reviewer spot-check recommended. OCR text contains answer-key language, but this item was not matched confidently."
594,392,128-129,A. Comprehensive LET Reviewer pdfbooksforum.com.pdf,/Users/lyndon/All reviewers/Sept2026_LET Reviewer Files/C. BEED&BSED REVIEWER BOOKS-/A. Comprehensive LET Reviewer pdfbooksforum.com.pdf,Which of these is a tool to foster creativity?,,,Brainstorming,,Feedback,,Case analysis,,"Debate PROFESSIONAL EDUCATION PRIN. OF TEACHING, EDUC. TECH., CURR}. DEV,, DEV, READING, FS, PT 423",,,,,,Both,General Education,Needs Review,Cannot Determine,No,,0.72,Needs Answer,"Path explicitly groups BEED and BSED. Text extracted by OCR from scanned PDF; reviewer spot-check recommended. OCR text contains answer-key language, but this item was not matched confidently."
595,393,129,A. Comprehensive LET Reviewer pdfbooksforum.com.pdf,/Users/lyndon/All reviewers/Sept2026_LET Reviewer Files/C. BEED&BSED REVIEWER BOOKS-/A. Comprehensive LET Reviewer pdfbooksforum.com.pdf,How can a teacher help students with different learning and thinking styles continue to learn more effectively?,,,Allow sufficient time for processing different types of information,,Provide a general overview of the lesson,,Use a variety of reflection strategies,,Use questions of all types to stimulate various levels of thinking and valuing.,,,,,,Both,Professional Education,Needs Review,Cannot Determine,No,,0.72,Needs Answer,"Path explicitly groups BEED and BSED. Text extracted by OCR from scanned PDF; reviewer spot-check recommended. OCR text contains answer-key language, but this item was not matched confidently."
596,394,129,A. Comprehensive LET Reviewer pdfbooksforum.com.pdf,/Users/lyndon/All reviewers/Sept2026_LET Reviewer Files/C. BEED&BSED REVIEWER BOOKS-/A. Comprehensive LET Reviewer pdfbooksforum.com.pdf,Ausubel recommends the use of visuals designed to bridge the gap between what the learners already know and what they need to know. Which visual is referred to? .,,,Pictures,,Concept maps,,Comparison patterns,,Overviews,,,,,,Both,General Education,Needs Review,Cannot Determine,No,,0.72,Needs Answer,"Path explicitly groups BEED and BSED. Text extracted by OCR from scanned PDF; reviewer spot-check recommended. OCR text contains answer-key language, but this item was not matched confidently."
597,395,129,A. Comprehensive LET Reviewer pdfbooksforum.com.pdf,/Users/lyndon/All reviewers/Sept2026_LET Reviewer Files/C. BEED&BSED REVIEWER BOOKS-/A. Comprehensive LET Reviewer pdfbooksforum.com.pdf,"The framework for creative thinking includes the production of a great number of ideas or alternative solutions to a problem. Secondly, the ideas produced must show a variety of possibilities and different points of views. Together they are considered effective in developing creativity among students. What does the framework include?",,,Problem solving and enchancing,,Variety and strategy,,Different approaches and strategies,,Fluency and flexibility,,,,,,Both,General Education,Needs Review,Cannot Determine,No,,0.72,Needs Answer,"Path explicitly groups BEED and BSED. Text extracted by OCR from scanned PDF; reviewer spot-check recommended. OCR text contains answer-key language, but this item was not matched confidently."
598,396,129,A. Comprehensive LET Reviewer pdfbooksforum.com.pdf,/Users/lyndon/All reviewers/Sept2026_LET Reviewer Files/C. BEED&BSED REVIEWER BOOKS-/A. Comprehensive LET Reviewer pdfbooksforum.com.pdf,Which is a planning tool that helps the reader analyze the story so that the questions during discussion will create a coherent framework for understanding text?,,,Story map,,Graphic organizer,,Semantic web,,Tree outline,,,,,,Both,General Education,Teaching Strategies,Cannot Determine,No,,0.72,Needs Answer,"Path explicitly groups BEED and BSED. Text extracted by OCR from scanned PDF; reviewer spot-check recommended. OCR text contains answer-key language, but this item was not matched confidently."
599,397,129,A. Comprehensive LET Reviewer pdfbooksforum.com.pdf,/Users/lyndon/All reviewers/Sept2026_LET Reviewer Files/C. BEED&BSED REVIEWER BOOKS-/A. Comprehensive LET Reviewer pdfbooksforum.com.pdf,Which activity does NOT help children develop phonemic awareness?,,,Encouraging them to use invented spelling,,Reading a story to them until they are able to understand and retell the story,,Exposing them to literature that plays with the sounds of the language,,Involving them in songs and games that draw attention to the sounds of the language,,,,,,Both,General Education,Needs Review,Cannot Determine,No,,0.72,Needs Answer,"Path explicitly groups BEED and BSED. Text extracted by OCR from scanned PDF; reviewer spot-check recommended. OCR text contains answer-key language, but this item was not matched confidently."
600,398,129-130,A. Comprehensive LET Reviewer pdfbooksforum.com.pdf,/Users/lyndon/All reviewers/Sept2026_LET Reviewer Files/C. BEED&BSED REVIEWER BOOKS-/A. Comprehensive LET Reviewer pdfbooksforum.com.pdf,"If a reader is vocalizing his thoughts to be able to understand the text, what metacognitive strategy is he using?",,,Reciprocal Teaching,,Think-Aloud Strategy,,Request Procedure,,Directed Reading-Thinking Activity k 124 LET Comprehensive Reviewer Based on NCBTS and Table of Specifications (TOS),,,,,,Both,General Education,Needs Review,Cannot Determine,No,,0.72,Needs Answer,"Path explicitly groups BEED and BSED. Text extracted by OCR from scanned PDF; reviewer spot-check recommended. OCR text contains answer-key language, but this item was not matched confidently."
601,399,130,A. Comprehensive LET Reviewer pdfbooksforum.com.pdf,/Users/lyndon/All reviewers/Sept2026_LET Reviewer Files/C. BEED&BSED REVIEWER BOOKS-/A. Comprehensive LET Reviewer pdfbooksforum.com.pdf,"Which method illustrates this statement? ""That which can be thought of can be spoken. what can be spoken can be written and then read.""",passage_page_130_q399,,Alphabet Method B Language Experience Approach,,,,K-W-L,,Oral-Graphic Symbolic Language,,,,,,Both,General Education,Teaching Strategies,Cannot Determine,No,,0.47,Incomplete,"Path explicitly groups BEED and BSED. Text extracted by OCR from scanned PDF; reviewer spot-check recommended. OCR text contains answer-key language, but this item was not matched confidently."
602,400,130,A. Comprehensive LET Reviewer pdfbooksforum.com.pdf,/Users/lyndon/All reviewers/Sept2026_LET Reviewer Files/C. BEED&BSED REVIEWER BOOKS-/A. Comprehensive LET Reviewer pdfbooksforum.com.pdf,What is the purpose of Directed Reading-Thinking Activity or DRTA?,,,To encourage students to model their own thinking,,To bridge the learning of oral language and written language,,"To increase comprehension and comprehension monitoring by predicting. generating questions, clarifying, and summarizing",,"To encourage students to think about their reading by having them make their predictions, confirm or reject them and revise their prediction as the story unfolds",,,,,,Both,General Education,Needs Review,Cannot Determine,No,,0.72,Needs Answer,"Path explicitly groups BEED and BSED. Text extracted by OCR from scanned PDF; reviewer spot-check recommended. OCR text contains answer-key language, but this item was not matched confidently."
603,401,130,A. Comprehensive LET Reviewer pdfbooksforum.com.pdf,/Users/lyndon/All reviewers/Sept2026_LET Reviewer Files/C. BEED&BSED REVIEWER BOOKS-/A. Comprehensive LET Reviewer pdfbooksforum.com.pdf,Which is an effective technique in teaching children in the emergent literacy stage?,,,Imposing the use of correct spelling when writing,,Giving of isolated word drills and memorization of rules,,Providing activities that let them enjoy,,Having a print-rich classroom,,,,,,Both,General Education,Needs Review,Cannot Determine,No,,0.72,Needs Answer,"Path explicitly groups BEED and BSED. Text extracted by OCR from scanned PDF; reviewer spot-check recommended. OCR text contains answer-key language, but this item was not matched confidently."
604,402,130,A. Comprehensive LET Reviewer pdfbooksforum.com.pdf,/Users/lyndon/All reviewers/Sept2026_LET Reviewer Files/C. BEED&BSED REVIEWER BOOKS-/A. Comprehensive LET Reviewer pdfbooksforum.com.pdf,The benefit of Reading Aloud is that children learn .,,,new vocabulary in meaningful contexts,,to value the presence of their friends as they read together,,to make predictions by examining pictures and listening for clues,,to use their imaginations to explore new ideas as they listen to books,,,,,,Both,General Education,Needs Review,Cannot Determine,No,,0.72,Needs Answer,"Path explicitly groups BEED and BSED. Text extracted by OCR from scanned PDF; reviewer spot-check recommended. OCR text contains answer-key language, but this item was not matched confidently."
605,403,130,A. Comprehensive LET Reviewer pdfbooksforum.com.pdf,/Users/lyndon/All reviewers/Sept2026_LET Reviewer Files/C. BEED&BSED REVIEWER BOOKS-/A. Comprehensive LET Reviewer pdfbooksforum.com.pdf,A student is made to replace words omitted in a message or a paragraph. This technique used for developing reading comprehension is known as ‘,passage_page_130_q403,,structured method,,integrative mode,,cloze procedure,,developmental lesson EA |,,,,,,Both,General Education,Reading Comprehension,Cannot Determine,No,,0.72,Needs Answer,"Path explicitly groups BEED and BSED. Text extracted by OCR from scanned PDF; reviewer spot-check recommended. OCR text contains answer-key language, but this item was not matched confidently."
606,404,130-131,A. Comprehensive LET Reviewer pdfbooksforum.com.pdf,/Users/lyndon/All reviewers/Sept2026_LET Reviewer Files/C. BEED&BSED REVIEWER BOOKS-/A. Comprehensive LET Reviewer pdfbooksforum.com.pdf,"If you use Pygmallion effect to explain why children coming from depressed areas cannot read, to which do you attribute the poor reading performance of this particular group of children?",passage_page_130_q404,,Linguistically intelligent group,,Spatially intelligent group,,Existentially intelligent group,,Kinesthetically intelligent group,,,,,,Both,General Education,Needs Review,Cannot Determine,No,,0.72,Needs Answer,"Path explicitly groups BEED and BSED. Text extracted by OCR from scanned PDF; reviewer spot-check recommended. OCR text contains answer-key language, but this item was not matched confidently."
607,406,131,A. Comprehensive LET Reviewer pdfbooksforum.com.pdf,/Users/lyndon/All reviewers/Sept2026_LET Reviewer Files/C. BEED&BSED REVIEWER BOOKS-/A. Comprehensive LET Reviewer pdfbooksforum.com.pdf,With which of the following is poor reading performance associated? I. Use of rote memorization as reading strategy IL. Relatively low self-esteem III. Deprived home environment :,,,"I, I and Ul",,Tand I,,II and Tl,,I,,,,,,Both,General Education,Needs Review,Cannot Determine,No,,0.72,Needs Answer,"Path explicitly groups BEED and BSED. Text extracted by OCR from scanned PDF; reviewer spot-check recommended. OCR text contains answer-key language, but this item was not matched confidently."
608,407,131,A. Comprehensive LET Reviewer pdfbooksforum.com.pdf,/Users/lyndon/All reviewers/Sept2026_LET Reviewer Files/C. BEED&BSED REVIEWER BOOKS-/A. Comprehensive LET Reviewer pdfbooksforum.com.pdf,How can you make students intrinsically motivated to work?,,,Give tasks that are too easy.,,Help them in everything that they do.,,"Give varied, novel, and complex tasks. D, Tell them that their task is too difficult therefore they should do their best.",,,,,,,,Both,General Education,Needs Review,Cannot Determine,No,,0.47,Incomplete,"Path explicitly groups BEED and BSED. Text extracted by OCR from scanned PDF; reviewer spot-check recommended. OCR text contains answer-key language, but this item was not matched confidently."
609,408,131,A. Comprehensive LET Reviewer pdfbooksforum.com.pdf,/Users/lyndon/All reviewers/Sept2026_LET Reviewer Files/C. BEED&BSED REVIEWER BOOKS-/A. Comprehensive LET Reviewer pdfbooksforum.com.pdf,When does praise become INEFFECTIVE? When it .,,,is given after the process is completed.,,specifies the particulars of the accomplishment,,"attributes the student's success to ability alone, or to factors such as luck or easy task",,makes the student appreciate his own task-related behavior and think about problem-solving,,,,,,Both,General Education,Needs Review,Cannot Determine,No,,0.72,Needs Answer,"Path explicitly groups BEED and BSED. Text extracted by OCR from scanned PDF; reviewer spot-check recommended. OCR text contains answer-key language, but this item was not matched confidently."
610,409,131-135,A. Comprehensive LET Reviewer pdfbooksforum.com.pdf,/Users/lyndon/All reviewers/Sept2026_LET Reviewer Files/C. BEED&BSED REVIEWER BOOKS-/A. Comprehensive LET Reviewer pdfbooksforum.com.pdf,How can we encourage students to become readers?,,,,,"& G G Salandanan (2003) Principles and Strategies of Teaching. Quezon City: Lorimar Publishing Co. Corpuz, B., P. Lucido (2008). Educational Technology I. Quezon City: Lorimar Pub. Inc. Crawford, J. (ed.) (1991). Achieveing Excellence: Units of Work for levels P-8. Carlton South, Vic.: Education Shop, Ministry of Education and Training, Victoria. Crosby, N. et al. (1981). Dont Teach! Let Me Learn. Book 3. Cheltenham, Vic.: Hawker Brownlow. Clements, D.;",,"(1990) Strategies for Effective Teaching. Chicago: Harper Collins Publishers. Pine, G. J., et al (1990) “Principles and Conditions for Learning in Adult Education”, Carmela",,"Integrating Technology into Teaching and Learning: An Asia- Pacific Perspective. USA: Prentice Hall, 2000. * Bloom's (1956) Revised Taxonomy http://rite.ed.qut.edu.au/oz-teachernet/training/bloom.html * Bloom's Revised Taxonomy http://coe.sdsu.edu/eet/articles/bloomrev/in * Taxonomy of Technology Integration http://education.ed.pacificu.edu/aacu/workshop/reconcept2B.html * Critical and Creative Thinking - Bloom's Taxonomy http://eduscapes.com/tap/topic69.htm * - http://www.acps.k12.va.us/hammond/readstrat/BloomsTaxonomy2.html * - http://www.kent.wednet,edu/KSD/MA/resources/blooms/teachers_blooms.html * - http://www.nexus.edu.au/teachstud/gat/painter.htm Questioning Techniques that includes reference to Bloom's Taxonomy. 128 LET Comprehensive Reviewer Based on NCBTS and Table of Specifications (TOS) ANSWER KEY Principles of Teaching, Educational Technology, Curriculum Development, Developmental Reading, Field Study, Practice Teaching 1. B 40. B 79, A 118. C 157. C 196. D 2. D 41. D 80. C 119. C 158. B 197. A 3. B 42. C 81. A 120. A 159. A 198. D 4. °C 43. B 82. D 121. A 160. B 199, B 5. 0A 44. A 83. A 122. B 161. A 200. B 6. D 45. A 84. B 123. C 162. C 201. B 702A 46. A 85. A 124. D 163. B 202. A 8 OC 47. C 86. C 125. B 164. C 203. C 9. D 48. A 87. B 126. A 165. C 204. A 10. A 49. A 88. A 127. C 166. D 205. A ll oA 50. A 89. A 128. A 167. C 206. C 12, A 51. D 90. C 129. D 168. A 207. B 13. D 52. B 91. B 130. B 169. D 208. A 14. A 53. A 92. D 131. B 170. C 209. C 15. A 54. C€ 93. C 132. C 171A 210. A 16. A 55. A 94. A 133. C 172. A 211. A 17. C 56. B 95. C 134. D 173. B 212. A 18. A 57. D 96. D 135. B 174. D 213. A 19. A 58. C 97. A 136. D 175. B 214. D 20. A 59. C 98. A 137. B 176. A 215. C 21. D 60. A 99. B 138. A 177. D 216. A 22. C 61. D 100. B 139. A 178. C 217. B 23. A 62. C 101. C 140. D 179. A 218. D 24. A 63. A 102. D 141. B 180. D 219. A 25. C 64. B 103. C 142. A 181. C 220. A 26. A 65. C 104. C 143. B 182. A 221. A , 27. D 66. A 105, C 144. A 183. A 222. B 28. A 67. C 106. C 145. A 184. B 223. D 29. A 68. C 107. B 146. D 185. C 224. B 30. A 69. B 108. A 147. B 186. A 225. A 31. OA 7. C 109. C 148. B 187. C 226. D 32. A 71. D 110. C 149. C 188. D 227. A 33. A 72. B lll. D 150. B 189. A 228. C 34. C 73. D 112. B 151. A 190. B 229. B 35. B 74. A 113. D 152. D 191. C 230. C 36. D 75. C€ 114. A 153. A 192. D 231. B 37. A 76. B 15. € 154. C 193, B 232. B 38. C 77, D 116. D 155. B 194. A 233. C 39. A 78. D 7. A 156. B 195. D 234. A a J PROFESSIONAL EDUCATION PRIN, OF TEACHING, EDUC. TECH., CURRI. DEV. DEV. READING, FS, PT 129 ANSWER KEY 235. B 275. B 315. B 355. C 395. D 236. B 276. A 316. A 356. C 396. B 237. A 277. A 317. B 357. C 397. B 238. C 278. A 318. A 358. B 398. B 239. D 279. A 319. D 359. D 399. B 240. A 280. B 320. B 360. D 400. D 241. A 281. A 321. C 361. C 401. D 242. A 282. D 322. A 362. D 402. D 243. A 283. C 323. B 363. A 403. C 244. B 284. A 324. C 364. B 404. A 245. A 285. A 325. D 365. B 405. A 246. B 286. A 326. A 366. B 406. A 247. B 287. A 327. A 367. A 407. C 248. B 288. A 328. B 368. B 408. C 249. C 289. A 329. B 369. C",,"(1998). Reflections on Classroom Thinking Strategies. Loganholme: . Rodin Educational Consultancy. Huitt, W., J. Hummel, and",,,,Both,General Education,Needs Review,Cannot Determine,No,,0.47,Incomplete,"Path explicitly groups BEED and BSED. Text extracted by OCR from scanned PDF; reviewer spot-check recommended. OCR text contains answer-key language, but this item was not matched confidently."
611,409,135-192,A. Comprehensive LET Reviewer pdfbooksforum.com.pdf,/Users/lyndon/All reviewers/Sept2026_LET Reviewer Files/C. BEED&BSED REVIEWER BOOKS-/A. Comprehensive LET Reviewer pdfbooksforum.com.pdf,"C 250. C 290. D 330. C 370. B 251. A 291. C 331. A 371. D 252. A 292. A 332. D 372. A 253. B 293. C 333. A 373. B 254. A 294. C 334. A 374. C 255. B 295. D 335. B 375. A 256. B 296. C 336. C 376. A 257. D 297. A 337. C 377. B 258. B 298. C 338. A 378. B 259. B 299. B 339. A 379. D 260. B 300. A 340. A 380. A 261. D 301. C 341. A 381. D 262. A 302. A 342. D 382. B 263. C 303. C 343. A 383. A 264. B 304. D 344. A 384. C 265. B 305. C 345. C 385. C 266. A 306. B 346. B 386. A 267. A 307. D 347. A 387. A 268. D 308. B 348. A 388. D 269. A 309. C 349. A 389. A 270. A 310. A 350. B 390. C 271. C 311. B 351. B 391. D 272. A 312. C 352. D 392. A 273. D 313. A 353. B 393. D 274. A 314. D 354. D 394. B 130 LET Comprehensive Reviewer Based on NCBTS and Table of Specifications (TOS) ADOLESCENT DEVELOPMENT - . So oS ee . 8 20% comPrreNcES ee “3.1 Analyze the cognitive, metacognitive, motivational == 5% _ socio-cultural factors that affect leamming = related to child and adolescent learning and oe oe oe",,question_image_page_135_q409,"H., (1985) Mathematical Problem Solving, Academic Press, Orlando FL Seldon A., et al, (1997) What Does It Take To Be An Expert Problem Solver, Research Sampler, MAA Online, No. 4.; (available at www.maa.org/t_and_l_/sampler/research_sampler.html). Shavelson R. J., et al, (1992) Performance Assessments: Political Rhetoric and - Measurement Reality, Educational Researcher, 21(4), 22-27. Starch D., et al, (1912) Reliability of Grading High School Work in English, School Review, 20, 442-457. Starch D., et al, (1913) Reliability of Grading High School Work in Mathematics, School Review, 21, 254-259. Tuckman",,"(1993) The Essay Test: A Look at the Advantages and Disadvantages, NASSP Bulletin, 77, pp. 20-26. : Zaremba S., et al, (1993) An Analysis of Traditional Classroom Assessment Techniques and Discussion, ED 365404, p.13. . hittp://www.tedi,ug.edu.au/Assess/Assessment/bloomtax.html ° hittp://www.utexas.edu/student/utlc/handouts/1414,.html Model_ questions and keywords i 186 LET Comprehensive Reviewer Based on NCBTS and Table of Specifications (TOS)",,Wittrock &,,"It is evaluative and judgmental. PROFESSIONAL EDUCATION ASSESSMENT OF LEARNING, FIELD STUDY, PRACTICE TEACHING 185 REFERENCES Baker",,"L. Baker (Eds.), Testing and cognition (pp. 154-165) Englewood Cliffs, NJ: Prentice Hall, Linn R. L., et al. Complex Performance-based Assessment: Expectations and validation Criteria, Educational Researcher, 20(8), 15-21. Lipman M.,. Some Thoughts on the Formation of Reflective Education, In Teaching-Thinking Skills: Theory and Practice, pp. 151-161. Edited by J.",,,,Both,Child and Adolescent Development,Educational Psychology,Cannot Determine,Yes,,0.47,Needs Image Extraction,"Path explicitly groups BEED and BSED. Text extracted by OCR from scanned PDF; reviewer spot-check recommended. OCR text contains answer-key language, but this item was not matched confidently. Scanned source page has visual-reference language; crop must be reviewed/extracted manually."
612,1,2,A. TOPNOTCHER LET REVER PDFBOOKSFORUM.COM.pdf,/Users/lyndon/All reviewers/Sept2026_LET Reviewer Files/C. BEED&BSED REVIEWER BOOKS-/A. TOPNOTCHER LET REVER PDFBOOKSFORUM.COM.pdf,This test booklet contains 150 test questions. Examinces shall manage to use three and one-half (3 %) hours.,,,,,,,,,,,,,B,,Both,General Education,Assessment Tools,Cannot Determine,No,,0.70,Incomplete,Path explicitly groups BEED and BSED. Text extracted by OCR from scanned PDF; reviewer spot-check recommended. Correct answer sourced from detected answer key section.
613,2,2,A. TOPNOTCHER LET REVER PDFBOOKSFORUM.COM.pdf,/Users/lyndon/All reviewers/Sept2026_LET Reviewer Files/C. BEED&BSED REVIEWER BOOKS-/A. TOPNOTCHER LET REVER PDFBOOKSFORUM.COM.pdf,Read INSTRUCTION TO EXAMINEES printed on your answer sheet.,passage_page_02_q2,,,,,,,,,,,,A,,Both,Professional Education,Teaching Strategies,Cannot Determine,No,,0.70,Incomplete,Path explicitly groups BEED and BSED. Text extracted by OCR from scanned PDF; reviewer spot-check recommended. Correct answer sourced from detected answer key section.
614,3,2,A. TOPNOTCHER LET REVER PDFBOOKSFORUM.COM.pdf,/Users/lyndon/All reviewers/Sept2026_LET Reviewer Files/C. BEED&BSED REVIEWER BOOKS-/A. TOPNOTCHER LET REVER PDFBOOKSFORUM.COM.pdf,Shade only one (1) box for cach question on your answer shects. Two or shaded will invalidate your answer. »<,,,,,,,,,,,,,D,,Both,General Education,Needs Review,Cannot Determine,No,,0.70,Incomplete,Path explicitly groups BEED and BSED. Text extracted by OCR from scanned PDF; reviewer spot-check recommended. Correct answer sourced from detected answer key section.
615,4,2-3,A. TOPNOTCHER LET REVER PDFBOOKSFORUM.COM.pdf,/Users/lyndon/All reviewers/Sept2026_LET Reviewer Files/C. BEED&BSED REVIEWER BOOKS-/A. TOPNOTCHER LET REVER PDFBOOKSFORUM.COM.pdf,"AVOID ERASURES > INSTRUCTIONS Na 1. Detach one (1) answer sheet from the bottom of your Exami Oe acct 2. Write the subject ""PROFESSIONAL EDUCATION” on fided_ 3. Shade Sct Box “A” on your answer shect if your test Sct A; Set “B” if your test booklet is Sct",,,78367 ae ided that he passed the Civil Service Examination.,,Visit For more Pdf's Books,,Yes. No one may teach without a license. Pdfbooksforum.com,,Yes. PROFESSIONAL EDUCATION - SETA,,,,A,,Both,Professional Education,Assessment Tools,Cannot Determine,No,,0.70,Needs Review,Path explicitly groups BEED and BSED. Text extracted by OCR from scanned PDF; reviewer spot-check recommended. Correct answer sourced from detected answer key section. OCR answer-key alignment and choice text must be manually verified before upload.
616,4,3,A. TOPNOTCHER LET REVER PDFBOOKSFORUM.COM.pdf,/Users/lyndon/All reviewers/Sept2026_LET Reviewer Files/C. BEED&BSED REVIEWER BOOKS-/A. TOPNOTCHER LET REVER PDFBOOKSFORUM.COM.pdf,Ms. Valdez provides varied learning expericnees to avoid monotonous classroom discussion. What professional characteristics docs she exemplify?,,,Mastery of the subject matter.,,Mastery of the medium of instruction.,,"Mastery of the methods, approaches and strategics.",,Mastery in the formulation of goals and objectives.,,,,A,,Both,Professional Education,Teaching Strategies,Cannot Determine,No,,0.70,Needs Review,Path explicitly groups BEED and BSED. Text extracted by OCR from scanned PDF; reviewer spot-check recommended. Correct answer sourced from detected answer key section. OCR answer-key alignment and choice text must be manually verified before upload.
617,5,3,A. TOPNOTCHER LET REVER PDFBOOKSFORUM.COM.pdf,/Users/lyndon/All reviewers/Sept2026_LET Reviewer Files/C. BEED&BSED REVIEWER BOOKS-/A. TOPNOTCHER LET REVER PDFBOOKSFORUM.COM.pdf,Mrs. Castillo wants to determine the indicators of Core Values of the Department aN Education. Which of the following is an indicator of being a Makatao? G,,,Identifies personal biases. <,,Keeps one’s work neat and clean >),,Conducts oneself appropriately in various situations >,,Views mistakes as leaning opportunities. ey,,,,,,Both,General Education,Ethics,Cannot Determine,No,,0.72,Needs Answer,"Path explicitly groups BEED and BSED. Text extracted by OCR from scanned PDF; reviewer spot-check recommended. OCR text contains answer-key language, but this item was not matched confidently."
618,6,3,A. TOPNOTCHER LET REVER PDFBOOKSFORUM.COM.pdf,/Users/lyndon/All reviewers/Sept2026_LET Reviewer Files/C. BEED&BSED REVIEWER BOOKS-/A. TOPNOTCHER LET REVER PDFBOOKSFORUM.COM.pdf,"At the heart of the K-12 assessment framework, what ~~ has been recognized, and dcliberatcly considered?",,,Object permanence,,Zone of proximal development,,Fluid learning,,Intelligence Quotient WW,,,,A,,Both,Assessment of Learning,Assessment Tools,Cannot Determine,No,,0.70,Needs Review,Path explicitly groups BEED and BSED. Text extracted by OCR from scanned PDF; reviewer spot-check recommended. Correct answer sourced from detected answer key section. OCR answer-key alignment and choice text must be manually verified before upload.
619,7,3,A. TOPNOTCHER LET REVER PDFBOOKSFORUM.COM.pdf,/Users/lyndon/All reviewers/Sept2026_LET Reviewer Files/C. BEED&BSED REVIEWER BOOKS-/A. TOPNOTCHER LET REVER PDFBOOKSFORUM.COM.pdf,What is the education that describes which school accepts children with special needs for cnroliment in regular class can Icarn together with their peers?,,,Inclusive Education,,Multicultural Education &,,Global Education >>,,Progressive -,,,,A,,Both,Elementary / Cannot Determine,Needs Review,Cannot Determine,No,,0.70,Needs Review,Path explicitly groups BEED and BSED. Text extracted by OCR from scanned PDF; reviewer spot-check recommended. Correct answer sourced from detected answer key section.
620,8,3-4,A. TOPNOTCHER LET REVER PDFBOOKSFORUM.COM.pdf,/Users/lyndon/All reviewers/Sept2026_LET Reviewer Files/C. BEED&BSED REVIEWER BOOKS-/A. TOPNOTCHER LET REVER PDFBOOKSFORUM.COM.pdf,"Which of the ti NOT a reason for using the first language (L1) in school? A.L1 can be and work harmoniously with people of cultural backgrounds that are different B.LI iid to express himself/herself casily, as there is no fear of making mistakes. c active participation by chikiren in the learning fisted: Or More Pdf's Books am used immediately to construct and explain the leafilfobolgsforum.com PROFESSIONAL EDUCATION - SETA",,,,,,,,,,,,,D,,Both,Professional Education,Needs Review,Cannot Determine,No,,0.70,Incomplete,Path explicitly groups BEED and BSED. Text extracted by OCR from scanned PDF; reviewer spot-check recommended. Correct answer sourced from detected answer key section.
621,10,4,A. TOPNOTCHER LET REVER PDFBOOKSFORUM.COM.pdf,/Users/lyndon/All reviewers/Sept2026_LET Reviewer Files/C. BEED&BSED REVIEWER BOOKS-/A. TOPNOTCHER LET REVER PDFBOOKSFORUM.COM.pdf,"As negative correlation is to inverse relation, to what relation is positive relation?",,,Definite relation,,Neutral relation,,Direct relation,,Indefinite relation,,,,,,Both,General Education,Needs Review,Cannot Determine,No,,0.72,Needs Answer,"Path explicitly groups BEED and BSED. Text extracted by OCR from scanned PDF; reviewer spot-check recommended. OCR text contains answer-key language, but this item was not matched confidently."
622,11,4,A. TOPNOTCHER LET REVER PDFBOOKSFORUM.COM.pdf,/Users/lyndon/All reviewers/Sept2026_LET Reviewer Files/C. BEED&BSED REVIEWER BOOKS-/A. TOPNOTCHER LET REVER PDFBOOKSFORUM.COM.pdf,Which of the following subjects was NOT reserved for the Filipinos during the Japanese,,,Tagalog &,,Character Education <,,Philippine History >,,World Literature Na,,,,,,Both,General Education,Needs Review,Cannot Determine,No,,0.72,Needs Answer,"Path explicitly groups BEED and BSED. Text extracted by OCR from scanned PDF; reviewer spot-check recommended. OCR text contains answer-key language, but this item was not matched confidently."
623,12,4,A. TOPNOTCHER LET REVER PDFBOOKSFORUM.COM.pdf,/Users/lyndon/All reviewers/Sept2026_LET Reviewer Files/C. BEED&BSED REVIEWER BOOKS-/A. TOPNOTCHER LET REVER PDFBOOKSFORUM.COM.pdf,The first basis for the foundation of Mother-Tongue Based Mi i Education in the Philippines was through the findings of what recognized body? Q,,,Schurman Commission ),,Monroe Survey,,,,Swanson Commission &,,,,B,,Both,General Education,Needs Review,Cannot Determine,No,,0.70,Incomplete,Path explicitly groups BEED and BSED. Text extracted by OCR from scanned PDF; reviewer spot-check recommended. Correct answer sourced from detected answer key section.
624,13,4,A. TOPNOTCHER LET REVER PDFBOOKSFORUM.COM.pdf,/Users/lyndon/All reviewers/Sept2026_LET Reviewer Files/C. BEED&BSED REVIEWER BOOKS-/A. TOPNOTCHER LET REVER PDFBOOKSFORUM.COM.pdf,Which of the following is the purpose o! assessment during the lesson proper?,,,It informs teachers of the progress of in relation to the development of Icarning competencics.,,It helps teachers understand wi ts stand in terms of conceptual understanding and application.,,Itassesses whether i } es were achicved,,It provides bases for we jonal decisions.,,,,,,Both,Assessment of Learning,Assessment Tools,Cannot Determine,No,,0.72,Needs Answer,"Path explicitly groups BEED and BSED. Text extracted by OCR from scanned PDF; reviewer spot-check recommended. OCR text contains answer-key language, but this item was not matched confidently."
625,14,4-6,A. TOPNOTCHER LET REVER PDFBOOKSFORUM.COM.pdf,/Users/lyndon/All reviewers/Sept2026_LET Reviewer Files/C. BEED&BSED REVIEWER BOOKS-/A. TOPNOTCHER LET REVER PDFBOOKSFORUM.COM.pdf,"What is the vat Se and orientation of fiction dramatic novels? A, Narrative",,,Dynamic Mercian Visit For more Pdf's Book:,,Analysis,,Divers Pdfbooksforum.com,,Cumulative,,,,,,Both,General Education,Needs Review,Cannot Determine,No,,0.72,Needs Answer,"Path explicitly groups BEED and BSED. Text extracted by OCR from scanned PDF; reviewer spot-check recommended. OCR text contains answer-key language, but this item was not matched confidently."
626,16,6-7,A. TOPNOTCHER LET REVER PDFBOOKSFORUM.COM.pdf,/Users/lyndon/All reviewers/Sept2026_LET Reviewer Files/C. BEED&BSED REVIEWER BOOKS-/A. TOPNOTCHER LET REVER PDFBOOKSFORUM.COM.pdf,Value clarification as a strategy in Values Education classes is anchored on which Philosophy?,,,,,Idcalism,,Christian philosophy,,Hedonism,,,,B,,Both,Values Education,Ethics,Cannot Determine,No,,0.70,Incomplete,Path explicitly groups BEED and BSED. Text extracted by OCR from scanned PDF; reviewer spot-check recommended. Correct answer sourced from detected answer key section.
627,17,7,A. TOPNOTCHER LET REVER PDFBOOKSFORUM.COM.pdf,/Users/lyndon/All reviewers/Sept2026_LET Reviewer Files/C. BEED&BSED REVIEWER BOOKS-/A. TOPNOTCHER LET REVER PDFBOOKSFORUM.COM.pdf,They were the first to introduce the usc of printing press in the Philippines. oS,,,,,British >,,Spanish >,,,,,,A,,Both,General Education,Needs Review,Cannot Determine,No,,0.70,Incomplete,Path explicitly groups BEED and BSED. Text extracted by OCR from scanned PDF; reviewer spot-check recommended. Correct answer sourced from detected answer key section.
628,18,7,A. TOPNOTCHER LET REVER PDFBOOKSFORUM.COM.pdf,/Users/lyndon/All reviewers/Sept2026_LET Reviewer Files/C. BEED&BSED REVIEWER BOOKS-/A. TOPNOTCHER LET REVER PDFBOOKSFORUM.COM.pdf,Alfred docs not study at all but when the Licensure eee he spends one hour or more praying for a miracle ic. to top cxam. Which attitude towards religion he manifested?,,,Religion as a panacca,,Religion as fake,,Religion as a magic WN,,Religion as provider <&,,,,C,,Both,General Education,Needs Review,Cannot Determine,No,,0.70,Needs Review,Path explicitly groups BEED and BSED. Text extracted by OCR from scanned PDF; reviewer spot-check recommended. Correct answer sourced from detected answer key section. OCR answer-key alignment and choice text must be manually verified before upload.
629,19,7,A. TOPNOTCHER LET REVER PDFBOOKSFORUM.COM.pdf,/Users/lyndon/All reviewers/Sept2026_LET Reviewer Files/C. BEED&BSED REVIEWER BOOKS-/A. TOPNOTCHER LET REVER PDFBOOKSFORUM.COM.pdf,"The development of preference, and attitude belongs to which function of education?",,,,,Instruction »*>,,Re-ereative,,Conservation q,,,,C,,Both,General Education,Child Development,Cannot Determine,No,,0.70,Incomplete,Path explicitly groups BEED and BSED. Text extracted by OCR from scanned PDF; reviewer spot-check recommended. Correct answer sourced from detected answer key section.
630,20,7,A. TOPNOTCHER LET REVER PDFBOOKSFORUM.COM.pdf,/Users/lyndon/All reviewers/Sept2026_LET Reviewer Files/C. BEED&BSED REVIEWER BOOKS-/A. TOPNOTCHER LET REVER PDFBOOKSFORUM.COM.pdf,"Universiti impact in the locality where they belong. therefore, they should conduct m? A.C = Visit For more Pdf's Book: Ri tection Pdfbooksforum.com",,,,,,,,,,,,,B,,Both,General Education,Needs Review,Cannot Determine,No,,0.70,Incomplete,Path explicitly groups BEED and BSED. Text extracted by OCR from scanned PDF; reviewer spot-check recommended. Correct answer sourced from detected answer key section.
631,21,7-8,A. TOPNOTCHER LET REVER PDFBOOKSFORUM.COM.pdf,/Users/lyndon/All reviewers/Sept2026_LET Reviewer Files/C. BEED&BSED REVIEWER BOOKS-/A. TOPNOTCHER LET REVER PDFBOOKSFORUM.COM.pdf,Which is nota role of an existentialist teacher?,,,Authoritarian and strict,,Good provider of experiences and rtunitics,,Effective questioner and communiclagit FOr,,Promotes the development of self-if@iROOkS,,,,A,,Both,Professional Education,Needs Review,Cannot Determine,No,,0.70,Needs Review,Path explicitly groups BEED and BSED. Text extracted by OCR from scanned PDF; reviewer spot-check recommended. Correct answer sourced from detected answer key section. OCR answer-key alignment and choice text must be manually verified before upload.
632,22,8-9,A. TOPNOTCHER LET REVER PDFBOOKSFORUM.COM.pdf,/Users/lyndon/All reviewers/Sept2026_LET Reviewer Files/C. BEED&BSED REVIEWER BOOKS-/A. TOPNOTCHER LET REVER PDFBOOKSFORUM.COM.pdf,Principal A tells his teachers that training in the humanities is most important. On which educational philosophy Principal A adheres to?,,,Perennialism,,,,Existentialism,,,,,,B,,Both,General Education,Needs Review,Cannot Determine,No,,0.70,Incomplete,Path explicitly groups BEED and BSED. Text extracted by OCR from scanned PDF; reviewer spot-check recommended. Correct answer sourced from detected answer key section.
633,23,9,A. TOPNOTCHER LET REVER PDFBOOKSFORUM.COM.pdf,/Users/lyndon/All reviewers/Sept2026_LET Reviewer Files/C. BEED&BSED REVIEWER BOOKS-/A. TOPNOTCHER LET REVER PDFBOOKSFORUM.COM.pdf,"He wrote ""The Schoolmaster” condemning brutal punishment in English si time. .<",,,Herbart “Y,,Fontana >,,,,Ascham <>,,,,D,,Both,English,Needs Review,Cannot Determine,No,,0.70,Incomplete,Path explicitly groups BEED and BSED. Text extracted by OCR from scanned PDF; reviewer spot-check recommended. Correct answer sourced from detected answer key section.
634,24,9,A. TOPNOTCHER LET REVER PDFBOOKSFORUM.COM.pdf,/Users/lyndon/All reviewers/Sept2026_LET Reviewer Files/C. BEED&BSED REVIEWER BOOKS-/A. TOPNOTCHER LET REVER PDFBOOKSFORUM.COM.pdf,Which of the following should Mr. Peralta primarily won comin the right instructional media in his class?,,,The listener,,The instructional activity,,The environment WN,,,,,,D,,Both,General Education,Needs Review,Cannot Determine,No,,0.70,Incomplete,Path explicitly groups BEED and BSED. Text extracted by OCR from scanned PDF; reviewer spot-check recommended. Correct answer sourced from detected answer key section.
635,25,9,A. TOPNOTCHER LET REVER PDFBOOKSFORUM.COM.pdf,/Users/lyndon/All reviewers/Sept2026_LET Reviewer Files/C. BEED&BSED REVIEWER BOOKS-/A. TOPNOTCHER LET REVER PDFBOOKSFORUM.COM.pdf,The progressivists emphasized thej ity of the child. What is the cancem of the feconstructionists?,,,Social problem &,,Experiential learning >,,Socialization,,Research &,,,,A,,Both,General Education,Child Development,Cannot Determine,No,,0.70,Needs Review,Path explicitly groups BEED and BSED. Text extracted by OCR from scanned PDF; reviewer spot-check recommended. Correct answer sourced from detected answer key section. OCR answer-key alignment and choice text must be manually verified before upload.
636,26,9,A. TOPNOTCHER LET REVER PDFBOOKSFORUM.COM.pdf,/Users/lyndon/All reviewers/Sept2026_LET Reviewer Files/C. BEED&BSED REVIEWER BOOKS-/A. TOPNOTCHER LET REVER PDFBOOKSFORUM.COM.pdf,Which a teacher exemplify when she lectures most of the time and requires her ize the rules on subject-verb agreement?,,,Exi;,,Visit For more Pdf's Books Pdfbooksforum.com ph ism,,,,,,,,C,,Both,Professional Education,Grammar,Cannot Determine,No,,0.70,Incomplete,Path explicitly groups BEED and BSED. Text extracted by OCR from scanned PDF; reviewer spot-check recommended. Correct answer sourced from detected answer key section.
637,27,9-10,A. TOPNOTCHER LET REVER PDFBOOKSFORUM.COM.pdf,/Users/lyndon/All reviewers/Sept2026_LET Reviewer Files/C. BEED&BSED REVIEWER BOOKS-/A. TOPNOTCHER LET REVER PDFBOOKSFORUM.COM.pdf,Teacher Sheena adds fificen minutes of reading period to her instructional time. What level of operations for improvement cxcmplifics?,,,Substitution iF Restructuring Visit For more Pdf's Book ©: Nariation: Pdfbooksforum.com,,,,,,Alternation,,,,D,,Both,Professional Education,Needs Review,Cannot Determine,No,,0.70,Incomplete,Path explicitly groups BEED and BSED. Text extracted by OCR from scanned PDF; reviewer spot-check recommended. Correct answer sourced from detected answer key section.
638,28,10-11,A. TOPNOTCHER LET REVER PDFBOOKSFORUM.COM.pdf,/Users/lyndon/All reviewers/Sept2026_LET Reviewer Files/C. BEED&BSED REVIEWER BOOKS-/A. TOPNOTCHER LET REVER PDFBOOKSFORUM.COM.pdf,Which of the following school activitics is not based on Social Reconstructionism?,,,Promoting culture and arts in school,,Establishment of SDF,,Oplan Brigada Eskwela,,Annual Feeding and Nutrition Program,,,,A,,Both,Professional Education,Needs Review,Cannot Determine,No,,0.70,Needs Review,Path explicitly groups BEED and BSED. Text extracted by OCR from scanned PDF; reviewer spot-check recommended. Correct answer sourced from detected answer key section. OCR answer-key alignment and choice text must be manually verified before upload.
639,29,11,A. TOPNOTCHER LET REVER PDFBOOKSFORUM.COM.pdf,/Users/lyndon/All reviewers/Sept2026_LET Reviewer Files/C. BEED&BSED REVIEWER BOOKS-/A. TOPNOTCHER LET REVER PDFBOOKSFORUM.COM.pdf,"What best describes “puwede na” mentality vs. execllence in service/work? A,",,,Committed work Gy,,Resignation to mediocrity ‘\,,Striving to be the best >,,Not doing at all N'3,,,,B,,Both,General Education,Needs Review,Cannot Determine,No,,0.70,Needs Review,Path explicitly groups BEED and BSED. Text extracted by OCR from scanned PDF; reviewer spot-check recommended. Correct answer sourced from detected answer key section. OCR answer-key alignment and choice text must be manually verified before upload.
640,30,11,A. TOPNOTCHER LET REVER PDFBOOKSFORUM.COM.pdf,/Users/lyndon/All reviewers/Sept2026_LET Reviewer Files/C. BEED&BSED REVIEWER BOOKS-/A. TOPNOTCHER LET REVER PDFBOOKSFORUM.COM.pdf,Which was the FIRST body to perform regulatory functions ov cx. profession in the Philippines?,,,Professional Board of Teachers Cy,,Civil Service Commission,,Professional Regulation Commission aN,,National Board of Teachers &,,,,B,,Both,General Education,Needs Review,Cannot Determine,No,,0.70,Needs Review,Path explicitly groups BEED and BSED. Text extracted by OCR from scanned PDF; reviewer spot-check recommended. Correct answer sourced from detected answer key section. OCR answer-key alignment and choice text must be manually verified before upload.
641,31,11,A. TOPNOTCHER LET REVER PDFBOOKSFORUM.COM.pdf,/Users/lyndon/All reviewers/Sept2026_LET Reviewer Files/C. BEED&BSED REVIEWER BOOKS-/A. TOPNOTCHER LET REVER PDFBOOKSFORUM.COM.pdf,Which of the following practices is a of routines?,,,Use of overlapping techniques,,Planning distinct types and seq s pupil activity,,Collection of materials during minutes of the class session,,Minimize time spent on disci,,,,B,,Both,General Education,Needs Review,Cannot Determine,No,,0.70,Needs Review,Path explicitly groups BEED and BSED. Text extracted by OCR from scanned PDF; reviewer spot-check recommended. Correct answer sourced from detected answer key section. OCR answer-key alignment and choice text must be manually verified before upload.
642,32,11-12,A. TOPNOTCHER LET REVER PDFBOOKSFORUM.COM.pdf,/Users/lyndon/All reviewers/Sept2026_LET Reviewer Files/C. BEED&BSED REVIEWER BOOKS-/A. TOPNOTCHER LET REVER PDFBOOKSFORUM.COM.pdf,"Since Teacher tear to be more reliable, which of the following should she adopt?",,,Make the test ot,,Human rights issues Visit For more Pdf's Books,,Wages and incentives Pdfbooksforum.com,,Loyalty for company and real work PROFESSIONAL EDUCATION - SETA,,,,,,Both,Professional Education,Needs Review,Cannot Determine,No,,0.72,Needs Answer,"Path explicitly groups BEED and BSED. Text extracted by OCR from scanned PDF; reviewer spot-check recommended. OCR text contains answer-key language, but this item was not matched confidently."
643,34,12,A. TOPNOTCHER LET REVER PDFBOOKSFORUM.COM.pdf,/Users/lyndon/All reviewers/Sept2026_LET Reviewer Files/C. BEED&BSED REVIEWER BOOKS-/A. TOPNOTCHER LET REVER PDFBOOKSFORUM.COM.pdf,Which of the following acts constitute an offense based on Cybercrime Law?,,,Cyber-squatting,,System Interface,,Solicited commercial communication,,None of the sbove,,,,A,,Both,General Education,Government,Cannot Determine,No,,0.70,Needs Review,Path explicitly groups BEED and BSED. Text extracted by OCR from scanned PDF; reviewer spot-check recommended. Correct answer sourced from detected answer key section. OCR answer-key alignment and choice text must be manually verified before upload.
644,35,12,A. TOPNOTCHER LET REVER PDFBOOKSFORUM.COM.pdf,/Users/lyndon/All reviewers/Sept2026_LET Reviewer Files/C. BEED&BSED REVIEWER BOOKS-/A. TOPNOTCHER LET REVER PDFBOOKSFORUM.COM.pdf,"Juana and Karlos are both public school teachers. are they automatically be employed in the school of the same locality? A,",,,Yes Se),,"Yes, when they reach 5 years in service as a public teacher »<",,"Maybe, whenever possible. >",,"Maybe, they must secure first permission to the City/Municipal Mayor Na",,,,C,,Both,Professional Education,Needs Review,Cannot Determine,No,,0.70,Needs Review,Path explicitly groups BEED and BSED. Text extracted by OCR from scanned PDF; reviewer spot-check recommended. Correct answer sourced from detected answer key section. OCR answer-key alignment and choice text must be manually verified before upload.
645,36,12,A. TOPNOTCHER LET REVER PDFBOOKSFORUM.COM.pdf,/Users/lyndon/All reviewers/Sept2026_LET Reviewer Files/C. BEED&BSED REVIEWER BOOKS-/A. TOPNOTCHER LET REVER PDFBOOKSFORUM.COM.pdf,Teacher Mina teaches for nine hours every day. Is her act justifi,,,Yes. That is the minimum number of actual teaching hours a 2,,Yes. It depends on the principal's supervision. a,,"No, Teachers are required only to render six hours of I ing a day.",,No. Teachers are required only to render cight hor teaching a day.,,,,C,,Both,Professional Education,Needs Review,Cannot Determine,No,,0.70,Needs Review,Path explicitly groups BEED and BSED. Text extracted by OCR from scanned PDF; reviewer spot-check recommended. Correct answer sourced from detected answer key section. OCR answer-key alignment and choice text must be manually verified before upload.
646,37,12-13,A. TOPNOTCHER LET REVER PDFBOOKSFORUM.COM.pdf,/Users/lyndon/All reviewers/Sept2026_LET Reviewer Files/C. BEED&BSED REVIEWER BOOKS-/A. TOPNOTCHER LET REVER PDFBOOKSFORUM.COM.pdf,Teacher Mario Ict his students to create a di event based on their imagination and self-expression. What educational philoso) exemplify?,,,Progressivism,,Perennialisi Visit For more Pdf's Books c bcm Pdfbooksforum.com,,,,Reconstructionist 7,,,,C,,Both,Information and Communication Technology,ICT in Education,Cannot Determine,No,,0.70,Incomplete,Path explicitly groups BEED and BSED. Text extracted by OCR from scanned PDF; reviewer spot-check recommended. Correct answer sourced from detected answer key section.
647,40,13-14,A. TOPNOTCHER LET REVER PDFBOOKSFORUM.COM.pdf,/Users/lyndon/All reviewers/Sept2026_LET Reviewer Files/C. BEED&BSED REVIEWER BOOKS-/A. TOPNOTCHER LET REVER PDFBOOKSFORUM.COM.pdf,A teacher who believes in the progressivist theory of cducation should embrace certain reforms in methodology. Which reform should be consistent with this theory?,,,Growth ‘\,,Learning >,,Active participation of stakcholders while instituting wage reforms,,Development \>,,,,D,,Both,Professional Education,Needs Review,Cannot Determine,No,,0.70,Needs Review,Path explicitly groups BEED and BSED. Text extracted by OCR from scanned PDF; reviewer spot-check recommended. Correct answer sourced from detected answer key section. OCR answer-key alignment and choice text must be manually verified before upload.
648,42,14,A. TOPNOTCHER LET REVER PDFBOOKSFORUM.COM.pdf,/Users/lyndon/All reviewers/Sept2026_LET Reviewer Files/C. BEED&BSED REVIEWER BOOKS-/A. TOPNOTCHER LET REVER PDFBOOKSFORUM.COM.pdf,What is the main tenet of Jean Piaget's Cognitive men,,,A child generally learns through observation,,A child actively secks knowledge,,A child undergoes scrics of predicted changes nt,,A child undergoes transition from an empty. one.,,,,B,,Both,General Education,Educational Psychology,Cannot Determine,No,,0.70,Needs Review,Path explicitly groups BEED and BSED. Text extracted by OCR from scanned PDF; reviewer spot-check recommended. Correct answer sourced from detected answer key section. OCR answer-key alignment and choice text must be manually verified before upload.
649,43,14,A. TOPNOTCHER LET REVER PDFBOOKSFORUM.COM.pdf,/Users/lyndon/All reviewers/Sept2026_LET Reviewer Files/C. BEED&BSED REVIEWER BOOKS-/A. TOPNOTCHER LET REVER PDFBOOKSFORUM.COM.pdf,"Jackson, a seven-year old boy tends toy car “Alex”. On what stage of cognitive development does Jackson belong? _-e",,,,,Enactive &,,,,Formal operational Rw,,,,B,,Both,General Education,Educational Psychology,Cannot Determine,No,,0.70,Incomplete,Path explicitly groups BEED and BSED. Text extracted by OCR from scanned PDF; reviewer spot-check recommended. Correct answer sourced from detected answer key section.
650,44,14,A. TOPNOTCHER LET REVER PDFBOOKSFORUM.COM.pdf,/Users/lyndon/All reviewers/Sept2026_LET Reviewer Files/C. BEED&BSED REVIEWER BOOKS-/A. TOPNOTCHER LET REVER PDFBOOKSFORUM.COM.pdf,Aeon in get ey i nein Som ed develop what istic? ALWi SS = ; Visit For more Pdf's Books Pe Pdfbooksforum.com,,,,,,,,,,,,,D,,Both,General Education,Needs Review,Cannot Determine,No,,0.70,Incomplete,Path explicitly groups BEED and BSED. Text extracted by OCR from scanned PDF; reviewer spot-check recommended. Correct answer sourced from detected answer key section.
651,45,14-15,A. TOPNOTCHER LET REVER PDFBOOKSFORUM.COM.pdf,/Users/lyndon/All reviewers/Sept2026_LET Reviewer Files/C. BEED&BSED REVIEWER BOOKS-/A. TOPNOTCHER LET REVER PDFBOOKSFORUM.COM.pdf,A’person who managed to resolved the identity crisis Trust vs. Mistrust tends to develop what particular characteristic?,,,Will,,Hope Visit For more Pdf's Bool €- Purpose Pdfbooksforum.com,,,,Fidelity,,,,,,Both,General Education,Needs Review,Cannot Determine,No,,0.47,Incomplete,"Path explicitly groups BEED and BSED. Text extracted by OCR from scanned PDF; reviewer spot-check recommended. OCR text contains answer-key language, but this item was not matched confidently."
652,46,15-16,A. TOPNOTCHER LET REVER PDFBOOKSFORUM.COM.pdf,/Users/lyndon/All reviewers/Sept2026_LET Reviewer Files/C. BEED&BSED REVIEWER BOOKS-/A. TOPNOTCHER LET REVER PDFBOOKSFORUM.COM.pdf,Which of the following theory can help Miss Corpuz determine the readiness of her learners by administering a readiness test?,,,Maturation Theory,,Conditioning Theory,,Cognitive Development Theory,,Psychosexual Theory,,,,,,Both,General Education,Assessment Tools,Cannot Determine,No,,0.72,Needs Answer,"Path explicitly groups BEED and BSED. Text extracted by OCR from scanned PDF; reviewer spot-check recommended. OCR text contains answer-key language, but this item was not matched confidently."
653,47,16,A. TOPNOTCHER LET REVER PDFBOOKSFORUM.COM.pdf,/Users/lyndon/All reviewers/Sept2026_LET Reviewer Files/C. BEED&BSED REVIEWER BOOKS-/A. TOPNOTCHER LET REVER PDFBOOKSFORUM.COM.pdf,Which of the following is the correct order of psychoscxual stages proposed by a,,,"Oral stage, phallic stage. anal stage, genital stage, latency stage",,"Scnsorimotor stage. pre-operational stage, concrete operational stage, fc es stage",,"Oral stage, anal stage, phallic stage, latency stage, genital stage",,"Sensorimotor stage, pre-conventional stage, concrete conventional al conventional stage <p",,,,C,,Both,General Education,Needs Review,Cannot Determine,No,,0.70,Needs Review,Path explicitly groups BEED and BSED. Text extracted by OCR from scanned PDF; reviewer spot-check recommended. Correct answer sourced from detected answer key section. OCR answer-key alignment and choice text must be manually verified before upload.
654,48,16,A. TOPNOTCHER LET REVER PDFBOOKSFORUM.COM.pdf,/Users/lyndon/All reviewers/Sept2026_LET Reviewer Files/C. BEED&BSED REVIEWER BOOKS-/A. TOPNOTCHER LET REVER PDFBOOKSFORUM.COM.pdf,"According to Stemberg, intelligence has three --- Which does not belong to the group?",,,Analytical,,Practical,,Spatial \\,,Creative,,,,C,,Both,General Education,Educational Psychology,Cannot Determine,No,,0.70,Needs Review,Path explicitly groups BEED and BSED. Text extracted by OCR from scanned PDF; reviewer spot-check recommended. Correct answer sourced from detected answer key section. OCR answer-key alignment and choice text must be manually verified before upload.
655,49,16,A. TOPNOTCHER LET REVER PDFBOOKSFORUM.COM.pdf,/Users/lyndon/All reviewers/Sept2026_LET Reviewer Files/C. BEED&BSED REVIEWER BOOKS-/A. TOPNOTCHER LET REVER PDFBOOKSFORUM.COM.pdf,Children operating in this stage oe different degrees of wrongdoings demand different degrees of punishment A,,,,,Moral realism >,,Moral dilemma,,,,,,D,,Both,General Education,Economics,Cannot Determine,No,,0.70,Incomplete,Path explicitly groups BEED and BSED. Text extracted by OCR from scanned PDF; reviewer spot-check recommended. Correct answer sourced from detected answer key section.
656,50,16-17,A. TOPNOTCHER LET REVER PDFBOOKSFORUM.COM.pdf,/Users/lyndon/All reviewers/Sept2026_LET Reviewer Files/C. BEED&BSED REVIEWER BOOKS-/A. TOPNOTCHER LET REVER PDFBOOKSFORUM.COM.pdf,This refers AN Perspective and disposition,,,Assimilation _ Bh: Antoninceiaiten! Visit For more Pdf's Books,,"Apti 31.W a botthe-fed baby responds to a new toy by sucking it, what is occurring?",,Conservation Pdfbooksforum.com,,Concent formation PROFESSIONAL EDUCATION - SETA,,,,,,Both,General Education,Needs Review,Cannot Determine,No,,0.72,Needs Answer,"Path explicitly groups BEED and BSED. Text extracted by OCR from scanned PDF; reviewer spot-check recommended. OCR text contains answer-key language, but this item was not matched confidently."
657,52,17,A. TOPNOTCHER LET REVER PDFBOOKSFORUM.COM.pdf,/Users/lyndon/All reviewers/Sept2026_LET Reviewer Files/C. BEED&BSED REVIEWER BOOKS-/A. TOPNOTCHER LET REVER PDFBOOKSFORUM.COM.pdf,Which of the following questioning practices must be avoided?,,,Asking “Does anyone know...?” and “Who can tell us...7”,,"Aficr asking the question, wait until five or six students want to speak.",,"Start the crossfire by asking, “What's your opinion of that answer...?77",,Tactfully curb aggressive students.,,,,,,Both,General Education,Needs Review,Cannot Determine,No,,0.72,Needs Answer,"Path explicitly groups BEED and BSED. Text extracted by OCR from scanned PDF; reviewer spot-check recommended. OCR text contains answer-key language, but this item was not matched confidently."
658,53,17,A. TOPNOTCHER LET REVER PDFBOOKSFORUM.COM.pdf,/Users/lyndon/All reviewers/Sept2026_LET Reviewer Files/C. BEED&BSED REVIEWER BOOKS-/A. TOPNOTCHER LET REVER PDFBOOKSFORUM.COM.pdf,"What is an indispensable tool for developing Project-Based Learning? A,",,,Rubrics Sarg,,Learning log ‘\,,Portfolio ‘WY,,Ancedotal records Na,,,,,,Both,Professional Education,Needs Review,Cannot Determine,No,,0.72,Needs Answer,"Path explicitly groups BEED and BSED. Text extracted by OCR from scanned PDF; reviewer spot-check recommended. OCR text contains answer-key language, but this item was not matched confidently."
659,54,17,A. TOPNOTCHER LET REVER PDFBOOKSFORUM.COM.pdf,/Users/lyndon/All reviewers/Sept2026_LET Reviewer Files/C. BEED&BSED REVIEWER BOOKS-/A. TOPNOTCHER LET REVER PDFBOOKSFORUM.COM.pdf,Which of the following best exemplifies an individual high in androgyny?,,,A man who happily cooks the family’s mcal Q,,A man who works as a construction worker os),,A woman who happily wash the family’s clothes,,A woman who always changes the baby diapers ANY,,,,,,Both,General Education,Needs Review,Cannot Determine,No,,0.72,Needs Answer,"Path explicitly groups BEED and BSED. Text extracted by OCR from scanned PDF; reviewer spot-check recommended. OCR text contains answer-key language, but this item was not matched confidently."
660,55,17,A. TOPNOTCHER LET REVER PDFBOOKSFORUM.COM.pdf,/Users/lyndon/All reviewers/Sept2026_LET Reviewer Files/C. BEED&BSED REVIEWER BOOKS-/A. TOPNOTCHER LET REVER PDFBOOKSFORUM.COM.pdf,"Using Bloom’s Taxonomy, the highest a wing is.",,,Critical comprehension <,,Critical evaluation,,Integration Qq,,"Literal comprehension A,",,,,,,Both,General Education,Needs Review,Cannot Determine,No,,0.72,Needs Answer,"Path explicitly groups BEED and BSED. Text extracted by OCR from scanned PDF; reviewer spot-check recommended. OCR text contains answer-key language, but this item was not matched confidently."
661,56,17-18,A. TOPNOTCHER LET REVER PDFBOOKSFORUM.COM.pdf,/Users/lyndon/All reviewers/Sept2026_LET Reviewer Files/C. BEED&BSED REVIEWER BOOKS-/A. TOPNOTCHER LET REVER PDFBOOKSFORUM.COM.pdf,ee small steps that occur ow of the child's carly childhood.,,,Experiencing ups and downs in problem solving oy,,Perceiving means-ends relationships ‘\,,Reviewing past learning >,,Providing for appropriate practice tests Na,,,,,,Both,General Education,Child Development,Cannot Determine,No,,0.72,Needs Answer,"Path explicitly groups BEED and BSED. Text extracted by OCR from scanned PDF; reviewer spot-check recommended. OCR text contains answer-key language, but this item was not matched confidently."
662,60,18,A. TOPNOTCHER LET REVER PDFBOOKSFORUM.COM.pdf,/Users/lyndon/All reviewers/Sept2026_LET Reviewer Files/C. BEED&BSED REVIEWER BOOKS-/A. TOPNOTCHER LET REVER PDFBOOKSFORUM.COM.pdf,What is the purpose of chunking? Le),,,Increase comprehension of written materials,,Increase attention span +),,Increase the efficiency of short-term memory,,Increase the capacity of long-term memory AN,,,,C,,Both,General Education,Needs Review,Cannot Determine,No,,0.70,Needs Review,Path explicitly groups BEED and BSED. Text extracted by OCR from scanned PDF; reviewer spot-check recommended. Correct answer sourced from detected answer key section. OCR answer-key alignment and choice text must be manually verified before upload.
663,61,18,A. TOPNOTCHER LET REVER PDFBOOKSFORUM.COM.pdf,/Users/lyndon/All reviewers/Sept2026_LET Reviewer Files/C. BEED&BSED REVIEWER BOOKS-/A. TOPNOTCHER LET REVER PDFBOOKSFORUM.COM.pdf,"Which of the following occurs when Lito, id boy started to write his full name?",,,Growth <,,Development,,Maturation eR,,"Improvement A,",,,,B,,Both,General Education,Needs Review,Cannot Determine,No,,0.70,Needs Review,Path explicitly groups BEED and BSED. Text extracted by OCR from scanned PDF; reviewer spot-check recommended. Correct answer sourced from detected answer key section. OCR answer-key alignment and choice text must be manually verified before upload.
664,62,18-19,A. TOPNOTCHER LET REVER PDFBOOKSFORUM.COM.pdf,/Users/lyndon/All reviewers/Sept2026_LET Reviewer Files/C. BEED&BSED REVIEWER BOOKS-/A. TOPNOTCHER LET REVER PDFBOOKSFORUM.COM.pdf,SS beside them and not wit with no interaction then the child manifests what stage of sone,,,Solitary play,,Meeting social and civie obligation Visit For more Pdf's Books,,Helping teenage children to become happy and responsibld’ dfbooksforum.com,,Acquiring values and an cthical system to guide behavior PROFESSIONAL EDUCATION - SETA,,,,D,,Both,General Education,Child Development,Cannot Determine,No,,0.70,Needs Review,Path explicitly groups BEED and BSED. Text extracted by OCR from scanned PDF; reviewer spot-check recommended. Correct answer sourced from detected answer key section. OCR answer-key alignment and choice text must be manually verified before upload.
665,64,19,A. TOPNOTCHER LET REVER PDFBOOKSFORUM.COM.pdf,/Users/lyndon/All reviewers/Sept2026_LET Reviewer Files/C. BEED&BSED REVIEWER BOOKS-/A. TOPNOTCHER LET REVER PDFBOOKSFORUM.COM.pdf,"A burglary occurred in Jonathan’s neighborhood. Since then, Jonathan is very careful of locking their doors and closing windows. What theory best explains Jonathan's behavior?",,,Observational Icarning,,Vicarious learning,,Self-regulated Iearning,,Imitation Icarning,,,,B,,Both,General Education,Educational Psychology,Cannot Determine,No,,0.70,Needs Review,Path explicitly groups BEED and BSED. Text extracted by OCR from scanned PDF; reviewer spot-check recommended. Correct answer sourced from detected answer key section. OCR answer-key alignment and choice text must be manually verified before upload.
666,65,19,A. TOPNOTCHER LET REVER PDFBOOKSFORUM.COM.pdf,/Users/lyndon/All reviewers/Sept2026_LET Reviewer Files/C. BEED&BSED REVIEWER BOOKS-/A. TOPNOTCHER LET REVER PDFBOOKSFORUM.COM.pdf,"According to Thorndike, what law states that the strength of a connection is a the consequence of the response? N",,,Law of effect >,,Law of exercise YD,,Law of disuse fe),,Law of Readiness <<,,,,,,Both,General Education,Government,Cannot Determine,No,,0.72,Needs Answer,"Path explicitly groups BEED and BSED. Text extracted by OCR from scanned PDF; reviewer spot-check recommended. OCR text contains answer-key language, but this item was not matched confidently."
667,66,19,A. TOPNOTCHER LET REVER PDFBOOKSFORUM.COM.pdf,/Users/lyndon/All reviewers/Sept2026_LET Reviewer Files/C. BEED&BSED REVIEWER BOOKS-/A. TOPNOTCHER LET REVER PDFBOOKSFORUM.COM.pdf,A candidate got cum he Shc ni back stage. she threw the clothes that she will use for the next ol What type of defense mechanism was used in this situation?,,,Undoing,,Compensation WN,,Displacement,,Rationalization we,,,,,,Both,General Education,Needs Review,Cannot Determine,No,,0.72,Needs Answer,"Path explicitly groups BEED and BSED. Text extracted by OCR from scanned PDF; reviewer spot-check recommended. OCR text contains answer-key language, but this item was not matched confidently."
668,67,19,A. TOPNOTCHER LET REVER PDFBOOKSFORUM.COM.pdf,/Users/lyndon/All reviewers/Sept2026_LET Reviewer Files/C. BEED&BSED REVIEWER BOOKS-/A. TOPNOTCHER LET REVER PDFBOOKSFORUM.COM.pdf,What type of defense i iN 2 person cover-up his weaknesses by indulging in another arca’?,,,Compensation »*>,,Indulging,,Displacement,,Undoing a,,,,,,Both,General Education,Needs Review,Cannot Determine,No,,0.72,Needs Answer,"Path explicitly groups BEED and BSED. Text extracted by OCR from scanned PDF; reviewer spot-check recommended. OCR text contains answer-key language, but this item was not matched confidently."
669,68,19,A. TOPNOTCHER LET REVER PDFBOOKSFORUM.COM.pdf,/Users/lyndon/All reviewers/Sept2026_LET Reviewer Files/C. BEED&BSED REVIEWER BOOKS-/A. TOPNOTCHER LET REVER PDFBOOKSFORUM.COM.pdf,What typeo tds ense mechanism wherein a person blames others or attributes one’s undesi i to others?,,,Undoity : Riots izatio Visit For more Pdf's Books ~ Displacement Pdfbooksforum.com,,,,,,,,,,D,,Both,General Education,Needs Review,Cannot Determine,No,,0.70,Incomplete,Path explicitly groups BEED and BSED. Text extracted by OCR from scanned PDF; reviewer spot-check recommended. Correct answer sourced from detected answer key section.
670,69,19-20,A. TOPNOTCHER LET REVER PDFBOOKSFORUM.COM.pdf,/Users/lyndon/All reviewers/Sept2026_LET Reviewer Files/C. BEED&BSED REVIEWER BOOKS-/A. TOPNOTCHER LET REVER PDFBOOKSFORUM.COM.pdf,"This thinking includes fluent thinking, flexible thinking, original thinking.",,,Convergent thinking,,Divergent thinking _,,Creative thinking Visit For more Pdf's,,Holistic thinking Pdfbooksforum.con,,,,B,,Both,General Education,Needs Review,Cannot Determine,No,,0.70,Needs Review,Path explicitly groups BEED and BSED. Text extracted by OCR from scanned PDF; reviewer spot-check recommended. Correct answer sourced from detected answer key section. OCR answer-key alignment and choice text must be manually verified before upload.
671,70,20-21,A. TOPNOTCHER LET REVER PDFBOOKSFORUM.COM.pdf,/Users/lyndon/All reviewers/Sept2026_LET Reviewer Files/C. BEED&BSED REVIEWER BOOKS-/A. TOPNOTCHER LET REVER PDFBOOKSFORUM.COM.pdf,What type of thinking is characterized by the generation of lots of ideas and thoughts flow rapidly?,,,Original thinking,,Elaborative thinking,,Flexible thinking,,Fluent thinking,,,,D,,Both,General Education,Needs Review,Cannot Determine,No,,0.70,Needs Review,Path explicitly groups BEED and BSED. Text extracted by OCR from scanned PDF; reviewer spot-check recommended. Correct answer sourced from detected answer key section. OCR answer-key alignment and choice text must be manually verified before upload.
672,71,21,A. TOPNOTCHER LET REVER PDFBOOKSFORUM.COM.pdf,/Users/lyndon/All reviewers/Sept2026_LET Reviewer Files/C. BEED&BSED REVIEWER BOOKS-/A. TOPNOTCHER LET REVER PDFBOOKSFORUM.COM.pdf,It is characterized by a varicty of thoughts in the kinds of ideas gencrated. SS,,,,,,,"Elaborative thinking > D, Fluent thinking rey",,,,,,,,Both,General Education,Needs Review,Cannot Determine,No,,0.47,Incomplete,"Path explicitly groups BEED and BSED. Text extracted by OCR from scanned PDF; reviewer spot-check recommended. OCR text contains answer-key language, but this item was not matched confidently."
673,72,21,A. TOPNOTCHER LET REVER PDFBOOKSFORUM.COM.pdf,/Users/lyndon/All reviewers/Sept2026_LET Reviewer Files/C. BEED&BSED REVIEWER BOOKS-/A. TOPNOTCHER LET REVER PDFBOOKSFORUM.COM.pdf,The kind whence nt nee,,,Symbolic =),,Latent is s,,,,Iconic &,,,,B,,Both,General Education,Needs Review,Cannot Determine,No,,0.70,Incomplete,Path explicitly groups BEED and BSED. Text extracted by OCR from scanned PDF; reviewer spot-check recommended. Correct answer sourced from detected answer key section.
674,73,21,A. TOPNOTCHER LET REVER PDFBOOKSFORUM.COM.pdf,/Users/lyndon/All reviewers/Sept2026_LET Reviewer Files/C. BEED&BSED REVIEWER BOOKS-/A. TOPNOTCHER LET REVER PDFBOOKSFORUM.COM.pdf,What kind of strategy does a teacher Eee understood by a student? ay,,,,,,,Decoding strategy,,Communication VY,,,,D,,Both,Professional Education,Needs Review,Cannot Determine,No,,0.70,Incomplete,Path explicitly groups BEED and BSED. Text extracted by OCR from scanned PDF; reviewer spot-check recommended. Correct answer sourced from detected answer key section.
675,74,21,A. TOPNOTCHER LET REVER PDFBOOKSFORUM.COM.pdf,/Users/lyndon/All reviewers/Sept2026_LET Reviewer Files/C. BEED&BSED REVIEWER BOOKS-/A. TOPNOTCHER LET REVER PDFBOOKSFORUM.COM.pdf,How can a down and interruptions” in daily class procedures?,,,Intelligence,,Potentials Visit For more Pdf's Book,,Emotional development Pdfbooksforum.com,,Interest,,,,,,Both,General Education,Needs Review,Cannot Determine,No,,0.72,Needs Answer,"Path explicitly groups BEED and BSED. Text extracted by OCR from scanned PDF; reviewer spot-check recommended. OCR text contains answer-key language, but this item was not matched confidently."
676,76,21-22,A. TOPNOTCHER LET REVER PDFBOOKSFORUM.COM.pdf,/Users/lyndon/All reviewers/Sept2026_LET Reviewer Files/C. BEED&BSED REVIEWER BOOKS-/A. TOPNOTCHER LET REVER PDFBOOKSFORUM.COM.pdf,The following are Adler's personality type except for onc:,,,Getting type,,Complaint type,,Ruling type,,Avoiding type,,,,B,,Both,General Education,Needs Review,Cannot Determine,No,,0.70,Needs Review,Path explicitly groups BEED and BSED. Text extracted by OCR from scanned PDF; reviewer spot-check recommended. Correct answer sourced from detected answer key section. OCR answer-key alignment and choice text must be manually verified before upload.
677,77,22,A. TOPNOTCHER LET REVER PDFBOOKSFORUM.COM.pdf,/Users/lyndon/All reviewers/Sept2026_LET Reviewer Files/C. BEED&BSED REVIEWER BOOKS-/A. TOPNOTCHER LET REVER PDFBOOKSFORUM.COM.pdf,"Which of the following is not included in Galen's types of personality? A,",,,Repression,,Displacement ),,Regression,,Reaction formation AN,,,,C,,Both,General Education,Needs Review,Cannot Determine,No,,0.70,Needs Review,Path explicitly groups BEED and BSED. Text extracted by OCR from scanned PDF; reviewer spot-check recommended. Correct answer sourced from detected answer key section. OCR answer-key alignment and choice text must be manually verified before upload.
678,79,22,A. TOPNOTCHER LET REVER PDFBOOKSFORUM.COM.pdf,/Users/lyndon/All reviewers/Sept2026_LET Reviewer Files/C. BEED&BSED REVIEWER BOOKS-/A. TOPNOTCHER LET REVER PDFBOOKSFORUM.COM.pdf,What is an cxample of a book or writing i oral knowledge of the very young readers?,,,Les Miserable,,Romeo and Julict &,,Diary of Anne Frank A,,Jack and the Beanstalk &,,,,D,,Both,General Education,Needs Review,Cannot Determine,No,,0.70,Needs Review,Path explicitly groups BEED and BSED. Text extracted by OCR from scanned PDF; reviewer spot-check recommended. Correct answer sourced from detected answer key section. OCR answer-key alignment and choice text must be manually verified before upload.
679,80,22,A. TOPNOTCHER LET REVER PDFBOOKSFORUM.COM.pdf,/Users/lyndon/All reviewers/Sept2026_LET Reviewer Files/C. BEED&BSED REVIEWER BOOKS-/A. TOPNOTCHER LET REVER PDFBOOKSFORUM.COM.pdf,This results when i y between one’s attitude and behavior.,,,Social cognition,,Social i q,,Cognitive dis,,Cogniti,,,,,,Both,General Education,Educational Psychology,Cannot Determine,No,,0.72,Needs Answer,"Path explicitly groups BEED and BSED. Text extracted by OCR from scanned PDF; reviewer spot-check recommended. OCR text contains answer-key language, but this item was not matched confidently."
680,81,22-23,A. TOPNOTCHER LET REVER PDFBOOKSFORUM.COM.pdf,/Users/lyndon/All reviewers/Sept2026_LET Reviewer Files/C. BEED&BSED REVIEWER BOOKS-/A. TOPNOTCHER LET REVER PDFBOOKSFORUM.COM.pdf,f thc following is not a theory of aggression? Aggression theory 4 2 Theory Visit For more Pdf's Bool,,,,,,,Biological Theory” Pdfbooksforum.com,,Psychoanalytic Theory PROFESSIONAL EDUCATION - SET A,,,,,,Both,General Education,Needs Review,Cannot Determine,No,,0.47,Incomplete,"Path explicitly groups BEED and BSED. Text extracted by OCR from scanned PDF; reviewer spot-check recommended. OCR text contains answer-key language, but this item was not matched confidently."
681,82,23,A. TOPNOTCHER LET REVER PDFBOOKSFORUM.COM.pdf,/Users/lyndon/All reviewers/Sept2026_LET Reviewer Files/C. BEED&BSED REVIEWER BOOKS-/A. TOPNOTCHER LET REVER PDFBOOKSFORUM.COM.pdf,All of the following are crucial elements in a Multi-grade classroom EXCEPT: 1. Community Participation II. Students” Role U1. Planning a Lesson and Evaluation I'V_ Questioning technique,,,Subject Staggering Option “\v,,Integrated Day Option >,,Subject Integration Option i),,Subject Grouping Option <,,,,,,Both,Professional Education,Teaching Strategies,Cannot Determine,No,,0.72,Needs Answer,"Path explicitly groups BEED and BSED. Text extracted by OCR from scanned PDF; reviewer spot-check recommended. OCR text contains answer-key language, but this item was not matched confidently."
682,84,23,A. TOPNOTCHER LET REVER PDFBOOKSFORUM.COM.pdf,/Users/lyndon/All reviewers/Sept2026_LET Reviewer Files/C. BEED&BSED REVIEWER BOOKS-/A. TOPNOTCHER LET REVER PDFBOOKSFORUM.COM.pdf,What type of modified instruction described when pupils eine choose what subject to study and when to study it?,,,Subject Staggering Option AN,,Integrated Day Option <&,,Subject Integration Option SS,,Subject Grouping Option SV,,,,B,,Both,Professional Education,Teaching Strategies,Cannot Determine,No,,0.70,Needs Review,Path explicitly groups BEED and BSED. Text extracted by OCR from scanned PDF; reviewer spot-check recommended. Correct answer sourced from detected answer key section. OCR answer-key alignment and choice text must be manually verified before upload.
683,85,23,A. TOPNOTCHER LET REVER PDFBOOKSFORUM.COM.pdf,/Users/lyndon/All reviewers/Sept2026_LET Reviewer Files/C. BEED&BSED REVIEWER BOOKS-/A. TOPNOTCHER LET REVER PDFBOOKSFORUM.COM.pdf,"Prof. Anonucvo used wi s, and models in teaching mathematics to help her students understand the subject. What principle did he bear in mind when he used the materials?",,,Vi,,Radi io materials Visit For more Pdf's Books periodicals Pdfbooksforum.com E of the above,,Breadth,,"Variety « 86, Which ing technologies provides iconic experiences?",,,,,,Both,Mathematics,Needs Review,Cannot Determine,No,,0.72,Needs Answer,"Path explicitly groups BEED and BSED. Text extracted by OCR from scanned PDF; reviewer spot-check recommended. OCR text contains answer-key language, but this item was not matched confidently."
684,87,23-25,A. TOPNOTCHER LET REVER PDFBOOKSFORUM.COM.pdf,/Users/lyndon/All reviewers/Sept2026_LET Reviewer Files/C. BEED&BSED REVIEWER BOOKS-/A. TOPNOTCHER LET REVER PDFBOOKSFORUM.COM.pdf,Mr. Castro asked his students to illustrate what they have understood from what they have read. Which of the following non-projected visuals was Mr. Castro referring to?,passage_page_23_q87,,Print materials B: Graphics Visit For more Pdf's Book C-Mod Pdfbooksforum.com,,,,,,Realias PROFESSIONAL EDUCATION - SETA,,,,B,,Both,General Education,Needs Review,Cannot Determine,No,,0.70,Incomplete,Path explicitly groups BEED and BSED. Text extracted by OCR from scanned PDF; reviewer spot-check recommended. Correct answer sourced from detected answer key section.
685,88,25,A. TOPNOTCHER LET REVER PDFBOOKSFORUM.COM.pdf,/Users/lyndon/All reviewers/Sept2026_LET Reviewer Files/C. BEED&BSED REVIEWER BOOKS-/A. TOPNOTCHER LET REVER PDFBOOKSFORUM.COM.pdf,Which of the following categories of CAI Will you use in your class if your objective is to increase proficiency in a newly bearned skill or refresh an cxisting onc.,,,Tutorial,,Instructional game,,Simulation,,"Drill and practice A,",,,,D,,Both,General Education,Needs Review,Cannot Determine,No,,0.70,Needs Review,Path explicitly groups BEED and BSED. Text extracted by OCR from scanned PDF; reviewer spot-check recommended. Correct answer sourced from detected answer key section. OCR answer-key alignment and choice text must be manually verified before upload.
686,89,25,A. TOPNOTCHER LET REVER PDFBOOKSFORUM.COM.pdf,/Users/lyndon/All reviewers/Sept2026_LET Reviewer Files/C. BEED&BSED REVIEWER BOOKS-/A. TOPNOTCHER LET REVER PDFBOOKSFORUM.COM.pdf,Which of the following is an incffective usc of presentation software? ),,,"Darken the room "">",,Read dircetly from the slides CD,,Use appropriate pacing re),,Allow interaction with the learner <,,,,B,,Both,General Education,ICT in Education,Cannot Determine,No,,0.70,Needs Review,Path explicitly groups BEED and BSED. Text extracted by OCR from scanned PDF; reviewer spot-check recommended. Correct answer sourced from detected answer key section. OCR answer-key alignment and choice text must be manually verified before upload.
687,90,25,A. TOPNOTCHER LET REVER PDFBOOKSFORUM.COM.pdf,/Users/lyndon/All reviewers/Sept2026_LET Reviewer Files/C. BEED&BSED REVIEWER BOOKS-/A. TOPNOTCHER LET REVER PDFBOOKSFORUM.COM.pdf,Wt rt apne oii fd if your objective is to help them find and use information resources available i i ?,,,Web quests we,,Scavenger hunt Ny,,,,,,,,,,Both,General Education,Needs Review,Cannot Determine,No,,0.47,Incomplete,"Path explicitly groups BEED and BSED. Text extracted by OCR from scanned PDF; reviewer spot-check recommended. OCR text contains answer-key language, but this item was not matched confidently."
688,91,25,A. TOPNOTCHER LET REVER PDFBOOKSFORUM.COM.pdf,/Users/lyndon/All reviewers/Sept2026_LET Reviewer Files/C. BEED&BSED REVIEWER BOOKS-/A. TOPNOTCHER LET REVER PDFBOOKSFORUM.COM.pdf,"Itis impractical to bring real obj so Ms, Lualthati constructed a three- dimensional visual instead. Whi following did she construct?",,,Model,,Chart >,,Realia,,Figure q,,,,,,Both,General Education,Needs Review,Cannot Determine,No,,0.72,Needs Answer,"Path explicitly groups BEED and BSED. Text extracted by OCR from scanned PDF; reviewer spot-check recommended. OCR text contains answer-key language, but this item was not matched confidently."
689,92,25,A. TOPNOTCHER LET REVER PDFBOOKSFORUM.COM.pdf,/Users/lyndon/All reviewers/Sept2026_LET Reviewer Files/C. BEED&BSED REVIEWER BOOKS-/A. TOPNOTCHER LET REVER PDFBOOKSFORUM.COM.pdf,What desi; established when there is an interrelatedness of various aspects of the curriculum?,,,,,Am . Visit For more Pdf's Books Pdfbooksforum.com s inuity,,,,,,,,,,Both,Curriculum Development,Curriculum Models,Cannot Determine,No,,0.47,Incomplete,"Path explicitly groups BEED and BSED. Text extracted by OCR from scanned PDF; reviewer spot-check recommended. OCR text contains answer-key language, but this item was not matched confidently."
690,93,25-26,A. TOPNOTCHER LET REVER PDFBOOKSFORUM.COM.pdf,/Users/lyndon/All reviewers/Sept2026_LET Reviewer Files/C. BEED&BSED REVIEWER BOOKS-/A. TOPNOTCHER LET REVER PDFBOOKSFORUM.COM.pdf,What design clement established when there exists a vertical repetition and recurring of content in the curriculum?,,,Balance,,Articulation Visit For more Pdf's Boo legion Pdfbooksforum.com,,,,Continuity,,,,D,,Both,Curriculum Development,Curriculum Models,Cannot Determine,No,,0.70,Incomplete,Path explicitly groups BEED and BSED. Text extracted by OCR from scanned PDF; reviewer spot-check recommended. Correct answer sourced from detected answer key section.
691,94,26-27,A. TOPNOTCHER LET REVER PDFBOOKSFORUM.COM.pdf,/Users/lyndon/All reviewers/Sept2026_LET Reviewer Files/C. BEED&BSED REVIEWER BOOKS-/A. TOPNOTCHER LET REVER PDFBOOKSFORUM.COM.pdf,What do you call the alignment of the curriculum across all the subjects in a particular grade level?,,,Vertical alignment,,Horizontal alignment,,Lateral alignment,,Constructive alignment,,,,,,Both,Curriculum Development,Curriculum Models,Cannot Determine,No,,0.72,Needs Answer,"Path explicitly groups BEED and BSED. Text extracted by OCR from scanned PDF; reviewer spot-check recommended. OCR text contains answer-key language, but this item was not matched confidently."
692,95,27,A. TOPNOTCHER LET REVER PDFBOOKSFORUM.COM.pdf,/Users/lyndon/All reviewers/Sept2026_LET Reviewer Files/C. BEED&BSED REVIEWER BOOKS-/A. TOPNOTCHER LET REVER PDFBOOKSFORUM.COM.pdf,Andy is bilingual. He speaks both German and Filipino fluently. tenemos and immediately recognizes many similaritics between German and English use this information to grasp the new language faster. What kind of transfer,,,General transfer,,Lateral transfer ey,,Specific transfer,,Vertical transfer Q,,,,C,,Both,English,Needs Review,Cannot Determine,No,,0.70,Needs Review,Path explicitly groups BEED and BSED. Text extracted by OCR from scanned PDF; reviewer spot-check recommended. Correct answer sourced from detected answer key section. OCR answer-key alignment and choice text must be manually verified before upload.
693,96,27,A. TOPNOTCHER LET REVER PDFBOOKSFORUM.COM.pdf,/Users/lyndon/All reviewers/Sept2026_LET Reviewer Files/C. BEED&BSED REVIEWER BOOKS-/A. TOPNOTCHER LET REVER PDFBOOKSFORUM.COM.pdf,"This type of graphic organizer provides an approach inking that depends on looking at, what appears on the surface as, unrelated and drawing relevant connections afterwards.",,question_image_page_27_q96,Synecties WN,,Network Tree,,Ranking <,,Bridging Snapshots a,,,,,,Both,General Education,Needs Review,Cannot Determine,Yes,,0.47,Needs Image Extraction,"Path explicitly groups BEED and BSED. Text extracted by OCR from scanned PDF; reviewer spot-check recommended. OCR text contains answer-key language, but this item was not matched confidently. Scanned source page has visual-reference language; crop must be reviewed/extracted manually."
694,97,27,A. TOPNOTCHER LET REVER PDFBOOKSFORUM.COM.pdf,/Users/lyndon/All reviewers/Sept2026_LET Reviewer Files/C. BEED&BSED REVIEWER BOOKS-/A. TOPNOTCHER LET REVER PDFBOOKSFORUM.COM.pdf,What can help achieve relev: education’?,,,Strong curriculum oe,,Competent admini:,,,,Competent i,,,,D,,Both,General Education,Needs Review,Cannot Determine,No,,0.70,Incomplete,Path explicitly groups BEED and BSED. Text extracted by OCR from scanned PDF; reviewer spot-check recommended. Correct answer sourced from detected answer key section.
695,98,27,A. TOPNOTCHER LET REVER PDFBOOKSFORUM.COM.pdf,/Users/lyndon/All reviewers/Sept2026_LET Reviewer Files/C. BEED&BSED REVIEWER BOOKS-/A. TOPNOTCHER LET REVER PDFBOOKSFORUM.COM.pdf,The eho ne perception that the Philippines suffers a cultural malaise of i mponent of our character nceds to be further developed along the Learning to Be Pj ion in the 21st century? -cconomic component 2 |-cmotional component Visit For more Pdf's Books,,,,,,,Ethical-spiritual component Pdfbooksforum.com,,Familial-social component,,,,C,,Both,Professional Education,Needs Review,Cannot Determine,No,,0.70,Incomplete,Path explicitly groups BEED and BSED. Text extracted by OCR from scanned PDF; reviewer spot-check recommended. Correct answer sourced from detected answer key section.
696,99,27-28,A. TOPNOTCHER LET REVER PDFBOOKSFORUM.COM.pdf,/Users/lyndon/All reviewers/Sept2026_LET Reviewer Files/C. BEED&BSED REVIEWER BOOKS-/A. TOPNOTCHER LET REVER PDFBOOKSFORUM.COM.pdf,"Among mistaken goals in the Acceptance Approach to discipline, what happens when students defy adult by arguing. contradicting, teasing, temper tantrums, and low-level hostile behavior?",,,Power secking,,Revenge secking,,Withdrawal,,"Attention getting A,",,,,,,Both,General Education,Educational Psychology,Cannot Determine,No,,0.72,Needs Answer,"Path explicitly groups BEED and BSED. Text extracted by OCR from scanned PDF; reviewer spot-check recommended. OCR text contains answer-key language, but this item was not matched confidently."
697,100,28,A. TOPNOTCHER LET REVER PDFBOOKSFORUM.COM.pdf,/Users/lyndon/All reviewers/Sept2026_LET Reviewer Files/C. BEED&BSED REVIEWER BOOKS-/A. TOPNOTCHER LET REVER PDFBOOKSFORUM.COM.pdf,"Teacher Beltran explains his topic by filling his lectures with descriptions, interesting facts. What quality does his lecture possess?",,,Use of audiovisuals >,,Planned sequence >,,Elaboration through clements,,Deductive content Q,,,,C,,Both,Professional Education,Needs Review,Cannot Determine,No,,0.70,Needs Review,Path explicitly groups BEED and BSED. Text extracted by OCR from scanned PDF; reviewer spot-check recommended. Correct answer sourced from detected answer key section. OCR answer-key alignment and choice text must be manually verified before upload.
698,101,28,A. TOPNOTCHER LET REVER PDFBOOKSFORUM.COM.pdf,/Users/lyndon/All reviewers/Sept2026_LET Reviewer Files/C. BEED&BSED REVIEWER BOOKS-/A. TOPNOTCHER LET REVER PDFBOOKSFORUM.COM.pdf,"In avoiding implying sickness or suffering, which a way to refer those with disabilitics like leprosy? AN A.A person with leprosy &",,,,,A leprosy-stricken person WN,,,,A person infested with leprosy g,,,,A,,Both,General Education,Needs Review,Cannot Determine,No,,0.70,Incomplete,Path explicitly groups BEED and BSED. Text extracted by OCR from scanned PDF; reviewer spot-check recommended. Correct answer sourced from detected answer key section.
699,102,28,A. TOPNOTCHER LET REVER PDFBOOKSFORUM.COM.pdf,/Users/lyndon/All reviewers/Sept2026_LET Reviewer Files/C. BEED&BSED REVIEWER BOOKS-/A. TOPNOTCHER LET REVER PDFBOOKSFORUM.COM.pdf,"In avoiding discriminatory ion for those persons convicted, which of the following is the most preferable way to refe ?",,,Convicted criminal,,Jail inmate Vv,,Person deprived o,,sorter,,,,C,,Both,General Education,Needs Review,Cannot Determine,No,,0.70,Needs Review,Path explicitly groups BEED and BSED. Text extracted by OCR from scanned PDF; reviewer spot-check recommended. Correct answer sourced from detected answer key section. OCR answer-key alignment and choice text must be manually verified before upload.
700,104,28-29,A. TOPNOTCHER LET REVER PDFBOOKSFORUM.COM.pdf,/Users/lyndon/All reviewers/Sept2026_LET Reviewer Files/C. BEED&BSED REVIEWER BOOKS-/A. TOPNOTCHER LET REVER PDFBOOKSFORUM.COM.pdf,This method gives the learners puzzling situation and arc led to investigative work to solve the problem.,,,Deductive,,Inductive Visit For more Pdf's Book C- Laboratory Pdfbooksforum.com,,,,Inquiry,,,,D,,Both,General Education,Algebra,Cannot Determine,No,,0.70,Incomplete,Path explicitly groups BEED and BSED. Text extracted by OCR from scanned PDF; reviewer spot-check recommended. Correct answer sourced from detected answer key section.
701,105,29-30,A. TOPNOTCHER LET REVER PDFBOOKSFORUM.COM.pdf,/Users/lyndon/All reviewers/Sept2026_LET Reviewer Files/C. BEED&BSED REVIEWER BOOKS-/A. TOPNOTCHER LET REVER PDFBOOKSFORUM.COM.pdf,Teacher Alice usually combines several subject arcas in order to focus on a single idea for multidisciplinary teaching. What strategy did Teacher Alice utilize?,,,Thematic instruction,,Holistic strategy,,Integrative approach,,Unit method,,,,A,,Both,Professional Education,Needs Review,Cannot Determine,No,,0.70,Needs Review,Path explicitly groups BEED and BSED. Text extracted by OCR from scanned PDF; reviewer spot-check recommended. Correct answer sourced from detected answer key section. OCR answer-key alignment and choice text must be manually verified before upload.
702,106,30,A. TOPNOTCHER LET REVER PDFBOOKSFORUM.COM.pdf,/Users/lyndon/All reviewers/Sept2026_LET Reviewer Files/C. BEED&BSED REVIEWER BOOKS-/A. TOPNOTCHER LET REVER PDFBOOKSFORUM.COM.pdf,Which of the following statements about Dale’s Cone of Experience is TRUE? SS,,,"The closer you are from the basc, the more direct the learning experience",,"The farther you are from the base, the more direct the learning expericnee,",,The closer you are from the base the more symbolic the learning i,,None of the above. q,,,,A,,Both,General Education,Needs Review,Cannot Determine,No,,0.70,Needs Review,Path explicitly groups BEED and BSED. Text extracted by OCR from scanned PDF; reviewer spot-check recommended. Correct answer sourced from detected answer key section. OCR answer-key alignment and choice text must be manually verified before upload.
703,107,30,A. TOPNOTCHER LET REVER PDFBOOKSFORUM.COM.pdf,/Users/lyndon/All reviewers/Sept2026_LET Reviewer Files/C. BEED&BSED REVIEWER BOOKS-/A. TOPNOTCHER LET REVER PDFBOOKSFORUM.COM.pdf,"Jocy describes his Teacher Riza as “compassionate, appt just.” Which power docs Teacher Riza manifest? )",,,Legitimate power,,Expert power aN,,Referent power >,,Reward power AS,,,,,,Both,Professional Education,Needs Review,Cannot Determine,No,,0.72,Needs Answer,"Path explicitly groups BEED and BSED. Text extracted by OCR from scanned PDF; reviewer spot-check recommended. OCR text contains answer-key language, but this item was not matched confidently."
704,108,30,A. TOPNOTCHER LET REVER PDFBOOKSFORUM.COM.pdf,/Users/lyndon/All reviewers/Sept2026_LET Reviewer Files/C. BEED&BSED REVIEWER BOOKS-/A. TOPNOTCHER LET REVER PDFBOOKSFORUM.COM.pdf,"Noise inside the classroom has a “ee This implies that as a classroom manager, a teacher:",,,Responds to the misbehavior .,,Create classroom rules together with students. C_ Give the class additional activiti to keep busy,,,,Consistent in his classroom Management principles >,,,,,,Both,Professional Education,Needs Review,Cannot Determine,No,,0.47,Incomplete,"Path explicitly groups BEED and BSED. Text extracted by OCR from scanned PDF; reviewer spot-check recommended. OCR text contains answer-key language, but this item was not matched confidently."
705,109,30,A. TOPNOTCHER LET REVER PDFBOOKSFORUM.COM.pdf,/Users/lyndon/All reviewers/Sept2026_LET Reviewer Files/C. BEED&BSED REVIEWER BOOKS-/A. TOPNOTCHER LET REVER PDFBOOKSFORUM.COM.pdf,What level of fides research and extension and also development of professionals? A,,,Cognitive,,Thematic Visit For more Pdf's Book:,,Reflective Pdfbooksforum.com,,Constructivist,,,,B,,Both,General Education,Child Development,Cannot Determine,No,,0.70,Needs Review,Path explicitly groups BEED and BSED. Text extracted by OCR from scanned PDF; reviewer spot-check recommended. Correct answer sourced from detected answer key section. OCR answer-key alignment and choice text must be manually verified before upload.
706,111,30-31,A. TOPNOTCHER LET REVER PDFBOOKSFORUM.COM.pdf,/Users/lyndon/All reviewers/Sept2026_LET Reviewer Files/C. BEED&BSED REVIEWER BOOKS-/A. TOPNOTCHER LET REVER PDFBOOKSFORUM.COM.pdf,Who advocated the development of a child-centered curriculum?,,,Morrison,,Montessori,,Rousseau,,Herbart,,,,,,Both,Curriculum Development,Curriculum Models,Cannot Determine,No,,0.72,Needs Answer,"Path explicitly groups BEED and BSED. Text extracted by OCR from scanned PDF; reviewer spot-check recommended. OCR text contains answer-key language, but this item was not matched confidently."
707,112,31,A. TOPNOTCHER LET REVER PDFBOOKSFORUM.COM.pdf,/Users/lyndon/All reviewers/Sept2026_LET Reviewer Files/C. BEED&BSED REVIEWER BOOKS-/A. TOPNOTCHER LET REVER PDFBOOKSFORUM.COM.pdf,anna. qacr 7 uae aaa”. * pupils to formulate conclusion.? GS,,,Deductive NN,,Inquiry >,,Investigative >,,Problem solving ey,,,,D,,Both,General Education,Needs Review,Cannot Determine,No,,0.70,Needs Review,Path explicitly groups BEED and BSED. Text extracted by OCR from scanned PDF; reviewer spot-check recommended. Correct answer sourced from detected answer key section. OCR answer-key alignment and choice text must be manually verified before upload.
708,113,31,A. TOPNOTCHER LET REVER PDFBOOKSFORUM.COM.pdf,/Users/lyndon/All reviewers/Sept2026_LET Reviewer Files/C. BEED&BSED REVIEWER BOOKS-/A. TOPNOTCHER LET REVER PDFBOOKSFORUM.COM.pdf,Students tend to remember the first and last part of a list. effect do they manifest? ),,,Mnemonic cffect,,Hawthorme effect AN,,,,Serial position effect AY,,,,D,,Both,General Education,Needs Review,Cannot Determine,No,,0.70,Incomplete,Path explicitly groups BEED and BSED. Text extracted by OCR from scanned PDF; reviewer spot-check recommended. Correct answer sourced from detected answer key section.
709,114,31,A. TOPNOTCHER LET REVER PDFBOOKSFORUM.COM.pdf,/Users/lyndon/All reviewers/Sept2026_LET Reviewer Files/C. BEED&BSED REVIEWER BOOKS-/A. TOPNOTCHER LET REVER PDFBOOKSFORUM.COM.pdf,"To be an effective cl must be friendly, approachable, and sociable but atthe sametime -_? ns",,,"Rigid A,",,Business like &,,,,Strict >,,,,B,,Both,General Education,Needs Review,Cannot Determine,No,,0.70,Incomplete,Path explicitly groups BEED and BSED. Text extracted by OCR from scanned PDF; reviewer spot-check recommended. Correct answer sourced from detected answer key section.
710,115,31,A. TOPNOTCHER LET REVER PDFBOOKSFORUM.COM.pdf,/Users/lyndon/All reviewers/Sept2026_LET Reviewer Files/C. BEED&BSED REVIEWER BOOKS-/A. TOPNOTCHER LET REVER PDFBOOKSFORUM.COM.pdf,Which of ing is on the highest level of affective domain?,,,"Students wi to pay attention to a particular event, stimuli, or phenomenon. B.C worth or valuc a student attaches to a particular phenomenon, object, or behavi Visit For more Pdf's Book: i ies lc! Railay Sli: eye Pdfbooksforum.com with bringing together different values.",,,,,,,,,,,,Both,General Education,Needs Review,Cannot Determine,No,,0.47,Incomplete,"Path explicitly groups BEED and BSED. Text extracted by OCR from scanned PDF; reviewer spot-check recommended. OCR text contains answer-key language, but this item was not matched confidently."
711,116,31-33,A. TOPNOTCHER LET REVER PDFBOOKSFORUM.COM.pdf,/Users/lyndon/All reviewers/Sept2026_LET Reviewer Files/C. BEED&BSED REVIEWER BOOKS-/A. TOPNOTCHER LET REVER PDFBOOKSFORUM.COM.pdf,it refers to the environment of the curriculum and the real situation where the curriculum is operating.,,,Mobility,,Input Visit For more Pdf's Book,,Comext. Pdfbooksforum.com,,Listening comprehension,,,,C,,Both,Curriculum Development,Curriculum Models,Cannot Determine,No,,0.70,Needs Review,Path explicitly groups BEED and BSED. Text extracted by OCR from scanned PDF; reviewer spot-check recommended. Correct answer sourced from detected answer key section. OCR answer-key alignment and choice text must be manually verified before upload.
712,118,33,A. TOPNOTCHER LET REVER PDFBOOKSFORUM.COM.pdf,/Users/lyndon/All reviewers/Sept2026_LET Reviewer Files/C. BEED&BSED REVIEWER BOOKS-/A. TOPNOTCHER LET REVER PDFBOOKSFORUM.COM.pdf,"What level of Icarning described when there is sir nemasnn demonstrations, lot of reinforcement for accurate responding, show cxamples in A, Fluency >",,,,,Acquisition rey,,Application,,Generalization Q,,,,,,Both,General Education,Needs Review,Cannot Determine,No,,0.47,Incomplete,"Path explicitly groups BEED and BSED. Text extracted by OCR from scanned PDF; reviewer spot-check recommended. OCR text contains answer-key language, but this item was not matched confidently."
713,119,33,A. TOPNOTCHER LET REVER PDFBOOKSFORUM.COM.pdf,/Users/lyndon/All reviewers/Sept2026_LET Reviewer Files/C. BEED&BSED REVIEWER BOOKS-/A. TOPNOTCHER LET REVER PDFBOOKSFORUM.COM.pdf,Who introduced the philosophy on environmental,,,Herbart,,Nebel <-,,Locke WN,,,,,,,,Both,General Education,Needs Review,Cannot Determine,No,,0.47,Incomplete,"Path explicitly groups BEED and BSED. Text extracted by OCR from scanned PDF; reviewer spot-check recommended. OCR text contains answer-key language, but this item was not matched confidently."
714,120,33,A. TOPNOTCHER LET REVER PDFBOOKSFORUM.COM.pdf,/Users/lyndon/All reviewers/Sept2026_LET Reviewer Files/C. BEED&BSED REVIEWER BOOKS-/A. TOPNOTCHER LET REVER PDFBOOKSFORUM.COM.pdf,What curriculum design yaa subjects arc combined to form a subject arca?,,,Correlated &,,Core >,,Broadficlds,,,,,,,,Both,Curriculum Development,Curriculum Models,Cannot Determine,No,,0.47,Incomplete,"Path explicitly groups BEED and BSED. Text extracted by OCR from scanned PDF; reviewer spot-check recommended. OCR text contains answer-key language, but this item was not matched confidently."
715,128,33-35,A. TOPNOTCHER LET REVER PDFBOOKSFORUM.COM.pdf,/Users/lyndon/All reviewers/Sept2026_LET Reviewer Files/C. BEED&BSED REVIEWER BOOKS-/A. TOPNOTCHER LET REVER PDFBOOKSFORUM.COM.pdf,west Snecma assess the learners? pin. Visit For more Pdf's Books,,,Experimental method .,,Project method Visit For more Pdf's Books,,Investigatory method” Pdfbooksforum.com,,Laboratory method,,,,,,Both,General Education,Needs Review,Cannot Determine,No,,0.72,Needs Answer,"Path explicitly groups BEED and BSED. Text extracted by OCR from scanned PDF; reviewer spot-check recommended. OCR text contains answer-key language, but this item was not matched confidently."
716,129,35-36,A. TOPNOTCHER LET REVER PDFBOOKSFORUM.COM.pdf,/Users/lyndon/All reviewers/Sept2026_LET Reviewer Files/C. BEED&BSED REVIEWER BOOKS-/A. TOPNOTCHER LET REVER PDFBOOKSFORUM.COM.pdf,This ts the groundwork for a well-orchestrated classroom which a teacher observes all the time.,,,Routines,,Well lighted classroom,,Classroom management,,Conducive atmosphere,,,,,,Both,Professional Education,Needs Review,Cannot Determine,No,,0.72,Needs Answer,"Path explicitly groups BEED and BSED. Text extracted by OCR from scanned PDF; reviewer spot-check recommended. OCR text contains answer-key language, but this item was not matched confidently."
717,130,36,A. TOPNOTCHER LET REVER PDFBOOKSFORUM.COM.pdf,/Users/lyndon/All reviewers/Sept2026_LET Reviewer Files/C. BEED&BSED REVIEWER BOOKS-/A. TOPNOTCHER LET REVER PDFBOOKSFORUM.COM.pdf,"The cognitive objective that relates to translation, interpretation otcinntein",,,,,Application >,,Comprehension >,,Analysis re),,,,,,Both,General Education,Educational Psychology,Cannot Determine,No,,0.47,Incomplete,"Path explicitly groups BEED and BSED. Text extracted by OCR from scanned PDF; reviewer spot-check recommended. OCR text contains answer-key language, but this item was not matched confidently."
718,131,36,A. TOPNOTCHER LET REVER PDFBOOKSFORUM.COM.pdf,/Users/lyndon/All reviewers/Sept2026_LET Reviewer Files/C. BEED&BSED REVIEWER BOOKS-/A. TOPNOTCHER LET REVER PDFBOOKSFORUM.COM.pdf,Criteria which speaks of the validity. we,,,The stranger test se),,The so-what test,,Compliance with legal requirements AN,,Syntactic correctness <&,,,,,,Both,General Education,Assessment Tools,Cannot Determine,No,,0.72,Needs Answer,"Path explicitly groups BEED and BSED. Text extracted by OCR from scanned PDF; reviewer spot-check recommended. OCR text contains answer-key language, but this item was not matched confidently."
719,132,36,A. TOPNOTCHER LET REVER PDFBOOKSFORUM.COM.pdf,/Users/lyndon/All reviewers/Sept2026_LET Reviewer Files/C. BEED&BSED REVIEWER BOOKS-/A. TOPNOTCHER LET REVER PDFBOOKSFORUM.COM.pdf,ss antag wrong with her tests?,,,C: approve oFaial,,Unclear directions,,,,Ambiguity >,,,,,,Both,General Education,Needs Review,Cannot Determine,No,,0.47,Incomplete,"Path explicitly groups BEED and BSED. Text extracted by OCR from scanned PDF; reviewer spot-check recommended. OCR text contains answer-key language, but this item was not matched confidently."
720,133,36,A. TOPNOTCHER LET REVER PDFBOOKSFORUM.COM.pdf,/Users/lyndon/All reviewers/Sept2026_LET Reviewer Files/C. BEED&BSED REVIEWER BOOKS-/A. TOPNOTCHER LET REVER PDFBOOKSFORUM.COM.pdf,Which indicator ful for assessing quality of schooling?,,,Drop-out rate,,Scores have three modes Visit For more Pdf's Book,,Median is greater than the mean Pdfbooksforum.com,,Scores are normally distributed,,,,,,Both,General Education,Needs Review,Cannot Determine,No,,0.72,Needs Answer,"Path explicitly groups BEED and BSED. Text extracted by OCR from scanned PDF; reviewer spot-check recommended. OCR text contains answer-key language, but this item was not matched confidently."
721,135,36-37,A. TOPNOTCHER LET REVER PDFBOOKSFORUM.COM.pdf,/Users/lyndon/All reviewers/Sept2026_LET Reviewer Files/C. BEED&BSED REVIEWER BOOKS-/A. TOPNOTCHER LET REVER PDFBOOKSFORUM.COM.pdf,Which of the following test item can best cflectively measure higher order of cognitive Icarning objectives?,,,Achievement test,,Completion test,,,,Extended cssay test,,,,D,,Both,General Education,Educational Psychology,Cannot Determine,No,,0.70,Incomplete,Path explicitly groups BEED and BSED. Text extracted by OCR from scanned PDF; reviewer spot-check recommended. Correct answer sourced from detected answer key section.
722,136,37,A. TOPNOTCHER LET REVER PDFBOOKSFORUM.COM.pdf,/Users/lyndon/All reviewers/Sept2026_LET Reviewer Files/C. BEED&BSED REVIEWER BOOKS-/A. TOPNOTCHER LET REVER PDFBOOKSFORUM.COM.pdf,Which of the following is the most reliable tool for determining the students” ot write? \,,,Portfolio assessment >,,Evaluation instrument >,,,,Rubric <<,,,,,,Both,General Education,Needs Review,Cannot Determine,No,,0.47,Incomplete,"Path explicitly groups BEED and BSED. Text extracted by OCR from scanned PDF; reviewer spot-check recommended. OCR text contains answer-key language, but this item was not matched confidently."
723,137,37,A. TOPNOTCHER LET REVER PDFBOOKSFORUM.COM.pdf,/Users/lyndon/All reviewers/Sept2026_LET Reviewer Files/C. BEED&BSED REVIEWER BOOKS-/A. TOPNOTCHER LET REVER PDFBOOKSFORUM.COM.pdf,"Test should be non-threatening, but which of the boas Ha",,,Self-record of test scores,,Surprise quiz,,Submission of report,,,,,,B,,Both,General Education,Assessment Tools,Cannot Determine,No,,0.70,Incomplete,Path explicitly groups BEED and BSED. Text extracted by OCR from scanned PDF; reviewer spot-check recommended. Correct answer sourced from detected answer key section.
724,138,37,A. TOPNOTCHER LET REVER PDFBOOKSFORUM.COM.pdf,/Users/lyndon/All reviewers/Sept2026_LET Reviewer Files/C. BEED&BSED REVIEWER BOOKS-/A. TOPNOTCHER LET REVER PDFBOOKSFORUM.COM.pdf,What type of educational decision it involves acecpting or rejecting the examinee based on the result of,,question_image_page_37_q138,Selection,,Grading,,,,Instructional,,,,,,Both,General Education,Needs Review,Cannot Determine,Yes,,0.47,Incomplete,"Path explicitly groups BEED and BSED. Text extracted by OCR from scanned PDF; reviewer spot-check recommended. OCR text contains answer-key language, but this item was not matched confidently. Scanned source page has visual-reference language; crop must be reviewed/extracted manually."
725,139,37,A. TOPNOTCHER LET REVER PDFBOOKSFORUM.COM.pdf,/Users/lyndon/All reviewers/Sept2026_LET Reviewer Files/C. BEED&BSED REVIEWER BOOKS-/A. TOPNOTCHER LET REVER PDFBOOKSFORUM.COM.pdf,"Student r (SLO) is best described by: I. The totality of accumulated knowledge, skill that students develop during a course of study. I. As basis for assessing lcaming in Outcome-hased Education. If. There are several factors to consider i a particular studcnt Icarning outcome (SLO). AT& seme Visit For more Pdf's Book: Ab ul Pdfbooksforum.com D.Tonly",,,,,,,,,,,,,C,,Both,General Education,Needs Review,Cannot Determine,No,,0.70,Incomplete,Path explicitly groups BEED and BSED. Text extracted by OCR from scanned PDF; reviewer spot-check recommended. Correct answer sourced from detected answer key section.
726,140,37-38,A. TOPNOTCHER LET REVER PDFBOOKSFORUM.COM.pdf,/Users/lyndon/All reviewers/Sept2026_LET Reviewer Files/C. BEED&BSED REVIEWER BOOKS-/A. TOPNOTCHER LET REVER PDFBOOKSFORUM.COM.pdf,Assessment emphasizes the use of feedback and helps in development of learners. What characteristic of 21st century assessment is described?,,,Communicated = <p Visit For more Pdf's Book,,,,,,Si ically i Pdfbooksforum.com,,,,C,,Both,Assessment of Learning,Assessment Tools,Cannot Determine,No,,0.70,Incomplete,Path explicitly groups BEED and BSED. Text extracted by OCR from scanned PDF; reviewer spot-check recommended. Correct answer sourced from detected answer key section.
727,141,38-39,A. TOPNOTCHER LET REVER PDFBOOKSFORUM.COM.pdf,/Users/lyndon/All reviewers/Sept2026_LET Reviewer Files/C. BEED&BSED REVIEWER BOOKS-/A. TOPNOTCHER LET REVER PDFBOOKSFORUM.COM.pdf,Which is a performance task for process-oricnted activity?,,,Recite an oration,,Develop a website for an institution,,Design a project plan,,Construct 2 nipa hut model using cogon grass,,,,,,Both,General Education,Needs Review,Cannot Determine,No,,0.72,Needs Answer,"Path explicitly groups BEED and BSED. Text extracted by OCR from scanned PDF; reviewer spot-check recommended. OCR text contains answer-key language, but this item was not matched confidently."
728,142,39,A. TOPNOTCHER LET REVER PDFBOOKSFORUM.COM.pdf,/Users/lyndon/All reviewers/Sept2026_LET Reviewer Files/C. BEED&BSED REVIEWER BOOKS-/A. TOPNOTCHER LET REVER PDFBOOKSFORUM.COM.pdf,Which of the following statements is a content standard?,,,The students demonstrate oral language proficiency and fluency in various social,,The leamer proficiently renders rhetorical pieces. =,,"Observe the use of the rising and falling intonation, rising intonation, and ion of both intonation patterns in utterance. >",,None of the above ey,,,,,,Both,General Education,Needs Review,Cannot Determine,No,,0.72,Needs Answer,"Path explicitly groups BEED and BSED. Text extracted by OCR from scanned PDF; reviewer spot-check recommended. OCR text contains answer-key language, but this item was not matched confidently."
729,143,39,A. TOPNOTCHER LET REVER PDFBOOKSFORUM.COM.pdf,/Users/lyndon/All reviewers/Sept2026_LET Reviewer Files/C. BEED&BSED REVIEWER BOOKS-/A. TOPNOTCHER LET REVER PDFBOOKSFORUM.COM.pdf,Which of the following is NOT a suggestion for me task’?,,,Maximize the difference of task performance on skills ant to the intended Purpose of the assessment task.,,Focus on Icarning outcomes that require complcx kills and student performances.,,Construct task directions so that the student's indicated.,,Clearly communicate performance expectati of the criteria by which the performances will be judged.,,,,,,Both,General Education,Needs Review,Cannot Determine,No,,0.72,Needs Answer,"Path explicitly groups BEED and BSED. Text extracted by OCR from scanned PDF; reviewer spot-check recommended. OCR text contains answer-key language, but this item was not matched confidently."
730,144,39,A. TOPNOTCHER LET REVER PDFBOOKSFORUM.COM.pdf,/Users/lyndon/All reviewers/Sept2026_LET Reviewer Files/C. BEED&BSED REVIEWER BOOKS-/A. TOPNOTCHER LET REVER PDFBOOKSFORUM.COM.pdf,This is the term used to denote Se interactions and functioning in group setting. x,,,Social relationship &,,Aliaism >,,Locus of control,,Classroom devel:,,,,A,,Both,General Education,Needs Review,Cannot Determine,No,,0.70,Needs Review,Path explicitly groups BEED and BSED. Text extracted by OCR from scanned PDF; reviewer spot-check recommended. Correct answer sourced from detected answer key section. OCR answer-key alignment and choice text must be manually verified before upload.
731,145,39,A. TOPNOTCHER LET REVER PDFBOOKSFORUM.COM.pdf,/Users/lyndon/All reviewers/Sept2026_LET Reviewer Files/C. BEED&BSED REVIEWER BOOKS-/A. TOPNOTCHER LET REVER PDFBOOKSFORUM.COM.pdf,What siete when a student firmly observes his or her own code of values?,,,Altnuis: BS Visit For more Pdf's Book 2 Pdfbooksforum.com,,,,,,,,,,C,,Both,General Education,Ethics,Cannot Determine,No,,0.70,Incomplete,Path explicitly groups BEED and BSED. Text extracted by OCR from scanned PDF; reviewer spot-check recommended. Correct answer sourced from detected answer key section.
732,146,39-41,A. TOPNOTCHER LET REVER PDFBOOKSFORUM.COM.pdf,/Users/lyndon/All reviewers/Sept2026_LET Reviewer Files/C. BEED&BSED REVIEWER BOOKS-/A. TOPNOTCHER LET REVER PDFBOOKSFORUM.COM.pdf,"Luisa, a Grade 9 student firmly believes on her ability on flower arrangement. Luisa therefore, manifests ?",,,Self-cflicacy Beet Visit For more Pdf's Bo a Pdfbooksforum.com,,,,,,Value appreciation PROFESSIONAL EDUCATION - SET A,,,,,,Both,General Education,Needs Review,Cannot Determine,No,,0.47,Incomplete,"Path explicitly groups BEED and BSED. Text extracted by OCR from scanned PDF; reviewer spot-check recommended. OCR text contains answer-key language, but this item was not matched confidently."
733,147,41,A. TOPNOTCHER LET REVER PDFBOOKSFORUM.COM.pdf,/Users/lyndon/All reviewers/Sept2026_LET Reviewer Files/C. BEED&BSED REVIEWER BOOKS-/A. TOPNOTCHER LET REVER PDFBOOKSFORUM.COM.pdf,"Among the common rating scale errors of a teacher, which one occurs when a teacher gives similar ratings to two or more dimensions that the teacher believes to be related where in fact they are not related at all?",,,Rater drift,,Leniency error,,Halo effect,,"Logical error A,",,,,D,,Both,Professional Education,Needs Review,Cannot Determine,No,,0.70,Needs Review,Path explicitly groups BEED and BSED. Text extracted by OCR from scanned PDF; reviewer spot-check recommended. Correct answer sourced from detected answer key section. OCR answer-key alignment and choice text must be manually verified before upload.
734,148,41,A. TOPNOTCHER LET REVER PDFBOOKSFORUM.COM.pdf,/Users/lyndon/All reviewers/Sept2026_LET Reviewer Files/C. BEED&BSED REVIEWER BOOKS-/A. TOPNOTCHER LET REVER PDFBOOKSFORUM.COM.pdf,What assessment scale use adjective pairs that provide anchors for feclings Agon are opposite in direction and intensity? >,,,Semantic Differential Scale >,,Sentence Completion Scale ey,,Likert Seale,,Five-point Scale Q,,,,A,,Both,Assessment of Learning,Grammar,Cannot Determine,No,,0.70,Needs Review,Path explicitly groups BEED and BSED. Text extracted by OCR from scanned PDF; reviewer spot-check recommended. Correct answer sourced from detected answer key section. OCR answer-key alignment and choice text must be manually verified before upload.
735,149,41,A. TOPNOTCHER LET REVER PDFBOOKSFORUM.COM.pdf,/Users/lyndon/All reviewers/Sept2026_LET Reviewer Files/C. BEED&BSED REVIEWER BOOKS-/A. TOPNOTCHER LET REVER PDFBOOKSFORUM.COM.pdf,It refers to the sct of normally distributed standard A standard score of 50. AN,,,Z-score <<,,T-score WN,,Stanine,,None of the above My,,,,D,,Both,General Education,Needs Review,Cannot Determine,No,,0.70,Needs Review,Path explicitly groups BEED and BSED. Text extracted by OCR from scanned PDF; reviewer spot-check recommended. Correct answer sourced from detected answer key section. OCR answer-key alignment and choice text must be manually verified before upload.
736,150,41,A. TOPNOTCHER LET REVER PDFBOOKSFORUM.COM.pdf,/Users/lyndon/All reviewers/Sept2026_LET Reviewer Files/C. BEED&BSED REVIEWER BOOKS-/A. TOPNOTCHER LET REVER PDFBOOKSFORUM.COM.pdf,Which skill is NOT devel assessment?,,,Reflective Thinking,,Convergent Thinking >,,Multi-complex thinki w Visit For more Pdf's Books Q Pdfbooksforum.com ae 222 END***,,,,,,B,,Both,Assessment of Learning,Assessment Tools,Cannot Determine,No,,0.70,Incomplete,Path explicitly groups BEED and BSED. Text extracted by OCR from scanned PDF; reviewer spot-check recommended. Correct answer sourced from detected answer key section.
